ts_recv,ts_event,rtype,publisher_id,instrument_id,action,side,depth,price,size,flags,ts_in_delta,sequence,bid_px_00,ask_px_00,bid_sz_00,ask_sz_00,bid_ct_00,ask_ct_00,symbol
2026-02-24T00:00:30.575915834Z,2026-02-24T00:00:30.549458049Z,1,1,42372979,T,A,0,76.500000000,1,0,13702,347010467,76.500000000,77.000000000,1,40,1,3,ESM6 C7300
2026-02-24T00:11:25.479600447Z,2026-02-24T00:11:25.478953873Z,1,1,2536303,T,A,0,2.000000000,5,0,15629,127812780,2.000000000,2.200000000,392,179,3,1,UD:1V: IC 2536303
2026-02-24T00:12:02.172035480Z,2026-02-24T00:12:02.169069383Z,1,1,42483101,T,B,0,71.750000000,1,0,14220,348014539,71.250000000,71.750000000,32,1,3,1,ESH6 C6950
2026-02-24T00:14:30.145935893Z,2026-02-24T00:14:30.144431433Z,1,1,2536299,T,A,0,35.250000000,100,0,16117,127846225,35.250000000,35.750000000,100,135,1,3,UD:1V: VT 2536299
2026-02-24T00:19:20.849425328Z,2026-02-24T00:19:20.848795629Z,1,1,2536364,T,A,0,-1.200000000,1,0,14082,127897622,-1.200000000,-1.100000000,7,45,1,1,UD:1V: GN 2536364
2026-02-24T00:19:33.230443707Z,2026-02-24T00:19:33.209310215Z,1,1,2536364,T,A,0,-1.150000000,7,0,13396,127898335,-1.150000000,-1.100000000,7,45,1,1,UD:1V: GN 2536364
2026-02-24T00:19:33.235151514Z,2026-02-24T00:19:33.234651381Z,1,1,2536364,T,A,0,-1.150000000,7,0,13316,127898342,-1.150000000,-1.100000000,7,45,1,1,UD:1V: GN 2536364
2026-02-24T00:19:33.238438017Z,2026-02-24T00:19:33.237954679Z,1,1,2536364,T,A,0,-1.150000000,7,0,13370,127898346,-1.150000000,-1.100000000,7,45,1,1,UD:1V: GN 2536364
2026-02-24T00:19:33.241925535Z,2026-02-24T00:19:33.241436263Z,1,1,2536364,T,A,0,-1.150000000,7,0,13350,127898350,-1.150000000,-1.100000000,7,45,1,1,UD:1V: GN 2536364
2026-02-24T00:19:33.245634762Z,2026-02-24T00:19:33.245161637Z,1,1,2536364,T,A,0,-1.150000000,1,0,13706,127898353,-1.150000000,-1.100000000,1,45,1,1,UD:1V: GN 2536364
2026-02-24T00:25:14.548993360Z,2026-02-24T00:25:14.548450495Z,1,1,2534506,T,A,0,21.000000000,1,0,14188,127950255,21.000000000,21.500000000,1,148,1,3,UD:1V: VT 2534506
2026-02-24T00:39:19.502877298Z,2026-02-24T00:39:19.502313687Z,1,1,42429001,T,A,0,1.800000000,50,0,14318,349340016,1.800000000,2.000000000,268,3,3,1,ESH6 P5000
2026-02-24T00:39:25.928591618Z,2026-02-24T00:39:25.927819125Z,1,1,42429064,T,A,0,122.000000000,1,0,14445,349342953,122.000000000,122.500000000,1,26,1,2,ESH6 P6850
2026-02-24T00:45:40.760111210Z,2026-02-24T00:45:40.759763309Z,1,1,42426741,T,A,0,43.000000000,1,0,13252,349650694,43.000000000,43.250000000,1,46,1,2,ESH6 P6500
2026-02-24T00:46:43.417489327Z,2026-02-24T00:46:43.416929125Z,1,1,42394740,T,A,0,31.750000000,1,0,14197,349699576,31.750000000,32.250000000,1,151,1,3,ESM6 P5200
2026-02-24T00:46:54.702220267Z,2026-02-24T00:46:54.701695107Z,1,1,42429064,T,B,0,120.500000000,1,0,14676,349713632,120.000000000,120.500000000,30,1,4,1,ESH6 P6850
2026-02-24T00:48:41.196246903Z,2026-02-24T00:48:41.195789937Z,1,1,2579114,T,A,0,0.700000000,10,0,13495,128099622,0.700000000,0.900000000,10,57,1,1,UD:1V: VT 2579114
2026-02-24T00:48:54.551915799Z,2026-02-24T00:48:54.551498667Z,1,1,2579099,T,A,0,2.800000000,10,0,14991,128100999,2.800000000,2.950000000,10,136,1,2,UD:1V: VT 2579099
2026-02-24T00:49:33.595654699Z,2026-02-24T00:49:33.437063993Z,1,1,42426741,T,A,0,42.250000000,1,0,11403,349842760,42.250000000,42.500000000,1,40,1,1,ESH6 P6500
2026-02-24T00:50:09.676115043Z,2026-02-24T00:50:09.675757967Z,1,1,42426741,T,B,0,42.000000000,1,0,13997,349877383,41.500000000,42.000000000,53,1,4,1,ESH6 P6500
2026-02-24T00:50:13.368268153Z,2026-02-24T00:50:13.218049831Z,1,1,42427508,T,A,0,18.200000000,4,0,12863,349885739,18.200000000,18.500000000,4,42,1,1,ESH6 C7100
2026-02-24T00:53:36.067264265Z,2026-02-24T00:53:36.054978115Z,1,1,2536676,T,A,0,2.400000000,1,0,15168,128149523,2.400000000,3.200000000,20,2,1,1,UD:1V: GN 2536676
2026-02-24T00:53:50.150430415Z,2026-02-24T00:53:50.149888747Z,1,1,42426741,T,A,0,42.500000000,1,0,13415,350015533,42.500000000,42.750000000,1,47,1,3,ESH6 P6500
2026-02-24T00:54:06.200648429Z,2026-02-24T00:54:06.199854513Z,1,1,2536676,T,A,0,2.400000000,1,0,13886,128151879,2.400000000,3.050000000,19,2,1,1,UD:1V: GN 2536676
2026-02-24T00:54:18.224641083Z,2026-02-24T00:54:18.223890141Z,1,1,2536676,T,A,0,2.400000000,1,0,14352,128152747,2.400000000,3.050000000,18,2,1,1,UD:1V: GN 2536676
2026-02-24T00:54:57.636397303Z,2026-02-24T00:54:57.635880817Z,1,1,2536676,T,A,0,2.400000000,1,0,14138,128160631,2.400000000,3.050000000,17,2,1,1,UD:1V: GN 2536676
2026-02-24T00:55:06.347368738Z,2026-02-24T00:55:06.346811703Z,1,1,2536676,T,A,0,2.400000000,1,0,14049,128161353,2.400000000,3.050000000,16,2,1,1,UD:1V: GN 2536676
2026-02-24T00:55:23.801399525Z,2026-02-24T00:55:23.800871513Z,1,1,2536676,T,A,0,2.300000000,1,0,14623,128162807,2.300000000,2.900000000,15,2,1,1,UD:1V: GN 2536676
2026-02-24T00:55:23.801864160Z,2026-02-24T00:55:23.801402985Z,1,1,2536676,T,A,0,2.300000000,2,0,11597,128162809,2.300000000,2.900000000,14,2,1,1,UD:1V: GN 2536676
2026-02-24T00:55:26.402396712Z,2026-02-24T00:55:26.401643671Z,1,1,2536676,T,A,0,2.300000000,1,0,15002,128163285,2.300000000,2.900000000,12,2,1,1,UD:1V: GN 2536676
2026-02-24T00:55:46.449066867Z,2026-02-24T00:55:46.448310095Z,1,1,2536676,T,A,0,2.300000000,1,0,13741,128169277,2.300000000,2.800000000,11,2,1,1,UD:1V: GN 2536676
2026-02-24T00:55:47.543485752Z,2026-02-24T00:55:47.542958665Z,1,1,2536084,T,B,0,2.400000000,5,0,14962,128169324,2.350000000,2.400000000,322,5,2,1,UD:1V: VT 2536084
2026-02-24T00:55:48.302369123Z,2026-02-24T00:55:48.301797769Z,1,1,2536676,T,A,0,2.300000000,10,0,14719,128169840,2.300000000,2.600000000,10,2,1,1,UD:1V: GN 2536676
2026-02-24T00:57:12.162029322Z,2026-02-24T00:57:12.155530431Z,1,1,42429064,T,B,0,121.000000000,1,0,14045,350166312,120.500000000,121.000000000,26,1,3,1,ESH6 P6850
2026-02-24T01:01:41.183195275Z,2026-02-24T01:01:41.127308601Z,1,1,42426741,T,B,0,43.250000000,1,0,11263,350442266,42.750000000,43.250000000,47,1,3,1,ESH6 P6500
2026-02-24T01:08:57.090118586Z,2026-02-24T01:08:57.088579667Z,1,1,42427508,T,B,0,18.000000000,4,0,14427,350896381,17.800000000,18.000000000,17,4,2,1,ESH6 C7100
2026-02-24T01:14:30.103721894Z,2026-02-24T01:14:30.103441309Z,1,1,42427508,T,A,0,18.000000000,1,0,13825,351173781,18.000000000,18.200000000,1,49,1,2,ESH6 C7100
2026-02-24T01:16:23.919956712Z,2026-02-24T01:16:23.900903207Z,1,1,42435427,T,B,0,90.500000000,5,0,12360,351294646,90.000000000,90.500000000,35,5,4,1,ESH6 P6750
2026-02-24T01:16:41.315440407Z,2026-02-24T01:16:41.315069749Z,1,1,42429674,T,A,0,79.000000000,1,0,14547,351322717,79.000000000,79.250000000,1,37,1,3,ESH6 P6700
2026-02-24T01:18:11.155838109Z,2026-02-24T01:18:11.155457679Z,1,1,42431179,T,B,0,1.450000000,30,0,13793,351429678,1.350000000,1.450000000,241,30,2,1,ESH6 P4800
2026-02-24T01:22:13.661364899Z,2026-02-24T01:22:13.575739895Z,1,1,42427500,T,A,0,23.750000000,1,0,11318,351683197,23.750000000,24.000000000,1,1,1,1,ESH6 P6300
2026-02-24T01:22:58.092573371Z,2026-02-24T01:22:58.092213627Z,1,1,2536950,T,A,0,16.300000000,1,0,14523,128456303,16.300000000,16.400000000,1,49,1,1,UD:1V: VT 2536950
2026-02-24T01:29:30.933330479Z,2026-02-24T01:29:30.932797733Z,1,1,42366512,T,A,0,54.250000000,1,0,12731,352167691,54.250000000,55.500000000,10,16,3,4,ESM6 P5700
2026-02-24T01:29:44.758645237Z,2026-02-24T01:29:44.758084819Z,1,1,42427507,T,A,0,165.000000000,2,0,14845,352179567,165.000000000,165.500000000,2,5,1,2,ESH6 C6800
2026-02-24T01:35:46.582447722Z,2026-02-24T01:35:46.582054787Z,1,1,42394731,T,B,0,25.750000000,1,0,13794,352625259,25.500000000,25.750000000,190,1,3,1,ESM6 P5000
2026-02-24T01:35:48.125492978Z,2026-02-24T01:35:48.124929027Z,1,1,2537131,T,A,0,32.500000000,1,0,15123,128626403,32.500000000,,1,0,1,0,UD:1V: VT 2537131
2026-02-24T01:36:03.656808870Z,2026-02-24T01:36:03.656225575Z,1,1,2855238,T,B,0,1.150000000,10,0,14236,128629198,1.100000000,1.150000000,178,10,2,1,UD:1V: VT 2855238
2026-02-24T01:36:41.632211042Z,2026-02-24T01:36:41.631682747Z,1,1,42429001,T,B,0,1.950000000,10,0,15146,352677316,1.800000000,1.950000000,237,10,2,1,ESH6 P5000
2026-02-24T01:36:47.108350503Z,2026-02-24T01:36:47.107742179Z,1,1,2536898,T,B,0,155.500000000,70,0,14498,128635335,154.000000000,155.500000000,6,70,1,1,UD:1V: GN 2536898
2026-02-24T01:37:39.151990443Z,2026-02-24T01:37:39.084756751Z,1,1,2537126,T,A,0,32.000000000,1,0,13885,128641675,32.000000000,32.250000000,1,68,1,1,UD:1V: VT 2537126
2026-02-24T01:37:57.230217184Z,2026-02-24T01:37:57.229640659Z,1,1,2537144,T,A,0,130.500000000,70,0,13863,128645785,130.500000000,133.500000000,70,45,1,1,UD:1V: GN 2537144
2026-02-24T01:39:30.317866495Z,2026-02-24T01:39:30.317364169Z,1,1,42429001,T,B,0,1.900000000,10,0,14633,352821998,1.700000000,1.900000000,97,10,3,1,ESH6 P5000
2026-02-24T01:39:47.564729591Z,2026-02-24T01:39:47.564151623Z,1,1,2855238,T,B,0,1.150000000,10,0,14177,128660272,1.100000000,1.150000000,271,10,3,1,UD:1V: VT 2855238
2026-02-24T01:42:30.203124619Z,2026-02-24T01:42:30.202355601Z,1,1,42372969,T,B,0,210.500000000,1,0,14482,352995424,208.500000000,210.500000000,7,7,3,3,ESM6 C7000
2026-02-24T01:42:54.394426237Z,2026-02-24T01:42:54.253896275Z,1,1,42426741,T,A,0,42.250000000,1,0,13753,353026655,42.250000000,42.750000000,1,41,1,2,ESH6 P6500
2026-02-24T01:44:21.680472884Z,2026-02-24T01:44:21.679932173Z,1,1,42384724,T,B,0,113.000000000,2,0,13160,353099605,112.000000000,113.000000000,39,3,4,1,ESM6 C7200
2026-02-24T01:56:28.597259335Z,2026-02-24T01:56:28.596712153Z,1,1,42378618,T,B,0,255.500000000,15,0,14134,353661102,255.000000000,255.500000000,28,100,3,1,ESM6 P6900
2026-02-24T02:01:14.880413477Z,2026-02-24T02:01:14.759028921Z,1,1,42608050,T,A,0,61.000000000,2,0,11432,353876960,61.000000000,61.500000000,2,27,1,1,ESH6 C6975
2026-02-24T02:01:25.784820589Z,2026-02-24T02:01:25.784488815Z,1,1,42427508,T,A,0,18.400000000,3,0,14180,353886742,18.400000000,18.600000000,3,48,1,2,ESH6 C7100
2026-02-24T02:01:35.293107727Z,2026-02-24T02:01:35.292130539Z,1,1,42483101,T,B,0,73.000000000,2,0,14460,353894027,72.500000000,73.000000000,15,2,4,1,ESH6 C6950
2026-02-24T02:13:46.955842679Z,2026-02-24T02:13:46.898843653Z,1,1,42384724,T,B,0,113.000000000,1,0,11389,354446393,112.500000000,113.000000000,2,1,1,1,ESM6 C7200
2026-02-24T02:14:50.156253485Z,2026-02-24T02:14:50.047368959Z,1,1,2537454,T,B,0,9.800000000,1,0,13661,128958128,9.700000000,9.800000000,379,1,3,1,UD:1V: VT 2537454
2026-02-24T02:15:37.585149477Z,2026-02-24T02:15:37.584641559Z,1,1,42426741,T,B,0,41.500000000,1,0,13934,354552855,41.250000000,41.500000000,46,1,4,1,ESH6 P6500
2026-02-24T02:16:52.860800629Z,2026-02-24T02:16:52.860286507Z,1,1,42439347,T,A,0,136.000000000,1,0,16105,354611507,136.000000000,138.000000000,74,70,4,3,ESU6 P6000
2026-02-24T02:20:03.341794339Z,2026-02-24T02:20:03.339968021Z,1,1,42429064,T,A,0,117.500000000,1,0,14125,354732449,117.500000000,118.000000000,1,27,1,3,ESH6 P6850
2026-02-24T02:24:11.128102719Z,2026-02-24T02:24:11.126616637Z,1,1,2534506,T,B,0,22.250000000,1,0,14064,129043680,21.750000000,22.250000000,73,1,2,1,UD:1V: VT 2534506
2026-02-24T02:24:12.305663269Z,2026-02-24T02:24:12.278064279Z,1,1,42426741,T,A,0,41.250000000,1,0,14356,354920792,41.250000000,41.750000000,1,49,1,3,ESH6 P6500
2026-02-24T02:24:36.304398280Z,2026-02-24T02:24:36.281878661Z,1,1,2534964,T,B,0,3.750000000,1,0,14297,129049696,3.550000000,3.750000000,263,1,2,1,UD:1V: VT 2534964
2026-02-24T02:24:48.847329674Z,2026-02-24T02:24:48.845050797Z,1,1,42483101,T,B,0,75.000000000,1,0,12476,354951589,74.500000000,75.000000000,11,1,3,1,ESH6 C6950
2026-02-24T02:25:00.694735536Z,2026-02-24T02:25:00.694259337Z,1,1,42895795,T,B,0,122.000000000,2,0,15286,354978861,121.500000000,122.000000000,22,3,2,1,ESH6 C6870
2026-02-24T02:25:31.359115479Z,2026-02-24T02:25:31.358880145Z,1,1,42431944,T,A,0,10.400000000,1,0,14539,355008068,10.400000000,10.600000000,1,143,1,2,ESH6 P6000
2026-02-24T02:25:54.909922682Z,2026-02-24T02:25:54.846520191Z,1,1,42895795,T,B,0,122.000000000,1,0,11223,355029357,121.500000000,122.000000000,21,1,1,1,ESH6 C6870
2026-02-24T02:26:06.337134453Z,2026-02-24T02:26:06.336639145Z,1,1,42804077,T,B,0,8.600000000,1,0,15058,355046183,8.500000000,8.600000000,33,1,2,1,ESH6 P5925
2026-02-24T02:27:31.930501429Z,2026-02-24T02:27:31.929996859Z,1,1,42430443,T,A,0,0.200000000,5,0,14217,355092947,0.200000000,0.300000000,5,95,1,3,ESH6 C7600
2026-02-24T02:33:30.849712269Z,2026-02-24T02:33:30.722861333Z,1,1,2534964,T,B,0,3.850000000,1,0,14198,129122372,3.750000000,3.850000000,120,1,1,1,UD:1V: VT 2534964
2026-02-24T02:35:12.814717149Z,2026-02-24T02:35:12.814199593Z,1,1,42430464,T,A,0,5.300000000,1,0,13978,355373564,5.300000000,5.500000000,1,175,1,3,ESH6 C7200
2026-02-24T02:35:52.345348759Z,2026-02-24T02:35:52.344757013Z,1,1,42427500,T,A,0,22.500000000,25,0,14834,355397669,22.500000000,22.750000000,25,11,1,3,ESH6 P6300
2026-02-24T03:04:30.288762296Z,2026-02-24T03:04:30.288294205Z,1,1,42378618,T,B,0,250.000000000,50,0,17606,356451901,249.500000000,250.000000000,31,50,4,1,ESM6 P6900
2026-02-24T03:05:09.364541741Z,2026-02-24T03:05:09.358935891Z,1,1,42426741,T,B,0,40.500000000,3,0,14018,356469828,40.250000000,40.500000000,1,3,1,1,ESH6 P6500
2026-02-24T03:05:33.159712053Z,2026-02-24T03:05:33.121432945Z,1,1,42378618,T,B,0,250.500000000,23,0,13055,356479161,250.000000000,250.500000000,24,50,2,1,ESM6 P6900
2026-02-24T03:05:33.194260667Z,2026-02-24T03:05:33.136249445Z,1,1,42378618,T,B,0,250.500000000,23,0,14275,356480023,250.000000000,250.500000000,24,27,2,1,ESM6 P6900
2026-02-24T03:05:40.157877183Z,2026-02-24T03:05:40.157339579Z,1,1,42378618,T,B,0,250.500000000,4,0,15370,356485821,250.000000000,250.500000000,25,4,3,1,ESM6 P6900
2026-02-24T03:06:05.424347682Z,2026-02-24T03:06:05.423788823Z,1,1,42430453,T,B,0,16.800000000,1,0,13686,356509604,16.400000000,16.800000000,47,1,3,1,ESH6 P6200
2026-02-24T03:23:07.827588946Z,2026-02-24T03:23:07.826153261Z,1,1,42874379,T,B,0,87.500000000,1,0,15395,356970590,87.000000000,87.500000000,1,1,1,1,ESH6 C6930
2026-02-24T03:26:16.967652755Z,2026-02-24T03:26:16.967082819Z,1,1,2537986,T,B,0,14.700000000,1,0,14074,129410652,14.600000000,14.700000000,240,1,2,1,UD:1V: VT 2537986
2026-02-24T03:30:30.046682226Z,2026-02-24T03:30:30.046135781Z,1,1,42378618,T,B,0,250.000000000,1,0,13499,357213684,249.500000000,250.000000000,29,50,4,1,ESM6 P6900
2026-02-24T03:30:30.046891975Z,2026-02-24T03:30:30.046135957Z,1,1,42378618,T,B,0,250.000000000,4,0,13401,357213686,249.500000000,250.000000000,29,49,4,1,ESM6 P6900
2026-02-24T03:30:30.046934098Z,2026-02-24T03:30:30.046136139Z,1,1,42378618,T,B,0,250.000000000,35,0,11757,357213687,249.500000000,250.000000000,29,45,4,1,ESM6 P6900
2026-02-24T03:30:30.047206455Z,2026-02-24T03:30:30.046136313Z,1,1,42378618,T,B,0,250.000000000,10,0,14149,357213688,249.500000000,250.000000000,29,10,4,1,ESM6 P6900
2026-02-24T03:30:38.100004399Z,2026-02-24T03:30:38.082757621Z,1,1,2538133,T,A,0,16.000000000,3,0,13419,129436277,16.000000000,19.400000000,10,1,1,1,UD:1V: GN 2538133
2026-02-24T03:30:55.082021240Z,2026-02-24T03:30:55.078484537Z,1,1,2538133,T,A,0,16.000000000,7,0,15324,129439298,16.000000000,17.100000000,7,1,1,1,UD:1V: GN 2538133
2026-02-24T03:31:22.251606029Z,2026-02-24T03:31:22.251052191Z,1,1,42378618,T,B,0,250.500000000,35,0,15668,357249785,250.000000000,250.500000000,25,35,3,1,ESM6 P6900
2026-02-24T03:36:42.942766767Z,2026-02-24T03:36:42.942292843Z,1,1,42394740,T,B,0,31.000000000,1,0,13704,357408310,30.500000000,31.000000000,172,1,4,1,ESM6 P5200
2026-02-24T03:40:21.733177531Z,2026-02-24T03:40:21.732731261Z,1,1,42426741,T,A,0,40.250000000,1,0,14089,357528993,40.250000000,40.750000000,1,41,1,1,ESH6 P6500
2026-02-24T03:41:49.021784563Z,2026-02-24T03:41:49.021250639Z,1,1,42431946,T,B,0,132.500000000,2,0,13850,357573100,132.000000000,132.500000000,31,2,3,1,ESH6 P6900
2026-02-24T03:44:44.841973219Z,2026-02-24T03:44:44.715886083Z,1,1,2536299,T,B,0,33.250000000,12,0,14477,129495327,,33.250000000,0,12,0,4,UD:1V: VT 2536299
2026-02-24T03:46:49.447255528Z,2026-02-24T03:46:49.446685895Z,1,1,2538241,T,A,0,-23.500000000,2,0,14272,129503670,-23.500000000,-23.000000000,2,18,1,2,UD:1V: GN 2538241
2026-02-24T03:48:45.738465048Z,2026-02-24T03:48:45.737896919Z,1,1,2536299,T,B,0,33.250000000,1,0,14737,129512369,33.000000000,33.250000000,148,1,3,1,UD:1V: VT 2536299
2026-02-24T03:49:30.025113666Z,2026-02-24T03:49:30.024644063Z,1,1,42431181,T,A,0,55.000000000,1,0,14217,357794548,55.000000000,55.250000000,1,41,1,2,ESH6 P6600
2026-02-24T03:57:36.163169043Z,2026-02-24T03:57:36.162602297Z,1,1,2538345,T,B,0,-29.250000000,1,0,14374,129542870,-30.000000000,-29.250000000,45,1,2,1,UD:1V: 12 2538345
2026-02-24T04:08:30.573304101Z,2026-02-24T04:08:30.493885927Z,1,1,42431945,T,A,0,99.000000000,2,0,12415,358256909,99.000000000,99.250000000,2,24,1,1,ESH6 P6800
2026-02-24T04:18:55.099508738Z,2026-02-24T04:18:55.098977403Z,1,1,42426741,T,B,0,41.000000000,10,0,14741,358519979,40.750000000,41.000000000,10,41,1,1,ESH6 P6500
2026-02-24T04:24:23.390854291Z,2026-02-24T04:24:23.390316127Z,1,1,42429674,T,B,0,73.250000000,1,0,13426,358697711,72.750000000,73.250000000,18,1,4,1,ESH6 P6700
2026-02-24T04:29:50.365618053Z,2026-02-24T04:29:50.365116257Z,1,1,42499828,T,B,0,10.200000000,1,0,13811,358823965,10.100000000,10.200000000,55,1,3,1,ESH6 C7150
2026-02-24T04:31:06.443661482Z,2026-02-24T04:31:06.443155653Z,1,1,42430464,T,B,0,5.200000000,1,0,13910,358879485,5.100000000,5.200000000,24,1,1,1,ESH6 C7200
2026-02-24T04:40:32.567744763Z,2026-02-24T04:40:32.567414711Z,1,1,42426740,T,A,0,12.900000000,3,0,14553,359128324,12.900000000,13.100000000,3,113,1,1,ESH6 P6100
2026-02-24T04:49:17.688509467Z,2026-02-24T04:49:17.686164781Z,1,1,42426741,T,A,0,40.250000000,1,0,11324,359366383,40.250000000,40.500000000,1,47,1,3,ESH6 P6500
2026-02-24T04:51:32.847593475Z,2026-02-24T04:51:32.847065921Z,1,1,42366510,T,B,0,161.000000000,10,0,13427,359439684,160.000000000,161.000000000,3,31,2,2,ESM6 C7100
2026-02-24T04:51:33.163104330Z,2026-02-24T04:51:33.162604239Z,1,1,42399706,T,A,0,189.500000000,6,0,14069,359439853,189.500000000,190.000000000,10,36,1,3,ESM6 P6700
2026-02-24T04:53:37.737543909Z,2026-02-24T04:53:37.737201255Z,1,1,42399706,T,A,0,190.000000000,4,0,14120,359494736,190.000000000,190.500000000,4,35,1,3,ESM6 P6700
2026-02-24T04:55:14.062911816Z,2026-02-24T04:55:14.062417357Z,1,1,42399706,T,A,0,189.500000000,10,0,14196,359537121,189.500000000,190.000000000,10,29,1,2,ESM6 P6700
2026-02-24T04:55:18.975492809Z,2026-02-24T04:55:18.974957999Z,1,1,42896835,T,B,0,35.750000000,25,0,13390,359539819,35.500000000,35.750000000,25,48,1,3,ESH6 P6460
2026-02-24T04:59:32.171756117Z,2026-02-24T04:59:32.164030055Z,1,1,42384724,T,A,0,115.000000000,2,0,14323,359640655,115.000000000,116.500000000,3,39,2,4,ESM6 C7200
2026-02-24T05:00:03.122745008Z,2026-02-24T05:00:03.122214047Z,1,1,42431181,T,B,0,54.250000000,15,0,15224,359652886,53.750000000,54.250000000,15,15,3,1,ESH6 P6600
2026-02-24T05:00:03.149926568Z,2026-02-24T05:00:03.149478201Z,1,1,42366510,T,A,0,160.500000000,10,0,14472,359652944,160.500000000,161.000000000,10,31,1,2,ESM6 C7100
2026-02-24T05:00:30.622248677Z,2026-02-24T05:00:30.621291109Z,1,1,42429687,T,A,0,52.250000000,15,0,14074,359664334,52.250000000,52.500000000,15,36,1,2,ESH6 C7000
2026-02-24T05:01:52.521147415Z,2026-02-24T05:01:52.520824149Z,1,1,42366510,T,A,0,160.500000000,10,0,13721,359739300,160.500000000,161.000000000,10,33,1,3,ESM6 C7100
2026-02-24T05:01:54.874699078Z,2026-02-24T05:01:54.874381119Z,1,1,42399706,T,A,0,190.000000000,10,0,15653,359740024,190.000000000,190.500000000,10,37,1,4,ESM6 P6700
2026-02-24T05:02:03.839738815Z,2026-02-24T05:02:03.839405595Z,1,1,42399706,T,A,0,190.000000000,10,0,13505,359753329,190.000000000,190.500000000,10,59,1,4,ESM6 P6700
2026-02-24T05:04:28.982242627Z,2026-02-24T05:04:28.853757981Z,1,1,42431946,T,A,0,132.000000000,20,0,10684,359814519,132.000000000,132.500000000,20,24,1,2,ESH6 P6900
2026-02-24T05:04:29.015836554Z,2026-02-24T05:04:28.868276579Z,1,1,42426741,T,A,0,40.000000000,22,0,11347,359815359,40.000000000,40.250000000,22,42,2,2,ESH6 P6500
2026-02-24T05:05:29.065291922Z,2026-02-24T05:05:29.064747555Z,1,1,42366510,T,A,0,161.500000000,10,0,14354,359876910,161.500000000,162.000000000,10,1,1,1,ESM6 C7100
2026-02-24T05:05:57.580793434Z,2026-02-24T05:05:57.573367471Z,1,1,42439505,T,A,0,65.500000000,1,0,13934,359891696,65.500000000,66.000000000,1,60,1,2,ESU6 P5250
2026-02-24T05:08:26.789076917Z,2026-02-24T05:08:26.788306495Z,1,1,2539570,T,B,0,171.000000000,60,0,14005,129832292,170.500000000,171.000000000,30,88,1,2,UD:1V: HO 2539570
2026-02-24T05:08:42.727309111Z,2026-02-24T05:08:42.726961291Z,1,1,42435427,T,B,0,83.750000000,5,0,14416,359983464,83.250000000,83.750000000,6,5,2,1,ESH6 P6750
2026-02-24T05:09:49.136663923Z,2026-02-24T05:09:49.136316011Z,1,1,42366510,T,A,0,162.000000000,10,0,13942,360010659,162.000000000,162.500000000,10,38,1,5,ESM6 C7100
2026-02-24T05:09:55.526395302Z,2026-02-24T05:09:55.525828455Z,1,1,42399706,T,A,0,189.000000000,10,0,17145,360012454,189.000000000,189.500000000,10,3,1,2,ESM6 P6700
2026-02-24T05:10:47.564287211Z,2026-02-24T05:10:47.563761221Z,1,1,42431944,T,B,0,9.800000000,10,0,13888,360038016,9.600000000,9.800000000,63,10,3,1,ESH6 P6000
2026-02-24T05:14:25.167854530Z,2026-02-24T05:14:25.164850301Z,1,1,42427508,T,B,0,19.600000000,2,0,14440,360130791,19.400000000,19.600000000,15,2,2,1,ESH6 C7100
2026-02-24T05:15:14.433269730Z,2026-02-24T05:15:14.432938923Z,1,1,42366510,T,A,0,162.000000000,10,0,13601,360153422,162.000000000,162.500000000,10,38,1,5,ESM6 C7100
2026-02-24T05:16:32.910725459Z,2026-02-24T05:16:32.910220853Z,1,1,42399706,T,A,0,190.000000000,6,0,20165,360218779,190.000000000,190.500000000,10,39,1,4,ESM6 P6700
2026-02-24T05:16:32.910951201Z,2026-02-24T05:16:32.910221031Z,1,1,42399706,T,A,0,190.000000000,4,0,13788,360218781,190.000000000,190.500000000,4,39,1,4,ESM6 P6700
2026-02-24T05:16:32.982993308Z,2026-02-24T05:16:32.982477877Z,1,1,2539446,T,B,0,120.500000000,1,0,15102,129859650,119.500000000,120.500000000,11,1,2,1,UD:1V: SG 2539446
2026-02-24T05:18:00.617186728Z,2026-02-24T05:18:00.608904767Z,1,1,42399706,T,A,0,190.500000000,2,0,12485,360294444,190.500000000,191.000000000,2,1,1,1,ESM6 P6700
2026-02-24T05:18:48.543069395Z,2026-02-24T05:18:48.531479941Z,1,1,2538651,T,A,0,-59.250000000,20,0,14262,129879496,-59.250000000,-58.000000000,20,3,1,1,UD:1V: 12 2538651
2026-02-24T05:19:12.445555294Z,2026-02-24T05:19:12.445067037Z,1,1,42399706,T,A,0,191.000000000,2,0,16504,360340744,191.000000000,191.500000000,2,41,1,5,ESM6 P6700
2026-02-24T05:19:53.401268234Z,2026-02-24T05:19:53.400912471Z,1,1,42384872,T,A,0,204.500000000,5,0,13701,360365412,204.500000000,205.000000000,5,40,1,5,ESM6 P6750
2026-02-24T05:19:57.284948803Z,2026-02-24T05:19:57.284452349Z,1,1,42384872,T,A,0,204.500000000,5,0,13799,360367928,204.500000000,205.000000000,5,33,1,4,ESM6 P6750
2026-02-24T05:22:06.313021405Z,2026-02-24T05:22:06.312671887Z,1,1,42431944,T,A,0,10.200000000,10,0,13471,360429913,10.200000000,10.400000000,10,160,1,3,ESH6 P6000
2026-02-24T05:28:25.848991552Z,2026-02-24T05:28:25.848449149Z,1,1,42431946,T,B,0,134.500000000,10,0,13906,360614374,134.000000000,134.500000000,10,27,1,2,ESH6 P6900
2026-02-24T05:33:02.167279663Z,2026-02-24T05:33:02.166705817Z,1,1,2539772,T,B,0,-10.100000000,2,0,13345,129948661,-10.900000000,-10.100000000,4,3,1,1,UD:1V: 3W 2539772
2026-02-24T05:33:22.724968183Z,2026-02-24T05:33:22.724433159Z,1,1,42426741,T,A,0,40.250000000,2,0,14216,360814638,40.250000000,41.000000000,10,8,2,3,ESH6 P6500
2026-02-24T05:33:43.038107277Z,2026-02-24T05:33:43.024736927Z,1,1,42426741,T,B,0,41.000000000,1,0,14355,360834281,40.250000000,41.000000000,57,1,4,1,ESH6 P6500
2026-02-24T05:33:56.492356893Z,2026-02-24T05:33:56.491791595Z,1,1,2538651,T,A,0,-59.500000000,10,0,15400,129955143,-59.500000000,-58.250000000,10,36,1,2,UD:1V: 12 2538651
2026-02-24T05:34:36.227558880Z,2026-02-24T05:34:36.043248747Z,1,1,42426741,T,B,0,41.250000000,1,0,11300,360880170,40.500000000,41.250000000,48,1,3,1,ESH6 P6500
2026-02-24T05:41:49.110616533Z,2026-02-24T05:41:49.110151171Z,1,1,42428246,T,B,0,30.750000000,1,0,13937,361182747,30.500000000,30.750000000,20,1,1,1,ESH6 P6400
2026-02-24T05:41:49.111091229Z,2026-02-24T05:41:49.110620033Z,1,1,42428246,T,A,0,30.750000000,4,0,12748,361182749,30.750000000,31.000000000,9,52,1,2,ESH6 P6400
2026-02-24T05:41:49.111369768Z,2026-02-24T05:41:49.110620211Z,1,1,42428246,T,A,0,30.750000000,5,0,13971,361182751,30.750000000,31.000000000,5,52,1,2,ESH6 P6400
2026-02-24T05:41:52.367904536Z,2026-02-24T05:41:52.367419527Z,1,1,42428246,T,B,0,30.750000000,1,0,16629,361183693,30.500000000,30.750000000,20,1,1,1,ESH6 P6400
2026-02-24T05:41:52.368400293Z,2026-02-24T05:41:52.367908107Z,1,1,42428246,T,A,0,30.750000000,9,0,14285,361183695,30.750000000,31.000000000,9,52,1,2,ESH6 P6400
2026-02-24T05:41:59.801544551Z,2026-02-24T05:41:59.801092265Z,1,1,42428246,T,B,0,30.750000000,1,0,14160,361184872,30.500000000,30.750000000,20,1,1,1,ESH6 P6400
2026-02-24T05:41:59.802029306Z,2026-02-24T05:41:59.801595321Z,1,1,42428246,T,A,0,30.750000000,9,0,11782,361184874,30.750000000,31.000000000,9,52,1,2,ESH6 P6400
2026-02-24T05:48:31.226918133Z,2026-02-24T05:48:31.226572947Z,1,1,42426734,T,A,0,0.650000000,2,0,13900,361427365,0.650000000,0.750000000,2,323,1,4,ESH6 C7400
2026-02-24T05:50:01.224105427Z,2026-02-24T05:50:01.034147361Z,1,1,2538651,T,A,0,-60.000000000,10,0,14499,130062765,-60.000000000,,10,0,1,0,UD:1V: 12 2538651
2026-02-24T05:50:03.282770093Z,2026-02-24T05:50:03.267040497Z,1,1,42426741,T,B,0,42.250000000,1,0,14115,361530915,41.750000000,42.250000000,10,1,2,1,ESH6 P6500
2026-02-24T05:51:23.169067035Z,2026-02-24T05:51:23.160150153Z,1,1,42426741,T,B,0,42.000000000,1,0,14122,361619035,41.500000000,42.000000000,1,1,1,1,ESH6 P6500
2026-02-24T06:13:56.602232887Z,2026-02-24T06:13:56.601009513Z,1,1,42429674,T,A,0,76.000000000,1,0,13611,362377399,76.000000000,76.250000000,1,37,1,3,ESH6 P6700
2026-02-24T06:17:10.987693363Z,2026-02-24T06:17:10.858615511Z,1,1,42896832,T,A,0,121.500000000,3,0,11645,362495947,121.500000000,122.000000000,3,28,1,3,ESH6 P6860
2026-02-24T06:33:18.554662327Z,2026-02-24T06:33:18.554138519Z,1,1,42477735,T,B,0,494.500000000,4,0,14225,363198540,493.000000000,494.500000000,31,4,2,1,ESM7 P6900
2026-02-24T06:33:18.902684523Z,2026-02-24T06:33:18.902209437Z,1,1,42477735,T,B,0,494.500000000,4,0,14667,363198582,493.000000000,494.500000000,31,4,2,1,ESM7 P6900
2026-02-24T06:35:54.980143122Z,2026-02-24T06:35:54.944096285Z,1,1,42477735,T,B,0,494.000000000,4,0,13436,363299902,492.500000000,494.000000000,31,4,2,1,ESM7 P6900
2026-02-24T06:36:04.373521963Z,2026-02-24T06:36:04.298876137Z,1,1,42477735,T,B,0,494.000000000,4,0,12092,363305753,493.000000000,494.000000000,77,4,2,1,ESM7 P6900
2026-02-24T06:36:21.493782552Z,2026-02-24T06:36:21.466335609Z,1,1,42477735,T,B,0,494.500000000,4,0,12837,363321397,493.000000000,494.500000000,77,4,2,1,ESM7 P6900
2026-02-24T06:47:27.315665208Z,2026-02-24T06:47:27.315128821Z,1,1,42431943,T,A,0,3.950000000,3,0,14986,363655666,3.950000000,4.050000000,3,157,1,2,ESH6 P5500
2026-02-24T06:50:08.901714674Z,2026-02-24T06:50:08.894794589Z,1,1,42409218,T,B,0,509.500000000,4,0,14398,363708267,508.500000000,509.500000000,31,4,2,1,ESM7 P6950
2026-02-24T06:50:09.225512525Z,2026-02-24T06:50:09.225190789Z,1,1,42409218,T,B,0,509.500000000,4,0,14266,363708933,508.500000000,509.500000000,31,4,2,1,ESM7 P6950
2026-02-24T06:50:09.559862727Z,2026-02-24T06:50:09.559377747Z,1,1,42409218,T,B,0,509.500000000,4,0,12784,363710412,508.500000000,509.500000000,31,4,2,1,ESM7 P6950
2026-02-24T06:50:09.885808215Z,2026-02-24T06:50:09.885506941Z,1,1,42409218,T,B,0,509.500000000,4,0,14193,363710562,508.500000000,509.500000000,31,4,2,1,ESM7 P6950
2026-02-24T06:50:11.959776151Z,2026-02-24T06:50:11.950535183Z,1,1,42409218,T,B,0,509.500000000,4,0,11572,363712608,508.500000000,509.500000000,31,4,2,1,ESM7 P6950
2026-02-24T06:52:38.111945724Z,2026-02-24T06:52:38.100389773Z,1,1,42426741,T,A,0,41.250000000,1,0,11385,363799187,41.250000000,41.500000000,1,48,1,2,ESH6 P6500
2026-02-24T07:02:09.232493175Z,2026-02-24T07:02:09.183353769Z,1,1,3126152,T,A,0,34.500000000,2,0,13609,130511784,34.500000000,34.750000000,2,231,1,4,UD:1V: VT 3126152
2026-02-24T07:03:07.248399082Z,2026-02-24T07:03:07.244001707Z,1,1,42426740,T,A,0,12.900000000,1,0,14598,364457669,12.900000000,13.100000000,1,92,1,2,ESH6 P6100
2026-02-24T07:04:03.493633474Z,2026-02-24T07:04:03.493281129Z,1,1,42566722,T,A,0,119.000000000,1,0,13779,364539570,119.000000000,119.500000000,1,47,1,5,ESH6 C6875
2026-02-24T07:05:21.716784840Z,2026-02-24T07:05:21.716436961Z,1,1,42427508,T,A,0,19.000000000,4,0,13084,364639710,19.000000000,19.100000000,4,45,1,3,ESH6 C7100
2026-02-24T07:06:16.773329955Z,2026-02-24T07:06:16.586800389Z,1,1,42427508,T,A,0,19.100000000,1,0,14554,364775744,19.100000000,19.400000000,1,33,1,1,ESH6 C7100
2026-02-24T07:06:17.113704800Z,2026-02-24T07:06:17.109914391Z,1,1,42895804,T,A,0,24.000000000,1,0,13975,364779236,24.000000000,24.250000000,1,1,1,1,ESH6 C7080
2026-02-24T07:06:23.174349520Z,2026-02-24T07:06:23.169796351Z,1,1,42426741,T,A,0,40.250000000,1,0,15014,364805809,40.250000000,40.500000000,1,48,1,2,ESH6 P6500
2026-02-24T07:06:48.017162570Z,2026-02-24T07:06:48.014921913Z,1,1,42430453,T,A,0,16.700000000,1,0,14770,364883293,16.700000000,16.900000000,1,57,1,1,ESH6 P6200
2026-02-24T07:09:25.034929978Z,2026-02-24T07:09:25.033689283Z,1,1,42372979,T,B,0,79.500000000,10,0,15608,365097443,79.250000000,79.500000000,5,10,2,1,ESM6 C7300
2026-02-24T07:10:37.880936573Z,2026-02-24T07:10:37.880542261Z,1,1,42428246,T,B,0,29.750000000,1,0,15190,365207025,29.500000000,29.750000000,25,1,3,1,ESH6 P6400
2026-02-24T07:12:07.520823749Z,2026-02-24T07:12:07.520290909Z,1,1,42378592,T,A,0,145.500000000,1,0,15392,365300022,145.500000000,146.500000000,13,40,3,3,ESM6 P6500
2026-02-24T07:14:32.453857477Z,2026-02-24T07:14:32.449608033Z,1,1,42430453,T,A,0,16.600000000,1,0,13567,365500147,16.600000000,16.800000000,1,1,1,1,ESH6 P6200
2026-02-24T07:15:03.449810268Z,2026-02-24T07:15:03.444395575Z,1,1,42431180,T,A,0,8.000000000,8,0,14155,365534653,8.000000000,8.200000000,8,139,1,3,ESH6 P5900
2026-02-24T07:16:03.922296763Z,2026-02-24T07:16:03.921755997Z,1,1,42372979,T,B,0,79.750000000,5,0,14376,365610747,79.500000000,79.750000000,15,5,1,1,ESM6 C7300
2026-02-24T07:18:53.791969309Z,2026-02-24T07:18:53.787524833Z,1,1,42868332,T,B,0,20.500000000,1,0,13234,365806540,20.250000000,20.500000000,1,1,1,1,ESH6 P6270
2026-02-24T07:19:21.940194522Z,2026-02-24T07:19:21.936173123Z,1,1,42430453,T,A,0,16.700000000,1,0,14000,365840280,16.700000000,16.900000000,1,68,1,3,ESH6 P6200
2026-02-24T07:19:35.154768517Z,2026-02-24T07:19:35.147566047Z,1,1,42431180,T,A,0,8.000000000,8,0,13898,365858261,8.000000000,8.200000000,8,139,1,3,ESH6 P5900
2026-02-24T07:23:06.659494837Z,2026-02-24T07:23:06.658940515Z,1,1,42439551,T,B,0,475.000000000,4,0,20067,366114546,474.000000000,475.000000000,32,4,2,1,ESM7 P6850
2026-02-24T07:23:06.990908379Z,2026-02-24T07:23:06.990434779Z,1,1,42439551,T,B,0,475.000000000,4,0,12336,366114858,474.000000000,475.000000000,32,4,2,1,ESM7 P6850
2026-02-24T07:23:07.317844392Z,2026-02-24T07:23:07.317387931Z,1,1,42439551,T,B,0,475.000000000,4,0,13943,366115099,474.000000000,475.000000000,32,4,2,1,ESM7 P6850
2026-02-24T07:23:08.190287088Z,2026-02-24T07:23:08.189821317Z,1,1,42439551,T,B,0,475.000000000,4,0,14605,366115745,474.000000000,475.000000000,32,4,2,1,ESM7 P6850
2026-02-24T07:23:29.262472703Z,2026-02-24T07:23:29.261939681Z,1,1,42372979,T,B,0,79.500000000,10,0,14415,366132832,79.250000000,79.500000000,15,10,1,1,ESM6 C7300
2026-02-24T07:24:07.552930063Z,2026-02-24T07:24:07.551922399Z,1,1,42439551,T,B,0,475.500000000,4,0,14118,366179350,474.500000000,475.500000000,12,4,1,1,ESM7 P6850
2026-02-24T07:25:12.402118403Z,2026-02-24T07:25:12.400781451Z,1,1,42429687,T,A,0,51.500000000,1,0,13691,366252759,51.500000000,51.750000000,1,15,1,1,ESH6 C7000
2026-02-24T07:29:39.776988239Z,2026-02-24T07:29:39.776455505Z,1,1,42483456,T,B,0,33.500000000,1,0,13731,366590388,33.000000000,33.500000000,16,52,2,3,ESH6 C7050
2026-02-24T07:32:50.504097877Z,2026-02-24T07:32:50.502420717Z,1,1,2518005,T,B,0,6.300000000,6,0,14461,130861679,6.200000000,6.300000000,914,6,5,2,UD:1V: VT 2518005
2026-02-24T07:33:21.078430946Z,2026-02-24T07:33:21.077118757Z,1,1,42483101,T,A,0,76.250000000,1,0,13812,366880268,76.250000000,76.500000000,1,34,1,2,ESH6 C6950
2026-02-24T07:35:42.396375605Z,2026-02-24T07:35:42.371396853Z,1,1,42477735,T,B,0,491.000000000,5,0,12181,367093174,490.500000000,491.000000000,42,5,3,1,ESM7 P6900
2026-02-24T07:35:42.729725544Z,2026-02-24T07:35:42.729383765Z,1,1,42477735,T,B,0,491.000000000,5,0,13565,367096536,490.500000000,491.000000000,42,5,3,1,ESM7 P6900
2026-02-24T07:36:17.080976944Z,2026-02-24T07:36:17.076299287Z,1,1,42429687,T,A,0,51.500000000,1,0,13990,367145452,51.500000000,51.750000000,1,19,1,2,ESH6 C7000
2026-02-24T07:36:18.906552931Z,2026-02-24T07:36:18.900963271Z,1,1,42397940,T,B,0,25.750000000,19,0,14605,367149513,25.500000000,25.750000000,42,19,4,2,ESH6 P6350
2026-02-24T07:36:18.916369130Z,2026-02-24T07:36:18.906495867Z,1,1,42397940,T,A,0,25.750000000,29,0,13452,367149687,25.750000000,26.000000000,81,50,1,3,ESH6 P6350
2026-02-24T07:36:20.033409984Z,2026-02-24T07:36:20.032836003Z,1,1,42397940,T,A,0,25.750000000,30,0,14310,367151738,25.750000000,26.000000000,52,65,1,4,ESH6 P6350
2026-02-24T07:36:20.767748678Z,2026-02-24T07:36:20.767197563Z,1,1,42397940,T,A,0,25.750000000,8,0,13458,367153343,25.750000000,26.000000000,22,69,1,5,ESH6 P6350
2026-02-24T07:36:21.471215043Z,2026-02-24T07:36:21.470522481Z,1,1,42397940,T,A,0,25.750000000,13,0,14233,367154405,25.750000000,26.000000000,14,69,1,5,ESH6 P6350
2026-02-24T07:36:21.471834295Z,2026-02-24T07:36:21.470859427Z,1,1,42397940,T,A,0,25.750000000,1,0,11187,367154423,25.750000000,26.000000000,1,69,1,5,ESH6 P6350
2026-02-24T07:36:26.020872143Z,2026-02-24T07:36:26.020344087Z,1,1,42397940,T,A,0,25.750000000,54,0,14090,367159836,25.750000000,26.000000000,100,69,1,5,ESH6 P6350
2026-02-24T07:36:26.021087231Z,2026-02-24T07:36:26.020344265Z,1,1,42397940,T,A,0,25.750000000,21,0,11364,367159838,25.750000000,26.000000000,46,69,1,5,ESH6 P6350
2026-02-24T07:36:26.021147419Z,2026-02-24T07:36:26.020344441Z,1,1,42397940,T,A,0,25.750000000,1,0,12982,367159839,25.750000000,26.000000000,25,69,1,5,ESH6 P6350
2026-02-24T07:36:26.088080522Z,2026-02-24T07:36:26.087609953Z,1,1,42397940,T,A,0,25.750000000,24,0,13761,367160189,25.750000000,26.000000000,24,69,1,5,ESH6 P6350
2026-02-24T07:39:56.512458377Z,2026-02-24T07:39:56.487794283Z,1,1,2540705,T,A,0,47.250000000,134,0,15969,130945624,47.250000000,47.750000000,134,171,2,4,UD:1V: VT 2540705
2026-02-24T07:40:00.398567651Z,2026-02-24T07:40:00.360907889Z,1,1,42483101,T,A,0,75.000000000,1,0,14423,367406857,75.000000000,75.250000000,1,15,1,1,ESH6 C6950
2026-02-24T07:40:20.824274159Z,2026-02-24T07:40:20.823757307Z,1,1,42689132,T,B,0,41.500000000,3,0,13654,367429668,41.250000000,41.500000000,1,19,1,2,ESH6 C7025
2026-02-24T07:41:33.977068367Z,2026-02-24T07:41:33.963020327Z,1,1,42865925,T,A,0,60.250000000,1,0,13357,367519779,60.250000000,60.500000000,1,19,1,2,ESH6 C6980
2026-02-24T07:41:59.826344144Z,2026-02-24T07:41:59.825982217Z,1,1,42894584,T,A,0,105.500000000,1,0,13557,367559629,105.500000000,106.000000000,1,54,1,6,ESH6 P6820
2026-02-24T07:43:24.417654858Z,2026-02-24T07:43:24.393777735Z,1,1,42895803,T,A,0,55.500000000,1,0,12154,367673287,55.500000000,55.750000000,1,19,1,2,ESH6 C6990
2026-02-24T07:43:36.946474419Z,2026-02-24T07:43:36.774166471Z,1,1,42643323,T,B,0,15.900000000,4,0,13654,367724854,15.800000000,15.900000000,1,4,1,1,ESH6 P6175
2026-02-24T07:43:44.864104126Z,2026-02-24T07:43:44.863510627Z,1,1,2536299,T,A,0,33.750000000,52,0,14515,131010963,33.750000000,34.250000000,100,158,1,4,UD:1V: VT 2536299
2026-02-24T07:43:46.301737317Z,2026-02-24T07:43:46.301085127Z,1,1,2536299,T,A,0,33.750000000,48,0,14641,131013000,33.750000000,34.250000000,48,240,1,6,UD:1V: VT 2536299
2026-02-24T07:47:34.304443534Z,2026-02-24T07:47:34.304088335Z,1,1,42366511,T,A,0,21.000000000,1,0,13075,368164280,21.000000000,21.250000000,1,161,1,6,ESM6 C7600
2026-02-24T07:47:38.494100003Z,2026-02-24T07:47:38.493751517Z,1,1,42366511,T,A,0,21.000000000,1,0,13892,368173825,21.000000000,21.250000000,1,161,1,6,ESM6 C7600
2026-02-24T07:51:10.546410216Z,2026-02-24T07:51:10.422450643Z,1,1,42430453,T,B,0,16.900000000,4,0,12055,368518093,16.700000000,16.900000000,14,4,3,1,ESH6 P6200
2026-02-24T07:51:10.607563191Z,2026-02-24T07:51:10.422451667Z,1,1,42608056,T,B,0,18.100000000,4,0,11883,368518831,17.900000000,18.100000000,5,4,2,1,ESH6 P6225
2026-02-24T07:53:19.884094440Z,2026-02-24T07:53:19.883552151Z,1,1,42427500,T,B,0,22.500000000,1,0,14755,368670754,22.250000000,22.500000000,34,19,3,2,ESH6 P6300
2026-02-24T07:59:34.639566392Z,2026-02-24T07:59:34.581942209Z,1,1,42404337,T,B,0,15.000000000,1,0,18477,369214439,14.900000000,15.000000000,638,1,6,1,ESM6 P4400
2026-02-24T07:59:45.659042643Z,2026-02-24T07:59:45.657201279Z,1,1,42426741,T,B,0,41.250000000,1,0,14347,369246365,41.000000000,41.250000000,19,1,2,1,ESH6 P6500
2026-02-24T08:00:31.781028035Z,2026-02-24T08:00:31.693350081Z,1,1,42427500,T,B,0,23.000000000,1,0,13984,369499684,22.750000000,23.000000000,30,1,2,1,ESH6 P6300
2026-02-24T08:00:50.271562064Z,2026-02-24T08:00:50.160807535Z,1,1,42426741,T,B,0,42.250000000,1,0,14758,369646023,42.000000000,42.250000000,32,1,1,1,ESH6 P6500
2026-02-24T08:04:11.010999832Z,2026-02-24T08:04:10.962349991Z,1,1,42874357,T,A,0,4.350000000,4,0,15134,370635422,4.350000000,4.500000000,4,194,1,4,ESH6 C7210
2026-02-24T08:04:11.492600562Z,2026-02-24T08:04:11.265330813Z,1,1,42426741,T,B,0,43.250000000,1,0,12297,370640894,42.750000000,43.250000000,44,1,3,1,ESH6 P6500
2026-02-24T08:04:11.498547874Z,2026-02-24T08:04:11.265358147Z,1,1,2538651,T,A,0,-60.500000000,10,0,14188,131566603,-60.500000000,-57.500000000,10,50,1,1,UD:1V: 12 2538651
2026-02-24T08:04:56.300931271Z,2026-02-24T08:04:56.300415009Z,1,1,42428246,T,A,0,31.750000000,10,0,14135,370882510,31.750000000,32.000000000,10,80,1,6,ESH6 P6400
2026-02-24T08:05:33.394662469Z,2026-02-24T08:05:33.384792969Z,1,1,42428246,T,A,0,31.750000000,3,0,12440,371065620,31.750000000,32.000000000,10,18,1,3,ESH6 P6400
2026-02-24T08:05:33.412604258Z,2026-02-24T08:05:33.385600749Z,1,1,42428246,T,A,0,31.750000000,4,0,12196,371066004,31.750000000,32.000000000,7,18,1,3,ESH6 P6400
2026-02-24T08:05:33.518542747Z,2026-02-24T08:05:33.517326413Z,1,1,42428246,T,A,0,31.750000000,2,0,13817,371067136,31.750000000,32.000000000,3,18,1,3,ESH6 P6400
2026-02-24T08:05:33.843854013Z,2026-02-24T08:05:33.843345613Z,1,1,42428246,T,A,0,31.750000000,1,0,14129,371068053,31.750000000,32.000000000,1,18,1,3,ESH6 P6400
2026-02-24T08:05:48.292912112Z,2026-02-24T08:05:48.289852593Z,1,1,42566722,T,A,0,114.500000000,1,0,14058,371124466,114.500000000,115.000000000,1,40,1,6,ESH6 C6875
2026-02-24T08:09:00.486170912Z,2026-02-24T08:09:00.472420899Z,1,1,42429674,T,B,0,78.500000000,1,0,13124,371890768,78.250000000,78.500000000,18,1,4,1,ESH6 P6700
2026-02-24T08:09:12.881482218Z,2026-02-24T08:09:12.860663997Z,1,1,42643092,T,A,0,0.700000000,49,0,14630,371952780,0.700000000,0.800000000,49,167,2,3,ESH6 C7375
2026-02-24T08:10:47.553544200Z,2026-02-24T08:10:47.448554997Z,1,1,42431943,T,B,0,4.050000000,1,0,13284,372448388,4.000000000,4.050000000,4,1,1,1,ESH6 P5500
2026-02-24T08:12:04.607282922Z,2026-02-24T08:12:04.603138015Z,1,1,42857655,T,A,0,2.950000000,4,0,15164,372816720,2.950000000,3.100000000,4,227,1,6,ESH6 C7240
2026-02-24T08:12:11.379254656Z,2026-02-24T08:12:11.359112249Z,1,1,42545724,T,A,0,2.600000000,4,0,12784,372846756,2.600000000,2.700000000,4,220,1,5,ESH6 C7250
2026-02-24T08:12:40.236722642Z,2026-02-24T08:12:40.232404045Z,1,1,42372979,T,B,0,77.000000000,1,0,14645,372969605,76.500000000,77.000000000,12,1,2,1,ESM6 C7300
2026-02-24T08:15:24.905479482Z,2026-02-24T08:15:24.894269921Z,1,1,42372979,T,B,0,77.250000000,1,0,13937,373620313,76.750000000,77.250000000,12,1,2,1,ESM6 C7300
2026-02-24T08:16:10.608632559Z,2026-02-24T08:16:10.483304325Z,1,1,2538651,T,A,0,-61.000000000,10,0,14777,132189036,-61.000000000,-58.500000000,10,49,1,1,UD:1V: 12 2538651
2026-02-24T08:16:10.637092405Z,2026-02-24T08:16:10.494054233Z,1,1,42426741,T,B,0,44.250000000,1,0,13244,373882103,42.500000000,44.250000000,25,1,2,1,ESH6 P6500
2026-02-24T08:16:36.274006403Z,2026-02-24T08:16:36.273482399Z,1,1,42426741,T,A,0,43.250000000,1,0,13974,374049461,43.250000000,43.500000000,1,11,1,2,ESH6 P6500
2026-02-24T08:18:33.154623867Z,2026-02-24T08:18:33.147745093Z,1,1,42426738,T,B,0,1.200000000,4,0,15060,374616785,1.100000000,1.200000000,793,4,6,1,ESH6 P4700
2026-02-24T08:18:34.046977095Z,2026-02-24T08:18:33.751203325Z,1,1,42426741,T,B,0,44.250000000,1,0,11417,374624418,43.750000000,44.250000000,48,1,4,1,ESH6 P6500
2026-02-24T08:19:28.309035924Z,2026-02-24T08:19:28.297410443Z,1,1,42427507,T,A,0,161.500000000,2,0,15800,374872929,161.500000000,162.000000000,2,8,1,2,ESH6 C6800
2026-02-24T08:19:46.092548643Z,2026-02-24T08:19:46.092040373Z,1,1,42429687,T,A,0,48.000000000,5,0,16065,374922928,48.000000000,48.500000000,11,18,2,3,ESH6 C7000
2026-02-24T08:22:14.804838483Z,2026-02-24T08:22:14.740085407Z,1,1,42426741,T,A,0,43.250000000,1,0,13026,375523954,43.250000000,43.500000000,1,33,1,3,ESH6 P6500
2026-02-24T08:22:18.048345619Z,2026-02-24T08:22:18.044914409Z,1,1,42378592,T,A,0,150.000000000,25,0,14568,375545907,150.000000000,150.500000000,25,59,1,6,ESM6 P6500
2026-02-24T08:22:37.654613346Z,2026-02-24T08:22:37.647223269Z,1,1,42429011,T,B,0,99.500000000,6,0,12876,375602970,99.250000000,99.500000000,33,6,5,1,ESH6 C6900
2026-02-24T08:25:44.244783221Z,2026-02-24T08:25:44.204105139Z,1,1,42426741,T,A,0,42.250000000,1,0,14140,376270757,42.250000000,42.500000000,1,73,1,6,ESH6 P6500
2026-02-24T08:25:44.782660955Z,2026-02-24T08:25:44.782116573Z,1,1,42566722,T,B,0,116.000000000,1,0,16659,376274224,115.500000000,116.000000000,41,1,6,1,ESH6 C6875
2026-02-24T08:27:45.706042291Z,2026-02-24T08:27:45.702846493Z,1,1,42384307,T,B,0,10.700000000,1,0,13572,376724839,10.600000000,10.700000000,629,1,4,1,ESM6 P4000
2026-02-24T08:27:48.333925248Z,2026-02-24T08:27:48.333542825Z,1,1,42384307,T,B,0,10.700000000,1,0,13695,376730723,10.600000000,10.700000000,629,1,4,1,ESM6 P4000
2026-02-24T08:29:08.926544466Z,2026-02-24T08:29:08.855616049Z,1,1,42426741,T,B,0,43.000000000,25,0,14626,376955406,42.750000000,43.000000000,8,25,1,1,ESH6 P6500
2026-02-24T08:29:26.952886029Z,2026-02-24T08:29:26.768205411Z,1,1,2536299,T,B,0,35.000000000,11,0,13453,132796228,34.500000000,35.000000000,129,100,4,1,UD:1V: VT 2536299
2026-02-24T08:29:26.955791893Z,2026-02-24T08:29:26.768204745Z,1,1,42429003,T,B,0,7.000000000,1,0,12010,377029795,6.900000000,7.000000000,8,1,2,1,ESH6 P5800
2026-02-24T08:29:27.020969439Z,2026-02-24T08:29:26.769097527Z,1,1,2536299,T,B,0,35.000000000,30,0,13387,132796815,34.500000000,35.000000000,116,89,3,1,UD:1V: VT 2536299
2026-02-24T08:29:27.023784203Z,2026-02-24T08:29:26.769100991Z,1,1,42804075,T,A,0,7.000000000,4,0,13101,377030679,7.000000000,7.200000000,4,76,1,4,ESH6 C7175
2026-02-24T08:29:27.106160661Z,2026-02-24T08:29:26.769838091Z,1,1,2536299,T,B,0,35.000000000,1,0,14781,132797931,34.500000000,35.000000000,116,59,3,1,UD:1V: VT 2536299
2026-02-24T08:29:27.133876193Z,2026-02-24T08:29:26.773896763Z,1,1,2536299,T,B,0,35.000000000,1,0,14214,132798010,34.500000000,35.000000000,116,58,3,1,UD:1V: VT 2536299
2026-02-24T08:29:27.147943491Z,2026-02-24T08:29:26.775897609Z,1,1,2536299,T,B,0,35.000000000,57,0,13380,132798074,34.500000000,35.000000000,116,57,3,1,UD:1V: VT 2536299
2026-02-24T08:29:27.175065647Z,2026-02-24T08:29:26.779172915Z,1,1,42426741,T,B,0,43.250000000,1,0,11426,377033227,42.750000000,43.250000000,51,1,5,1,ESH6 P6500
2026-02-24T08:31:15.561119962Z,2026-02-24T08:31:15.560495863Z,1,1,2536898,T,B,0,156.000000000,24,0,13582,132877830,154.000000000,156.000000000,31,24,1,1,UD:1V: GN 2536898
2026-02-24T08:31:16.366553021Z,2026-02-24T08:31:16.325729023Z,1,1,42426741,T,A,0,42.250000000,1,0,11874,377451131,42.250000000,42.500000000,1,29,1,4,ESH6 P6500
2026-02-24T08:34:02.889185138Z,2026-02-24T08:34:02.857757219Z,1,1,42426741,T,B,0,43.250000000,1,0,12326,377968086,43.000000000,43.250000000,13,1,2,1,ESH6 P6500
2026-02-24T08:37:53.777703504Z,2026-02-24T08:37:53.752996073Z,1,1,42427500,T,A,0,24.000000000,1,0,13895,378798757,24.000000000,24.250000000,1,66,1,6,ESH6 P6300
2026-02-24T08:40:05.222738469Z,2026-02-24T08:40:05.222261601Z,1,1,2514858,T,B,0,20.000000000,5,0,14473,133244722,19.900000000,20.000000000,354,5,5,1,UD:1V: VT 2514858
2026-02-24T08:40:35.082525861Z,2026-02-24T08:40:35.001757329Z,1,1,461960,T,A,0,173.500000000,1,0,10798,379289685,173.500000000,174.500000000,2,56,2,3,ESZ6 P5900
2026-02-24T08:41:04.020716074Z,2026-02-24T08:41:04.020364465Z,1,1,42431946,T,B,0,141.000000000,10,0,17050,379397473,140.500000000,141.000000000,46,10,7,1,ESH6 P6900
2026-02-24T08:42:28.542155061Z,2026-02-24T08:42:28.478388911Z,1,1,42430453,T,B,0,18.300000000,1,0,11578,379599728,18.200000000,18.300000000,1,1,1,1,ESH6 P6200
2026-02-24T08:42:43.165650216Z,2026-02-24T08:42:43.159874663Z,1,1,42426741,T,B,0,44.000000000,12,0,13406,379638310,43.750000000,44.000000000,5,12,1,2,ESH6 P6500
2026-02-24T08:42:43.175684651Z,2026-02-24T08:42:43.165595815Z,1,1,42426741,T,A,0,44.000000000,13,0,11899,379638484,44.000000000,44.250000000,3,61,1,5,ESH6 P6500
2026-02-24T08:42:54.914815957Z,2026-02-24T08:42:54.823501229Z,1,1,42431944,T,B,0,11.000000000,1,0,10361,379675398,10.900000000,11.000000000,9,1,3,1,ESH6 P6000
2026-02-24T08:43:10.902695563Z,2026-02-24T08:43:10.786231347Z,1,1,42426741,T,B,0,44.250000000,1,0,13695,379734805,44.000000000,44.250000000,8,1,1,1,ESH6 P6500
2026-02-24T08:43:12.358564111Z,2026-02-24T08:43:12.320490129Z,1,1,42896847,T,A,0,40.250000000,1,0,13407,379745119,40.250000000,40.500000000,1,8,1,1,ESH6 C7020
2026-02-24T08:43:12.358564111Z,2026-02-24T08:43:12.320490483Z,1,1,42887189,T,A,0,44.000000000,1,0,13407,379745119,44.000000000,44.250000000,1,8,1,1,ESH6 C7010
2026-02-24T08:43:38.061414963Z,2026-02-24T08:43:38.060867633Z,1,1,42378592,T,B,0,151.500000000,1,0,12547,379837492,150.500000000,151.500000000,61,1,6,1,ESM6 P6500
2026-02-24T08:43:52.596326959Z,2026-02-24T08:43:52.592273487Z,1,1,42892047,T,B,0,66.000000000,8,0,13377,379878630,65.750000000,66.000000000,9,8,2,1,ESH6 C6960
2026-02-24T08:44:11.115738141Z,2026-02-24T08:44:11.115224335Z,1,1,42566722,T,A,0,113.000000000,1,0,14211,379938076,113.000000000,113.500000000,1,41,1,6,ESH6 C6875
2026-02-24T08:45:37.260088416Z,2026-02-24T08:45:37.259324545Z,1,1,42914938,T,A,0,2.300000000,5,0,13444,380185096,2.300000000,2.400000000,41,4,2,1,ESH6 C7260
2026-02-24T08:45:37.415637834Z,2026-02-24T08:45:37.415133211Z,1,1,42874357,T,B,0,4.300000000,4,0,14560,380185476,4.250000000,4.300000000,8,4,2,1,ESH6 C7210
2026-02-24T08:45:37.785281550Z,2026-02-24T08:45:37.784807653Z,1,1,42430464,T,B,0,4.900000000,4,0,13964,380185941,4.850000000,4.900000000,8,4,2,1,ESH6 C7200
2026-02-24T08:45:38.034825699Z,2026-02-24T08:45:38.034379707Z,1,1,42874359,T,B,0,5.600000000,4,0,13954,380186154,5.500000000,5.600000000,8,4,2,1,ESH6 C7190
2026-02-24T08:45:47.542289853Z,2026-02-24T08:45:47.541628729Z,1,1,42886163,T,A,0,3.300000000,5,0,11552,380216939,3.300000000,3.400000000,37,4,2,1,ESH6 C7230
2026-02-24T08:45:57.877670438Z,2026-02-24T08:45:57.877077927Z,1,1,42857655,T,A,0,2.900000000,5,0,13062,380231206,2.900000000,3.000000000,38,4,2,1,ESH6 C7240
2026-02-24T08:45:57.878299627Z,2026-02-24T08:45:57.877226949Z,1,1,42670704,T,A,0,1.900000000,4,0,12059,380231221,1.900000000,2.000000000,4,6,1,2,ESH6 C7275
2026-02-24T08:46:45.185702326Z,2026-02-24T08:46:45.185144749Z,1,1,42427507,T,A,0,161.000000000,2,0,14397,380371176,161.000000000,162.000000000,18,23,4,5,ESH6 C6800
2026-02-24T08:46:45.462070733Z,2026-02-24T08:46:45.461555433Z,1,1,42689131,T,B,0,13.000000000,1,0,14375,380372157,12.900000000,13.000000000,9,20,3,1,ESH6 C7125
2026-02-24T08:49:02.632933463Z,2026-02-24T08:49:02.632457285Z,1,1,42865926,T,B,0,8.100000000,4,0,14446,380862973,8.000000000,8.100000000,31,4,3,1,ESH6 C7160
2026-02-24T08:49:02.642661267Z,2026-02-24T08:49:02.642172647Z,1,1,42895805,T,A,0,10.500000000,5,0,13623,380862990,10.500000000,10.700000000,25,4,2,1,ESH6 C7140
2026-02-24T08:49:02.880651103Z,2026-02-24T08:49:02.880154365Z,1,1,42689131,T,B,0,12.700000000,5,0,18380,380864113,12.600000000,12.700000000,9,5,3,1,ESH6 C7125
2026-02-24T08:49:04.669753877Z,2026-02-24T08:49:04.669232863Z,1,1,42689131,T,B,0,12.700000000,2,0,14252,380866051,12.600000000,12.700000000,9,4,3,1,ESH6 C7125
2026-02-24T08:49:04.670799301Z,2026-02-24T08:49:04.669889863Z,1,1,42689131,T,B,0,12.700000000,2,0,11661,380866054,12.600000000,12.700000000,9,2,3,1,ESH6 C7125
2026-02-24T08:49:19.969702037Z,2026-02-24T08:49:19.899718431Z,1,1,2538651,T,A,0,-61.500000000,10,0,14228,133580584,-61.500000000,-59.750000000,10,49,1,1,UD:1V: 12 2538651
2026-02-24T08:49:29.475780914Z,2026-02-24T08:49:29.467217661Z,1,1,42429011,T,A,0,96.500000000,1,0,14456,380968176,96.500000000,96.750000000,1,17,1,1,ESH6 C6900
2026-02-24T08:49:40.383246327Z,2026-02-24T08:49:40.181588911Z,1,1,42426741,T,B,0,45.250000000,1,0,15183,381008770,45.000000000,45.250000000,1,1,1,1,ESH6 P6500
2026-02-24T08:49:51.357509163Z,2026-02-24T08:49:51.331147643Z,1,1,42689131,T,B,0,12.700000000,19,0,12968,381047286,12.600000000,12.700000000,9,19,3,1,ESH6 C7125
2026-02-24T08:50:03.899559243Z,2026-02-24T08:50:03.892838927Z,1,1,42804075,T,A,0,6.600000000,8,0,13444,381086502,6.600000000,6.700000000,8,30,2,1,ESH6 C7175
2026-02-24T08:50:03.912422935Z,2026-02-24T08:50:03.899527583Z,1,1,42804075,T,B,0,6.600000000,22,0,12119,381086743,6.400000000,6.600000000,77,22,2,1,ESH6 C7175
2026-02-24T08:50:07.500806208Z,2026-02-24T08:50:07.490863095Z,1,1,42429011,T,B,0,96.500000000,1,0,14061,381097413,96.000000000,96.500000000,50,1,7,1,ESH6 C6900
2026-02-24T08:50:34.686053191Z,2026-02-24T08:50:34.684543727Z,1,1,42429687,T,B,0,47.250000000,19,0,14426,381184375,47.000000000,47.250000000,26,50,5,1,ESH6 C7000
2026-02-24T08:50:34.687328138Z,2026-02-24T08:50:34.684567705Z,1,1,42429687,T,B,0,47.250000000,2,0,11392,381184393,47.000000000,47.250000000,26,31,5,1,ESH6 C7000
2026-02-24T08:50:34.692326194Z,2026-02-24T08:50:34.684720069Z,1,1,42429687,T,B,0,47.250000000,1,0,12109,381184494,47.000000000,47.250000000,26,29,5,1,ESH6 C7000
2026-02-24T08:50:34.694673731Z,2026-02-24T08:50:34.684777283Z,1,1,42429687,T,B,0,47.250000000,2,0,11499,381184542,47.000000000,47.250000000,26,28,5,1,ESH6 C7000
2026-02-24T08:50:34.975506439Z,2026-02-24T08:50:34.952088761Z,1,1,42429687,T,A,0,47.000000000,26,0,19238,381185713,47.000000000,47.250000000,26,26,5,1,ESH6 C7000
2026-02-24T08:50:35.431965562Z,2026-02-24T08:50:35.404972469Z,1,1,42431181,T,B,0,61.000000000,36,0,23097,381189952,60.750000000,61.000000000,50,36,1,2,ESH6 P6600
2026-02-24T08:50:35.452069928Z,2026-02-24T08:50:35.431880669Z,1,1,42431181,T,A,0,61.000000000,14,0,11527,381190406,61.000000000,61.250000000,14,13,1,3,ESH6 P6600
2026-02-24T08:50:38.226204165Z,2026-02-24T08:50:38.200771237Z,1,1,42429011,T,B,0,96.750000000,1,0,10448,381209229,96.500000000,96.750000000,8,1,1,1,ESH6 C6900
2026-02-24T08:51:08.343204930Z,2026-02-24T08:51:08.338470017Z,1,1,42431181,T,A,0,60.750000000,25,0,14039,381309321,60.750000000,61.000000000,50,19,1,4,ESH6 P6600
2026-02-24T08:51:09.119721771Z,2026-02-24T08:51:09.114348769Z,1,1,42429687,T,A,0,47.250000000,12,0,15964,381312354,47.250000000,47.500000000,12,50,2,1,ESH6 C7000
2026-02-24T08:51:09.129603437Z,2026-02-24T08:51:09.119651435Z,1,1,42429687,T,B,0,47.250000000,38,0,16335,381312528,47.000000000,47.250000000,52,38,5,1,ESH6 C7000
2026-02-24T08:51:10.379556407Z,2026-02-24T08:51:10.365479253Z,1,1,42431181,T,B,0,61.000000000,18,0,14368,381318740,60.750000000,61.000000000,25,18,1,4,ESH6 P6600
2026-02-24T08:51:10.405258335Z,2026-02-24T08:51:10.379475893Z,1,1,42431181,T,A,0,61.000000000,7,0,13118,381319205,61.000000000,61.250000000,7,35,1,2,ESH6 P6600
2026-02-24T08:51:20.294864666Z,2026-02-24T08:51:20.290047603Z,1,1,42429011,T,B,0,96.750000000,1,0,13587,381348497,96.250000000,96.750000000,50,1,7,1,ESH6 C6900
2026-02-24T08:51:27.873648557Z,2026-02-24T08:51:27.824649141Z,1,1,461960,T,A,0,175.000000000,3,0,14478,381371475,175.000000000,176.000000000,3,81,1,4,ESZ6 P5900
2026-02-24T08:51:37.898831576Z,2026-02-24T08:51:37.852831371Z,1,1,42378618,T,A,0,261.000000000,2,0,11961,381422352,261.000000000,261.500000000,2,22,1,3,ESM6 P6900
2026-02-24T08:51:39.511627246Z,2026-02-24T08:51:39.508153101Z,1,1,42429687,T,A,0,47.250000000,8,0,13963,381433489,47.250000000,47.500000000,8,10,1,1,ESH6 C7000
2026-02-24T08:51:39.519548925Z,2026-02-24T08:51:39.511599529Z,1,1,42429687,T,B,0,47.250000000,40,0,11337,381433611,47.000000000,47.250000000,56,2,6,1,ESH6 C7000
2026-02-24T08:51:39.519660375Z,2026-02-24T08:51:39.511631003Z,1,1,42429687,T,B,0,47.250000000,2,0,14132,381433613,47.000000000,47.250000000,56,2,6,1,ESH6 C7000
2026-02-24T08:51:40.265148416Z,2026-02-24T08:51:40.251557099Z,1,1,42431181,T,B,0,61.000000000,19,0,17681,381435100,60.750000000,61.000000000,50,19,1,4,ESH6 P6600
2026-02-24T08:51:40.292676840Z,2026-02-24T08:51:40.265114155Z,1,1,42431181,T,A,0,61.000000000,31,0,13055,381435593,61.000000000,61.250000000,31,51,1,3,ESH6 P6600
2026-02-24T08:51:51.759322645Z,2026-02-24T08:51:51.753952875Z,1,1,42431181,T,B,0,61.000000000,12,0,14007,381482931,60.500000000,61.000000000,48,12,5,2,ESH6 P6600
2026-02-24T08:51:51.768656525Z,2026-02-24T08:51:51.759221215Z,1,1,42431181,T,A,0,61.000000000,9,0,13310,381483105,61.000000000,61.250000000,88,41,1,4,ESH6 P6600
2026-02-24T08:51:57.274235204Z,2026-02-24T08:51:57.232699141Z,1,1,42429687,T,A,0,47.000000000,31,0,17985,381491739,47.000000000,47.250000000,31,10,6,1,ESH6 C7000
2026-02-24T08:51:57.350714775Z,2026-02-24T08:51:57.274144191Z,1,1,42429687,T,B,0,47.000000000,27,0,13822,381493127,46.750000000,47.000000000,44,9,3,1,ESH6 C7000
2026-02-24T08:51:57.350726370Z,2026-02-24T08:51:57.274155921Z,1,1,42429687,T,B,0,47.000000000,42,0,11988,381493128,46.750000000,47.000000000,44,2,3,1,ESH6 C7000
2026-02-24T08:51:58.333328639Z,2026-02-24T08:51:58.316480651Z,1,1,42431181,T,B,0,61.250000000,53,0,15657,381498638,61.000000000,61.250000000,79,53,1,5,ESH6 P6600
2026-02-24T08:51:58.366881161Z,2026-02-24T08:51:58.333260213Z,1,1,42431181,T,A,0,61.250000000,26,0,13641,381499328,61.250000000,61.500000000,26,44,1,2,ESH6 P6600
2026-02-24T08:52:17.803816624Z,2026-02-24T08:52:17.757885977Z,1,1,42886213,T,B,0,119.000000000,1,0,11676,381564902,118.500000000,119.000000000,8,1,1,1,ESH6 P6830
2026-02-24T08:53:02.798702072Z,2026-02-24T08:53:02.798192343Z,1,1,42396048,T,A,0,155.000000000,1,0,13945,381681346,155.000000000,155.500000000,1,63,1,4,ESU6 P6100
2026-02-24T08:54:55.369371659Z,2026-02-24T08:54:55.368770135Z,1,1,42894579,T,B,0,36.250000000,2,0,12568,381983813,36.000000000,36.250000000,13,2,3,1,ESH6 C7030
2026-02-24T08:54:57.308594863Z,2026-02-24T08:54:57.209126881Z,1,1,42894579,T,B,0,36.250000000,2,0,11252,381990191,36.000000000,36.250000000,48,2,5,1,ESH6 C7030
2026-02-24T08:54:57.947238859Z,2026-02-24T08:54:57.946717781Z,1,1,42689132,T,B,0,38.000000000,2,0,15399,381992629,37.750000000,38.000000000,56,2,6,1,ESH6 C7025
2026-02-24T08:55:02.504280893Z,2026-02-24T08:55:02.445339213Z,1,1,42865925,T,B,0,56.000000000,1,0,14301,382005741,55.750000000,56.000000000,35,1,3,1,ESH6 C6980
2026-02-24T08:55:02.642994442Z,2026-02-24T08:55:02.452641513Z,1,1,42896849,T,B,0,33.000000000,2,0,11272,382008418,32.750000000,33.000000000,39,2,4,1,ESH6 C7040
2026-02-24T08:55:02.813359671Z,2026-02-24T08:55:02.471983597Z,1,1,42896847,T,B,0,40.000000000,1,0,15581,382012302,39.750000000,40.000000000,40,1,4,1,ESH6 C7020
2026-02-24T08:55:02.866616515Z,2026-02-24T08:55:02.523039231Z,1,1,42894579,T,B,0,36.500000000,1,0,15468,382013158,36.250000000,36.500000000,13,1,3,1,ESH6 C7030
2026-02-24T08:55:07.444867301Z,2026-02-24T08:55:07.444352415Z,1,1,42608051,T,B,0,23.000000000,2,0,14098,382041382,22.750000000,23.000000000,78,2,6,1,ESH6 C7075
2026-02-24T08:55:07.960866520Z,2026-02-24T08:55:07.960383757Z,1,1,42895788,T,B,0,27.000000000,2,0,13260,382042511,26.750000000,27.000000000,42,2,4,1,ESH6 C7060
2026-02-24T08:55:08.506259941Z,2026-02-24T08:55:08.505728959Z,1,1,42608051,T,B,0,23.000000000,2,0,15620,382043889,22.750000000,23.000000000,88,2,8,1,ESH6 C7075
2026-02-24T08:55:18.704007765Z,2026-02-24T08:55:18.675732175Z,1,1,42429064,T,A,0,124.500000000,1,0,14744,382072555,124.500000000,125.000000000,3,37,1,5,ESH6 P6850
2026-02-24T08:55:18.714943705Z,2026-02-24T08:55:18.677063569Z,1,1,42429064,T,A,0,124.500000000,1,0,13456,382072812,124.500000000,125.000000000,2,37,1,5,ESH6 P6850
2026-02-24T08:55:18.721202386Z,2026-02-24T08:55:18.678883993Z,1,1,42429064,T,A,0,124.500000000,1,0,15421,382072940,124.500000000,125.000000000,1,37,1,5,ESH6 P6850
2026-02-24T08:55:49.046736765Z,2026-02-24T08:55:49.002363139Z,1,1,42868334,T,B,0,122.000000000,3,0,14371,382162855,121.500000000,122.000000000,17,3,1,1,ESH6 C6860
2026-02-24T08:55:50.324609907Z,2026-02-24T08:55:50.324010637Z,1,1,2529216,T,B,0,6.300000000,3,0,16429,133830004,6.200000000,6.300000000,1796,3,7,1,UD:1V: VT 2529216
2026-02-24T08:56:22.594497546Z,2026-02-24T08:56:22.559514625Z,1,1,42426741,T,A,0,44.250000000,1,0,15340,382271726,44.250000000,44.500000000,1,48,1,4,ESH6 P6500
2026-02-24T08:57:29.240641375Z,2026-02-24T08:57:29.239913587Z,1,1,2519132,T,B,0,6.200000000,3,0,14255,133896119,6.100000000,6.200000000,1566,3,6,1,UD:1V: VT 2519132
2026-02-24T09:02:44.459310949Z,2026-02-24T09:02:44.430975505Z,1,1,42426741,T,A,0,43.250000000,1,0,13025,383525381,43.250000000,43.500000000,1,66,1,5,ESH6 P6500
2026-02-24T09:03:03.790350584Z,2026-02-24T09:03:03.766848265Z,1,1,42566722,T,B,0,115.000000000,1,0,11741,383575217,114.500000000,115.000000000,35,1,6,1,ESH6 C6875
2026-02-24T09:03:08.698846922Z,2026-02-24T09:03:08.538040535Z,1,1,42608050,T,A,0,60.250000000,6,0,11321,383593125,60.250000000,60.750000000,6,35,1,4,ESH6 C6975
2026-02-24T09:03:20.667385126Z,2026-02-24T09:03:20.666757671Z,1,1,42430453,T,B,0,18.100000000,4,0,14749,383634320,17.900000000,18.100000000,1,4,1,1,ESH6 P6200
2026-02-24T09:03:20.667385126Z,2026-02-24T09:03:20.666757671Z,1,1,42430453,T,B,0,18.200000000,6,0,14749,383634320,17.900000000,18.100000000,1,4,1,1,ESH6 P6200
2026-02-24T09:05:37.018467467Z,2026-02-24T09:05:36.860967911Z,1,1,42394812,T,B,0,224.000000000,3,0,11316,384048003,223.500000000,224.000000000,14,10,3,1,ESM6 P6800
2026-02-24T09:05:37.076821781Z,2026-02-24T09:05:36.954093583Z,1,1,42394812,T,B,0,224.000000000,7,0,13223,384049295,223.500000000,224.000000000,14,7,3,1,ESM6 P6800
2026-02-24T09:05:40.525433407Z,2026-02-24T09:05:40.500789433Z,1,1,42394761,T,B,0,109.000000000,2,0,13971,384061290,108.500000000,109.000000000,71,2,7,2,ESM6 P6250
2026-02-24T09:06:50.105257026Z,2026-02-24T09:06:50.099867243Z,1,1,42426741,T,A,0,43.250000000,13,0,16798,384253571,43.250000000,43.750000000,13,70,3,5,ESH6 P6500
2026-02-24T09:06:50.115429271Z,2026-02-24T09:06:50.105213451Z,1,1,42426741,T,B,0,43.250000000,7,0,13898,384253756,43.000000000,43.250000000,67,7,4,1,ESH6 P6500
2026-02-24T09:06:58.669422534Z,2026-02-24T09:06:58.566863901Z,1,1,42427508,T,B,0,17.900000000,1,0,13711,384273657,17.700000000,17.900000000,46,1,4,1,ESH6 C7100
2026-02-24T09:08:13.939341677Z,2026-02-24T09:08:13.938826407Z,1,1,42895805,T,B,0,10.900000000,1,0,14335,384484336,10.700000000,10.900000000,54,1,4,1,ESH6 C7140
2026-02-24T09:08:14.490928170Z,2026-02-24T09:08:14.482808299Z,1,1,42608051,T,B,0,23.750000000,1,0,11661,384487305,23.500000000,23.750000000,55,1,6,1,ESH6 C7075
2026-02-24T09:08:15.118889791Z,2026-02-24T09:08:15.115537049Z,1,1,42896848,T,B,0,12.400000000,1,0,14853,384488807,12.300000000,12.400000000,1,1,1,1,ESH6 C7130
2026-02-24T09:08:36.026794920Z,2026-02-24T09:08:36.026297397Z,1,1,42689131,T,B,0,13.200000000,1,0,13808,384562951,13.100000000,13.200000000,1,1,1,1,ESH6 C7125
2026-02-24T09:08:36.317724743Z,2026-02-24T09:08:36.295199931Z,1,1,42865926,T,B,0,8.400000000,1,0,11373,384564024,8.200000000,8.400000000,57,1,3,1,ESH6 C7160
2026-02-24T09:11:51.469862354Z,2026-02-24T09:11:51.398394779Z,1,1,42426741,T,A,0,42.250000000,1,0,11535,385038348,42.250000000,42.500000000,1,44,1,4,ESH6 P6500
2026-02-24T09:14:32.958206719Z,2026-02-24T09:14:32.957659877Z,1,1,42887191,T,B,0,125.000000000,1,0,13650,385446112,124.500000000,125.000000000,25,1,4,1,ESH6 P6870
2026-02-24T09:14:35.162783778Z,2026-02-24T09:14:35.162218431Z,1,1,42868338,T,B,0,107.000000000,1,0,12447,385451988,106.500000000,107.000000000,35,1,6,1,ESH6 C6890
2026-02-24T09:14:37.226444834Z,2026-02-24T09:14:37.225241551Z,1,1,42868338,T,B,0,107.000000000,1,0,16362,385455010,106.500000000,107.000000000,35,1,6,1,ESH6 C6890
2026-02-24T09:14:43.637397301Z,2026-02-24T09:14:43.530469731Z,1,1,42394812,T,A,0,221.000000000,10,0,11288,385468315,221.000000000,221.500000000,10,41,1,5,ESM6 P6800
2026-02-24T09:16:08.010050991Z,2026-02-24T09:16:08.009478623Z,1,1,42427507,T,A,0,166.000000000,2,0,15358,385706803,166.000000000,167.000000000,18,16,5,5,ESH6 C6800
2026-02-24T09:16:46.799409146Z,2026-02-24T09:16:46.582158783Z,1,1,42426741,T,A,0,41.250000000,1,0,14857,385785673,41.250000000,41.500000000,1,61,1,4,ESH6 P6500
2026-02-24T09:27:28.078849312Z,2026-02-24T09:27:27.848659397Z,1,1,42366510,T,B,0,158.000000000,4,0,13140,387069120,157.500000000,158.000000000,3,4,1,1,ESM6 C7100
2026-02-24T09:31:18.216316461Z,2026-02-24T09:31:18.197753693Z,1,1,42426741,T,B,0,42.250000000,1,0,16501,387520808,42.000000000,42.250000000,2,1,2,1,ESH6 P6500
2026-02-24T09:35:19.065050589Z,2026-02-24T09:35:18.809790353Z,1,1,42426741,T,B,0,43.250000000,1,0,11360,388018057,43.000000000,43.250000000,3,1,1,1,ESH6 P6500
2026-02-24T09:35:38.316423727Z,2026-02-24T09:35:38.315940371Z,1,1,42378618,T,B,0,257.500000000,1,0,15361,388090523,256.000000000,257.500000000,30,41,4,6,ESM6 P6900
2026-02-24T09:37:05.681630386Z,2026-02-24T09:37:05.641059593Z,1,1,42399706,T,B,0,194.000000000,1,0,12459,388352965,193.500000000,194.000000000,9,1,3,1,ESM6 P6700
2026-02-24T09:38:53.636713376Z,2026-02-24T09:38:53.636177239Z,1,1,42409666,T,B,0,61.750000000,10,0,16461,388545385,61.500000000,61.750000000,59,10,7,1,ESM6 P5800
2026-02-24T09:39:23.938708562Z,2026-02-24T09:39:23.912715987Z,1,1,42426741,T,A,0,42.250000000,1,0,14024,388606033,42.250000000,42.500000000,1,67,1,5,ESH6 P6500
2026-02-24T09:48:38.241671488Z,2026-02-24T09:48:38.233852739Z,1,1,42426741,T,A,0,41.250000000,1,0,14679,389550434,41.250000000,41.500000000,1,47,1,4,ESH6 P6500
2026-02-24T09:49:14.153889101Z,2026-02-24T09:49:14.151309517Z,1,1,42384308,T,A,0,18.000000000,4,0,13794,389591354,18.000000000,18.100000000,4,5,4,2,ESM6 P4600
2026-02-24T09:53:08.090644240Z,2026-02-24T09:53:08.090120649Z,1,1,42426741,T,A,0,41.250000000,1,0,13253,389957885,41.250000000,41.500000000,1,64,1,5,ESH6 P6500
2026-02-24T09:56:54.955723509Z,2026-02-24T09:56:54.955142201Z,1,1,2536017,T,B,0,532.000000000,1,0,15401,135463928,530.000000000,532.000000000,4,1,1,1,UD:1V: SG 2536017
2026-02-24T09:59:31.707967520Z,2026-02-24T09:59:31.707637911Z,1,1,42426741,T,A,0,41.000000000,1,0,18157,390425621,41.000000000,41.250000000,1,71,1,6,ESH6 P6500
2026-02-24T10:01:07.435357504Z,2026-02-24T10:01:07.434757491Z,1,1,2535878,T,B,0,597.500000000,1,0,19368,135514337,593.500000000,597.500000000,4,1,1,1,UD:1V: SG 2535878
2026-02-24T10:02:03.992533063Z,2026-02-24T10:02:03.992125211Z,1,1,2538289,T,A,0,14.300000000,1,0,13755,135538064,14.300000000,14.400000000,1,845,1,6,UD:1V: VT 2538289
2026-02-24T10:03:47.722605891Z,2026-02-24T10:03:47.660264969Z,1,1,42426741,T,A,0,40.250000000,1,0,13993,390830565,40.250000000,40.500000000,1,71,1,5,ESH6 P6500
2026-02-24T10:04:01.481507824Z,2026-02-24T10:04:01.441408947Z,1,1,42366511,T,B,0,21.000000000,1,0,11198,390856717,20.750000000,21.000000000,48,1,2,1,ESM6 C7600
2026-02-24T10:04:39.041939528Z,2026-02-24T10:04:39.037692115Z,1,1,42394740,T,B,0,31.000000000,1,0,13091,390911947,30.750000000,31.000000000,141,1,6,1,ESM6 P5200
2026-02-24T10:04:39.861984655Z,2026-02-24T10:04:39.857681013Z,1,1,42394740,T,B,0,31.000000000,1,0,13359,390912980,30.750000000,31.000000000,141,1,6,1,ESM6 P5200
2026-02-24T10:04:40.705164838Z,2026-02-24T10:04:40.699637063Z,1,1,42394740,T,B,0,31.000000000,1,0,13904,390916089,30.750000000,31.000000000,141,1,6,1,ESM6 P5200
2026-02-24T10:05:44.406796090Z,2026-02-24T10:05:44.406242949Z,1,1,42566722,T,A,0,119.000000000,1,0,16122,391024695,119.000000000,119.500000000,1,46,1,8,ESH6 C6875
2026-02-24T10:07:07.937829696Z,2026-02-24T10:07:07.857525285Z,1,1,42895795,T,A,0,121.000000000,3,0,12914,391190377,121.000000000,121.500000000,3,27,1,4,ESH6 C6870
2026-02-24T10:07:32.900973740Z,2026-02-24T10:07:32.888272889Z,1,1,42430453,T,B,0,16.900000000,18,0,13643,391249417,16.800000000,16.900000000,5,47,2,1,ESH6 P6200
2026-02-24T10:07:33.076361061Z,2026-02-24T10:07:33.043980337Z,1,1,42430453,T,B,0,16.900000000,10,0,11462,391250716,16.800000000,16.900000000,5,29,2,1,ESH6 P6200
2026-02-24T10:07:41.937973856Z,2026-02-24T10:07:41.913527205Z,1,1,42430453,T,B,0,16.900000000,19,0,11275,391268134,16.800000000,16.900000000,5,19,2,1,ESH6 P6200
2026-02-24T10:07:59.769043942Z,2026-02-24T10:07:59.734216057Z,1,1,42896832,T,B,0,119.000000000,3,0,11399,391296707,118.500000000,119.000000000,28,3,4,1,ESH6 P6860
2026-02-24T10:08:12.634251413Z,2026-02-24T10:08:12.464094665Z,1,1,42430453,T,B,0,16.900000000,53,0,10268,391332948,16.800000000,16.900000000,6,47,3,1,ESH6 P6200
2026-02-24T10:10:30.052750267Z,2026-02-24T10:10:30.009175889Z,1,1,42430453,T,B,0,16.900000000,15,0,12384,391535938,16.800000000,16.900000000,6,15,3,1,ESH6 P6200
2026-02-24T10:14:24.844718392Z,2026-02-24T10:14:24.842322165Z,1,1,42483101,T,B,0,74.000000000,2,0,17250,391860143,73.750000000,74.000000000,20,2,5,1,ESH6 C6950
2026-02-24T10:14:55.632561848Z,2026-02-24T10:14:55.628389529Z,1,1,42895798,T,A,0,23.250000000,4,0,15776,391888583,23.250000000,23.500000000,4,4,1,1,ESH6 P6310
2026-02-24T10:15:33.178364012Z,2026-02-24T10:15:33.162835145Z,1,1,42426741,T,B,0,41.250000000,1,0,14398,391939597,41.000000000,41.250000000,9,1,3,1,ESH6 P6500
2026-02-24T10:15:43.795741243Z,2026-02-24T10:15:43.795171315Z,1,1,42868330,T,B,0,63.500000000,4,0,14580,391979384,63.250000000,63.500000000,16,4,4,1,ESH6 C6970
2026-02-24T10:15:47.051364923Z,2026-02-24T10:15:47.050777941Z,1,1,42429687,T,B,0,50.000000000,5,0,13419,391980822,49.750000000,50.000000000,23,5,5,1,ESH6 C7000
2026-02-24T10:15:47.845131875Z,2026-02-24T10:15:47.825021861Z,1,1,42868330,T,B,0,63.500000000,4,0,12100,391981538,63.250000000,63.500000000,16,4,4,1,ESH6 C6970
2026-02-24T10:16:48.299621111Z,2026-02-24T10:16:48.299281053Z,1,1,42429687,T,B,0,50.000000000,5,0,13990,392066338,49.750000000,50.000000000,60,5,7,1,ESH6 C7000
2026-02-24T10:16:52.969911554Z,2026-02-24T10:16:52.969566161Z,1,1,42429687,T,B,0,50.000000000,5,0,13907,392071888,49.750000000,50.000000000,60,5,7,1,ESH6 C7000
2026-02-24T10:18:39.064828823Z,2026-02-24T10:18:39.064302155Z,1,1,42428246,T,A,0,30.250000000,1,0,13889,392194905,30.250000000,30.750000000,21,82,4,6,ESH6 P6400
2026-02-24T10:33:42.539250727Z,2026-02-24T10:33:42.383431855Z,1,1,42383331,T,B,0,65.250000000,4,0,11317,393376937,65.000000000,65.250000000,14,4,3,1,ESH6 P6650
2026-02-24T10:38:22.558733576Z,2026-02-24T10:38:22.558223455Z,1,1,42427507,T,A,0,166.000000000,1,0,12018,393804122,166.000000000,166.500000000,1,42,1,6,ESH6 C6800
2026-02-24T10:38:52.563455923Z,2026-02-24T10:38:52.562894177Z,1,1,42427501,T,A,0,185.000000000,1,0,13419,393842537,185.000000000,185.500000000,1,1,1,1,ESH6 P7000
2026-02-24T10:44:09.656515776Z,2026-02-24T10:44:09.631695395Z,1,1,42383331,T,A,0,64.500000000,1,0,13575,394355493,64.500000000,64.750000000,1,13,1,2,ESH6 P6650
2026-02-24T10:44:20.188487007Z,2026-02-24T10:44:20.184544005Z,1,1,42886221,T,A,0,79.250000000,1,0,14564,394376048,79.250000000,79.500000000,1,13,1,2,ESH6 P6720
2026-02-24T10:44:21.540353877Z,2026-02-24T10:44:21.539828403Z,1,1,42431946,T,A,0,135.000000000,50,0,14063,394382004,135.000000000,135.500000000,50,33,1,5,ESH6 P6900
2026-02-24T10:44:59.746163869Z,2026-02-24T10:44:59.741809647Z,1,1,42886220,T,A,0,70.500000000,1,0,13866,394419071,70.500000000,70.750000000,1,13,1,2,ESH6 P6680
2026-02-24T10:44:59.747706431Z,2026-02-24T10:44:59.741809823Z,1,1,42383331,T,A,0,64.500000000,1,0,13399,394419073,64.500000000,64.750000000,1,13,1,2,ESH6 P6650
2026-02-24T10:47:56.698798085Z,2026-02-24T10:47:56.690860387Z,1,1,42428246,T,B,0,31.000000000,1,0,13712,394688003,30.750000000,31.000000000,31,1,4,1,ESH6 P6400
2026-02-24T10:51:44.997470483Z,2026-02-24T10:51:44.960619971Z,1,1,42429687,T,A,0,49.500000000,18,0,13249,395102670,49.500000000,49.750000000,29,8,3,1,ESH6 C7000
2026-02-24T10:56:20.911286583Z,2026-02-24T10:56:20.910724471Z,1,1,42429687,T,B,0,50.750000000,1,0,14570,395550886,50.250000000,50.750000000,56,18,7,3,ESH6 C7000
2026-02-24T10:59:56.561310488Z,2026-02-24T10:59:56.560725755Z,1,1,2542732,T,A,0,-35.500000000,1,0,14105,136547964,-35.500000000,-35.250000000,1,204,1,1,UD:1V: GN 2542732
2026-02-24T11:01:02.523358843Z,2026-02-24T11:01:02.480701523Z,1,1,42384779,T,A,0,168.000000000,3,0,14080,396048617,168.000000000,168.500000000,3,45,1,6,ESM6 P6600
2026-02-24T11:01:24.748893042Z,2026-02-24T11:01:24.748271735Z,1,1,2542732,T,B,0,-35.500000000,1,0,14286,136616735,-36.000000000,-35.500000000,172,204,2,1,UD:1V: GN 2542732
2026-02-24T11:01:37.487695253Z,2026-02-24T11:01:37.485982921Z,1,1,2542770,T,A,0,5.400000000,1,0,14235,136623970,5.400000000,5.500000000,1,4,1,1,UD:1V: GN 2542770
2026-02-24T11:03:14.627325335Z,2026-02-24T11:03:14.626976257Z,1,1,42429064,T,A,0,116.000000000,1,0,13905,396392656,116.000000000,116.500000000,1,45,1,7,ESH6 P6850
2026-02-24T11:04:15.292296407Z,2026-02-24T11:04:15.245831767Z,1,1,42431945,T,B,0,99.500000000,1,0,12998,396536847,99.000000000,99.500000000,47,1,6,1,ESH6 P6800
2026-02-24T11:08:16.227469801Z,2026-02-24T11:08:16.226959921Z,1,1,42887182,T,B,0,6.800000000,1,0,14307,396921586,6.600000000,6.800000000,84,1,3,1,ESH6 C7180
2026-02-24T11:08:20.832832098Z,2026-02-24T11:08:20.832363997Z,1,1,42857655,T,B,0,3.050000000,2,0,13564,396927802,2.900000000,3.050000000,80,2,3,1,ESH6 C7240
2026-02-24T11:08:22.861971796Z,2026-02-24T11:08:22.861500643Z,1,1,42857655,T,B,0,3.050000000,2,0,14054,396928399,2.900000000,3.050000000,80,2,3,1,ESH6 C7240
2026-02-24T11:17:07.845581235Z,2026-02-24T11:17:07.844569003Z,1,1,42429687,T,A,0,50.000000000,1,0,15714,397884297,50.000000000,50.250000000,1,37,1,3,ESH6 C7000
2026-02-24T11:17:07.847187635Z,2026-02-24T11:17:07.844569177Z,1,1,42896847,T,A,0,42.000000000,1,0,14053,397884299,42.000000000,42.250000000,1,33,1,2,ESH6 C7020
2026-02-24T11:17:13.307858255Z,2026-02-24T11:17:13.300055055Z,1,1,42896847,T,A,0,42.000000000,1,0,14505,397895192,42.000000000,42.250000000,1,33,1,2,ESH6 C7020
2026-02-24T11:17:15.752765202Z,2026-02-24T11:17:15.749308551Z,1,1,42896847,T,A,0,42.000000000,1,0,14269,397898584,42.000000000,42.250000000,1,8,1,1,ESH6 C7020
2026-02-24T11:17:19.665527789Z,2026-02-24T11:17:19.659106265Z,1,1,42896847,T,A,0,42.000000000,1,0,15852,397902445,42.000000000,42.250000000,1,8,1,1,ESH6 C7020
2026-02-24T11:17:22.568929331Z,2026-02-24T11:17:22.545562565Z,1,1,42895803,T,A,0,54.250000000,1,0,11242,397905465,54.250000000,54.500000000,1,34,1,2,ESH6 C6990
2026-02-24T11:17:22.570083863Z,2026-02-24T11:17:22.545562757Z,1,1,42895788,T,A,0,28.500000000,1,0,13741,397905467,28.500000000,28.750000000,1,34,1,2,ESH6 C7060
2026-02-24T11:18:41.203507002Z,2026-02-24T11:18:41.170889883Z,1,1,42896847,T,A,0,42.000000000,1,0,11447,398035758,42.000000000,42.250000000,1,34,1,2,ESH6 C7020
2026-02-24T11:18:43.698000029Z,2026-02-24T11:18:43.657595235Z,1,1,42608050,T,A,0,61.000000000,6,0,13430,398047937,61.000000000,61.250000000,6,9,1,1,ESH6 C6975
2026-02-24T11:19:03.950015680Z,2026-02-24T11:19:03.882769215Z,1,1,42887189,T,A,0,45.500000000,4,0,11302,398102330,45.500000000,45.750000000,4,9,1,1,ESH6 C7010
2026-02-24T11:19:26.395603943Z,2026-02-24T11:19:26.380265299Z,1,1,42894579,T,A,0,38.000000000,1,0,14267,398165803,38.000000000,38.250000000,1,38,1,3,ESH6 C7030
2026-02-24T11:19:31.911720559Z,2026-02-24T11:19:31.841766073Z,1,1,42689132,T,A,0,39.750000000,5,0,11588,398184570,39.750000000,40.000000000,5,9,2,1,ESH6 C7025
2026-02-24T11:20:06.003235981Z,2026-02-24T11:20:05.990306927Z,1,1,42887189,T,A,0,45.500000000,1,0,12849,398236321,45.500000000,45.750000000,1,38,1,3,ESH6 C7010
2026-02-24T11:21:03.331845477Z,2026-02-24T11:21:03.324953433Z,1,1,42887189,T,A,0,45.250000000,1,0,14690,398349033,45.250000000,45.500000000,1,38,1,3,ESH6 C7010
2026-02-24T11:21:03.333383835Z,2026-02-24T11:21:03.324953611Z,1,1,42894579,T,A,0,37.750000000,1,0,11544,398349035,37.750000000,38.000000000,1,38,1,3,ESH6 C7030
2026-02-24T11:22:43.770987941Z,2026-02-24T11:22:43.759575351Z,1,1,42887189,T,A,0,45.250000000,1,0,14510,398491220,45.250000000,45.500000000,1,38,1,3,ESH6 C7010
2026-02-24T11:22:46.860403887Z,2026-02-24T11:22:46.811735211Z,1,1,42608050,T,A,0,60.250000000,1,0,12184,398499150,60.250000000,60.500000000,1,13,1,2,ESH6 C6975
2026-02-24T11:22:46.861071192Z,2026-02-24T11:22:46.811735403Z,1,1,42895803,T,A,0,53.500000000,1,0,11758,398499152,53.500000000,53.750000000,1,13,1,2,ESH6 C6990
2026-02-24T11:23:22.547963007Z,2026-02-24T11:23:22.541400851Z,1,1,2543144,T,B,0,20.750000000,200,0,15262,137123429,20.500000000,20.750000000,506,616,6,4,UD:1V: VT 2543144
2026-02-24T11:24:01.439773177Z,2026-02-24T11:24:01.439195513Z,1,1,42566722,T,A,0,114.500000000,1,0,15159,398661860,114.500000000,115.000000000,9,41,1,6,ESH6 C6875
2026-02-24T11:24:06.725482016Z,2026-02-24T11:24:06.724835951Z,1,1,42566722,T,A,0,114.500000000,1,0,15467,398679441,114.500000000,115.000000000,49,1,7,1,ESH6 C6875
2026-02-24T11:24:53.998322140Z,2026-02-24T11:24:53.967773519Z,1,1,42689132,T,A,0,39.250000000,1,0,13064,398750536,39.250000000,39.500000000,1,34,1,2,ESH6 C7025
2026-02-24T11:24:57.108656180Z,2026-02-24T11:24:57.099007221Z,1,1,42427500,T,A,0,23.250000000,1,0,13250,398759376,23.250000000,23.500000000,1,87,1,7,ESH6 P6300
2026-02-24T11:25:17.158434284Z,2026-02-24T11:25:17.144957923Z,1,1,2534214,T,A,0,59.750000000,39,0,14029,137157631,59.750000000,60.000000000,39,824,1,7,UD:1V: VT 2534214
2026-02-24T11:29:57.249236556Z,2026-02-24T11:29:57.248699941Z,1,1,2543139,T,A,0,65.250000000,30,0,17150,137240423,65.250000000,65.500000000,30,151,1,5,UD:1V: VT 2543139
2026-02-24T11:31:20.081210882Z,2026-02-24T11:31:20.072296667Z,1,1,42887179,T,B,0,30.000000000,1,0,12780,399328902,29.750000000,30.000000000,38,1,3,1,ESH6 P6390
2026-02-24T11:31:20.085922448Z,2026-02-24T11:31:20.072440123Z,1,1,42886219,T,B,0,21.750000000,1,0,12673,399329055,21.500000000,21.750000000,53,1,3,1,ESH6 P6280
2026-02-24T11:31:21.442176654Z,2026-02-24T11:31:21.440008775Z,1,1,42895803,T,A,0,53.750000000,1,0,13987,399333865,53.750000000,54.000000000,1,34,1,2,ESH6 C6990
2026-02-24T11:31:24.245710842Z,2026-02-24T11:31:24.245224547Z,1,1,42886227,T,B,0,98.500000000,15,0,14436,399335916,98.250000000,98.500000000,37,15,5,1,ESH6 P6790
2026-02-24T11:31:24.245823827Z,2026-02-24T11:31:24.245224727Z,1,1,42886227,T,B,0,98.500000000,30,0,13866,399335918,98.250000000,98.500000000,37,15,5,1,ESH6 P6790
2026-02-24T11:31:24.246102405Z,2026-02-24T11:31:24.245224929Z,1,1,42886227,T,B,0,98.500000000,5,0,13710,399335920,98.250000000,98.500000000,37,5,5,1,ESH6 P6790
2026-02-24T11:31:31.696863832Z,2026-02-24T11:31:31.696140763Z,1,1,42422428,T,B,0,131.500000000,15,0,14634,399354505,131.000000000,131.500000000,51,15,9,1,ESH6 C6850
2026-02-24T11:31:32.158939083Z,2026-02-24T11:31:32.155064497Z,1,1,42868330,T,B,0,63.000000000,9,0,14383,399355039,62.750000000,63.000000000,19,9,4,1,ESH6 C6970
2026-02-24T11:31:34.006240618Z,2026-02-24T11:31:34.004115859Z,1,1,42608050,T,A,0,60.500000000,1,0,13895,399356398,60.500000000,60.750000000,1,34,1,2,ESH6 C6975
2026-02-24T11:31:34.007717463Z,2026-02-24T11:31:34.004116213Z,1,1,42896847,T,A,0,41.500000000,1,0,12471,399356400,41.500000000,41.750000000,1,34,1,2,ESH6 C7020
2026-02-24T11:32:01.091657778Z,2026-02-24T11:32:01.091141551Z,1,1,42887174,T,B,0,92.750000000,15,0,14749,399399223,92.500000000,92.750000000,34,15,4,1,ESH6 P6770
2026-02-24T11:32:01.091917406Z,2026-02-24T11:32:01.091141933Z,1,1,42887174,T,B,0,92.750000000,15,0,11541,399399225,92.500000000,92.750000000,34,15,4,1,ESH6 P6770
2026-02-24T11:32:01.091945091Z,2026-02-24T11:32:01.091142111Z,1,1,42887174,T,B,0,92.750000000,15,0,12144,399399226,92.500000000,92.750000000,34,15,4,1,ESH6 P6770
2026-02-24T11:32:06.410232373Z,2026-02-24T11:32:06.409878487Z,1,1,42212203,T,A,0,95.000000000,5,0,14207,399411013,95.000000000,95.250000000,5,84,1,7,ESM6 C7250
2026-02-24T11:32:52.965975453Z,2026-02-24T11:32:52.959039489Z,1,1,42895803,T,A,0,53.500000000,1,0,14194,399479935,53.500000000,53.750000000,1,34,1,2,ESH6 C6990
2026-02-24T11:32:52.969886979Z,2026-02-24T11:32:52.959177227Z,1,1,42608050,T,A,0,60.250000000,1,0,10250,399480005,60.250000000,60.500000000,1,34,1,2,ESH6 C6975
2026-02-24T11:35:00.875488143Z,2026-02-24T11:35:00.867455507Z,1,1,2534506,T,A,0,21.250000000,1,0,15121,137322989,21.250000000,21.750000000,1,164,1,4,UD:1V: VT 2534506
2026-02-24T11:35:06.484971389Z,2026-02-24T11:35:06.481044323Z,1,1,42887190,T,A,0,87.750000000,10,0,15286,399706953,87.750000000,88.250000000,10,57,2,5,ESH6 C6920
2026-02-24T11:35:06.495638556Z,2026-02-24T11:35:06.481090573Z,1,1,42868338,T,A,0,105.000000000,9,0,16111,399707066,105.000000000,105.500000000,9,38,2,3,ESH6 C6890
2026-02-24T11:35:06.516325426Z,2026-02-24T11:35:06.481125361Z,1,1,42643322,T,A,0,109.500000000,9,0,13482,399707481,109.500000000,110.000000000,9,26,1,3,ESH6 P6825
2026-02-24T11:35:06.522778323Z,2026-02-24T11:35:06.482112651Z,1,1,42868335,T,B,0,93.250000000,17,0,13152,399707608,93.000000000,93.250000000,21,6,2,1,ESH6 C6910
2026-02-24T11:35:06.547230435Z,2026-02-24T11:35:06.482985553Z,1,1,42868334,T,B,0,123.500000000,4,0,13994,399708181,123.000000000,123.500000000,7,6,2,1,ESH6 C6860
2026-02-24T11:35:06.551888899Z,2026-02-24T11:35:06.483368367Z,1,1,42422428,T,B,0,130.000000000,6,0,11263,399708336,129.500000000,130.000000000,10,2,2,1,ESH6 C6850
2026-02-24T11:35:06.553566432Z,2026-02-24T11:35:06.483853741Z,1,1,42892047,T,B,0,66.750000000,4,0,10381,399708395,66.500000000,66.750000000,4,5,1,1,ESH6 C6960
2026-02-24T11:35:07.351074973Z,2026-02-24T11:35:07.349646509Z,1,1,42427508,T,A,0,17.600000000,1,0,13305,399718246,17.600000000,17.900000000,1,56,1,4,ESH6 C7100
2026-02-24T11:35:12.832168680Z,2026-02-24T11:35:12.808990383Z,1,1,42394740,T,B,0,31.500000000,4,0,12928,399737345,31.250000000,31.500000000,124,4,5,1,ESM6 P5200
2026-02-24T11:36:58.737145778Z,2026-02-24T11:36:58.733285969Z,1,1,42608050,T,B,0,59.750000000,9,0,13171,399998321,59.500000000,59.750000000,41,9,5,1,ESH6 C6975
2026-02-24T11:39:21.274498912Z,2026-02-24T11:39:21.273956803Z,1,1,42894584,T,B,0,108.500000000,1,0,13654,400327493,108.000000000,108.500000000,30,10,3,3,ESH6 P6820
2026-02-24T11:46:02.695358285Z,2026-02-24T11:46:02.691440143Z,1,1,42384725,T,A,0,51.500000000,1,0,14686,401051965,51.500000000,52.000000000,1,46,1,6,ESM6 C7400
2026-02-24T11:50:07.585499055Z,2026-02-24T11:50:07.583998621Z,1,1,42427507,T,A,0,163.000000000,15,0,14622,401443483,163.000000000,163.500000000,20,44,1,5,ESH6 C6800
2026-02-24T11:50:07.587372839Z,2026-02-24T11:50:07.584075205Z,1,1,42427507,T,A,0,163.000000000,5,0,13819,401443532,163.000000000,163.500000000,5,44,1,5,ESH6 C6800
2026-02-24T11:50:47.664486824Z,2026-02-24T11:50:47.649580965Z,1,1,42431945,T,A,0,101.500000000,7,0,16946,401538781,101.500000000,102.000000000,20,68,1,7,ESH6 P6800
2026-02-24T11:50:50.601268712Z,2026-02-24T11:50:50.597976639Z,1,1,42431945,T,A,0,101.500000000,5,0,13781,401544924,101.500000000,102.000000000,13,43,1,6,ESH6 P6800
2026-02-24T11:50:51.597946679Z,2026-02-24T11:50:51.597167069Z,1,1,42431945,T,A,0,101.500000000,8,0,14510,401546906,101.500000000,102.000000000,8,43,1,6,ESH6 P6800
2026-02-24T11:53:31.421872370Z,2026-02-24T11:53:31.402108583Z,1,1,42886218,T,B,0,24.500000000,1,0,11310,401826496,24.250000000,24.500000000,12,1,2,1,ESH6 P6320
2026-02-24T11:55:02.099604941Z,2026-02-24T11:55:02.076970733Z,1,1,2543757,T,A,0,30.250000000,2,0,14483,137752134,30.250000000,30.500000000,2,20,1,1,UD:1V: SG 2543757
2026-02-24T11:56:08.860631643Z,2026-02-24T11:56:08.856748907Z,1,1,42764935,T,B,0,33.250000000,1,0,11301,402097362,33.000000000,33.250000000,81,1,6,1,ESH6 P6425
2026-02-24T11:56:08.862202850Z,2026-02-24T11:56:08.856749087Z,1,1,42427500,T,B,0,23.000000000,1,0,11413,402097364,22.750000000,23.000000000,146,1,7,1,ESH6 P6300
2026-02-24T11:56:23.910490664Z,2026-02-24T11:56:23.910064673Z,1,1,2543788,T,B,0,33.250000000,2,0,14014,137778232,32.750000000,33.250000000,15,2,1,1,UD:1V: SG 2543788
2026-02-24T11:56:35.538420267Z,2026-02-24T11:56:35.537869345Z,1,1,42427500,T,B,0,23.000000000,1,0,17661,402148619,22.750000000,23.000000000,101,1,6,1,ESH6 P6300
2026-02-24T11:56:35.539774851Z,2026-02-24T11:56:35.537869525Z,1,1,42892056,T,B,0,32.750000000,1,0,13795,402148621,32.500000000,32.750000000,38,1,3,1,ESH6 P6420
2026-02-24T11:56:41.729511000Z,2026-02-24T11:56:41.724218943Z,1,1,42431945,T,A,0,101.500000000,11,0,14115,402162603,101.500000000,102.000000000,20,59,1,6,ESH6 P6800
2026-02-24T11:56:41.738613343Z,2026-02-24T11:56:41.724347265Z,1,1,42431945,T,A,0,101.500000000,5,0,12981,402162786,101.500000000,102.000000000,9,59,1,6,ESH6 P6800
2026-02-24T11:56:41.740719050Z,2026-02-24T11:56:41.724366169Z,1,1,42431945,T,A,0,101.500000000,4,0,13393,402162824,101.500000000,102.000000000,4,59,1,6,ESH6 P6800
2026-02-24T11:57:24.754680477Z,2026-02-24T11:57:24.754098025Z,1,1,2534215,T,A,0,46.500000000,1,0,13805,137800235,46.500000000,46.750000000,36,263,2,5,UD:1V: VT 2534215
2026-02-24T11:58:04.151620437Z,2026-02-24T11:58:04.123226847Z,1,1,42868330,T,A,0,62.000000000,1,0,13100,402389393,62.000000000,62.250000000,1,33,1,2,ESH6 C6970
2026-02-24T12:00:03.073529245Z,2026-02-24T12:00:03.052150767Z,1,1,2543813,T,B,0,3.650000000,4,0,14665,137890826,3.550000000,3.650000000,1035,4,8,1,UD:1V: VT 2543813
2026-02-24T12:00:04.253180207Z,2026-02-24T12:00:03.961089251Z,1,1,42426742,T,A,0,434.500000000,30,0,14848,402719063,434.500000000,,30,0,1,0,ESH6 P7300
2026-02-24T12:01:17.516256650Z,2026-02-24T12:01:17.510391423Z,1,1,42409666,T,B,0,61.250000000,8,0,15128,403378318,60.750000000,61.250000000,111,8,6,1,ESM6 P5800
2026-02-24T12:02:45.891094839Z,2026-02-24T12:02:45.889808475Z,1,1,2534214,T,A,0,60.000000000,38,0,14173,138192492,60.000000000,60.250000000,38,768,1,6,UD:1V: VT 2534214
2026-02-24T12:02:48.522675852Z,2026-02-24T12:02:48.182886253Z,1,1,2543813,T,B,0,3.700000000,4,0,12272,138197403,3.600000000,3.700000000,784,4,7,1,UD:1V: VT 2543813
2026-02-24T12:03:52.954401791Z,2026-02-24T12:03:52.953803799Z,1,1,2543869,T,A,0,34.750000000,20,0,15402,138280060,34.750000000,35.500000000,123,190,3,6,UD:1V: BO 2543869
2026-02-24T12:04:36.228544458Z,2026-02-24T12:04:36.157868681Z,1,1,42427508,T,A,0,18.000000000,20,0,14575,404460273,18.000000000,18.200000000,20,39,1,3,ESH6 C7100
2026-02-24T12:04:59.902734251Z,2026-02-24T12:04:59.885608907Z,1,1,42431945,T,A,0,99.500000000,1,0,13354,404594820,99.500000000,100.000000000,1,61,1,6,ESH6 P6800
2026-02-24T12:05:59.352273552Z,2026-02-24T12:05:59.344081921Z,1,1,2543813,T,B,0,3.750000000,4,0,14667,138435053,3.650000000,3.750000000,637,4,6,1,UD:1V: VT 2543813
2026-02-24T12:06:01.015649538Z,2026-02-24T12:06:00.978801863Z,1,1,42431946,T,A,0,133.000000000,13,0,11612,404876391,133.000000000,133.500000000,100,24,1,4,ESH6 P6900
2026-02-24T12:06:01.035244226Z,2026-02-24T12:06:00.979066867Z,1,1,42431946,T,A,0,133.000000000,6,0,13393,404876700,133.000000000,133.500000000,87,24,1,4,ESH6 P6900
2026-02-24T12:06:03.208724101Z,2026-02-24T12:06:03.122723761Z,1,1,42431946,T,A,0,133.000000000,8,0,11787,404891496,133.000000000,133.500000000,81,29,1,4,ESH6 P6900
2026-02-24T12:06:03.209717112Z,2026-02-24T12:06:03.122764291Z,1,1,42431946,T,A,0,133.000000000,12,0,11588,404891535,133.000000000,133.500000000,73,29,1,4,ESH6 P6900
2026-02-24T12:06:03.215392872Z,2026-02-24T12:06:03.122916699Z,1,1,42431946,T,A,0,133.000000000,6,0,13873,404891728,133.000000000,133.500000000,61,29,1,4,ESH6 P6900
2026-02-24T12:06:03.216196504Z,2026-02-24T12:06:03.122929023Z,1,1,42431946,T,A,0,133.000000000,6,0,11453,404891759,133.000000000,133.500000000,55,29,1,4,ESH6 P6900
2026-02-24T12:06:03.221898280Z,2026-02-24T12:06:03.123078849Z,1,1,42431946,T,A,0,133.000000000,7,0,13850,404891944,133.000000000,133.500000000,49,29,1,4,ESH6 P6900
2026-02-24T12:06:03.222294125Z,2026-02-24T12:06:03.123088585Z,1,1,42431946,T,A,0,133.000000000,6,0,11638,404891959,133.000000000,133.500000000,42,29,1,4,ESH6 P6900
2026-02-24T12:06:03.230404973Z,2026-02-24T12:06:03.123395609Z,1,1,42426741,T,A,0,40.250000000,1,0,14319,404892176,40.250000000,40.500000000,1,43,1,4,ESH6 P6500
2026-02-24T12:06:03.355352223Z,2026-02-24T12:06:03.124802131Z,1,1,42431946,T,A,0,133.000000000,36,0,11578,404894427,133.000000000,133.500000000,36,28,1,3,ESH6 P6900
2026-02-24T12:06:03.795782435Z,2026-02-24T12:06:03.543842335Z,1,1,42431945,T,A,0,98.500000000,1,0,12937,404901077,98.500000000,98.750000000,1,9,1,2,ESH6 P6800
2026-02-24T12:06:10.932348176Z,2026-02-24T12:06:10.634554713Z,1,1,42427500,T,A,0,22.000000000,1,0,11243,404947571,22.000000000,22.250000000,1,2,1,2,ESH6 P6300
2026-02-24T12:06:16.256178826Z,2026-02-24T12:06:16.255652347Z,1,1,42430453,T,B,0,16.600000000,8,0,13790,404969213,16.500000000,16.600000000,30,8,3,1,ESH6 P6200
2026-02-24T12:06:17.470571832Z,2026-02-24T12:06:17.470034363Z,1,1,42430453,T,B,0,16.600000000,20,0,14700,404972148,16.500000000,16.600000000,30,20,3,1,ESH6 P6200
2026-02-24T12:06:22.615698655Z,2026-02-24T12:06:22.599039473Z,1,1,42431946,T,A,0,132.000000000,8,0,12807,404982283,132.000000000,132.500000000,50,38,1,6,ESH6 P6900
2026-02-24T12:06:22.623155987Z,2026-02-24T12:06:22.599370263Z,1,1,42431946,T,A,0,132.000000000,6,0,10503,404982453,132.000000000,132.500000000,42,38,1,6,ESH6 P6900
2026-02-24T12:06:22.641308352Z,2026-02-24T12:06:22.599523807Z,1,1,42431946,T,A,0,132.000000000,6,0,11257,404982696,132.000000000,132.500000000,36,38,1,6,ESH6 P6900
2026-02-24T12:06:22.694213611Z,2026-02-24T12:06:22.609523127Z,1,1,42431946,T,A,0,132.000000000,25,0,15781,404983939,132.000000000,132.500000000,30,38,1,6,ESH6 P6900
2026-02-24T12:06:22.713701573Z,2026-02-24T12:06:22.615944261Z,1,1,42431946,T,A,0,132.000000000,5,0,13503,404984373,132.000000000,132.500000000,5,38,1,6,ESH6 P6900
2026-02-24T12:06:22.830351096Z,2026-02-24T12:06:22.619770393Z,1,1,2543813,T,B,0,3.800000000,4,0,12189,138465643,3.700000000,3.800000000,409,4,4,1,UD:1V: VT 2543813
2026-02-24T12:10:15.131965592Z,2026-02-24T12:10:15.131383405Z,1,1,42499828,T,B,0,9.900000000,50,0,13735,405909622,9.700000000,9.900000000,25,92,1,3,ESH6 C7150
2026-02-24T12:10:56.937273272Z,2026-02-24T12:10:56.708997503Z,1,1,42426741,T,B,0,41.250000000,1,0,14505,406060940,41.000000000,41.250000000,70,1,4,1,ESH6 P6500
2026-02-24T12:14:25.274151403Z,2026-02-24T12:14:25.025598399Z,1,1,42431945,T,B,0,100.000000000,2,0,12919,406815961,99.500000000,100.000000000,12,2,2,1,ESH6 P6800
2026-02-24T12:15:10.725079048Z,2026-02-24T12:15:10.695090193Z,1,1,42430453,T,A,0,17.000000000,1,0,13167,406967597,17.000000000,17.100000000,1,5,1,2,ESH6 P6200
2026-02-24T12:16:56.550226947Z,2026-02-24T12:16:56.549662129Z,1,1,2544084,T,A,0,89.250000000,3,0,14459,138971998,89.250000000,89.500000000,3,55,1,3,UD:1V: GN 2544084
2026-02-24T12:18:52.615215623Z,2026-02-24T12:18:52.592766027Z,1,1,42886219,T,B,0,22.000000000,1,0,13223,407606740,21.750000000,22.000000000,1,1,1,1,ESH6 P6280
2026-02-24T12:20:12.518011739Z,2026-02-24T12:20:12.517549529Z,1,1,2544144,T,A,0,137.000000000,15,0,13589,139086539,137.000000000,138.000000000,15,119,1,5,UD:1V: DG 2544144
2026-02-24T12:20:12.518242780Z,2026-02-24T12:20:12.517550135Z,1,1,2544144,T,A,0,137.000000000,8,0,14162,139086541,137.000000000,138.000000000,15,119,1,5,UD:1V: DG 2544144
2026-02-24T12:20:21.234666347Z,2026-02-24T12:20:21.234043453Z,1,1,2544144,T,A,0,137.000000000,7,0,15212,139089375,137.000000000,138.000000000,7,101,1,5,UD:1V: DG 2544144
2026-02-24T12:20:52.691807253Z,2026-02-24T12:20:52.691227121Z,1,1,2544144,T,A,0,137.000000000,15,0,13783,139101313,137.000000000,137.500000000,15,94,1,5,UD:1V: DG 2544144
2026-02-24T12:23:26.159437791Z,2026-02-24T12:23:26.158499121Z,1,1,42426741,T,B,0,42.250000000,1,0,14948,408255588,42.000000000,42.250000000,42,1,4,1,ESH6 P6500
2026-02-24T12:23:52.441914098Z,2026-02-24T12:23:52.342385937Z,1,1,42431945,T,A,0,103.000000000,4,0,11647,408370790,103.000000000,104.000000000,4,53,1,6,ESH6 P6800
2026-02-24T12:23:52.521339569Z,2026-02-24T12:23:52.441917483Z,1,1,42431945,T,B,0,103.000000000,4,0,12183,408372114,102.500000000,103.000000000,46,4,5,1,ESH6 P6800
2026-02-24T12:24:05.247885517Z,2026-02-24T12:24:05.247103745Z,1,1,42435427,T,A,0,89.000000000,10,0,13827,408423573,89.000000000,89.750000000,43,43,5,6,ESH6 P6750
2026-02-24T12:24:09.608794263Z,2026-02-24T12:24:09.570344985Z,1,1,2529216,T,A,0,6.400000000,3,0,14179,139232338,6.400000000,6.500000000,3,2033,1,7,UD:1V: VT 2529216
2026-02-24T12:27:24.275133663Z,2026-02-24T12:27:24.247861539Z,1,1,2544144,T,A,0,137.000000000,15,0,13823,139355736,137.000000000,137.500000000,15,102,1,4,UD:1V: DG 2544144
2026-02-24T12:27:24.654434248Z,2026-02-24T12:27:24.653844201Z,1,1,2544144,T,A,0,137.000000000,5,0,14778,139356864,137.000000000,137.500000000,15,94,1,5,UD:1V: DG 2544144
2026-02-24T12:27:29.835537376Z,2026-02-24T12:27:29.834920037Z,1,1,2544144,T,A,0,137.000000000,10,0,15013,139360241,137.000000000,137.500000000,10,84,1,4,UD:1V: DG 2544144
2026-02-24T12:27:32.976973400Z,2026-02-24T12:27:32.976426643Z,1,1,42428246,T,A,0,31.000000000,10,0,13567,409003245,31.000000000,31.250000000,10,65,1,6,ESH6 P6400
2026-02-24T12:28:08.877702862Z,2026-02-24T12:28:08.838036053Z,1,1,2544380,T,B,0,0.000000000,2,0,14238,139389169,-0.700000000,0.000000000,30,4,3,1,UD:1V: 12 2544380
2026-02-24T12:28:08.926438002Z,2026-02-24T12:28:08.877706775Z,1,1,2544380,T,B,0,0.000000000,2,0,13995,139389454,-0.700000000,0.000000000,30,2,3,1,UD:1V: 12 2544380
2026-02-24T12:29:22.078681597Z,2026-02-24T12:29:22.074696365Z,1,1,42689131,T,B,0,13.100000000,1,0,14428,409322543,12.900000000,13.100000000,72,1,4,1,ESH6 C7125
2026-02-24T12:29:25.929265239Z,2026-02-24T12:29:25.928749219Z,1,1,42896832,T,A,0,123.000000000,1,0,16581,409327528,123.000000000,123.500000000,1,32,1,4,ESH6 P6860
2026-02-24T12:31:35.546482657Z,2026-02-24T12:31:35.545928265Z,1,1,42431945,T,A,0,104.000000000,1,0,18755,409745313,104.000000000,104.500000000,1,56,1,7,ESH6 P6800
2026-02-24T12:32:27.020801256Z,2026-02-24T12:32:26.952974187Z,1,1,42426741,T,B,0,43.250000000,1,0,12815,409955500,43.000000000,43.250000000,12,1,2,1,ESH6 P6500
2026-02-24T12:35:14.208418746Z,2026-02-24T12:35:14.191982991Z,1,1,42431946,T,A,0,141.500000000,17,0,16710,410470710,141.500000000,142.500000000,17,38,2,6,ESH6 P6900
2026-02-24T12:35:14.268119179Z,2026-02-24T12:35:14.208198849Z,1,1,42431946,T,B,0,141.500000000,3,0,11639,410471935,141.000000000,141.500000000,22,83,4,1,ESH6 P6900
2026-02-24T12:35:14.287879765Z,2026-02-24T12:35:14.208363481Z,1,1,42431946,T,B,0,141.500000000,25,0,11415,410472281,141.000000000,141.500000000,19,80,3,1,ESH6 P6900
2026-02-24T12:35:14.287980483Z,2026-02-24T12:35:14.208367021Z,1,1,42431946,T,B,0,141.500000000,27,0,11227,410472283,141.000000000,141.500000000,19,55,3,1,ESH6 P6900
2026-02-24T12:35:14.338385186Z,2026-02-24T12:35:14.250061211Z,1,1,42431946,T,B,0,141.500000000,27,0,11760,410473765,141.000000000,141.500000000,19,28,3,1,ESH6 P6900
2026-02-24T12:35:14.345955485Z,2026-02-24T12:35:14.258300741Z,1,1,42431946,T,B,0,141.500000000,1,0,11381,410473940,141.000000000,141.500000000,19,1,3,1,ESH6 P6900
2026-02-24T12:35:14.673901192Z,2026-02-24T12:35:14.501917989Z,1,1,42431945,T,B,0,106.000000000,1,0,11411,410480305,105.500000000,106.000000000,4,1,1,1,ESH6 P6800
2026-02-24T12:35:23.678840973Z,2026-02-24T12:35:23.649921757Z,1,1,42431181,T,B,0,59.250000000,46,0,16530,410534386,58.750000000,59.250000000,18,46,3,5,ESH6 P6600
2026-02-24T12:35:23.731625651Z,2026-02-24T12:35:23.678799163Z,1,1,42431181,T,A,0,59.250000000,26,0,13456,410535231,59.250000000,59.500000000,54,38,1,2,ESH6 P6600
2026-02-24T12:35:23.731922296Z,2026-02-24T12:35:23.678836277Z,1,1,42431181,T,A,0,59.250000000,28,0,12758,410535233,59.250000000,59.500000000,28,38,1,2,ESH6 P6600
2026-02-24T12:35:26.897028829Z,2026-02-24T12:35:26.799752605Z,1,1,2534506,T,A,0,20.250000000,1,0,13242,139752717,20.250000000,20.500000000,1,56,1,2,UD:1V: VT 2534506
2026-02-24T12:35:47.526666387Z,2026-02-24T12:35:47.522573185Z,1,1,42428246,T,B,0,32.750000000,2,0,19543,410690163,32.250000000,32.750000000,88,2,6,2,ESH6 P6400
2026-02-24T12:35:47.534409995Z,2026-02-24T12:35:47.526623085Z,1,1,42428246,T,A,0,32.750000000,8,0,17336,410690279,32.750000000,33.000000000,8,103,1,5,ESH6 P6400
2026-02-24T12:36:56.646305453Z,2026-02-24T12:36:56.645721293Z,1,1,2544958,T,A,0,19.000000000,1,0,14735,139866714,19.000000000,19.400000000,1,50,1,1,UD:1V: IC 2544958
2026-02-24T12:37:25.434218699Z,2026-02-24T12:37:25.430746283Z,1,1,2541836,T,A,0,62.500000000,23,0,13493,139899300,62.500000000,62.750000000,63,253,1,5,UD:1V: VT 2541836
2026-02-24T12:37:32.442781693Z,2026-02-24T12:37:32.372084589Z,1,1,42426741,T,B,0,44.250000000,1,0,11447,411141219,44.000000000,44.250000000,37,1,3,1,ESH6 P6500
2026-02-24T12:38:03.229536167Z,2026-02-24T12:38:03.194523581Z,1,1,2541836,T,A,0,62.500000000,18,0,14784,139941506,62.500000000,62.750000000,63,250,1,5,UD:1V: VT 2541836
2026-02-24T12:38:33.020458477Z,2026-02-24T12:38:32.974993439Z,1,1,42431945,T,A,0,106.000000000,1,0,13983,411335787,106.000000000,106.500000000,1,38,1,6,ESH6 P6800
2026-02-24T12:39:53.106788906Z,2026-02-24T12:39:53.038597471Z,1,1,42427413,T,B,0,51.500000000,1,0,12989,411565950,51.250000000,51.500000000,41,1,3,1,ESH6 P6550
2026-02-24T12:39:54.204306936Z,2026-02-24T12:39:54.186926119Z,1,1,2509301,T,A,0,108.500000000,22,0,14737,140017654,108.500000000,109.000000000,64,115,1,4,UD:1V: VT 2509301
2026-02-24T12:40:05.533266307Z,2026-02-24T12:40:05.531225835Z,1,1,2529216,T,A,0,6.300000000,3,0,16548,140029874,6.300000000,6.400000000,3,2037,1,7,UD:1V: VT 2529216
2026-02-24T12:40:14.659511903Z,2026-02-24T12:40:14.530474969Z,1,1,640252,T,B,0,16.600000000,1,0,12048,411694667,16.500000000,16.600000000,154,1,1,1,ESZ6 P3000
2026-02-24T12:40:24.764449631Z,2026-02-24T12:40:24.763853353Z,1,1,2541716,T,B,0,-29.000000000,1,0,16365,140079289,-29.500000000,-29.000000000,38,1,1,1,UD:1V: GN 2541716
2026-02-24T12:40:29.609086515Z,2026-02-24T12:40:29.595843265Z,1,1,42426741,T,B,0,45.250000000,1,0,11462,411791123,45.000000000,45.250000000,17,1,3,1,ESH6 P6500
2026-02-24T12:40:29.758537178Z,2026-02-24T12:40:29.757385113Z,1,1,2540864,T,A,0,3.200000000,1,0,14392,140091043,3.200000000,3.300000000,5,222,2,3,UD:1V: VT 2540864
2026-02-24T12:40:30.567779528Z,2026-02-24T12:40:30.543472255Z,1,1,42426738,T,B,0,1.250000000,1,0,14340,411796491,1.200000000,1.250000000,168,1,1,1,ESH6 P4700
2026-02-24T12:40:36.968621458Z,2026-02-24T12:40:36.963278239Z,1,1,2534643,T,A,0,136.000000000,66,0,13577,140105744,136.000000000,137.000000000,66,96,1,3,UD:1V: VT 2534643
2026-02-24T12:40:41.448642234Z,2026-02-24T12:40:41.418772663Z,1,1,42499828,T,A,0,8.900000000,30,0,12683,411865745,8.900000000,9.200000000,25,161,1,5,ESH6 C7150
2026-02-24T12:40:41.477834827Z,2026-02-24T12:40:41.448603693Z,1,1,42499828,T,A,0,8.900000000,20,0,14489,411866408,8.900000000,9.200000000,20,161,1,5,ESH6 C7150
2026-02-24T12:41:15.304873096Z,2026-02-24T12:41:15.257054747Z,1,1,42431945,T,A,0,108.500000000,1,0,12979,412022316,108.500000000,109.000000000,1,45,1,5,ESH6 P6800
2026-02-24T12:41:18.013724203Z,2026-02-24T12:41:18.013108427Z,1,1,2545183,T,B,0,5.800000000,1,0,13499,140164078,5.700000000,5.800000000,501,190,5,3,UD:1V: VT 2545183
2026-02-24T12:42:28.846088007Z,2026-02-24T12:42:28.584430573Z,1,1,2545229,T,A,0,3.750000000,1,0,13549,140247283,3.750000000,3.850000000,1,1337,1,6,UD:1V: VT 2545229
2026-02-24T12:42:56.252235363Z,2026-02-24T12:42:56.251711265Z,1,1,42499828,T,A,0,8.700000000,2,0,13425,412457378,8.700000000,9.100000000,134,61,4,3,ESH6 C7150
2026-02-24T12:43:09.622876964Z,2026-02-24T12:43:09.609531115Z,1,1,42545724,T,B,0,2.450000000,1,0,13740,412519694,2.400000000,2.450000000,4,1,1,1,ESH6 C7250
2026-02-24T12:43:11.445108253Z,2026-02-24T12:43:11.444595975Z,1,1,2545250,T,A,0,18.300000000,2,0,14586,140295670,18.300000000,18.500000000,2,10,1,2,UD:1V: 12 2545250
2026-02-24T12:43:16.361695544Z,2026-02-24T12:43:16.361169299Z,1,1,42431946,T,B,0,146.000000000,50,0,14347,412539055,145.500000000,146.000000000,15,50,4,1,ESH6 P6900
2026-02-24T12:43:44.806409400Z,2026-02-24T12:43:44.805869735Z,1,1,42426741,T,A,0,45.250000000,1,0,14644,412648729,45.250000000,45.750000000,12,76,2,6,ESH6 P6500
2026-02-24T12:43:53.349835475Z,2026-02-24T12:43:53.349318367Z,1,1,42764937,T,B,0,87.500000000,1,0,16662,412680816,87.250000000,87.500000000,17,1,4,1,ESH6 P6725
2026-02-24T12:45:11.692770671Z,2026-02-24T12:45:11.382643109Z,1,1,42431945,T,B,0,108.000000000,1,0,10383,412994637,107.500000000,108.000000000,31,1,4,1,ESH6 P6800
2026-02-24T12:46:05.869918794Z,2026-02-24T12:46:05.869382477Z,1,1,42431945,T,A,0,108.500000000,1,0,16132,413187118,108.500000000,109.000000000,1,52,1,7,ESH6 P6800
2026-02-24T12:46:17.911708546Z,2026-02-24T12:46:17.910978351Z,1,1,42428246,T,A,0,33.500000000,6,0,14013,413244509,33.500000000,33.750000000,6,56,1,5,ESH6 P6400
2026-02-24T12:46:46.625378213Z,2026-02-24T12:46:46.616047557Z,1,1,42435427,T,B,0,94.000000000,5,0,15412,413321030,93.750000000,94.000000000,8,5,1,1,ESH6 P6750
2026-02-24T12:47:01.694256176Z,2026-02-24T12:47:01.390916519Z,1,1,42431946,T,B,0,147.000000000,1,0,14298,413398792,146.000000000,147.000000000,4,50,1,1,ESH6 P6900
2026-02-24T12:47:01.696178379Z,2026-02-24T12:47:01.390984139Z,1,1,42431946,T,B,0,147.000000000,4,0,13127,413398824,146.000000000,147.000000000,4,49,1,1,ESH6 P6900
2026-02-24T12:47:01.700854258Z,2026-02-24T12:47:01.391079717Z,1,1,42431946,T,B,0,147.000000000,3,0,13909,413398902,146.000000000,147.000000000,4,45,1,1,ESH6 P6900
2026-02-24T12:47:01.788665770Z,2026-02-24T12:47:01.410003065Z,1,1,42431946,T,B,0,147.000000000,7,0,13223,413400096,146.000000000,147.000000000,4,42,1,1,ESH6 P6900
2026-02-24T12:47:01.799387162Z,2026-02-24T12:47:01.440299001Z,1,1,42431946,T,B,0,147.000000000,16,0,11428,413400518,146.000000000,147.000000000,4,35,1,1,ESH6 P6900
2026-02-24T12:47:01.823955723Z,2026-02-24T12:47:01.477612873Z,1,1,42431946,T,B,0,147.000000000,4,0,11620,413401236,146.000000000,147.000000000,4,19,1,1,ESH6 P6900
2026-02-24T12:47:01.825027232Z,2026-02-24T12:47:01.477694355Z,1,1,42431946,T,B,0,147.000000000,4,0,11290,413401274,146.000000000,147.000000000,4,15,1,1,ESH6 P6900
2026-02-24T12:47:01.838350703Z,2026-02-24T12:47:01.478415175Z,1,1,42431946,T,B,0,147.000000000,4,0,12831,413401609,146.000000000,147.000000000,4,11,1,1,ESH6 P6900
2026-02-24T12:47:01.839102515Z,2026-02-24T12:47:01.478575681Z,1,1,42431946,T,B,0,147.000000000,7,0,11455,413401633,146.000000000,147.000000000,4,7,1,1,ESH6 P6900
2026-02-24T12:47:16.365074399Z,2026-02-24T12:47:16.364440571Z,1,1,42895806,T,A,0,84.250000000,5,0,13166,413495255,84.250000000,84.500000000,5,22,1,1,ESH6 P6710
2026-02-24T12:47:42.539527503Z,2026-02-24T12:47:42.539011307Z,1,1,42409672,T,B,0,72.000000000,1,0,15688,413596914,71.500000000,72.000000000,86,25,6,1,ESM6 P5900
2026-02-24T12:47:49.772622078Z,2026-02-24T12:47:49.692037929Z,1,1,42426741,T,B,0,45.500000000,1,0,12131,413629217,45.250000000,45.500000000,75,1,6,1,ESH6 P6500
2026-02-24T12:48:16.439085795Z,2026-02-24T12:48:16.420806293Z,1,1,42431946,T,B,0,146.500000000,8,0,11521,413715470,145.500000000,146.500000000,48,40,7,1,ESH6 P6900
2026-02-24T12:48:16.439529581Z,2026-02-24T12:48:16.420807193Z,1,1,42431946,T,B,0,146.500000000,20,0,12018,413715473,145.500000000,146.500000000,48,32,7,1,ESH6 P6900
2026-02-24T12:48:16.483502171Z,2026-02-24T12:48:16.421498707Z,1,1,42431946,T,B,0,146.500000000,1,0,17040,413715935,145.500000000,146.500000000,48,12,7,1,ESH6 P6900
2026-02-24T12:48:16.485680412Z,2026-02-24T12:48:16.421508443Z,1,1,42431946,T,B,0,146.500000000,11,0,11519,413715953,145.500000000,146.500000000,48,11,7,1,ESH6 P6900
2026-02-24T12:48:35.886017673Z,2026-02-24T12:48:35.885435149Z,1,1,2544084,T,B,0,92.250000000,3,0,13394,140603277,91.250000000,92.250000000,65,3,4,1,UD:1V: GN 2544084
2026-02-24T12:49:44.193837096Z,2026-02-24T12:49:44.070290999Z,1,1,42431945,T,B,0,110.000000000,1,0,11258,414054586,109.500000000,110.000000000,44,1,6,1,ESH6 P6800
2026-02-24T12:50:50.689734725Z,2026-02-24T12:50:50.590137489Z,1,1,42426741,T,B,0,45.000000000,6,0,11715,414343274,44.750000000,45.000000000,12,7,2,1,ESH6 P6500
2026-02-24T12:50:50.847236671Z,2026-02-24T12:50:50.844431653Z,1,1,42426741,T,B,0,45.000000000,1,0,11357,414345126,44.750000000,45.000000000,37,1,3,1,ESH6 P6500
2026-02-24T12:51:27.511964819Z,2026-02-24T12:51:27.462717993Z,1,1,42431946,T,B,0,146.000000000,2,0,13237,414479886,145.500000000,146.000000000,3,2,1,1,ESH6 P6900
2026-02-24T12:51:59.846821875Z,2026-02-24T12:51:59.846293021Z,1,1,42409672,T,A,0,72.250000000,1,0,14139,414594353,72.250000000,72.500000000,1,47,1,6,ESM6 P5900
2026-02-24T12:52:30.505949067Z,2026-02-24T12:52:30.298249201Z,1,1,42384726,T,A,0,45.000000000,1,0,14030,414722326,45.000000000,45.250000000,1,32,1,4,ESM6 P5500
2026-02-24T12:52:56.966719120Z,2026-02-24T12:52:56.966380123Z,1,1,42431946,T,B,0,145.000000000,1,0,14394,414807243,144.500000000,145.000000000,28,1,6,1,ESH6 P6900
2026-02-24T12:53:15.728274134Z,2026-02-24T12:53:15.727914097Z,1,1,42431946,T,B,0,145.000000000,1,0,13189,414860804,144.500000000,145.000000000,29,1,6,1,ESH6 P6900
2026-02-24T12:53:52.476026669Z,2026-02-24T12:53:52.467418055Z,1,1,42384779,T,A,0,173.500000000,5,0,11674,414976521,173.500000000,174.000000000,5,66,1,5,ESM6 P6600
2026-02-24T12:54:07.025713411Z,2026-02-24T12:54:07.025180933Z,1,1,42428246,T,A,0,33.000000000,6,0,17155,415057669,33.000000000,33.250000000,19,12,2,2,ESH6 P6400
2026-02-24T12:54:16.271915576Z,2026-02-24T12:54:16.271373449Z,1,1,42431945,T,A,0,107.000000000,1,0,14171,415097215,107.000000000,107.500000000,12,31,2,4,ESH6 P6800
2026-02-24T12:55:03.574111504Z,2026-02-24T12:55:03.534944293Z,1,1,42643085,T,A,0,176.000000000,1,0,11890,415208473,176.000000000,176.500000000,1,13,1,3,ESH6 C6775
2026-02-24T12:56:24.496372087Z,2026-02-24T12:56:24.495882737Z,1,1,42431945,T,B,0,108.000000000,1,0,14399,415501704,107.500000000,108.000000000,16,26,3,2,ESH6 P6800
2026-02-24T12:57:57.163500379Z,2026-02-24T12:57:57.061718123Z,1,1,42431945,T,B,0,107.500000000,1,0,13606,415732609,107.000000000,107.500000000,51,1,6,1,ESH6 P6800
2026-02-24T12:59:39.185375847Z,2026-02-24T12:59:39.181099803Z,1,1,42431944,T,B,0,11.400000000,5,0,15615,416014103,11.200000000,11.400000000,38,5,4,2,ESH6 P6000
2026-02-24T12:59:39.193722343Z,2026-02-24T12:59:39.185329963Z,1,1,42431944,T,A,0,11.400000000,10,0,13063,416014217,11.400000000,11.500000000,10,214,1,3,ESH6 P6000
2026-02-24T12:59:48.970697750Z,2026-02-24T12:59:48.957857085Z,1,1,42430453,T,B,0,19.000000000,1,0,19705,416045323,18.700000000,19.000000000,11,1,2,1,ESH6 P6200
2026-02-24T12:59:48.970697750Z,2026-02-24T12:59:48.957857085Z,1,1,42430453,T,B,0,19.100000000,15,0,19705,416045323,18.700000000,19.000000000,11,1,2,1,ESH6 P6200
2026-02-24T13:00:03.574111965Z,2026-02-24T13:00:03.545870481Z,1,1,42378449,T,A,0,80.750000000,1,0,12591,416101794,80.750000000,81.000000000,1,31,1,3,ESM6 P6000
2026-02-24T13:01:09.545126195Z,2026-02-24T13:01:09.539778429Z,1,1,42426741,T,A,0,44.250000000,1,0,13840,416444703,44.250000000,44.500000000,1,62,1,4,ESH6 P6500
2026-02-24T13:01:11.312751227Z,2026-02-24T13:01:11.157826059Z,1,1,2545183,T,A,0,5.700000000,1,0,15277,141292183,5.700000000,5.800000000,1,1666,1,9,UD:1V: VT 2545183
2026-02-24T13:02:00.651225404Z,2026-02-24T13:02:00.647797469Z,1,1,2536950,T,B,0,16.700000000,30,0,14004,141365536,16.600000000,16.700000000,510,30,6,1,UD:1V: VT 2536950
2026-02-24T13:02:40.741237922Z,2026-02-24T13:02:40.740790635Z,1,1,2536950,T,B,0,16.700000000,30,0,14013,141398234,16.600000000,16.700000000,706,30,8,1,UD:1V: VT 2536950
2026-02-24T13:03:36.781108999Z,2026-02-24T13:03:36.780544619Z,1,1,2546153,T,A,0,16.800000000,1,0,16912,141451213,16.800000000,17.000000000,1,124,1,3,UD:1V: GN 2546153
2026-02-24T13:04:12.746447810Z,2026-02-24T13:04:12.745884509Z,1,1,42865927,T,B,0,110.000000000,23,0,14831,417184387,109.500000000,110.000000000,45,75,5,1,ESH6 P6810
2026-02-24T13:04:14.651241489Z,2026-02-24T13:04:14.649673683Z,1,1,42865927,T,B,0,110.000000000,16,0,13926,417189544,109.500000000,110.000000000,45,52,5,1,ESH6 P6810
2026-02-24T13:04:14.859004037Z,2026-02-24T13:04:14.852596719Z,1,1,42865927,T,B,0,110.000000000,12,0,14381,417190259,109.500000000,110.000000000,45,36,5,1,ESH6 P6810
2026-02-24T13:04:14.869040978Z,2026-02-24T13:04:14.861710943Z,1,1,42865927,T,B,0,110.000000000,4,0,14458,417190525,109.500000000,110.000000000,45,24,5,1,ESH6 P6810
2026-02-24T13:04:15.404362637Z,2026-02-24T13:04:15.401772875Z,1,1,42865927,T,B,0,110.000000000,20,0,14620,417191944,109.500000000,110.000000000,45,20,5,1,ESH6 P6810
2026-02-24T13:04:20.700328722Z,2026-02-24T13:04:20.681179977Z,1,1,42865927,T,B,0,110.000000000,1,0,11581,417208822,109.500000000,110.000000000,45,86,5,1,ESH6 P6810
2026-02-24T13:04:22.201142938Z,2026-02-24T13:04:22.185332907Z,1,1,42865927,T,B,0,110.000000000,27,0,11460,417213144,109.500000000,110.000000000,70,85,6,1,ESH6 P6810
2026-02-24T13:04:22.222201205Z,2026-02-24T13:04:22.205245675Z,1,1,42865927,T,B,0,110.000000000,23,0,14598,417213816,109.500000000,110.000000000,70,58,6,1,ESH6 P6810
2026-02-24T13:04:22.248830407Z,2026-02-24T13:04:22.222437695Z,1,1,42865927,T,B,0,110.000000000,35,0,14450,417214421,109.500000000,110.000000000,70,35,6,1,ESH6 P6810
2026-02-24T13:04:31.528288853Z,2026-02-24T13:04:31.515652875Z,1,1,42886224,T,B,0,152.000000000,30,0,13065,417245503,151.500000000,152.000000000,3,100,3,1,ESH6 C6810
2026-02-24T13:04:31.577152632Z,2026-02-24T13:04:31.522456367Z,1,1,42886224,T,B,0,152.000000000,24,0,13775,417246475,151.500000000,152.000000000,22,70,4,1,ESH6 C6810
2026-02-24T13:04:31.595430078Z,2026-02-24T13:04:31.528493207Z,1,1,42886224,T,B,0,152.000000000,46,0,16776,417246877,151.500000000,152.000000000,22,46,4,1,ESH6 C6810
2026-02-24T13:04:52.908998141Z,2026-02-24T13:04:52.668830781Z,1,1,42886224,T,B,0,152.500000000,27,0,10700,417307454,152.000000000,152.500000000,2,50,2,1,ESH6 C6810
2026-02-24T13:04:52.909099339Z,2026-02-24T13:04:52.668831847Z,1,1,42671291,T,A,0,73.500000000,4,0,11610,417307457,73.500000000,74.000000000,4,48,1,3,ESH6 P6675
2026-02-24T13:04:52.937819101Z,2026-02-24T13:04:52.669046863Z,1,1,42886224,T,B,0,152.500000000,2,0,11383,417308048,152.000000000,152.500000000,2,23,2,1,ESH6 C6810
2026-02-24T13:04:52.961613474Z,2026-02-24T13:04:52.669295287Z,1,1,42886224,T,B,0,152.500000000,15,0,12269,417308532,152.000000000,152.500000000,2,21,2,1,ESH6 C6810
2026-02-24T13:10:23.898145891Z,2026-02-24T13:10:23.897616621Z,1,1,42378449,T,A,0,80.500000000,11,0,14597,418429353,80.500000000,81.000000000,100,73,1,6,ESM6 P6000
2026-02-24T13:10:32.811900939Z,2026-02-24T13:10:32.811361241Z,1,1,42429687,T,A,0,46.500000000,20,0,14405,418449354,46.500000000,46.750000000,20,98,1,7,ESH6 C7000
2026-02-24T13:10:33.951211682Z,2026-02-24T13:10:33.805135727Z,1,1,42431946,T,B,0,143.500000000,50,0,10302,418455466,143.000000000,143.500000000,3,50,1,1,ESH6 P6900
2026-02-24T13:10:45.536389906Z,2026-02-24T13:10:45.349083123Z,1,1,42378449,T,A,0,80.500000000,27,0,13171,418522613,80.500000000,81.000000000,89,64,1,5,ESM6 P6000
2026-02-24T13:10:48.394273853Z,2026-02-24T13:10:48.362776997Z,1,1,42378449,T,A,0,80.500000000,62,0,11817,418535689,80.500000000,81.000000000,62,73,1,6,ESM6 P6000
2026-02-24T13:10:48.530049243Z,2026-02-24T13:10:48.394277577Z,1,1,42378449,T,A,0,80.500000000,62,0,12037,418538370,80.500000000,80.750000000,100,48,1,1,ESM6 P6000
2026-02-24T13:10:48.599567239Z,2026-02-24T13:10:48.530052983Z,1,1,42378449,T,A,0,80.500000000,22,0,11875,418540228,80.500000000,80.750000000,38,48,1,1,ESM6 P6000
2026-02-24T13:11:11.226594272Z,2026-02-24T13:11:11.226067639Z,1,1,42378449,T,A,0,80.500000000,16,0,18258,418587562,80.500000000,80.750000000,16,24,1,2,ESM6 P6000
2026-02-24T13:11:11.227743007Z,2026-02-24T13:11:11.227311135Z,1,1,42378449,T,A,0,80.500000000,100,0,13397,418587564,80.500000000,80.750000000,100,24,1,2,ESM6 P6000
2026-02-24T13:11:37.405452994Z,2026-02-24T13:11:37.361750077Z,1,1,42378449,T,A,0,80.500000000,200,0,12249,418644193,80.500000000,80.750000000,100,51,1,3,ESM6 P6000
2026-02-24T13:11:43.524646315Z,2026-02-24T13:11:43.493261187Z,1,1,42378449,T,A,0,80.500000000,24,0,14697,418652771,80.500000000,80.750000000,100,81,1,3,ESM6 P6000
2026-02-24T13:11:43.675753688Z,2026-02-24T13:11:43.536534971Z,1,1,42378449,T,A,0,80.500000000,19,0,11769,418655505,80.500000000,80.750000000,76,81,1,3,ESM6 P6000
2026-02-24T13:11:45.654714961Z,2026-02-24T13:11:45.611287595Z,1,1,42378449,T,A,0,80.500000000,57,0,11420,418663666,80.500000000,80.750000000,57,81,1,3,ESM6 P6000
2026-02-24T13:12:05.817505056Z,2026-02-24T13:12:05.708309341Z,1,1,42212203,T,A,0,92.000000000,5,0,10185,418723981,92.000000000,92.250000000,5,26,1,1,ESM6 C7250
2026-02-24T13:12:09.644272618Z,2026-02-24T13:12:09.634252693Z,1,1,42431946,T,B,0,143.000000000,50,0,14259,418739339,142.500000000,143.000000000,17,50,5,1,ESH6 P6900
2026-02-24T13:12:23.350057277Z,2026-02-24T13:12:23.349494211Z,1,1,2546567,T,B,0,33.500000000,1,0,14470,141945566,33.000000000,33.500000000,13,4,2,1,UD:1V: GN 2546567
2026-02-24T13:12:46.521835931Z,2026-02-24T13:12:46.490446469Z,1,1,42431946,T,B,0,143.500000000,15,0,13818,418830041,143.000000000,143.500000000,17,50,5,1,ESH6 P6900
2026-02-24T13:12:46.555626514Z,2026-02-24T13:12:46.492109409Z,1,1,42431946,T,B,0,143.500000000,12,0,12879,418830674,143.000000000,143.500000000,43,35,7,1,ESH6 P6900
2026-02-24T13:12:46.560881029Z,2026-02-24T13:12:46.493263701Z,1,1,42431946,T,B,0,143.500000000,23,0,13880,418830817,143.000000000,143.500000000,43,23,7,1,ESH6 P6900
2026-02-24T13:13:23.882397613Z,2026-02-24T13:13:23.881871141Z,1,1,42428246,T,B,0,33.250000000,1,0,14672,418931671,32.750000000,33.250000000,151,1,9,1,ESH6 P6400
2026-02-24T13:15:27.742769709Z,2026-02-24T13:15:27.734736837Z,1,1,42431946,T,B,0,143.500000000,1,0,14384,419306234,143.000000000,143.500000000,35,1,5,1,ESH6 P6900
2026-02-24T13:16:12.917468576Z,2026-02-24T13:16:12.900302827Z,1,1,42426741,T,A,0,44.500000000,1,0,15658,419441792,44.500000000,44.750000000,1,1,1,1,ESH6 P6500
2026-02-24T13:19:14.185248493Z,2026-02-24T13:19:14.174787117Z,1,1,42378449,T,A,0,80.250000000,36,0,14068,419966664,80.250000000,80.500000000,36,50,3,1,ESM6 P6000
2026-02-24T13:19:14.206589485Z,2026-02-24T13:19:14.185232297Z,1,1,42378449,T,B,0,80.250000000,155,0,13112,419967060,80.000000000,80.250000000,28,14,2,1,ESM6 P6000
2026-02-24T13:19:14.206776867Z,2026-02-24T13:19:14.185238057Z,1,1,42378449,T,B,0,80.250000000,119,0,13042,419967062,80.000000000,80.250000000,28,9,2,1,ESM6 P6000
2026-02-24T13:19:14.206793475Z,2026-02-24T13:19:14.185251931Z,1,1,42378449,T,B,0,80.250000000,56,0,11484,419967064,80.000000000,80.250000000,28,40,2,1,ESM6 P6000
2026-02-24T13:19:14.206811253Z,2026-02-24T13:19:14.185252109Z,1,1,42378449,T,B,0,80.250000000,10,0,11327,419967066,80.000000000,80.250000000,28,34,2,1,ESM6 P6000
2026-02-24T13:19:14.206840263Z,2026-02-24T13:19:14.185252465Z,1,1,42378449,T,B,0,80.250000000,99,0,11676,419967068,80.000000000,80.250000000,28,24,2,1,ESM6 P6000
2026-02-24T13:19:48.852404735Z,2026-02-24T13:19:48.048987817Z,1,1,2545874,T,B,0,-19.700000000,1,0,12018,142254296,-20.250000000,-19.700000000,73,1,3,1,UD:1V: 12 2545874
2026-02-24T13:20:13.190093429Z,2026-02-24T13:20:13.189785969Z,1,1,42429687,T,A,0,46.750000000,1,0,14002,420183769,46.750000000,47.000000000,1,80,1,7,ESH6 C7000
2026-02-24T13:20:29.992328745Z,2026-02-24T13:20:29.990962151Z,1,1,42427507,T,A,0,159.000000000,1,0,18245,420259398,159.000000000,159.500000000,2,48,1,7,ESH6 C6800
2026-02-24T13:20:29.993419594Z,2026-02-24T13:20:29.991059887Z,1,1,42427507,T,A,0,159.000000000,1,0,14094,420259431,159.000000000,159.500000000,1,48,1,7,ESH6 C6800
2026-02-24T13:20:52.888328304Z,2026-02-24T13:20:52.887769505Z,1,1,42896832,T,A,0,126.500000000,1,0,13579,420310068,126.500000000,127.500000000,17,45,1,4,ESH6 P6860
2026-02-24T13:23:32.354808802Z,2026-02-24T13:23:32.038640495Z,1,1,2546953,T,A,0,-4.050000000,1,0,13744,142434875,-4.050000000,-3.450000000,1,254,1,2,UD:1V: GN 2546953
2026-02-24T13:25:06.914682477Z,2026-02-24T13:25:06.839850557Z,1,1,2545183,T,A,0,5.600000000,1,0,12199,142513103,5.600000000,5.700000000,1,1608,1,9,UD:1V: VT 2545183
2026-02-24T13:25:13.771176591Z,2026-02-24T13:25:13.651461279Z,1,1,42426741,T,A,0,43.250000000,1,0,11634,421128111,43.250000000,43.750000000,1,102,1,7,ESH6 P6500
2026-02-24T13:25:42.328805152Z,2026-02-24T13:25:42.091003417Z,1,1,42426741,T,B,0,43.250000000,2,0,11237,421238814,42.750000000,43.250000000,99,2,7,1,ESH6 P6500
2026-02-24T13:28:58.201329146Z,2026-02-24T13:28:58.110246417Z,1,1,42426741,T,A,0,43.250000000,1,0,11767,421830131,43.250000000,43.500000000,1,99,1,7,ESH6 P6500
2026-02-24T13:30:20.407966226Z,2026-02-24T13:30:20.407443065Z,1,1,42566722,T,A,0,113.000000000,1,0,14474,422041739,113.000000000,113.500000000,1,73,1,9,ESH6 C6875
2026-02-24T13:30:25.479627434Z,2026-02-24T13:30:25.244473595Z,1,1,42426741,T,A,0,42.250000000,1,0,14786,422084983,42.250000000,42.750000000,1,47,1,4,ESH6 P6500
2026-02-24T13:31:06.590419675Z,2026-02-24T13:31:06.589845705Z,1,1,2544144,T,A,0,137.000000000,1,0,13743,142817103,137.000000000,138.000000000,15,41,1,2,UD:1V: DG 2544144
2026-02-24T13:32:04.347360821Z,2026-02-24T13:32:04.339783105Z,1,1,42643085,T,B,0,180.500000000,1,0,13858,422498929,180.000000000,180.500000000,18,1,6,1,ESH6 C6775
2026-02-24T13:32:15.040200279Z,2026-02-24T13:32:15.039637355Z,1,1,2544144,T,A,0,137.000000000,14,0,14488,142881661,137.000000000,138.000000000,14,73,1,3,UD:1V: DG 2544144
2026-02-24T13:32:16.959311635Z,2026-02-24T13:32:16.955190731Z,1,1,42429674,T,B,0,77.000000000,1,0,14461,422526302,76.750000000,77.000000000,55,1,8,1,ESH6 P6700
2026-02-24T13:32:46.404619037Z,2026-02-24T13:32:46.169726681Z,1,1,42360165,T,B,0,15.700000000,4,0,17015,422664759,15.500000000,15.700000000,50,4,3,1,ESH6 P6150
2026-02-24T13:32:46.404748861Z,2026-02-24T13:32:46.169728783Z,1,1,42643323,T,B,0,16.800000000,4,0,12988,422664761,16.500000000,16.800000000,63,4,3,1,ESH6 P6175
2026-02-24T13:32:48.660349987Z,2026-02-24T13:32:48.514756111Z,1,1,2541539,T,B,0,2.600000000,39,0,13823,142931829,2.300000000,2.600000000,160,125,3,1,UD:1V: 12 2541539
2026-02-24T13:33:09.490919403Z,2026-02-24T13:33:09.489648657Z,1,1,42426741,T,B,0,43.250000000,1,0,13153,422778637,42.750000000,43.250000000,163,1,11,1,ESH6 P6500
2026-02-24T13:33:56.907208748Z,2026-02-24T13:33:56.906623457Z,1,1,2547248,T,A,0,10.500000000,2,0,13893,143004935,10.500000000,10.700000000,4,1487,1,11,UD:1V: VT 2547248
2026-02-24T13:34:20.375901069Z,2026-02-24T13:34:20.375292993Z,1,1,2547248,T,A,0,10.400000000,2,0,14947,143024345,10.400000000,10.500000000,1264,2,9,1,UD:1V: VT 2547248
2026-02-24T13:34:23.542826168Z,2026-02-24T13:34:23.542230601Z,1,1,2534964,T,B,0,3.400000000,1,0,13576,143025770,3.350000000,3.400000000,1267,1,7,1,UD:1V: VT 2534964
2026-02-24T13:35:10.064260650Z,2026-02-24T13:35:10.064022495Z,1,1,42428246,T,A,0,32.000000000,10,0,13931,423159078,32.000000000,32.250000000,10,124,1,9,ESH6 P6400
2026-02-24T13:35:15.578172560Z,2026-02-24T13:35:15.577593117Z,1,1,42428246,T,A,0,32.000000000,10,0,14711,423169923,32.000000000,32.250000000,10,124,1,9,ESH6 P6400
2026-02-24T13:35:29.657644222Z,2026-02-24T13:35:29.524958985Z,1,1,2541539,T,B,0,2.600000000,23,0,14371,143053359,2.500000000,2.600000000,21,86,2,1,UD:1V: 12 2541539
2026-02-24T13:37:58.683912331Z,2026-02-24T13:37:58.683337229Z,1,1,42212203,T,B,0,92.500000000,5,0,14266,423662243,92.250000000,92.500000000,32,5,3,1,ESM6 C7250
2026-02-24T13:38:05.451881392Z,2026-02-24T13:38:05.332684759Z,1,1,2541539,T,B,0,2.600000000,63,0,15034,143150738,2.400000000,2.600000000,34,63,3,1,UD:1V: 12 2541539
2026-02-24T13:38:18.567213715Z,2026-02-24T13:38:18.510337311Z,1,1,2541539,T,B,0,2.600000000,44,0,13521,143157551,2.550000000,2.600000000,21,75,2,1,UD:1V: 12 2541539
2026-02-24T13:39:27.125173051Z,2026-02-24T13:39:27.096750613Z,1,1,2541539,T,B,0,2.600000000,10,0,10981,143200513,2.400000000,2.600000000,34,31,3,1,UD:1V: 12 2541539
2026-02-24T13:39:44.184489093Z,2026-02-24T13:39:44.123185365Z,1,1,2541539,T,B,0,2.600000000,21,0,12965,143213091,2.400000000,2.600000000,21,21,2,1,UD:1V: 12 2541539
2026-02-24T13:39:58.651196546Z,2026-02-24T13:39:58.650651419Z,1,1,2547518,T,B,0,7.500000000,1,0,13736,143232200,7.400000000,7.500000000,4,4,1,1,UD:1V: VT 2547518
2026-02-24T13:40:38.187979106Z,2026-02-24T13:40:38.187410965Z,1,1,42427508,T,B,0,17.000000000,4,0,15091,424230440,16.800000000,17.000000000,142,4,7,1,ESH6 C7100
2026-02-24T13:41:27.198257034Z,2026-02-24T13:41:27.061369315Z,1,1,2547518,T,A,0,7.400000000,1,0,11614,143306488,7.400000000,7.500000000,1,1106,1,7,UD:1V: VT 2547518
2026-02-24T13:42:17.008786591Z,2026-02-24T13:42:17.008198199Z,1,1,2541667,T,B,0,6.200000000,10,0,13703,143355207,5.800000000,6.200000000,160,10,5,1,UD:1V: 13 2541667
2026-02-24T13:42:50.067708808Z,2026-02-24T13:42:49.905899529Z,1,1,2547518,T,A,0,7.300000000,1,0,13575,143380023,7.300000000,7.400000000,1,968,1,6,UD:1V: VT 2547518
2026-02-24T13:42:53.724199239Z,2026-02-24T13:42:53.704928871Z,1,1,42874359,T,A,0,5.500000000,1,0,14367,424793815,5.500000000,5.700000000,4,74,1,4,ESH6 C7190
2026-02-24T13:42:53.735995295Z,2026-02-24T13:42:53.705152485Z,1,1,42874359,T,A,0,5.500000000,1,0,13997,424794025,5.500000000,5.700000000,3,74,1,4,ESH6 C7190
2026-02-24T13:43:07.224793448Z,2026-02-24T13:43:07.224197919Z,1,1,2544144,T,A,0,137.000000000,30,0,14701,143399542,137.000000000,138.000000000,15,81,1,3,UD:1V: DG 2544144
2026-02-24T13:43:42.754823085Z,2026-02-24T13:43:42.684646505Z,1,1,42426741,T,A,0,42.250000000,1,0,11441,424970983,42.250000000,42.500000000,1,67,1,6,ESH6 P6500
2026-02-24T13:43:47.986257605Z,2026-02-24T13:43:47.911691693Z,1,1,42431181,T,A,0,56.750000000,6,0,13719,425002488,56.750000000,57.000000000,10,79,1,6,ESH6 P6600
2026-02-24T13:44:00.220831477Z,2026-02-24T13:44:00.214936803Z,1,1,42431181,T,A,0,56.750000000,3,0,14089,425057026,56.750000000,57.000000000,4,79,1,7,ESH6 P6600
2026-02-24T13:45:03.153542749Z,2026-02-24T13:45:03.146426781Z,1,1,42431181,T,A,0,56.750000000,1,0,13490,425261899,56.750000000,57.000000000,1,29,1,2,ESH6 P6600
2026-02-24T13:46:14.088553495Z,2026-02-24T13:46:13.989633153Z,1,1,42399706,T,A,0,193.500000000,30,0,11661,425482544,193.500000000,194.000000000,30,68,1,6,ESM6 P6700
2026-02-24T13:46:23.443632407Z,2026-02-24T13:46:23.397522975Z,1,1,42429011,T,A,0,99.000000000,20,0,12185,425514405,99.000000000,99.500000000,20,67,1,6,ESH6 C6900
2026-02-24T13:46:46.164272247Z,2026-02-24T13:46:46.163726019Z,1,1,42431937,T,B,0,1.350000000,20,0,14428,425593458,1.300000000,1.350000000,122,20,5,1,ESH6 C7300
2026-02-24T13:46:49.733301280Z,2026-02-24T13:46:49.721831353Z,1,1,42431937,T,A,0,1.350000000,20,0,16334,425600112,1.350000000,1.400000000,25,20,3,1,ESH6 C7300
2026-02-24T13:46:52.371728035Z,2026-02-24T13:46:52.371186957Z,1,1,42431937,T,B,0,1.350000000,20,0,13955,425609694,1.300000000,1.350000000,90,20,4,1,ESH6 C7300
2026-02-24T13:46:54.345374489Z,2026-02-24T13:46:54.334212931Z,1,1,42431937,T,A,0,1.350000000,13,0,14091,425612183,1.350000000,1.400000000,13,20,2,1,ESH6 C7300
2026-02-24T13:46:54.361541256Z,2026-02-24T13:46:54.345378015Z,1,1,42431937,T,B,0,1.350000000,7,0,11355,425612454,1.300000000,1.350000000,9,7,1,1,ESH6 C7300
2026-02-24T13:47:47.592695626Z,2026-02-24T13:47:47.592206809Z,1,1,42429011,T,A,0,99.500000000,10,0,14973,425755939,99.500000000,99.750000000,10,64,1,8,ESH6 C6900
2026-02-24T13:47:51.864347589Z,2026-02-24T13:47:51.863704129Z,1,1,42429011,T,A,0,99.500000000,5,0,15745,425762745,99.500000000,99.750000000,5,1,1,1,ESH6 C6900
2026-02-24T13:48:33.080711843Z,2026-02-24T13:48:33.014540431Z,1,1,2534375,T,A,0,13.000000000,4,0,14768,143670241,13.000000000,13.100000000,4,581,1,5,UD:1V: VT 2534375
2026-02-24T13:49:39.873952088Z,2026-02-24T13:49:39.873443323Z,1,1,42429687,T,A,0,49.000000000,2,0,14290,426134159,49.000000000,49.250000000,2,77,1,5,ESH6 C7000
2026-02-24T13:52:16.399435687Z,2026-02-24T13:52:16.332312757Z,1,1,2542134,T,B,0,95.500000000,5,0,11710,143876182,95.000000000,95.500000000,4,5,1,1,UD:1V: SG 2542134
2026-02-24T13:53:23.530829903Z,2026-02-24T13:53:23.512817643Z,1,1,42431945,T,B,0,102.000000000,2,0,15439,426948316,101.500000000,102.000000000,55,30,6,4,ESH6 P6800
2026-02-24T13:54:35.338112842Z,2026-02-24T13:54:35.314185643Z,1,1,42429064,T,A,0,117.500000000,1,0,12453,427168817,117.500000000,118.000000000,1,79,1,9,ESH6 P6850
2026-02-24T13:54:54.408661586Z,2026-02-24T13:54:54.408096145Z,1,1,2547970,T,B,0,6.000000000,1,0,13966,143993131,5.800000000,6.000000000,968,1202,5,7,UD:1V: VT 2547970
2026-02-24T13:54:57.005837053Z,2026-02-24T13:54:57.005329523Z,1,1,42428999,T,A,0,0.600000000,3,0,14267,427237447,0.600000000,0.700000000,3,852,1,9,ESH6 P4200
2026-02-24T13:55:11.701543835Z,2026-02-24T13:55:11.701014217Z,1,1,42430450,T,A,0,0.700000000,2,0,14595,427310588,0.700000000,0.800000000,2,966,1,10,ESH6 P4300
2026-02-24T13:55:30.503398402Z,2026-02-24T13:55:30.328231009Z,1,1,42426741,T,A,0,41.250000000,1,0,12000,427388460,41.250000000,41.500000000,1,32,1,1,ESH6 P6500
2026-02-24T13:55:30.801530202Z,2026-02-24T13:55:30.484716191Z,1,1,42431946,T,A,0,135.000000000,50,0,11553,427393065,135.000000000,135.500000000,50,16,1,1,ESH6 P6900
2026-02-24T13:55:30.924509965Z,2026-02-24T13:55:30.542058095Z,1,1,2514858,T,A,0,19.100000000,4,0,13740,144038674,19.100000000,19.300000000,4,125,1,2,UD:1V: VT 2514858
2026-02-24T13:55:48.180822256Z,2026-02-24T13:55:48.179983489Z,1,1,42394732,T,B,0,36.500000000,4,0,17130,427510121,36.250000000,36.500000000,191,4,4,1,ESM6 P5350
2026-02-24T13:55:53.653568871Z,2026-02-24T13:55:53.653064563Z,1,1,42431937,T,B,0,1.400000000,20,0,15333,427534237,1.350000000,1.400000000,571,20,6,1,ESH6 C7300
2026-02-24T13:56:05.021582037Z,2026-02-24T13:56:05.016839891Z,1,1,42429674,T,A,0,74.750000000,1,0,15410,427581425,74.750000000,75.000000000,1,105,1,7,ESH6 P6700
2026-02-24T13:56:36.334175688Z,2026-02-24T13:56:36.333655323Z,1,1,42431943,T,A,0,3.850000000,1,0,14173,427720562,3.850000000,3.950000000,128,55,4,2,ESH6 P5500
2026-02-24T13:56:56.809708018Z,2026-02-24T13:56:56.809195759Z,1,1,42366511,T,A,0,20.750000000,1,0,14434,427776438,20.750000000,21.000000000,1,31,1,2,ESM6 C7600
2026-02-24T13:57:01.528433854Z,2026-02-24T13:57:01.527340325Z,1,1,42428246,T,B,0,30.500000000,5,0,13441,427789051,30.250000000,30.500000000,148,5,8,1,ESH6 P6400
2026-02-24T13:57:02.044180431Z,2026-02-24T13:57:02.043379287Z,1,1,42366511,T,A,0,20.750000000,1,0,14060,427792393,20.750000000,21.000000000,1,126,1,5,ESM6 C7600
2026-02-24T13:57:36.608087879Z,2026-02-24T13:57:36.491874237Z,1,1,2547970,T,A,0,5.900000000,1,0,13795,144172257,5.900000000,6.000000000,1,1514,1,8,UD:1V: VT 2547970
2026-02-24T13:57:44.896400919Z,2026-02-24T13:57:44.752184575Z,1,1,42426302,T,B,0,239.500000000,8,0,11417,427932604,238.500000000,239.500000000,25,8,4,1,ESM6 C6950
2026-02-24T13:57:46.206744373Z,2026-02-24T13:57:46.206238947Z,1,1,42378346,T,B,0,33.500000000,1,0,14609,427941667,32.750000000,33.500000000,87,106,5,6,ESM6 C7500
2026-02-24T13:58:10.907262186Z,2026-02-24T13:58:10.906717143Z,1,1,42431945,T,A,0,100.500000000,5,0,13779,428036010,100.500000000,101.500000000,93,154,10,12,ESH6 P6800
2026-02-24T14:00:01.280151506Z,2026-02-24T14:00:00.809022857Z,1,1,42429002,T,B,0,1.600000000,3,0,12563,428334097,1.550000000,1.600000000,167,3,1,1,ESH6 P4900
2026-02-24T14:00:03.486936126Z,2026-02-24T14:00:03.475127267Z,1,1,42886214,T,B,0,69.750000000,2,0,15360,428348172,69.250000000,69.750000000,54,28,4,3,ESH6 P6670
2026-02-24T14:00:17.126096894Z,2026-02-24T14:00:16.961367367Z,1,1,42429674,T,B,0,76.000000000,1,0,11556,428395553,75.750000000,76.000000000,31,1,3,1,ESH6 P6700
2026-02-24T14:01:12.192903487Z,2026-02-24T14:01:12.186576085Z,1,1,42602509,T,B,0,6.300000000,1,0,13475,428582549,6.200000000,6.300000000,469,1,5,1,ESM6 C7850
2026-02-24T14:01:17.175142762Z,2026-02-24T14:01:17.174704351Z,1,1,42602509,T,B,0,6.300000000,1,0,11521,428612265,6.200000000,6.300000000,469,1,5,1,ESM6 C7850
2026-02-24T14:01:22.705284453Z,2026-02-24T14:01:22.699231699Z,1,1,2534506,T,B,0,21.250000000,1,0,14404,144336896,21.000000000,21.250000000,182,1,4,1,UD:1V: VT 2534506
2026-02-24T14:01:45.418124299Z,2026-02-24T14:01:45.402256779Z,1,1,42431944,T,A,0,10.500000000,1,0,13736,428702001,10.500000000,10.600000000,1,405,1,5,ESH6 P6000
2026-02-24T14:03:47.851138988Z,2026-02-24T14:03:47.850642321Z,1,1,42429003,T,B,0,6.900000000,1,0,13263,429045206,6.700000000,6.900000000,256,518,6,7,ESH6 P5800
2026-02-24T14:03:58.738988237Z,2026-02-24T14:03:58.732834097Z,1,1,42393450,T,B,0,1.500000000,73,0,14859,429076104,1.450000000,1.500000000,178,73,2,2,ESH6 P4850
2026-02-24T14:04:07.490993458Z,2026-02-24T14:04:07.461830089Z,1,1,42431943,T,B,0,4.000000000,1,0,11400,429106898,3.900000000,4.000000000,307,1,6,1,ESH6 P5500
2026-02-24T14:04:14.797796360Z,2026-02-24T14:04:14.593479449Z,1,1,42426741,T,B,0,42.250000000,1,0,11404,429132782,42.000000000,42.250000000,105,8,4,3,ESH6 P6500
2026-02-24T14:04:14.908358915Z,2026-02-24T14:04:14.595778717Z,1,1,2540820,T,A,0,65.750000000,4,0,15188,144456560,65.750000000,66.000000000,4,588,1,4,UD:1V: VT 2540820
2026-02-24T14:04:19.608062379Z,2026-02-24T14:04:19.409906625Z,1,1,2547970,T,A,0,5.800000000,1,0,13613,144469238,5.800000000,5.900000000,1,1471,1,7,UD:1V: VT 2547970
2026-02-24T14:04:24.398671552Z,2026-02-24T14:04:24.397412763Z,1,1,42643322,T,B,0,111.000000000,1,0,14768,429199177,110.500000000,111.000000000,41,1,6,1,ESH6 P6825
2026-02-24T14:04:25.627815132Z,2026-02-24T14:04:25.610942045Z,1,1,42886220,T,B,0,72.500000000,1,0,16595,429205391,72.000000000,72.500000000,87,1,6,1,ESH6 P6680
2026-02-24T14:05:37.462808477Z,2026-02-24T14:05:37.460369947Z,1,1,42435427,T,A,0,89.000000000,5,0,13727,429425609,89.000000000,89.250000000,5,35,1,5,ESH6 P6750
2026-02-24T14:07:16.983981931Z,2026-02-24T14:07:16.802169773Z,1,1,2514759,T,B,0,63.500000000,4,0,13026,144623015,63.000000000,63.500000000,41,4,2,1,UD:1V: VT 2514759
2026-02-24T14:08:12.762199424Z,2026-02-24T14:08:12.754122963Z,1,1,42431945,T,B,0,104.500000000,3,0,13734,429967322,104.000000000,104.500000000,52,4,6,1,ESH6 P6800
2026-02-24T14:08:17.629211538Z,2026-02-24T14:08:17.581309281Z,1,1,42426741,T,B,0,43.250000000,1,0,13368,429982244,43.000000000,43.250000000,84,1,5,1,ESH6 P6500
2026-02-24T14:08:18.098919034Z,2026-02-24T14:08:18.095929545Z,1,1,42874361,T,B,0,98.750000000,1,0,13150,429984759,98.250000000,98.750000000,44,5,5,2,ESH6 P6780
2026-02-24T14:08:18.949994712Z,2026-02-24T14:08:18.925163341Z,1,1,42435427,T,B,0,90.500000000,1,0,16503,429989738,90.000000000,90.500000000,60,1,6,1,ESH6 P6750
2026-02-24T14:08:22.134308477Z,2026-02-24T14:08:22.133802889Z,1,1,42894584,T,B,0,111.000000000,1,0,13588,430000542,110.500000000,111.000000000,36,1,4,1,ESH6 P6820
2026-02-24T14:08:52.735414578Z,2026-02-24T14:08:52.734912427Z,1,1,81352,T,A,0,5.400000000,1,0,14165,430089317,5.400000000,5.600000000,189,157,1,1,ESZ6 C9000
2026-02-24T14:09:07.903065941Z,2026-02-24T14:09:07.902699813Z,1,1,42431945,T,B,0,104.000000000,1,0,15336,430131848,103.500000000,104.000000000,126,1,11,1,ESH6 P6800
2026-02-24T14:10:17.251686317Z,2026-02-24T14:10:17.251368877Z,1,1,42431943,T,B,0,4.100000000,1,0,14045,430301841,4.000000000,4.100000000,272,1,5,1,ESH6 P5500
2026-02-24T14:10:33.019216027Z,2026-02-24T14:10:33.018692433Z,1,1,42394754,T,B,0,102.500000000,2,0,14401,430334085,102.000000000,102.500000000,2,80,1,5,ESM6 P6200
2026-02-24T14:10:33.394754789Z,2026-02-24T14:10:33.394162871Z,1,1,2548565,T,B,0,6.700000000,1,0,14913,144774560,6.500000000,6.700000000,630,175,5,3,UD:1V: IC 2548565
2026-02-24T14:10:55.947798264Z,2026-02-24T14:10:55.947264947Z,1,1,42431181,T,B,0,58.750000000,1,0,14132,430401432,58.250000000,58.750000000,60,104,4,8,ESH6 P6600
2026-02-24T14:11:09.542416207Z,2026-02-24T14:11:09.491961531Z,1,1,42566722,T,A,0,112.000000000,1,0,14031,430470684,112.000000000,113.000000000,44,114,4,10,ESH6 C6875
2026-02-24T14:11:49.582994052Z,2026-02-24T14:11:49.563526255Z,1,1,42402294,T,B,0,1.300000000,73,0,13477,430673286,1.250000000,1.300000000,275,73,4,1,ESH6 P4750
2026-02-24T14:12:02.060281104Z,2026-02-24T14:12:02.059689663Z,1,1,2541814,T,A,0,524.000000000,1,0,13864,144889826,524.000000000,525.000000000,1,8,1,2,UD:1V: ST 2541814
2026-02-24T14:12:20.681326699Z,2026-02-24T14:12:20.679558439Z,1,1,2548648,T,A,0,48.000000000,1,0,15493,144903915,48.000000000,48.250000000,1,129,1,1,UD:1V: VT 2548648
2026-02-24T14:12:51.728241002Z,2026-02-24T14:12:51.727669357Z,1,1,2533669,T,A,0,61.250000000,10,0,17048,144930675,61.250000000,61.500000000,10,65,1,3,UD:1V: VT 2533669
2026-02-24T14:13:36.691555900Z,2026-02-24T14:13:36.665582171Z,1,1,42643323,T,B,0,17.000000000,2,0,11588,431033998,16.800000000,17.000000000,205,4,6,1,ESH6 P6175
2026-02-24T14:13:38.320932354Z,2026-02-24T14:13:38.317378199Z,1,1,42360165,T,B,0,15.900000000,4,0,13902,431039743,15.700000000,15.900000000,238,4,7,1,ESH6 P6150
2026-02-24T14:14:13.516087783Z,2026-02-24T14:14:13.466483973Z,1,1,2541539,T,B,0,2.800000000,3,0,13295,145005048,2.450000000,2.800000000,153,4,4,1,UD:1V: 12 2541539
2026-02-24T14:14:30.325685947Z,2026-02-24T14:14:30.223638339Z,1,1,42372949,T,B,0,331.500000000,7,0,15042,431226016,330.500000000,331.500000000,20,7,2,1,ESM6 C6800
2026-02-24T14:14:59.834788694Z,2026-02-24T14:14:59.679734049Z,1,1,2520022,T,B,0,80.250000000,4,0,11824,145047995,79.750000000,80.250000000,4,4,1,1,UD:1V: VT 2520022
2026-02-24T14:15:48.910447064Z,2026-02-24T14:15:48.909754361Z,1,1,42429003,T,A,0,7.100000000,1,0,13751,431534440,7.100000000,7.200000000,1,659,1,8,ESH6 P5800
2026-02-24T14:16:58.371706880Z,2026-02-24T14:16:58.368305131Z,1,1,42431943,T,B,0,4.100000000,1,0,13569,431781228,4.050000000,4.100000000,214,1,4,1,ESH6 P5500
2026-02-24T14:17:05.784990133Z,2026-02-24T14:17:05.784297397Z,1,1,2541836,T,B,0,62.500000000,1,0,14269,145182740,62.000000000,62.500000000,112,112,3,3,UD:1V: VT 2541836
2026-02-24T14:17:59.130879499Z,2026-02-24T14:17:59.100568737Z,1,1,2541836,T,A,0,62.250000000,25,0,14817,145216441,62.250000000,62.500000000,39,111,1,3,UD:1V: VT 2541836
2026-02-24T14:18:22.011485127Z,2026-02-24T14:18:22.011123877Z,1,1,42420172,T,B,0,48.000000000,1,0,14834,432013152,47.750000000,48.000000000,79,1,3,1,ESZ6 C8100
2026-02-24T14:18:30.590368947Z,2026-02-24T14:18:30.586423077Z,1,1,42360165,T,B,0,16.100000000,4,0,11725,432050245,16.000000000,16.100000000,118,4,2,1,ESH6 P6150
2026-02-24T14:18:51.349868111Z,2026-02-24T14:18:51.342751961Z,1,1,2533669,T,A,0,62.000000000,9,0,13398,145261061,62.000000000,62.250000000,10,100,1,4,UD:1V: VT 2533669
2026-02-24T14:18:51.378250392Z,2026-02-24T14:18:51.354557665Z,1,1,2533669,T,A,0,62.000000000,1,0,13742,145261234,62.000000000,62.250000000,1,198,1,5,UD:1V: VT 2533669
2026-02-24T14:19:05.336410528Z,2026-02-24T14:19:05.260217135Z,1,1,42360165,T,B,0,16.200000000,4,0,13358,432150403,16.000000000,16.200000000,239,56,7,1,ESH6 P6150
2026-02-24T14:19:05.875520912Z,2026-02-24T14:19:05.474436091Z,1,1,42426741,T,B,0,44.250000000,1,0,13142,432159396,44.000000000,44.250000000,43,1,2,1,ESH6 P6500
2026-02-24T14:19:09.667865802Z,2026-02-24T14:19:09.655105495Z,1,1,42896840,T,B,0,77.500000000,1,0,15518,432198168,77.250000000,77.500000000,1,1,1,1,ESH6 P6690
2026-02-24T14:19:11.112095277Z,2026-02-24T14:19:11.087391501Z,1,1,42886222,T,B,0,87.000000000,1,0,16866,432202952,86.500000000,87.000000000,59,1,6,1,ESH6 P6730
2026-02-24T14:19:11.509240920Z,2026-02-24T14:19:11.507312139Z,1,1,42429674,T,B,0,79.750000000,1,0,14553,432204068,79.250000000,79.750000000,101,1,9,1,ESH6 P6700
2026-02-24T14:19:37.009113518Z,2026-02-24T14:19:36.985663369Z,1,1,42886213,T,B,0,116.500000000,1,0,14307,432341110,116.000000000,116.500000000,45,1,5,1,ESH6 P6830
2026-02-24T14:19:37.962640159Z,2026-02-24T14:19:37.962100111Z,1,1,42429064,T,A,0,123.000000000,1,0,16689,432345373,123.000000000,124.000000000,23,109,4,11,ESH6 P6850
2026-02-24T14:19:38.500585610Z,2026-02-24T14:19:38.490451373Z,1,1,42886220,T,B,0,75.500000000,1,0,15691,432349832,75.000000000,75.500000000,58,1,6,1,ESH6 P6680
2026-02-24T14:19:38.524839167Z,2026-02-24T14:19:38.523463173Z,1,1,42435427,T,B,0,92.500000000,1,0,15792,432350215,92.000000000,92.500000000,42,1,4,1,ESH6 P6750
2026-02-24T14:19:38.674403666Z,2026-02-24T14:19:38.673061995Z,1,1,42431181,T,B,0,59.750000000,1,0,15836,432350769,59.250000000,59.750000000,138,1,9,1,ESH6 P6600
2026-02-24T14:19:38.928645008Z,2026-02-24T14:19:38.912877579Z,1,1,42886221,T,B,0,84.750000000,1,0,14336,432352108,84.250000000,84.750000000,48,1,4,1,ESH6 P6720
2026-02-24T14:19:39.104932235Z,2026-02-24T14:19:39.102866707Z,1,1,42764937,T,B,0,86.000000000,1,0,17196,432352783,85.500000000,86.000000000,75,1,7,1,ESH6 P6725
2026-02-24T14:19:39.119800842Z,2026-02-24T14:19:39.111059063Z,1,1,42874360,T,B,0,95.250000000,2,0,15461,432352936,94.750000000,95.250000000,50,44,4,3,ESH6 P6760
2026-02-24T14:19:39.145129120Z,2026-02-24T14:19:39.144655325Z,1,1,42887174,T,B,0,98.000000000,3,0,14448,432353343,97.500000000,98.000000000,43,38,4,2,ESH6 P6770
2026-02-24T14:19:39.251124347Z,2026-02-24T14:19:39.249290959Z,1,1,42865927,T,B,0,110.000000000,6,0,14499,432353915,109.500000000,110.000000000,39,17,4,1,ESH6 P6810
2026-02-24T14:19:39.311558549Z,2026-02-24T14:19:39.309830863Z,1,1,42894572,T,B,0,71.250000000,2,0,16466,432354086,70.750000000,71.250000000,84,26,6,1,ESH6 P6660
2026-02-24T14:19:39.438827976Z,2026-02-24T14:19:39.344286141Z,1,1,42431945,T,A,0,106.500000000,1,0,13071,432356427,106.500000000,107.000000000,1,80,1,8,ESH6 P6800
2026-02-24T14:19:40.479810029Z,2026-02-24T14:19:40.350865567Z,1,1,42671291,T,B,0,74.250000000,2,0,14095,432376517,73.750000000,74.250000000,35,31,3,1,ESH6 P6675
2026-02-24T14:20:05.569308930Z,2026-02-24T14:20:05.394746287Z,1,1,2548894,T,A,0,0.000000000,38,0,15877,145372842,0.000000000,0.200000000,125,53,1,2,UD:1V: 12 2548894
2026-02-24T14:20:48.660707671Z,2026-02-24T14:20:48.606028789Z,1,1,42430442,T,B,0,0.400000000,1,0,14322,432704148,0.250000000,0.400000000,727,365,5,6,ESH6 C7500
2026-02-24T14:21:31.223501699Z,2026-02-24T14:21:31.203834181Z,1,1,42429064,T,A,0,123.500000000,3,0,13820,432872748,123.500000000,124.000000000,3,81,1,9,ESH6 P6850
2026-02-24T14:22:41.553188984Z,2026-02-24T14:22:41.552710937Z,1,1,42428246,T,B,0,33.500000000,1,0,14816,433116672,33.250000000,33.500000000,111,1,6,1,ESH6 P6400
2026-02-24T14:22:54.102882824Z,2026-02-24T14:22:54.102388519Z,1,1,42431945,T,A,0,107.500000000,5,0,14155,433184958,107.500000000,108.000000000,5,113,1,10,ESH6 P6800
2026-02-24T14:23:00.926372523Z,2026-02-24T14:23:00.686252993Z,1,1,2548894,T,A,0,0.000000000,12,0,13652,145577128,0.000000000,0.200000000,87,29,1,2,UD:1V: 12 2548894
2026-02-24T14:23:55.015809906Z,2026-02-24T14:23:54.998166535Z,1,1,42429674,T,B,0,80.250000000,1,0,15290,433479225,80.000000000,80.250000000,62,1,5,1,ESH6 P6700
2026-02-24T14:24:32.952803106Z,2026-02-24T14:24:32.912360615Z,1,1,42868334,T,A,0,119.000000000,1,0,12621,433626778,119.000000000,119.500000000,1,15,1,5,ESH6 C6860
2026-02-24T14:24:33.294385069Z,2026-02-24T14:24:33.276939233Z,1,1,42431946,T,B,0,144.000000000,50,0,15401,433629785,143.500000000,144.000000000,20,50,7,1,ESH6 P6900
2026-02-24T14:24:43.882213479Z,2026-02-24T14:24:43.755463769Z,1,1,42431946,T,B,0,144.500000000,2,0,11621,433661675,144.000000000,144.500000000,9,50,2,1,ESH6 P6900
2026-02-24T14:24:43.890096683Z,2026-02-24T14:24:43.755587293Z,1,1,42431946,T,B,0,144.500000000,17,0,10573,433661851,144.000000000,144.500000000,16,48,3,1,ESH6 P6900
2026-02-24T14:24:43.916689792Z,2026-02-24T14:24:43.757186169Z,1,1,42431946,T,B,0,144.500000000,10,0,13419,433662455,144.000000000,144.500000000,7,31,1,1,ESH6 P6900
2026-02-24T14:24:43.925152365Z,2026-02-24T14:24:43.758417759Z,1,1,42431946,T,B,0,144.500000000,21,0,13448,433662677,144.000000000,144.500000000,7,21,1,1,ESH6 P6900
2026-02-24T14:24:58.344871146Z,2026-02-24T14:24:58.290022301Z,1,1,2548894,T,A,0,0.000000000,20,0,11665,145728356,0.000000000,0.200000000,75,4,1,1,UD:1V: 12 2548894
2026-02-24T14:25:00.237789120Z,2026-02-24T14:25:00.043755079Z,1,1,42429064,T,A,0,124.500000000,2,0,13982,433751659,124.500000000,125.000000000,3,28,1,3,ESH6 P6850
2026-02-24T14:25:00.257094943Z,2026-02-24T14:25:00.045104529Z,1,1,42429064,T,A,0,124.500000000,1,0,14606,433751976,124.500000000,125.000000000,1,28,1,3,ESH6 P6850
2026-02-24T14:25:04.455960549Z,2026-02-24T14:25:04.455497171Z,1,1,42426741,T,B,0,45.250000000,1,0,15613,433782854,45.000000000,45.250000000,59,1,5,1,ESH6 P6500
2026-02-24T14:25:09.492453859Z,2026-02-24T14:25:09.384655911Z,1,1,42431945,T,B,0,108.500000000,1,0,11606,433817617,108.000000000,108.500000000,45,1,8,1,ESH6 P6800
2026-02-24T14:25:10.593530126Z,2026-02-24T14:25:10.531905463Z,1,1,42431179,T,B,0,1.450000000,3,0,13038,433828683,1.400000000,1.450000000,220,3,3,1,ESH6 P4800
2026-02-24T14:26:15.472625691Z,2026-02-24T14:26:15.369576689Z,1,1,42723521,T,B,0,15.600000000,4,0,13784,434113991,15.400000000,15.600000000,214,4,7,1,ESH6 P6125
2026-02-24T14:26:21.919284768Z,2026-02-24T14:26:21.916004599Z,1,1,42384724,T,A,0,109.000000000,5,0,14483,434145186,109.000000000,109.500000000,5,66,1,4,ESM6 C7200
2026-02-24T14:27:05.751719725Z,2026-02-24T14:27:05.682548451Z,1,1,42394812,T,A,0,227.000000000,2,0,13151,434350999,227.000000000,227.500000000,2,60,1,5,ESM6 P6800
2026-02-24T14:27:24.002016525Z,2026-02-24T14:27:23.893430293Z,1,1,42868334,T,B,0,119.000000000,3,0,14857,434447136,118.500000000,119.000000000,25,3,4,1,ESH6 C6860
2026-02-24T14:27:51.149648799Z,2026-02-24T14:27:50.946027349Z,1,1,42428246,T,B,0,33.750000000,1,0,14912,434642875,33.500000000,33.750000000,100,1,7,1,ESH6 P6400
2026-02-24T14:28:05.355555572Z,2026-02-24T14:28:05.292469815Z,1,1,4112315,T,A,0,345.500000000,20,0,13573,434751177,345.500000000,346.500000000,20,20,1,1,ESZ6 P6700
2026-02-24T14:28:14.742566933Z,2026-02-24T14:28:14.734276477Z,1,1,42427507,T,B,0,158.000000000,1,0,17893,434799539,157.000000000,158.000000000,101,1,10,1,ESH6 C6800
2026-02-24T14:28:14.764309028Z,2026-02-24T14:28:14.742570377Z,1,1,42427507,T,A,0,158.000000000,1,0,13134,434799921,158.000000000,158.500000000,1,98,1,9,ESH6 C6800
2026-02-24T14:28:24.657369472Z,2026-02-24T14:28:24.656856971Z,1,1,42409672,T,A,0,71.750000000,1,0,15115,434855055,71.750000000,72.000000000,1,77,1,4,ESM6 P5900
2026-02-24T14:28:36.282072786Z,2026-02-24T14:28:36.168195863Z,1,1,42384726,T,A,0,44.750000000,1,0,11613,434903616,44.750000000,45.000000000,1,233,1,5,ESM6 P5500
2026-02-24T14:28:50.493167930Z,2026-02-24T14:28:50.492452787Z,1,1,2541444,T,A,0,136.000000000,15,0,14217,146059766,136.000000000,137.000000000,15,434,1,2,UD:1V: GN 2541444
2026-02-24T14:29:23.372073488Z,2026-02-24T14:29:23.046323731Z,1,1,2536507,T,B,0,23.750000000,2,0,13399,146150555,23.500000000,23.750000000,445,2,6,1,UD:1V: VT 2536507
2026-02-24T14:29:24.191584419Z,2026-02-24T14:29:24.039192941Z,1,1,42394754,T,A,0,104.500000000,1,0,14189,435294499,104.500000000,105.000000000,1,52,1,5,ESM6 P6200
2026-02-24T14:29:26.746981588Z,2026-02-24T14:29:26.670533519Z,1,1,42874360,T,B,0,98.250000000,2,0,12194,435325450,97.750000000,98.250000000,53,2,5,1,ESH6 P6760
2026-02-24T14:29:26.881263002Z,2026-02-24T14:29:26.772873021Z,1,1,42886214,T,B,0,76.000000000,1,0,13071,435328633,75.500000000,76.000000000,63,26,4,2,ESH6 P6670
2026-02-24T14:29:27.038813576Z,2026-02-24T14:29:26.849354321Z,1,1,42426741,T,B,0,46.250000000,1,0,11821,435332011,46.000000000,46.250000000,31,1,1,1,ESH6 P6500
2026-02-24T14:29:27.969596934Z,2026-02-24T14:29:27.966008947Z,1,1,42383331,T,B,0,71.750000000,1,0,15440,435347458,71.250000000,71.750000000,77,1,6,1,ESH6 P6650
2026-02-24T14:29:27.999343095Z,2026-02-24T14:29:27.991901605Z,1,1,42894572,T,B,0,74.000000000,1,0,13780,435348016,73.500000000,74.000000000,26,1,1,1,ESH6 P6660
2026-02-24T14:29:28.087051066Z,2026-02-24T14:29:28.077464075Z,1,1,42429674,T,B,0,83.000000000,1,0,14971,435348975,82.500000000,83.000000000,37,1,3,1,ESH6 P6700
2026-02-24T14:29:28.792540463Z,2026-02-24T14:29:28.749593779Z,1,1,42671291,T,B,0,77.250000000,2,0,10315,435354165,76.750000000,77.250000000,35,10,3,4,ESH6 P6675
2026-02-24T14:29:28.961667071Z,2026-02-24T14:29:28.908148447Z,1,1,42435427,T,B,0,95.750000000,1,0,10673,435356145,95.250000000,95.750000000,15,7,2,3,ESH6 P6750
2026-02-24T14:29:29.988217587Z,2026-02-24T14:29:29.924154211Z,1,1,42886221,T,B,0,87.500000000,1,0,12902,435372469,87.000000000,87.500000000,23,41,2,3,ESH6 P6720
2026-02-24T14:29:30.016836593Z,2026-02-24T14:29:29.996149717Z,1,1,42894570,T,B,0,67.500000000,1,0,14442,435373011,67.000000000,67.500000000,53,1,3,1,ESH6 P6630
2026-02-24T14:29:30.776652914Z,2026-02-24T14:29:30.773041039Z,1,1,42865918,T,B,0,69.500000000,1,0,15938,435380351,69.000000000,69.500000000,47,1,6,1,ESH6 P6640
2026-02-24T14:29:31.719210237Z,2026-02-24T14:29:31.374118701Z,1,1,42868334,T,A,0,116.500000000,1,0,13825,435394053,116.500000000,118.000000000,2,25,2,3,ESH6 C6860
2026-02-24T14:30:00.099002575Z,2026-02-24T14:29:59.857870613Z,1,1,42804077,T,A,0,9.700000000,1,0,14370,435631459,9.700000000,9.800000000,1,148,1,4,ESH6 P5925
2026-02-24T14:30:05.351553146Z,2026-02-24T14:30:03.779092513Z,1,1,2548894,T,A,0,0.000000000,7,0,15817,146318560,0.000000000,0.300000000,55,4,1,1,UD:1V: 12 2548894
2026-02-24T14:30:05.354231599Z,2026-02-24T14:30:03.779218707Z,1,1,2548894,T,A,0,0.000000000,1,0,14553,146318577,0.000000000,0.300000000,48,4,1,1,UD:1V: 12 2548894
2026-02-24T14:30:06.803773352Z,2026-02-24T14:30:05.300532727Z,1,1,42426741,T,A,0,45.250000000,1,0,14763,435749297,45.250000000,45.750000000,1,1,1,1,ESH6 P6500
2026-02-24T14:30:13.039573331Z,2026-02-24T14:30:11.515698027Z,1,1,42439350,T,A,0,188.500000000,3,0,13507,435870128,188.500000000,189.000000000,3,28,1,1,ESU6 P6300
2026-02-24T14:30:15.584488722Z,2026-02-24T14:30:14.020771707Z,1,1,2548894,T,A,0,0.000000000,10,0,14059,146391657,0.000000000,0.300000000,47,4,1,1,UD:1V: 12 2548894
2026-02-24T14:30:18.699199087Z,2026-02-24T14:30:17.599579437Z,1,1,2548894,T,A,0,0.000000000,20,0,11358,146415881,0.000000000,0.250000000,37,139,1,2,UD:1V: 12 2548894
2026-02-24T14:30:19.104587605Z,2026-02-24T14:30:18.161749357Z,1,1,2548894,T,A,0,0.000000000,7,0,16020,146418176,0.000000000,0.250000000,17,139,1,2,UD:1V: 12 2548894
2026-02-24T14:30:19.198251955Z,2026-02-24T14:30:18.163578587Z,1,1,2548894,T,A,0,0.000000000,1,0,14695,146419015,0.000000000,0.250000000,10,139,1,2,UD:1V: 12 2548894
2026-02-24T14:30:19.226615651Z,2026-02-24T14:30:18.170054711Z,1,1,2548894,T,A,0,0.000000000,1,0,16946,146419136,0.000000000,0.250000000,9,114,1,1,UD:1V: 12 2548894
2026-02-24T14:30:21.437442491Z,2026-02-24T14:30:20.600635077Z,1,1,2536507,T,B,0,23.750000000,2,0,12941,146437861,23.500000000,23.750000000,126,2,4,1,UD:1V: VT 2536507
2026-02-24T14:30:23.513105744Z,2026-02-24T14:30:23.018853689Z,1,1,4112315,T,A,0,347.000000000,20,0,16440,436069554,347.000000000,348.000000000,20,20,1,1,ESZ6 P6700
2026-02-24T14:30:31.680680455Z,2026-02-24T14:30:30.957154511Z,1,1,42868523,T,B,0,123.500000000,3,0,15966,436224766,120.000000000,123.500000000,3,17,1,1,ESH6 P6840
2026-02-24T14:30:32.410787245Z,2026-02-24T14:30:31.678718075Z,1,1,2548894,T,A,0,0.000000000,8,0,14639,146514931,0.000000000,0.200000000,8,25,1,1,UD:1V: 12 2548894
2026-02-24T14:30:42.940006627Z,2026-02-24T14:30:42.703908175Z,1,1,2536507,T,B,0,23.750000000,2,0,16472,146587355,23.500000000,23.750000000,610,2,8,1,UD:1V: VT 2536507
2026-02-24T14:30:45.169031218Z,2026-02-24T14:30:45.025196411Z,1,1,2534223,T,B,0,19.900000000,2,0,18164,146603150,19.800000000,19.900000000,47,2,2,1,UD:1V: VT 2534223
2026-02-24T14:30:47.675788191Z,2026-02-24T14:30:47.079256353Z,1,1,42426741,T,B,0,46.250000000,1,0,11996,436531723,45.750000000,46.250000000,13,1,2,1,ESH6 P6500
2026-02-24T14:30:50.424303488Z,2026-02-24T14:30:50.336995283Z,1,1,2536507,T,B,0,24.000000000,2,0,17442,146640937,23.750000000,24.000000000,751,2,10,1,UD:1V: VT 2536507
2026-02-24T14:30:51.242771336Z,2026-02-24T14:30:51.210405255Z,1,1,2534223,T,B,0,20.000000000,2,0,16538,146646673,19.900000000,20.000000000,43,2,1,1,UD:1V: VT 2534223
2026-02-24T14:30:59.400261413Z,2026-02-24T14:30:59.256240573Z,1,1,2548453,T,A,0,27.000000000,1,0,15896,146699114,27.000000000,27.500000000,1,112,1,2,UD:1V: BO 2548453
2026-02-24T14:30:59.544237347Z,2026-02-24T14:30:59.395230505Z,1,1,2520022,T,B,0,78.250000000,12,0,18113,146700086,77.750000000,78.250000000,4,12,1,2,UD:1V: VT 2520022
2026-02-24T14:30:59.880186482Z,2026-02-24T14:30:59.661469639Z,1,1,42429674,T,A,0,81.750000000,1,0,17630,436765772,81.750000000,82.250000000,1,13,1,2,ESH6 P6700
2026-02-24T14:31:00.241597455Z,2026-02-24T14:30:59.934693785Z,1,1,2548453,T,A,0,27.000000000,1,0,15360,146704545,27.000000000,27.500000000,1,139,1,3,UD:1V: BO 2548453
2026-02-24T14:31:03.162203825Z,2026-02-24T14:31:02.440168985Z,1,1,42529461,T,A,0,361.500000000,20,0,14028,436820149,361.500000000,363.000000000,20,3,1,1,ESZ6 P6750
2026-02-24T14:31:03.701280484Z,2026-02-24T14:31:03.019127019Z,1,1,2548453,T,A,0,27.000000000,1,0,16834,146726456,27.000000000,27.500000000,1,45,1,3,UD:1V: BO 2548453
2026-02-24T14:31:04.226454141Z,2026-02-24T14:31:03.583202927Z,1,1,42689135,T,B,0,136.500000000,1,0,16136,436841253,135.500000000,136.500000000,13,1,3,1,ESH6 P6875
2026-02-24T14:31:07.633910811Z,2026-02-24T14:31:07.034394217Z,1,1,42300184,T,A,0,245.500000000,1,0,14569,436902260,245.500000000,246.000000000,1,23,1,2,ESM6 P6850
2026-02-24T14:31:10.433871780Z,2026-02-24T14:31:09.359559971Z,1,1,2545929,T,B,0,32.000000000,1,0,14225,146773279,31.500000000,32.000000000,171,1,4,1,UD:1V: VT 2545929
2026-02-24T14:31:16.402273099Z,2026-02-24T14:31:15.259496463Z,1,1,2542085,T,A,0,14.000000000,25,0,17420,146812757,14.000000000,14.300000000,101,337,2,5,UD:1V: VT 2542085
2026-02-24T14:31:17.166483115Z,2026-02-24T14:31:16.218679167Z,1,1,2534223,T,B,0,20.000000000,2,0,17437,146818752,19.900000000,20.000000000,43,2,1,1,UD:1V: VT 2534223
2026-02-24T14:31:17.207782657Z,2026-02-24T14:31:16.227610703Z,1,1,42435427,T,B,0,95.750000000,1,0,23066,437063164,95.500000000,95.750000000,10,1,1,1,ESH6 P6750
2026-02-24T14:31:17.955863634Z,2026-02-24T14:31:17.207688191Z,1,1,42435427,T,A,0,96.000000000,10,0,19659,437076484,96.000000000,96.250000000,10,83,1,5,ESH6 P6750
2026-02-24T14:31:27.020616309Z,2026-02-24T14:31:26.271777655Z,1,1,42431946,T,B,0,149.000000000,19,0,22314,437237096,148.500000000,149.000000000,8,50,1,1,ESH6 P6900
2026-02-24T14:31:27.064007347Z,2026-02-24T14:31:26.336082273Z,1,1,42431945,T,B,0,111.500000000,1,0,14351,437237845,111.000000000,111.500000000,14,1,3,1,ESH6 P6800
2026-02-24T14:31:27.122012989Z,2026-02-24T14:31:26.441768825Z,1,1,42431946,T,B,0,149.000000000,14,0,14736,437238774,148.500000000,149.000000000,8,31,1,1,ESH6 P6900
2026-02-24T14:31:27.124655924Z,2026-02-24T14:31:26.442186927Z,1,1,42431946,T,B,0,149.000000000,5,0,15497,437238809,148.500000000,149.000000000,8,17,1,1,ESH6 P6900
2026-02-24T14:31:27.144007034Z,2026-02-24T14:31:26.458480331Z,1,1,42431946,T,B,0,149.000000000,7,0,14150,437239151,148.500000000,149.000000000,8,12,1,1,ESH6 P6900
2026-02-24T14:31:27.162704669Z,2026-02-24T14:31:26.485457089Z,1,1,42431946,T,B,0,149.000000000,5,0,14108,437239457,148.500000000,149.000000000,8,5,1,1,ESH6 P6900
2026-02-24T14:31:30.929810469Z,2026-02-24T14:31:30.207167581Z,1,1,42896840,T,B,0,82.250000000,1,0,19853,437304524,81.750000000,82.250000000,48,1,4,1,ESH6 P6690
2026-02-24T14:31:31.676638055Z,2026-02-24T14:31:31.091620067Z,1,1,42426741,T,B,0,47.250000000,1,0,19173,437319036,47.000000000,47.250000000,14,1,1,1,ESH6 P6500
2026-02-24T14:31:32.830360079Z,2026-02-24T14:31:32.057504003Z,1,1,42643324,T,B,0,105.000000000,1,0,20106,437339316,104.000000000,105.000000000,42,10,5,2,ESH6 P6775
2026-02-24T14:31:33.426718667Z,2026-02-24T14:31:32.843059511Z,1,1,42671291,T,B,0,78.750000000,1,0,17016,437351552,78.250000000,78.750000000,10,1,1,1,ESH6 P6675
2026-02-24T14:31:35.379300146Z,2026-02-24T14:31:34.631427011Z,1,1,42874360,T,B,0,100.500000000,1,0,11924,437387760,100.000000000,100.500000000,23,1,2,1,ESH6 P6760
2026-02-24T14:31:37.115757082Z,2026-02-24T14:31:36.263103301Z,1,1,42394812,T,B,0,232.000000000,2,0,14880,437417322,231.000000000,232.000000000,28,2,3,1,ESM6 P6800
2026-02-24T14:31:37.891450591Z,2026-02-24T14:31:37.077766093Z,1,1,42430453,T,B,0,20.000000000,230,0,13052,437431480,19.800000000,20.000000000,83,230,3,1,ESH6 P6200
2026-02-24T14:31:38.967104978Z,2026-02-24T14:31:37.700479737Z,1,1,42804108,T,B,0,44.250000000,1,0,14164,437446296,43.750000000,44.250000000,90,1,3,1,ESH6 P6475
2026-02-24T14:31:39.566140279Z,2026-02-24T14:31:38.329833021Z,1,1,42429064,T,B,0,131.000000000,1,0,15558,437455972,130.500000000,131.000000000,17,1,1,1,ESH6 P6850
2026-02-24T14:31:39.742642242Z,2026-02-24T14:31:38.463061265Z,1,1,2534506,T,A,0,18.500000000,1,0,16668,146968518,18.500000000,18.700000000,1,144,1,1,UD:1V: VT 2534506
2026-02-24T14:31:40.937033595Z,2026-02-24T14:31:39.336168083Z,1,1,42874365,T,B,0,43.750000000,1,0,10575,437478578,43.500000000,43.750000000,32,1,1,1,ESH6 P6470
2026-02-24T14:31:42.440039591Z,2026-02-24T14:31:41.008612643Z,1,1,2534223,T,B,0,20.500000000,2,0,15939,146986199,20.250000000,20.500000000,341,2,6,1,UD:1V: VT 2534223
2026-02-24T14:31:42.689095314Z,2026-02-24T14:31:41.211904905Z,1,1,42392157,T,A,0,188.000000000,1,0,11252,437507276,188.000000000,188.500000000,1,25,1,1,ESZ6 C7500
2026-02-24T14:31:45.789654891Z,2026-02-24T14:31:44.501637949Z,1,1,42429011,T,A,0,89.000000000,2,0,11367,437564888,89.000000000,89.500000000,2,8,1,1,ESH6 C6900
2026-02-24T14:31:48.635490325Z,2026-02-24T14:31:47.686531477Z,1,1,42431945,T,B,0,115.000000000,1,0,14866,437614930,114.000000000,115.000000000,21,57,2,5,ESH6 P6800
2026-02-24T14:31:49.068839781Z,2026-02-24T14:31:48.396175977Z,1,1,42431945,T,A,0,114.000000000,1,0,14260,437623246,114.000000000,115.000000000,45,58,4,6,ESH6 P6800
2026-02-24T14:31:52.581411056Z,2026-02-24T14:31:52.058775401Z,1,1,2536507,T,B,0,24.750000000,2,0,15186,147050810,24.500000000,24.750000000,674,2,9,1,UD:1V: VT 2536507
2026-02-24T14:31:54.321684094Z,2026-02-24T14:31:53.756587847Z,1,1,2536507,T,B,0,24.750000000,2,0,16476,147062663,24.500000000,24.750000000,528,2,7,1,UD:1V: VT 2536507
2026-02-24T14:31:58.367801653Z,2026-02-24T14:31:57.807777089Z,1,1,2596295,T,B,0,29.500000000,29,0,16204,147088010,29.250000000,29.500000000,47,29,1,2,UD:1V: IC 2596295
2026-02-24T14:31:58.386920051Z,2026-02-24T14:31:57.827360821Z,1,1,2548453,T,A,0,27.500000000,1,0,15969,147088351,27.500000000,27.750000000,1,5,1,1,UD:1V: BO 2548453
2026-02-24T14:31:58.393893472Z,2026-02-24T14:31:57.827432887Z,1,1,42422428,T,B,0,119.000000000,15,0,12058,437790302,118.000000000,119.000000000,42,29,5,2,ESH6 C6850
2026-02-24T14:31:58.398550823Z,2026-02-24T14:31:57.827433067Z,1,1,42422428,T,B,0,119.000000000,14,0,13209,437790337,118.000000000,119.000000000,38,14,4,1,ESH6 C6850
2026-02-24T14:31:58.409917952Z,2026-02-24T14:31:57.827433245Z,1,1,42429011,T,B,0,89.750000000,4,0,11341,437790514,89.000000000,89.750000000,21,4,2,1,ESH6 C6900
2026-02-24T14:31:58.528666240Z,2026-02-24T14:31:58.023352599Z,1,1,42422428,T,B,0,119.000000000,8,0,15794,437792890,118.000000000,119.000000000,38,8,4,1,ESH6 C6850
2026-02-24T14:31:58.749000418Z,2026-02-24T14:31:58.376156131Z,1,1,2596295,T,B,0,29.500000000,29,0,13982,147090952,29.250000000,29.500000000,206,35,2,1,UD:1V: IC 2596295
2026-02-24T14:31:58.999357584Z,2026-02-24T14:31:58.390013367Z,1,1,42868334,T,B,0,113.000000000,3,0,15649,437802135,111.500000000,113.000000000,31,3,2,1,ESH6 C6860
2026-02-24T14:32:00.499488263Z,2026-02-24T14:31:59.826653101Z,1,1,42689132,T,B,0,34.500000000,3,0,11706,437825498,34.000000000,34.500000000,28,10,1,1,ESH6 C7025
2026-02-24T14:32:00.506114585Z,2026-02-24T14:31:59.826653281Z,1,1,42483456,T,B,0,27.000000000,12,0,14488,437825499,26.500000000,27.000000000,31,12,1,1,ESH6 C7050
2026-02-24T14:32:01.461338901Z,2026-02-24T14:32:00.660422619Z,1,1,42895804,T,B,0,19.700000000,4,0,16272,437842593,19.300000000,19.700000000,4,4,1,1,ESH6 C7080
2026-02-24T14:32:02.239349835Z,2026-02-24T14:32:01.383292483Z,1,1,2536507,T,B,0,24.750000000,2,0,15908,147114683,24.500000000,24.750000000,274,2,4,1,UD:1V: VT 2536507
2026-02-24T14:32:05.125510429Z,2026-02-24T14:32:04.421956243Z,1,1,42402296,T,B,0,3.000000000,1,0,17139,437904245,2.900000000,3.000000000,623,1,8,1,ESH6 P5250
2026-02-24T14:32:06.494796056Z,2026-02-24T14:32:05.979875473Z,1,1,2534223,T,B,0,20.500000000,2,0,16902,147140381,20.250000000,20.500000000,818,2,8,1,UD:1V: VT 2534223
2026-02-24T14:32:07.308889592Z,2026-02-24T14:32:06.695789779Z,1,1,42392157,T,A,0,187.000000000,1,0,13923,437947114,187.000000000,188.000000000,1,23,1,1,ESZ6 C7500
2026-02-24T14:32:07.790845394Z,2026-02-24T14:32:07.004276829Z,1,1,42499829,T,A,0,125.500000000,5,0,16495,437954698,125.500000000,126.000000000,29,22,1,1,ESM6 C7150
2026-02-24T14:32:09.226365160Z,2026-02-24T14:32:08.741766023Z,1,1,2536507,T,B,0,24.750000000,2,0,16363,147159183,24.500000000,24.750000000,516,2,8,1,UD:1V: VT 2536507
2026-02-24T14:32:13.507494191Z,2026-02-24T14:32:12.824547803Z,1,1,42865924,T,B,0,17.600000000,3,0,17271,438056377,17.200000000,17.600000000,57,32,2,1,ESH6 C7090
2026-02-24T14:32:13.587896311Z,2026-02-24T14:32:12.979994889Z,1,1,42608051,T,A,0,20.500000000,1,0,14377,438058030,20.500000000,21.000000000,25,185,1,7,ESH6 C7075
2026-02-24T14:32:14.171185719Z,2026-02-24T14:32:13.695832537Z,1,1,42483456,T,B,0,27.250000000,1,0,14769,438068182,26.750000000,27.250000000,50,12,2,1,ESH6 C7050
2026-02-24T14:32:15.742430725Z,2026-02-24T14:32:15.158745159Z,1,1,2534223,T,B,0,20.500000000,2,0,17522,147201169,20.250000000,20.500000000,932,2,9,1,UD:1V: VT 2534223
2026-02-24T14:32:16.266665197Z,2026-02-24T14:32:15.612998939Z,1,1,42529461,T,A,0,365.000000000,20,0,16220,438107002,365.000000000,367.000000000,20,38,1,2,ESZ6 P6750
2026-02-24T14:32:20.990942219Z,2026-02-24T14:32:20.222453407Z,1,1,42608051,T,B,0,21.000000000,1,0,11846,438187196,20.500000000,21.000000000,119,15,5,1,ESH6 C7075
2026-02-24T14:32:21.548329508Z,2026-02-24T14:32:21.005207497Z,1,1,42689132,T,B,0,35.000000000,1,0,17540,438199117,34.500000000,35.000000000,3,23,3,2,ESH6 C7025
2026-02-24T14:32:22.095911907Z,2026-02-24T14:32:21.554323533Z,1,1,42895789,T,B,0,22.250000000,1,0,15841,438209392,21.750000000,22.250000000,56,1,2,1,ESH6 C7070
2026-02-24T14:32:22.512559691Z,2026-02-24T14:32:21.660572875Z,1,1,42360164,T,A,0,8.500000000,25,0,16427,438216271,8.500000000,8.700000000,25,287,1,8,ESH6 P5850
2026-02-24T14:32:28.161567287Z,2026-02-24T14:32:27.763494119Z,1,1,42868523,T,A,0,126.500000000,3,0,17584,438319409,126.500000000,128.000000000,3,42,1,3,ESH6 P6840
2026-02-24T14:32:28.602125981Z,2026-02-24T14:32:28.191624755Z,1,1,42430465,T,A,0,224.000000000,1,0,17591,438327431,224.000000000,225.500000000,52,29,7,3,ESH6 C6700
2026-02-24T14:32:28.911016618Z,2026-02-24T14:32:28.484643333Z,1,1,42431945,T,B,0,113.000000000,1,0,11642,438333522,112.500000000,113.000000000,47,1,5,1,ESH6 P6800
2026-02-24T14:32:35.474684704Z,2026-02-24T14:32:35.054859389Z,1,1,42378449,T,A,0,82.250000000,22,0,11753,438455478,82.250000000,83.000000000,66,3,1,2,ESM6 P6000
2026-02-24T14:32:36.615256256Z,2026-02-24T14:32:35.931259093Z,1,1,42422428,T,B,0,121.000000000,3,0,13303,438475322,120.500000000,121.000000000,24,3,4,1,ESH6 C6850
2026-02-24T14:32:37.801863502Z,2026-02-24T14:32:37.166749135Z,1,1,42431945,T,B,0,112.500000000,1,0,14070,438496950,112.000000000,112.500000000,27,2,5,2,ESH6 P6800
2026-02-24T14:32:37.802074999Z,2026-02-24T14:32:37.166749341Z,1,1,42431945,T,B,0,112.500000000,1,0,13881,438496952,112.000000000,112.500000000,27,1,5,1,ESH6 P6800
2026-02-24T14:32:45.076384314Z,2026-02-24T14:32:45.054184671Z,1,1,42397929,T,A,0,4.800000000,4,0,21939,438640635,4.800000000,4.850000000,4,164,1,2,ESH6 P5550
2026-02-24T14:32:46.305877936Z,2026-02-24T14:32:46.305413279Z,1,1,42865924,T,B,0,17.900000000,12,0,13469,438661698,17.700000000,17.900000000,25,30,1,1,ESH6 C7090
2026-02-24T14:32:48.370578912Z,2026-02-24T14:32:48.346148793Z,1,1,2537454,T,A,0,8.300000000,1,0,16067,147415607,8.300000000,8.400000000,1,249,1,2,UD:1V: VT 2537454
2026-02-24T14:32:50.668241608Z,2026-02-24T14:32:50.554492905Z,1,1,42427500,T,A,0,26.250000000,2,0,14079,438748755,26.250000000,26.750000000,2,243,2,9,ESH6 P6300
2026-02-24T14:33:07.673719343Z,2026-02-24T14:33:07.022414369Z,1,1,42428246,T,B,0,35.000000000,1,0,11565,439074488,34.750000000,35.000000000,35,1,2,1,ESH6 P6400
2026-02-24T14:33:07.749018679Z,2026-02-24T14:33:07.088105131Z,1,1,42427507,T,A,0,153.000000000,2,0,14415,439076081,153.000000000,153.500000000,2,63,1,4,ESH6 C6800
2026-02-24T14:33:14.926300968Z,2026-02-24T14:33:14.142011897Z,1,1,42431945,T,A,0,112.000000000,1,0,13899,439208767,112.000000000,113.000000000,18,36,2,4,ESH6 P6800
2026-02-24T14:33:44.810916195Z,2026-02-24T14:33:44.488463091Z,1,1,42435427,T,A,0,98.000000000,10,0,11782,439785731,98.000000000,98.250000000,10,46,1,3,ESH6 P6750
2026-02-24T14:33:46.527122578Z,2026-02-24T14:33:46.490338851Z,1,1,42426741,T,B,0,47.500000000,1,0,10618,439823809,47.250000000,47.500000000,32,1,3,1,ESH6 P6500
2026-02-24T14:33:48.038310744Z,2026-02-24T14:33:48.025429925Z,1,1,42429011,T,A,0,90.500000000,1,0,13102,439849424,90.500000000,91.000000000,1,11,1,1,ESH6 C6900
2026-02-24T14:34:01.200087618Z,2026-02-24T14:34:01.125593541Z,1,1,2534223,T,B,0,20.500000000,2,0,16820,147887856,20.250000000,20.500000000,991,2,9,1,UD:1V: VT 2534223
2026-02-24T14:34:10.889404434Z,2026-02-24T14:34:09.855514057Z,1,1,42886213,T,A,0,123.500000000,3,0,11487,440272350,123.500000000,124.000000000,3,2,1,1,ESH6 P6830
2026-02-24T14:34:20.636134477Z,2026-02-24T14:34:20.074868823Z,1,1,2537986,T,B,0,16.700000000,2,0,11645,148005252,16.600000000,16.700000000,55,2,2,1,UD:1V: VT 2537986
2026-02-24T14:34:20.931971192Z,2026-02-24T14:34:20.108856971Z,1,1,2543590,T,A,0,49.000000000,10,0,13336,148007683,49.000000000,50.000000000,10,46,1,1,UD:1V: VT 2543590
2026-02-24T14:34:21.924064517Z,2026-02-24T14:34:21.007201773Z,1,1,42429011,T,A,0,89.000000000,2,0,13356,440470488,89.000000000,89.500000000,2,12,1,1,ESH6 C6900
2026-02-24T14:34:22.544893125Z,2026-02-24T14:34:21.709509033Z,1,1,42435427,T,B,0,100.000000000,1,0,13813,440482957,99.750000000,100.000000000,11,1,1,1,ESH6 P6750
2026-02-24T14:34:26.764335235Z,2026-02-24T14:34:26.643921183Z,1,1,42405230,T,B,0,4.250000000,151,0,24675,440574542,4.100000000,4.250000000,225,639,1,9,ESH6 P5450
2026-02-24T14:34:26.784809047Z,2026-02-24T14:34:26.643929745Z,1,1,42402295,T,B,0,3.600000000,226,0,18789,440574795,3.500000000,3.600000000,221,424,1,5,ESH6 P5350
2026-02-24T14:34:26.841325176Z,2026-02-24T14:34:26.652477019Z,1,1,42402295,T,B,0,3.600000000,139,0,16628,440575978,3.450000000,3.600000000,329,198,4,3,ESH6 P5350
2026-02-24T14:34:26.847018293Z,2026-02-24T14:34:26.657301395Z,1,1,42838711,T,B,0,4.050000000,133,0,11373,440576109,3.900000000,4.050000000,25,154,1,1,ESH6 P5425
2026-02-24T14:34:26.877712979Z,2026-02-24T14:34:26.657556073Z,1,1,42347630,T,B,0,5.900000000,4,0,11426,440576670,5.700000000,5.900000000,46,4,4,1,ESH6 P5650
2026-02-24T14:34:26.897903874Z,2026-02-24T14:34:26.680180221Z,1,1,42429673,T,B,0,3.900000000,135,0,11411,440577366,3.750000000,3.900000000,41,268,2,2,ESH6 P5400
2026-02-24T14:34:26.912177927Z,2026-02-24T14:34:26.706924035Z,1,1,42428245,T,B,0,3.350000000,82,0,11878,440577852,3.200000000,3.350000000,105,82,3,1,ESH6 P5300
2026-02-24T14:34:26.962872862Z,2026-02-24T14:34:26.784890401Z,1,1,42405230,T,B,0,4.250000000,10,0,11442,440579329,4.100000000,4.250000000,125,19,2,1,ESH6 P5450
2026-02-24T14:34:27.040753674Z,2026-02-24T14:34:26.919885845Z,1,1,42429011,T,A,0,89.000000000,1,0,13660,440580805,89.000000000,89.500000000,18,12,1,1,ESH6 C6900
2026-02-24T14:34:27.053318579Z,2026-02-24T14:34:26.927377123Z,1,1,42402296,T,B,0,3.150000000,97,0,27076,440580970,2.950000000,3.150000000,15,97,1,2,ESH6 P5250
2026-02-24T14:34:27.124683243Z,2026-02-24T14:34:26.989326327Z,1,1,42405230,T,B,0,4.250000000,11,0,14157,440582467,4.150000000,4.250000000,15,11,1,2,ESH6 P5450
2026-02-24T14:34:27.625161429Z,2026-02-24T14:34:27.254157979Z,1,1,42430452,T,A,0,2.900000000,34,0,14109,440591423,2.900000000,2.950000000,34,161,1,1,ESH6 P5200
2026-02-24T14:34:28.552797714Z,2026-02-24T14:34:28.082916057Z,1,1,42402296,T,B,0,3.150000000,7,0,15023,440608885,3.100000000,3.150000000,159,25,1,1,ESH6 P5250
2026-02-24T14:34:28.998853168Z,2026-02-24T14:34:28.902890545Z,1,1,42426739,T,B,0,5.500000000,7,0,38052,440618656,5.400000000,5.500000000,152,7,2,1,ESH6 P5600
2026-02-24T14:34:29.269198844Z,2026-02-24T14:34:29.209912085Z,1,1,2537986,T,B,0,16.800000000,2,0,17000,148068140,16.700000000,16.800000000,258,2,2,1,UD:1V: VT 2537986
2026-02-24T14:34:32.161472535Z,2026-02-24T14:34:31.527061339Z,1,1,42426741,T,A,0,48.250000000,1,0,14138,440671815,48.250000000,48.750000000,34,5,4,3,ESH6 P6500
2026-02-24T14:34:36.081475682Z,2026-02-24T14:34:36.073394453Z,1,1,42426739,T,B,0,5.500000000,4,0,12066,440745978,5.400000000,5.500000000,557,4,9,1,ESH6 P5600
2026-02-24T14:34:36.946994175Z,2026-02-24T14:34:36.852976247Z,1,1,2537303,T,B,0,30.000000000,5,0,13733,148116262,29.750000000,30.000000000,183,5,6,1,UD:1V: BO 2537303
2026-02-24T14:34:39.393494907Z,2026-02-24T14:34:39.393007305Z,1,1,42429011,T,B,0,89.250000000,1,0,15786,440808565,88.750000000,89.250000000,82,18,6,1,ESH6 C6900
2026-02-24T14:34:39.474636920Z,2026-02-24T14:34:39.471948795Z,1,1,2548456,T,A,0,22.750000000,1,0,16638,148129492,22.750000000,23.000000000,1,53,1,2,UD:1V: BO 2548456
2026-02-24T14:34:43.222547442Z,2026-02-24T14:34:43.214062867Z,1,1,42483101,T,B,0,63.750000000,1,0,17756,440867941,63.250000000,63.750000000,61,12,7,1,ESH6 C6950
2026-02-24T14:34:46.639577050Z,2026-02-24T14:34:46.287830277Z,1,1,42394740,T,A,0,33.000000000,4,0,11731,440931236,33.000000000,33.250000000,4,13,1,2,ESM6 P5200
2026-02-24T14:34:48.522141480Z,2026-02-24T14:34:48.501228919Z,1,1,42378288,T,A,0,34.750000000,4,0,14590,440972553,34.750000000,35.000000000,4,13,1,2,ESM6 P5250
2026-02-24T14:35:01.482674219Z,2026-02-24T14:35:01.274719849Z,1,1,42383331,T,B,0,75.000000000,1,0,11365,441209397,74.750000000,75.000000000,12,1,1,1,ESH6 P6650
2026-02-24T14:35:05.058054106Z,2026-02-24T14:35:04.696733397Z,1,1,42887188,T,A,0,124.000000000,1,0,11315,441289743,124.000000000,124.500000000,1,3,1,2,ESH6 C6840
2026-02-24T14:35:06.663001824Z,2026-02-24T14:35:05.782481897Z,1,1,42886213,T,A,0,125.500000000,3,0,11345,441321538,125.500000000,128.000000000,3,4,1,1,ESH6 P6830
2026-02-24T14:35:20.576793443Z,2026-02-24T14:35:20.233538059Z,1,1,42431946,T,B,0,155.000000000,50,0,12142,441589629,154.000000000,155.000000000,66,50,4,1,ESH6 P6900
2026-02-24T14:35:22.081744320Z,2026-02-24T14:35:21.525049515Z,1,1,42212203,T,A,0,87.250000000,5,0,15540,441619818,87.250000000,87.750000000,5,2,1,1,ESM6 C7250
2026-02-24T14:35:22.584089357Z,2026-02-24T14:35:22.075396059Z,1,1,42429687,T,A,0,42.000000000,1,0,14752,441629633,42.000000000,42.500000000,1,124,1,7,ESH6 C7000
2026-02-24T14:35:27.032364779Z,2026-02-24T14:35:27.030004557Z,1,1,2548541,T,A,0,10.500000000,4,0,16807,148438832,10.500000000,10.600000000,4,67,1,2,UD:1V: BO 2548541
2026-02-24T14:35:28.523148312Z,2026-02-24T14:35:28.522621227Z,1,1,42428246,T,A,0,36.750000000,1,0,13980,441750765,36.750000000,37.000000000,1,154,1,6,ESH6 P6400
2026-02-24T14:35:28.661154915Z,2026-02-24T14:35:28.636894129Z,1,1,42874379,T,B,0,72.750000000,1,0,14117,441752362,72.250000000,72.750000000,76,20,7,1,ESH6 C6930
2026-02-24T14:35:29.433252080Z,2026-02-24T14:35:29.424652559Z,1,1,2549799,T,B,0,1.100000000,1,0,11425,148453257,1.050000000,1.100000000,1016,1,3,1,UD:1V: VT 2549799
2026-02-24T14:35:33.432191299Z,2026-02-24T14:35:33.260908849Z,1,1,4112315,T,A,0,352.000000000,7,0,14121,441837114,352.000000000,353.000000000,20,20,1,1,ESZ6 P6700
2026-02-24T14:35:36.377905323Z,2026-02-24T14:35:36.371743785Z,1,1,42431945,T,B,0,117.000000000,1,0,13891,441888679,116.000000000,117.000000000,63,19,8,3,ESH6 P6800
2026-02-24T14:35:36.845135266Z,2026-02-24T14:35:36.820674901Z,1,1,42723521,T,B,0,17.100000000,5,0,16580,441897736,17.000000000,17.100000000,58,5,1,1,ESH6 P6125
2026-02-24T14:35:36.850020298Z,2026-02-24T14:35:36.820677187Z,1,1,42431944,T,B,0,12.500000000,1,0,15782,441897823,12.400000000,12.500000000,93,1,1,1,ESH6 P6000
2026-02-24T14:35:37.926805578Z,2026-02-24T14:35:37.881506677Z,1,1,42886230,T,B,0,68.250000000,1,0,14584,441922051,67.750000000,68.250000000,44,21,3,1,ESH6 C6940
2026-02-24T14:35:40.220787093Z,2026-02-24T14:35:39.979769001Z,1,1,42874364,T,A,0,21.250000000,4,0,11620,441962880,21.250000000,21.500000000,4,57,1,3,ESH6 P6210
2026-02-24T14:35:43.209328968Z,2026-02-24T14:35:43.208750627Z,1,1,42428246,T,B,0,36.750000000,5,0,24742,442025033,36.000000000,36.750000000,147,139,9,7,ESH6 P6400
2026-02-24T14:35:47.245491522Z,2026-02-24T14:35:46.543462233Z,1,1,2549698,T,B,0,6.200000000,3,0,17182,148563188,6.100000000,6.200000000,2413,3,6,1,UD:1V: VT 2549698
2026-02-24T14:35:47.996188914Z,2026-02-24T14:35:47.297652035Z,1,1,42896834,T,A,0,21.500000000,4,0,18369,442111193,21.500000000,21.750000000,4,55,1,2,ESH6 P6220
2026-02-24T14:35:48.277791243Z,2026-02-24T14:35:47.425297861Z,1,1,42887188,T,B,0,125.500000000,3,0,10605,442116536,125.000000000,125.500000000,19,3,2,1,ESH6 C6840
2026-02-24T14:35:56.898897283Z,2026-02-24T14:35:55.984556861Z,1,1,42429674,T,A,0,86.750000000,1,0,13199,442276555,86.750000000,87.500000000,35,23,4,2,ESH6 P6700
2026-02-24T14:35:58.743547347Z,2026-02-24T14:35:58.383156413Z,1,1,42670702,T,B,0,240.500000000,1,0,14676,442315989,240.000000000,240.500000000,8,1,1,1,ESH6 C6675
2026-02-24T14:36:02.462892434Z,2026-02-24T14:36:02.012125869Z,1,1,2534214,T,B,0,58.000000000,4,0,11638,148667291,57.750000000,58.000000000,469,4,4,1,UD:1V: VT 2534214
2026-02-24T14:36:17.733411103Z,2026-02-24T14:36:17.664492619Z,1,1,42378346,T,A,0,30.500000000,1,0,11583,442692845,30.500000000,30.750000000,1,57,1,3,ESM6 C7500
2026-02-24T14:36:23.493428199Z,2026-02-24T14:36:22.659387349Z,1,1,42409657,T,B,0,52.000000000,1,0,17276,442804881,51.750000000,52.000000000,4,1,1,1,ESM6 P5600
2026-02-24T14:36:24.714361573Z,2026-02-24T14:36:23.812905251Z,1,1,42399612,T,A,0,31.750000000,8,0,15273,442828692,31.750000000,32.000000000,92,271,1,5,ESM6 P5150
2026-02-24T14:36:25.962983282Z,2026-02-24T14:36:25.405808719Z,1,1,42426741,T,B,0,50.000000000,1,0,11947,442853980,49.500000000,50.000000000,6,1,2,1,ESH6 P6500
2026-02-24T14:36:25.962995685Z,2026-02-24T14:36:25.405808897Z,1,1,42397940,T,B,0,32.250000000,1,0,10326,442853981,32.000000000,32.250000000,44,1,4,1,ESH6 P6350
2026-02-24T14:36:34.983226317Z,2026-02-24T14:36:34.815280675Z,1,1,2545929,T,B,0,34.000000000,1,0,15402,148881920,33.750000000,34.000000000,4,1,1,1,UD:1V: VT 2545929
2026-02-24T14:36:35.654487432Z,2026-02-24T14:36:35.300146547Z,1,1,42394740,T,A,0,33.500000000,7,0,17779,443042295,33.500000000,33.750000000,94,38,2,3,ESM6 P5200
2026-02-24T14:36:35.800569941Z,2026-02-24T14:36:35.548320533Z,1,1,42372931,T,A,0,30.250000000,7,0,13229,443045847,30.250000000,30.500000000,93,188,1,3,ESM6 P5100
2026-02-24T14:36:35.959496235Z,2026-02-24T14:36:35.641360747Z,1,1,42394733,T,A,0,37.250000000,7,0,11275,443048990,37.250000000,37.500000000,61,39,1,4,ESM6 P5300
2026-02-24T14:36:39.446638708Z,2026-02-24T14:36:39.313825547Z,1,1,42643323,T,A,0,19.800000000,4,0,18942,443123743,19.800000000,20.250000000,4,360,1,11,ESH6 P6175
2026-02-24T14:36:42.063838690Z,2026-02-24T14:36:41.098656481Z,1,1,42427500,T,A,0,27.750000000,13,0,11406,443166970,27.750000000,28.250000000,13,220,1,10,ESH6 P6300
2026-02-24T14:36:46.810213617Z,2026-02-24T14:36:46.721601881Z,1,1,42399612,T,A,0,31.750000000,2,0,14290,443264419,31.750000000,32.000000000,91,207,1,3,ESM6 P5150
2026-02-24T14:36:46.828043648Z,2026-02-24T14:36:46.739243875Z,1,1,42378288,T,A,0,35.250000000,2,0,14287,443264930,35.250000000,35.500000000,87,229,1,4,ESM6 P5250
2026-02-24T14:36:47.794915279Z,2026-02-24T14:36:47.793494673Z,1,1,42366506,T,A,0,20.750000000,4,0,14155,443283292,20.750000000,21.000000000,4,426,1,6,ESM6 P4700
2026-02-24T14:36:48.899027759Z,2026-02-24T14:36:48.680204483Z,1,1,42643323,T,A,0,19.500000000,4,0,10598,443305501,19.500000000,19.800000000,4,218,1,5,ESH6 P6175
2026-02-24T14:36:51.262941446Z,2026-02-24T14:36:51.130105723Z,1,1,42394733,T,A,0,37.000000000,2,0,14112,443355503,37.000000000,37.250000000,61,10,1,2,ESM6 P5300
2026-02-24T14:36:51.283015091Z,2026-02-24T14:36:51.138959719Z,1,1,42372931,T,A,0,30.000000000,2,0,13145,443355888,30.000000000,30.250000000,93,32,1,2,ESM6 P5100
2026-02-24T14:36:51.289160843Z,2026-02-24T14:36:51.139247019Z,1,1,42394740,T,A,0,33.250000000,2,0,13685,443356060,33.250000000,33.500000000,90,9,1,1,ESM6 P5200
2026-02-24T14:36:51.448992008Z,2026-02-24T14:36:51.259101663Z,1,1,42360164,T,B,0,9.000000000,34,0,11096,443359535,8.900000000,9.000000000,126,34,1,1,ESH6 P5850
2026-02-24T14:36:51.464469101Z,2026-02-24T14:36:51.267317385Z,1,1,42643255,T,B,0,9.500000000,51,0,14878,443359907,9.400000000,9.500000000,119,139,1,1,ESH6 P5875
2026-02-24T14:36:52.038147453Z,2026-02-24T14:36:51.542807047Z,1,1,42608055,T,A,0,11.800000000,95,0,14819,443369495,11.800000000,11.900000000,95,128,1,1,ESH6 P5975
2026-02-24T14:36:52.203074582Z,2026-02-24T14:36:51.648517145Z,1,1,42347630,T,A,0,6.100000000,80,0,14173,443372363,6.100000000,6.200000000,266,56,2,2,ESH6 P5650
2026-02-24T14:36:56.774662637Z,2026-02-24T14:36:56.609810675Z,1,1,42372983,T,A,0,89.000000000,8,0,16095,443457085,89.000000000,89.750000000,33,25,1,1,ESM6 P6050
2026-02-24T14:37:04.176380949Z,2026-02-24T14:37:04.113974799Z,1,1,2534506,T,A,0,18.200000000,1,0,13707,149075295,18.200000000,18.400000000,1,157,1,2,UD:1V: VT 2534506
2026-02-24T14:37:07.397696477Z,2026-02-24T14:37:06.727710977Z,1,1,3107919,T,B,0,19.000000000,40,0,15440,149097730,18.900000000,19.000000000,699,40,3,1,UD:1V: VT 3107919
2026-02-24T14:37:07.464267370Z,2026-02-24T14:37:06.822251027Z,1,1,42397940,T,A,0,31.750000000,3,0,14138,443645375,31.750000000,32.250000000,31,70,2,4,ESH6 P6350
2026-02-24T14:37:08.746430739Z,2026-02-24T14:37:08.025715143Z,1,1,42427500,T,B,0,27.500000000,25,0,17129,443671476,27.250000000,27.500000000,200,25,8,1,ESH6 P6300
2026-02-24T14:37:16.624560883Z,2026-02-24T14:37:16.507794367Z,1,1,42435427,T,B,0,101.000000000,1,0,11674,443834239,100.500000000,101.000000000,103,2,7,1,ESH6 P6750
2026-02-24T14:37:16.748645051Z,2026-02-24T14:37:16.574689543Z,1,1,42435427,T,B,0,101.000000000,1,0,11364,443836356,100.500000000,101.000000000,81,1,5,1,ESH6 P6750
2026-02-24T14:37:17.838578800Z,2026-02-24T14:37:17.076257769Z,1,1,3105403,T,A,0,3.900000000,4,0,16581,149164774,3.900000000,3.950000000,320,101,1,1,UD:1V: VT 3105403
2026-02-24T14:37:25.027578906Z,2026-02-24T14:37:24.923608291Z,1,1,42394731,T,A,0,27.250000000,1,0,16597,443991573,27.250000000,27.750000000,102,471,1,6,ESM6 P5000
2026-02-24T14:37:27.585954752Z,2026-02-24T14:37:27.574160255Z,1,1,2534374,T,B,0,13.400000000,66,0,11563,149231488,13.300000000,13.400000000,548,66,4,1,UD:1V: VT 2534374
2026-02-24T14:37:35.004942437Z,2026-02-24T14:37:34.454536835Z,1,1,42689130,T,A,0,75.000000000,1,0,11360,444173091,75.000000000,75.500000000,1,28,1,1,ESH6 C6925
2026-02-24T14:37:35.004977149Z,2026-02-24T14:37:34.454538179Z,1,1,42874379,T,A,0,72.500000000,1,0,12060,444173093,72.500000000,73.000000000,1,20,1,1,ESH6 C6930
2026-02-24T14:37:37.304879823Z,2026-02-24T14:37:37.077310307Z,1,1,42427508,T,B,0,15.200000000,100,0,15003,444223015,15.100000000,15.200000000,4,100,1,1,ESH6 C7100
2026-02-24T14:37:43.383152490Z,2026-02-24T14:37:43.370805291Z,1,1,42427508,T,B,0,15.200000000,1,0,13960,444339526,15.100000000,15.200000000,78,100,4,1,ESH6 C7100
2026-02-24T14:37:43.383389674Z,2026-02-24T14:37:43.370805647Z,1,1,42427508,T,B,0,15.200000000,1,0,16671,444339528,15.100000000,15.200000000,78,99,4,1,ESH6 C7100
2026-02-24T14:37:43.389813909Z,2026-02-24T14:37:43.383327723Z,1,1,42427508,T,B,0,15.200000000,98,0,11880,444339747,15.100000000,15.200000000,78,98,4,1,ESH6 C7100
2026-02-24T14:37:43.637257992Z,2026-02-24T14:37:43.606864029Z,1,1,42427508,T,A,0,15.100000000,69,0,18023,444342609,15.100000000,15.400000000,125,287,5,7,ESH6 C7100
2026-02-24T14:37:43.681200544Z,2026-02-24T14:37:43.667449569Z,1,1,42427508,T,A,0,15.100000000,47,0,12906,444343792,15.100000000,15.400000000,47,287,1,6,ESH6 C7100
2026-02-24T14:37:45.272639949Z,2026-02-24T14:37:45.220300273Z,1,1,42431181,T,A,0,65.250000000,1,0,16596,444376885,65.250000000,66.000000000,17,81,3,6,ESH6 P6600
2026-02-24T14:37:49.716156149Z,2026-02-24T14:37:49.379079375Z,1,1,42360165,T,A,0,18.200000000,21,0,13072,444465160,18.200000000,18.500000000,50,277,1,7,ESH6 P6150
2026-02-24T14:37:49.727013087Z,2026-02-24T14:37:49.405450927Z,1,1,42360165,T,A,0,18.200000000,11,0,14135,444465402,18.200000000,18.500000000,29,277,1,7,ESH6 P6150
2026-02-24T14:37:49.729151163Z,2026-02-24T14:37:49.405472987Z,1,1,42360165,T,A,0,18.200000000,1,0,14294,444465428,18.200000000,18.500000000,18,277,1,7,ESH6 P6150
2026-02-24T14:37:49.736641327Z,2026-02-24T14:37:49.405618713Z,1,1,42360165,T,A,0,18.200000000,4,0,17879,444465566,18.200000000,18.500000000,17,277,1,7,ESH6 P6150
2026-02-24T14:37:49.739039992Z,2026-02-24T14:37:49.405692651Z,1,1,42360165,T,A,0,18.200000000,1,0,14255,444465598,18.200000000,18.500000000,13,277,1,7,ESH6 P6150
2026-02-24T14:37:49.741953269Z,2026-02-24T14:37:49.405803019Z,1,1,42360165,T,A,0,18.200000000,4,0,14348,444465649,18.200000000,18.500000000,12,277,1,7,ESH6 P6150
2026-02-24T14:37:49.751724253Z,2026-02-24T14:37:49.406976275Z,1,1,42360165,T,A,0,18.200000000,4,0,13730,444465874,18.200000000,18.500000000,8,277,1,7,ESH6 P6150
2026-02-24T14:37:49.771931469Z,2026-02-24T14:37:49.413041841Z,1,1,42360165,T,A,0,18.200000000,4,0,13580,444466324,18.200000000,18.500000000,4,277,1,7,ESH6 P6150
2026-02-24T14:37:54.966636562Z,2026-02-24T14:37:54.487138333Z,1,1,42394754,T,A,0,107.000000000,6,0,16261,444558569,107.000000000,107.500000000,31,6,1,2,ESM6 P6200
2026-02-24T14:37:56.203171103Z,2026-02-24T14:37:55.566949251Z,1,1,42409672,T,A,0,73.750000000,6,0,14473,444583035,73.750000000,74.000000000,35,1,1,1,ESM6 P5900
2026-02-24T14:37:56.406400376Z,2026-02-24T14:37:55.857647401Z,1,1,2534214,T,B,0,58.000000000,4,0,15291,149428255,57.750000000,58.000000000,509,4,4,1,UD:1V: VT 2534214
2026-02-24T14:37:57.071643395Z,2026-02-24T14:37:56.167522251Z,1,1,42399612,T,A,0,31.500000000,1,0,14886,444599918,31.500000000,31.750000000,91,9,1,1,ESM6 P5150
2026-02-24T14:38:01.760771752Z,2026-02-24T14:38:01.090283829Z,1,1,42300184,T,B,0,250.000000000,1,0,11109,444692125,249.000000000,250.000000000,17,17,1,1,ESM6 P6850
2026-02-24T14:38:02.158071506Z,2026-02-24T14:38:01.521456337Z,1,1,42372983,T,A,0,88.500000000,6,0,14976,444701299,88.500000000,88.750000000,33,5,1,1,ESM6 P6050
2026-02-24T14:38:02.649851029Z,2026-02-24T14:38:02.025365749Z,1,1,42378346,T,B,0,30.750000000,1,0,14203,444711125,30.500000000,30.750000000,45,1,2,1,ESM6 C7500
2026-02-24T14:38:05.484614362Z,2026-02-24T14:38:04.272748175Z,1,1,42868519,T,A,0,31.500000000,4,0,16542,444755721,31.500000000,31.750000000,4,4,1,1,ESH6 P6360
2026-02-24T14:38:06.238622847Z,2026-02-24T14:38:04.890901351Z,1,1,42427507,T,A,0,151.500000000,1,0,17368,444768407,151.500000000,153.500000000,17,17,1,1,ESH6 C6800
2026-02-24T14:38:07.712740880Z,2026-02-24T14:38:06.701786365Z,1,1,2550010,T,B,0,2.300000000,1,0,12943,149514587,2.250000000,2.300000000,1269,1,3,1,UD:1V: VT 2550010
2026-02-24T14:38:10.011142677Z,2026-02-24T14:38:09.505675643Z,1,1,42427500,T,A,0,26.250000000,31,0,14765,444844128,26.250000000,26.750000000,42,195,2,5,ESH6 P6300
2026-02-24T14:38:11.534504173Z,2026-02-24T14:38:11.096048627Z,1,1,42430453,T,B,0,20.000000000,6,0,17334,444874741,19.900000000,20.000000000,124,6,5,1,ESH6 P6200
2026-02-24T14:38:13.154457664Z,2026-02-24T14:38:12.906188587Z,1,1,2542134,T,B,0,98.250000000,2,0,15598,149559215,97.750000000,98.250000000,4,2,1,1,UD:1V: SG 2542134
2026-02-24T14:38:19.393930087Z,2026-02-24T14:38:18.532592017Z,1,1,2545183,T,A,0,6.000000000,1,0,14683,149602233,6.000000000,6.100000000,1,1230,1,6,UD:1V: VT 2545183
2026-02-24T14:38:21.513278197Z,2026-02-24T14:38:20.980806443Z,1,1,42887188,T,B,0,127.000000000,3,0,14281,445073874,126.000000000,127.000000000,14,3,1,1,ESH6 C6840
2026-02-24T14:38:23.605871971Z,2026-02-24T14:38:22.847793195Z,1,1,2534506,T,B,0,19.000000000,5,0,13236,149632427,18.700000000,19.000000000,57,5,2,1,UD:1V: VT 2534506
2026-02-24T14:38:23.871202626Z,2026-02-24T14:38:23.010149581Z,1,1,42427506,T,B,0,950.000000000,5,0,14907,445118901,930.000000000,950.000000000,125,5,1,1,ESH6 C5900
2026-02-24T14:38:24.198563800Z,2026-02-24T14:38:23.168299375Z,1,1,42426741,T,A,0,46.250000000,1,0,11503,445124595,46.250000000,46.750000000,1,11,1,1,ESH6 P6500
2026-02-24T14:38:37.773774136Z,2026-02-24T14:38:37.511321227Z,1,1,2549698,T,B,0,6.300000000,3,0,16824,149737247,6.200000000,6.300000000,2243,3,7,1,UD:1V: VT 2549698
2026-02-24T14:38:38.485416818Z,2026-02-24T14:38:37.776902043Z,1,1,2545183,T,A,0,5.900000000,1,0,15482,149740850,5.900000000,6.000000000,1,1258,1,7,UD:1V: VT 2545183
2026-02-24T14:38:39.532673936Z,2026-02-24T14:38:38.751377009Z,1,1,2529216,T,B,0,6.200000000,3,0,12533,149748844,6.100000000,6.200000000,1952,3,5,1,UD:1V: VT 2529216
2026-02-24T14:38:44.145675421Z,2026-02-24T14:38:43.438098409Z,1,1,42426741,T,A,0,45.250000000,1,0,11403,445520541,45.250000000,46.000000000,1,108,1,5,ESH6 P6500
2026-02-24T14:38:44.985595507Z,2026-02-24T14:38:44.493307261Z,1,1,2544339,T,A,0,17.500000000,8,0,13455,149791859,17.500000000,17.900000000,23,1,1,1,UD:1V: 12 2544339
2026-02-24T14:38:46.152221072Z,2026-02-24T14:38:45.428442709Z,1,1,2545183,T,A,0,5.800000000,1,0,14381,149799223,5.800000000,5.900000000,1,1596,1,7,UD:1V: VT 2545183
2026-02-24T14:38:54.648264899Z,2026-02-24T14:38:54.472492253Z,1,1,42430452,T,B,0,2.800000000,1,0,14396,445725806,2.700000000,2.800000000,291,59,5,1,ESH6 P5200
2026-02-24T14:38:55.620368395Z,2026-02-24T14:38:55.039452491Z,1,1,42427501,T,A,0,195.000000000,1,0,11224,445744695,195.000000000,196.500000000,1,5,1,1,ESH6 P7000
2026-02-24T14:38:55.620867359Z,2026-02-24T14:38:55.042941795Z,1,1,2549367,T,B,0,-21.500000000,1,0,16772,149870577,-22.000000000,-21.500000000,35,1,1,1,UD:1V: 12 2549367
2026-02-24T14:38:55.623774663Z,2026-02-24T14:38:55.042941621Z,1,1,42422428,T,B,0,124.500000000,3,0,11249,445744790,124.000000000,124.500000000,7,3,1,1,ESH6 C6850
2026-02-24T14:39:04.047579857Z,2026-02-24T14:39:02.456638569Z,1,1,42426741,T,A,0,44.250000000,1,0,13304,445898255,44.250000000,44.500000000,1,31,1,1,ESH6 P6500
2026-02-24T14:39:06.421861166Z,2026-02-24T14:39:05.619653181Z,1,1,42429011,T,B,0,95.000000000,1,0,13329,445951079,94.750000000,95.000000000,2,1,1,1,ESH6 C6900
2026-02-24T14:39:13.462862994Z,2026-02-24T14:39:13.268056243Z,1,1,42723512,T,B,0,142.000000000,1,0,16270,446082391,141.500000000,142.000000000,13,1,3,1,ESH6 C6825
2026-02-24T14:39:15.213608655Z,2026-02-24T14:39:14.808521013Z,1,1,2529216,T,B,0,6.300000000,3,0,18901,150016865,6.200000000,6.300000000,4509,3,8,1,UD:1V: VT 2529216
2026-02-24T14:39:16.777979954Z,2026-02-24T14:39:16.439442869Z,1,1,42430453,T,A,0,18.400000000,6,0,14639,446148833,18.400000000,18.500000000,6,4,1,1,ESH6 P6200
2026-02-24T14:39:16.897343671Z,2026-02-24T14:39:16.591800901Z,1,1,2549999,T,B,0,66.750000000,1,0,17334,150030695,66.000000000,66.750000000,4,1,1,1,UD:1V: SG 2549999
2026-02-24T14:39:18.222385663Z,2026-02-24T14:39:18.187090019Z,1,1,2989032,T,B,0,81.250000000,1,0,14931,150040854,79.750000000,81.250000000,58,2,2,2,UD:1V: VT 2989032
2026-02-24T14:39:18.222593069Z,2026-02-24T14:39:18.187090199Z,1,1,2989032,T,B,0,81.250000000,1,0,12773,150040856,79.750000000,81.250000000,58,1,2,1,UD:1V: VT 2989032
2026-02-24T14:39:20.444058698Z,2026-02-24T14:39:19.993744389Z,1,1,42566722,T,B,0,110.000000000,1,0,13089,446225580,109.000000000,110.000000000,41,18,5,2,ESH6 C6875
2026-02-24T14:39:24.898341516Z,2026-02-24T14:39:24.893204719Z,1,1,2989032,T,B,0,81.500000000,1,0,16133,150085005,81.000000000,81.500000000,95,1,4,1,UD:1V: VT 2989032
2026-02-24T14:39:27.578463613Z,2026-02-24T14:39:27.232838879Z,1,1,42431945,T,A,0,106.000000000,5,0,17505,446363101,106.000000000,107.500000000,73,38,8,7,ESH6 P6800
2026-02-24T14:39:27.729356483Z,2026-02-24T14:39:27.403746079Z,1,1,2549999,T,B,0,66.750000000,1,0,16491,150105405,66.000000000,66.750000000,51,1,2,1,UD:1V: SG 2549999
2026-02-24T14:39:30.897094816Z,2026-02-24T14:39:30.311858481Z,1,1,2534506,T,B,0,20.000000000,1,0,14159,150130068,19.700000000,20.000000000,160,1,3,1,UD:1V: VT 2534506
2026-02-24T14:39:34.192451600Z,2026-02-24T14:39:33.995924407Z,1,1,42431945,T,A,0,106.000000000,1,0,17166,446492126,106.000000000,106.500000000,22,19,2,2,ESH6 P6800
2026-02-24T14:39:34.383844935Z,2026-02-24T14:39:34.142317063Z,1,1,42431945,T,B,0,106.500000000,1,0,12704,446496029,106.000000000,106.500000000,34,1,3,1,ESH6 P6800
2026-02-24T14:39:37.303089987Z,2026-02-24T14:39:37.172211271Z,1,1,42764937,T,A,0,84.750000000,4,0,10694,446551184,84.750000000,85.500000000,4,33,1,5,ESH6 P6725
2026-02-24T14:39:37.759673315Z,2026-02-24T14:39:37.731935031Z,1,1,42397939,T,B,0,9.900000000,4,0,14356,446561910,9.700000000,9.900000000,353,4,8,1,ESH6 P5950
2026-02-24T14:39:37.769493869Z,2026-02-24T14:39:37.735605851Z,1,1,42804077,T,B,0,9.400000000,30,0,17307,446562174,9.300000000,9.400000000,112,30,1,1,ESH6 P5925
2026-02-24T14:39:37.770944411Z,2026-02-24T14:39:37.735608349Z,1,1,42723521,T,B,0,15.100000000,4,0,14056,446562200,15.000000000,15.100000000,61,4,1,1,ESH6 P6125
2026-02-24T14:39:37.858852704Z,2026-02-24T14:39:37.807766669Z,1,1,2507806,T,A,0,0.850000000,61,0,14362,150178777,0.850000000,1.000000000,61,28,1,1,UD:1V: GN 2507806
2026-02-24T14:39:40.654919784Z,2026-02-24T14:39:40.640338925Z,1,1,42428246,T,B,0,32.750000000,6,0,13817,446617353,32.500000000,32.750000000,38,6,3,1,ESH6 P6400
2026-02-24T14:39:43.230811744Z,2026-02-24T14:39:43.112467089Z,1,1,2507806,T,A,0,0.850000000,61,0,12440,150215937,0.850000000,1.050000000,61,95,1,2,UD:1V: GN 2507806
2026-02-24T14:39:48.036121237Z,2026-02-24T14:39:47.982347281Z,1,1,42397938,T,B,0,12.700000000,4,0,11559,446761320,12.500000000,12.700000000,203,4,6,1,ESH6 P6050
2026-02-24T14:39:53.259745975Z,2026-02-24T14:39:53.254274105Z,1,1,42431945,T,B,0,107.000000000,1,0,14987,446863147,106.500000000,107.000000000,15,1,5,1,ESH6 P6800
2026-02-24T14:39:56.766966570Z,2026-02-24T14:39:56.052172221Z,1,1,42431181,T,A,0,59.750000000,1,0,11263,446922062,59.750000000,60.000000000,1,17,1,3,ESH6 P6600
2026-02-24T14:40:00.518250936Z,2026-02-24T14:40:00.195398467Z,1,1,42422428,T,A,0,124.500000000,4,0,19320,446996145,124.500000000,125.500000000,4,50,1,6,ESH6 C6850
2026-02-24T14:40:01.772523800Z,2026-02-24T14:40:01.336389479Z,1,1,42671291,T,A,0,73.750000000,4,0,11542,447020129,73.750000000,74.000000000,4,25,1,1,ESH6 P6675
2026-02-24T14:40:06.043676493Z,2026-02-24T14:40:05.705840583Z,1,1,42429687,T,B,0,46.500000000,1,0,13962,447106967,46.250000000,46.500000000,27,1,2,1,ESH6 C7000
2026-02-24T14:40:06.775694859Z,2026-02-24T14:40:06.121173319Z,1,1,2519132,T,B,0,6.200000000,6,0,14143,150376604,6.100000000,6.200000000,2324,6,8,2,UD:1V: VT 2519132
2026-02-24T14:40:07.163425447Z,2026-02-24T14:40:06.314168529Z,1,1,42431946,T,A,0,141.000000000,37,0,11495,447124902,141.000000000,142.000000000,104,8,2,1,ESH6 P6900
2026-02-24T14:40:07.163486192Z,2026-02-24T14:40:06.314169373Z,1,1,42426741,T,A,0,43.250000000,1,0,13160,447124904,43.250000000,43.750000000,1,14,1,2,ESH6 P6500
2026-02-24T14:40:07.386186415Z,2026-02-24T14:40:06.343677291Z,1,1,42431946,T,A,0,141.000000000,19,0,14519,447127283,141.000000000,142.500000000,63,8,1,1,ESH6 P6900
2026-02-24T14:40:07.462949901Z,2026-02-24T14:40:06.353402803Z,1,1,42431946,T,A,0,141.000000000,19,0,14505,447128116,141.000000000,142.500000000,44,11,1,2,ESH6 P6900
2026-02-24T14:40:07.467249899Z,2026-02-24T14:40:06.354227545Z,1,1,42431946,T,A,0,141.000000000,25,0,11535,447128149,141.000000000,142.500000000,25,11,1,2,ESH6 P6900
2026-02-24T14:40:07.529448488Z,2026-02-24T14:40:06.355614459Z,1,1,42566722,T,B,0,111.000000000,1,0,14360,447128769,110.000000000,111.000000000,16,1,2,1,ESH6 C6875
2026-02-24T14:40:07.691274611Z,2026-02-24T14:40:06.428624759Z,1,1,42431945,T,A,0,104.500000000,1,0,12008,447130668,104.500000000,105.000000000,1,9,1,1,ESH6 P6800
2026-02-24T14:40:08.330633181Z,2026-02-24T14:40:07.086830921Z,1,1,42868334,T,B,0,120.500000000,3,0,12834,447140803,120.000000000,120.500000000,2,3,1,1,ESH6 C6860
2026-02-24T14:40:11.110275447Z,2026-02-24T14:40:10.161120981Z,1,1,42838824,T,B,0,17.000000000,4,0,13474,447193155,16.900000000,17.000000000,57,4,1,1,ESH6 P6170
2026-02-24T14:40:11.532904837Z,2026-02-24T14:40:10.634169745Z,1,1,42643254,T,B,0,4.900000000,14,0,19404,447200936,4.850000000,4.900000000,148,46,1,1,ESH6 P5575
2026-02-24T14:40:11.835149929Z,2026-02-24T14:40:10.855717701Z,1,1,42608055,T,B,0,10.500000000,4,0,17349,447206770,10.400000000,10.500000000,103,5,1,1,ESH6 P5975
2026-02-24T14:40:12.722157254Z,2026-02-24T14:40:12.119270877Z,1,1,42360165,T,A,0,16.000000000,19,0,13527,447226406,16.000000000,16.300000000,58,123,1,4,ESH6 P6150
2026-02-24T14:40:13.048801680Z,2026-02-24T14:40:12.608416361Z,1,1,42911604,T,A,0,60.000000000,25,0,13645,447234005,60.000000000,60.500000000,28,1,1,1,ESH6 P6610
2026-02-24T14:40:13.056183138Z,2026-02-24T14:40:12.608634905Z,1,1,42886220,T,A,0,73.750000000,25,0,23613,447234019,73.750000000,74.500000000,25,17,1,3,ESH6 P6680
2026-02-24T14:40:13.527559659Z,2026-02-24T14:40:13.203433359Z,1,1,42874364,T,A,0,18.900000000,1,0,20537,447244574,18.900000000,19.000000000,1,3,1,1,ESH6 P6210
2026-02-24T14:40:13.530710291Z,2026-02-24T14:40:13.205918905Z,1,1,42896834,T,A,0,19.400000000,1,0,12900,447244606,19.400000000,19.600000000,1,16,1,3,ESH6 P6220
2026-02-24T14:40:18.421811831Z,2026-02-24T14:40:17.882418029Z,1,1,42427500,T,A,0,24.000000000,25,0,15542,447340636,24.000000000,24.250000000,25,50,1,2,ESH6 P6300
2026-02-24T14:40:20.302426073Z,2026-02-24T14:40:19.438002177Z,1,1,42895797,T,A,0,29.000000000,25,0,11725,447374014,29.000000000,29.500000000,25,8,1,2,ESH6 P6370
2026-02-24T14:40:22.921881275Z,2026-02-24T14:40:22.016062005Z,1,1,2550139,T,B,0,59.750000000,1,0,12024,150495529,59.500000000,59.750000000,1,1,1,1,UD:1V: IC 2550139
2026-02-24T14:40:23.415865778Z,2026-02-24T14:40:22.615130631Z,1,1,42378592,T,B,0,148.500000000,1,0,13121,447426440,147.000000000,148.500000000,18,1,2,1,ESM6 P6500
2026-02-24T14:40:23.707849324Z,2026-02-24T14:40:22.960802177Z,1,1,42895792,T,B,0,30.000000000,4,0,16780,447431762,29.500000000,30.000000000,49,4,5,1,ESH6 P6380
2026-02-24T14:40:24.312507371Z,2026-02-24T14:40:23.515711179Z,1,1,2534506,T,A,0,20.250000000,1,0,15559,150506021,20.250000000,20.750000000,206,67,7,2,UD:1V: VT 2534506
2026-02-24T14:40:26.390123811Z,2026-02-24T14:40:25.380764239Z,1,1,42426740,T,B,0,14.100000000,3,0,10387,447483047,13.900000000,14.100000000,88,3,1,1,ESH6 P6100
2026-02-24T14:40:29.183835170Z,2026-02-24T14:40:28.436100825Z,1,1,42643324,T,B,0,97.750000000,1,0,17501,447536309,97.500000000,97.750000000,19,1,1,1,ESH6 P6775
2026-02-24T14:40:30.728422747Z,2026-02-24T14:40:29.933217219Z,1,1,2541023,T,B,0,-54.250000000,29,0,14050,150554047,-55.000000000,-54.250000000,29,29,1,1,UD:1V: 12 2541023
2026-02-24T14:40:32.760526913Z,2026-02-24T14:40:32.623260463Z,1,1,42566722,T,B,0,111.500000000,1,0,11078,447608085,110.500000000,111.500000000,8,36,1,4,ESH6 C6875
2026-02-24T14:40:36.440186621Z,2026-02-24T14:40:36.413417289Z,1,1,42397938,T,B,0,12.500000000,8,0,16833,447674988,12.300000000,12.500000000,165,8,4,1,ESH6 P6050
2026-02-24T14:40:48.012339351Z,2026-02-24T14:40:47.952807551Z,1,1,42431945,T,A,0,104.500000000,1,0,18458,447907464,104.500000000,105.500000000,18,50,3,7,ESH6 P6800
2026-02-24T14:40:53.428504488Z,2026-02-24T14:40:52.978747475Z,1,1,42429674,T,A,0,78.250000000,4,0,13341,448009902,78.250000000,78.750000000,4,15,1,2,ESH6 P6700
2026-02-24T14:40:57.074618311Z,2026-02-24T14:40:56.694849787Z,1,1,42895798,T,A,0,24.500000000,15,0,17149,448085842,24.500000000,24.750000000,25,77,1,6,ESH6 P6310
2026-02-24T14:40:57.334062322Z,2026-02-24T14:40:56.829889653Z,1,1,42429674,T,A,0,77.250000000,4,0,11358,448090714,77.250000000,77.500000000,4,24,1,1,ESH6 P6700
2026-02-24T14:40:59.283078210Z,2026-02-24T14:40:59.077892531Z,1,1,42804077,T,B,0,9.300000000,4,0,11653,448129930,9.100000000,9.300000000,278,4,10,1,ESH6 P5925
2026-02-24T14:40:59.300139378Z,2026-02-24T14:40:59.078957459Z,1,1,42431944,T,B,0,11.000000000,4,0,11665,448130255,10.800000000,11.000000000,245,4,8,1,ESH6 P6000
2026-02-24T14:41:02.168363776Z,2026-02-24T14:41:02.017855573Z,1,1,42426741,T,A,0,43.000000000,1,0,17411,448196681,43.000000000,43.250000000,1,79,1,8,ESH6 P6500
2026-02-24T14:41:03.162738725Z,2026-02-24T14:41:02.850495669Z,1,1,2534506,T,B,0,20.500000000,1,0,13401,150778498,20.250000000,20.500000000,184,1,6,1,UD:1V: VT 2534506
2026-02-24T14:41:04.217464690Z,2026-02-24T14:41:03.519339621Z,1,1,42429674,T,A,0,77.000000000,4,0,13715,448227542,77.000000000,77.500000000,22,25,1,4,ESH6 P6700
2026-02-24T14:41:04.224584675Z,2026-02-24T14:41:03.519343211Z,1,1,42671291,T,A,0,71.500000000,4,0,18015,448227544,71.500000000,72.000000000,5,14,1,3,ESH6 P6675
2026-02-24T14:41:04.281351407Z,2026-02-24T14:41:03.522790125Z,1,1,2544166,T,A,0,9.900000000,1,0,18423,150784276,9.900000000,10.000000000,1,182,1,4,UD:1V: IC 2544166
2026-02-24T14:41:06.269851365Z,2026-02-24T14:41:05.323352425Z,1,1,42426741,T,A,0,42.250000000,1,0,11202,448268267,42.250000000,42.750000000,1,22,1,2,ESH6 P6500
2026-02-24T14:41:12.415124866Z,2026-02-24T14:41:12.325317643Z,1,1,42429674,T,A,0,76.500000000,5,0,17468,448397967,76.500000000,76.750000000,5,24,1,1,ESH6 P6700
2026-02-24T14:41:16.119380444Z,2026-02-24T14:41:15.903778049Z,1,1,42430453,T,B,0,17.900000000,1,0,10209,448475040,17.700000000,17.900000000,209,1,9,1,ESH6 P6200
2026-02-24T14:41:21.184307341Z,2026-02-24T14:41:21.101006247Z,1,1,42764937,T,A,0,82.500000000,9,0,11904,448579455,82.500000000,83.000000000,9,26,2,2,ESH6 P6725
2026-02-24T14:41:23.533730898Z,2026-02-24T14:41:23.513249545Z,1,1,42429674,T,A,0,76.500000000,9,0,22051,448624528,76.500000000,77.000000000,9,25,2,7,ESH6 P6700
2026-02-24T14:41:24.105882288Z,2026-02-24T14:41:23.862825455Z,1,1,42764937,T,A,0,82.000000000,35,0,17588,448635344,82.000000000,82.500000000,35,11,2,2,ESH6 P6725
2026-02-24T14:41:25.539900808Z,2026-02-24T14:41:25.537319153Z,1,1,42921501,T,B,0,16.900000000,3,0,15478,448658954,16.700000000,16.900000000,29,4,2,1,ESH6 P6180
2026-02-24T14:41:25.542197162Z,2026-02-24T14:41:25.537345509Z,1,1,42921501,T,B,0,16.900000000,1,0,11356,448659000,16.700000000,16.900000000,29,1,2,1,ESH6 P6180
2026-02-24T14:41:26.189984634Z,2026-02-24T14:41:26.017226415Z,1,1,42431179,T,A,0,1.500000000,5,0,14123,448669179,1.500000000,1.550000000,5,874,1,7,ESH6 P4800
2026-02-24T14:41:29.798304199Z,2026-02-24T14:41:29.733267275Z,1,1,42895792,T,A,0,29.250000000,1,0,11611,448732861,29.250000000,29.500000000,1,41,1,2,ESH6 P6380
2026-02-24T14:41:30.957787423Z,2026-02-24T14:41:30.577886091Z,1,1,42895795,T,A,0,116.500000000,3,0,14828,448756219,116.500000000,117.000000000,3,2,1,1,ESH6 C6870
2026-02-24T14:41:35.563951589Z,2026-02-24T14:41:35.232278455Z,1,1,42764937,T,A,0,81.000000000,3,0,13414,448845667,81.000000000,81.500000000,9,29,2,3,ESH6 P6725
2026-02-24T14:41:35.997809087Z,2026-02-24T14:41:35.531116791Z,1,1,42431946,T,A,0,136.000000000,69,0,11584,448854617,136.000000000,137.000000000,100,27,1,3,ESH6 P6900
2026-02-24T14:41:35.999439541Z,2026-02-24T14:41:35.531120623Z,1,1,42431946,T,A,0,136.000000000,7,0,11966,448854652,136.000000000,137.000000000,31,27,1,3,ESH6 P6900
2026-02-24T14:41:36.127102657Z,2026-02-24T14:41:35.531167611Z,1,1,2540340,T,A,0,56.250000000,4,0,19796,151015949,56.250000000,57.250000000,4,4,1,1,UD:1V: VT 2540340
2026-02-24T14:41:36.143407597Z,2026-02-24T14:41:35.531157997Z,1,1,42431946,T,A,0,136.000000000,24,0,15254,448857298,136.000000000,137.000000000,24,20,1,2,ESH6 P6900
2026-02-24T14:41:36.238262567Z,2026-02-24T14:41:35.532315397Z,1,1,42394731,T,A,0,25.750000000,1,0,13583,448859183,25.750000000,26.000000000,1,105,1,1,ESM6 P5000
2026-02-24T14:41:36.746852614Z,2026-02-24T14:41:35.970673383Z,1,1,42426741,T,A,0,41.250000000,1,0,13239,448868950,41.250000000,41.750000000,1,17,1,1,ESH6 P6500
2026-02-24T14:41:40.083457779Z,2026-02-24T14:41:39.478140033Z,1,1,2550273,T,A,0,48.750000000,1,0,16696,151043634,48.750000000,49.250000000,122,166,4,3,UD:1V: IC 2550273
2026-02-24T14:41:40.879279304Z,2026-02-24T14:41:40.466907129Z,1,1,42431945,T,B,0,101.000000000,1,0,13111,448946757,100.500000000,101.000000000,66,1,7,1,ESH6 P6800
2026-02-24T14:41:43.051895877Z,2026-02-24T14:41:43.050368999Z,1,1,42608054,T,B,0,11.300000000,3,0,11738,448989152,11.100000000,11.300000000,291,4,10,1,ESH6 P6025
2026-02-24T14:41:43.053261713Z,2026-02-24T14:41:43.050433183Z,1,1,42608054,T,B,0,11.300000000,1,0,11088,448989178,11.100000000,11.300000000,291,1,10,1,ESH6 P6025
2026-02-24T14:41:48.255347226Z,2026-02-24T14:41:48.159007677Z,1,1,42671213,T,B,0,6.100000000,34,0,15055,449071392,6.000000000,6.100000000,168,39,3,1,ESH6 P5725
2026-02-24T14:41:50.119447170Z,2026-02-24T14:41:50.011680191Z,1,1,42708161,T,B,0,42.250000000,4,0,16112,449106325,42.000000000,42.250000000,62,4,3,1,ESM6 P5475
2026-02-24T14:41:54.826927659Z,2026-02-24T14:41:54.441352611Z,1,1,42643324,T,A,0,93.750000000,4,0,16971,449193664,93.750000000,94.250000000,4,10,1,2,ESH6 P6775
2026-02-24T14:41:54.933304831Z,2026-02-24T14:41:54.472537187Z,1,1,42366510,T,B,0,157.000000000,2,0,15236,449195291,155.500000000,157.000000000,3,21,2,2,ESM6 C7100
2026-02-24T14:41:55.043760255Z,2026-02-24T14:41:54.533109485Z,1,1,42429674,T,A,0,75.000000000,4,0,17304,449197538,75.000000000,75.500000000,4,11,1,2,ESH6 P6700
2026-02-24T14:42:00.448974626Z,2026-02-24T14:42:00.318716899Z,1,1,42764937,T,A,0,80.500000000,5,0,16321,449294793,80.500000000,81.000000000,5,11,1,3,ESH6 P6725
2026-02-24T14:42:05.164881002Z,2026-02-24T14:42:04.295755253Z,1,1,42430452,T,B,0,2.600000000,1,0,13881,449380337,2.500000000,2.600000000,585,1,7,1,ESH6 P5200
2026-02-24T14:42:08.561724083Z,2026-02-24T14:42:08.358712587Z,1,1,2544621,T,A,0,5.400000000,11,0,17556,151233275,5.400000000,6.000000000,25,35,2,3,UD:1V: 12 2544621
2026-02-24T14:42:09.540287627Z,2026-02-24T14:42:09.439742545Z,1,1,42896832,T,B,0,122.000000000,3,0,11779,449474309,121.500000000,122.000000000,19,3,2,1,ESH6 P6860
2026-02-24T14:42:09.655072101Z,2026-02-24T14:42:09.463849447Z,1,1,42429001,T,A,0,1.900000000,3,0,14789,449476466,1.900000000,2.000000000,165,275,1,4,ESH6 P5000
2026-02-24T14:42:20.885617651Z,2026-02-24T14:42:20.709634559Z,1,1,42426741,T,B,0,42.250000000,1,0,18925,449692178,41.750000000,42.250000000,58,1,5,1,ESH6 P6500
2026-02-24T14:42:27.827538576Z,2026-02-24T14:42:27.153776089Z,1,1,42397940,T,A,0,27.000000000,3,0,13857,449810157,27.000000000,27.250000000,3,58,1,4,ESH6 P6350
2026-02-24T14:42:36.962650925Z,2026-02-24T14:42:36.819499809Z,1,1,42429674,T,A,0,75.000000000,1,0,20730,449986862,75.000000000,75.500000000,6,11,2,2,ESH6 P6700
2026-02-24T14:42:37.554251834Z,2026-02-24T14:42:37.298658301Z,1,1,42426741,T,A,0,41.250000000,1,0,11310,449999205,41.250000000,41.500000000,1,1,1,1,ESH6 P6500
2026-02-24T14:42:47.237597031Z,2026-02-24T14:42:47.094889895Z,1,1,42429064,T,A,0,116.500000000,1,0,16250,450173671,116.500000000,117.000000000,1,15,1,4,ESH6 P6850
2026-02-24T14:42:50.968647981Z,2026-02-24T14:42:50.902924549Z,1,1,42429064,T,A,0,116.500000000,1,0,12958,450227583,116.500000000,117.000000000,1,35,1,5,ESH6 P6850
2026-02-24T14:43:01.600261797Z,2026-02-24T14:43:01.582684617Z,1,1,42764937,T,A,0,80.500000000,9,0,21018,450392844,80.500000000,81.000000000,9,14,2,3,ESH6 P6725
2026-02-24T14:43:05.580361816Z,2026-02-24T14:43:05.475386353Z,1,1,42764937,T,A,0,80.500000000,34,0,18569,450469294,80.500000000,81.000000000,35,38,2,3,ESH6 P6725
2026-02-24T14:43:07.066852703Z,2026-02-24T14:43:07.014124267Z,1,1,42429674,T,A,0,74.500000000,3,0,12885,450497516,74.500000000,75.000000000,5,23,1,5,ESH6 P6700
2026-02-24T14:43:08.939064701Z,2026-02-24T14:43:08.566472161Z,1,1,42426740,T,B,0,13.400000000,4,0,12802,450524326,13.200000000,13.400000000,254,4,7,1,ESH6 P6100
2026-02-24T14:43:16.935979974Z,2026-02-24T14:43:16.857056927Z,1,1,42427507,T,A,0,164.000000000,1,0,11830,450672190,164.000000000,165.000000000,3,47,1,4,ESH6 C6800
2026-02-24T14:43:26.943169433Z,2026-02-24T14:43:26.837008541Z,1,1,42429674,T,A,0,75.250000000,4,0,17254,450854768,75.250000000,75.500000000,5,24,1,1,ESH6 P6700
2026-02-24T14:43:32.156529461Z,2026-02-24T14:43:32.064545099Z,1,1,42874360,T,A,0,89.500000000,4,0,11946,450945365,89.500000000,90.000000000,4,1,1,1,ESH6 P6760
2026-02-24T14:43:32.170619970Z,2026-02-24T14:43:32.064546261Z,1,1,42429674,T,A,0,75.000000000,16,0,17070,450945398,75.000000000,75.500000000,16,16,3,2,ESH6 P6700
2026-02-24T14:43:39.293778488Z,2026-02-24T14:43:39.138002917Z,1,1,42895796,T,B,0,111.000000000,1,0,13689,451075038,110.500000000,111.000000000,1,1,1,1,ESH6 C6880
2026-02-24T14:43:43.168157506Z,2026-02-24T14:43:43.138681901Z,1,1,2535138,T,A,0,25.000000000,67,0,19033,151829582,25.000000000,25.250000000,67,170,1,5,UD:1V: VT 2535138
2026-02-24T14:43:48.691850696Z,2026-02-24T14:43:48.046024997Z,1,1,2550378,T,B,0,-24.250000000,1,0,11498,151865484,-24.500000000,-24.250000000,1,1,1,1,UD:1V: XT 2550378
2026-02-24T14:43:48.705611175Z,2026-02-24T14:43:48.049144511Z,1,1,42426741,T,A,0,41.000000000,1,0,18400,451248533,41.000000000,41.250000000,1,1,1,1,ESH6 P6500
2026-02-24T14:43:54.272849026Z,2026-02-24T14:43:54.266759643Z,1,1,42427500,T,B,0,22.750000000,1,0,12500,451354855,22.500000000,22.750000000,202,1,10,1,ESH6 P6300
2026-02-24T14:44:05.205287169Z,2026-02-24T14:44:05.082639103Z,1,1,42431945,T,A,0,99.750000000,15,0,16391,451557277,99.750000000,100.500000000,24,36,2,6,ESH6 P6800
2026-02-24T14:44:05.205299207Z,2026-02-24T14:44:05.082639637Z,1,1,42429674,T,A,0,74.250000000,5,0,10443,451557278,74.250000000,74.500000000,5,24,1,1,ESH6 P6700
2026-02-24T14:44:07.198426741Z,2026-02-24T14:44:07.176284689Z,1,1,42431945,T,A,0,99.750000000,5,0,11591,451599403,99.750000000,100.500000000,5,61,1,10,ESH6 P6800
2026-02-24T14:44:11.198355739Z,2026-02-24T14:44:11.070822067Z,1,1,42397940,T,A,0,26.000000000,1,0,11260,451668555,26.000000000,26.250000000,1,50,1,3,ESH6 P6350
2026-02-24T14:44:11.199346024Z,2026-02-24T14:44:11.071224079Z,1,1,42431946,T,A,0,134.000000000,10,0,17007,451668581,134.000000000,134.500000000,20,31,1,4,ESH6 P6900
2026-02-24T14:44:11.204044075Z,2026-02-24T14:44:11.072098195Z,1,1,42431946,T,A,0,134.000000000,4,0,11243,451668735,134.000000000,134.500000000,10,31,1,4,ESH6 P6900
2026-02-24T14:44:11.210648203Z,2026-02-24T14:44:11.073069921Z,1,1,42431946,T,A,0,134.000000000,5,0,10167,451668932,134.000000000,134.500000000,6,31,1,4,ESH6 P6900
2026-02-24T14:44:11.220250888Z,2026-02-24T14:44:11.073362807Z,1,1,42431946,T,A,0,134.000000000,1,0,12873,451669188,134.000000000,134.500000000,1,31,1,4,ESH6 P6900
2026-02-24T14:44:18.515803656Z,2026-02-24T14:44:18.218817683Z,1,1,2544621,T,B,0,6.000000000,1,0,15181,152059682,5.800000000,6.000000000,38,1,2,1,UD:1V: 12 2544621
2026-02-24T14:44:21.811797579Z,2026-02-24T14:44:21.432695515Z,1,1,42426741,T,A,0,40.250000000,1,0,11446,451863078,40.250000000,40.500000000,1,9,1,3,ESH6 P6500
2026-02-24T14:44:21.889473058Z,2026-02-24T14:44:21.436429165Z,1,1,42431946,T,A,0,133.000000000,17,0,15126,451864061,133.000000000,133.500000000,100,13,1,2,ESH6 P6900
2026-02-24T14:44:21.951705341Z,2026-02-24T14:44:21.436714999Z,1,1,42431946,T,A,0,133.000000000,14,0,13828,451865003,133.000000000,133.500000000,83,13,1,2,ESH6 P6900
2026-02-24T14:44:21.965557149Z,2026-02-24T14:44:21.437039219Z,1,1,42431946,T,A,0,133.000000000,8,0,21860,451865171,133.000000000,133.500000000,69,13,1,2,ESH6 P6900
2026-02-24T14:44:22.019765519Z,2026-02-24T14:44:21.440286883Z,1,1,42431946,T,A,0,133.000000000,61,0,13501,451865853,133.000000000,133.500000000,61,13,1,2,ESH6 P6900
2026-02-24T14:44:45.037001366Z,2026-02-24T14:44:44.837186529Z,1,1,42474858,T,A,0,201.500000000,3,0,17009,452236298,201.500000000,202.000000000,3,9,1,1,ESH6 C6750
2026-02-24T14:44:46.536963269Z,2026-02-24T14:44:46.509516875Z,1,1,42608050,T,A,0,60.000000000,2,0,11747,452261931,60.000000000,60.250000000,6,26,1,2,ESH6 C6975
2026-02-24T14:44:50.879650245Z,2026-02-24T14:44:50.412857265Z,1,1,42431181,T,B,0,54.000000000,10,0,18182,452346190,53.750000000,54.000000000,26,28,4,1,ESH6 P6600
2026-02-24T14:44:51.208858562Z,2026-02-24T14:44:50.879653929Z,1,1,42431181,T,B,0,54.000000000,18,0,17192,452354549,53.750000000,54.000000000,21,18,2,1,ESH6 P6600
2026-02-24T14:44:52.493611824Z,2026-02-24T14:44:52.070480887Z,1,1,42431945,T,A,0,97.250000000,1,0,11204,452381912,97.250000000,97.750000000,1,11,1,1,ESH6 P6800
2026-02-24T14:44:53.076716935Z,2026-02-24T14:44:52.399582075Z,1,1,2544166,T,A,0,9.800000000,1,0,13000,152262337,9.800000000,9.900000000,1,107,1,2,UD:1V: IC 2544166
2026-02-24T14:44:53.284281650Z,2026-02-24T14:44:52.544794559Z,1,1,2539247,T,A,0,22.500000000,1,0,14462,152263765,22.500000000,22.750000000,1,213,1,2,UD:1V: VT 2539247
2026-02-24T14:44:53.326984290Z,2026-02-24T14:44:52.556092283Z,1,1,42894577,T,B,0,153.000000000,1,0,11600,452396542,152.500000000,153.000000000,20,1,2,1,ESH6 C6820
2026-02-24T14:44:53.336095634Z,2026-02-24T14:44:52.559011365Z,1,1,42392157,T,B,0,197.500000000,2,0,13148,452396781,195.000000000,197.500000000,10,2,1,1,ESZ6 C7500
2026-02-24T14:44:53.370212712Z,2026-02-24T14:44:52.567705285Z,1,1,42431946,T,A,0,131.000000000,54,0,13108,452397386,131.000000000,131.500000000,100,9,1,1,ESH6 P6900
2026-02-24T14:44:53.382755167Z,2026-02-24T14:44:52.567733557Z,1,1,42431946,T,A,0,131.000000000,17,0,11648,452397625,131.000000000,131.500000000,46,9,1,1,ESH6 P6900
2026-02-24T14:44:53.510335515Z,2026-02-24T14:44:52.567752197Z,1,1,42431946,T,A,0,131.000000000,29,0,14631,452399706,131.000000000,132.000000000,29,12,1,2,ESH6 P6900
2026-02-24T14:44:53.525517948Z,2026-02-24T14:44:52.567756023Z,1,1,42426741,T,A,0,39.250000000,1,0,12473,452400001,39.250000000,39.750000000,1,1,1,1,ESH6 P6500
2026-02-24T14:44:54.047634223Z,2026-02-24T14:44:53.003298491Z,1,1,2550439,T,A,0,4.600000000,1,0,17609,152269160,4.600000000,4.650000000,1,110,1,1,UD:1V: GN 2550439
2026-02-24T14:44:54.671879814Z,2026-02-24T14:44:53.414517141Z,1,1,42894578,T,B,0,211.500000000,1,0,11169,452421002,196.500000000,211.500000000,148,1,1,1,ESH6 C6740
2026-02-24T14:44:54.823072653Z,2026-02-24T14:44:53.516808877Z,1,1,42474858,T,B,0,204.000000000,1,0,14249,452423688,203.500000000,204.000000000,8,1,1,1,ESH6 C6750
2026-02-24T14:44:59.131166955Z,2026-02-24T14:44:58.573671401Z,1,1,42868523,T,B,0,108.500000000,1,0,13601,452507289,107.500000000,108.500000000,19,1,2,1,ESH6 P6840
2026-02-24T14:44:59.270923945Z,2026-02-24T14:44:58.746711219Z,1,1,42896832,T,B,0,115.000000000,1,0,11509,452510283,114.500000000,115.000000000,12,1,1,1,ESH6 P6860
2026-02-24T14:44:59.271046376Z,2026-02-24T14:44:58.746725093Z,1,1,42887191,T,B,0,118.500000000,1,0,11265,452510287,117.500000000,118.500000000,1,1,1,1,ESH6 P6870
2026-02-24T14:45:02.782165919Z,2026-02-24T14:45:01.858574883Z,1,1,42429011,T,B,0,102.500000000,1,0,11609,452578083,102.000000000,102.500000000,9,1,1,1,ESH6 C6900
2026-02-24T14:45:03.076342147Z,2026-02-24T14:45:02.004701635Z,1,1,42427507,T,B,0,168.500000000,1,0,14250,452582944,167.500000000,168.500000000,1,1,1,1,ESH6 C6800
2026-02-24T14:45:03.152923335Z,2026-02-24T14:45:02.135637167Z,1,1,42894578,T,B,0,212.500000000,1,0,11385,452584498,211.000000000,212.500000000,1,1,1,1,ESH6 C6740
2026-02-24T14:45:03.153307239Z,2026-02-24T14:45:02.135716921Z,1,1,42474858,T,B,0,205.000000000,1,0,11774,452584501,204.000000000,205.000000000,1,1,1,1,ESH6 C6750
2026-02-24T14:45:03.153584683Z,2026-02-24T14:45:02.135778187Z,1,1,42874371,T,B,0,197.500000000,1,0,11441,452584503,196.000000000,197.500000000,1,1,1,1,ESH6 C6760
2026-02-24T14:45:03.156455087Z,2026-02-24T14:45:02.135849435Z,1,1,42643085,T,B,0,186.500000000,1,0,12770,452584536,185.500000000,186.500000000,1,1,1,1,ESH6 C6775
2026-02-24T14:45:05.623749156Z,2026-02-24T14:45:05.008716193Z,1,1,42431946,T,B,0,129.500000000,1,0,15093,452637288,129.000000000,129.500000000,9,1,2,1,ESH6 P6900
2026-02-24T14:45:06.048949783Z,2026-02-24T14:45:05.550039081Z,1,1,42894580,T,B,0,125.500000000,1,0,13208,452646846,124.500000000,125.500000000,10,1,3,1,ESH6 P6890
2026-02-24T14:45:24.576374952Z,2026-02-24T14:45:24.573765445Z,1,1,42429687,T,A,0,50.500000000,1,0,17716,453011401,50.500000000,50.750000000,1,24,1,1,ESH6 C7000
2026-02-24T14:45:28.938856487Z,2026-02-24T14:45:28.790517347Z,1,1,42895795,T,A,0,120.500000000,3,0,12009,453092109,120.500000000,121.000000000,3,20,1,2,ESH6 C6870
2026-02-24T14:45:32.441509346Z,2026-02-24T14:45:32.345832657Z,1,1,42887190,T,B,0,90.250000000,1,0,17618,453163994,89.750000000,90.250000000,49,1,5,1,ESH6 C6920
2026-02-24T14:45:32.441717309Z,2026-02-24T14:45:32.345832835Z,1,1,42429011,T,B,0,102.000000000,1,0,12114,453163996,101.500000000,102.000000000,56,1,6,1,ESH6 C6900
2026-02-24T14:45:33.586949394Z,2026-02-24T14:45:33.543949155Z,1,1,42887190,T,B,0,90.250000000,1,0,12835,453183278,89.750000000,90.250000000,25,1,5,1,ESH6 C6920
2026-02-24T14:45:33.670475154Z,2026-02-24T14:45:33.635883599Z,1,1,42429011,T,B,0,102.000000000,1,0,11511,453185398,101.500000000,102.000000000,26,1,5,1,ESH6 C6900
2026-02-24T14:45:35.272468922Z,2026-02-24T14:45:35.249024829Z,1,1,42868338,T,B,0,108.000000000,1,0,20077,453214138,107.500000000,108.000000000,42,1,2,1,ESH6 C6890
2026-02-24T14:45:35.286580011Z,2026-02-24T14:45:35.249155773Z,1,1,42895795,T,B,0,120.500000000,2,0,11348,453214340,120.000000000,120.500000000,42,2,2,1,ESH6 C6870
2026-02-24T14:45:35.356045456Z,2026-02-24T14:45:35.295707023Z,1,1,42429011,T,B,0,102.000000000,1,0,14442,453215959,101.500000000,102.000000000,61,1,5,1,ESH6 C6900
2026-02-24T14:45:37.457768349Z,2026-02-24T14:45:37.457250485Z,1,1,42868335,T,B,0,96.000000000,1,0,13574,453249794,95.500000000,96.000000000,51,1,7,1,ESH6 C6910
2026-02-24T14:45:38.404546784Z,2026-02-24T14:45:38.194526711Z,1,1,42896832,T,B,0,116.000000000,3,0,13217,453265520,115.500000000,116.000000000,18,3,2,1,ESH6 P6860
2026-02-24T14:45:40.398801514Z,2026-02-24T14:45:39.563437697Z,1,1,42429011,T,B,0,101.500000000,1,0,11643,453297641,101.000000000,101.500000000,37,1,3,1,ESH6 C6900
2026-02-24T14:45:40.537562232Z,2026-02-24T14:45:39.611715175Z,1,1,42868335,T,B,0,95.500000000,1,0,10116,453299778,95.250000000,95.500000000,1,1,1,1,ESH6 C6910
2026-02-24T14:45:42.219555003Z,2026-02-24T14:45:41.651286337Z,1,1,2550486,T,A,0,4.700000000,1,0,16236,152595981,4.700000000,4.750000000,1,609,1,2,UD:1V: VT 2550486
2026-02-24T14:45:43.421051147Z,2026-02-24T14:45:43.236618749Z,1,1,42887190,T,B,0,89.500000000,1,0,13543,453359840,89.250000000,89.500000000,26,1,2,1,ESH6 C6920
2026-02-24T14:45:44.894807890Z,2026-02-24T14:45:44.600393159Z,1,1,42566722,T,B,0,116.500000000,1,0,11626,453392052,116.000000000,116.500000000,33,1,4,1,ESH6 C6875
2026-02-24T14:45:44.911629838Z,2026-02-24T14:45:44.600453379Z,1,1,42868338,T,B,0,107.000000000,1,0,11640,453392363,106.500000000,107.000000000,33,1,4,1,ESH6 C6890
2026-02-24T14:45:44.945712411Z,2026-02-24T14:45:44.623588155Z,1,1,42895795,T,B,0,119.500000000,1,0,11525,453393343,119.000000000,119.500000000,65,1,5,1,ESH6 C6870
2026-02-24T14:45:45.013712722Z,2026-02-24T14:45:44.783982713Z,1,1,42868334,T,B,0,126.000000000,1,0,11222,453395345,125.500000000,126.000000000,22,1,3,1,ESH6 C6860
2026-02-24T14:45:46.536617957Z,2026-02-24T14:45:46.308926451Z,1,1,42422428,T,B,0,132.500000000,1,0,11689,453429382,132.000000000,132.500000000,20,1,4,1,ESH6 C6850
2026-02-24T14:45:48.196169589Z,2026-02-24T14:45:48.043243141Z,1,1,42566722,T,B,0,117.000000000,1,0,12828,453460278,116.500000000,117.000000000,22,1,5,1,ESH6 C6875
2026-02-24T14:45:51.907536567Z,2026-02-24T14:45:51.837720449Z,1,1,42483101,T,B,0,74.250000000,1,0,16757,453531539,73.750000000,74.250000000,56,1,9,1,ESH6 C6950
2026-02-24T14:45:55.859783944Z,2026-02-24T14:45:55.859268863Z,1,1,42887190,T,B,0,90.750000000,1,0,19088,453600661,90.250000000,90.750000000,50,18,6,2,ESH6 C6920
2026-02-24T14:45:55.864458626Z,2026-02-24T14:45:55.863656055Z,1,1,42887190,T,B,0,90.750000000,1,0,18549,453600737,90.250000000,90.750000000,50,17,6,2,ESH6 C6920
2026-02-24T14:45:55.882649916Z,2026-02-24T14:45:55.882172071Z,1,1,42887190,T,B,0,90.750000000,1,0,26988,453600886,90.250000000,90.750000000,50,16,6,2,ESH6 C6920
2026-02-24T14:45:55.893292440Z,2026-02-24T14:45:55.892837189Z,1,1,42887190,T,B,0,90.750000000,1,0,13599,453600926,90.250000000,90.750000000,50,15,6,2,ESH6 C6920
2026-02-24T14:45:55.895218293Z,2026-02-24T14:45:55.893352745Z,1,1,42429011,T,B,0,102.500000000,1,0,13940,453600965,102.000000000,102.500000000,64,18,7,2,ESH6 C6900
2026-02-24T14:45:55.929200159Z,2026-02-24T14:45:55.901126927Z,1,1,42887190,T,B,0,90.750000000,1,0,11504,453601471,90.250000000,90.750000000,48,1,5,1,ESH6 C6920
2026-02-24T14:45:55.929226232Z,2026-02-24T14:45:55.901127101Z,1,1,42429011,T,B,0,102.500000000,1,0,11162,453601473,102.000000000,102.500000000,63,17,7,2,ESH6 C6900
2026-02-24T14:45:55.961671333Z,2026-02-24T14:45:55.960146347Z,1,1,42429011,T,B,0,102.500000000,1,0,13375,453602734,102.000000000,102.500000000,63,1,7,1,ESH6 C6900
2026-02-24T14:45:56.206071973Z,2026-02-24T14:45:56.171559401Z,1,1,42566722,T,B,0,118.000000000,1,0,13801,453605381,117.500000000,118.000000000,38,1,6,1,ESH6 C6875
2026-02-24T14:46:00.137205445Z,2026-02-24T14:45:59.925831779Z,1,1,42887190,T,B,0,90.750000000,1,0,13387,453675772,90.250000000,90.750000000,56,1,5,1,ESH6 C6920
2026-02-24T14:46:00.152831451Z,2026-02-24T14:45:59.927572525Z,1,1,42429011,T,B,0,102.500000000,1,0,12120,453676093,102.000000000,102.500000000,77,1,9,1,ESH6 C6900
2026-02-24T14:46:00.442847935Z,2026-02-24T14:46:00.009213887Z,1,1,42431945,T,A,0,95.500000000,1,0,11317,453681444,95.500000000,95.750000000,1,19,1,1,ESH6 P6800
2026-02-24T14:46:00.468859391Z,2026-02-24T14:46:00.009338127Z,1,1,42868338,T,B,0,108.500000000,2,0,11306,453681879,108.000000000,108.500000000,21,2,2,1,ESH6 C6890
2026-02-24T14:46:00.543232739Z,2026-02-24T14:46:00.010900543Z,1,1,42868335,T,B,0,96.500000000,1,0,11481,453683371,96.250000000,96.500000000,17,1,1,1,ESH6 C6910
2026-02-24T14:46:01.044233351Z,2026-02-24T14:46:00.518350043Z,1,1,42895796,T,B,0,115.000000000,1,0,14625,453692186,114.500000000,115.000000000,5,1,2,1,ESH6 C6880
2026-02-24T14:46:03.992545151Z,2026-02-24T14:46:03.108490591Z,1,1,42868338,T,B,0,108.500000000,1,0,15806,453746902,108.000000000,108.500000000,18,1,2,1,ESH6 C6890
2026-02-24T14:46:03.993697359Z,2026-02-24T14:46:03.108993191Z,1,1,42868335,T,B,0,96.250000000,1,0,11427,453746938,96.000000000,96.250000000,18,1,2,1,ESH6 C6910
2026-02-24T14:46:04.035455317Z,2026-02-24T14:46:03.153710881Z,1,1,42887190,T,B,0,90.500000000,1,0,11247,453747760,90.250000000,90.500000000,50,1,3,1,ESH6 C6920
2026-02-24T14:46:04.059052730Z,2026-02-24T14:46:03.154046055Z,1,1,42429011,T,B,0,102.500000000,1,0,13180,453748233,102.000000000,102.500000000,33,1,4,1,ESH6 C6900
2026-02-24T14:46:04.114690084Z,2026-02-24T14:46:03.156648013Z,1,1,42566722,T,B,0,118.000000000,1,0,11972,453749258,117.500000000,118.000000000,29,1,3,1,ESH6 C6875
2026-02-24T14:46:04.130404925Z,2026-02-24T14:46:03.156844207Z,1,1,42895796,T,B,0,114.500000000,1,0,13403,453749594,114.000000000,114.500000000,30,1,3,1,ESH6 C6880
2026-02-24T14:46:04.152368483Z,2026-02-24T14:46:03.159624619Z,1,1,42422428,T,B,0,134.000000000,1,0,18252,453750063,133.500000000,134.000000000,46,1,5,1,ESH6 C6850
2026-02-24T14:46:04.234978952Z,2026-02-24T14:46:03.184643445Z,1,1,42474858,T,B,0,205.000000000,2,0,13086,453751524,204.500000000,205.000000000,9,2,1,1,ESH6 C6750
2026-02-24T14:46:04.238178754Z,2026-02-24T14:46:03.184867959Z,1,1,42643085,T,B,0,186.500000000,1,0,14248,453751581,186.000000000,186.500000000,10,1,2,1,ESH6 C6775
2026-02-24T14:46:04.259310784Z,2026-02-24T14:46:03.187404177Z,1,1,42895795,T,B,0,121.000000000,1,0,16506,453751978,120.500000000,121.000000000,36,1,4,1,ESH6 C6870
2026-02-24T14:46:04.264782615Z,2026-02-24T14:46:03.187831289Z,1,1,42887188,T,B,0,141.000000000,1,0,10517,453752104,140.500000000,141.000000000,16,1,1,1,ESH6 C6840
2026-02-24T14:46:04.269030296Z,2026-02-24T14:46:03.193151841Z,1,1,42723512,T,B,0,151.000000000,1,0,11460,453752250,150.500000000,151.000000000,28,1,3,1,ESH6 C6825
2026-02-24T14:46:04.318333131Z,2026-02-24T14:46:03.234050021Z,1,1,42874371,T,B,0,197.500000000,1,0,17048,453753070,182.500000000,197.500000000,148,1,1,1,ESH6 C6760
2026-02-24T14:46:04.354373568Z,2026-02-24T14:46:03.235897693Z,1,1,42868334,T,B,0,127.500000000,1,0,16651,453753925,127.000000000,127.500000000,31,1,2,1,ESH6 C6860
2026-02-24T14:46:07.071617114Z,2026-02-24T14:46:06.585621103Z,1,1,3126152,T,B,0,33.750000000,2,0,13767,152763319,33.500000000,33.750000000,177,2,6,1,UD:1V: VT 3126152
2026-02-24T14:46:12.325356226Z,2026-02-24T14:46:12.178732845Z,1,1,42429064,T,B,0,112.000000000,1,0,11228,453916233,111.500000000,112.000000000,38,1,5,1,ESH6 P6850
2026-02-24T14:46:16.187944267Z,2026-02-24T14:46:15.984429689Z,1,1,42431181,T,B,0,53.000000000,1,0,13447,453988854,52.750000000,53.000000000,126,1,10,1,ESH6 P6600
2026-02-24T14:46:17.587762626Z,2026-02-24T14:46:17.561557911Z,1,1,42895796,T,B,0,114.000000000,1,0,11617,454016259,113.500000000,114.000000000,24,1,5,1,ESH6 C6880
2026-02-24T14:46:18.988596077Z,2026-02-24T14:46:18.985762375Z,1,1,42868335,T,B,0,96.000000000,1,0,17425,454037044,95.500000000,96.000000000,53,1,7,1,ESH6 C6910
2026-02-24T14:46:19.012074359Z,2026-02-24T14:46:18.987380987Z,1,1,42887190,T,B,0,90.250000000,1,0,15101,454037512,89.750000000,90.250000000,50,1,6,1,ESH6 C6920
2026-02-24T14:46:19.567071000Z,2026-02-24T14:46:19.476747335Z,1,1,42868335,T,B,0,95.750000000,1,0,14642,454051465,95.500000000,95.750000000,26,1,2,1,ESH6 C6910
2026-02-24T14:46:19.847575063Z,2026-02-24T14:46:19.730101039Z,1,1,42608053,T,B,0,12.000000000,4,0,11133,454057544,11.800000000,12.000000000,277,4,8,1,ESH6 P6075
2026-02-24T14:46:22.580608011Z,2026-02-24T14:46:22.512507029Z,1,1,42868335,T,B,0,95.750000000,1,0,11923,454106990,95.500000000,95.750000000,1,1,1,1,ESH6 C6910
2026-02-24T14:46:22.580836595Z,2026-02-24T14:46:22.512523673Z,1,1,42887190,T,B,0,90.000000000,1,0,11457,454106992,89.750000000,90.000000000,2,1,2,1,ESH6 C6920
2026-02-24T14:46:23.751230131Z,2026-02-24T14:46:23.676230073Z,1,1,42868335,T,B,0,96.000000000,1,0,13510,454130800,95.500000000,96.000000000,1,1,1,1,ESH6 C6910
2026-02-24T14:46:23.856812331Z,2026-02-24T14:46:23.856033597Z,1,1,42887190,T,B,0,90.250000000,1,0,14369,454132877,89.750000000,90.250000000,7,1,3,1,ESH6 C6920
2026-02-24T14:46:23.857033677Z,2026-02-24T14:46:23.856033773Z,1,1,42868338,T,B,0,108.000000000,1,0,11819,454132878,107.500000000,108.000000000,1,1,1,1,ESH6 C6890
2026-02-24T14:46:23.884786155Z,2026-02-24T14:46:23.862123047Z,1,1,42868335,T,B,0,96.000000000,1,0,14396,454133337,95.500000000,96.000000000,1,1,1,1,ESH6 C6910
2026-02-24T14:46:25.837853463Z,2026-02-24T14:46:25.813957481Z,1,1,42868335,T,B,0,96.000000000,1,0,13970,454167262,95.500000000,96.000000000,85,1,9,1,ESH6 C6910
2026-02-24T14:46:25.870127639Z,2026-02-24T14:46:25.842622359Z,1,1,42887190,T,B,0,90.250000000,1,0,13999,454167994,89.750000000,90.250000000,79,1,8,1,ESH6 C6920
2026-02-24T14:46:28.846385109Z,2026-02-24T14:46:28.762794189Z,1,1,42868335,T,B,0,96.250000000,1,0,18484,454224013,95.750000000,96.250000000,84,1,7,1,ESH6 C6910
2026-02-24T14:46:29.885333095Z,2026-02-24T14:46:29.780255591Z,1,1,42429011,T,B,0,102.500000000,1,0,18717,454245425,102.000000000,102.500000000,66,1,9,1,ESH6 C6900
2026-02-24T14:46:35.121708661Z,2026-02-24T14:46:34.945133047Z,1,1,2542085,T,A,0,11.500000000,135,0,15174,152934494,11.500000000,11.700000000,218,466,1,6,UD:1V: VT 2542085
2026-02-24T14:46:35.165526648Z,2026-02-24T14:46:34.993590395Z,1,1,2542085,T,A,0,11.500000000,3,0,13496,152934749,11.500000000,11.700000000,187,466,1,6,UD:1V: VT 2542085
2026-02-24T14:46:35.207226431Z,2026-02-24T14:46:34.995527227Z,1,1,2542085,T,A,0,11.500000000,9,0,13199,152934954,11.500000000,11.700000000,184,466,1,6,UD:1V: VT 2542085
2026-02-24T14:46:35.226139154Z,2026-02-24T14:46:35.002632717Z,1,1,2542085,T,A,0,11.500000000,7,0,15070,152935023,11.500000000,11.700000000,175,466,1,6,UD:1V: VT 2542085
2026-02-24T14:46:35.985490390Z,2026-02-24T14:46:35.784821481Z,1,1,42895796,T,B,0,115.500000000,1,0,14736,454355465,115.000000000,115.500000000,3,1,2,1,ESH6 C6880
2026-02-24T14:46:36.167772564Z,2026-02-24T14:46:35.804090923Z,1,1,42435427,T,A,0,81.500000000,4,0,16265,454358880,81.500000000,82.250000000,4,34,1,5,ESH6 P6750
2026-02-24T14:46:36.792176792Z,2026-02-24T14:46:36.462750401Z,1,1,2550495,T,B,0,-3.600000000,1,0,11876,152948527,-3.750000000,-3.600000000,143,1,2,1,UD:1V: 12 2550495
2026-02-24T14:46:37.034537469Z,2026-02-24T14:46:36.477253563Z,1,1,42431946,T,A,0,128.000000000,37,0,13119,454376239,128.000000000,129.500000000,100,26,1,1,ESH6 P6900
2026-02-24T14:46:37.053125823Z,2026-02-24T14:46:36.494529505Z,1,1,42431946,T,A,0,128.000000000,14,0,14069,454376610,128.000000000,129.500000000,63,26,1,1,ESH6 P6900
2026-02-24T14:46:37.078909463Z,2026-02-24T14:46:36.516673519Z,1,1,42431946,T,A,0,128.000000000,22,0,13925,454376974,128.000000000,129.500000000,49,26,1,1,ESH6 P6900
2026-02-24T14:46:37.081215397Z,2026-02-24T14:46:36.516786967Z,1,1,42431946,T,A,0,128.000000000,7,0,13910,454377005,128.000000000,129.500000000,27,26,1,1,ESH6 P6900
2026-02-24T14:46:37.084089947Z,2026-02-24T14:46:36.517031777Z,1,1,42431946,T,A,0,128.000000000,7,0,13910,454377052,128.000000000,129.500000000,20,26,1,1,ESH6 P6900
2026-02-24T14:46:37.112076442Z,2026-02-24T14:46:36.536083145Z,1,1,42431946,T,A,0,128.000000000,13,0,14016,454377506,128.000000000,129.500000000,13,26,1,1,ESH6 P6900
2026-02-24T14:46:37.185984261Z,2026-02-24T14:46:36.574226157Z,1,1,42426741,T,A,0,38.250000000,1,0,12256,454378797,38.250000000,38.750000000,1,3,1,1,ESH6 P6500
2026-02-24T14:46:37.284709372Z,2026-02-24T14:46:36.597934843Z,1,1,42865921,T,B,0,149.000000000,1,0,15406,454380130,135.000000000,149.000000000,148,1,1,1,ESH6 C6830
2026-02-24T14:46:37.284746599Z,2026-02-24T14:46:36.597937119Z,1,1,42723512,T,B,0,152.500000000,1,0,15809,454380132,138.000000000,152.500000000,150,1,2,1,ESH6 C6825
2026-02-24T14:46:37.298583851Z,2026-02-24T14:46:36.598265865Z,1,1,42895796,T,B,0,116.000000000,1,0,10428,454380444,103.500000000,116.000000000,151,1,1,1,ESH6 C6880
2026-02-24T14:46:37.381834056Z,2026-02-24T14:46:36.663905289Z,1,1,42894577,T,B,0,156.000000000,1,0,13882,454382033,155.500000000,156.000000000,18,1,1,1,ESH6 C6820
2026-02-24T14:46:37.551489442Z,2026-02-24T14:46:36.746615865Z,1,1,2536507,T,A,0,21.000000000,10,0,16726,152953508,21.000000000,21.250000000,10,256,1,4,UD:1V: VT 2536507
2026-02-24T14:46:38.228847992Z,2026-02-24T14:46:37.593719001Z,1,1,2550495,T,B,0,-3.600000000,1,0,11268,152959598,-3.750000000,-3.600000000,124,1,1,1,UD:1V: 12 2550495
2026-02-24T14:46:41.706244575Z,2026-02-24T14:46:41.150800309Z,1,1,42895796,T,A,0,115.500000000,3,0,13695,454457601,115.500000000,116.000000000,3,21,1,4,ESH6 C6880
2026-02-24T14:46:46.181983549Z,2026-02-24T14:46:46.136518931Z,1,1,2548456,T,A,0,20.750000000,1,0,13287,153014540,20.750000000,21.250000000,42,74,2,5,UD:1V: BO 2548456
2026-02-24T14:46:46.182207351Z,2026-02-24T14:46:46.136540165Z,1,1,2548453,T,A,0,25.750000000,1,0,12957,153014542,25.750000000,26.250000000,4,65,1,5,UD:1V: BO 2548453
2026-02-24T14:46:52.692530405Z,2026-02-24T14:46:52.107614779Z,1,1,2550495,T,B,0,-3.600000000,1,0,16808,153048119,-3.700000000,-3.600000000,171,1,4,1,UD:1V: 12 2550495
2026-02-24T14:46:55.336086842Z,2026-02-24T14:46:55.129280649Z,1,1,42914938,T,A,0,2.350000000,1,0,13126,454717574,2.350000000,2.400000000,1,63,1,3,ESH6 C7260
2026-02-24T14:47:07.730887816Z,2026-02-24T14:47:07.647738899Z,1,1,2541444,T,A,0,135.000000000,1,0,14273,153140800,135.000000000,136.000000000,1,222,1,2,UD:1V: GN 2541444
2026-02-24T14:47:08.462443530Z,2026-02-24T14:47:08.089596365Z,1,1,2535934,T,A,0,0.550000000,1,0,16619,153145161,0.550000000,0.650000000,5,4896,2,9,UD:1V: VT 2535934
2026-02-24T14:47:13.261883739Z,2026-02-24T14:47:13.188414935Z,1,1,42429674,T,B,0,69.500000000,1,0,14639,455054139,69.000000000,69.500000000,33,11,4,1,ESH6 P6700
2026-02-24T14:47:17.322746866Z,2026-02-24T14:47:16.931141003Z,1,1,42429674,T,A,0,69.000000000,1,0,13133,455119615,69.000000000,69.250000000,2,26,2,1,ESH6 P6700
2026-02-24T14:47:17.421475369Z,2026-02-24T14:47:16.931634381Z,1,1,42431946,T,A,0,126.500000000,20,0,11414,455120786,126.500000000,127.000000000,20,17,1,1,ESH6 P6900
2026-02-24T14:47:17.497887802Z,2026-02-24T14:47:16.931663789Z,1,1,42429674,T,A,0,69.000000000,1,0,16958,455121442,69.000000000,69.250000000,1,26,1,1,ESH6 P6700
2026-02-24T14:47:22.768934083Z,2026-02-24T14:47:22.679610323Z,1,1,42895796,T,A,0,116.500000000,3,0,12850,455217832,116.500000000,117.000000000,3,24,1,3,ESH6 C6880
2026-02-24T14:47:35.960743677Z,2026-02-24T14:47:35.851713245Z,1,1,42429674,T,A,0,69.500000000,2,0,12000,455436761,69.500000000,69.750000000,2,41,1,3,ESH6 P6700
2026-02-24T14:47:42.853646895Z,2026-02-24T14:47:42.778732995Z,1,1,42431945,T,B,0,93.750000000,2,0,14211,455547340,93.250000000,93.750000000,74,5,9,1,ESH6 P6800
2026-02-24T14:47:42.932046803Z,2026-02-24T14:47:42.831465473Z,1,1,42431945,T,B,0,93.750000000,3,0,11571,455549079,93.250000000,93.750000000,72,3,8,1,ESH6 P6800
2026-02-24T14:47:48.621737415Z,2026-02-24T14:47:48.572995495Z,1,1,42895796,T,A,0,116.000000000,3,0,14686,455634355,116.000000000,116.500000000,3,25,1,4,ESH6 C6880
2026-02-24T14:47:58.511506731Z,2026-02-24T14:47:58.407056977Z,1,1,2540481,T,B,0,19.900000000,2,0,16551,153432188,19.600000000,19.900000000,389,4,5,1,UD:1V: BO 2540481
2026-02-24T14:48:01.577296842Z,2026-02-24T14:48:00.717580861Z,1,1,42431945,T,A,0,93.250000000,11,0,12055,455837993,93.250000000,94.500000000,11,27,2,1,ESH6 P6800
2026-02-24T14:48:01.577296842Z,2026-02-24T14:48:00.717580861Z,1,1,42431945,T,A,0,93.000000000,1,0,12055,455837993,93.250000000,94.500000000,11,27,2,1,ESH6 P6800
2026-02-24T14:48:01.627767763Z,2026-02-24T14:48:00.717584041Z,1,1,42435427,T,A,0,80.250000000,25,0,11685,455838874,80.250000000,81.250000000,25,27,1,1,ESH6 P6750
2026-02-24T14:48:01.634557411Z,2026-02-24T14:48:00.717584665Z,1,1,42894570,T,A,0,55.750000000,4,0,11933,455838972,55.750000000,56.500000000,4,4,1,1,ESH6 P6630
2026-02-24T14:48:03.154737981Z,2026-02-24T14:48:02.058457005Z,1,1,42372919,T,B,0,865.000000000,74,0,11811,455865740,,865.000000000,0,74,0,1,ESM6 C6150
2026-02-24T14:48:03.242140744Z,2026-02-24T14:48:02.084459259Z,1,1,42426741,T,A,0,37.250000000,1,0,13919,455867244,37.250000000,39.250000000,1,52,1,3,ESH6 P6500
2026-02-24T14:48:03.577395863Z,2026-02-24T14:48:02.342828693Z,1,1,2518005,T,B,0,6.400000000,3,0,15892,153463437,6.300000000,6.400000000,1899,3,6,1,UD:1V: VT 2518005
2026-02-24T14:48:11.208210022Z,2026-02-24T14:48:10.955959329Z,1,1,2538150,T,A,0,15.000000000,1,0,14083,153520959,15.000000000,15.300000000,1,74,1,2,UD:1V: GN 2538150
2026-02-24T14:48:12.187126803Z,2026-02-24T14:48:11.439055501Z,1,1,2516511,T,B,0,6.300000000,6,0,14148,153526377,6.200000000,6.300000000,2183,6,8,2,UD:1V: VT 2516511
2026-02-24T14:48:12.269675197Z,2026-02-24T14:48:11.440586571Z,1,1,42572477,T,B,0,10.300000000,1,0,18394,456033414,10.100000000,10.300000000,290,4,4,1,ESM6 C7750
2026-02-24T14:48:12.285577284Z,2026-02-24T14:48:11.440861675Z,1,1,42572477,T,B,0,10.300000000,3,0,16711,456033447,10.100000000,10.300000000,290,3,4,1,ESM6 C7750
2026-02-24T14:48:34.545225795Z,2026-02-24T14:48:34.517614511Z,1,1,2541654,T,B,0,88.250000000,12,0,14438,153676358,87.250000000,88.250000000,26,12,2,1,UD:1V: VT 2541654
2026-02-24T14:48:35.755611747Z,2026-02-24T14:48:35.483316455Z,1,1,2550632,T,B,0,127.000000000,49,0,15275,153685022,126.500000000,127.000000000,139,300,3,1,UD:1V:CFO 2550632
2026-02-24T14:48:35.851115527Z,2026-02-24T14:48:35.525219153Z,1,1,2550632,T,B,0,127.000000000,5,0,14156,153685662,126.500000000,127.000000000,139,251,3,1,UD:1V:CFO 2550632
2026-02-24T14:48:36.303278674Z,2026-02-24T14:48:36.149741557Z,1,1,2550632,T,B,0,127.000000000,59,0,17289,153689613,126.500000000,127.000000000,274,246,4,1,UD:1V:CFO 2550632
2026-02-24T14:48:37.453013931Z,2026-02-24T14:48:37.122933883Z,1,1,2550632,T,B,0,127.000000000,8,0,13960,153697504,126.500000000,127.000000000,335,187,5,1,UD:1V:CFO 2550632
2026-02-24T14:48:38.322362733Z,2026-02-24T14:48:38.039433733Z,1,1,2550632,T,B,0,127.000000000,45,0,11766,153702611,126.500000000,127.000000000,335,179,5,1,UD:1V:CFO 2550632
2026-02-24T14:48:42.140598767Z,2026-02-24T14:48:42.116457563Z,1,1,2550632,T,B,0,127.000000000,16,0,16047,153725755,126.500000000,127.000000000,460,134,6,1,UD:1V:CFO 2550632
2026-02-24T14:48:42.188263987Z,2026-02-24T14:48:42.125234863Z,1,1,2550632,T,B,0,127.000000000,8,0,14021,153726156,126.500000000,127.000000000,460,118,6,1,UD:1V:CFO 2550632
2026-02-24T14:48:42.258988199Z,2026-02-24T14:48:42.126440685Z,1,1,2550632,T,B,0,127.000000000,20,0,15144,153726585,126.500000000,127.000000000,460,110,6,1,UD:1V:CFO 2550632
2026-02-24T14:48:44.275126467Z,2026-02-24T14:48:44.187354107Z,1,1,42429687,T,A,0,51.750000000,1,0,11798,456606692,51.750000000,52.000000000,1,23,1,1,ESH6 C7000
2026-02-24T14:48:44.403130856Z,2026-02-24T14:48:44.346425507Z,1,1,2550632,T,B,0,127.000000000,8,0,14045,153739514,126.500000000,127.000000000,497,90,5,1,UD:1V:CFO 2550632
2026-02-24T14:48:49.243619962Z,2026-02-24T14:48:49.121225025Z,1,1,2550632,T,B,0,127.000000000,41,0,14678,153760139,126.500000000,127.000000000,233,82,4,1,UD:1V:CFO 2550632
2026-02-24T14:48:49.430856586Z,2026-02-24T14:48:49.243660029Z,1,1,2550632,T,B,0,127.000000000,41,0,14817,153762378,126.500000000,127.000000000,330,41,5,1,UD:1V:CFO 2550632
2026-02-24T14:48:54.920615994Z,2026-02-24T14:48:53.764937821Z,1,1,42887191,T,B,0,116.500000000,6,0,15171,456764298,115.500000000,116.500000000,17,10,1,3,ESH6 P6870
2026-02-24T14:48:58.043655563Z,2026-02-24T14:48:57.286526765Z,1,1,42426741,T,B,0,38.250000000,1,0,14444,456826605,38.000000000,38.250000000,33,1,1,1,ESH6 P6500
2026-02-24T14:49:00.586305639Z,2026-02-24T14:48:59.779321153Z,1,1,42566737,T,B,0,48.250000000,4,0,14366,456870778,48.000000000,48.250000000,14,4,1,1,ESH6 P6575
2026-02-24T14:49:02.920745418Z,2026-02-24T14:49:02.074960365Z,1,1,2543813,T,B,0,3.800000000,4,0,12968,153861949,3.750000000,3.800000000,106,4,1,1,UD:1V: VT 2543813
2026-02-24T14:49:15.460706955Z,2026-02-24T14:49:15.456160005Z,1,1,42427507,T,A,0,170.500000000,6,0,16916,457140944,170.500000000,171.500000000,23,39,7,7,ESH6 C6800
2026-02-24T14:49:19.612617299Z,2026-02-24T14:49:19.387130341Z,1,1,42428246,T,B,0,28.250000000,1,0,13720,457206701,27.750000000,28.250000000,121,38,8,1,ESH6 P6400
2026-02-24T14:49:27.319810223Z,2026-02-24T14:49:27.289121671Z,1,1,42426741,T,B,0,38.000000000,1,0,14499,457356204,37.500000000,38.000000000,99,34,7,2,ESH6 P6500
2026-02-24T14:49:27.744822664Z,2026-02-24T14:49:27.688922417Z,1,1,42896844,T,B,0,41.500000000,48,0,13414,457365204,41.250000000,41.500000000,55,160,4,1,ESH6 P6530
2026-02-24T14:49:27.901265930Z,2026-02-24T14:49:27.714042835Z,1,1,42896844,T,B,0,41.500000000,37,0,15918,457367235,41.250000000,41.500000000,55,112,4,1,ESH6 P6530
2026-02-24T14:49:27.907598509Z,2026-02-24T14:49:27.714067319Z,1,1,42896844,T,B,0,41.500000000,6,0,13426,457367325,41.250000000,41.500000000,55,75,4,1,ESH6 P6530
2026-02-24T14:49:27.934008170Z,2026-02-24T14:49:27.714310779Z,1,1,42896844,T,B,0,41.500000000,6,0,13148,457367577,41.250000000,41.500000000,55,69,4,1,ESH6 P6530
2026-02-24T14:49:27.963662692Z,2026-02-24T14:49:27.715214369Z,1,1,42896844,T,B,0,41.500000000,6,0,13718,457367964,41.250000000,41.500000000,58,63,5,1,ESH6 P6530
2026-02-24T14:49:27.965263543Z,2026-02-24T14:49:27.715229825Z,1,1,42896844,T,B,0,41.500000000,6,0,13380,457367979,41.250000000,41.500000000,58,57,5,1,ESH6 P6530
2026-02-24T14:49:27.973301664Z,2026-02-24T14:49:27.715338799Z,1,1,42896844,T,B,0,41.500000000,5,0,12784,457368066,41.250000000,41.500000000,58,51,5,1,ESH6 P6530
2026-02-24T14:49:27.981557693Z,2026-02-24T14:49:27.715546363Z,1,1,42896844,T,B,0,41.500000000,2,0,15601,457368159,41.250000000,41.500000000,58,46,5,1,ESH6 P6530
2026-02-24T14:49:27.995714287Z,2026-02-24T14:49:27.715847195Z,1,1,42896844,T,B,0,41.500000000,1,0,12921,457368332,41.250000000,41.500000000,58,44,5,1,ESH6 P6530
2026-02-24T14:49:28.795794672Z,2026-02-24T14:49:28.564590311Z,1,1,42439354,T,A,0,312.000000000,1,0,13244,457380200,312.000000000,312.500000000,1,32,1,3,ESU6 P6850
2026-02-24T14:49:34.708417085Z,2026-02-24T14:49:34.707894439Z,1,1,42427508,T,B,0,18.900000000,1,0,16178,457470310,18.800000000,18.900000000,96,1,5,1,ESH6 C7100
2026-02-24T14:49:36.869794612Z,2026-02-24T14:49:36.853080131Z,1,1,42896844,T,B,0,41.500000000,13,0,12647,457505423,41.000000000,41.500000000,159,43,12,1,ESH6 P6530
2026-02-24T14:49:36.877067499Z,2026-02-24T14:49:36.853194159Z,1,1,42896844,T,B,0,41.500000000,3,0,11991,457505543,41.000000000,41.500000000,159,30,12,1,ESH6 P6530
2026-02-24T14:49:36.882048083Z,2026-02-24T14:49:36.853280593Z,1,1,42896844,T,B,0,41.500000000,3,0,13075,457505621,41.000000000,41.500000000,159,27,12,1,ESH6 P6530
2026-02-24T14:49:36.944141864Z,2026-02-24T14:49:36.935201107Z,1,1,42896844,T,B,0,41.500000000,24,0,16081,457506948,41.000000000,41.500000000,159,24,12,1,ESH6 P6530
2026-02-24T14:49:37.681817118Z,2026-02-24T14:49:37.561996055Z,1,1,42485321,T,B,0,148.500000000,12,0,15915,457514252,148.000000000,148.500000000,1,12,1,2,ESH6 P6950
2026-02-24T14:49:42.322654435Z,2026-02-24T14:49:42.031588101Z,1,1,2511851,T,B,0,57.750000000,4,0,14273,154115416,57.250000000,57.750000000,4,4,1,1,UD:1V: VT 2511851
2026-02-24T14:49:45.486793641Z,2026-02-24T14:49:44.955590545Z,1,1,2543869,T,A,0,33.500000000,20,0,14758,154135724,33.500000000,34.250000000,76,141,4,5,UD:1V: BO 2543869
2026-02-24T14:49:48.239086968Z,2026-02-24T14:49:48.195486413Z,1,1,2550771,T,B,0,6.700000000,4,0,14231,154151774,6.600000000,6.700000000,963,4,7,1,UD:1V: VT 2550771
2026-02-24T14:49:51.077061736Z,2026-02-24T14:49:50.690092353Z,1,1,42485321,T,A,0,148.000000000,2,0,10481,457732185,148.000000000,149.000000000,20,26,2,3,ESH6 P6950
2026-02-24T14:49:51.282685819Z,2026-02-24T14:49:50.877920491Z,1,1,42427507,T,B,0,171.000000000,1,0,12063,457736588,170.500000000,171.000000000,9,1,1,1,ESH6 C6800
2026-02-24T14:50:00.974485410Z,2026-02-24T14:50:00.521153931Z,1,1,42566722,T,A,0,120.000000000,1,0,16867,457890208,120.000000000,120.500000000,1,29,1,5,ESH6 C6875
2026-02-24T14:50:02.702479634Z,2026-02-24T14:50:02.009066407Z,1,1,42431945,T,A,0,93.250000000,1,0,12364,457921584,93.250000000,93.500000000,1,10,1,1,ESH6 P6800
2026-02-24T14:50:02.709830027Z,2026-02-24T14:50:02.009282437Z,1,1,2550771,T,B,0,6.800000000,5,0,13773,154236477,6.700000000,6.800000000,646,5,5,2,UD:1V: VT 2550771
2026-02-24T14:50:04.175882973Z,2026-02-24T14:50:03.307787353Z,1,1,2547248,T,A,0,9.200000000,25,0,14422,154245917,9.200000000,9.300000000,25,96,1,2,UD:1V: VT 2547248
2026-02-24T14:50:06.759806336Z,2026-02-24T14:50:05.651344717Z,1,1,42895796,T,A,0,116.500000000,3,0,13338,457991582,116.500000000,117.000000000,3,34,1,4,ESH6 C6880
2026-02-24T14:50:09.503805896Z,2026-02-24T14:50:08.257410509Z,1,1,3126152,T,B,0,33.500000000,19,0,19572,154279356,33.250000000,33.500000000,67,19,4,1,UD:1V: VT 3126152
2026-02-24T14:50:09.657167297Z,2026-02-24T14:50:08.430059029Z,1,1,2536950,T,B,0,15.400000000,4,0,11763,154281031,15.200000000,15.400000000,315,4,3,1,UD:1V: VT 2536950
2026-02-24T14:50:09.707215800Z,2026-02-24T14:50:08.460785681Z,1,1,2987461,T,A,0,19.400000000,2,0,13709,154281539,19.400000000,19.500000000,2,39,2,1,UD:1V: VT 2987461
2026-02-24T14:50:13.669300155Z,2026-02-24T14:50:12.430136997Z,1,1,42689135,T,B,0,119.000000000,3,0,13023,458099390,118.500000000,119.000000000,41,3,4,1,ESH6 P6875
2026-02-24T14:50:22.270482808Z,2026-02-24T14:50:22.007299939Z,1,1,42431945,T,A,0,95.000000000,6,0,18235,458250475,95.000000000,95.250000000,6,10,1,1,ESH6 P6800
2026-02-24T14:50:23.618847272Z,2026-02-24T14:50:23.380920543Z,1,1,42608051,T,A,0,24.750000000,7,0,15458,458272385,24.750000000,25.000000000,7,64,1,5,ESH6 C7075
2026-02-24T14:50:23.648172243Z,2026-02-24T14:50:23.450351507Z,1,1,42427508,T,A,0,18.600000000,15,0,11364,458273426,18.600000000,18.800000000,15,37,1,2,ESH6 C7100
2026-02-24T14:50:25.053423018Z,2026-02-24T14:50:25.034571915Z,1,1,42886227,T,A,0,92.000000000,6,0,16038,458298903,92.000000000,92.250000000,6,24,1,2,ESH6 P6790
2026-02-24T14:50:25.981857683Z,2026-02-24T14:50:25.706610657Z,1,1,42868332,T,A,0,19.500000000,1,0,13984,458311289,19.500000000,19.700000000,1,132,1,7,ESH6 P6270
2026-02-24T14:50:26.477027226Z,2026-02-24T14:50:26.452863863Z,1,1,42895789,T,A,0,26.250000000,6,0,13618,458322316,26.250000000,26.500000000,6,6,1,2,ESH6 C7070
2026-02-24T14:50:27.315015898Z,2026-02-24T14:50:27.182266945Z,1,1,42427508,T,A,0,18.800000000,7,0,16166,458336713,18.800000000,18.900000000,7,33,1,1,ESH6 C7100
2026-02-24T14:50:27.481036800Z,2026-02-24T14:50:27.445158749Z,1,1,3126152,T,A,0,33.500000000,3,0,13363,154392411,33.500000000,33.750000000,30,170,1,7,UD:1V: VT 3126152
2026-02-24T14:50:28.003068837Z,2026-02-24T14:50:27.838058667Z,1,1,2550771,T,B,0,6.700000000,4,0,13693,154395949,6.600000000,6.700000000,376,4,4,1,UD:1V: VT 2550771
2026-02-24T14:50:29.811901008Z,2026-02-24T14:50:29.533644497Z,1,1,42429674,T,A,0,69.750000000,5,0,11403,458383454,69.750000000,70.000000000,5,12,1,1,ESH6 P6700
2026-02-24T14:50:30.518095802Z,2026-02-24T14:50:30.135027269Z,1,1,42723512,T,A,0,152.500000000,7,0,13257,458395759,152.500000000,153.000000000,7,11,1,2,ESH6 C6825
2026-02-24T14:50:32.652586490Z,2026-02-24T14:50:32.576269345Z,1,1,42608051,T,A,0,25.000000000,7,0,14319,458434688,25.000000000,25.250000000,7,39,1,4,ESH6 C7075
2026-02-24T14:50:33.800209544Z,2026-02-24T14:50:33.356120665Z,1,1,42895788,T,A,0,29.250000000,6,0,12738,458455335,29.250000000,29.500000000,6,35,1,3,ESH6 C7060
2026-02-24T14:50:34.861516659Z,2026-02-24T14:50:34.679743759Z,1,1,42895789,T,A,0,26.250000000,6,0,17553,458474771,26.250000000,26.500000000,6,1,1,1,ESH6 C7070
2026-02-24T14:50:37.063200923Z,2026-02-24T14:50:36.936119919Z,1,1,42895804,T,A,0,23.500000000,6,0,15298,458511136,23.500000000,23.750000000,6,1,1,1,ESH6 C7080
2026-02-24T14:50:38.129257516Z,2026-02-24T14:50:38.018857575Z,1,1,42895804,T,A,0,23.500000000,6,0,14185,458528195,23.500000000,23.750000000,6,36,1,3,ESH6 C7080
2026-02-24T14:50:45.752606576Z,2026-02-24T14:50:45.750881143Z,1,1,42874358,T,A,0,3.950000000,6,0,15901,458653495,3.950000000,4.000000000,6,146,1,2,ESH6 C7220
2026-02-24T14:50:46.428269147Z,2026-02-24T14:50:46.369728049Z,1,1,42427508,T,A,0,18.700000000,7,0,13029,458663153,18.700000000,18.800000000,7,37,1,2,ESH6 C7100
2026-02-24T14:50:46.448077461Z,2026-02-24T14:50:46.384135953Z,1,1,42430464,T,A,0,5.100000000,29,0,13415,458663471,5.100000000,5.200000000,29,54,1,2,ESH6 C7200
2026-02-24T14:50:46.980902089Z,2026-02-24T14:50:46.974716323Z,1,1,42895789,T,A,0,26.250000000,6,0,14631,458670846,26.250000000,26.500000000,6,54,1,6,ESH6 C7070
2026-02-24T14:50:47.534141346Z,2026-02-24T14:50:47.521081755Z,1,1,42427508,T,A,0,18.700000000,7,0,15157,458677594,18.700000000,18.800000000,7,37,1,2,ESH6 C7100
2026-02-24T14:50:48.258347723Z,2026-02-24T14:50:48.190536555Z,1,1,42895789,T,A,0,26.250000000,6,0,17626,458688487,26.250000000,26.500000000,6,48,1,4,ESH6 C7070
2026-02-24T14:50:49.002046650Z,2026-02-24T14:50:48.986660495Z,1,1,42857655,T,A,0,3.050000000,5,0,14962,458700167,3.050000000,3.100000000,5,142,1,1,ESH6 C7240
2026-02-24T14:50:50.522212469Z,2026-02-24T14:50:50.315661337Z,1,1,42887182,T,A,0,6.800000000,5,0,13901,458722690,6.800000000,6.900000000,5,98,1,3,ESH6 C7180
2026-02-24T14:50:51.051889162Z,2026-02-24T14:50:51.036347563Z,1,1,2534219,T,B,0,31.500000000,2,0,11404,154532807,31.250000000,31.500000000,138,4,3,1,UD:1V: VT 2534219
2026-02-24T14:50:51.074777038Z,2026-02-24T14:50:51.065837559Z,1,1,42874357,T,A,0,4.550000000,6,0,11551,458732423,4.550000000,4.600000000,6,112,1,1,ESH6 C7210
2026-02-24T14:50:51.821067288Z,2026-02-24T14:50:51.699456895Z,1,1,42427508,T,A,0,18.900000000,7,0,11492,458746029,18.900000000,19.000000000,7,38,1,3,ESH6 C7100
2026-02-24T14:50:51.843523837Z,2026-02-24T14:50:51.752825149Z,1,1,2914941,T,B,0,11.000000000,5,0,17103,154538130,10.900000000,11.000000000,662,5,7,1,UD:1V: VT 2914941
2026-02-24T14:50:52.948369128Z,2026-02-24T14:50:52.662486607Z,1,1,42427508,T,A,0,18.800000000,2,0,13704,458765609,18.800000000,19.000000000,7,46,1,3,ESH6 C7100
2026-02-24T14:50:52.948611515Z,2026-02-24T14:50:52.662538675Z,1,1,42427508,T,A,0,18.800000000,5,0,13769,458765611,18.800000000,19.000000000,5,46,1,3,ESH6 C7100
2026-02-24T14:50:53.762518311Z,2026-02-24T14:50:53.605934017Z,1,1,42874357,T,A,0,4.550000000,6,0,13069,458778147,4.550000000,4.600000000,6,112,1,1,ESH6 C7210
2026-02-24T14:50:55.249973781Z,2026-02-24T14:50:55.054627189Z,1,1,42874357,T,A,0,4.500000000,6,0,14410,458801761,4.500000000,4.600000000,6,137,1,2,ESH6 C7210
2026-02-24T14:50:55.803259754Z,2026-02-24T14:50:55.529197247Z,1,1,42404337,T,B,0,14.700000000,4,0,14145,458813580,14.600000000,14.700000000,15,4,2,1,ESM6 P4400
2026-02-24T14:50:56.043782557Z,2026-02-24T14:50:55.947427619Z,1,1,42887182,T,A,0,6.700000000,5,0,11863,458819058,6.700000000,6.800000000,5,98,1,3,ESH6 C7180
2026-02-24T14:50:56.681481376Z,2026-02-24T14:50:56.531639463Z,1,1,42887191,T,B,0,118.000000000,3,0,14949,458832238,117.500000000,118.000000000,17,3,1,1,ESH6 P6870
2026-02-24T14:50:56.812465613Z,2026-02-24T14:50:56.735866675Z,1,1,42887182,T,A,0,6.700000000,5,0,16783,458835254,6.700000000,6.800000000,5,98,1,3,ESH6 C7180
2026-02-24T14:50:57.361752426Z,2026-02-24T14:50:57.352424929Z,1,1,42874357,T,A,0,4.500000000,6,0,11541,458844247,4.500000000,4.550000000,6,143,1,3,ESH6 C7210
2026-02-24T14:50:58.075567718Z,2026-02-24T14:50:58.000077921Z,1,1,42887182,T,A,0,6.700000000,5,0,18108,458856840,6.700000000,6.800000000,5,98,1,3,ESH6 C7180
2026-02-24T14:50:59.034363442Z,2026-02-24T14:50:58.926759793Z,1,1,42874357,T,A,0,4.500000000,6,0,16910,458874047,4.500000000,4.600000000,6,210,1,3,ESH6 C7210
2026-02-24T14:50:59.640468498Z,2026-02-24T14:50:59.639954519Z,1,1,42887172,T,A,0,7.700000000,6,0,14575,458885655,7.700000000,7.800000000,6,97,1,4,ESH6 C7170
2026-02-24T14:51:00.183083563Z,2026-02-24T14:51:00.182570313Z,1,1,42865926,T,A,0,8.800000000,5,0,14754,458890613,8.800000000,8.900000000,5,92,1,4,ESH6 C7160
2026-02-24T14:51:01.005478023Z,2026-02-24T14:51:00.882302031Z,1,1,42427508,T,A,0,18.700000000,7,0,16223,458905413,18.700000000,18.800000000,7,35,1,2,ESH6 C7100
2026-02-24T14:51:02.223890575Z,2026-02-24T14:51:01.877712687Z,1,1,42857655,T,A,0,3.050000000,5,0,14131,458929940,3.050000000,3.100000000,5,142,1,1,ESH6 C7240
2026-02-24T14:51:02.884282354Z,2026-02-24T14:51:02.847245609Z,1,1,42874358,T,A,0,3.950000000,5,0,14015,458945995,3.950000000,4.000000000,5,121,1,1,ESH6 C7220
2026-02-24T14:51:03.657444607Z,2026-02-24T14:51:03.497784823Z,1,1,42865926,T,A,0,8.800000000,1,0,17392,458958814,8.800000000,8.900000000,5,93,1,4,ESH6 C7160
2026-02-24T14:51:03.657709957Z,2026-02-24T14:51:03.498022239Z,1,1,42608051,T,A,0,24.750000000,7,0,10345,458958816,24.750000000,25.000000000,7,111,1,6,ESH6 C7075
2026-02-24T14:51:04.195876075Z,2026-02-24T14:51:04.191604259Z,1,1,42914938,T,A,0,2.400000000,5,0,11576,458971561,2.400000000,2.450000000,5,197,1,3,ESH6 C7260
2026-02-24T14:51:04.353353434Z,2026-02-24T14:51:04.323335779Z,1,1,42427501,T,A,0,176.000000000,1,0,16880,458974455,176.000000000,177.000000000,1,16,1,4,ESH6 P7000
2026-02-24T14:51:04.716626784Z,2026-02-24T14:51:04.716023293Z,1,1,42427508,T,A,0,18.700000000,7,0,18170,458979361,18.700000000,18.800000000,7,1,1,1,ESH6 C7100
2026-02-24T14:51:05.292338357Z,2026-02-24T14:51:05.278010311Z,1,1,42857655,T,A,0,3.050000000,5,0,18159,458988491,3.050000000,3.150000000,5,257,1,5,ESH6 C7240
2026-02-24T14:51:05.888245599Z,2026-02-24T14:51:05.866252467Z,1,1,42887172,T,A,0,7.700000000,6,0,14127,458997927,7.700000000,7.800000000,6,98,1,4,ESH6 C7170
2026-02-24T14:51:06.942678117Z,2026-02-24T14:51:06.695007117Z,1,1,42894579,T,A,0,39.000000000,6,0,14904,459012016,39.000000000,39.250000000,6,58,1,4,ESH6 C7030
2026-02-24T14:51:07.806757099Z,2026-02-24T14:51:07.647512111Z,1,1,42427508,T,A,0,18.700000000,7,0,11039,459027901,18.700000000,18.800000000,7,4,1,1,ESH6 C7100
2026-02-24T14:51:08.619473243Z,2026-02-24T14:51:08.410691387Z,1,1,42857655,T,A,0,3.050000000,5,0,18701,459042383,3.050000000,3.150000000,5,282,1,6,ESH6 C7240
2026-02-24T14:51:10.059378008Z,2026-02-24T14:51:09.526196473Z,1,1,42804075,T,A,0,7.100000000,4,0,12300,459065538,7.100000000,7.300000000,4,193,1,9,ESH6 C7175
2026-02-24T14:51:10.873744061Z,2026-02-24T14:51:10.127512563Z,1,1,2987461,T,A,0,19.300000000,1,0,20171,154660453,19.300000000,19.400000000,1,296,1,6,UD:1V: VT 2987461
2026-02-24T14:51:10.942604103Z,2026-02-24T14:51:10.127939647Z,1,1,42435427,T,B,0,82.500000000,1,0,13712,459078537,82.000000000,82.500000000,5,1,1,1,ESH6 P6750
2026-02-24T14:51:20.413652301Z,2026-02-24T14:51:19.813197017Z,1,1,3126152,T,B,0,34.000000000,2,0,17320,154720256,33.750000000,34.000000000,108,2,4,1,UD:1V: VT 3126152
2026-02-24T14:51:24.298060274Z,2026-02-24T14:51:23.460608089Z,1,1,42384779,T,A,0,164.000000000,3,0,22870,459305390,164.000000000,164.500000000,3,25,1,2,ESM6 P6600
2026-02-24T14:51:25.602246904Z,2026-02-24T14:51:25.011459445Z,1,1,42429011,T,B,0,103.000000000,3,0,11594,459330562,102.500000000,103.000000000,41,4,4,1,ESH6 C6900
2026-02-24T14:51:25.608103405Z,2026-02-24T14:51:25.011544795Z,1,1,42429011,T,B,0,103.000000000,1,0,11557,459330684,102.500000000,103.000000000,41,1,4,1,ESH6 C6900
2026-02-24T14:51:26.208223800Z,2026-02-24T14:51:25.755463275Z,1,1,42430453,T,A,0,16.100000000,1,0,14927,459343606,16.100000000,16.300000000,1,177,1,8,ESH6 P6200
2026-02-24T14:51:39.217989963Z,2026-02-24T14:51:39.031530995Z,1,1,2537126,T,B,0,29.250000000,10,0,14786,154851027,29.000000000,29.250000000,152,10,5,1,UD:1V: VT 2537126
2026-02-24T14:51:39.974423225Z,2026-02-24T14:51:39.737647191Z,1,1,2567006,T,B,0,7.100000000,1,0,15794,154857077,7.000000000,7.100000000,465,1,5,1,UD:1V: VT 2567006
2026-02-24T14:51:45.465753637Z,2026-02-24T14:51:45.411084945Z,1,1,2517091,T,A,0,-6.300000000,1,0,17020,154888939,-6.300000000,-6.100000000,1,1,1,1,UD:1V: GN 2517091
2026-02-24T14:51:49.650137340Z,2026-02-24T14:51:49.569775497Z,1,1,42887182,T,A,0,6.700000000,4,0,12982,459750596,6.700000000,6.900000000,4,202,1,7,ESH6 C7180
2026-02-24T14:51:49.883458880Z,2026-02-24T14:51:49.798469753Z,1,1,2537126,T,A,0,29.250000000,10,0,17573,154916575,29.250000000,29.750000000,175,264,7,8,UD:1V: VT 2537126
2026-02-24T14:52:00.077306410Z,2026-02-24T14:52:00.025115061Z,1,1,42671291,T,A,0,64.750000000,7,0,20010,459918091,64.750000000,65.000000000,7,27,2,1,ESH6 P6675
2026-02-24T14:52:32.242435626Z,2026-02-24T14:52:32.241849611Z,1,1,42887172,T,A,0,7.600000000,5,0,13742,460508763,7.600000000,7.700000000,5,170,1,6,ESH6 C7170
2026-02-24T14:52:32.764239941Z,2026-02-24T14:52:32.763599993Z,1,1,42874359,T,A,0,5.800000000,5,0,13940,460515505,5.800000000,5.900000000,5,176,1,4,ESH6 C7190
2026-02-24T14:52:33.344097663Z,2026-02-24T14:52:33.319354373Z,1,1,42874358,T,A,0,3.900000000,4,0,14058,460526056,3.900000000,3.950000000,4,128,1,2,ESH6 C7220
2026-02-24T14:52:35.213647519Z,2026-02-24T14:52:35.144623879Z,1,1,42874359,T,A,0,5.800000000,5,0,15665,460555610,5.800000000,5.900000000,5,208,1,5,ESH6 C7190
2026-02-24T14:52:35.740149207Z,2026-02-24T14:52:35.739282543Z,1,1,42874357,T,A,0,4.450000000,5,0,13536,460561794,4.450000000,4.500000000,5,197,1,3,ESH6 C7210
2026-02-24T14:52:36.267987533Z,2026-02-24T14:52:36.010352045Z,1,1,42764937,T,A,0,75.500000000,5,0,17499,460570435,75.500000000,75.750000000,5,24,1,1,ESH6 P6725
2026-02-24T14:52:36.891573050Z,2026-02-24T14:52:36.635805915Z,1,1,42427508,T,A,0,18.500000000,6,0,18756,460581604,18.500000000,18.600000000,6,79,1,3,ESH6 C7100
2026-02-24T14:52:38.317585834Z,2026-02-24T14:52:37.863924729Z,1,1,42874359,T,A,0,5.800000000,5,0,17603,460606341,5.800000000,5.900000000,5,180,1,5,ESH6 C7190
2026-02-24T14:52:38.774669984Z,2026-02-24T14:52:38.637671167Z,1,1,42429382,T,A,0,49.500000000,1,0,17328,460615472,49.500000000,49.750000000,1,99,1,3,ESU6 P4950
2026-02-24T14:52:39.351161570Z,2026-02-24T14:52:39.249665973Z,1,1,42430464,T,A,0,5.100000000,6,0,13084,460628479,5.100000000,5.200000000,6,448,1,8,ESH6 C7200
2026-02-24T14:52:40.360678565Z,2026-02-24T14:52:40.126863435Z,1,1,42874358,T,A,0,3.900000000,4,0,18144,460648818,3.900000000,4.000000000,4,239,1,5,ESH6 C7220
2026-02-24T14:52:40.973448040Z,2026-02-24T14:52:40.972919529Z,1,1,42804075,T,A,0,7.100000000,6,0,16677,460660217,7.100000000,7.200000000,6,209,1,6,ESH6 C7175
2026-02-24T14:52:41.628383235Z,2026-02-24T14:52:41.627738859Z,1,1,42874357,T,A,0,4.450000000,5,0,25354,460671773,4.450000000,4.550000000,5,154,1,4,ESH6 C7210
2026-02-24T14:52:42.150127971Z,2026-02-24T14:52:42.149527643Z,1,1,42887172,T,A,0,7.600000000,5,0,13344,460675510,7.600000000,7.700000000,5,164,1,5,ESH6 C7170
2026-02-24T14:52:43.145564402Z,2026-02-24T14:52:42.937952689Z,1,1,42886163,T,A,0,3.450000000,5,0,17722,460689967,3.450000000,3.500000000,5,150,1,3,ESH6 C7230
2026-02-24T14:52:44.753192258Z,2026-02-24T14:52:44.243292721Z,1,1,42887182,T,A,0,6.700000000,4,0,14624,460722210,6.700000000,6.800000000,4,79,1,3,ESH6 C7180
2026-02-24T14:52:45.714366922Z,2026-02-24T14:52:45.632235465Z,1,1,42887172,T,A,0,7.700000000,5,0,19374,460743032,7.700000000,7.800000000,5,198,1,7,ESH6 C7170
2026-02-24T14:52:46.709599303Z,2026-02-24T14:52:46.509101761Z,1,1,42857655,T,A,0,3.050000000,4,0,18217,460763046,3.050000000,3.100000000,4,231,1,3,ESH6 C7240
2026-02-24T14:52:47.517677248Z,2026-02-24T14:52:47.361563889Z,1,1,42857655,T,A,0,3.050000000,4,0,13535,460780358,3.050000000,3.100000000,4,263,1,5,ESH6 C7240
2026-02-24T14:52:48.039335165Z,2026-02-24T14:52:48.038723333Z,1,1,42887182,T,A,0,6.700000000,4,0,21211,460789863,6.700000000,6.800000000,4,180,1,6,ESH6 C7180
2026-02-24T14:52:48.560728560Z,2026-02-24T14:52:48.559903193Z,1,1,42857655,T,A,0,3.050000000,4,0,14064,460793062,3.050000000,3.100000000,4,238,1,4,ESH6 C7240
2026-02-24T14:52:49.187951317Z,2026-02-24T14:52:49.160244399Z,1,1,42874358,T,A,0,3.950000000,4,0,19433,460803098,3.950000000,4.000000000,4,214,1,4,ESH6 C7220
2026-02-24T14:52:50.834410574Z,2026-02-24T14:52:50.411142733Z,1,1,42427508,T,A,0,18.600000000,6,0,21971,460830942,18.600000000,18.800000000,6,109,1,5,ESH6 C7100
2026-02-24T14:52:51.503673952Z,2026-02-24T14:52:51.468693775Z,1,1,42886163,T,A,0,3.450000000,2,0,21064,460846201,3.450000000,3.500000000,5,11,1,1,ESH6 C7230
2026-02-24T14:52:51.503892571Z,2026-02-24T14:52:51.468726933Z,1,1,42886232,T,A,0,14.600000000,4,0,11592,460846203,14.600000000,14.700000000,4,72,1,4,ESH6 C7120
2026-02-24T14:52:52.053545223Z,2026-02-24T14:52:52.031865171Z,1,1,42608051,T,A,0,24.750000000,3,0,15353,460856186,24.750000000,25.000000000,3,201,1,8,ESH6 C7075
2026-02-24T14:52:52.575928530Z,2026-02-24T14:52:52.575347383Z,1,1,42427508,T,A,0,18.600000000,3,0,13507,460864650,18.600000000,18.700000000,3,37,1,2,ESH6 C7100
2026-02-24T14:52:53.102265114Z,2026-02-24T14:52:53.100778543Z,1,1,42857655,T,A,0,3.050000000,4,0,14905,460872497,3.050000000,3.100000000,4,231,1,3,ESH6 C7240
2026-02-24T14:52:53.625303792Z,2026-02-24T14:52:53.624038501Z,1,1,42887182,T,A,0,6.700000000,4,0,14708,460878919,6.700000000,6.800000000,4,180,1,6,ESH6 C7180
2026-02-24T14:52:54.147536088Z,2026-02-24T14:52:54.147092031Z,1,1,42874358,T,A,0,3.950000000,4,0,16251,460883268,3.950000000,4.000000000,4,120,1,4,ESH6 C7220
2026-02-24T14:52:54.739638727Z,2026-02-24T14:52:54.721630197Z,1,1,42857655,T,A,0,3.050000000,4,0,16215,460892054,3.050000000,3.100000000,4,238,1,4,ESH6 C7240
2026-02-24T14:52:56.190776437Z,2026-02-24T14:52:55.696189145Z,1,1,42427508,T,A,0,18.600000000,3,0,13170,460915900,18.600000000,18.700000000,3,64,1,2,ESH6 C7100
2026-02-24T14:52:56.785524746Z,2026-02-24T14:52:56.766980001Z,1,1,42895789,T,A,0,26.000000000,2,0,20356,460928562,26.000000000,26.250000000,2,61,1,5,ESH6 C7070
2026-02-24T14:53:05.582396299Z,2026-02-24T14:53:04.807911083Z,1,1,2550925,T,B,0,94.500000000,15,0,13841,155394592,93.750000000,94.500000000,4,154,1,3,UD:1V: VT 2550925
2026-02-24T14:53:11.908784290Z,2026-02-24T14:53:11.853335985Z,1,1,42372979,T,A,0,78.750000000,5,0,14067,461206172,78.750000000,79.250000000,31,36,2,4,ESM6 C7300
2026-02-24T14:53:15.384394123Z,2026-02-24T14:53:15.162700715Z,1,1,3126314,T,A,0,6.100000000,3,0,14330,155461071,6.100000000,6.200000000,3,1817,1,9,UD:1V: VT 3126314
2026-02-24T14:53:17.739749695Z,2026-02-24T14:53:17.380523083Z,1,1,42804075,T,A,0,7.000000000,4,0,12160,461301697,7.000000000,7.200000000,4,313,1,9,ESH6 C7175
2026-02-24T14:53:40.636354887Z,2026-02-24T14:53:40.621297879Z,1,1,42507773,T,A,0,7.000000000,175,0,16349,461704645,7.000000000,7.100000000,175,255,1,2,ESZ6 C8900
2026-02-24T14:53:43.778473010Z,2026-02-24T14:53:43.268419947Z,1,1,42431945,T,B,0,96.000000000,2,0,13896,461761770,95.500000000,96.000000000,11,2,2,1,ESH6 P6800
2026-02-24T14:53:44.643084475Z,2026-02-24T14:53:43.868853641Z,1,1,2550806,T,A,0,-2.500000000,1,0,12564,155647953,-2.500000000,-2.400000000,1,541,1,3,UD:1V: GN 2550806
2026-02-24T14:53:45.344062223Z,2026-02-24T14:53:44.582564653Z,1,1,42426741,T,B,0,39.250000000,1,0,14339,461791007,38.750000000,39.250000000,5,1,2,1,ESH6 P6500
2026-02-24T14:53:53.216796178Z,2026-02-24T14:53:53.012601099Z,1,1,42397940,T,A,0,25.000000000,24,0,11843,461939100,25.000000000,25.250000000,25,131,1,2,ESH6 P6350
2026-02-24T14:54:12.332613944Z,2026-02-24T14:54:11.928775361Z,1,1,42643322,T,B,0,103.500000000,4,0,22495,462310968,103.000000000,103.500000000,31,4,4,1,ESH6 P6825
2026-02-24T14:54:12.399125165Z,2026-02-24T14:54:11.929608723Z,1,1,42764937,T,B,0,76.750000000,4,0,15621,462311761,76.500000000,76.750000000,35,4,2,1,ESH6 P6725
2026-02-24T14:54:18.618396607Z,2026-02-24T14:54:18.617727937Z,1,1,2551084,T,B,0,90.750000000,3,0,14909,155890760,90.000000000,90.750000000,11,53,1,2,UD:1V: VT 2551084
2026-02-24T14:54:26.922621920Z,2026-02-24T14:54:26.613568431Z,1,1,42671291,T,A,0,66.250000000,2,0,19064,462570466,66.250000000,66.500000000,2,12,1,1,ESH6 P6675
2026-02-24T14:54:39.839650935Z,2026-02-24T14:54:39.349240951Z,1,1,2542174,T,A,0,19.500000000,1,0,18044,156027120,19.500000000,19.600000000,1,140,1,3,UD:1V: VT 2542174
2026-02-24T14:54:42.719216155Z,2026-02-24T14:54:42.177155079Z,1,1,2551011,T,A,0,3.150000000,3,0,13916,156048534,3.150000000,3.200000000,3,3957,1,5,UD:1V: VT 2551011
2026-02-24T14:54:42.719226042Z,2026-02-24T14:54:42.177155967Z,1,1,2550486,T,A,0,4.600000000,1,0,11583,156048535,4.600000000,4.650000000,1,435,1,2,UD:1V: VT 2550486
2026-02-24T14:54:44.317132065Z,2026-02-24T14:54:44.308659785Z,1,1,42431944,T,B,0,10.000000000,1,0,13536,462896022,9.900000000,10.000000000,335,1,8,1,ESH6 P6000
2026-02-24T14:54:45.390138003Z,2026-02-24T14:54:45.389670263Z,1,1,42431946,T,A,0,131.000000000,6,0,14241,462913739,131.000000000,131.500000000,17,26,1,2,ESH6 P6900
2026-02-24T14:54:47.982353018Z,2026-02-24T14:54:47.957254831Z,1,1,42874357,T,A,0,4.300000000,6,0,16909,462959687,4.300000000,4.350000000,6,8,1,2,ESH6 C7210
2026-02-24T14:54:48.739945592Z,2026-02-24T14:54:48.594298731Z,1,1,42874359,T,A,0,5.600000000,6,0,17901,462974822,5.600000000,5.700000000,6,69,1,4,ESH6 C7190
2026-02-24T14:54:50.038630461Z,2026-02-24T14:54:49.879644993Z,1,1,42608052,T,A,0,3.550000000,7,0,18864,462992028,3.550000000,3.650000000,7,474,1,10,ESH6 C7225
2026-02-24T14:54:50.561208362Z,2026-02-24T14:54:50.560679749Z,1,1,42874357,T,A,0,4.300000000,6,0,11836,463002903,4.300000000,4.350000000,6,8,1,2,ESH6 C7210
2026-02-24T14:54:52.557390522Z,2026-02-24T14:54:52.421077719Z,1,1,42430464,T,A,0,4.950000000,7,0,17091,463033153,4.950000000,5.000000000,7,221,1,5,ESH6 C7200
2026-02-24T14:54:52.591059746Z,2026-02-24T14:54:52.444382363Z,1,1,42895789,T,B,0,25.250000000,4,0,11591,463033744,25.000000000,25.250000000,69,4,5,1,ESH6 C7070
2026-02-24T14:54:53.063681394Z,2026-02-24T14:54:52.895632537Z,1,1,2529718,T,A,0,5.300000000,20,0,15445,156118753,5.300000000,5.400000000,20,2022,1,9,UD:1V: VT 2529718
2026-02-24T14:54:53.243968218Z,2026-02-24T14:54:53.243219131Z,1,1,42430464,T,A,0,4.950000000,4,0,14788,463047865,4.950000000,5.000000000,4,172,1,4,ESH6 C7200
2026-02-24T14:54:53.930759624Z,2026-02-24T14:54:53.862621207Z,1,1,42887172,T,A,0,7.400000000,3,0,14010,463061186,7.400000000,7.500000000,3,173,1,6,ESH6 C7170
2026-02-24T14:54:54.454237335Z,2026-02-24T14:54:54.453697637Z,1,1,42430464,T,A,0,4.950000000,4,0,13892,463071548,4.950000000,5.000000000,4,169,1,4,ESH6 C7200
2026-02-24T14:54:55.089418459Z,2026-02-24T14:54:55.088884213Z,1,1,42430464,T,A,0,4.950000000,4,0,16171,463080269,4.950000000,5.000000000,4,220,1,5,ESH6 C7200
2026-02-24T14:54:55.966724303Z,2026-02-24T14:54:55.802730861Z,1,1,42608051,T,B,0,24.000000000,31,0,17597,463094481,23.750000000,24.000000000,37,31,4,1,ESH6 C7075
2026-02-24T14:54:56.077888674Z,2026-02-24T14:54:55.816242891Z,1,1,42887172,T,A,0,7.400000000,3,0,17240,463096486,7.400000000,7.500000000,3,173,1,6,ESH6 C7170
2026-02-24T14:54:57.124304791Z,2026-02-24T14:54:56.931410633Z,1,1,42874357,T,A,0,4.350000000,3,0,15365,463117101,4.350000000,4.400000000,3,109,1,4,ESH6 C7210
2026-02-24T14:54:57.843585336Z,2026-02-24T14:54:57.772905055Z,1,1,42887172,T,A,0,7.400000000,3,0,13174,463132518,7.400000000,7.500000000,3,130,1,5,ESH6 C7170
2026-02-24T14:54:58.404706340Z,2026-02-24T14:54:58.385053303Z,1,1,42430464,T,A,0,4.950000000,4,0,18044,463142599,4.950000000,5.000000000,4,171,1,4,ESH6 C7200
2026-02-24T14:54:59.763698381Z,2026-02-24T14:54:59.465811647Z,1,1,42887172,T,A,0,7.400000000,3,0,11718,463162622,7.400000000,7.500000000,3,66,1,4,ESH6 C7170
2026-02-24T14:55:00.426751128Z,2026-02-24T14:55:00.195942551Z,1,1,42429064,T,B,0,112.500000000,4,0,10275,463179418,112.000000000,112.500000000,10,4,1,1,ESH6 P6850
2026-02-24T14:55:05.413838586Z,2026-02-24T14:55:04.855831045Z,1,1,42430464,T,A,0,4.950000000,4,0,14528,463269030,4.950000000,5.000000000,4,269,1,5,ESH6 C7200
2026-02-24T14:55:05.495935206Z,2026-02-24T14:55:05.001585267Z,1,1,2551084,T,A,0,90.500000000,3,0,11594,156204093,90.500000000,90.750000000,3,161,1,3,UD:1V: VT 2551084
2026-02-24T14:55:08.085106576Z,2026-02-24T14:55:07.549230719Z,1,1,42887182,T,A,0,6.500000000,4,0,19133,463325400,6.500000000,6.600000000,4,189,1,7,ESH6 C7180
2026-02-24T14:55:09.531212192Z,2026-02-24T14:55:08.986552315Z,1,1,42894579,T,A,0,37.500000000,3,0,13408,463354367,37.500000000,37.750000000,3,9,1,3,ESH6 C7030
2026-02-24T14:55:09.658065309Z,2026-02-24T14:55:09.265329531Z,1,1,42431945,T,B,0,97.500000000,2,0,13370,463357358,97.000000000,97.500000000,36,2,7,1,ESH6 P6800
2026-02-24T14:55:11.516249511Z,2026-02-24T14:55:11.322407331Z,1,1,42430464,T,A,0,4.900000000,4,0,11715,463396128,4.900000000,5.000000000,4,385,1,7,ESH6 C7200
2026-02-24T14:55:11.523575176Z,2026-02-24T14:55:11.329063945Z,1,1,42427508,T,A,0,17.700000000,4,0,17755,463396229,17.700000000,17.900000000,4,104,1,5,ESH6 C7100
2026-02-24T14:55:12.672571295Z,2026-02-24T14:55:12.334168947Z,1,1,42874358,T,A,0,3.800000000,4,0,17597,463418949,3.800000000,3.900000000,4,226,1,7,ESH6 C7220
2026-02-24T14:55:13.722173651Z,2026-02-24T14:55:13.192551233Z,1,1,42545724,T,B,0,2.600000000,4,0,14246,463434562,2.500000000,2.600000000,412,4,8,1,ESH6 C7250
2026-02-24T14:55:14.572474836Z,2026-02-24T14:55:14.481233551Z,1,1,42427508,T,A,0,17.800000000,4,0,18300,463453034,17.800000000,17.900000000,4,4,1,1,ESH6 C7100
2026-02-24T14:55:15.266335170Z,2026-02-24T14:55:15.171121655Z,1,1,42886163,T,A,0,3.350000000,3,0,19626,463465776,3.350000000,3.400000000,3,148,1,6,ESH6 C7230
2026-02-24T14:55:17.514502859Z,2026-02-24T14:55:17.134366631Z,1,1,42608052,T,A,0,3.550000000,4,0,17896,463509810,3.550000000,3.600000000,4,215,1,4,ESH6 C7225
2026-02-24T14:55:19.069890794Z,2026-02-24T14:55:18.771351059Z,1,1,42874358,T,A,0,3.750000000,4,0,15420,463542759,3.750000000,3.850000000,4,5,1,1,ESH6 C7220
2026-02-24T14:55:19.827124103Z,2026-02-24T14:55:19.702449853Z,1,1,42865926,T,A,0,8.300000000,2,0,12979,463559522,8.300000000,8.400000000,4,29,1,2,ESH6 C7160
2026-02-24T14:55:19.827442248Z,2026-02-24T14:55:19.702541279Z,1,1,42865924,T,A,0,19.800000000,3,0,18123,463559524,19.800000000,19.900000000,3,33,1,1,ESH6 C7090
2026-02-24T14:55:21.117314496Z,2026-02-24T14:55:20.748561233Z,1,1,42887182,T,A,0,6.400000000,4,0,15336,463584753,6.400000000,6.500000000,4,201,1,9,ESH6 C7180
2026-02-24T14:55:21.412245509Z,2026-02-24T14:55:20.978023243Z,1,1,42429372,T,B,0,60.750000000,33,0,16725,463590563,60.000000000,60.750000000,5,33,1,1,ESU6 C7700
2026-02-24T14:55:22.283844475Z,2026-02-24T14:55:22.033808437Z,1,1,42874357,T,A,0,4.300000000,3,0,13869,463609889,4.300000000,4.400000000,3,244,1,8,ESH6 C7210
2026-02-24T14:55:23.629579349Z,2026-02-24T14:55:23.166299651Z,1,1,42426741,T,B,0,40.250000000,1,0,10428,463637037,39.750000000,40.250000000,35,1,4,1,ESH6 P6500
2026-02-24T14:55:23.642804271Z,2026-02-24T14:55:23.166468185Z,1,1,3126152,T,B,0,34.750000000,4,0,13811,156341094,34.500000000,34.750000000,58,4,2,1,UD:1V: VT 3126152
2026-02-24T14:55:26.880328621Z,2026-02-24T14:55:26.203543345Z,1,1,42886163,T,B,0,3.300000000,4,0,17800,463693903,3.200000000,3.300000000,154,4,4,1,ESH6 C7230
2026-02-24T14:55:27.119805448Z,2026-02-24T14:55:26.669528509Z,1,1,42430464,T,A,0,4.900000000,6,0,14406,463699954,4.900000000,4.950000000,6,406,1,9,ESH6 C7200
2026-02-24T14:55:27.965211435Z,2026-02-24T14:55:27.913857941Z,1,1,2549971,T,A,0,1.250000000,1,0,13411,156372668,1.250000000,1.400000000,1,256,1,2,UD:1V: 12 2549971
2026-02-24T14:55:28.627095976Z,2026-02-24T14:55:28.463620125Z,1,1,42430464,T,A,0,4.850000000,6,0,13181,463733991,4.850000000,4.950000000,6,514,1,10,ESH6 C7200
2026-02-24T14:55:31.952604729Z,2026-02-24T14:55:31.813824249Z,1,1,42895789,T,A,0,24.500000000,5,0,16118,463802428,24.500000000,24.750000000,5,87,1,5,ESH6 C7070
2026-02-24T14:55:32.798970471Z,2026-02-24T14:55:32.763612643Z,1,1,42427508,T,A,0,17.500000000,6,0,14054,463821481,17.500000000,17.700000000,6,158,1,5,ESH6 C7100
2026-02-24T14:55:33.683009531Z,2026-02-24T14:55:33.550731049Z,1,1,42865926,T,A,0,8.300000000,4,0,14835,463838680,8.300000000,8.400000000,4,135,1,5,ESH6 C7160
2026-02-24T14:55:34.410230317Z,2026-02-24T14:55:34.301625183Z,1,1,42804075,T,A,0,6.800000000,6,0,11843,463850846,6.800000000,6.900000000,6,291,1,8,ESH6 C7175
2026-02-24T14:55:35.011829100Z,2026-02-24T14:55:34.991459625Z,1,1,42857655,T,A,0,2.950000000,4,0,11763,463862157,2.950000000,3.000000000,4,241,1,6,ESH6 C7240
2026-02-24T14:55:35.811330779Z,2026-02-24T14:55:35.655411709Z,1,1,42914938,T,A,0,2.300000000,4,0,13804,463875425,2.300000000,2.350000000,4,201,1,4,ESH6 C7260
2026-02-24T14:55:36.337731157Z,2026-02-24T14:55:36.337018671Z,1,1,42874359,T,A,0,5.600000000,5,0,11640,463885259,5.600000000,5.700000000,5,197,1,7,ESH6 C7190
2026-02-24T14:55:36.858997783Z,2026-02-24T14:55:36.858475535Z,1,1,42857655,T,A,0,2.950000000,4,0,11544,463896148,2.950000000,3.000000000,4,194,1,5,ESH6 C7240
2026-02-24T14:55:37.397302393Z,2026-02-24T14:55:37.390143229Z,1,1,42874357,T,A,0,4.300000000,5,0,13817,463905966,4.300000000,4.400000000,5,273,1,7,ESH6 C7210
2026-02-24T14:55:37.917569738Z,2026-02-24T14:55:37.916180561Z,1,1,42804075,T,A,0,6.800000000,6,0,18117,463914762,6.800000000,6.900000000,6,286,1,7,ESH6 C7175
2026-02-24T14:55:38.437602377Z,2026-02-24T14:55:38.436954015Z,1,1,42914938,T,A,0,2.300000000,4,0,23231,463925129,2.300000000,2.350000000,4,263,1,5,ESH6 C7260
2026-02-24T14:55:38.959917835Z,2026-02-24T14:55:38.959143729Z,1,1,42874357,T,A,0,4.300000000,5,0,13324,463931979,4.300000000,4.350000000,5,220,1,6,ESH6 C7210
2026-02-24T14:55:39.496478959Z,2026-02-24T14:55:39.494369843Z,1,1,42865926,T,A,0,8.300000000,4,0,23888,463939867,8.300000000,8.400000000,4,202,1,8,ESH6 C7160
2026-02-24T14:55:40.018277586Z,2026-02-24T14:55:40.017739061Z,1,1,42427508,T,A,0,17.600000000,6,0,13665,463945793,17.600000000,17.700000000,6,163,1,5,ESH6 C7100
2026-02-24T14:55:41.061300218Z,2026-02-24T14:55:40.869285259Z,1,1,42874357,T,A,0,4.300000000,5,0,13992,463966170,4.300000000,4.350000000,5,59,1,4,ESH6 C7210
2026-02-24T14:55:42.166481875Z,2026-02-24T14:55:42.079162165Z,1,1,42430464,T,A,0,4.900000000,6,0,21980,463989059,4.900000000,4.950000000,6,431,1,8,ESH6 C7200
2026-02-24T14:55:42.688089527Z,2026-02-24T14:55:42.687500363Z,1,1,42874357,T,A,0,4.300000000,5,0,15521,463996215,4.300000000,4.350000000,5,190,1,4,ESH6 C7210
2026-02-24T14:55:43.429437128Z,2026-02-24T14:55:43.348680725Z,1,1,42865926,T,A,0,8.300000000,4,0,21857,464012436,8.300000000,8.400000000,4,154,1,5,ESH6 C7160
2026-02-24T14:55:43.959491960Z,2026-02-24T14:55:43.957128537Z,1,1,42874357,T,A,0,4.300000000,5,0,26241,464022280,4.300000000,4.350000000,5,8,1,2,ESH6 C7210
2026-02-24T14:55:44.508090326Z,2026-02-24T14:55:44.500138267Z,1,1,42608052,T,A,0,3.550000000,6,0,12299,464032581,3.550000000,3.600000000,6,385,1,7,ESH6 C7225
2026-02-24T14:55:45.024055112Z,2026-02-24T14:55:45.023492389Z,1,1,42874357,T,A,0,4.300000000,5,0,14208,464038242,4.300000000,4.350000000,5,80,1,4,ESH6 C7210
2026-02-24T14:55:45.545593904Z,2026-02-24T14:55:45.545221127Z,1,1,42874357,T,A,0,4.300000000,5,0,13352,464042910,4.300000000,4.350000000,5,76,1,3,ESH6 C7210
2026-02-24T14:55:46.092020722Z,2026-02-24T14:55:46.083941473Z,1,1,42804075,T,A,0,6.800000000,6,0,15333,464050536,6.800000000,6.900000000,6,300,1,8,ESH6 C7175
2026-02-24T14:55:49.117924862Z,2026-02-24T14:55:48.858698287Z,1,1,2550486,T,A,0,4.500000000,1,0,13101,156508225,4.500000000,4.550000000,1,688,1,5,UD:1V: VT 2550486
2026-02-24T14:55:51.491982195Z,2026-02-24T14:55:51.491529655Z,1,1,42429064,T,A,0,115.500000000,1,0,11891,464149234,115.500000000,116.000000000,1,90,1,9,ESH6 P6850
2026-02-24T14:55:57.543575535Z,2026-02-24T14:55:57.489282413Z,1,1,42483456,T,B,0,30.250000000,10,0,11645,464240003,30.000000000,30.250000000,29,10,1,1,ESH6 C7050
2026-02-24T14:55:58.302675271Z,2026-02-24T14:55:58.080420599Z,1,1,2541788,T,B,0,18.000000000,2,0,17838,156564160,17.800000000,18.000000000,404,2,3,1,UD:1V: VT 2541788
2026-02-24T14:56:07.173069797Z,2026-02-24T14:56:07.104829761Z,1,1,42397939,T,B,0,9.200000000,1,0,13315,464417395,9.100000000,9.200000000,211,1,6,1,ESH6 P5950
2026-02-24T14:56:10.976051208Z,2026-02-24T14:56:10.934207839Z,1,1,42426740,T,A,0,13.100000000,1,0,11455,464489940,13.100000000,13.200000000,1,164,1,4,ESH6 P6100
2026-02-24T14:56:12.107617483Z,2026-02-24T14:56:11.619663643Z,1,1,42895789,T,B,0,24.500000000,4,0,15767,464512708,24.000000000,24.500000000,86,4,6,1,ESH6 C7070
2026-02-24T14:56:21.205072355Z,2026-02-24T14:56:21.088460441Z,1,1,42426741,T,B,0,41.250000000,1,0,12706,464693427,40.750000000,41.250000000,190,1,9,1,ESH6 P6500
2026-02-24T14:56:31.127756075Z,2026-02-24T14:56:31.093507645Z,1,1,42627610,T,B,0,16.000000000,4,0,10992,464880216,15.800000000,16.000000000,262,4,5,1,ESM6 C7650
2026-02-24T14:56:33.317729825Z,2026-02-24T14:56:33.316150483Z,1,1,2533669,T,B,0,60.000000000,10,0,24464,156802577,59.500000000,60.000000000,14,101,2,5,UD:1V: VT 2533669
2026-02-24T14:56:34.154267139Z,2026-02-24T14:56:34.153030035Z,1,1,42488858,T,B,0,0.850000000,3,0,13396,464926884,0.800000000,0.850000000,531,3,7,1,ESH6 C7350
2026-02-24T14:56:34.432171366Z,2026-02-24T14:56:34.431618157Z,1,1,3126152,T,A,0,35.250000000,2,0,13561,156809039,35.250000000,35.750000000,70,334,4,7,UD:1V: VT 3126152
2026-02-24T14:56:36.458425947Z,2026-02-24T14:56:36.345738261Z,1,1,2551084,T,A,0,92.000000000,3,0,17718,156820301,92.000000000,92.250000000,3,99,1,3,UD:1V: VT 2551084
2026-02-24T14:56:38.292073347Z,2026-02-24T14:56:38.283797169Z,1,1,42372979,T,B,0,76.750000000,1,0,14651,464994759,76.250000000,76.750000000,9,1,2,1,ESM6 C7300
2026-02-24T14:56:44.099993735Z,2026-02-24T14:56:43.649406907Z,1,1,42427508,T,B,0,17.400000000,4,0,13281,465097563,17.100000000,17.400000000,22,4,3,1,ESH6 C7100
2026-02-24T14:56:45.961345397Z,2026-02-24T14:56:45.716082091Z,1,1,42895788,T,B,0,27.250000000,1,0,14378,465136610,26.750000000,27.250000000,107,1,6,1,ESH6 C7060
2026-02-24T14:56:46.912189376Z,2026-02-24T14:56:46.477962463Z,1,1,42429687,T,B,0,48.250000000,14,0,14541,465154619,47.750000000,48.250000000,141,26,8,1,ESH6 C7000
2026-02-24T14:56:46.970002850Z,2026-02-24T14:56:46.587305779Z,1,1,42427508,T,B,0,17.600000000,4,0,15056,465156072,17.300000000,17.600000000,120,34,5,1,ESH6 C7100
2026-02-24T14:56:46.971510029Z,2026-02-24T14:56:46.587390293Z,1,1,42427508,T,B,0,17.600000000,1,0,15180,465156113,17.300000000,17.600000000,120,30,5,1,ESH6 C7100
2026-02-24T14:56:50.123924034Z,2026-02-24T14:56:49.964667757Z,1,1,42427508,T,A,0,17.500000000,2,0,13803,465217987,17.500000000,17.600000000,3,46,1,3,ESH6 C7100
2026-02-24T14:56:50.124551112Z,2026-02-24T14:56:49.965291119Z,1,1,42670705,T,A,0,1.150000000,3,0,22382,465217990,1.150000000,1.200000000,3,322,1,5,ESH6 C7325
2026-02-24T14:56:50.942338584Z,2026-02-24T14:56:50.781325571Z,1,1,42427508,T,A,0,17.400000000,3,0,16721,465235451,17.400000000,17.500000000,3,34,1,1,ESH6 C7100
2026-02-24T14:56:51.649911429Z,2026-02-24T14:56:51.617167265Z,1,1,42874358,T,A,0,3.750000000,4,0,13274,465252511,3.750000000,3.800000000,4,33,1,3,ESH6 C7220
2026-02-24T14:56:52.541080106Z,2026-02-24T14:56:52.527394521Z,1,1,42430464,T,A,0,4.850000000,6,0,13660,465263374,4.850000000,4.900000000,6,59,1,4,ESH6 C7200
2026-02-24T14:56:54.142065877Z,2026-02-24T14:56:54.050139209Z,1,1,42430464,T,A,0,4.850000000,6,0,11760,465286302,4.850000000,4.900000000,6,55,1,3,ESH6 C7200
2026-02-24T14:56:55.054835399Z,2026-02-24T14:56:55.054296193Z,1,1,42430464,T,A,0,4.850000000,6,0,14837,465302228,4.850000000,4.900000000,6,55,1,3,ESH6 C7200
2026-02-24T14:56:55.835917619Z,2026-02-24T14:56:55.831651749Z,1,1,42874358,T,A,0,3.750000000,4,0,10527,465317838,3.750000000,3.800000000,4,36,1,3,ESH6 C7220
2026-02-24T14:56:56.491634166Z,2026-02-24T14:56:56.451035789Z,1,1,42431937,T,A,0,1.450000000,6,0,16178,465330547,1.450000000,1.550000000,6,1021,1,11,ESH6 C7300
2026-02-24T14:56:57.576296003Z,2026-02-24T14:56:57.464585853Z,1,1,42431937,T,A,0,1.450000000,6,0,13921,465348764,1.450000000,1.550000000,6,967,1,11,ESH6 C7300
2026-02-24T14:56:58.449282981Z,2026-02-24T14:56:58.447572245Z,1,1,42430464,T,A,0,4.850000000,6,0,14688,465364516,4.850000000,4.900000000,6,62,1,4,ESH6 C7200
2026-02-24T14:56:59.440733751Z,2026-02-24T14:56:59.421767161Z,1,1,42430464,T,A,0,4.850000000,6,0,14910,465377849,4.850000000,4.900000000,6,112,1,5,ESH6 C7200
2026-02-24T14:57:00.987602626Z,2026-02-24T14:57:00.932468593Z,1,1,42857655,T,A,0,2.900000000,4,0,16619,465408991,2.900000000,2.950000000,4,180,1,4,ESH6 C7240
2026-02-24T14:57:02.586883437Z,2026-02-24T14:57:02.279131407Z,1,1,42430464,T,A,0,4.800000000,6,0,14641,465434058,4.800000000,4.900000000,6,326,1,8,ESH6 C7200
2026-02-24T14:57:03.923478399Z,2026-02-24T14:57:03.852638633Z,1,1,42896848,T,A,0,11.900000000,5,0,25462,465458553,11.900000000,12.100000000,19,35,4,3,ESH6 C7130
2026-02-24T14:57:04.151852464Z,2026-02-24T14:57:04.128787483Z,1,1,42430464,T,A,0,4.800000000,6,0,14756,465463833,4.800000000,4.900000000,6,325,1,8,ESH6 C7200
2026-02-24T14:57:04.673172619Z,2026-02-24T14:57:04.672174681Z,1,1,42874358,T,A,0,3.700000000,4,0,13097,465475755,3.700000000,3.800000000,4,317,1,7,ESH6 C7220
2026-02-24T14:57:05.342267298Z,2026-02-24T14:57:05.258757473Z,1,1,42857655,T,A,0,2.900000000,4,0,14887,465486207,2.900000000,2.950000000,4,239,1,5,ESH6 C7240
2026-02-24T14:57:05.742368133Z,2026-02-24T14:57:05.625274845Z,1,1,42895804,T,B,0,21.750000000,4,0,21590,465493386,21.500000000,21.750000000,94,4,4,1,ESH6 C7080
2026-02-24T14:57:05.875801024Z,2026-02-24T14:57:05.875067441Z,1,1,42874359,T,A,0,5.500000000,5,0,13369,465496972,5.500000000,5.600000000,5,198,1,7,ESH6 C7190
2026-02-24T14:57:06.181109541Z,2026-02-24T14:57:06.135552981Z,1,1,42608051,T,B,0,23.000000000,13,0,11565,465500996,22.750000000,23.000000000,129,13,4,1,ESH6 C7075
2026-02-24T14:57:07.013884288Z,2026-02-24T14:57:07.002744787Z,1,1,42430464,T,A,0,4.850000000,6,0,13518,465519502,4.850000000,4.900000000,6,300,1,7,ESH6 C7200
2026-02-24T14:57:08.696285872Z,2026-02-24T14:57:08.533072261Z,1,1,42397940,T,B,0,26.500000000,3,0,13146,465553475,26.000000000,26.500000000,265,211,11,8,ESH6 P6350
2026-02-24T14:57:10.501942261Z,2026-02-24T14:57:10.466372061Z,1,1,42874358,T,A,0,3.750000000,4,0,14393,465586103,3.750000000,3.800000000,4,33,1,3,ESH6 C7220
2026-02-24T14:57:14.201173653Z,2026-02-24T14:57:13.697941191Z,1,1,2550644,T,B,0,156.000000000,1,0,13291,157069512,155.500000000,156.000000000,97,1,2,1,UD:1V: VT 2550644
2026-02-24T14:57:14.509594778Z,2026-02-24T14:57:14.076280921Z,1,1,42895804,T,A,0,22.000000000,4,0,22214,465659492,22.000000000,22.250000000,4,147,1,7,ESH6 C7080
2026-02-24T14:57:18.461944211Z,2026-02-24T14:57:17.863506995Z,1,1,42896847,T,A,0,40.500000000,4,0,15971,465734174,40.500000000,40.750000000,4,57,1,3,ESH6 C7020
2026-02-24T14:57:18.919159435Z,2026-02-24T14:57:18.416021759Z,1,1,42397940,T,B,0,26.250000000,3,0,12719,465743403,25.750000000,26.250000000,182,80,9,5,ESH6 P6350
2026-02-24T14:57:19.462369374Z,2026-02-24T14:57:19.261540539Z,1,1,42874359,T,A,0,5.600000000,5,0,19166,465756082,5.600000000,5.700000000,5,189,1,5,ESH6 C7190
2026-02-24T14:57:19.995637120Z,2026-02-24T14:57:19.901436721Z,1,1,42397940,T,B,0,26.250000000,3,0,14971,465768994,25.750000000,26.250000000,239,122,9,7,ESH6 P6350
2026-02-24T14:57:20.269396517Z,2026-02-24T14:57:20.045613341Z,1,1,42566722,T,A,0,113.500000000,6,0,17260,465774703,113.500000000,114.000000000,6,54,1,6,ESH6 C6875
2026-02-24T14:57:21.014015221Z,2026-02-24T14:57:20.944758231Z,1,1,42430464,T,A,0,4.900000000,6,0,16837,465791240,4.900000000,4.950000000,6,374,1,7,ESH6 C7200
2026-02-24T14:57:21.188488170Z,2026-02-24T14:57:21.027483617Z,1,1,42397940,T,A,0,26.000000000,3,0,11598,465794241,26.000000000,26.250000000,3,143,1,7,ESH6 P6350
2026-02-24T14:57:21.713700363Z,2026-02-24T14:57:21.699998061Z,1,1,42874359,T,A,0,5.600000000,2,0,11355,465807012,5.600000000,5.700000000,2,193,1,6,ESH6 C7190
2026-02-24T14:57:22.234961037Z,2026-02-24T14:57:22.234444755Z,1,1,42430464,T,A,0,4.900000000,3,0,20415,465815757,4.900000000,4.950000000,3,209,1,5,ESH6 C7200
2026-02-24T14:57:24.203211693Z,2026-02-24T14:57:23.560199693Z,1,1,42896849,T,A,0,33.750000000,4,0,11612,465849315,33.750000000,34.000000000,4,48,1,3,ESH6 C7040
2026-02-24T14:57:25.834329279Z,2026-02-24T14:57:24.747592733Z,1,1,42426741,T,A,0,40.250000000,1,0,18115,465870174,40.250000000,40.750000000,1,37,1,3,ESH6 P6500
2026-02-24T14:57:26.548996464Z,2026-02-24T14:57:25.767446283Z,1,1,42670704,T,A,0,1.950000000,3,0,14272,465883074,1.950000000,2.000000000,3,294,1,5,ESH6 C7275
2026-02-24T14:57:26.829560183Z,2026-02-24T14:57:26.128126533Z,1,1,42347631,T,A,0,19.200000000,4,0,15651,465888349,19.200000000,19.500000000,4,228,1,7,ESH6 P6250
2026-02-24T14:57:28.119844138Z,2026-02-24T14:57:27.221677173Z,1,1,42894577,T,A,0,150.500000000,4,0,20026,465912388,150.500000000,151.000000000,4,36,1,2,ESH6 C6820
2026-02-24T14:57:28.944416714Z,2026-02-24T14:57:28.160285541Z,1,1,42397940,T,A,0,25.750000000,4,0,11217,465928436,25.750000000,26.000000000,4,56,1,3,ESH6 P6350
2026-02-24T14:57:29.510635059Z,2026-02-24T14:57:28.971587041Z,1,1,42429064,T,A,0,115.000000000,3,0,20480,465940585,115.000000000,115.500000000,3,97,1,9,ESH6 P6850
2026-02-24T14:57:29.829926464Z,2026-02-24T14:57:29.154845545Z,1,1,792621,T,B,0,18.000000000,9,0,11463,465947263,17.600000000,18.000000000,242,110,3,1,ESZ6 C8500
2026-02-24T14:57:33.090333860Z,2026-02-24T14:57:32.199272375Z,1,1,42347631,T,A,0,19.300000000,3,0,20714,466013176,19.300000000,19.700000000,225,41,8,2,ESH6 P6250
2026-02-24T14:57:33.701319751Z,2026-02-24T14:57:32.936570617Z,1,1,42894579,T,A,0,36.750000000,2,0,17243,466024839,36.750000000,37.000000000,2,2,1,2,ESH6 C7030
2026-02-24T14:57:35.697075707Z,2026-02-24T14:57:34.908637041Z,1,1,42886163,T,A,0,3.300000000,2,0,12921,466059302,3.300000000,3.350000000,2,223,1,4,ESH6 C7230
2026-02-24T14:57:37.214426823Z,2026-02-24T14:57:36.514024521Z,1,1,42429011,T,A,0,98.000000000,3,0,17308,466085021,98.000000000,98.250000000,3,29,1,2,ESH6 C6900
2026-02-24T14:57:38.106279360Z,2026-02-24T14:57:37.122402957Z,1,1,42426741,T,B,0,41.250000000,1,0,13358,466099919,41.000000000,41.250000000,32,1,1,1,ESH6 P6500
2026-02-24T14:57:42.217404069Z,2026-02-24T14:57:41.928092261Z,1,1,42874358,T,A,0,3.750000000,4,0,16936,466172583,3.750000000,3.800000000,4,4,1,1,ESH6 C7220
2026-02-24T14:57:42.915171826Z,2026-02-24T14:57:42.810093939Z,1,1,42886163,T,A,0,3.300000000,2,0,19457,466186196,3.300000000,3.350000000,2,166,1,3,ESH6 C7230
2026-02-24T14:57:43.553738363Z,2026-02-24T14:57:43.552815419Z,1,1,42430464,T,A,0,4.850000000,3,0,15369,466195732,4.850000000,4.900000000,3,119,1,4,ESH6 C7200
2026-02-24T14:57:44.693833816Z,2026-02-24T14:57:44.673062493Z,1,1,42347631,T,B,0,19.700000000,3,0,13256,466213861,19.600000000,19.700000000,184,3,7,1,ESH6 P6250
2026-02-24T14:57:47.033075971Z,2026-02-24T14:57:47.006062071Z,1,1,42886163,T,A,0,3.300000000,2,0,13535,466251068,3.300000000,3.350000000,2,144,1,2,ESH6 C7230
2026-02-24T14:57:47.700435975Z,2026-02-24T14:57:47.649259427Z,1,1,42430464,T,A,0,4.850000000,3,0,13110,466264144,4.850000000,4.900000000,3,249,1,5,ESH6 C7200
2026-02-24T14:57:48.799957851Z,2026-02-24T14:57:48.642812887Z,1,1,42430464,T,A,0,4.850000000,3,0,18364,466278218,4.850000000,4.900000000,3,224,1,4,ESH6 C7200
2026-02-24T14:57:50.144585792Z,2026-02-24T14:57:50.092668247Z,1,1,42886163,T,A,0,3.300000000,2,0,16925,466304961,3.300000000,3.350000000,2,155,1,3,ESH6 C7230
2026-02-24T14:57:50.668137285Z,2026-02-24T14:57:50.666988449Z,1,1,42430464,T,A,0,4.850000000,3,0,13186,466314067,4.850000000,4.900000000,3,302,1,6,ESH6 C7200
2026-02-24T14:57:53.498388976Z,2026-02-24T14:57:53.440710867Z,1,1,42394731,T,B,0,25.500000000,1,0,17106,466352011,25.250000000,25.500000000,330,36,4,2,ESM6 P5000
2026-02-24T14:57:55.586031443Z,2026-02-24T14:57:55.537905923Z,1,1,42430464,T,A,0,4.850000000,3,0,14956,466375484,4.850000000,4.900000000,3,281,1,6,ESH6 C7200
2026-02-24T14:57:56.480943560Z,2026-02-24T14:57:56.445620635Z,1,1,42430464,T,A,0,4.850000000,3,0,15059,466386088,4.850000000,4.900000000,3,281,1,6,ESH6 C7200
2026-02-24T14:57:57.073159863Z,2026-02-24T14:57:57.058301211Z,1,1,42857655,T,A,0,2.900000000,4,0,12999,466396507,2.900000000,2.950000000,4,183,1,4,ESH6 C7240
2026-02-24T14:57:57.603756763Z,2026-02-24T14:57:57.603225557Z,1,1,42874357,T,A,0,4.250000000,2,0,11635,466400707,4.250000000,4.300000000,2,200,1,5,ESH6 C7210
2026-02-24T14:57:58.600908954Z,2026-02-24T14:57:58.451877055Z,1,1,42894579,T,A,0,36.250000000,2,0,13916,466419820,36.250000000,36.500000000,2,64,1,5,ESH6 C7030
2026-02-24T14:58:00.318292295Z,2026-02-24T14:58:00.311085815Z,1,1,42874359,T,A,0,5.500000000,2,0,11363,466442545,5.500000000,5.600000000,2,203,1,7,ESH6 C7190
2026-02-24T14:58:01.071963151Z,2026-02-24T14:58:01.062583189Z,1,1,42874359,T,A,0,5.500000000,2,0,14532,466452873,5.500000000,5.600000000,2,203,1,7,ESH6 C7190
2026-02-24T14:58:01.780055929Z,2026-02-24T14:58:01.764562171Z,1,1,42895789,T,A,0,24.250000000,2,0,13368,466463980,24.250000000,24.500000000,2,143,1,8,ESH6 C7070
2026-02-24T14:58:02.307159170Z,2026-02-24T14:58:02.305933353Z,1,1,42430464,T,A,0,4.850000000,3,0,13991,466472787,4.850000000,4.900000000,3,281,1,6,ESH6 C7200
2026-02-24T14:58:02.940132080Z,2026-02-24T14:58:02.939613363Z,1,1,42430464,T,A,0,4.850000000,3,0,14533,466477758,4.850000000,4.900000000,3,230,1,5,ESH6 C7200
2026-02-24T14:58:04.260944653Z,2026-02-24T14:58:04.117082821Z,1,1,42874359,T,A,0,5.500000000,2,0,14004,466499675,5.500000000,5.600000000,2,145,1,5,ESH6 C7190
2026-02-24T14:58:05.607918645Z,2026-02-24T14:58:05.607393987Z,1,1,42886163,T,A,0,3.300000000,2,0,14744,466519118,3.300000000,3.350000000,2,36,1,3,ESH6 C7230
2026-02-24T14:58:06.619177304Z,2026-02-24T14:58:06.618585197Z,1,1,42430464,T,A,0,4.850000000,3,0,14077,466531924,4.850000000,4.900000000,3,121,1,4,ESH6 C7200
2026-02-24T14:58:07.433539248Z,2026-02-24T14:58:07.280682705Z,1,1,42643322,T,A,0,108.500000000,3,0,14250,466545264,108.500000000,109.000000000,3,106,1,10,ESH6 P6825
2026-02-24T14:58:08.530897944Z,2026-02-24T14:58:08.209447363Z,1,1,42378592,T,A,0,147.000000000,1,0,13758,466565245,147.000000000,147.500000000,1,100,1,7,ESM6 P6500
2026-02-24T14:58:08.987655703Z,2026-02-24T14:58:08.511747371Z,1,1,42643322,T,A,0,108.000000000,3,0,19836,466573346,108.000000000,108.500000000,3,101,1,8,ESH6 P6825
2026-02-24T14:58:10.624985954Z,2026-02-24T14:58:10.418215699Z,1,1,42914938,T,A,0,2.300000000,4,0,12095,466604505,2.300000000,2.350000000,4,211,1,5,ESH6 C7260
2026-02-24T14:58:11.820079978Z,2026-02-24T14:58:11.704658783Z,1,1,42499828,T,A,0,9.400000000,3,0,13114,466627643,9.400000000,9.500000000,3,197,1,7,ESH6 C7150
2026-02-24T14:58:13.220550048Z,2026-02-24T14:58:13.102515503Z,1,1,42887172,T,A,0,7.200000000,2,0,17725,466642575,7.200000000,7.300000000,2,146,1,5,ESH6 C7170
2026-02-24T14:58:14.237168376Z,2026-02-24T14:58:14.042264579Z,1,1,42886163,T,A,0,3.300000000,2,0,11357,466660643,3.300000000,3.350000000,2,44,1,4,ESH6 C7230
2026-02-24T14:58:14.893017863Z,2026-02-24T14:58:14.837024001Z,1,1,42430464,T,A,0,4.850000000,3,0,13161,466674026,4.850000000,4.900000000,3,211,1,5,ESH6 C7200
2026-02-24T14:58:15.433619442Z,2026-02-24T14:58:15.429267823Z,1,1,42865924,T,A,0,19.400000000,2,0,15857,466679686,19.400000000,19.500000000,2,1,1,1,ESH6 C7090
2026-02-24T14:58:15.976618295Z,2026-02-24T14:58:15.960257577Z,1,1,42887172,T,A,0,7.200000000,2,0,18124,466686154,7.200000000,7.300000000,2,183,1,7,ESH6 C7170
2026-02-24T14:58:16.497986058Z,2026-02-24T14:58:16.497070705Z,1,1,42887182,T,A,0,6.300000000,4,0,14448,466693187,6.300000000,6.400000000,4,146,1,6,ESH6 C7180
2026-02-24T14:58:17.260045949Z,2026-02-24T14:58:17.228126461Z,1,1,42430464,T,A,0,4.850000000,3,0,18186,466704964,4.850000000,4.900000000,3,162,1,4,ESH6 C7200
2026-02-24T14:58:18.375721986Z,2026-02-24T14:58:18.320836355Z,1,1,42887172,T,A,0,7.200000000,2,0,17447,466717979,7.200000000,7.300000000,2,182,1,7,ESH6 C7170
2026-02-24T14:58:18.896844927Z,2026-02-24T14:58:18.895737549Z,1,1,42874358,T,A,0,3.750000000,4,0,14534,466727164,3.750000000,3.800000000,4,8,1,2,ESH6 C7220
2026-02-24T14:58:19.425653525Z,2026-02-24T14:58:19.424839335Z,1,1,42430464,T,A,0,4.850000000,3,0,14243,466732355,4.850000000,4.900000000,3,214,1,5,ESH6 C7200
2026-02-24T14:58:19.946566002Z,2026-02-24T14:58:19.945980607Z,1,1,42914938,T,A,0,2.300000000,4,0,13887,466738826,2.300000000,2.350000000,4,211,1,5,ESH6 C7260
2026-02-24T14:58:20.640733631Z,2026-02-24T14:58:20.627355763Z,1,1,42430464,T,A,0,4.850000000,3,0,15032,466749023,4.850000000,4.900000000,3,214,1,5,ESH6 C7200
2026-02-24T14:58:21.161701026Z,2026-02-24T14:58:21.160641175Z,1,1,42874358,T,A,0,3.750000000,4,0,18630,466757155,3.750000000,3.800000000,4,33,1,3,ESH6 C7220
2026-02-24T14:58:34.233900675Z,2026-02-24T14:58:34.228676317Z,1,1,42397940,T,A,0,26.500000000,3,0,13108,466895861,26.500000000,26.750000000,3,289,1,12,ESH6 P6350
2026-02-24T14:58:35.344338850Z,2026-02-24T14:58:35.223397877Z,1,1,42429064,T,B,0,117.500000000,1,0,13800,466904280,116.500000000,117.500000000,74,4,7,1,ESH6 P6850
2026-02-24T14:58:57.256744703Z,2026-02-24T14:58:57.249646433Z,1,1,42598890,T,B,0,51.250000000,34,0,21377,467194997,50.500000000,51.250000000,112,34,2,1,ESU6 C7750
2026-02-24T14:58:57.424385727Z,2026-02-24T14:58:57.383728401Z,1,1,42483456,T,B,0,29.500000000,8,0,21462,467196632,29.000000000,29.500000000,107,11,7,1,ESH6 C7050
2026-02-24T14:58:58.147171177Z,2026-02-24T14:58:58.114891741Z,1,1,42857655,T,A,0,2.900000000,4,0,14527,467206706,2.900000000,2.950000000,4,284,1,5,ESH6 C7240
2026-02-24T14:58:58.668864771Z,2026-02-24T14:58:58.668335023Z,1,1,42887182,T,A,0,6.200000000,4,0,14242,467208888,6.200000000,6.300000000,4,179,1,5,ESH6 C7180
2026-02-24T14:58:59.328859602Z,2026-02-24T14:58:59.276757041Z,1,1,42608052,T,A,0,3.500000000,3,0,15244,467217520,3.500000000,3.550000000,3,459,1,7,ESH6 C7225
2026-02-24T14:58:59.849349101Z,2026-02-24T14:58:59.848632009Z,1,1,42874358,T,A,0,3.700000000,4,0,16934,467224004,3.700000000,3.750000000,4,4,1,1,ESH6 C7220
2026-02-24T14:59:00.731936351Z,2026-02-24T14:59:00.700126801Z,1,1,42430464,T,A,0,4.800000000,3,0,14507,467238467,4.800000000,4.850000000,3,164,1,5,ESH6 C7200
2026-02-24T14:59:01.321816530Z,2026-02-24T14:59:01.310110061Z,1,1,42857655,T,A,0,2.900000000,4,0,11553,467246347,2.900000000,2.950000000,4,229,1,4,ESH6 C7240
2026-02-24T14:59:01.841417061Z,2026-02-24T14:59:01.840659885Z,1,1,42887182,T,A,0,6.200000000,4,0,15158,467250883,6.200000000,6.300000000,4,147,1,4,ESH6 C7180
2026-02-24T14:59:01.922219991Z,2026-02-24T14:59:01.921883685Z,1,1,42347631,T,B,0,20.000000000,1,0,13777,467252026,19.900000000,20.000000000,126,1,5,1,ESH6 P6250
2026-02-24T14:59:02.383350091Z,2026-02-24T14:59:02.362308941Z,1,1,42874357,T,A,0,4.200000000,2,0,15049,467256955,4.200000000,4.300000000,2,155,1,4,ESH6 C7210
2026-02-24T14:59:03.010973331Z,2026-02-24T14:59:02.958833249Z,1,1,42874358,T,A,0,3.700000000,4,0,13768,467265067,3.700000000,3.750000000,4,4,1,1,ESH6 C7220
2026-02-24T14:59:03.530519714Z,2026-02-24T14:59:03.530053077Z,1,1,42857655,T,A,0,2.900000000,4,0,12859,467269365,2.900000000,2.950000000,4,176,1,3,ESH6 C7240
2026-02-24T14:59:04.126855181Z,2026-02-24T14:59:04.126230943Z,1,1,42874358,T,A,0,3.700000000,4,0,13476,467279365,3.700000000,3.750000000,4,4,1,1,ESH6 C7220
2026-02-24T14:59:04.648126888Z,2026-02-24T14:59:04.647469313Z,1,1,42887182,T,A,0,6.200000000,4,0,13307,467287810,6.200000000,6.300000000,4,147,1,4,ESH6 C7180
2026-02-24T14:59:05.228765074Z,2026-02-24T14:59:05.213041251Z,1,1,42874358,T,A,0,3.700000000,4,0,14390,467293864,3.700000000,3.750000000,4,57,1,2,ESH6 C7220
2026-02-24T14:59:05.749814869Z,2026-02-24T14:59:05.749213259Z,1,1,42865924,T,A,0,19.000000000,2,0,14756,467298091,19.000000000,19.100000000,2,33,1,1,ESH6 C7090
2026-02-24T14:59:06.290859975Z,2026-02-24T14:59:06.286934739Z,1,1,42895788,T,A,0,26.500000000,4,0,12054,467305482,26.500000000,26.750000000,4,90,1,7,ESH6 C7060
2026-02-24T14:59:06.979566555Z,2026-02-24T14:59:06.944616463Z,1,1,42430464,T,A,0,4.800000000,3,0,13519,467318627,4.800000000,4.850000000,3,139,1,4,ESH6 C7200
2026-02-24T14:59:07.519929776Z,2026-02-24T14:59:07.518309617Z,1,1,42857655,T,A,0,2.900000000,4,0,15132,467326287,2.900000000,2.950000000,4,211,1,4,ESH6 C7240
2026-02-24T14:59:08.051097464Z,2026-02-24T14:59:08.050468093Z,1,1,42887172,T,A,0,7.100000000,2,0,14562,467329508,7.100000000,7.200000000,2,175,1,6,ESH6 C7170
2026-02-24T14:59:08.855935106Z,2026-02-24T14:59:08.786309907Z,1,1,42887182,T,A,0,6.200000000,4,0,11748,467339776,6.200000000,6.300000000,4,159,1,5,ESH6 C7180
2026-02-24T14:59:09.429906179Z,2026-02-24T14:59:09.420503603Z,1,1,42874358,T,A,0,3.700000000,4,0,13436,467347385,3.700000000,3.750000000,4,33,1,3,ESH6 C7220
2026-02-24T14:59:09.975589866Z,2026-02-24T14:59:09.970440069Z,1,1,42874359,T,A,0,5.400000000,2,0,15642,467354567,5.400000000,5.600000000,2,288,1,8,ESH6 C7190
2026-02-24T14:59:10.496934256Z,2026-02-24T14:59:10.496274599Z,1,1,42427508,T,A,0,16.900000000,3,0,11920,467361257,16.900000000,17.000000000,3,73,1,4,ESH6 C7100
2026-02-24T14:59:10.573110485Z,2026-02-24T14:59:10.525590919Z,1,1,2542174,T,A,0,19.100000000,1,0,12629,157735975,19.100000000,19.200000000,1,1051,1,9,UD:1V: VT 2542174
2026-02-24T14:59:10.762317109Z,2026-02-24T14:59:10.530279111Z,1,1,42426741,T,B,0,42.250000000,1,0,15660,467365759,42.000000000,42.250000000,62,1,2,1,ESH6 P6500
2026-02-24T14:59:11.361423077Z,2026-02-24T14:59:11.279345227Z,1,1,42865926,T,A,0,8.000000000,4,0,18169,467377309,8.000000000,8.100000000,4,137,1,4,ESH6 C7160
2026-02-24T14:59:12.218581386Z,2026-02-24T14:59:12.092028167Z,1,1,42874359,T,A,0,5.400000000,2,0,14592,467388887,5.400000000,5.500000000,2,189,1,6,ESH6 C7190
2026-02-24T14:59:12.960214258Z,2026-02-24T14:59:12.839772097Z,1,1,42887172,T,A,0,7.000000000,2,0,13628,467398096,7.000000000,7.100000000,2,148,1,5,ESH6 C7170
2026-02-24T14:59:13.541958757Z,2026-02-24T14:59:13.521194509Z,1,1,42886163,T,A,0,3.250000000,2,0,13329,467407678,3.250000000,3.350000000,2,282,1,8,ESH6 C7230
2026-02-24T14:59:14.077714342Z,2026-02-24T14:59:14.073006113Z,1,1,42608052,T,A,0,3.450000000,1,0,15438,467413458,3.450000000,3.550000000,3,496,1,11,ESH6 C7225
2026-02-24T14:59:14.077959743Z,2026-02-24T14:59:14.073018785Z,1,1,42430464,T,A,0,4.750000000,3,0,11682,467413460,4.750000000,4.850000000,3,443,1,10,ESH6 C7200
2026-02-24T14:59:14.598797247Z,2026-02-24T14:59:14.598220551Z,1,1,42608050,T,A,0,57.250000000,3,0,14156,467421076,57.250000000,57.500000000,3,48,1,4,ESH6 C6975
2026-02-24T14:59:14.980490187Z,2026-02-24T14:59:14.896505849Z,1,1,2541788,T,B,0,17.500000000,24,0,16265,157765397,17.400000000,17.500000000,394,24,4,1,UD:1V: VT 2541788
2026-02-24T14:59:15.271461506Z,2026-02-24T14:59:15.228773439Z,1,1,42887182,T,A,0,6.200000000,4,0,15207,467434487,6.200000000,6.300000000,4,207,1,6,ESH6 C7180
2026-02-24T14:59:15.791097135Z,2026-02-24T14:59:15.790667729Z,1,1,42857655,T,A,0,2.900000000,4,0,13370,467437969,2.900000000,2.950000000,4,195,1,5,ESH6 C7240
2026-02-24T14:59:17.414792600Z,2026-02-24T14:59:17.364134525Z,1,1,42566722,T,B,0,111.500000000,4,0,11706,467457578,111.000000000,111.500000000,26,4,6,1,ESH6 C6875
2026-02-24T14:59:17.419854205Z,2026-02-24T14:59:17.366127825Z,1,1,42895796,T,B,0,108.500000000,4,0,11335,467457704,107.500000000,108.500000000,40,4,7,1,ESH6 C6880
2026-02-24T14:59:17.421496122Z,2026-02-24T14:59:17.366130685Z,1,1,42608050,T,B,0,57.750000000,4,0,11561,467457737,57.250000000,57.750000000,45,4,4,1,ESH6 C6975
2026-02-24T14:59:17.424731346Z,2026-02-24T14:59:17.366144863Z,1,1,42874360,T,B,0,91.000000000,1,0,11766,467457814,90.750000000,91.000000000,20,1,1,1,ESH6 P6760
2026-02-24T14:59:17.459423282Z,2026-02-24T14:59:17.400320891Z,1,1,42429011,T,B,0,96.750000000,13,0,11462,467458661,96.250000000,96.750000000,13,13,1,1,ESH6 C6900
2026-02-24T14:59:17.644031439Z,2026-02-24T14:59:17.580153597Z,1,1,2550139,T,B,0,59.250000000,15,0,18510,157779792,59.000000000,59.250000000,98,15,3,1,UD:1V: IC 2550139
2026-02-24T14:59:17.966166875Z,2026-02-24T14:59:17.925330635Z,1,1,2550771,T,B,0,6.000000000,4,0,14115,157782017,5.900000000,6.000000000,331,4,3,1,UD:1V: VT 2550771
2026-02-24T14:59:18.006898758Z,2026-02-24T14:59:17.925888653Z,1,1,2541788,T,B,0,17.600000000,24,0,16397,157782249,17.500000000,17.600000000,152,24,3,2,UD:1V: VT 2541788
2026-02-24T14:59:18.410241757Z,2026-02-24T14:59:18.405411433Z,1,1,42865924,T,A,0,19.100000000,2,0,14652,467474899,19.100000000,19.300000000,2,47,1,2,ESH6 C7090
2026-02-24T14:59:18.483392242Z,2026-02-24T14:59:18.469446291Z,1,1,42347631,T,A,0,20.000000000,38,0,11488,467475515,20.000000000,20.250000000,51,143,1,5,ESH6 P6250
2026-02-24T14:59:18.486986774Z,2026-02-24T14:59:18.469535297Z,1,1,42347631,T,A,0,20.000000000,7,0,14918,467475603,20.000000000,20.250000000,13,129,1,4,ESH6 P6250
2026-02-24T14:59:18.927427042Z,2026-02-24T14:59:18.606754993Z,1,1,42566722,T,B,0,112.000000000,1,0,15391,467483246,111.500000000,112.000000000,34,1,4,1,ESH6 C6875
2026-02-24T14:59:23.652681261Z,2026-02-24T14:59:23.522405563Z,1,1,2551371,T,B,0,17.000000000,1,0,16657,157817594,16.800000000,17.000000000,372,5,6,1,UD:1V: VT 2551371
2026-02-24T14:59:23.699301034Z,2026-02-24T14:59:23.568367383Z,1,1,2551371,T,B,0,17.000000000,1,0,12869,157817855,16.800000000,17.000000000,372,4,6,1,UD:1V: VT 2551371
2026-02-24T14:59:25.156146664Z,2026-02-24T14:59:25.155558199Z,1,1,2551371,T,B,0,17.000000000,3,0,14624,157825206,16.800000000,17.000000000,471,3,7,1,UD:1V: VT 2551371
2026-02-24T14:59:27.995763002Z,2026-02-24T14:59:27.994670763Z,1,1,42887172,T,A,0,7.200000000,2,0,13439,467604437,7.200000000,7.300000000,2,204,1,5,ESH6 C7170
2026-02-24T14:59:28.516178082Z,2026-02-24T14:59:28.515635335Z,1,1,42914938,T,A,0,2.300000000,4,0,14356,467608005,2.300000000,2.350000000,4,29,1,2,ESH6 C7260
2026-02-24T14:59:29.514202474Z,2026-02-24T14:59:29.267074729Z,1,1,42427508,T,A,0,17.300000000,3,0,13919,467619126,17.300000000,17.500000000,3,183,1,5,ESH6 C7100
2026-02-24T14:59:30.391252610Z,2026-02-24T14:59:30.172623313Z,1,1,42723512,T,A,0,144.500000000,3,0,15320,467632994,144.500000000,145.000000000,3,83,1,8,ESH6 C6825
2026-02-24T14:59:30.913812802Z,2026-02-24T14:59:30.913128195Z,1,1,42499828,T,A,0,9.300000000,3,0,14708,467639867,9.300000000,9.400000000,3,36,1,3,ESH6 C7150
2026-02-24T14:59:31.455140083Z,2026-02-24T14:59:31.447249527Z,1,1,42689130,T,A,0,83.250000000,3,0,14700,467644822,83.250000000,83.500000000,3,52,1,5,ESH6 C6925
2026-02-24T14:59:31.975771199Z,2026-02-24T14:59:31.975174879Z,1,1,42887172,T,A,0,7.200000000,2,0,13984,467647598,7.200000000,7.300000000,2,82,1,4,ESH6 C7170
2026-02-24T14:59:32.122102365Z,2026-02-24T14:59:32.121596311Z,1,1,42431945,T,A,0,101.500000000,10,0,15084,467649398,101.500000000,102.000000000,10,113,1,11,ESH6 P6800
2026-02-24T14:59:32.575537362Z,2026-02-24T14:59:32.197045279Z,1,1,2541788,T,A,0,17.600000000,12,0,16290,157861362,17.600000000,17.700000000,97,59,1,1,UD:1V: VT 2541788
2026-02-24T14:59:32.958328267Z,2026-02-24T14:59:32.781059905Z,1,1,42865924,T,A,0,19.300000000,2,0,14651,467665092,19.300000000,19.500000000,2,32,1,2,ESH6 C7090
2026-02-24T14:59:33.479611107Z,2026-02-24T14:59:33.478996983Z,1,1,42874359,T,A,0,5.500000000,2,0,14734,467674410,5.500000000,5.600000000,2,87,1,4,ESH6 C7190
2026-02-24T14:59:34.006410211Z,2026-02-24T14:59:34.004637527Z,1,1,42608050,T,A,0,58.000000000,3,0,18129,467680673,58.000000000,58.250000000,3,32,1,3,ESH6 C6975
2026-02-24T14:59:34.685427319Z,2026-02-24T14:59:34.632335217Z,1,1,42895788,T,A,0,26.750000000,4,0,14898,467692048,26.750000000,27.000000000,4,1,1,1,ESH6 C7060
2026-02-24T14:59:35.328488867Z,2026-02-24T14:59:35.327922821Z,1,1,42874358,T,A,0,3.750000000,4,0,14743,467701283,3.750000000,3.800000000,4,11,1,2,ESH6 C7220
2026-02-24T14:59:35.850961941Z,2026-02-24T14:59:35.849928331Z,1,1,42886163,T,A,0,3.300000000,2,0,14601,467704139,3.300000000,3.350000000,2,11,1,2,ESH6 C7230
2026-02-24T14:59:36.404952266Z,2026-02-24T14:59:36.404295949Z,1,1,42886163,T,A,0,3.300000000,2,0,14625,467707425,3.300000000,3.350000000,2,11,1,2,ESH6 C7230
2026-02-24T14:59:36.931634045Z,2026-02-24T14:59:36.930947901Z,1,1,42874357,T,A,0,4.250000000,2,0,15386,467711057,4.250000000,4.300000000,2,4,1,1,ESH6 C7210
2026-02-24T14:59:37.452064683Z,2026-02-24T14:59:37.451443043Z,1,1,42874358,T,A,0,3.750000000,4,0,14658,467716062,3.750000000,3.800000000,4,11,1,2,ESH6 C7220
2026-02-24T14:59:38.101029779Z,2026-02-24T14:59:38.096364521Z,1,1,42430464,T,A,0,4.850000000,3,0,14567,467720531,4.850000000,4.900000000,3,121,1,4,ESH6 C7200
2026-02-24T14:59:38.622722954Z,2026-02-24T14:59:38.621775029Z,1,1,42874358,T,A,0,3.750000000,4,0,14172,467723928,3.750000000,3.800000000,4,11,1,2,ESH6 C7220
2026-02-24T14:59:39.144128962Z,2026-02-24T14:59:39.143620509Z,1,1,42430464,T,A,0,4.850000000,3,0,11456,467726529,4.850000000,4.900000000,3,175,1,5,ESH6 C7200
2026-02-24T14:59:39.796715661Z,2026-02-24T14:59:39.796200709Z,1,1,42430464,T,A,0,4.850000000,3,0,17274,467735047,4.850000000,4.900000000,3,171,1,4,ESH6 C7200
2026-02-24T14:59:40.345337631Z,2026-02-24T14:59:40.344570459Z,1,1,42874358,T,A,0,3.750000000,4,0,13791,467739303,3.750000000,3.850000000,4,348,1,5,ESH6 C7220
2026-02-24T14:59:42.542914670Z,2026-02-24T14:59:42.524734763Z,1,1,42894584,T,A,0,107.500000000,4,0,11595,467757766,107.500000000,108.000000000,4,40,1,6,ESH6 P6820
2026-02-24T14:59:43.917039776Z,2026-02-24T14:59:43.902016413Z,1,1,42608052,T,A,0,3.550000000,3,0,13843,467773765,3.550000000,3.600000000,3,325,1,5,ESH6 C7225
2026-02-24T14:59:44.703705955Z,2026-02-24T14:59:44.703191045Z,1,1,42483456,T,A,0,29.750000000,3,0,16857,467781305,29.750000000,30.000000000,3,83,1,5,ESH6 C7050
2026-02-24T14:59:45.565114046Z,2026-02-24T14:59:45.326952691Z,1,1,42874357,T,A,0,4.300000000,2,0,14258,467793466,4.300000000,4.350000000,2,245,1,3,ESH6 C7210
2026-02-24T14:59:46.087169621Z,2026-02-24T14:59:46.086512673Z,1,1,42887189,T,A,0,43.500000000,2,0,14366,467798480,43.500000000,43.750000000,2,54,1,2,ESH6 C7010
2026-02-24T14:59:46.609344015Z,2026-02-24T14:59:46.608754025Z,1,1,42895789,T,A,0,24.250000000,2,0,13324,467800537,24.250000000,24.500000000,2,81,1,4,ESH6 C7070
2026-02-24T14:59:47.035299706Z,2026-02-24T14:59:47.003818081Z,1,1,42426741,T,A,0,41.250000000,1,0,15367,467803659,41.250000000,41.500000000,1,41,1,3,ESH6 P6500
2026-02-24T14:59:47.121034751Z,2026-02-24T14:59:47.120547501Z,1,1,42397940,T,B,0,26.500000000,3,0,14523,467804792,26.000000000,26.500000000,209,52,8,2,ESH6 P6350
2026-02-24T14:59:47.175725496Z,2026-02-24T14:59:47.174994001Z,1,1,42874358,T,A,0,3.800000000,4,0,11383,467805318,3.800000000,3.850000000,4,370,1,4,ESH6 C7220
2026-02-24T14:59:47.696401773Z,2026-02-24T14:59:47.695831969Z,1,1,42874357,T,A,0,4.300000000,2,0,16317,467807793,4.300000000,4.350000000,2,245,1,3,ESH6 C7210
2026-02-24T14:59:48.522157199Z,2026-02-24T14:59:48.379875655Z,1,1,42857655,T,A,0,2.950000000,4,0,11352,467821190,2.950000000,3.000000000,4,358,1,4,ESH6 C7240
2026-02-24T14:59:58.008746901Z,2026-02-24T14:59:58.008186201Z,1,1,42347631,T,B,0,19.700000000,3,0,13728,467875944,19.600000000,19.700000000,63,3,2,1,ESH6 P6250
2026-02-24T15:00:00.773506725Z,2026-02-24T15:00:00.772197481Z,1,1,42430453,T,B,0,17.300000000,1,0,20007,467894016,17.100000000,17.300000000,70,1,2,1,ESH6 P6200
2026-02-24T15:00:00.858083691Z,2026-02-24T15:00:00.804003541Z,1,1,42427501,T,B,0,187.000000000,1,0,11804,467895210,184.000000000,187.000000000,14,1,1,1,ESH6 P7000
2026-02-24T15:00:05.648193934Z,2026-02-24T15:00:05.403056341Z,1,1,42723579,T,B,0,173.500000000,1,0,13465,467928189,172.000000000,173.500000000,12,1,1,1,ESH6 P6975
2026-02-24T15:00:08.524111453Z,2026-02-24T15:00:08.498487905Z,1,1,42887191,T,B,0,125.500000000,7,0,14247,467949530,125.000000000,125.500000000,17,17,1,1,ESH6 P6870
2026-02-24T15:00:10.329891295Z,2026-02-24T15:00:10.197268309Z,1,1,42416106,T,A,0,40.500000000,2,0,13741,467968510,40.500000000,40.750000000,2,9,1,2,ESM6 C7450
2026-02-24T15:00:11.332276251Z,2026-02-24T15:00:11.005275195Z,1,1,42426741,T,B,0,42.250000000,1,0,13754,467985904,41.250000000,42.250000000,57,1,2,1,ESH6 P6500
2026-02-24T15:00:11.384457535Z,2026-02-24T15:00:11.014892493Z,1,1,42347631,T,B,0,20.250000000,3,0,11341,467986607,20.000000000,20.250000000,51,3,1,1,ESH6 P6250
2026-02-24T15:00:18.688103755Z,2026-02-24T15:00:18.673389135Z,1,1,42416106,T,A,0,40.500000000,2,0,23004,468084622,40.500000000,40.750000000,2,1,1,1,ESM6 C7450
2026-02-24T15:00:24.729379875Z,2026-02-24T15:00:24.728771261Z,1,1,3126314,T,A,0,6.700000000,3,0,15720,158057844,6.700000000,6.800000000,3,1566,1,7,UD:1V: VT 3126314
2026-02-24T15:00:32.724151522Z,2026-02-24T15:00:31.957249369Z,1,1,42426741,T,B,0,43.250000000,1,0,13669,468269675,42.000000000,43.250000000,30,1,1,1,ESH6 P6500
2026-02-24T15:00:33.904532586Z,2026-02-24T15:00:32.698927219Z,1,1,42429011,T,A,0,94.000000000,2,0,16543,468285694,94.000000000,94.500000000,2,12,1,2,ESH6 C6900
2026-02-24T15:00:34.630248691Z,2026-02-24T15:00:33.602132795Z,1,1,42431946,T,B,0,142.000000000,7,0,14159,468301043,140.500000000,142.000000000,8,20,1,1,ESH6 P6900
2026-02-24T15:00:34.631635395Z,2026-02-24T15:00:33.602370481Z,1,1,42431946,T,B,0,142.000000000,4,0,14081,468301062,140.500000000,142.000000000,8,13,1,1,ESH6 P6900
2026-02-24T15:00:34.632743504Z,2026-02-24T15:00:33.602468895Z,1,1,42431946,T,B,0,142.000000000,9,0,13773,468301083,140.500000000,142.000000000,8,9,1,1,ESH6 P6900
2026-02-24T15:00:34.644953874Z,2026-02-24T15:00:33.615122533Z,1,1,2544062,T,A,0,-8.700000000,8,0,13405,158122702,-8.700000000,-8.200000000,8,61,1,1,UD:1V: GN 2544062
2026-02-24T15:00:48.401132715Z,2026-02-24T15:00:48.150351651Z,1,1,42394731,T,B,0,26.000000000,1,0,11423,468545402,25.750000000,26.000000000,155,1,1,1,ESM6 P5000
2026-02-24T15:00:49.948115606Z,2026-02-24T15:00:49.592925929Z,1,1,42429064,T,A,0,123.000000000,3,0,14920,468573013,123.000000000,123.500000000,3,19,1,2,ESH6 P6850
2026-02-24T15:01:01.048363507Z,2026-02-24T15:01:00.678761943Z,1,1,42429064,T,A,0,122.000000000,1,0,11748,468774419,122.000000000,123.000000000,37,17,6,1,ESH6 P6850
2026-02-24T15:01:02.981257903Z,2026-02-24T15:01:02.726802605Z,1,1,42887178,T,B,0,52.500000000,4,0,15161,468813873,52.250000000,52.500000000,30,4,1,1,ESH6 P6560
2026-02-24T15:01:09.850066929Z,2026-02-24T15:01:09.717462775Z,1,1,42566737,T,B,0,54.750000000,4,0,16022,468933634,54.250000000,54.750000000,120,4,9,1,ESH6 P6575
2026-02-24T15:01:11.917962248Z,2026-02-24T15:01:11.814996775Z,1,1,42868334,T,B,0,118.000000000,3,0,11627,468975806,117.500000000,118.000000000,1,3,1,1,ESH6 C6860
2026-02-24T15:01:13.100828803Z,2026-02-24T15:01:12.998070259Z,1,1,42566737,T,B,0,54.500000000,4,0,16500,468998755,54.000000000,54.500000000,117,4,9,1,ESH6 P6575
2026-02-24T15:01:17.154298875Z,2026-02-24T15:01:17.153835123Z,1,1,42397940,T,B,0,28.250000000,3,0,13105,469065259,27.750000000,28.250000000,9,312,2,13,ESH6 P6350
2026-02-24T15:01:19.930694859Z,2026-02-24T15:01:19.849300383Z,1,1,42887178,T,B,0,52.250000000,4,0,11391,469109359,51.750000000,52.250000000,53,4,4,1,ESH6 P6560
2026-02-24T15:01:23.725658936Z,2026-02-24T15:01:23.725227165Z,1,1,42426739,T,A,0,5.000000000,1,0,14043,469164318,5.000000000,5.100000000,1,594,1,10,ESH6 P5600
2026-02-24T15:01:27.780177055Z,2026-02-24T15:01:27.644863165Z,1,1,42708161,T,B,0,42.750000000,4,0,11600,469222555,42.500000000,42.750000000,60,4,2,1,ESM6 P5475
2026-02-24T15:01:28.267145635Z,2026-02-24T15:01:27.934225021Z,1,1,42426741,T,B,0,44.000000000,4,0,13441,469232461,43.500000000,44.000000000,41,4,5,1,ESH6 P6500
2026-02-24T15:01:37.358710757Z,2026-02-24T15:01:37.142488759Z,1,1,42397940,T,A,0,28.000000000,3,0,14780,469385197,28.000000000,28.250000000,3,227,1,10,ESH6 P6350
2026-02-24T15:01:38.684845651Z,2026-02-24T15:01:38.665198591Z,1,1,2550644,T,B,0,153.500000000,1,0,13030,158555783,153.000000000,153.500000000,152,1,4,1,UD:1V: VT 2550644
2026-02-24T15:01:40.341424669Z,2026-02-24T15:01:40.249585455Z,1,1,42430464,T,A,0,4.600000000,1,0,16753,469435779,4.600000000,4.700000000,1,406,1,7,ESH6 C7200
2026-02-24T15:01:40.438772671Z,2026-02-24T15:01:40.411042407Z,1,1,42708161,T,B,0,42.750000000,11,0,17423,469438098,42.500000000,42.750000000,70,11,2,1,ESM6 P5475
2026-02-24T15:01:40.463306339Z,2026-02-24T15:01:40.411439141Z,1,1,2536507,T,B,0,23.250000000,2,0,14182,158564797,23.000000000,23.250000000,473,2,6,1,UD:1V: VT 2536507
2026-02-24T15:01:43.059648015Z,2026-02-24T15:01:42.445506729Z,1,1,42426741,T,A,0,43.000000000,1,0,11649,469487693,43.000000000,43.500000000,1,35,1,4,ESH6 P6500
2026-02-24T15:01:55.160802511Z,2026-02-24T15:01:54.886563351Z,1,1,42426741,T,A,0,42.250000000,1,0,14016,469717663,42.250000000,42.500000000,1,32,1,1,ESH6 P6500
2026-02-24T15:01:55.415325955Z,2026-02-24T15:01:55.249998323Z,1,1,2519132,T,B,0,6.200000000,3,0,11675,158677728,6.100000000,6.200000000,2081,3,8,1,UD:1V: VT 2519132
2026-02-24T15:02:02.400204098Z,2026-02-24T15:02:02.165040505Z,1,1,42431181,T,B,0,57.750000000,4,0,11579,469838573,57.500000000,57.750000000,28,4,1,1,ESH6 P6600
2026-02-24T15:02:07.179292295Z,2026-02-24T15:02:06.657422795Z,1,1,42426741,T,A,0,42.500000000,4,0,13439,469924238,42.500000000,42.750000000,4,14,1,1,ESH6 P6500
2026-02-24T15:02:25.598178773Z,2026-02-24T15:02:25.337267217Z,1,1,42378592,T,A,0,149.500000000,1,0,11166,470255413,149.500000000,150.000000000,1,76,1,7,ESM6 P6500
2026-02-24T15:02:50.528552587Z,2026-02-24T15:02:49.967608237Z,1,1,2529718,T,B,0,5.700000000,10,0,17612,159049135,5.600000000,5.700000000,639,10,6,1,UD:1V: VT 2529718
2026-02-24T15:02:55.636218608Z,2026-02-24T15:02:55.471536027Z,1,1,42764937,T,A,0,81.500000000,15,0,24334,470785541,81.500000000,82.000000000,19,57,3,7,ESH6 P6725
2026-02-24T15:02:55.643264736Z,2026-02-24T15:02:55.471536561Z,1,1,42430453,T,A,0,17.300000000,2,0,28117,470785601,17.300000000,17.500000000,4,238,1,7,ESH6 P6200
2026-02-24T15:02:56.746106592Z,2026-02-24T15:02:55.973487101Z,1,1,42426741,T,A,0,41.250000000,1,0,13465,470804582,41.250000000,41.750000000,1,8,1,3,ESH6 P6500
2026-02-24T15:02:57.927911850Z,2026-02-24T15:02:57.287180197Z,1,1,42483101,T,B,0,70.000000000,1,0,18756,470826626,69.500000000,70.000000000,45,1,5,1,ESH6 C6950
2026-02-24T15:03:01.088974941Z,2026-02-24T15:03:00.588018153Z,1,1,42895788,T,B,0,26.750000000,4,0,10828,470884436,26.500000000,26.750000000,25,4,1,1,ESH6 C7060
2026-02-24T15:03:06.748193909Z,2026-02-24T15:03:05.966281931Z,1,1,42499828,T,A,0,9.100000000,4,0,14938,470997751,9.100000000,9.300000000,4,101,1,3,ESH6 C7150
2026-02-24T15:03:08.598083996Z,2026-02-24T15:03:08.491658283Z,1,1,42431945,T,A,0,101.000000000,2,0,13182,471037219,101.000000000,102.000000000,126,36,11,5,ESH6 P6800
2026-02-24T15:03:13.293719226Z,2026-02-24T15:03:13.080981827Z,1,1,42394731,T,A,0,25.250000000,1,0,11329,471121173,25.250000000,25.750000000,411,416,5,6,ESM6 P5000
2026-02-24T15:03:13.857571675Z,2026-02-24T15:03:13.347167803Z,1,1,42347631,T,B,0,19.900000000,3,0,14790,471132028,19.800000000,19.900000000,51,3,1,1,ESH6 P6250
2026-02-24T15:03:38.434802259Z,2026-02-24T15:03:38.395503057Z,1,1,42886213,T,B,0,112.500000000,1,0,13051,471584146,112.000000000,112.500000000,1,1,1,1,ESH6 P6830
2026-02-24T15:03:38.555379183Z,2026-02-24T15:03:38.412609483Z,1,1,42426741,T,B,0,42.250000000,1,0,17802,471586645,41.750000000,42.250000000,159,1,10,1,ESH6 P6500
2026-02-24T15:03:38.555619574Z,2026-02-24T15:03:38.412609917Z,1,1,42868523,T,B,0,116.000000000,1,0,14122,471586647,115.500000000,116.000000000,1,1,1,1,ESH6 P6840
2026-02-24T15:03:40.470822103Z,2026-02-24T15:03:40.132629767Z,1,1,42894584,T,B,0,109.500000000,1,0,14349,471619067,109.000000000,109.500000000,18,1,2,1,ESH6 P6820
2026-02-24T15:03:41.314659245Z,2026-02-24T15:03:40.919364997Z,1,1,42886224,T,B,0,153.000000000,1,0,15052,471636862,152.500000000,153.000000000,1,1,1,1,ESH6 C6810
2026-02-24T15:03:41.964510232Z,2026-02-24T15:03:41.367724673Z,1,1,42894577,T,B,0,146.500000000,1,0,17862,471649166,146.000000000,146.500000000,1,1,1,1,ESH6 C6820
2026-02-24T15:03:50.365856074Z,2026-02-24T15:03:50.273801163Z,1,1,42431181,T,B,0,56.750000000,1,0,16358,471797364,56.500000000,56.750000000,15,1,1,1,ESH6 P6600
2026-02-24T15:04:04.676810239Z,2026-02-24T15:04:04.027337163Z,1,1,42894577,T,B,0,146.500000000,1,0,13558,472058417,146.000000000,146.500000000,1,1,1,1,ESH6 C6820
2026-02-24T15:04:10.801711144Z,2026-02-24T15:04:10.569204901Z,1,1,42764936,T,B,0,45.500000000,4,0,11878,472168289,45.250000000,45.500000000,17,4,1,1,ESH6 P6525
2026-02-24T15:04:11.689148692Z,2026-02-24T15:04:11.287346733Z,1,1,42887190,T,A,0,84.000000000,1,0,14852,472184354,84.000000000,84.500000000,1,5,1,3,ESH6 C6920
2026-02-24T15:04:11.691020544Z,2026-02-24T15:04:11.287421147Z,1,1,42689130,T,A,0,81.250000000,1,0,11540,472184356,81.250000000,81.750000000,15,14,2,1,ESH6 C6925
2026-02-24T15:04:11.719442451Z,2026-02-24T15:04:11.287741467Z,1,1,2551550,T,A,0,12.000000000,1,0,15311,159624024,12.000000000,12.100000000,1,132,1,1,UD:1V: VT 2551550
2026-02-24T15:04:11.724298204Z,2026-02-24T15:04:11.287758733Z,1,1,2914941,T,A,0,9.800000000,4,0,14310,159624026,9.800000000,9.900000000,47,260,1,2,UD:1V: VT 2914941
2026-02-24T15:04:11.889696586Z,2026-02-24T15:04:11.310894899Z,1,1,2551371,T,A,0,16.500000000,4,0,15789,159625251,16.500000000,16.600000000,15,67,1,1,UD:1V: VT 2551371
2026-02-24T15:04:11.954000995Z,2026-02-24T15:04:11.359450569Z,1,1,42865927,T,B,0,106.500000000,1,0,14301,472189681,105.500000000,106.500000000,2,1,2,1,ESH6 P6810
2026-02-24T15:04:12.040453829Z,2026-02-24T15:04:11.391301211Z,1,1,2784770,T,B,0,43.000000000,4,0,16255,159626278,42.750000000,43.000000000,31,4,1,1,UD:1V: VT 2784770
2026-02-24T15:04:12.076310816Z,2026-02-24T15:04:11.391747111Z,1,1,42431945,T,B,0,103.500000000,1,0,10488,472191613,103.000000000,103.500000000,16,1,2,1,ESH6 P6800
2026-02-24T15:04:13.898712579Z,2026-02-24T15:04:13.449478595Z,1,1,42764936,T,B,0,46.000000000,4,0,10446,472225923,45.750000000,46.000000000,31,4,1,1,ESH6 P6525
2026-02-24T15:04:16.988539439Z,2026-02-24T15:04:16.752444115Z,1,1,42764937,T,A,0,82.750000000,13,0,12123,472289842,82.750000000,83.000000000,13,22,1,1,ESH6 P6725
2026-02-24T15:04:20.921822475Z,2026-02-24T15:04:20.539381823Z,1,1,42887190,T,A,0,84.000000000,1,0,13890,472360591,84.000000000,84.500000000,18,18,1,1,ESH6 C6920
2026-02-24T15:04:21.281991767Z,2026-02-24T15:04:20.901786687Z,1,1,42868330,T,B,0,59.000000000,1,0,13349,472368334,58.750000000,59.000000000,72,1,7,1,ESH6 C6970
2026-02-24T15:04:26.310042505Z,2026-02-24T15:04:26.209961303Z,1,1,42887190,T,B,0,84.500000000,1,0,14109,472440847,84.250000000,84.500000000,19,1,2,1,ESH6 C6920
2026-02-24T15:04:30.181574971Z,2026-02-24T15:04:30.098279439Z,1,1,42868330,T,A,0,59.000000000,1,0,15866,472506069,59.000000000,59.750000000,1,44,1,6,ESH6 C6970
2026-02-24T15:04:30.246729663Z,2026-02-24T15:04:30.180911739Z,1,1,42887190,T,B,0,84.250000000,1,0,13559,472507690,84.000000000,84.250000000,68,1,5,1,ESH6 C6920
2026-02-24T15:04:40.332185766Z,2026-02-24T15:04:40.250296973Z,1,1,2541788,T,A,0,17.200000000,26,0,13977,159795091,17.200000000,17.300000000,239,59,2,1,UD:1V: VT 2541788
2026-02-24T15:04:48.901101661Z,2026-02-24T15:04:48.684430329Z,1,1,42384725,T,B,0,50.000000000,1,0,13652,472796683,49.750000000,50.000000000,37,1,3,1,ESM6 C7400
2026-02-24T15:04:50.378403349Z,2026-02-24T15:04:50.350193369Z,1,1,42865927,T,B,0,106.500000000,1,0,17130,472816664,106.000000000,106.500000000,42,1,4,1,ESH6 P6810
2026-02-24T15:05:01.189305157Z,2026-02-24T15:05:01.039431667Z,1,1,2551084,T,A,0,93.000000000,3,0,15169,159906484,93.000000000,93.250000000,3,162,1,4,UD:1V: VT 2551084
2026-02-24T15:05:04.764853002Z,2026-02-24T15:05:03.877257101Z,1,1,42427507,T,B,0,159.000000000,1,0,11284,473033908,158.500000000,159.000000000,13,1,3,1,ESH6 C6800
2026-02-24T15:05:04.968995759Z,2026-02-24T15:05:03.976998143Z,1,1,42895790,T,B,0,166.000000000,1,0,12637,473036770,165.500000000,166.000000000,2,1,2,1,ESH6 C6790
2026-02-24T15:05:12.725184771Z,2026-02-24T15:05:11.542250387Z,1,1,42887190,T,B,0,85.000000000,1,0,13804,473170268,84.750000000,85.000000000,29,1,4,1,ESH6 C6920
2026-02-24T15:05:13.133974483Z,2026-02-24T15:05:11.980995911Z,1,1,42895790,T,B,0,167.500000000,1,0,14914,473177056,167.000000000,167.500000000,20,1,3,1,ESH6 C6790
2026-02-24T15:05:15.997043783Z,2026-02-24T15:05:13.998197447Z,1,1,42892063,T,A,0,54.250000000,25,0,16295,473217228,54.250000000,54.500000000,25,29,1,2,ESH6 P6590
2026-02-24T15:05:19.971085376Z,2026-02-24T15:05:18.670658513Z,1,1,42384779,T,B,0,168.500000000,3,0,14207,473281428,168.000000000,168.500000000,29,3,3,1,ESM6 P6600
2026-02-24T15:05:20.978530637Z,2026-02-24T15:05:19.821917477Z,1,1,42347631,T,B,0,20.000000000,3,0,15656,473299572,19.900000000,20.000000000,51,3,1,1,ESH6 P6250
2026-02-24T15:05:21.518040338Z,2026-02-24T15:05:20.091313013Z,1,1,42409666,T,B,0,61.250000000,2,0,14505,473307873,61.000000000,61.250000000,48,25,2,1,ESM6 P5800
2026-02-24T15:05:27.814483442Z,2026-02-24T15:05:27.054984659Z,1,1,42397940,T,A,0,26.750000000,3,0,15002,473412776,26.750000000,27.000000000,3,57,1,3,ESH6 P6350
2026-02-24T15:05:37.865299909Z,2026-02-24T15:05:37.839374089Z,1,1,42643324,T,A,0,95.750000000,1,0,11618,473592619,95.750000000,96.000000000,1,2,1,1,ESH6 P6775
2026-02-24T15:05:46.978945935Z,2026-02-24T15:05:46.872016553Z,1,1,2551667,T,A,0,11.300000000,5,0,13649,160197646,11.300000000,11.400000000,5,446,1,6,UD:1V: IC 2551667
2026-02-24T15:05:52.130414402Z,2026-02-24T15:05:51.689595783Z,1,1,42429064,T,A,0,119.500000000,1,0,18055,473825856,119.500000000,120.000000000,3,36,1,5,ESH6 P6850
2026-02-24T15:05:52.146934445Z,2026-02-24T15:05:51.691792147Z,1,1,42429064,T,A,0,119.500000000,2,0,14097,473826058,119.500000000,120.000000000,2,36,1,5,ESH6 P6850
2026-02-24T15:06:05.048053533Z,2026-02-24T15:06:04.015255123Z,1,1,42868334,T,B,0,120.500000000,3,0,11743,474045201,120.000000000,120.500000000,1,7,1,2,ESH6 C6860
2026-02-24T15:06:14.124259314Z,2026-02-24T15:06:13.418826817Z,1,1,42426741,T,A,0,41.250000000,1,0,14133,474193596,41.250000000,41.500000000,1,33,1,2,ESH6 P6500
2026-02-24T15:06:14.965561875Z,2026-02-24T15:06:13.645582255Z,1,1,2544114,T,A,0,13.200000000,65,0,15687,160378218,13.200000000,13.300000000,194,292,1,4,UD:1V: VT 2544114
2026-02-24T15:06:21.469437781Z,2026-02-24T15:06:19.421061081Z,1,1,2519132,T,B,0,6.300000000,3,0,15478,160419651,6.200000000,6.300000000,3840,3,10,1,UD:1V: VT 2519132
2026-02-24T15:06:21.846557077Z,2026-02-24T15:06:19.950788117Z,1,1,42429381,T,A,0,52.000000000,1,0,11823,474315657,52.000000000,52.500000000,1,158,1,2,ESU6 P5000
2026-02-24T15:06:21.847360709Z,2026-02-24T15:06:19.950808469Z,1,1,42426741,T,A,0,40.250000000,1,0,13812,474315679,40.250000000,40.750000000,26,26,2,1,ESH6 P6500
2026-02-24T15:06:23.512148133Z,2026-02-24T15:06:21.618569877Z,1,1,42895806,T,A,0,75.750000000,23,0,17745,474341914,75.750000000,86.000000000,23,196,1,2,ESH6 P6710
2026-02-24T15:06:24.649451077Z,2026-02-24T15:06:22.510737983Z,1,1,42429674,T,A,0,73.000000000,1,0,14707,474360227,73.000000000,73.750000000,1,3,1,1,ESH6 P6700
2026-02-24T15:06:27.475428415Z,2026-02-24T15:06:25.426029911Z,1,1,42347631,T,B,0,19.400000000,3,0,18360,474403990,19.200000000,19.400000000,52,3,1,1,ESH6 P6250
2026-02-24T15:06:42.143709330Z,2026-02-24T15:06:41.870059451Z,1,1,42430453,T,B,0,16.700000000,1,0,13589,474654543,16.500000000,16.700000000,294,1,11,1,ESH6 P6200
2026-02-24T15:06:47.556716616Z,2026-02-24T15:06:47.192307555Z,1,1,2914941,T,A,0,10.300000000,3,0,17241,160591219,10.300000000,10.400000000,3,320,1,4,UD:1V: VT 2914941
2026-02-24T15:06:48.631483234Z,2026-02-24T15:06:48.157751841Z,1,1,2551734,T,B,0,86.000000000,2,0,19929,160598786,85.250000000,86.000000000,38,2,3,1,UD:1V: VT 2551734
2026-02-24T15:06:53.432921483Z,2026-02-24T15:06:52.595896663Z,1,1,42431944,T,A,0,10.000000000,10,0,13808,474846602,10.000000000,10.300000000,105,300,1,6,ESH6 P6000
2026-02-24T15:07:00.682630408Z,2026-02-24T15:06:59.337572281Z,1,1,2551718,T,B,0,4.950000000,3,0,15847,160674081,4.900000000,4.950000000,784,3,1,1,UD:1V: VT 2551718
2026-02-24T15:07:04.566802474Z,2026-02-24T15:07:02.746601785Z,1,1,42426741,T,B,0,41.250000000,1,0,13588,475026740,40.750000000,41.250000000,3,2,1,2,ESH6 P6500
2026-02-24T15:07:20.490386445Z,2026-02-24T15:07:19.958268755Z,1,1,42427507,T,B,0,161.500000000,1,0,17512,475300918,161.000000000,161.500000000,24,1,6,1,ESH6 C6800
2026-02-24T15:07:22.863745309Z,2026-02-24T15:07:21.886979073Z,1,1,42431945,T,B,0,100.500000000,1,0,12286,475336361,100.000000000,100.500000000,14,1,3,1,ESH6 P6800
2026-02-24T15:07:28.592210130Z,2026-02-24T15:07:27.859750839Z,1,1,2533967,T,B,0,32.500000000,4,0,16800,160859473,32.000000000,32.500000000,41,4,2,1,UD:1V: VT 2533967
2026-02-24T15:07:41.445143967Z,2026-02-24T15:07:40.584352131Z,1,1,42360165,T,A,0,14.900000000,19,0,11522,475649070,14.900000000,15.100000000,19,104,1,4,ESH6 P6150
2026-02-24T15:07:48.704974077Z,2026-02-24T15:07:47.502226391Z,1,1,3105403,T,A,0,4.400000000,141,0,16953,160991371,4.400000000,4.450000000,141,81,1,1,UD:1V: VT 3105403
2026-02-24T15:07:50.857451317Z,2026-02-24T15:07:49.408186265Z,1,1,42426741,T,B,0,42.250000000,1,0,12871,475803649,41.750000000,42.250000000,3,1,1,1,ESH6 P6500
2026-02-24T15:08:01.319070949Z,2026-02-24T15:07:59.378579719Z,1,1,42894571,T,A,0,51.500000000,25,0,16135,475968755,51.500000000,52.000000000,25,26,1,2,ESH6 P6570
2026-02-24T15:08:05.788910518Z,2026-02-24T15:08:03.944818903Z,1,1,42426741,T,A,0,41.250000000,1,0,11848,476038227,41.250000000,41.500000000,26,1,2,1,ESH6 P6500
2026-02-24T15:08:17.498721979Z,2026-02-24T15:08:17.150059727Z,1,1,42397940,T,A,0,26.250000000,3,0,16158,476245784,26.250000000,26.500000000,3,47,1,3,ESH6 P6350
2026-02-24T15:09:08.691270442Z,2026-02-24T15:09:08.478504503Z,1,1,42429687,T,A,0,47.750000000,9,0,13759,477196144,47.750000000,48.000000000,16,36,1,3,ESH6 C7000
2026-02-24T15:09:09.600462301Z,2026-02-24T15:09:09.468456773Z,1,1,42886222,T,A,0,80.500000000,4,0,13859,477216301,80.500000000,80.750000000,4,23,1,1,ESH6 P6730
2026-02-24T15:09:11.752883699Z,2026-02-24T15:09:11.718783837Z,1,1,42426741,T,A,0,40.250000000,1,0,11831,477254743,40.250000000,40.750000000,1,184,1,11,ESH6 P6500
2026-02-24T15:09:20.463849519Z,2026-02-24T15:09:20.462388351Z,1,1,2551879,T,B,0,30.500000000,2,0,14846,161602312,30.250000000,30.500000000,120,2,2,1,UD:1V: VT 2551879
2026-02-24T15:09:29.272834042Z,2026-02-24T15:09:29.135695879Z,1,1,42429674,T,A,0,73.250000000,4,0,11451,477566186,73.250000000,73.750000000,4,77,1,8,ESH6 P6700
2026-02-24T15:09:31.558532023Z,2026-02-24T15:09:31.426566811Z,1,1,539869,T,A,0,186.000000000,4,0,13873,477607520,186.000000000,186.500000000,4,31,1,1,ESZ6 P6000
2026-02-24T15:09:31.653858155Z,2026-02-24T15:09:31.492823213Z,1,1,42895806,T,A,0,75.250000000,4,0,11121,477609471,75.250000000,75.750000000,4,34,1,5,ESH6 P6710
2026-02-24T15:09:39.008759749Z,2026-02-24T15:09:38.943040279Z,1,1,42366510,T,B,0,157.000000000,1,0,17389,477742154,156.500000000,157.000000000,2,19,1,1,ESM6 C7100
2026-02-24T15:09:42.390016171Z,2026-02-24T15:09:42.323694711Z,1,1,42602509,T,B,0,6.400000000,1,0,10775,477801328,6.200000000,6.400000000,589,4,7,1,ESM6 C7850
2026-02-24T15:09:42.390276298Z,2026-02-24T15:09:42.323696383Z,1,1,42602509,T,B,0,6.400000000,3,0,11716,477801330,6.200000000,6.400000000,589,3,7,1,ESM6 C7850
2026-02-24T15:09:45.301842439Z,2026-02-24T15:09:45.214843783Z,1,1,42397940,T,B,0,25.500000000,3,0,14091,477844388,25.000000000,25.500000000,288,178,11,9,ESH6 P6350
2026-02-24T15:09:49.291692277Z,2026-02-24T15:09:48.784674305Z,1,1,42602509,T,B,0,6.400000000,1,0,16471,477900076,6.200000000,6.400000000,603,4,7,1,ESM6 C7850
2026-02-24T15:09:49.291707810Z,2026-02-24T15:09:48.784677089Z,1,1,42602509,T,B,0,6.400000000,3,0,14985,477900077,6.200000000,6.400000000,603,3,7,1,ESM6 C7850
2026-02-24T15:09:52.027972383Z,2026-02-24T15:09:51.719578165Z,1,1,42427500,T,A,0,21.750000000,1,0,14478,477951730,21.750000000,22.000000000,1,331,1,13,ESH6 P6300
2026-02-24T15:09:52.821080605Z,2026-02-24T15:09:52.164441259Z,1,1,42426741,T,A,0,39.250000000,1,0,14361,477966126,39.250000000,39.500000000,1,1,1,1,ESH6 P6500
2026-02-24T15:10:05.991967712Z,2026-02-24T15:10:05.288307483Z,1,1,42431181,T,A,0,53.000000000,1,0,13361,478207508,53.000000000,53.500000000,1,28,1,5,ESH6 P6600
2026-02-24T15:10:11.109800355Z,2026-02-24T15:10:10.725797795Z,1,1,42404366,T,B,0,8.100000000,1,0,12337,478305799,7.900000000,8.100000000,459,4,7,1,ESM6 C7800
2026-02-24T15:10:11.110450453Z,2026-02-24T15:10:10.725802805Z,1,1,42404366,T,B,0,8.100000000,3,0,19910,478305806,7.900000000,8.100000000,459,3,7,1,ESM6 C7800
2026-02-24T15:10:13.326795957Z,2026-02-24T15:10:12.589954523Z,1,1,42643255,T,B,0,7.500000000,4,0,13707,478341025,7.300000000,7.500000000,509,4,10,1,ESH6 P5875
2026-02-24T15:10:18.133169653Z,2026-02-24T15:10:18.106624605Z,1,1,42431180,T,B,0,7.900000000,4,0,10363,478429998,7.700000000,7.900000000,549,4,12,1,ESH6 P5900
2026-02-24T15:10:20.650256258Z,2026-02-24T15:10:20.559943681Z,1,1,42427499,T,B,0,5.400000000,4,0,13538,478470992,5.300000000,5.400000000,253,4,5,1,ESH6 P5700
2026-02-24T15:10:23.659420754Z,2026-02-24T15:10:23.658814849Z,1,1,2551759,T,B,0,1.750000000,40,0,15540,162028139,1.600000000,1.750000000,2366,40,4,2,UD:1V: BO 2551759
2026-02-24T15:10:23.660040613Z,2026-02-24T15:10:23.659441067Z,1,1,2551759,T,A,0,1.750000000,35,0,13578,162028141,1.750000000,1.850000000,35,2001,1,1,UD:1V: BO 2551759
2026-02-24T15:10:23.716032744Z,2026-02-24T15:10:23.715525355Z,1,1,2551759,T,A,0,1.750000000,75,0,13404,162028204,1.750000000,1.900000000,75,4751,1,5,UD:1V: BO 2551759
2026-02-24T15:10:23.730519022Z,2026-02-24T15:10:23.723504407Z,1,1,2551759,T,A,0,1.750000000,75,0,15198,162028331,1.750000000,1.900000000,75,4751,1,5,UD:1V: BO 2551759
2026-02-24T15:10:23.809534668Z,2026-02-24T15:10:23.780013879Z,1,1,2551759,T,A,0,1.750000000,75,0,15916,162028832,1.750000000,1.900000000,75,4744,1,5,UD:1V: BO 2551759
2026-02-24T15:10:24.707220690Z,2026-02-24T15:10:24.706908799Z,1,1,42347631,T,B,0,18.700000000,3,0,13154,478536474,18.600000000,18.700000000,261,3,8,1,ESH6 P6250
2026-02-24T15:10:25.285322935Z,2026-02-24T15:10:25.093861315Z,1,1,42347631,T,B,0,18.800000000,3,0,18601,478545519,18.700000000,18.800000000,53,3,1,1,ESH6 P6250
2026-02-24T15:10:26.287533571Z,2026-02-24T15:10:25.856689995Z,1,1,2551759,T,A,0,1.750000000,75,0,16958,162043035,1.750000000,1.850000000,75,90,1,1,UD:1V: BO 2551759
2026-02-24T15:10:26.830975241Z,2026-02-24T15:10:26.611220335Z,1,1,2551759,T,A,0,1.750000000,75,0,13504,162046924,1.750000000,1.850000000,75,2148,1,2,UD:1V: BO 2551759
2026-02-24T15:10:27.035239747Z,2026-02-24T15:10:26.997234521Z,1,1,2551759,T,A,0,1.750000000,70,0,13702,162048479,1.750000000,1.850000000,75,2001,1,1,UD:1V: BO 2551759
2026-02-24T15:10:28.367782435Z,2026-02-24T15:10:28.349672479Z,1,1,2551759,T,A,0,1.750000000,5,0,16872,162056865,1.750000000,1.850000000,5,2142,1,2,UD:1V: BO 2551759
2026-02-24T15:10:28.405409843Z,2026-02-24T15:10:28.403631911Z,1,1,2551759,T,A,0,1.750000000,65,0,14267,162057058,1.750000000,1.850000000,75,2142,1,2,UD:1V: BO 2551759
2026-02-24T15:10:28.421655843Z,2026-02-24T15:10:28.421138531Z,1,1,2551759,T,A,0,1.750000000,10,0,14696,162057070,1.750000000,1.850000000,10,2142,1,2,UD:1V: BO 2551759
2026-02-24T15:10:28.422922709Z,2026-02-24T15:10:28.422405191Z,1,1,2551759,T,A,0,1.750000000,75,0,13939,162057073,1.750000000,1.850000000,75,2142,1,2,UD:1V: BO 2551759
2026-02-24T15:10:29.175239272Z,2026-02-24T15:10:29.174699873Z,1,1,2551759,T,A,0,1.750000000,64,0,14486,162060465,1.750000000,1.800000000,75,2037,1,2,UD:1V: BO 2551759
2026-02-24T15:10:29.421455437Z,2026-02-24T15:10:29.420896959Z,1,1,2551759,T,A,0,1.750000000,11,0,18838,162061422,1.750000000,1.800000000,11,2037,1,2,UD:1V: BO 2551759
2026-02-24T15:10:30.059206837Z,2026-02-24T15:10:29.962516685Z,1,1,42360164,T,B,0,7.200000000,1,0,13950,478619030,7.000000000,7.200000000,536,4,12,1,ESH6 P5850
2026-02-24T15:10:30.062935858Z,2026-02-24T15:10:29.962562971Z,1,1,42360164,T,B,0,7.200000000,1,0,14644,478619122,7.000000000,7.200000000,536,3,12,1,ESH6 P5850
2026-02-24T15:10:30.063723400Z,2026-02-24T15:10:29.962569407Z,1,1,42360164,T,B,0,7.200000000,1,0,13949,478619132,7.000000000,7.200000000,536,2,12,1,ESH6 P5850
2026-02-24T15:10:30.422081053Z,2026-02-24T15:10:30.421552487Z,1,1,2551759,T,A,0,1.750000000,75,0,15467,162066595,1.750000000,1.800000000,75,2037,1,2,UD:1V: BO 2551759
2026-02-24T15:10:31.651718504Z,2026-02-24T15:10:31.421862545Z,1,1,2551759,T,A,0,1.750000000,75,0,14067,162073806,1.750000000,1.800000000,75,2037,1,2,UD:1V: BO 2551759
2026-02-24T15:10:32.075116547Z,2026-02-24T15:10:31.740905831Z,1,1,2551759,T,A,0,1.750000000,4,0,15188,162076798,1.750000000,1.800000000,75,2037,1,2,UD:1V: BO 2551759
2026-02-24T15:10:32.444498061Z,2026-02-24T15:10:32.013706343Z,1,1,2551759,T,A,0,1.750000000,71,0,16830,162079790,1.750000000,1.800000000,71,2037,1,2,UD:1V: BO 2551759
2026-02-24T15:10:35.941957163Z,2026-02-24T15:10:35.941213289Z,1,1,2551759,T,A,0,1.750000000,25,0,14538,162104825,1.750000000,1.800000000,25,2037,1,2,UD:1V: BO 2551759
2026-02-24T15:10:38.513317712Z,2026-02-24T15:10:38.012919393Z,1,1,42608053,T,B,0,12.000000000,4,0,14180,478771526,11.800000000,12.000000000,279,4,6,1,ESH6 P6075
2026-02-24T15:10:39.983835195Z,2026-02-24T15:10:38.825270261Z,1,1,42426741,T,B,0,40.250000000,1,0,15721,478792178,40.000000000,40.250000000,1,1,1,1,ESH6 P6500
2026-02-24T15:10:45.000704125Z,2026-02-24T15:10:44.330438945Z,1,1,42865919,T,B,0,147.000000000,4,0,14972,478888882,146.000000000,147.000000000,1,4,1,1,ESH6 P6930
2026-02-24T15:10:47.716923202Z,2026-02-24T15:10:47.598378517Z,1,1,42397940,T,A,0,25.500000000,2,0,13823,478947049,25.500000000,25.750000000,3,92,1,6,ESH6 P6350
2026-02-24T15:10:48.073843451Z,2026-02-24T15:10:48.058724599Z,1,1,42397940,T,A,0,25.500000000,1,0,12721,478953358,25.500000000,25.750000000,1,92,1,6,ESH6 P6350
2026-02-24T15:11:05.946440627Z,2026-02-24T15:11:05.719887431Z,1,1,42397938,T,B,0,11.200000000,4,0,13031,479262093,11.000000000,11.200000000,436,4,10,1,ESH6 P6050
2026-02-24T15:11:06.058379923Z,2026-02-24T15:11:05.844767375Z,1,1,42608053,T,B,0,11.900000000,4,0,16911,479264600,11.700000000,11.900000000,429,4,10,1,ESH6 P6075
2026-02-24T15:11:09.519829403Z,2026-02-24T15:11:09.400486403Z,1,1,42643255,T,B,0,7.600000000,4,0,13898,479311216,7.500000000,7.600000000,57,4,4,1,ESH6 P5875
2026-02-24T15:11:10.615206685Z,2026-02-24T15:11:10.236088375Z,1,1,2914941,T,A,0,10.400000000,4,0,14091,162331806,10.400000000,10.500000000,246,278,1,3,UD:1V: VT 2914941
2026-02-24T15:11:11.484123607Z,2026-02-24T15:11:11.383189519Z,1,1,42643306,T,B,0,6.900000000,4,0,12152,479351199,6.800000000,6.900000000,130,4,1,1,ESH6 P5825
2026-02-24T15:11:11.722504051Z,2026-02-24T15:11:11.659454151Z,1,1,42921501,T,B,0,15.700000000,4,0,13966,479356779,15.500000000,15.700000000,88,4,3,1,ESH6 P6180
2026-02-24T15:11:44.370871371Z,2026-02-24T15:11:44.097615013Z,1,1,2544166,T,A,0,9.700000000,1,0,13536,162544776,9.700000000,9.800000000,1,194,1,4,UD:1V: IC 2544166
2026-02-24T15:11:45.008005640Z,2026-02-24T15:11:44.888307797Z,1,1,42426741,T,A,0,39.250000000,1,0,11755,479933620,39.250000000,39.500000000,1,14,1,4,ESH6 P6500
2026-02-24T15:11:50.223225658Z,2026-02-24T15:11:50.104529589Z,1,1,42397938,T,B,0,11.100000000,4,0,13903,480018438,10.900000000,11.100000000,297,4,8,1,ESH6 P6050
2026-02-24T15:11:50.402418127Z,2026-02-24T15:11:50.387048069Z,1,1,42397940,T,A,0,25.000000000,3,0,19844,480023005,25.000000000,25.250000000,3,265,1,11,ESH6 P6350
2026-02-24T15:11:51.547615765Z,2026-02-24T15:11:51.538972099Z,1,1,42427500,T,A,0,21.500000000,1,0,14988,480036868,21.500000000,21.750000000,1,287,1,10,ESH6 P6300
2026-02-24T15:11:52.728915571Z,2026-02-24T15:11:52.585925971Z,1,1,42435427,T,A,0,83.000000000,1,0,13940,480055047,83.000000000,83.250000000,13,12,2,1,ESH6 P6750
2026-02-24T15:11:52.855114333Z,2026-02-24T15:11:52.594515211Z,1,1,42764937,T,A,0,77.000000000,10,0,11255,480057044,77.000000000,77.250000000,10,13,1,1,ESH6 P6725
2026-02-24T15:12:02.633192767Z,2026-02-24T15:12:02.574880027Z,1,1,42347631,T,B,0,18.700000000,3,0,14177,480220463,18.600000000,18.700000000,131,3,6,1,ESH6 P6250
2026-02-24T15:12:13.615319469Z,2026-02-24T15:12:13.171533123Z,1,1,3105403,T,A,0,4.600000000,133,0,20399,162715990,4.600000000,4.650000000,152,84,1,2,UD:1V: VT 3105403
2026-02-24T15:12:15.785816757Z,2026-02-24T15:12:15.422824207Z,1,1,42896849,T,B,0,33.750000000,47,0,11246,480436399,33.250000000,33.750000000,27,47,1,1,ESH6 C7040
2026-02-24T15:12:18.962692407Z,2026-02-24T15:12:18.911502181Z,1,1,42896849,T,B,0,33.500000000,2,0,14207,480498623,33.250000000,33.500000000,94,2,6,1,ESH6 C7040
2026-02-24T15:12:47.412573981Z,2026-02-24T15:12:47.377857211Z,1,1,42397940,T,A,0,25.250000000,3,0,15657,480981251,25.250000000,25.500000000,3,180,1,10,ESH6 P6350
2026-02-24T15:12:54.048086864Z,2026-02-24T15:12:54.047592421Z,1,1,42430443,T,A,0,0.250000000,5,0,17968,481069735,0.250000000,0.300000000,5,1187,1,8,ESH6 C7600
2026-02-24T15:12:54.243087138Z,2026-02-24T15:12:54.237101411Z,1,1,42911606,T,B,0,57.250000000,1,0,14035,481070251,56.750000000,57.250000000,50,1,7,1,ESH6 P6620
2026-02-24T15:12:57.057656485Z,2026-02-24T15:12:56.798839777Z,1,1,42426741,T,B,0,40.250000000,1,0,11251,481118690,39.750000000,40.250000000,119,1,7,1,ESH6 P6500
2026-02-24T15:12:57.604513800Z,2026-02-24T15:12:56.974714815Z,1,1,42499828,T,A,0,9.200000000,4,0,11297,481128667,9.200000000,9.400000000,4,200,1,7,ESH6 C7150
2026-02-24T15:12:57.843293586Z,2026-02-24T15:12:57.055559063Z,1,1,42764937,T,B,0,79.500000000,1,0,11566,481132503,79.250000000,79.500000000,13,1,1,1,ESH6 P6725
2026-02-24T15:13:09.336090344Z,2026-02-24T15:13:09.315619627Z,1,1,42566737,T,B,0,50.000000000,34,0,19589,481349033,49.750000000,50.000000000,15,35,1,3,ESH6 P6575
2026-02-24T15:13:09.363015736Z,2026-02-24T15:13:09.330500303Z,1,1,42566737,T,B,0,50.000000000,1,0,10740,481349662,49.750000000,50.000000000,15,1,1,1,ESH6 P6575
2026-02-24T15:13:11.302267739Z,2026-02-24T15:13:11.253517479Z,1,1,42911604,T,B,0,55.750000000,29,0,19353,481376946,55.250000000,55.750000000,100,29,6,2,ESH6 P6610
2026-02-24T15:13:11.316865736Z,2026-02-24T15:13:11.253540967Z,1,1,42892063,T,B,0,52.500000000,4,0,10309,481377166,52.000000000,52.500000000,81,4,7,2,ESH6 P6590
2026-02-24T15:13:11.854547075Z,2026-02-24T15:13:11.763795797Z,1,1,42431181,T,B,0,54.250000000,1,0,20038,481389179,54.000000000,54.250000000,28,1,1,1,ESH6 P6600
2026-02-24T15:13:12.410547659Z,2026-02-24T15:13:12.396398287Z,1,1,42764936,T,B,0,43.250000000,1,0,18649,481396835,43.000000000,43.250000000,41,1,2,1,ESH6 P6525
2026-02-24T15:13:12.687367890Z,2026-02-24T15:13:12.650177125Z,1,1,42671291,T,B,0,68.000000000,1,0,18289,481402467,67.500000000,68.000000000,51,1,5,1,ESH6 P6675
2026-02-24T15:13:12.716089071Z,2026-02-24T15:13:12.650318823Z,1,1,42892063,T,B,0,52.750000000,1,0,19906,481402718,52.250000000,52.750000000,59,1,5,1,ESH6 P6590
2026-02-24T15:13:13.138674411Z,2026-02-24T15:13:13.001749255Z,1,1,42874363,T,B,0,51.250000000,5,0,20439,481410653,50.750000000,51.250000000,58,5,4,2,ESH6 P6580
2026-02-24T15:13:13.144988079Z,2026-02-24T15:13:13.001806149Z,1,1,42868337,T,B,0,42.750000000,1,0,16923,481410787,42.250000000,42.750000000,33,1,4,1,ESH6 P6520
2026-02-24T15:13:13.205096376Z,2026-02-24T15:13:13.007859983Z,1,1,42426741,T,B,0,40.250000000,1,0,14541,481411774,39.750000000,40.250000000,133,29,6,1,ESH6 P6500
2026-02-24T15:13:14.570616815Z,2026-02-24T15:13:14.532783475Z,1,1,42431181,T,B,0,54.500000000,1,0,17486,481434583,54.000000000,54.500000000,93,1,9,1,ESH6 P6600
2026-02-24T15:13:15.883443754Z,2026-02-24T15:13:15.672225907Z,1,1,42886216,T,B,0,30.750000000,4,0,14021,481458465,30.500000000,30.750000000,35,4,1,1,ESH6 P6410
2026-02-24T15:13:15.905948279Z,2026-02-24T15:13:15.673874541Z,1,1,42911604,T,B,0,56.250000000,1,0,13928,481458918,56.000000000,56.250000000,28,1,1,1,ESH6 P6610
2026-02-24T15:13:17.525238731Z,2026-02-24T15:13:17.382976601Z,1,1,42874363,T,B,0,51.500000000,4,0,16529,481489734,51.250000000,51.500000000,30,4,1,1,ESH6 P6580
2026-02-24T15:13:18.994634775Z,2026-02-24T15:13:18.994139469Z,1,1,2552058,T,A,0,12.700000000,1,0,15562,163121646,12.700000000,12.800000000,1,889,1,5,UD:1V: IC 2552058
2026-02-24T15:13:23.303869975Z,2026-02-24T15:13:23.190464339Z,1,1,42911604,T,B,0,56.250000000,1,0,11898,481593640,55.750000000,56.250000000,81,1,6,1,ESH6 P6610
2026-02-24T15:13:24.063674448Z,2026-02-24T15:13:24.025249877Z,1,1,42431181,T,B,0,54.750000000,12,0,18241,481609734,54.250000000,54.750000000,100,12,9,3,ESH6 P6600
2026-02-24T15:13:25.011766634Z,2026-02-24T15:13:24.338809321Z,1,1,2551759,T,B,0,1.750000000,12,0,13174,163157800,1.650000000,1.750000000,41,100,2,1,UD:1V: BO 2551759
2026-02-24T15:13:25.015595010Z,2026-02-24T15:13:24.338810011Z,1,1,2541788,T,A,0,17.800000000,4,0,18411,163157802,17.800000000,18.000000000,4,344,1,4,UD:1V: VT 2541788
2026-02-24T15:13:25.020834416Z,2026-02-24T15:13:24.338815405Z,1,1,3126152,T,B,0,35.000000000,4,0,12365,163157856,34.750000000,35.000000000,54,4,2,1,UD:1V: VT 3126152
2026-02-24T15:13:26.159230338Z,2026-02-24T15:13:24.812828311Z,1,1,2551759,T,B,0,1.750000000,9,0,12228,163162041,1.650000000,1.750000000,37,88,1,1,UD:1V: BO 2551759
2026-02-24T15:13:29.021412312Z,2026-02-24T15:13:28.266250443Z,1,1,2551840,T,B,0,59.750000000,10,0,16701,163184304,59.500000000,59.750000000,2,10,1,1,UD:1V: SG 2551840
2026-02-24T15:13:30.256440853Z,2026-02-24T15:13:29.975410125Z,1,1,2551759,T,B,0,1.750000000,47,0,13160,163196115,1.650000000,1.750000000,41,79,2,1,UD:1V: BO 2551759
2026-02-24T15:13:32.431845112Z,2026-02-24T15:13:32.342097093Z,1,1,42723578,T,B,0,59.750000000,1,0,11577,481767510,59.250000000,59.750000000,20,1,3,1,ESH6 P6625
2026-02-24T15:13:32.491975384Z,2026-02-24T15:13:32.358437669Z,1,1,42431181,T,B,0,55.500000000,33,0,17341,481768705,55.000000000,55.500000000,8,33,2,1,ESH6 P6600
2026-02-24T15:13:43.054639186Z,2026-02-24T15:13:42.668089529Z,1,1,42426741,T,B,0,41.250000000,1,0,16966,481959279,40.750000000,41.250000000,166,1,9,1,ESH6 P6500
2026-02-24T15:13:45.606550117Z,2026-02-24T15:13:45.602406297Z,1,1,42911606,T,B,0,59.000000000,1,0,15798,482008886,58.500000000,59.000000000,86,1,5,1,ESH6 P6620
2026-02-24T15:13:46.121517794Z,2026-02-24T15:13:45.951576435Z,1,1,42723578,T,B,0,60.000000000,1,0,16037,482016938,59.500000000,60.000000000,32,1,4,1,ESH6 P6625
2026-02-24T15:13:46.146311953Z,2026-02-24T15:13:45.962626017Z,1,1,42895791,T,B,0,42.500000000,4,0,13081,482017536,42.000000000,42.500000000,61,4,5,1,ESH6 P6510
2026-02-24T15:13:46.726692362Z,2026-02-24T15:13:46.181634127Z,1,1,42874360,T,B,0,89.750000000,2,0,17013,482026963,89.000000000,89.750000000,22,2,2,1,ESH6 P6760
2026-02-24T15:13:46.747363636Z,2026-02-24T15:13:46.181634667Z,1,1,42892063,T,B,0,54.250000000,20,0,13452,482027308,53.500000000,54.250000000,72,29,6,1,ESH6 P6590
2026-02-24T15:13:49.972816249Z,2026-02-24T15:13:49.480086497Z,1,1,42431181,T,B,0,56.000000000,7,0,19608,482085730,55.500000000,56.000000000,74,7,10,1,ESH6 P6600
2026-02-24T15:14:01.051832925Z,2026-02-24T15:14:00.952725469Z,1,1,42911606,T,B,0,59.500000000,47,0,11336,482271681,59.250000000,59.500000000,32,47,2,1,ESH6 P6620
2026-02-24T15:14:01.701075037Z,2026-02-24T15:14:01.215517313Z,1,1,42911606,T,B,0,59.500000000,2,0,13849,482282182,59.250000000,59.500000000,2,2,2,1,ESH6 P6620
2026-02-24T15:14:04.115863989Z,2026-02-24T15:14:03.752076123Z,1,1,42429674,T,B,0,75.500000000,1,0,17255,482335778,75.250000000,75.500000000,11,1,1,1,ESH6 P6700
2026-02-24T15:14:11.588511919Z,2026-02-24T15:14:10.763236717Z,1,1,42427508,T,B,0,17.000000000,4,0,11118,482476359,16.700000000,17.000000000,75,44,3,2,ESH6 C7100
2026-02-24T15:14:19.501549349Z,2026-02-24T15:14:19.406046341Z,1,1,2533967,T,B,0,32.750000000,33,0,13595,163514274,32.500000000,32.750000000,46,34,4,2,UD:1V: VT 2533967
2026-02-24T15:14:35.868385811Z,2026-02-24T15:14:35.695068997Z,1,1,42397940,T,A,0,26.250000000,1,0,14287,482893029,26.250000000,26.500000000,1,261,1,10,ESH6 P6350
2026-02-24T15:14:44.729673771Z,2026-02-24T15:14:44.534440713Z,1,1,2541765,T,A,0,23.500000000,100,0,16764,163674408,23.500000000,23.750000000,526,104,4,2,UD:1V: VT 2541765
2026-02-24T15:14:47.498095178Z,2026-02-24T15:14:47.304689175Z,1,1,42347631,T,B,0,19.700000000,3,0,11336,483114492,19.600000000,19.700000000,52,3,1,1,ESH6 P6250
2026-02-24T15:14:58.136447728Z,2026-02-24T15:14:57.793756021Z,1,1,42429674,T,B,0,75.000000000,5,0,17094,483284872,74.500000000,75.000000000,34,67,3,5,ESH6 P6700
2026-02-24T15:15:05.500424861Z,2026-02-24T15:15:05.176766163Z,1,1,42895805,T,A,0,10.300000000,4,0,13452,483427518,10.300000000,10.500000000,4,51,1,1,ESH6 C7140
2026-02-24T15:15:06.955756777Z,2026-02-24T15:15:06.411365623Z,1,1,42430443,T,A,0,0.250000000,3,0,13022,483456707,0.250000000,0.300000000,5,644,1,6,ESH6 C7600
2026-02-24T15:15:10.465447272Z,2026-02-24T15:15:10.333563741Z,1,1,42430443,T,A,0,0.250000000,2,0,15756,483523559,0.250000000,0.300000000,2,894,1,7,ESH6 C7600
2026-02-24T15:15:16.672993215Z,2026-02-24T15:15:16.507525449Z,1,1,42383331,T,A,0,64.250000000,4,0,19979,483615801,64.250000000,64.500000000,4,1,1,1,ESH6 P6650
2026-02-24T15:15:17.077142434Z,2026-02-24T15:15:16.727113409Z,1,1,42397940,T,A,0,26.000000000,13,0,18449,483623046,26.000000000,26.250000000,13,42,1,2,ESH6 P6350
2026-02-24T15:15:17.100037642Z,2026-02-24T15:15:16.727114611Z,1,1,42764937,T,A,0,80.000000000,4,0,13335,483623383,80.000000000,80.500000000,4,1,1,1,ESH6 P6725
2026-02-24T15:15:27.315646329Z,2026-02-24T15:15:27.312930929Z,1,1,2552105,T,B,0,-1.000000000,1,0,11457,163940233,-2.150000000,-1.000000000,14,1,1,1,UD:1V: GN 2552105
2026-02-24T15:15:52.687423192Z,2026-02-24T15:15:52.547979125Z,1,1,42427413,T,A,0,47.250000000,8,0,21117,484285741,47.250000000,47.500000000,8,17,1,2,ESH6 P6550
2026-02-24T15:16:10.252928651Z,2026-02-24T15:16:09.762632293Z,1,1,42426741,T,A,0,40.250000000,1,0,11671,484609371,40.250000000,40.500000000,1,1,1,1,ESH6 P6500
2026-02-24T15:16:10.394835154Z,2026-02-24T15:16:09.875752051Z,1,1,42566737,T,A,0,50.500000000,7,0,18959,484612450,50.500000000,50.750000000,7,17,1,3,ESH6 P6575
2026-02-24T15:16:10.722179920Z,2026-02-24T15:16:10.252932283Z,1,1,42426741,T,B,0,40.250000000,8,0,14475,484618590,40.000000000,40.250000000,37,32,2,1,ESH6 P6500
2026-02-24T15:16:13.351037653Z,2026-02-24T15:16:13.093190785Z,1,1,2914941,T,A,0,10.200000000,4,0,14483,164232984,10.200000000,10.300000000,158,308,2,3,UD:1V: VT 2914941
2026-02-24T15:16:14.461769074Z,2026-02-24T15:16:14.249070685Z,1,1,42435427,T,A,0,85.000000000,4,0,11541,484693079,85.000000000,85.250000000,4,21,1,1,ESH6 P6750
2026-02-24T15:16:33.861098875Z,2026-02-24T15:16:33.816356089Z,1,1,2861732,T,B,0,11.500000000,4,0,14301,164362967,11.400000000,11.500000000,315,4,3,1,UD:1V: VT 2861732
2026-02-24T15:16:38.130551835Z,2026-02-24T15:16:38.047702209Z,1,1,42397940,T,B,0,25.500000000,25,0,10137,485120835,25.250000000,25.500000000,265,25,9,1,ESH6 P6350
2026-02-24T15:16:47.905781368Z,2026-02-24T15:16:47.857321561Z,1,1,42764937,T,A,0,78.000000000,5,0,17584,485295398,78.000000000,78.500000000,5,45,1,4,ESH6 P6725
2026-02-24T15:16:47.919369497Z,2026-02-24T15:16:47.857321739Z,1,1,42608051,T,B,0,23.500000000,19,0,14862,485295614,23.250000000,23.500000000,22,35,2,2,ESH6 C7075
2026-02-24T15:16:51.757679712Z,2026-02-24T15:16:50.962519927Z,1,1,42435427,T,B,0,84.500000000,1,0,11361,485361680,84.250000000,84.500000000,12,1,2,1,ESH6 P6750
2026-02-24T15:17:00.597528813Z,2026-02-24T15:17:00.212215869Z,1,1,42670705,T,B,0,1.100000000,6,0,18130,485525675,1.050000000,1.100000000,452,43,4,1,ESH6 C7325
2026-02-24T15:17:04.438898705Z,2026-02-24T15:17:04.256362299Z,1,1,42895789,T,B,0,24.500000000,4,0,18389,485603876,24.250000000,24.500000000,72,4,3,1,ESH6 C7070
2026-02-24T15:17:22.409390816Z,2026-02-24T15:17:22.075347109Z,1,1,2552117,T,B,0,2.900000000,1,0,14498,164665795,2.850000000,2.900000000,3726,1,9,1,UD:1V: IC 2552117
2026-02-24T15:18:04.858555983Z,2026-02-24T15:18:04.125077237Z,1,1,42409640,T,A,0,6.400000000,29,0,16532,486628722,6.400000000,6.500000000,29,97,2,2,ESM6 P3500
2026-02-24T15:18:25.181202083Z,2026-02-24T15:18:25.036683265Z,1,1,42383331,T,A,0,63.750000000,4,0,11738,487000018,63.750000000,64.250000000,4,86,1,6,ESH6 P6650
2026-02-24T15:18:39.787840663Z,2026-02-24T15:18:39.435344163Z,1,1,42430443,T,A,0,0.200000000,4,0,13056,487247723,0.200000000,0.300000000,4,1108,1,4,ESH6 C7600
2026-02-24T15:18:54.246854713Z,2026-02-24T15:18:54.023084243Z,1,1,42429064,T,B,0,115.000000000,1,0,11377,487455622,114.000000000,115.000000000,91,43,6,5,ESH6 P6850
2026-02-24T15:18:54.296927346Z,2026-02-24T15:18:54.087968947Z,1,1,2535138,T,A,0,24.500000000,21,0,17291,165189416,24.500000000,24.750000000,21,177,2,5,UD:1V: VT 2535138
2026-02-24T15:19:13.294475087Z,2026-02-24T15:19:12.252069877Z,1,1,42426741,T,A,0,39.250000000,1,0,16267,487769328,39.250000000,39.500000000,1,33,1,1,ESH6 P6500
2026-02-24T15:19:28.588214749Z,2026-02-24T15:19:28.587720729Z,1,1,2534118,T,B,0,25.000000000,1,0,13439,165398993,24.750000000,25.000000000,512,1,7,1,UD:1V: VT 2534118
2026-02-24T15:19:47.364125107Z,2026-02-24T15:19:47.340936073Z,1,1,2533967,T,A,0,31.500000000,2,0,26849,165490625,31.500000000,31.750000000,2,237,1,7,UD:1V: VT 2533967
2026-02-24T15:19:48.377171157Z,2026-02-24T15:19:48.371312301Z,1,1,2546703,T,B,0,12.100000000,11,0,15219,165496123,11.900000000,12.100000000,58,11,4,1,UD:1V: 12 2546703
2026-02-24T15:20:08.516499036Z,2026-02-24T15:20:08.510809917Z,1,1,2548458,T,A,0,17.500000000,1,0,16333,165632486,17.500000000,17.600000000,1,29,1,2,UD:1V: BO 2548458
2026-02-24T15:20:10.291715746Z,2026-02-24T15:20:10.094880079Z,1,1,42429674,T,A,0,70.500000000,4,0,18674,488716570,70.500000000,71.000000000,98,1,7,1,ESH6 P6700
2026-02-24T15:20:29.293925275Z,2026-02-24T15:20:28.938692371Z,1,1,42887191,T,A,0,117.500000000,3,0,13808,489042593,117.500000000,118.000000000,3,17,1,1,ESH6 P6870
2026-02-24T15:20:29.862324383Z,2026-02-24T15:20:29.750669637Z,1,1,42430443,T,A,0,0.250000000,50,0,14264,489055477,0.250000000,0.300000000,50,1484,1,8,ESH6 C7600
2026-02-24T15:20:34.167255592Z,2026-02-24T15:20:34.071641823Z,1,1,42868336,T,B,0,43.500000000,3,0,18944,489128255,43.250000000,43.500000000,90,3,4,1,ESH6 P6540
2026-02-24T15:20:35.566104343Z,2026-02-24T15:20:35.272964077Z,1,1,42887191,T,B,0,118.500000000,3,0,11550,489154866,117.500000000,118.500000000,4,3,2,1,ESH6 P6870
2026-02-24T15:20:36.913210373Z,2026-02-24T15:20:36.892919771Z,1,1,42886222,T,B,0,77.500000000,2,0,16132,489180654,77.250000000,77.500000000,6,2,4,1,ESH6 P6730
2026-02-24T15:20:36.934383178Z,2026-02-24T15:20:36.904176647Z,1,1,42874361,T,A,0,90.000000000,1,0,11550,489181039,90.000000000,90.750000000,1,21,1,6,ESH6 P6780
2026-02-24T15:20:36.935325253Z,2026-02-24T15:20:36.909707053Z,1,1,42886227,T,A,0,92.750000000,1,0,14043,489181070,92.750000000,93.500000000,1,21,1,6,ESH6 P6790
2026-02-24T15:20:36.959900464Z,2026-02-24T15:20:36.929927231Z,1,1,42887174,T,A,0,87.250000000,1,0,12098,489181609,87.250000000,88.000000000,1,17,1,5,ESH6 P6770
2026-02-24T15:20:37.055413867Z,2026-02-24T15:20:37.021961635Z,1,1,42566737,T,A,0,48.500000000,8,0,16444,489183746,48.500000000,49.000000000,12,121,2,7,ESH6 P6575
2026-02-24T15:20:37.238892304Z,2026-02-24T15:20:37.237722491Z,1,1,42643322,T,A,0,103.000000000,1,0,13200,489187169,103.000000000,103.500000000,1,11,1,2,ESH6 P6825
2026-02-24T15:20:37.294072504Z,2026-02-24T15:20:37.285371681Z,1,1,42894577,T,A,0,152.500000000,2,0,16375,489188138,152.500000000,153.000000000,2,1,2,1,ESH6 C6820
2026-02-24T15:20:37.391736106Z,2026-02-24T15:20:37.390773013Z,1,1,42887174,T,A,0,87.250000000,1,0,13065,489189613,87.250000000,87.500000000,1,2,1,1,ESH6 P6770
2026-02-24T15:20:37.580491058Z,2026-02-24T15:20:37.543718149Z,1,1,42506300,T,A,0,143.500000000,3,0,15752,489192171,143.500000000,144.000000000,24,3,1,1,ESU6 C7400
2026-02-24T15:20:39.749921898Z,2026-02-24T15:20:39.481027149Z,1,1,42429674,T,A,0,70.250000000,3,0,12923,489227878,70.250000000,70.750000000,9,91,2,8,ESH6 P6700
2026-02-24T15:20:39.750192855Z,2026-02-24T15:20:39.481027505Z,1,1,42804108,T,A,0,35.500000000,2,0,11301,489227880,35.500000000,35.750000000,10,85,1,5,ESH6 P6475
2026-02-24T15:20:39.940241901Z,2026-02-24T15:20:39.708393175Z,1,1,2534894,T,A,0,10.000000000,228,0,16328,165836978,10.000000000,10.100000000,228,330,2,2,UD:1V: VT 2534894
2026-02-24T15:20:40.315942136Z,2026-02-24T15:20:40.243952003Z,1,1,2534894,T,A,0,10.000000000,69,0,13297,165840109,10.000000000,10.100000000,102,220,1,2,UD:1V: VT 2534894
2026-02-24T15:20:40.317255059Z,2026-02-24T15:20:40.244377727Z,1,1,2534894,T,A,0,10.000000000,33,0,13670,165840126,10.000000000,10.100000000,33,220,1,2,UD:1V: VT 2534894
2026-02-24T15:20:40.367862120Z,2026-02-24T15:20:40.286386461Z,1,1,42426741,T,A,0,38.250000000,1,0,14684,489241492,38.250000000,38.500000000,1,18,1,5,ESH6 P6500
2026-02-24T15:20:40.611817525Z,2026-02-24T15:20:40.397637529Z,1,1,42887174,T,A,0,86.500000000,4,0,12888,489246371,86.500000000,87.000000000,4,21,1,2,ESH6 P6770
2026-02-24T15:20:41.112415884Z,2026-02-24T15:20:40.873104407Z,1,1,42427500,T,A,0,21.000000000,3,0,18061,489256339,21.000000000,21.250000000,5,90,1,6,ESH6 P6300
2026-02-24T15:20:41.114449109Z,2026-02-24T15:20:40.873119109Z,1,1,42427500,T,A,0,21.000000000,2,0,16098,489256380,21.000000000,21.250000000,2,90,1,6,ESH6 P6300
2026-02-24T15:20:41.213714967Z,2026-02-24T15:20:40.892489569Z,1,1,2551111,T,A,0,-21.000000000,1,0,11597,165846606,-21.000000000,-20.500000000,5,71,2,3,UD:1V: GN 2551111
2026-02-24T15:20:41.317081483Z,2026-02-24T15:20:40.897367381Z,1,1,42394731,T,A,0,24.750000000,1,0,11934,489259993,24.750000000,25.000000000,1,363,1,6,ESM6 P5000
2026-02-24T15:20:41.371392471Z,2026-02-24T15:20:40.898761799Z,1,1,42895806,T,A,0,72.000000000,4,0,11243,489261185,72.000000000,72.500000000,4,2,1,2,ESH6 P6710
2026-02-24T15:20:41.387297458Z,2026-02-24T15:20:40.900410367Z,1,1,42431946,T,A,0,128.000000000,40,0,11249,489261573,128.000000000,129.000000000,109,9,2,1,ESH6 P6900
2026-02-24T15:20:46.657471034Z,2026-02-24T15:20:46.601788525Z,1,1,42431946,T,A,0,128.000000000,60,0,17776,489359587,128.000000000,128.500000000,60,16,1,4,ESH6 P6900
2026-02-24T15:20:48.905607101Z,2026-02-24T15:20:48.764149037Z,1,1,42428246,T,A,0,28.000000000,1,0,11272,489400773,28.000000000,28.250000000,1,76,1,5,ESH6 P6400
2026-02-24T15:20:49.063089336Z,2026-02-24T15:20:48.879044811Z,1,1,42572477,T,B,0,10.300000000,4,0,12662,489404025,10.100000000,10.300000000,487,4,7,1,ESM6 C7750
2026-02-24T15:21:03.369119691Z,2026-02-24T15:21:02.852139909Z,1,1,42360164,T,A,0,6.900000000,1,0,11733,489625850,6.900000000,7.000000000,4,454,1,9,ESH6 P5850
2026-02-24T15:21:03.403398307Z,2026-02-24T15:21:02.862425773Z,1,1,42360164,T,A,0,6.900000000,2,0,12816,489626377,6.900000000,7.000000000,3,405,1,8,ESH6 P5850
2026-02-24T15:21:03.409146519Z,2026-02-24T15:21:02.862538485Z,1,1,42360164,T,A,0,6.900000000,1,0,13810,489626500,6.900000000,7.000000000,1,405,1,8,ESH6 P5850
2026-02-24T15:21:10.912605114Z,2026-02-24T15:21:10.907185147Z,1,1,2546567,T,B,0,28.250000000,1,0,15514,166023853,28.000000000,28.250000000,38,1,1,1,UD:1V: GN 2546567
2026-02-24T15:21:11.412156101Z,2026-02-24T15:21:11.069557827Z,1,1,2552155,T,A,0,58.500000000,1,0,11723,166028567,58.500000000,59.000000000,1,20,1,1,UD:1V: 12 2552155
2026-02-24T15:21:20.849143890Z,2026-02-24T15:21:20.832460955Z,1,1,42643324,T,A,0,86.000000000,1,0,11620,489914579,86.000000000,86.500000000,4,1,1,1,ESH6 P6775
2026-02-24T15:21:23.429030565Z,2026-02-24T15:21:23.260375269Z,1,1,42347631,T,A,0,17.800000000,1,0,14028,489947957,17.800000000,18.000000000,1,215,1,9,ESH6 P6250
2026-02-24T15:21:23.555371147Z,2026-02-24T15:21:23.337611527Z,1,1,42426741,T,A,0,37.250000000,1,0,17195,489950144,37.250000000,37.500000000,1,65,1,4,ESH6 P6500
2026-02-24T15:21:29.508091167Z,2026-02-24T15:21:29.352165171Z,1,1,2572008,T,B,0,9.600000000,1,0,13897,166133625,9.500000000,9.600000000,1085,1,8,1,UD:1V: VT 2572008
2026-02-24T15:21:52.354601423Z,2026-02-24T15:21:52.354056493Z,1,1,2547936,T,B,0,8.000000000,4,0,13399,166264865,7.600000000,8.000000000,158,4,5,1,UD:1V: 12 2547936
2026-02-24T15:22:00.942604455Z,2026-02-24T15:22:00.695211985Z,1,1,42360164,T,A,0,6.800000000,4,0,11414,490560682,6.800000000,6.900000000,4,152,1,3,ESH6 P5850
2026-02-24T15:22:01.276632655Z,2026-02-24T15:22:00.909734325Z,1,1,2550495,T,B,0,-3.150000000,4,0,13726,166320797,-3.200000000,-3.150000000,69,4,1,1,UD:1V: 12 2550495
2026-02-24T15:22:01.726820663Z,2026-02-24T15:22:01.288488651Z,1,1,42405231,T,A,0,5.600000000,69,0,18557,490570661,5.600000000,5.700000000,69,304,2,5,ESH6 P5750
2026-02-24T15:22:04.920938629Z,2026-02-24T15:22:04.532405369Z,1,1,42347631,T,A,0,17.700000000,1,0,17423,490629480,17.700000000,17.900000000,1,107,1,6,ESH6 P6250
2026-02-24T15:22:04.920938629Z,2026-02-24T15:22:04.532405189Z,1,1,42431942,T,A,0,0.250000000,15,0,17423,490629480,0.250000000,0.300000000,15,740,1,6,ESH6 P3600
2026-02-24T15:22:07.611581725Z,2026-02-24T15:22:07.438593973Z,1,1,42643323,T,A,0,14.300000000,5,0,17667,490670419,14.300000000,14.500000000,5,342,1,8,ESH6 P6175
2026-02-24T15:22:10.775003323Z,2026-02-24T15:22:10.698442897Z,1,1,42431945,T,A,0,92.500000000,1,0,12316,490726241,92.500000000,92.750000000,1,1,1,1,ESH6 P6800
2026-02-24T15:22:14.796063659Z,2026-02-24T15:22:14.700199525Z,1,1,42895796,T,A,0,116.000000000,1,0,11618,490790693,116.000000000,116.500000000,3,13,1,3,ESH6 C6880
2026-02-24T15:22:14.806742911Z,2026-02-24T15:22:14.700295565Z,1,1,42895796,T,A,0,116.000000000,2,0,11472,490790806,116.000000000,116.500000000,2,13,1,3,ESH6 C6880
2026-02-24T15:22:16.323863024Z,2026-02-24T15:22:16.212797853Z,1,1,42764937,T,A,0,73.500000000,8,0,18088,490811827,73.500000000,73.750000000,8,3,1,2,ESH6 P6725
2026-02-24T15:22:16.828051314Z,2026-02-24T15:22:16.337867253Z,1,1,42372953,T,B,0,275.000000000,1,0,13377,490820661,274.500000000,275.000000000,18,1,2,1,ESM6 C6900
2026-02-24T15:22:16.953611152Z,2026-02-24T15:22:16.407750965Z,1,1,42431181,T,A,0,50.000000000,2,0,11349,490823111,50.000000000,50.250000000,2,44,1,2,ESH6 P6600
2026-02-24T15:22:20.052071470Z,2026-02-24T15:22:19.813901549Z,1,1,4215052,T,A,0,362.000000000,9,0,12244,490879664,362.000000000,363.000000000,19,3,1,1,ESZ6 P6800
2026-02-24T15:22:25.332158122Z,2026-02-24T15:22:25.269092645Z,1,1,4215052,T,A,0,362.000000000,9,0,11533,490955271,362.000000000,363.000000000,90,22,2,2,ESZ6 P6800
2026-02-24T15:22:30.982209827Z,2026-02-24T15:22:30.258423715Z,1,1,42887191,T,B,0,114.500000000,3,0,13438,491018457,114.000000000,114.500000000,25,3,2,1,ESH6 P6870
2026-02-24T15:22:32.716845325Z,2026-02-24T15:22:31.897323973Z,1,1,2914941,T,A,0,10.900000000,70,0,21745,166502881,10.900000000,11.000000000,211,70,1,1,UD:1V: VT 2914941
2026-02-24T15:22:32.904568535Z,2026-02-24T15:22:32.148750307Z,1,1,2552058,T,A,0,12.600000000,1,0,17148,166504763,12.600000000,12.700000000,1,116,1,3,UD:1V: IC 2552058
2026-02-24T15:22:43.539194130Z,2026-02-24T15:22:43.125327003Z,1,1,42372885,T,A,0,16.200000000,1,0,14102,491236846,16.200000000,16.400000000,1,450,1,6,ESM6 P4550
2026-02-24T15:22:48.052700862Z,2026-02-24T15:22:47.997832257Z,1,1,42394740,T,A,0,29.500000000,4,0,10316,491297248,29.500000000,29.750000000,115,127,2,3,ESM6 P5200
2026-02-24T15:22:52.752675287Z,2026-02-24T15:22:52.569562467Z,1,1,42429673,T,A,0,3.000000000,2,0,12079,491372902,3.000000000,3.100000000,2,360,2,7,ESH6 P5400
2026-02-24T15:22:52.812739504Z,2026-02-24T15:22:52.610654575Z,1,1,42397938,T,A,0,10.200000000,6,0,11119,491374604,10.200000000,10.400000000,6,300,1,6,ESH6 P6050
2026-02-24T15:22:54.056821523Z,2026-02-24T15:22:54.045999413Z,1,1,42229818,T,B,0,164.500000000,3,0,29431,491394772,164.000000000,164.500000000,37,3,2,1,ESU6 C7350
2026-02-24T15:22:54.102994863Z,2026-02-24T15:22:54.089660605Z,1,1,42449905,T,A,0,191.500000000,9,0,11447,491396032,191.500000000,192.500000000,30,126,1,4,ESZ6 P6050
2026-02-24T15:22:54.366667055Z,2026-02-24T15:22:54.345549525Z,1,1,4112315,T,A,0,333.500000000,9,0,14508,491399608,333.500000000,334.500000000,21,24,1,2,ESZ6 P6700
2026-02-24T15:22:54.916448552Z,2026-02-24T15:22:54.903859215Z,1,1,42394740,T,A,0,29.500000000,3,0,13790,491410089,29.500000000,29.750000000,218,56,3,3,ESM6 P5200
2026-02-24T15:22:56.110554690Z,2026-02-24T15:22:56.058037833Z,1,1,42394733,T,A,0,32.750000000,3,0,11685,491425106,32.750000000,33.000000000,220,38,4,3,ESM6 P5300
2026-02-24T15:22:56.767551070Z,2026-02-24T15:22:56.759698953Z,1,1,42471229,T,B,0,127.500000000,4,0,21306,491435559,127.000000000,127.500000000,26,4,1,1,ESU6 C7450
2026-02-24T15:22:57.255125171Z,2026-02-24T15:22:57.245287481Z,1,1,42435427,T,A,0,79.250000000,1,0,12922,491441335,79.250000000,79.500000000,1,6,1,2,ESH6 P6750
2026-02-24T15:23:00.047320357Z,2026-02-24T15:22:59.977646993Z,1,1,42394812,T,A,0,212.000000000,1,0,16653,491470115,212.000000000,213.000000000,31,84,4,7,ESM6 P6800
2026-02-24T15:23:00.470694723Z,2026-02-24T15:23:00.211791743Z,1,1,42477735,T,B,0,487.500000000,4,0,12969,491477161,486.000000000,487.500000000,34,4,3,1,ESM7 P6900
2026-02-24T15:23:00.557750499Z,2026-02-24T15:23:00.225381495Z,1,1,42426741,T,B,0,37.000000000,5,0,11373,491478851,36.750000000,37.000000000,64,5,5,1,ESH6 P6500
2026-02-24T15:23:00.793304429Z,2026-02-24T15:23:00.665089659Z,1,1,4112315,T,A,0,333.500000000,9,0,14089,491484873,333.500000000,334.500000000,21,24,1,2,ESZ6 P6700
2026-02-24T15:23:01.761171527Z,2026-02-24T15:23:01.612397457Z,1,1,42384726,T,A,0,41.000000000,3,0,13137,491505368,41.000000000,41.250000000,57,108,1,2,ESM6 P5500
2026-02-24T15:23:01.846905533Z,2026-02-24T15:23:01.677646773Z,1,1,42409658,T,B,0,43.500000000,4,0,13951,491507242,43.250000000,43.500000000,59,4,2,1,ESM6 P5550
2026-02-24T15:23:01.896578063Z,2026-02-24T15:23:01.714671893Z,1,1,42404355,T,A,0,38.750000000,3,0,16625,491508294,38.750000000,39.000000000,59,170,1,2,ESM6 P5450
2026-02-24T15:23:04.213811693Z,2026-02-24T15:23:04.079938361Z,1,1,42506300,T,B,0,145.000000000,3,0,19825,491547985,144.000000000,145.000000000,64,3,4,1,ESU6 C7400
2026-02-24T15:23:05.161246651Z,2026-02-24T15:23:05.107914677Z,1,1,42529461,T,A,0,348.000000000,9,0,14334,491562846,348.000000000,349.000000000,20,23,1,2,ESZ6 P6750
2026-02-24T15:23:07.741802540Z,2026-02-24T15:23:07.449946093Z,1,1,2987461,T,A,0,19.400000000,1,0,15655,166690521,19.400000000,19.500000000,1,722,1,6,UD:1V: VT 2987461
2026-02-24T15:23:07.761565483Z,2026-02-24T15:23:07.454267025Z,1,1,42429674,T,B,0,69.000000000,10,0,17713,491604199,68.750000000,69.000000000,27,10,2,1,ESH6 P6700
2026-02-24T15:23:13.310581407Z,2026-02-24T15:23:13.288631331Z,1,1,4112315,T,A,0,334.500000000,9,0,11757,491707742,334.500000000,335.500000000,74,3,1,1,ESZ6 P6700
2026-02-24T15:23:14.755372915Z,2026-02-24T15:23:14.745431999Z,1,1,42477735,T,B,0,488.500000000,4,0,12186,491731350,487.000000000,488.500000000,40,4,3,1,ESM7 P6900
2026-02-24T15:23:15.306563271Z,2026-02-24T15:23:15.119979573Z,1,1,42764934,T,A,0,18.900000000,35,0,16764,491739608,18.900000000,19.200000000,35,291,1,9,ESH6 P6275
2026-02-24T15:23:18.435794323Z,2026-02-24T15:23:18.434994643Z,1,1,42477735,T,B,0,488.500000000,4,0,14104,491790368,487.500000000,488.500000000,12,4,1,1,ESM7 P6900
2026-02-24T15:23:27.396307800Z,2026-02-24T15:23:27.304783037Z,1,1,42529461,T,A,0,349.000000000,9,0,11139,491931742,349.000000000,350.500000000,65,25,1,1,ESZ6 P6750
2026-02-24T15:23:29.123512039Z,2026-02-24T15:23:29.085649755Z,1,1,42347631,T,A,0,17.500000000,4,0,13407,491967508,17.500000000,17.700000000,4,101,1,2,ESH6 P6250
2026-02-24T15:23:31.101327162Z,2026-02-24T15:23:30.820669987Z,1,1,2542134,T,A,0,91.000000000,2,0,13594,166830260,91.000000000,91.750000000,2,53,1,2,UD:1V: SG 2542134
2026-02-24T15:23:31.101589765Z,2026-02-24T15:23:30.820670163Z,1,1,2861732,T,A,0,10.700000000,66,0,15407,166830262,10.700000000,10.900000000,220,240,1,4,UD:1V: VT 2861732
2026-02-24T15:23:39.813899143Z,2026-02-24T15:23:39.556256149Z,1,1,42689131,T,A,0,13.400000000,1,0,13506,492139536,13.400000000,13.600000000,20,120,1,5,ESH6 C7125
2026-02-24T15:23:39.888899739Z,2026-02-24T15:23:39.569772717Z,1,1,42689131,T,A,0,13.400000000,1,0,11498,492140371,13.400000000,13.600000000,19,143,1,6,ESH6 C7125
2026-02-24T15:23:39.895655040Z,2026-02-24T15:23:39.569876461Z,1,1,42689131,T,A,0,13.400000000,2,0,15863,492140562,13.400000000,13.600000000,18,143,1,6,ESH6 C7125
2026-02-24T15:23:39.897089340Z,2026-02-24T15:23:39.569906455Z,1,1,42689131,T,A,0,13.400000000,2,0,13245,492140603,13.400000000,13.600000000,16,143,1,6,ESH6 C7125
2026-02-24T15:23:39.898854093Z,2026-02-24T15:23:39.569918417Z,1,1,42689131,T,A,0,13.400000000,2,0,13867,492140625,13.400000000,13.600000000,14,143,1,6,ESH6 C7125
2026-02-24T15:23:52.997346991Z,2026-02-24T15:23:52.611722115Z,1,1,42430464,T,B,0,5.000000000,1,0,12530,492304153,4.900000000,5.000000000,230,1,6,1,ESH6 C7200
2026-02-24T15:23:58.760738839Z,2026-02-24T15:23:58.498073741Z,1,1,42404337,T,A,0,14.200000000,1,0,15068,492402476,14.200000000,14.300000000,1,149,1,3,ESM6 P4400
2026-02-24T15:23:59.583060053Z,2026-02-24T15:23:59.398210431Z,1,1,42435427,T,B,0,78.500000000,10,0,14124,492419000,78.250000000,78.500000000,13,10,2,1,ESH6 P6750
2026-02-24T15:24:00.550047989Z,2026-02-24T15:24:00.538712049Z,1,1,42499828,T,A,0,9.800000000,27,0,18311,492436375,9.800000000,10.000000000,60,133,4,6,ESH6 C7150
2026-02-24T15:24:00.561946223Z,2026-02-24T15:24:00.539094957Z,1,1,42499828,T,A,0,9.800000000,1,0,14678,492436650,9.800000000,10.000000000,33,129,2,5,ESH6 C7150
2026-02-24T15:24:00.565208363Z,2026-02-24T15:24:00.539521277Z,1,1,42499828,T,A,0,9.800000000,1,0,11308,492436769,9.800000000,10.000000000,32,129,2,5,ESH6 C7150
2026-02-24T15:24:00.673395637Z,2026-02-24T15:24:00.671816025Z,1,1,42499828,T,A,0,9.800000000,1,0,14505,492438322,9.800000000,10.000000000,31,194,2,6,ESH6 C7150
2026-02-24T15:24:00.691519357Z,2026-02-24T15:24:00.672062111Z,1,1,42499828,T,A,0,9.800000000,4,0,11800,492438593,9.800000000,10.000000000,30,181,2,5,ESH6 C7150
2026-02-24T15:24:00.984112928Z,2026-02-24T15:24:00.978995667Z,1,1,42499828,T,A,0,9.800000000,12,0,16233,492441850,9.800000000,10.000000000,26,256,2,8,ESH6 C7150
2026-02-24T15:24:03.119725733Z,2026-02-24T15:24:02.995673605Z,1,1,42435427,T,B,0,79.000000000,1,0,13453,492475875,78.750000000,79.000000000,48,1,4,1,ESH6 P6750
2026-02-24T15:24:03.764558149Z,2026-02-24T15:24:03.762389517Z,1,1,42429674,T,A,0,67.500000000,1,0,15589,492486974,67.500000000,68.000000000,133,30,11,2,ESH6 P6700
2026-02-24T15:24:12.392911994Z,2026-02-24T15:24:12.175972801Z,1,1,42431945,T,B,0,91.750000000,1,0,14399,492595848,91.250000000,91.750000000,19,30,1,3,ESH6 P6800
2026-02-24T15:24:16.783614360Z,2026-02-24T15:24:16.774875493Z,1,1,42431944,T,B,0,8.900000000,1,0,16720,492655422,8.800000000,8.900000000,222,1,6,1,ESH6 P6000
2026-02-24T15:24:26.139258271Z,2026-02-24T15:24:25.477953297Z,1,1,42431945,T,A,0,91.000000000,1,0,12501,492780090,91.000000000,91.500000000,1,19,1,1,ESH6 P6800
2026-02-24T15:24:26.174840155Z,2026-02-24T15:24:25.477976629Z,1,1,42921501,T,A,0,13.900000000,4,0,11552,492780818,13.900000000,14.100000000,4,4,1,1,ESH6 P6180
2026-02-24T15:24:27.749176704Z,2026-02-24T15:24:26.918753043Z,1,1,42399597,T,A,0,14.800000000,1,0,13213,492804786,14.800000000,14.900000000,1,363,1,5,ESM6 P4450
2026-02-24T15:24:28.272642861Z,2026-02-24T15:24:27.773564365Z,1,1,42430464,T,B,0,5.000000000,1,0,27392,492815877,4.950000000,5.000000000,40,1,3,1,ESH6 C7200
2026-02-24T15:24:33.908450384Z,2026-02-24T15:24:33.782398293Z,1,1,42895796,T,A,0,116.500000000,1,0,21538,492886702,116.500000000,117.000000000,3,47,1,7,ESH6 C6880
2026-02-24T15:24:33.955736689Z,2026-02-24T15:24:33.783283053Z,1,1,42895796,T,A,0,116.500000000,2,0,12034,492887409,116.500000000,117.000000000,2,47,1,7,ESH6 C6880
2026-02-24T15:24:36.299449671Z,2026-02-24T15:24:36.298653827Z,1,1,42428246,T,A,0,26.500000000,1,0,16319,492912992,26.500000000,27.000000000,157,330,8,14,ESH6 P6400
2026-02-24T15:24:41.033377523Z,2026-02-24T15:24:41.023539791Z,1,1,42427501,T,A,0,171.000000000,1,0,14416,492976661,171.000000000,171.500000000,1,13,1,3,ESH6 P7000
2026-02-24T15:24:44.849472882Z,2026-02-24T15:24:44.826982653Z,1,1,42496686,T,A,0,4.850000000,1,0,18071,493045297,4.850000000,4.900000000,1,107,1,3,ESU6 C8500
2026-02-24T15:24:49.577689807Z,2026-02-24T15:24:49.528334463Z,1,1,42397939,T,A,0,7.900000000,1,0,18390,493096700,7.900000000,8.000000000,1,302,1,7,ESH6 P5950
2026-02-24T15:24:51.891040367Z,2026-02-24T15:24:51.890528885Z,1,1,42431181,T,A,0,49.250000000,5,0,12770,493126887,49.250000000,49.500000000,5,69,1,7,ESH6 P6600
2026-02-24T15:25:02.234508135Z,2026-02-24T15:25:02.145851225Z,1,1,42431945,T,A,0,90.500000000,1,0,13928,493249520,90.500000000,91.000000000,1,46,1,8,ESH6 P6800
2026-02-24T15:25:03.978145885Z,2026-02-24T15:25:03.977622293Z,1,1,42488858,T,A,0,0.900000000,50,0,13478,493280726,0.900000000,0.950000000,50,348,1,5,ESH6 C7350
2026-02-24T15:25:03.979033514Z,2026-02-24T15:25:03.978588149Z,1,1,42426734,T,A,0,0.550000000,1,0,13162,493280733,0.550000000,0.650000000,1,170,1,5,ESH6 C7400
2026-02-24T15:25:09.848466237Z,2026-02-24T15:25:09.847651169Z,1,1,2552643,T,A,0,9.900000000,1,0,15147,167305861,9.900000000,10.000000000,229,626,2,6,UD:1V: VT 2552643
2026-02-24T15:25:11.224885754Z,2026-02-24T15:25:10.880083593Z,1,1,42887191,T,B,0,113.500000000,3,0,14471,493388025,113.000000000,113.500000000,18,3,2,1,ESH6 P6870
2026-02-24T15:25:15.286265786Z,2026-02-24T15:25:15.066685337Z,1,1,42431945,T,A,0,91.000000000,1,0,13322,493449793,91.000000000,91.250000000,1,20,1,2,ESH6 P6800
2026-02-24T15:25:19.460749255Z,2026-02-24T15:25:19.460389657Z,1,1,2552608,T,A,0,5.400000000,1,0,13853,167355339,5.400000000,5.500000000,1,2902,1,12,UD:1V: VT 2552608
2026-02-24T15:25:19.865088075Z,2026-02-24T15:25:19.864111891Z,1,1,42347631,T,A,0,16.800000000,1,0,14112,493514436,16.800000000,17.000000000,1,281,1,10,ESH6 P6250
2026-02-24T15:25:20.237369421Z,2026-02-24T15:25:20.107797353Z,1,1,42427500,T,A,0,19.500000000,33,0,16062,493518834,19.500000000,19.600000000,100,72,1,3,ESH6 P6300
2026-02-24T15:25:20.403007367Z,2026-02-24T15:25:20.160139227Z,1,1,42427500,T,A,0,19.500000000,42,0,15073,493521779,19.500000000,19.600000000,67,77,1,4,ESH6 P6300
2026-02-24T15:25:20.417135658Z,2026-02-24T15:25:20.160473739Z,1,1,42427500,T,A,0,19.500000000,25,0,11487,493522205,19.500000000,19.600000000,25,60,1,4,ESH6 P6300
2026-02-24T15:25:25.338852675Z,2026-02-24T15:25:25.156866659Z,1,1,2861732,T,B,0,10.300000000,4,0,12739,167390305,10.100000000,10.300000000,650,4,7,1,UD:1V: VT 2861732
2026-02-24T15:25:30.619078118Z,2026-02-24T15:25:30.570808711Z,1,1,2539484,T,B,0,1.700000000,1,0,14579,167412676,1.650000000,1.700000000,4199,1,9,1,UD:1V: VT 2539484
2026-02-24T15:25:35.234387048Z,2026-02-24T15:25:35.163656317Z,1,1,42431945,T,A,0,90.250000000,1,0,13756,493731692,90.250000000,90.500000000,1,19,1,1,ESH6 P6800
2026-02-24T15:25:36.780644634Z,2026-02-24T15:25:36.473581373Z,1,1,3131113,T,A,0,6.700000000,1,0,16638,167443609,6.700000000,6.800000000,1,31,1,1,UD:1V: GN 3131113
2026-02-24T15:25:37.268100091Z,2026-02-24T15:25:37.182574475Z,1,1,42404337,T,A,0,14.100000000,1,0,15349,493773513,14.100000000,14.200000000,1,202,1,4,ESM6 P4400
2026-02-24T15:25:40.579626262Z,2026-02-24T15:25:40.249602117Z,1,1,2542322,T,A,0,44.250000000,1,0,13705,167470087,44.250000000,45.000000000,1,19,1,1,UD:1V: SG 2542322
2026-02-24T15:25:41.675001469Z,2026-02-24T15:25:41.674319657Z,1,1,2542085,T,B,0,10.600000000,4,0,14773,167476717,10.500000000,10.600000000,347,4,3,1,UD:1V: VT 2542085
2026-02-24T15:25:53.234248977Z,2026-02-24T15:25:53.044632693Z,1,1,42435427,T,B,0,77.250000000,1,0,13431,494008460,77.000000000,77.250000000,45,1,4,1,ESH6 P6750
2026-02-24T15:26:06.764348701Z,2026-02-24T15:26:06.763820301Z,1,1,42483456,T,B,0,32.750000000,1,0,13661,494221231,32.250000000,32.750000000,141,28,9,1,ESH6 C7050
2026-02-24T15:26:07.913774226Z,2026-02-24T15:26:07.827558733Z,1,1,2514759,T,B,0,60.250000000,68,0,15758,167616694,60.000000000,60.250000000,109,68,3,1,UD:1V: VT 2514759
2026-02-24T15:26:08.341905565Z,2026-02-24T15:26:07.997655813Z,1,1,42431944,T,B,0,8.700000000,1,0,13086,494244213,8.600000000,8.700000000,188,1,3,1,ESH6 P6000
2026-02-24T15:26:15.597057975Z,2026-02-24T15:26:15.596502197Z,1,1,2552684,T,A,0,30.500000000,1,0,15268,167657683,30.500000000,30.750000000,94,64,3,2,UD:1V: VT 2552684
2026-02-24T15:26:17.265223215Z,2026-02-24T15:26:17.222534631Z,1,1,42431945,T,A,0,89.750000000,1,0,11216,494370961,89.750000000,90.000000000,1,37,1,4,ESH6 P6800
2026-02-24T15:26:21.333795576Z,2026-02-24T15:26:21.303628337Z,1,1,42399597,T,A,0,14.700000000,1,0,11586,494422530,14.700000000,14.800000000,1,273,1,5,ESM6 P4450
2026-02-24T15:26:21.547379317Z,2026-02-24T15:26:21.545910159Z,1,1,42431946,T,A,0,122.000000000,117,0,15336,494426585,122.000000000,122.500000000,120,65,2,9,ESH6 P6900
2026-02-24T15:26:21.562526730Z,2026-02-24T15:26:21.546012049Z,1,1,42431946,T,A,0,122.000000000,3,0,17314,494426807,122.000000000,122.500000000,3,65,1,9,ESH6 P6900
2026-02-24T15:26:27.938905853Z,2026-02-24T15:26:27.863654079Z,1,1,2550045,T,A,0,3.150000000,1,0,14112,167710741,3.150000000,3.250000000,1241,2601,4,7,UD:1V: VT 2550045
2026-02-24T15:26:32.313589501Z,2026-02-24T15:26:31.955473153Z,1,1,42868334,T,B,0,131.500000000,4,0,15832,494571829,131.000000000,131.500000000,35,4,7,1,ESH6 C6860
2026-02-24T15:26:32.451063952Z,2026-02-24T15:26:32.009595659Z,1,1,2542134,T,A,0,90.000000000,5,0,11678,167737260,90.000000000,90.250000000,5,2,1,1,UD:1V: SG 2542134
2026-02-24T15:26:32.453965248Z,2026-02-24T15:26:32.009590815Z,1,1,42506303,T,A,0,3.300000000,3,0,12068,494574492,3.300000000,3.350000000,3,168,1,1,ESU6 P2000
2026-02-24T15:26:32.467936933Z,2026-02-24T15:26:32.009598191Z,1,1,42426741,T,A,0,35.000000000,2,0,13509,494574728,35.000000000,35.250000000,2,34,1,1,ESH6 P6500
2026-02-24T15:26:33.295059259Z,2026-02-24T15:26:33.097507669Z,1,1,42689132,T,A,0,42.000000000,3,0,13039,494592394,42.000000000,42.250000000,3,9,1,1,ESH6 C7025
2026-02-24T15:26:34.077922157Z,2026-02-24T15:26:34.000364797Z,1,1,42608051,T,A,0,25.250000000,3,0,14609,494609109,25.250000000,25.500000000,3,99,1,10,ESH6 C7075
2026-02-24T15:26:35.902948359Z,2026-02-24T15:26:35.902417515Z,1,1,42896847,T,A,0,43.750000000,4,0,11451,494625006,43.750000000,44.000000000,4,30,1,2,ESH6 C7020
2026-02-24T15:26:37.639185705Z,2026-02-24T15:26:37.489260803Z,1,1,42427507,T,A,0,173.000000000,3,0,14941,494648304,173.000000000,173.500000000,3,54,1,7,ESH6 C6800
2026-02-24T15:26:39.992222722Z,2026-02-24T15:26:39.975004829Z,1,1,42608051,T,A,0,25.250000000,3,0,14392,494673177,25.250000000,25.500000000,3,135,1,9,ESH6 C7075
2026-02-24T15:26:42.100651664Z,2026-02-24T15:26:42.099201881Z,1,1,2552709,T,B,0,52.250000000,1,0,16863,167785496,51.500000000,52.250000000,118,4,7,1,UD:1V: SG 2552709
2026-02-24T15:26:42.424245029Z,2026-02-24T15:26:42.423654857Z,1,1,42483456,T,A,0,32.750000000,3,0,12832,494709787,32.750000000,33.000000000,3,95,1,6,ESH6 C7050
2026-02-24T15:26:44.265778420Z,2026-02-24T15:26:44.085408231Z,1,1,42887174,T,A,0,81.250000000,2,0,11703,494726803,81.250000000,81.750000000,2,26,1,2,ESH6 P6770
2026-02-24T15:26:44.311933024Z,2026-02-24T15:26:44.085731931Z,1,1,2537126,T,A,0,28.250000000,48,0,11565,167793526,28.250000000,28.500000000,48,50,2,2,UD:1V: VT 2537126
2026-02-24T15:26:44.313560907Z,2026-02-24T15:26:44.085624353Z,1,1,42874360,T,A,0,78.750000000,4,0,12000,494727621,78.750000000,79.250000000,4,26,1,2,ESH6 P6760
2026-02-24T15:26:44.315377926Z,2026-02-24T15:26:44.085627727Z,1,1,42874369,T,A,0,74.000000000,2,0,15797,494727655,74.000000000,74.500000000,4,28,1,3,ESH6 P6740
2026-02-24T15:26:44.353229111Z,2026-02-24T15:26:44.085734335Z,1,1,42874369,T,A,0,74.000000000,2,0,13399,494728307,74.000000000,74.500000000,2,27,1,2,ESH6 P6740
2026-02-24T15:26:48.807045387Z,2026-02-24T15:26:48.218984001Z,1,1,42865924,T,A,0,21.750000000,2,0,14176,494809002,21.750000000,22.000000000,2,58,1,4,ESH6 C7090
2026-02-24T15:26:49.308997605Z,2026-02-24T15:26:48.783724547Z,1,1,42895795,T,B,0,126.000000000,2,0,14719,494818844,125.500000000,126.000000000,4,17,1,1,ESH6 C6870
2026-02-24T15:26:49.604357587Z,2026-02-24T15:26:49.157448703Z,1,1,2861732,T,B,0,9.900000000,4,0,17994,167832513,9.800000000,9.900000000,325,4,2,1,UD:1V: VT 2861732
2026-02-24T15:26:50.131414344Z,2026-02-24T15:26:49.828546265Z,1,1,42764937,T,B,0,70.000000000,1,0,12208,494836348,69.500000000,70.000000000,46,1,6,1,ESH6 P6725
2026-02-24T15:26:50.132938879Z,2026-02-24T15:26:49.828579307Z,1,1,42671291,T,B,0,60.000000000,1,0,11376,494836350,59.500000000,60.000000000,91,1,7,1,ESH6 P6675
2026-02-24T15:26:50.137413807Z,2026-02-24T15:26:49.828885283Z,1,1,42886220,T,B,0,61.000000000,4,0,11281,494836445,60.500000000,61.000000000,34,4,4,1,ESH6 P6680
2026-02-24T15:26:50.703669021Z,2026-02-24T15:26:50.586269627Z,1,1,42435427,T,A,0,75.250000000,1,0,16480,494849195,75.250000000,75.750000000,1,1,1,1,ESH6 P6750
2026-02-24T15:26:50.703669021Z,2026-02-24T15:26:50.586269627Z,1,1,42435427,T,A,0,75.000000000,9,0,16480,494849195,75.250000000,75.750000000,1,1,1,1,ESH6 P6750
2026-02-24T15:26:50.766083667Z,2026-02-24T15:26:50.742849599Z,1,1,42429064,T,A,0,103.000000000,3,0,14730,494851292,103.000000000,103.500000000,3,82,1,7,ESH6 P6850
2026-02-24T15:26:51.298656499Z,2026-02-24T15:26:51.293490985Z,1,1,42429674,T,A,0,65.000000000,3,0,15638,494861324,65.000000000,65.250000000,3,58,1,6,ESH6 P6700
2026-02-24T15:26:51.822425755Z,2026-02-24T15:26:51.821888159Z,1,1,42435427,T,A,0,75.750000000,3,0,14702,494865372,75.750000000,76.000000000,3,57,1,6,ESH6 P6750
2026-02-24T15:26:52.345652432Z,2026-02-24T15:26:52.345038537Z,1,1,42429674,T,A,0,65.000000000,3,0,13264,494874095,65.000000000,65.250000000,3,78,1,8,ESH6 P6700
2026-02-24T15:26:53.292509864Z,2026-02-24T15:26:53.291657437Z,1,1,42435427,T,A,0,75.750000000,3,0,16467,494883999,75.750000000,76.000000000,3,78,1,7,ESH6 P6750
2026-02-24T15:26:54.451187858Z,2026-02-24T15:26:54.369452563Z,1,1,42435427,T,A,0,75.750000000,3,0,13013,494901947,75.750000000,76.000000000,3,68,1,5,ESH6 P6750
2026-02-24T15:26:55.136408655Z,2026-02-24T15:26:55.028752937Z,1,1,42911604,T,A,0,49.250000000,2,0,15609,494913638,49.250000000,49.500000000,2,65,1,5,ESH6 P6610
2026-02-24T15:26:55.691318251Z,2026-02-24T15:26:55.682342991Z,1,1,42427508,T,A,0,19.200000000,3,0,17049,494922641,19.200000000,19.400000000,3,103,1,5,ESH6 C7100
2026-02-24T15:26:56.224350867Z,2026-02-24T15:26:56.223846193Z,1,1,42723578,T,A,0,51.500000000,3,0,11810,494928868,51.500000000,51.750000000,3,86,1,8,ESH6 P6625
2026-02-24T15:26:56.756100200Z,2026-02-24T15:26:56.755019973Z,1,1,42723578,T,A,0,51.500000000,7,0,15009,494932746,51.500000000,51.750000000,7,84,1,7,ESH6 P6625
2026-02-24T15:26:57.073616387Z,2026-02-24T15:26:57.063429427Z,1,1,42431945,T,B,0,88.000000000,5,0,14331,494938709,87.750000000,88.000000000,42,5,6,1,ESH6 P6800
2026-02-24T15:26:57.936878283Z,2026-02-24T15:26:57.719648417Z,1,1,42886214,T,A,0,59.000000000,1,0,11312,494949895,59.000000000,59.250000000,6,28,1,2,ESH6 P6670
2026-02-24T15:26:57.979665973Z,2026-02-24T15:26:57.802402595Z,1,1,42643324,T,A,0,81.500000000,7,0,14937,494950964,81.500000000,81.750000000,7,28,1,2,ESH6 P6775
2026-02-24T15:26:58.502892640Z,2026-02-24T15:26:58.502290065Z,1,1,42429674,T,A,0,64.750000000,7,0,14301,494958321,64.750000000,65.000000000,7,97,1,9,ESH6 P6700
2026-02-24T15:27:00.544537834Z,2026-02-24T15:26:59.628776231Z,1,1,42723512,T,A,0,156.500000000,1,0,15769,494982701,156.500000000,157.000000000,7,28,1,4,ESH6 C6825
2026-02-24T15:27:00.544547664Z,2026-02-24T15:26:59.628776231Z,1,1,42865921,T,A,0,153.000000000,1,0,12077,494982702,153.000000000,153.500000000,6,19,1,2,ESH6 C6830
2026-02-24T15:27:02.212256536Z,2026-02-24T15:27:01.876924569Z,1,1,42874369,T,A,0,73.000000000,6,0,14400,495015335,73.000000000,73.250000000,6,26,1,3,ESH6 P6740
2026-02-24T15:27:02.947560408Z,2026-02-24T15:27:02.703209129Z,1,1,42431945,T,B,0,88.000000000,1,0,17150,495031052,87.250000000,88.000000000,68,4,7,1,ESH6 P6800
2026-02-24T15:27:03.028842231Z,2026-02-24T15:27:02.751258569Z,1,1,2914941,T,A,0,11.400000000,3,0,16632,167915886,11.400000000,11.500000000,3,69,1,1,UD:1V: VT 2914941
2026-02-24T15:27:03.171303655Z,2026-02-24T15:27:03.011107933Z,1,1,42895804,T,A,0,24.250000000,6,0,15245,495035751,24.250000000,24.500000000,6,1,1,1,ESH6 C7080
2026-02-24T15:27:04.030203477Z,2026-02-24T15:27:03.878890055Z,1,1,42427508,T,A,0,19.300000000,7,0,11913,495053403,19.300000000,19.400000000,7,37,1,2,ESH6 C7100
2026-02-24T15:27:05.994254570Z,2026-02-24T15:27:05.873191649Z,1,1,42428250,T,A,0,334.000000000,7,0,11306,495094349,334.000000000,337.000000000,7,12,1,1,ESH6 C6600
2026-02-24T15:27:06.885857703Z,2026-02-24T15:27:06.883840335Z,1,1,42868336,T,A,0,39.000000000,1,0,10486,495110771,39.000000000,39.250000000,1,18,1,1,ESH6 P6540
2026-02-24T15:27:07.531889901Z,2026-02-24T15:27:07.187389049Z,1,1,2914941,T,A,0,11.500000000,3,0,16277,167952612,11.500000000,11.600000000,3,215,1,3,UD:1V: VT 2914941
2026-02-24T15:27:08.291680496Z,2026-02-24T15:27:07.685697211Z,1,1,42428246,T,A,0,25.000000000,2,0,14684,495138465,25.000000000,26.500000000,2,84,1,1,ESH6 P6400
2026-02-24T15:27:08.298196923Z,2026-02-24T15:27:07.685699701Z,1,1,2514858,T,A,0,17.000000000,10,0,11335,167959427,17.000000000,17.500000000,10,137,1,1,UD:1V: VT 2514858
2026-02-24T15:27:08.298296931Z,2026-02-24T15:27:07.685701433Z,1,1,2542295,T,A,0,51.500000000,1,0,11379,167959431,51.500000000,53.000000000,1,63,1,1,UD:1V: SG 2542295
2026-02-24T15:27:09.233358477Z,2026-02-24T15:27:08.838174599Z,1,1,2552608,T,B,0,5.300000000,1,0,16518,167967894,5.100000000,5.300000000,2155,2154,7,7,UD:1V: VT 2552608
2026-02-24T15:27:09.323785858Z,2026-02-24T15:27:08.979612889Z,1,1,3105403,T,A,0,5.100000000,4,0,17007,167968610,5.100000000,5.200000000,4,629,1,4,UD:1V: VT 3105403
2026-02-24T15:27:09.352715544Z,2026-02-24T15:27:08.987977391Z,1,1,2914941,T,A,0,11.500000000,3,0,16029,167968929,11.500000000,11.600000000,3,184,1,2,UD:1V: VT 2914941
2026-02-24T15:27:09.818936994Z,2026-02-24T15:27:09.297764907Z,1,1,42671291,T,A,0,59.000000000,7,0,11635,495166640,59.000000000,59.500000000,7,23,1,1,ESH6 P6675
2026-02-24T15:27:10.949987507Z,2026-02-24T15:27:10.713108047Z,1,1,42894570,T,B,0,51.500000000,1,0,12624,495186659,51.000000000,51.500000000,37,1,5,1,ESH6 P6630
2026-02-24T15:27:10.970931810Z,2026-02-24T15:27:10.741182061Z,1,1,42429674,T,B,0,64.000000000,7,0,18292,495186893,63.500000000,64.000000000,54,27,8,2,ESH6 P6700
2026-02-24T15:27:11.508236891Z,2026-02-24T15:27:11.506359857Z,1,1,42670701,T,A,0,314.000000000,7,0,14267,495195629,314.000000000,314.500000000,7,6,1,1,ESH6 C6625
2026-02-24T15:27:12.041812475Z,2026-02-24T15:27:12.041262725Z,1,1,42428250,T,A,0,335.000000000,7,0,13133,495199548,335.000000000,335.500000000,7,1,1,1,ESH6 C6600
2026-02-24T15:27:12.479511202Z,2026-02-24T15:27:12.460943227Z,1,1,42429064,T,B,0,101.500000000,1,0,22177,495206862,101.000000000,101.500000000,81,1,10,1,ESH6 P6850
2026-02-24T15:27:12.565832048Z,2026-02-24T15:27:12.565290451Z,1,1,42670703,T,A,0,232.500000000,7,0,14430,495207569,232.500000000,233.000000000,7,36,1,7,ESH6 C6725
2026-02-24T15:27:13.276644992Z,2026-02-24T15:27:13.148314843Z,1,1,42670701,T,A,0,314.000000000,6,0,11533,495216408,314.000000000,314.500000000,7,18,1,2,ESH6 C6625
2026-02-24T15:27:13.333499039Z,2026-02-24T15:27:13.162051413Z,1,1,42670701,T,A,0,314.000000000,1,0,25627,495217532,314.000000000,314.500000000,1,12,1,1,ESH6 C6625
2026-02-24T15:27:14.164933797Z,2026-02-24T15:27:14.044418539Z,1,1,42429674,T,A,0,64.250000000,1,0,14471,495232332,64.250000000,64.500000000,7,152,1,11,ESH6 P6700
2026-02-24T15:27:14.230169231Z,2026-02-24T15:27:14.157666481Z,1,1,42429674,T,A,0,64.250000000,6,0,14540,495233863,64.250000000,64.500000000,6,150,1,10,ESH6 P6700
2026-02-24T15:27:14.752747384Z,2026-02-24T15:27:14.752401593Z,1,1,42670701,T,A,0,313.500000000,7,0,14264,495242798,313.500000000,314.000000000,7,7,1,2,ESH6 C6625
2026-02-24T15:27:15.278896113Z,2026-02-24T15:27:15.277497173Z,1,1,42428250,T,A,0,334.500000000,7,0,15596,495248308,334.500000000,335.500000000,7,20,1,4,ESH6 C6600
2026-02-24T15:27:15.831386642Z,2026-02-24T15:27:15.828760581Z,1,1,42670701,T,A,0,313.500000000,7,0,11563,495252573,313.500000000,314.000000000,7,7,1,2,ESH6 C6625
2026-02-24T15:27:16.379613061Z,2026-02-24T15:27:16.360554109Z,1,1,42764937,T,B,0,69.500000000,1,0,14477,495258974,69.000000000,69.500000000,76,1,8,1,ESH6 P6725
2026-02-24T15:27:16.381148425Z,2026-02-24T15:27:16.360606389Z,1,1,42723578,T,B,0,51.000000000,1,0,11415,495258977,50.500000000,51.000000000,126,1,9,1,ESH6 P6625
2026-02-24T15:27:16.391158859Z,2026-02-24T15:27:16.379434425Z,1,1,42428250,T,A,0,334.500000000,7,0,11427,495259381,334.500000000,335.500000000,7,20,1,4,ESH6 C6600
2026-02-24T15:27:18.871364207Z,2026-02-24T15:27:18.846168279Z,1,1,42428246,T,B,0,25.250000000,1,0,11495,495299402,25.000000000,25.250000000,292,1,14,1,ESH6 P6400
2026-02-24T15:27:28.213042447Z,2026-02-24T15:27:28.157758229Z,1,1,42430453,T,A,0,14.000000000,5,0,14374,495422223,14.000000000,14.100000000,5,65,1,2,ESH6 P6200
2026-02-24T15:27:39.384295354Z,2026-02-24T15:27:39.310481791Z,1,1,42477735,T,B,0,483.000000000,4,0,14093,495575026,481.000000000,483.000000000,41,4,3,1,ESM7 P6900
2026-02-24T15:27:41.428571931Z,2026-02-24T15:27:41.428080861Z,1,1,42477735,T,B,0,483.000000000,4,0,18057,495608524,481.500000000,483.000000000,31,4,2,1,ESM7 P6900
2026-02-24T15:27:46.366849766Z,2026-02-24T15:27:46.338370695Z,1,1,42409218,T,B,0,499.500000000,8,0,13369,495666685,497.500000000,499.500000000,40,19,3,1,ESM7 P6950
2026-02-24T15:27:59.143800090Z,2026-02-24T15:27:59.086332897Z,1,1,42431945,T,A,0,87.250000000,1,0,11990,495812690,87.250000000,87.500000000,1,46,1,7,ESH6 P6800
2026-02-24T15:28:01.716234179Z,2026-02-24T15:28:01.715795665Z,1,1,42426741,T,B,0,34.500000000,1,0,12852,495850346,34.000000000,34.500000000,223,4,9,2,ESH6 P6500
2026-02-24T15:28:10.651147011Z,2026-02-24T15:28:10.640585407Z,1,1,2538150,T,B,0,14.800000000,51,0,21328,168281752,14.500000000,14.800000000,369,80,7,3,UD:1V: GN 2538150
2026-02-24T15:28:10.674256464Z,2026-02-24T15:28:10.650857383Z,1,1,2538150,T,B,0,14.800000000,29,0,11335,168282171,14.500000000,14.800000000,339,29,6,1,UD:1V: GN 2538150
2026-02-24T15:28:12.888816893Z,2026-02-24T15:28:12.830533853Z,1,1,42431181,T,A,0,47.000000000,2,0,11718,495992739,47.000000000,47.250000000,2,58,1,6,ESH6 P6600
2026-02-24T15:28:13.102680904Z,2026-02-24T15:28:12.934156389Z,1,1,42431181,T,B,0,47.000000000,1,0,15177,495996875,46.500000000,47.000000000,115,30,8,1,ESH6 P6600
2026-02-24T15:28:14.007784341Z,2026-02-24T15:28:13.660054699Z,1,1,42431945,T,B,0,87.000000000,1,0,11586,496014363,86.500000000,87.000000000,15,1,2,1,ESH6 P6800
2026-02-24T15:28:14.134817971Z,2026-02-24T15:28:13.698725791Z,1,1,42567968,T,A,0,167.500000000,50,0,11402,496016973,167.500000000,168.500000000,50,65,1,1,ESH7 P5650
2026-02-24T15:28:21.688395629Z,2026-02-24T15:28:21.200718637Z,1,1,42429687,T,B,0,53.750000000,1,0,13638,496129299,53.500000000,53.750000000,65,1,6,1,ESH6 C7000
2026-02-24T15:28:22.844374703Z,2026-02-24T15:28:22.552088799Z,1,1,42429674,T,B,0,63.750000000,3,0,14218,496151539,63.250000000,63.750000000,32,27,2,5,ESH6 P6700
2026-02-24T15:28:29.322028095Z,2026-02-24T15:28:29.286672335Z,1,1,2542205,T,A,0,51.000000000,2,0,14126,168398844,51.000000000,51.750000000,2,77,1,4,UD:1V: SG 2542205
2026-02-24T15:28:30.941481325Z,2026-02-24T15:28:30.689630647Z,1,1,2552802,T,A,0,-27.500000000,1,0,16560,168408448,-27.500000000,-27.000000000,1,73,1,3,UD:1V: GN 2552802
2026-02-24T15:28:31.469427363Z,2026-02-24T15:28:30.996259271Z,1,1,42483101,T,B,0,79.000000000,1,0,11924,496262202,78.750000000,79.000000000,19,1,2,1,ESH6 C6950
2026-02-24T15:28:31.578562178Z,2026-02-24T15:28:31.045508469Z,1,1,2551879,T,B,0,32.750000000,4,0,14973,168414210,32.500000000,32.750000000,4,4,1,1,UD:1V: VT 2551879
2026-02-24T15:28:32.291888994Z,2026-02-24T15:28:31.930124677Z,1,1,42874358,T,A,0,4.050000000,6,0,13660,496278711,4.050000000,4.100000000,6,4,1,1,ESH6 C7220
2026-02-24T15:28:33.032882320Z,2026-02-24T15:28:32.846780963Z,1,1,42895790,T,A,0,184.000000000,6,0,11521,496293045,184.000000000,184.500000000,6,4,1,1,ESH6 C6790
2026-02-24T15:28:33.060615926Z,2026-02-24T15:28:32.847272783Z,1,1,42426740,T,B,0,10.600000000,4,0,24378,496293370,10.400000000,10.600000000,197,4,6,1,ESH6 P6100
2026-02-24T15:28:33.137911821Z,2026-02-24T15:28:32.849262511Z,1,1,42723521,T,B,0,11.300000000,4,0,11459,496294351,11.100000000,11.300000000,146,4,4,1,ESH6 P6125
2026-02-24T15:28:34.664339575Z,2026-02-24T15:28:33.895495275Z,1,1,42896849,T,A,0,37.500000000,6,0,12317,496313944,37.500000000,37.750000000,6,27,1,1,ESH6 C7040
2026-02-24T15:28:35.925917535Z,2026-02-24T15:28:35.617770025Z,1,1,42427508,T,A,0,19.700000000,7,0,13646,496339852,19.700000000,19.900000000,7,4,1,1,ESH6 C7100
2026-02-24T15:28:36.447669951Z,2026-02-24T15:28:36.092903669Z,1,1,42431945,T,B,0,85.750000000,3,0,14484,496349812,85.250000000,85.750000000,29,21,4,2,ESH6 P6800
2026-02-24T15:28:36.802290968Z,2026-02-24T15:28:36.688716527Z,1,1,42865921,T,A,0,155.500000000,2,0,13434,496356701,155.500000000,156.000000000,6,22,1,2,ESH6 C6830
2026-02-24T15:28:36.802538674Z,2026-02-24T15:28:36.688716707Z,1,1,42865921,T,A,0,155.500000000,4,0,14838,496356703,155.500000000,156.000000000,4,22,1,2,ESH6 C6830
2026-02-24T15:28:37.355250591Z,2026-02-24T15:28:37.354744049Z,1,1,42874359,T,A,0,6.100000000,6,0,19409,496369170,6.100000000,6.200000000,6,51,1,2,ESH6 C7190
2026-02-24T15:28:37.893878295Z,2026-02-24T15:28:37.893310545Z,1,1,42608051,T,A,0,26.250000000,3,0,15334,496374223,26.250000000,26.500000000,7,171,1,9,ESH6 C7075
2026-02-24T15:28:37.945985625Z,2026-02-24T15:28:37.945522105Z,1,1,42608051,T,A,0,26.250000000,4,0,14199,496374580,26.250000000,26.500000000,4,171,1,9,ESH6 C7075
2026-02-24T15:28:38.679024512Z,2026-02-24T15:28:38.669901093Z,1,1,42430464,T,A,0,5.300000000,7,0,13798,496379481,5.300000000,5.400000000,7,169,1,4,ESH6 C7200
2026-02-24T15:28:41.362736867Z,2026-02-24T15:28:41.089759825Z,1,1,42895804,T,A,0,24.750000000,6,0,19067,496414079,24.750000000,25.000000000,6,97,1,6,ESH6 C7080
2026-02-24T15:28:41.963088677Z,2026-02-24T15:28:41.962634969Z,1,1,42430464,T,A,0,5.300000000,7,0,14463,496423399,5.300000000,5.400000000,7,243,1,5,ESH6 C7200
2026-02-24T15:28:42.491225894Z,2026-02-24T15:28:42.488835749Z,1,1,42895804,T,A,0,24.750000000,6,0,15422,496429708,24.750000000,25.000000000,6,126,1,10,ESH6 C7080
2026-02-24T15:28:43.131630042Z,2026-02-24T15:28:43.103076493Z,1,1,42427508,T,A,0,19.600000000,7,0,14207,496438788,19.600000000,19.700000000,7,33,1,1,ESH6 C7100
2026-02-24T15:28:43.716145739Z,2026-02-24T15:28:43.682663081Z,1,1,42723512,T,A,0,158.500000000,7,0,12931,496446656,158.500000000,159.000000000,7,101,1,8,ESH6 C6825
2026-02-24T15:28:44.312234170Z,2026-02-24T15:28:44.280385019Z,1,1,42427508,T,A,0,19.600000000,7,0,13856,496455609,19.600000000,19.700000000,7,33,1,1,ESH6 C7100
2026-02-24T15:28:44.855632731Z,2026-02-24T15:28:44.842769931Z,1,1,42427508,T,A,0,19.600000000,7,0,24695,496459185,19.600000000,19.700000000,7,37,1,2,ESH6 C7100
2026-02-24T15:28:45.379398771Z,2026-02-24T15:28:45.378789769Z,1,1,42427507,T,A,0,176.500000000,4,0,19635,496463605,176.500000000,177.000000000,7,49,1,9,ESH6 C6800
2026-02-24T15:28:45.379645075Z,2026-02-24T15:28:45.378789949Z,1,1,42427507,T,A,0,176.500000000,1,0,12839,496463607,176.500000000,177.000000000,3,49,1,9,ESH6 C6800
2026-02-24T15:28:45.497310722Z,2026-02-24T15:28:45.496772975Z,1,1,42874357,T,A,0,4.600000000,6,0,12519,496464067,4.600000000,4.750000000,6,228,1,6,ESH6 C7210
2026-02-24T15:28:49.289362147Z,2026-02-24T15:28:49.280687987Z,1,1,42874357,T,A,0,4.600000000,6,0,15684,496502980,4.600000000,4.700000000,6,113,1,2,ESH6 C7210
2026-02-24T15:28:52.279667277Z,2026-02-24T15:28:52.130451719Z,1,1,42874357,T,A,0,4.600000000,6,0,10481,496541908,4.600000000,4.700000000,6,113,1,2,ESH6 C7210
2026-02-24T15:28:58.365493811Z,2026-02-24T15:28:58.365000575Z,1,1,42865918,T,A,0,52.500000000,6,0,12700,496631398,52.500000000,52.750000000,6,36,1,3,ESH6 P6640
2026-02-24T15:28:58.542475683Z,2026-02-24T15:28:58.489644041Z,1,1,2550368,T,A,0,22.000000000,23,0,15521,168566331,22.000000000,22.250000000,23,36,1,3,UD:1V: 12 2550368
2026-02-24T15:28:58.558257624Z,2026-02-24T15:28:58.510196301Z,1,1,42394754,T,A,0,93.000000000,4,0,11394,496636007,93.000000000,93.250000000,4,8,1,1,ESM6 P6200
2026-02-24T15:28:58.768604058Z,2026-02-24T15:28:58.556646185Z,1,1,42431945,T,A,0,86.000000000,1,0,13122,496640119,86.000000000,86.250000000,1,18,1,2,ESH6 P6800
2026-02-24T15:28:59.118938199Z,2026-02-24T15:28:58.775677671Z,1,1,42894580,T,B,0,114.500000000,3,0,11701,496646808,113.000000000,114.500000000,36,7,2,2,ESH6 P6890
2026-02-24T15:28:59.365406653Z,2026-02-24T15:28:59.177399369Z,1,1,42671291,T,A,0,58.250000000,7,0,13745,496652425,58.250000000,58.500000000,7,21,1,2,ESH6 P6675
2026-02-24T15:28:59.896544365Z,2026-02-24T15:28:59.894417405Z,1,1,42764937,T,A,0,68.000000000,3,0,20542,496659620,68.000000000,68.250000000,3,43,1,3,ESH6 P6725
2026-02-24T15:29:00.651689349Z,2026-02-24T15:29:00.547377411Z,1,1,42499828,T,A,0,10.400000000,3,0,12437,496670746,10.400000000,10.600000000,3,88,1,5,ESH6 C7150
2026-02-24T15:29:00.658386133Z,2026-02-24T15:29:00.564917209Z,1,1,42896848,T,A,0,13.500000000,1,0,21418,496670910,13.500000000,13.700000000,2,62,1,5,ESH6 C7130
2026-02-24T15:29:00.682031543Z,2026-02-24T15:29:00.597616693Z,1,1,42896848,T,A,0,13.500000000,1,0,18068,496671403,13.500000000,13.700000000,1,62,1,5,ESH6 C7130
2026-02-24T15:29:01.175580755Z,2026-02-24T15:29:01.175100335Z,1,1,42435427,T,A,0,73.500000000,3,0,14566,496677226,73.500000000,73.750000000,3,57,1,5,ESH6 P6750
2026-02-24T15:29:01.701809943Z,2026-02-24T15:29:01.698794763Z,1,1,42886221,T,B,0,67.000000000,4,0,14389,496681220,66.500000000,67.000000000,98,26,9,1,ESH6 P6720
2026-02-24T15:29:02.343140128Z,2026-02-24T15:29:02.342487565Z,1,1,42435427,T,A,0,73.500000000,3,0,14542,496692159,73.500000000,73.750000000,3,73,1,10,ESH6 P6750
2026-02-24T15:29:02.865806226Z,2026-02-24T15:29:02.865288059Z,1,1,42764937,T,A,0,68.000000000,3,0,14516,496696343,68.000000000,68.250000000,3,99,1,9,ESH6 P6725
2026-02-24T15:29:03.387598995Z,2026-02-24T15:29:03.387088239Z,1,1,42435427,T,A,0,73.500000000,3,0,16043,496698784,73.500000000,73.750000000,3,63,1,8,ESH6 P6750
2026-02-24T15:29:04.144698706Z,2026-02-24T15:29:03.916487807Z,1,1,42764937,T,B,0,68.250000000,3,0,11771,496713315,67.750000000,68.250000000,163,25,11,1,ESH6 P6725
2026-02-24T15:29:04.246922403Z,2026-02-24T15:29:03.954572439Z,1,1,2778379,T,A,0,2.500000000,103,0,19187,168596623,2.500000000,2.600000000,112,518,3,4,UD:1V: VT 2778379
2026-02-24T15:29:05.280950063Z,2026-02-24T15:29:04.964903237Z,1,1,42874379,T,A,0,89.750000000,2,0,16716,496734438,89.750000000,90.000000000,2,22,1,4,ESH6 C6930
2026-02-24T15:29:05.805224035Z,2026-02-24T15:29:05.804447283Z,1,1,42429674,T,A,0,63.250000000,3,0,13099,496742296,63.250000000,63.500000000,3,62,1,7,ESH6 P6700
2026-02-24T15:29:06.336049690Z,2026-02-24T15:29:06.333603957Z,1,1,42427508,T,A,0,19.400000000,3,0,13220,496748279,19.400000000,19.500000000,3,37,1,2,ESH6 C7100
2026-02-24T15:29:07.059375946Z,2026-02-24T15:29:06.984536429Z,1,1,42429674,T,A,0,63.250000000,3,0,14565,496757439,63.250000000,63.500000000,3,56,1,6,ESH6 P6700
2026-02-24T15:29:07.771824987Z,2026-02-24T15:29:07.725438801Z,1,1,42427508,T,A,0,19.400000000,3,0,15477,496771647,19.400000000,19.500000000,3,37,1,2,ESH6 C7100
2026-02-24T15:29:07.803796938Z,2026-02-24T15:29:07.772805515Z,1,1,42895789,T,B,0,27.250000000,2,0,14374,496772172,27.000000000,27.250000000,67,2,6,1,ESH6 C7070
2026-02-24T15:29:08.295466602Z,2026-02-24T15:29:08.294136791Z,1,1,42427508,T,A,0,19.400000000,3,0,13760,496777969,19.400000000,19.500000000,3,75,1,3,ESH6 C7100
2026-02-24T15:29:08.806497559Z,2026-02-24T15:29:08.682442447Z,1,1,2534894,T,A,0,8.900000000,106,0,19561,168626128,8.900000000,9.000000000,227,295,2,3,UD:1V: VT 2534894
2026-02-24T15:29:09.283581715Z,2026-02-24T15:29:09.282714539Z,1,1,42911604,T,A,0,47.750000000,2,0,15420,496793591,47.750000000,48.000000000,2,55,1,5,ESH6 P6610
2026-02-24T15:29:09.806959160Z,2026-02-24T15:29:09.806443777Z,1,1,42429674,T,A,0,63.250000000,3,0,13457,496798307,63.250000000,63.500000000,3,89,1,6,ESH6 P6700
2026-02-24T15:29:10.340719447Z,2026-02-24T15:29:10.339915283Z,1,1,42428250,T,A,0,335.500000000,3,0,14132,496800341,335.500000000,336.000000000,3,8,1,1,ESH6 C6600
2026-02-24T15:29:11.538532311Z,2026-02-24T15:29:11.363607941Z,1,1,42427508,T,A,0,19.400000000,3,0,15063,496822218,19.400000000,19.500000000,3,33,1,1,ESH6 C7100
2026-02-24T15:29:12.061508067Z,2026-02-24T15:29:12.060921599Z,1,1,42428250,T,A,0,335.500000000,3,0,14470,496829418,335.500000000,336.000000000,3,9,1,2,ESH6 C6600
2026-02-24T15:29:12.865221795Z,2026-02-24T15:29:12.737904835Z,1,1,42670701,T,A,0,314.000000000,3,0,11163,496841541,314.000000000,315.000000000,3,9,1,1,ESH6 C6625
2026-02-24T15:29:13.429164906Z,2026-02-24T15:29:13.422048639Z,1,1,42670703,T,A,0,232.500000000,2,0,13414,496851538,232.500000000,233.000000000,3,13,1,2,ESH6 C6725
2026-02-24T15:29:13.491953731Z,2026-02-24T15:29:13.455561765Z,1,1,42874377,T,A,0,301.500000000,4,0,14586,496852890,301.500000000,317.500000000,4,1,1,1,ESH6 C6640
2026-02-24T15:29:13.679032242Z,2026-02-24T15:29:13.678546927Z,1,1,42426741,T,A,0,34.000000000,1,0,14742,496855874,34.000000000,34.250000000,1,215,1,9,ESH6 P6500
2026-02-24T15:29:14.192420714Z,2026-02-24T15:29:14.142163037Z,1,1,42670702,T,A,0,272.500000000,3,0,17373,496862507,272.500000000,273.000000000,3,9,1,1,ESH6 C6675
2026-02-24T15:29:14.736499151Z,2026-02-24T15:29:14.731588029Z,1,1,42643085,T,A,0,194.000000000,3,0,17550,496874000,194.000000000,194.500000000,3,35,1,5,ESH6 C6775
2026-02-24T15:29:15.024888496Z,2026-02-24T15:29:14.893517791Z,1,1,2546153,T,B,0,12.100000000,1,0,13597,168664992,11.900000000,12.100000000,35,1,1,1,UD:1V: GN 2546153
2026-02-24T15:29:15.141346191Z,2026-02-24T15:29:14.893893641Z,1,1,2552643,T,B,0,9.200000000,4,0,12582,168666338,9.000000000,9.200000000,543,4,4,1,UD:1V: VT 2552643
2026-02-24T15:29:15.743150618Z,2026-02-24T15:29:15.660026345Z,1,1,42874357,T,A,0,4.550000000,2,0,13794,496893678,4.550000000,4.650000000,2,261,1,6,ESH6 C7210
2026-02-24T15:29:16.267538948Z,2026-02-24T15:29:16.266816983Z,1,1,42857655,T,A,0,3.050000000,4,0,14762,496899825,3.050000000,3.150000000,4,260,1,5,ESH6 C7240
2026-02-24T15:29:16.852021962Z,2026-02-24T15:29:16.851173613Z,1,1,42670702,T,A,0,272.500000000,3,0,13611,496908053,272.500000000,273.000000000,3,9,1,1,ESH6 C6675
2026-02-24T15:29:20.878544378Z,2026-02-24T15:29:20.854161483Z,1,1,42887172,T,A,0,7.900000000,2,0,15556,496952534,7.900000000,8.000000000,2,135,1,4,ESH6 C7170
2026-02-24T15:29:21.244686079Z,2026-02-24T15:29:21.070806593Z,1,1,42435427,T,A,0,73.500000000,5,0,11270,496957045,73.500000000,73.750000000,5,23,1,1,ESH6 P6750
2026-02-24T15:29:21.823589111Z,2026-02-24T15:29:21.075075643Z,1,1,2542134,T,A,0,89.000000000,3,0,13431,168698591,89.000000000,89.500000000,3,4,1,1,UD:1V: SG 2542134
2026-02-24T15:29:22.158100411Z,2026-02-24T15:29:21.102833003Z,1,1,42896839,T,A,0,17.500000000,3,0,14101,496967324,17.500000000,17.800000000,6,23,1,1,ESH6 P6290
2026-02-24T15:29:22.284878755Z,2026-02-24T15:29:21.130359157Z,1,1,42896839,T,A,0,17.500000000,3,0,12824,496968054,17.500000000,22.250000000,3,273,1,1,ESH6 P6290
2026-02-24T15:29:27.000192020Z,2026-02-24T15:29:26.538713687Z,1,1,42886231,T,A,0,17.300000000,2,0,11413,497048000,17.300000000,17.400000000,2,34,1,1,ESH6 C7110
2026-02-24T15:29:27.088910930Z,2026-02-24T15:29:26.899324277Z,1,1,2552643,T,B,0,9.100000000,4,0,14936,168738107,9.000000000,9.100000000,223,4,1,1,UD:1V: VT 2552643
2026-02-24T15:29:27.599375843Z,2026-02-24T15:29:27.573033867Z,1,1,42857655,T,A,0,3.100000000,4,0,16955,497061341,3.100000000,3.150000000,4,195,1,3,ESH6 C7240
2026-02-24T15:29:27.614474146Z,2026-02-24T15:29:27.599972913Z,1,1,42895788,T,B,0,30.500000000,4,0,14933,497061818,30.250000000,30.500000000,63,4,4,1,ESH6 C7060
2026-02-24T15:29:28.795918531Z,2026-02-24T15:29:28.759124545Z,1,1,2551879,T,B,0,32.750000000,4,0,14507,168749504,32.500000000,32.750000000,71,4,2,1,UD:1V: VT 2551879
2026-02-24T15:29:34.114951848Z,2026-02-24T15:29:33.944000387Z,1,1,42372969,T,A,0,219.000000000,5,0,15382,497147563,219.000000000,220.000000000,31,6,6,2,ESM6 C7000
2026-02-24T15:29:38.064352642Z,2026-02-24T15:29:38.063261143Z,1,1,2861732,T,B,0,9.400000000,4,0,14692,168801008,9.300000000,9.400000000,427,4,3,1,UD:1V: VT 2861732
2026-02-24T15:29:38.075536651Z,2026-02-24T15:29:38.075007329Z,1,1,2861732,T,A,0,9.400000000,1,0,15139,168801025,9.400000000,9.500000000,234,448,1,4,UD:1V: VT 2861732
2026-02-24T15:29:38.075788984Z,2026-02-24T15:29:38.075007505Z,1,1,2861732,T,A,0,9.400000000,6,0,13076,168801027,9.400000000,9.500000000,233,448,1,4,UD:1V: VT 2861732
2026-02-24T15:29:45.142712824Z,2026-02-24T15:29:45.041454829Z,1,1,42496686,T,B,0,5.000000000,1,0,17973,497299304,4.800000000,5.000000000,670,43,4,2,ESU6 C8500
2026-02-24T15:29:50.208046352Z,2026-02-24T15:29:50.202948045Z,1,1,42372969,T,A,0,219.500000000,1,0,14508,497339853,219.500000000,220.500000000,23,51,2,7,ESM6 C7000
2026-02-24T15:29:53.588462363Z,2026-02-24T15:29:53.586379617Z,1,1,42431944,T,A,0,8.200000000,10,0,13292,497381037,8.200000000,8.300000000,10,7,1,2,ESH6 P6000
2026-02-24T15:29:53.678021423Z,2026-02-24T15:29:53.595527961Z,1,1,42378592,T,A,0,136.500000000,1,0,12062,497382690,136.500000000,137.000000000,1,80,1,6,ESM6 P6500
2026-02-24T15:29:53.796002160Z,2026-02-24T15:29:53.739379347Z,1,1,42892047,T,B,0,74.000000000,1,0,14174,497384877,73.750000000,74.000000000,39,1,3,1,ESH6 C6960
2026-02-24T15:29:58.537885125Z,2026-02-24T15:29:58.537385259Z,1,1,42496686,T,A,0,4.950000000,1,0,14145,497443852,4.950000000,5.000000000,1,43,1,2,ESU6 C8500
2026-02-24T15:30:12.439592203Z,2026-02-24T15:30:12.418085181Z,1,1,2534215,T,B,0,44.500000000,34,0,18391,168991343,44.250000000,44.500000000,196,34,2,1,UD:1V: VT 2534215
2026-02-24T15:30:20.261388901Z,2026-02-24T15:30:20.163231415Z,1,1,2534215,T,B,0,44.500000000,34,0,14862,169040307,44.250000000,44.500000000,619,34,4,1,UD:1V: VT 2534215
2026-02-24T15:30:21.862747053Z,2026-02-24T15:30:21.494219453Z,1,1,42429687,T,B,0,54.500000000,1,0,12144,497809891,54.250000000,54.500000000,48,1,5,1,ESH6 C7000
2026-02-24T15:30:22.630168587Z,2026-02-24T15:30:22.494785999Z,1,1,2538598,T,A,0,70.000000000,37,0,13030,169058898,70.000000000,72.250000000,125,33,1,1,UD:1V: 23 2538598
2026-02-24T15:30:30.417179007Z,2026-02-24T15:30:30.147888083Z,1,1,2538598,T,A,0,70.000000000,9,0,15447,169114221,70.000000000,70.500000000,88,33,1,1,UD:1V: 23 2538598
2026-02-24T15:30:49.634140354Z,2026-02-24T15:30:49.545960029Z,1,1,2538598,T,A,0,70.000000000,79,0,14650,169221331,70.000000000,70.500000000,79,20,1,2,UD:1V: 23 2538598
2026-02-24T15:30:49.912950306Z,2026-02-24T15:30:49.707808263Z,1,1,2551879,T,B,0,33.000000000,4,0,12430,169223591,32.750000000,33.000000000,98,4,3,1,UD:1V: VT 2551879
2026-02-24T15:30:57.413791578Z,2026-02-24T15:30:57.413196761Z,1,1,2543869,T,B,0,32.000000000,38,0,14730,169272115,31.750000000,32.000000000,1,63,1,1,UD:1V: BO 2543869
2026-02-24T15:30:59.766454454Z,2026-02-24T15:30:59.669862331Z,1,1,42431181,T,A,0,45.000000000,1,0,14738,498366467,45.000000000,45.500000000,140,35,10,3,ESH6 P6600
2026-02-24T15:31:04.460645205Z,2026-02-24T15:31:04.460148589Z,1,1,42874357,T,A,0,4.650000000,2,0,14278,498431430,4.650000000,4.750000000,2,193,1,4,ESH6 C7210
2026-02-24T15:31:10.368117335Z,2026-02-24T15:31:10.251352741Z,1,1,42865926,T,A,0,9.100000000,4,0,11717,498537756,9.100000000,9.300000000,4,104,1,6,ESH6 C7160
2026-02-24T15:31:15.896766714Z,2026-02-24T15:31:15.893161359Z,1,1,42887182,T,A,0,7.000000000,4,0,14070,498615142,7.000000000,7.100000000,4,72,1,5,ESH6 C7180
2026-02-24T15:31:16.431672392Z,2026-02-24T15:31:16.431124727Z,1,1,42874357,T,A,0,4.650000000,2,0,13307,498619706,4.650000000,4.700000000,2,4,1,1,ESH6 C7210
2026-02-24T15:31:17.137346200Z,2026-02-24T15:31:17.036119727Z,1,1,42608056,T,B,0,14.700000000,1,0,16142,498631489,14.500000000,14.700000000,24,4,3,1,ESH6 P6225
2026-02-24T15:31:18.172674558Z,2026-02-24T15:31:18.150122999Z,1,1,42874373,T,A,0,109.500000000,4,0,11804,498645768,109.500000000,110.000000000,4,40,1,6,ESH6 P6880
2026-02-24T15:31:22.149281325Z,2026-02-24T15:31:22.148707557Z,1,1,42887182,T,A,0,7.000000000,4,0,15075,498699471,7.000000000,7.100000000,4,59,1,3,ESH6 C7180
2026-02-24T15:31:23.047822924Z,2026-02-24T15:31:23.040060905Z,1,1,42887182,T,A,0,7.000000000,4,0,11563,498707328,7.000000000,7.100000000,4,64,1,4,ESH6 C7180
2026-02-24T15:31:23.625410060Z,2026-02-24T15:31:23.624364413Z,1,1,42874357,T,A,0,4.650000000,2,0,18076,498714099,4.650000000,4.750000000,2,229,1,6,ESH6 C7210
2026-02-24T15:31:24.662520099Z,2026-02-24T15:31:24.373444423Z,1,1,42865926,T,A,0,9.200000000,4,0,14790,498726180,9.200000000,9.400000000,4,230,1,9,ESH6 C7160
2026-02-24T15:31:26.330058884Z,2026-02-24T15:31:26.254212969Z,1,1,42545724,T,A,0,2.750000000,3,0,14647,498760898,2.750000000,2.800000000,3,270,1,3,ESH6 C7250
2026-02-24T15:31:26.855047653Z,2026-02-24T15:31:26.854161687Z,1,1,42887172,T,A,0,8.100000000,2,0,14638,498766233,8.100000000,8.200000000,2,116,1,4,ESH6 C7170
2026-02-24T15:31:27.378730821Z,2026-02-24T15:31:27.377965037Z,1,1,42874358,T,A,0,4.100000000,4,0,13979,498769563,4.100000000,4.150000000,4,147,1,2,ESH6 C7220
2026-02-24T15:31:27.903884953Z,2026-02-24T15:31:27.901931395Z,1,1,42874357,T,A,0,4.700000000,2,0,14894,498774650,4.700000000,4.750000000,2,140,1,2,ESH6 C7210
2026-02-24T15:31:29.481110431Z,2026-02-24T15:31:29.480640487Z,1,1,42394731,T,B,0,23.750000000,1,0,14411,498792072,23.250000000,23.750000000,476,160,4,5,ESM6 P5000
2026-02-24T15:31:29.605521531Z,2026-02-24T15:31:29.603660891Z,1,1,42857655,T,A,0,3.150000000,4,0,19268,498792694,3.150000000,3.200000000,4,244,1,4,ESH6 C7240
2026-02-24T15:31:31.343643876Z,2026-02-24T15:31:31.248466609Z,1,1,42895804,T,A,0,25.000000000,1,0,12316,498807815,25.000000000,25.250000000,4,75,1,7,ESH6 C7080
2026-02-24T15:31:31.343806549Z,2026-02-24T15:31:31.248468221Z,1,1,42895804,T,A,0,25.000000000,3,0,11310,498807819,25.000000000,25.250000000,3,75,1,7,ESH6 C7080
2026-02-24T15:31:31.962572255Z,2026-02-24T15:31:31.894687211Z,1,1,42427508,T,A,0,19.900000000,3,0,27223,498820373,19.900000000,20.250000000,3,273,1,12,ESH6 C7100
2026-02-24T15:31:32.489261983Z,2026-02-24T15:31:32.488763883Z,1,1,42887172,T,A,0,8.100000000,2,0,13922,498825525,8.100000000,8.200000000,2,123,1,5,ESH6 C7170
2026-02-24T15:31:33.078774130Z,2026-02-24T15:31:33.074047389Z,1,1,42874357,T,A,0,4.700000000,2,0,14042,498836637,4.700000000,4.750000000,2,144,1,3,ESH6 C7210
2026-02-24T15:31:33.872520247Z,2026-02-24T15:31:33.837607351Z,1,1,42566722,T,A,0,125.000000000,3,0,40179,498848988,125.000000000,125.500000000,3,69,1,9,ESH6 C6875
2026-02-24T15:31:40.799756784Z,2026-02-24T15:31:40.746571415Z,1,1,42874357,T,A,0,4.650000000,2,0,14566,498918096,4.650000000,4.750000000,2,201,1,5,ESH6 C7210
2026-02-24T15:31:43.262357978Z,2026-02-24T15:31:42.976400191Z,1,1,2551879,T,B,0,32.750000000,4,0,17428,169522835,32.500000000,32.750000000,190,4,4,1,UD:1V: VT 2551879
2026-02-24T15:31:44.474035007Z,2026-02-24T15:31:44.235112583Z,1,1,42886222,T,A,0,68.750000000,2,0,12813,498977763,68.750000000,69.000000000,2,32,1,4,ESH6 P6730
2026-02-24T15:31:45.041928888Z,2026-02-24T15:31:44.885081341Z,1,1,42429687,T,A,0,53.750000000,1,0,11767,498987643,53.750000000,54.000000000,1,47,1,4,ESH6 C7000
2026-02-24T15:31:47.838902392Z,2026-02-24T15:31:47.831876639Z,1,1,42865926,T,A,0,9.100000000,4,0,14507,499038379,9.100000000,9.300000000,4,99,1,5,ESH6 C7160
2026-02-24T15:31:48.598673725Z,2026-02-24T15:31:48.552769717Z,1,1,42865926,T,A,0,9.100000000,4,0,17101,499052880,9.100000000,9.300000000,4,119,1,8,ESH6 C7160
2026-02-24T15:31:49.030384581Z,2026-02-24T15:31:49.014554415Z,1,1,42896849,T,B,0,37.250000000,47,0,20607,499061348,37.000000000,37.250000000,94,47,9,1,ESH6 C7040
2026-02-24T15:31:49.042881688Z,2026-02-24T15:31:49.039989629Z,1,1,42896849,T,B,0,37.250000000,2,0,20970,499061565,37.000000000,37.250000000,94,2,9,1,ESH6 C7040
2026-02-24T15:31:49.436823746Z,2026-02-24T15:31:49.429280371Z,1,1,42874357,T,A,0,4.600000000,2,0,15072,499068234,4.600000000,4.650000000,2,140,1,2,ESH6 C7210
2026-02-24T15:31:50.883780007Z,2026-02-24T15:31:50.753808413Z,1,1,42895796,T,A,0,120.500000000,4,0,11713,499093196,120.500000000,121.000000000,4,30,1,5,ESH6 C6880
2026-02-24T15:31:51.324720810Z,2026-02-24T15:31:51.053226151Z,1,1,42671726,T,B,0,4.450000000,3,0,13734,499102310,4.400000000,4.450000000,157,3,2,1,ESH6 P5675
2026-02-24T15:31:51.331753653Z,2026-02-24T15:31:51.053227859Z,1,1,42896839,T,B,0,17.800000000,6,0,22165,499102312,17.700000000,17.800000000,53,6,1,1,ESH6 P6290
2026-02-24T15:31:51.404862439Z,2026-02-24T15:31:51.062628563Z,1,1,42689134,T,B,0,23.000000000,4,0,12350,499103742,22.750000000,23.000000000,76,4,4,1,ESH6 P6375
2026-02-24T15:31:52.597962411Z,2026-02-24T15:31:52.419811697Z,1,1,42723512,T,A,0,157.500000000,3,0,13921,499127402,157.500000000,158.000000000,3,62,1,4,ESH6 C6825
2026-02-24T15:31:53.565516548Z,2026-02-24T15:31:53.413469331Z,1,1,2549785,T,B,0,2.100000000,1,0,18656,169600145,2.050000000,2.100000000,742,1,4,1,UD:1V: VT 2549785
2026-02-24T15:31:54.004881525Z,2026-02-24T15:31:53.577011383Z,1,1,42895808,T,A,0,309.500000000,2,0,16317,499148788,309.500000000,326.000000000,2,151,1,1,ESH6 C6630
2026-02-24T15:31:56.026307159Z,2026-02-24T15:31:55.836089691Z,1,1,42723578,T,A,0,50.250000000,3,0,14504,499184897,50.250000000,50.500000000,3,14,1,1,ESH6 P6625
2026-02-24T15:31:56.975578032Z,2026-02-24T15:31:56.957260319Z,1,1,42874357,T,A,0,4.550000000,2,0,11380,499198798,4.550000000,4.600000000,2,109,1,1,ESH6 C7210
2026-02-24T15:31:57.489075629Z,2026-02-24T15:31:57.487237625Z,1,1,42689131,T,A,0,14.200000000,3,0,14643,499204216,14.200000000,14.400000000,3,204,1,8,ESH6 C7125
2026-02-24T15:31:58.348556213Z,2026-02-24T15:31:58.034079097Z,1,1,42427500,T,A,0,18.300000000,16,0,14873,499216568,18.300000000,18.500000000,16,65,1,3,ESH6 P6300
2026-02-24T15:31:58.877235250Z,2026-02-24T15:31:58.514853937Z,1,1,2542134,T,A,0,89.000000000,5,0,14808,169635880,89.000000000,89.500000000,5,1,1,1,UD:1V: SG 2542134
2026-02-24T15:31:59.021387626Z,2026-02-24T15:31:58.794501011Z,1,1,42865926,T,A,0,9.000000000,4,0,15957,499230297,9.000000000,9.200000000,4,85,1,6,ESH6 C7160
2026-02-24T15:31:59.834157223Z,2026-02-24T15:31:59.767993273Z,1,1,42857655,T,A,0,3.050000000,4,0,14470,499246388,3.050000000,3.100000000,4,138,1,1,ESH6 C7240
2026-02-24T15:32:00.369766875Z,2026-02-24T15:32:00.220588009Z,1,1,42670704,T,B,0,2.000000000,1,0,13479,499255796,1.900000000,2.000000000,165,170,3,1,ESH6 C7275
2026-02-24T15:32:00.635570259Z,2026-02-24T15:32:00.498455499Z,1,1,42428250,T,A,0,335.000000000,3,0,15917,499261237,335.000000000,335.500000000,3,8,1,1,ESH6 C6600
2026-02-24T15:32:01.978762447Z,2026-02-24T15:32:01.783265625Z,1,1,42427508,T,A,0,19.300000000,3,0,15634,499285173,19.300000000,19.500000000,3,119,1,8,ESH6 C7100
2026-02-24T15:32:02.530179659Z,2026-02-24T15:32:02.524037889Z,1,1,42435427,T,A,0,74.000000000,3,0,14201,499296976,74.000000000,74.250000000,3,51,1,6,ESH6 P6750
2026-02-24T15:32:03.104982192Z,2026-02-24T15:32:03.058661787Z,1,1,42894579,T,B,0,40.750000000,2,0,14875,499302932,40.500000000,40.750000000,1,26,1,1,ESH6 C7030
2026-02-24T15:32:04.032760805Z,2026-02-24T15:32:03.965882201Z,1,1,42857655,T,A,0,3.050000000,4,0,16286,499318604,3.050000000,3.100000000,4,256,1,4,ESH6 C7240
2026-02-24T15:32:04.742886010Z,2026-02-24T15:32:04.724907757Z,1,1,42914938,T,A,0,2.350000000,4,0,14215,499327393,2.350000000,2.400000000,4,285,1,4,ESH6 C7260
2026-02-24T15:32:05.439483237Z,2026-02-24T15:32:05.243727333Z,1,1,42429064,T,B,0,101.000000000,1,0,12042,499339823,100.000000000,101.000000000,73,94,6,6,ESH6 P6850
2026-02-24T15:32:05.564613594Z,2026-02-24T15:32:05.423834985Z,1,1,42427500,T,A,0,18.200000000,19,0,17000,499342880,18.200000000,18.400000000,43,68,1,4,ESH6 P6300
2026-02-24T15:32:05.680711281Z,2026-02-24T15:32:05.463790143Z,1,1,42857655,T,A,0,3.050000000,4,0,14669,499344848,3.050000000,3.100000000,4,231,1,3,ESH6 C7240
2026-02-24T15:32:06.230787304Z,2026-02-24T15:32:06.210507359Z,1,1,42427508,T,A,0,19.500000000,6,0,10297,499356888,19.500000000,19.700000000,6,162,1,7,ESH6 C7100
2026-02-24T15:32:06.414203034Z,2026-02-24T15:32:06.413486679Z,1,1,42429001,T,A,0,1.600000000,1,0,13785,499359571,1.600000000,1.650000000,1,745,1,5,ESH6 P5000
2026-02-24T15:32:06.896909768Z,2026-02-24T15:32:06.831856819Z,1,1,42857655,T,A,0,3.050000000,4,0,14592,499368634,3.050000000,3.100000000,4,142,1,2,ESH6 C7240
2026-02-24T15:32:07.657714283Z,2026-02-24T15:32:07.558783495Z,1,1,42428250,T,A,0,336.000000000,6,0,15385,499380258,336.000000000,337.000000000,6,21,1,3,ESH6 C6600
2026-02-24T15:32:08.185253193Z,2026-02-24T15:32:08.184293089Z,1,1,42874358,T,A,0,4.000000000,4,0,11400,499387113,4.000000000,4.050000000,4,168,1,3,ESH6 C7220
2026-02-24T15:32:08.753774067Z,2026-02-24T15:32:08.752779775Z,1,1,42886163,T,A,0,3.500000000,5,0,14707,499393366,3.500000000,3.550000000,5,180,1,3,ESH6 C7230
2026-02-24T15:32:09.543944304Z,2026-02-24T15:32:09.493252475Z,1,1,42429673,T,B,0,2.850000000,15,0,14442,499406118,2.800000000,2.850000000,183,15,1,1,ESH6 P5400
2026-02-24T15:32:09.818072350Z,2026-02-24T15:32:09.817581755Z,1,1,42431945,T,B,0,85.750000000,5,0,14480,499410577,85.250000000,85.750000000,36,24,4,2,ESH6 P6800
2026-02-24T15:32:10.394651960Z,2026-02-24T15:32:10.331929609Z,1,1,42874357,T,A,0,4.600000000,5,0,16694,499419970,4.600000000,4.650000000,5,192,1,4,ESH6 C7210
2026-02-24T15:32:10.556086192Z,2026-02-24T15:32:10.424319073Z,1,1,2551879,T,B,0,32.750000000,4,0,12264,169712321,32.500000000,32.750000000,260,4,5,1,UD:1V: VT 2551879
2026-02-24T15:32:11.608525535Z,2026-02-24T15:32:11.550587813Z,1,1,42431181,T,A,0,45.750000000,2,0,13273,499442034,45.750000000,46.000000000,5,15,1,2,ESH6 P6600
2026-02-24T15:32:11.611515433Z,2026-02-24T15:32:11.550627833Z,1,1,42431181,T,A,0,45.750000000,2,0,13903,499442095,45.750000000,46.000000000,3,15,1,2,ESH6 P6600
2026-02-24T15:32:11.615838010Z,2026-02-24T15:32:11.550700373Z,1,1,42431181,T,A,0,45.750000000,1,0,13099,499442163,45.750000000,46.000000000,1,15,1,2,ESH6 P6600
2026-02-24T15:32:11.901345811Z,2026-02-24T15:32:11.804459857Z,1,1,42874357,T,A,0,4.600000000,5,0,16336,499447730,4.600000000,4.650000000,5,4,1,1,ESH6 C7210
2026-02-24T15:32:12.639765962Z,2026-02-24T15:32:12.587221657Z,1,1,42895804,T,A,0,24.750000000,4,0,15322,499460771,24.750000000,25.000000000,4,102,1,9,ESH6 C7080
2026-02-24T15:32:13.223609765Z,2026-02-24T15:32:13.171832577Z,1,1,42643324,T,A,0,79.000000000,6,0,11449,499467934,79.000000000,79.250000000,6,40,1,5,ESH6 P6775
2026-02-24T15:32:13.742558471Z,2026-02-24T15:32:13.741969797Z,1,1,42566722,T,A,0,124.500000000,6,0,14389,499473146,124.500000000,125.000000000,6,79,1,11,ESH6 C6875
2026-02-24T15:32:14.413697754Z,2026-02-24T15:32:14.412877515Z,1,1,42874357,T,A,0,4.600000000,5,0,13677,499479931,4.600000000,4.700000000,5,202,1,5,ESH6 C7210
2026-02-24T15:32:15.270006714Z,2026-02-24T15:32:15.267042251Z,1,1,42865921,T,A,0,155.000000000,5,0,14392,499489421,155.000000000,155.500000000,5,32,1,6,ESH6 C6830
2026-02-24T15:32:18.417118829Z,2026-02-24T15:32:18.391558295Z,1,1,42394733,T,A,0,31.750000000,7,0,13866,499532729,31.750000000,32.000000000,29,133,1,4,ESM6 P5300
2026-02-24T15:32:34.307360641Z,2026-02-24T15:32:34.306903631Z,1,1,2553175,T,A,0,55.250000000,1,0,16633,169832932,55.250000000,55.500000000,1,27,1,4,UD:1V: SG 2553175
2026-02-24T15:32:40.128034814Z,2026-02-24T15:32:39.929322061Z,1,1,42427413,T,A,0,38.750000000,1,0,11476,499787393,38.750000000,39.000000000,1,49,1,5,ESH6 P6550
2026-02-24T15:32:40.671318474Z,2026-02-24T15:32:40.420922055Z,1,1,2534219,T,B,0,32.500000000,4,0,16741,169866916,32.250000000,32.500000000,251,4,4,1,UD:1V: VT 2534219
2026-02-24T15:32:42.214337685Z,2026-02-24T15:32:42.051701085Z,1,1,3107919,T,A,0,16.800000000,19,0,13704,169879067,16.800000000,16.900000000,70,793,1,5,UD:1V: VT 3107919
2026-02-24T15:32:42.670282632Z,2026-02-24T15:32:42.669173061Z,1,1,3107919,T,A,0,16.800000000,21,0,14813,169881822,16.800000000,16.900000000,51,891,1,6,UD:1V: VT 3107919
2026-02-24T15:32:43.342746114Z,2026-02-24T15:32:43.332750347Z,1,1,3107919,T,A,0,16.800000000,4,0,11706,169886073,16.800000000,16.900000000,30,891,1,6,UD:1V: VT 3107919
2026-02-24T15:32:44.017777174Z,2026-02-24T15:32:44.009334361Z,1,1,3107919,T,A,0,16.800000000,9,0,14591,169887951,16.800000000,16.900000000,26,891,1,6,UD:1V: VT 3107919
2026-02-24T15:32:44.197632344Z,2026-02-24T15:32:44.195616541Z,1,1,3107919,T,A,0,16.800000000,13,0,15243,169888147,16.800000000,16.900000000,17,891,1,6,UD:1V: VT 3107919
2026-02-24T15:32:44.918736995Z,2026-02-24T15:32:44.918215791Z,1,1,3107919,T,A,0,16.800000000,3,0,16143,169889627,16.800000000,16.900000000,4,891,1,6,UD:1V: VT 3107919
2026-02-24T15:32:45.372741115Z,2026-02-24T15:32:45.372136231Z,1,1,3107919,T,A,0,16.800000000,1,0,14206,169890606,16.800000000,16.900000000,1,891,1,6,UD:1V: VT 3107919
2026-02-24T15:32:57.266037869Z,2026-02-24T15:32:57.264816687Z,1,1,42428246,T,A,0,24.250000000,1,0,12605,499997518,24.250000000,24.500000000,1,242,1,10,ESH6 P6400
2026-02-24T15:32:57.339863856Z,2026-02-24T15:32:57.334925929Z,1,1,2553205,T,A,0,44.250000000,1,0,13914,169952513,44.250000000,44.500000000,1,47,1,6,UD:1V: SG 2553205
2026-02-24T15:33:04.840064869Z,2026-02-24T15:33:04.839540167Z,1,1,42896835,T,A,0,29.250000000,25,0,13851,500062948,29.250000000,29.500000000,25,89,1,7,ESH6 P6460
2026-02-24T15:33:09.985015709Z,2026-02-24T15:33:09.978897297Z,1,1,2540856,T,A,0,10.600000000,4,0,11942,169994516,10.600000000,10.800000000,32,2,1,1,UD:1V: BO 2540856
2026-02-24T15:33:25.707978986Z,2026-02-24T15:33:25.683936343Z,1,1,2553244,T,B,0,0.700000000,10,0,14405,170082753,0.650000000,0.700000000,5207,10,5,1,UD:1V: VT 2553244
2026-02-24T15:33:35.690689919Z,2026-02-24T15:33:35.380102087Z,1,1,2544621,T,B,0,9.000000000,1,0,16367,170140028,8.700000000,9.000000000,44,1,4,1,UD:1V: 12 2544621
2026-02-24T15:33:52.997505893Z,2026-02-24T15:33:52.996493839Z,1,1,42431945,T,A,0,85.500000000,1,0,17234,500669470,85.500000000,85.750000000,1,78,1,9,ESH6 P6800
2026-02-24T15:33:53.584952728Z,2026-02-24T15:33:53.492835133Z,1,1,42431946,T,A,0,117.000000000,32,0,12899,500676702,117.000000000,117.500000000,100,61,1,7,ESH6 P6900
2026-02-24T15:33:55.745615506Z,2026-02-24T15:33:55.594819831Z,1,1,42431946,T,A,0,117.000000000,29,0,12902,500711516,117.000000000,117.500000000,68,66,1,5,ESH6 P6900
2026-02-24T15:33:55.746230795Z,2026-02-24T15:33:55.594915187Z,1,1,42431946,T,A,0,117.000000000,2,0,12212,500711547,117.000000000,117.500000000,39,66,1,5,ESH6 P6900
2026-02-24T15:33:55.770342919Z,2026-02-24T15:33:55.610213559Z,1,1,42431946,T,A,0,117.000000000,12,0,15443,500712102,117.000000000,117.500000000,37,71,1,6,ESH6 P6900
2026-02-24T15:33:55.787771578Z,2026-02-24T15:33:55.636989803Z,1,1,42431946,T,A,0,117.000000000,25,0,14566,500712446,117.000000000,117.500000000,25,71,1,6,ESH6 P6900
2026-02-24T15:34:01.298440008Z,2026-02-24T15:34:01.253742863Z,1,1,42429674,T,B,0,62.750000000,1,0,11876,500769063,62.250000000,62.750000000,160,14,10,1,ESH6 P6700
2026-02-24T15:34:12.920035912Z,2026-02-24T15:34:12.691206985Z,1,1,2553322,T,B,0,45.750000000,1,0,14522,170344624,45.250000000,45.750000000,6,25,1,4,UD:1V: SG 2553322
2026-02-24T15:34:19.041328437Z,2026-02-24T15:34:18.906174461Z,1,1,42429687,T,A,0,53.000000000,1,0,13376,501033041,53.000000000,53.500000000,1,81,1,7,ESH6 C7000
2026-02-24T15:34:19.978965170Z,2026-02-24T15:34:19.494561941Z,1,1,2542134,T,A,0,88.750000000,1,0,11703,170389980,88.750000000,89.250000000,5,17,1,2,UD:1V: SG 2542134
2026-02-24T15:34:27.215046720Z,2026-02-24T15:34:27.165339835Z,1,1,42378592,T,A,0,136.500000000,47,0,22000,501143374,136.500000000,137.500000000,47,112,6,9,ESM6 P6500
2026-02-24T15:34:27.215046720Z,2026-02-24T15:34:27.165339835Z,1,1,42378592,T,A,0,136.000000000,3,0,22000,501143374,136.500000000,137.500000000,47,112,6,9,ESM6 P6500
2026-02-24T15:34:29.226721383Z,2026-02-24T15:34:29.224881887Z,1,1,42431181,T,B,0,46.000000000,5,0,16769,501180049,45.750000000,46.000000000,30,14,3,1,ESH6 P6600
2026-02-24T15:34:29.833886027Z,2026-02-24T15:34:29.546821423Z,1,1,42429011,T,B,0,108.000000000,3,0,13306,501190674,107.000000000,108.000000000,33,37,3,4,ESH6 C6900
2026-02-24T15:34:37.284808200Z,2026-02-24T15:34:37.280764979Z,1,1,42428246,T,A,0,24.750000000,1,0,23044,501277467,24.750000000,25.000000000,1,365,1,15,ESH6 P6400
2026-02-24T15:34:39.472663226Z,2026-02-24T15:34:39.471026433Z,1,1,42426741,T,B,0,33.750000000,5,0,16562,501293344,33.500000000,33.750000000,170,16,6,1,ESH6 P6500
2026-02-24T15:34:48.146285095Z,2026-02-24T15:34:48.066700283Z,1,1,42397940,T,A,0,21.000000000,3,0,11415,501396222,21.000000000,21.250000000,3,211,1,11,ESH6 P6350
2026-02-24T15:34:50.942406235Z,2026-02-24T15:34:50.931180745Z,1,1,42723578,T,A,0,49.500000000,3,0,15941,501437342,49.500000000,49.750000000,3,78,1,6,ESH6 P6625
2026-02-24T15:34:51.750974002Z,2026-02-24T15:34:51.628659951Z,1,1,42865926,T,A,0,9.000000000,4,0,14327,501446877,9.000000000,9.100000000,4,225,1,7,ESH6 C7160
2026-02-24T15:34:52.285423514Z,2026-02-24T15:34:52.279392067Z,1,1,42895805,T,A,0,11.800000000,4,0,18378,501456234,11.800000000,11.900000000,4,204,1,6,ESH6 C7140
2026-02-24T15:34:52.809437328Z,2026-02-24T15:34:52.808769765Z,1,1,42427507,T,A,0,176.500000000,3,0,16394,501461528,176.500000000,177.000000000,3,49,1,8,ESH6 C6800
2026-02-24T15:34:52.870775443Z,2026-02-24T15:34:52.838760107Z,1,1,42429687,T,B,0,53.750000000,1,0,12919,501462275,53.500000000,53.750000000,90,1,7,1,ESH6 C7000
2026-02-24T15:34:53.332824509Z,2026-02-24T15:34:53.332207305Z,1,1,42427507,T,A,0,176.500000000,3,0,13730,501470293,176.500000000,177.000000000,3,42,1,8,ESH6 C6800
2026-02-24T15:34:54.722119759Z,2026-02-24T15:34:54.590999743Z,1,1,42499828,T,A,0,10.300000000,3,0,13498,501493265,10.300000000,10.400000000,3,301,1,8,ESH6 C7150
2026-02-24T15:34:56.062945727Z,2026-02-24T15:34:55.781032965Z,1,1,42804075,T,A,0,7.300000000,3,0,12249,501518618,7.300000000,7.400000000,3,296,1,7,ESH6 C7175
2026-02-24T15:34:56.125799044Z,2026-02-24T15:34:55.912018033Z,1,1,2553398,T,B,0,12.300000000,1,0,13342,170588342,12.100000000,12.300000000,862,862,3,3,UD:1V: VT 2553398
2026-02-24T15:34:56.689908834Z,2026-02-24T15:34:56.663787667Z,1,1,42887182,T,A,0,6.800000000,4,0,15496,501529806,6.800000000,6.900000000,4,282,1,7,ESH6 C7180
2026-02-24T15:34:57.215526875Z,2026-02-24T15:34:57.213796763Z,1,1,42895789,T,A,0,27.250000000,2,0,13617,501532754,27.250000000,27.500000000,2,169,1,10,ESH6 C7070
2026-02-24T15:34:57.821558550Z,2026-02-24T15:34:57.820568371Z,1,1,42804075,T,A,0,7.300000000,3,0,18853,501540818,7.300000000,7.400000000,3,341,1,8,ESH6 C7175
2026-02-24T15:34:58.365127005Z,2026-02-24T15:34:58.364615323Z,1,1,42887172,T,A,0,7.800000000,2,0,15439,501546693,7.800000000,7.900000000,2,207,1,6,ESH6 C7170
2026-02-24T15:34:58.987045112Z,2026-02-24T15:34:58.935082363Z,1,1,42887182,T,A,0,6.800000000,4,0,14080,501552903,6.800000000,6.900000000,4,282,1,7,ESH6 C7180
2026-02-24T15:35:00.168375653Z,2026-02-24T15:35:00.162556323Z,1,1,42804075,T,A,0,7.300000000,3,0,16580,501568694,7.300000000,7.400000000,3,337,1,8,ESH6 C7175
2026-02-24T15:35:00.904852762Z,2026-02-24T15:35:00.839935367Z,1,1,42895789,T,A,0,27.250000000,2,0,14382,501578715,27.250000000,27.500000000,2,150,1,9,ESH6 C7070
2026-02-24T15:35:02.541812910Z,2026-02-24T15:35:02.467222707Z,1,1,42430464,T,A,0,5.200000000,3,0,13922,501603295,5.200000000,5.300000000,3,547,1,10,ESH6 C7200
2026-02-24T15:35:03.277545407Z,2026-02-24T15:35:03.169021509Z,1,1,42887182,T,A,0,6.800000000,4,0,13872,501616348,6.800000000,6.900000000,4,282,1,7,ESH6 C7180
2026-02-24T15:35:04.174706362Z,2026-02-24T15:35:04.002088349Z,1,1,42566722,T,A,0,123.500000000,3,0,11301,501634297,123.500000000,124.000000000,3,91,1,7,ESH6 C6875
2026-02-24T15:35:04.697006804Z,2026-02-24T15:35:04.696430695Z,1,1,42887182,T,A,0,6.800000000,4,0,14266,501644802,6.800000000,6.900000000,4,282,1,7,ESH6 C7180
2026-02-24T15:35:04.852459339Z,2026-02-24T15:35:04.820747103Z,1,1,42429011,T,B,0,108.000000000,1,0,17112,501646688,107.000000000,108.000000000,125,76,10,7,ESH6 C6900
2026-02-24T15:35:04.965193743Z,2026-02-24T15:35:04.963559351Z,1,1,2553398,T,B,0,12.300000000,1,0,14258,170645127,12.100000000,12.300000000,2175,1601,11,11,UD:1V: VT 2553398
2026-02-24T15:35:05.220811245Z,2026-02-24T15:35:05.219442147Z,1,1,42427508,T,A,0,19.300000000,3,0,14053,501649474,19.300000000,19.400000000,3,10,1,3,ESH6 C7100
2026-02-24T15:35:09.221185541Z,2026-02-24T15:35:09.220386345Z,1,1,42409642,T,A,0,24.500000000,1,0,15092,501711277,24.500000000,24.750000000,334,1,5,1,ESM6 P5050
2026-02-24T15:35:09.392688147Z,2026-02-24T15:35:09.325907945Z,1,1,42458398,T,A,0,190.000000000,3,0,15321,501714733,190.000000000,190.500000000,20,75,1,5,ESU6 C7300
2026-02-24T15:35:09.914355131Z,2026-02-24T15:35:09.890246209Z,1,1,42874369,T,A,0,71.000000000,4,0,13523,501721659,71.000000000,71.500000000,28,95,2,8,ESH6 P6740
2026-02-24T15:35:09.947868889Z,2026-02-24T15:35:09.925283421Z,1,1,42874369,T,A,0,71.000000000,4,0,13507,501722380,71.000000000,71.500000000,4,96,1,9,ESH6 P6740
2026-02-24T15:35:10.225470912Z,2026-02-24T15:35:10.220024067Z,1,1,42378592,T,A,0,137.000000000,21,0,17945,501728063,137.000000000,137.500000000,100,105,1,8,ESM6 P6500
2026-02-24T15:35:10.225698856Z,2026-02-24T15:35:10.220024241Z,1,1,42378592,T,A,0,137.000000000,53,0,15878,501728065,137.000000000,137.500000000,79,105,1,8,ESM6 P6500
2026-02-24T15:35:10.226449043Z,2026-02-24T15:35:10.223142543Z,1,1,42378592,T,A,0,137.000000000,23,0,17188,501728085,137.000000000,137.500000000,26,105,1,8,ESM6 P6500
2026-02-24T15:35:10.229441091Z,2026-02-24T15:35:10.225513221Z,1,1,42378592,T,A,0,137.000000000,3,0,16824,501728105,137.000000000,137.500000000,3,105,1,8,ESM6 P6500
2026-02-24T15:35:11.073889034Z,2026-02-24T15:35:11.035150209Z,1,1,42887188,T,A,0,147.500000000,4,0,13430,501739061,147.500000000,148.000000000,4,95,1,7,ESH6 C6840
2026-02-24T15:35:12.274683787Z,2026-02-24T15:35:12.271895323Z,1,1,42804075,T,A,0,7.300000000,3,0,14988,501754098,7.300000000,7.400000000,3,337,1,8,ESH6 C7175
2026-02-24T15:35:13.315957578Z,2026-02-24T15:35:13.146119737Z,1,1,42804075,T,A,0,7.300000000,3,0,11499,501764373,7.300000000,7.400000000,3,233,1,6,ESH6 C7175
2026-02-24T15:35:15.109766415Z,2026-02-24T15:35:15.048316117Z,1,1,42422428,T,A,0,140.500000000,3,0,13660,501787283,140.500000000,141.000000000,3,65,1,7,ESH6 C6850
2026-02-24T15:35:15.818479514Z,2026-02-24T15:35:15.817866739Z,1,1,2541669,T,A,0,11.600000000,1,0,14453,170706326,11.600000000,11.800000000,1,99,1,3,UD:1V: GN 2541669
2026-02-24T15:35:16.249140570Z,2026-02-24T15:35:16.087349675Z,1,1,42804075,T,A,0,7.300000000,3,0,11404,501802498,7.300000000,7.400000000,3,278,1,7,ESH6 C7175
2026-02-24T15:35:18.428084139Z,2026-02-24T15:35:18.331766249Z,1,1,42874357,T,A,0,4.500000000,2,0,14492,501835357,4.500000000,4.600000000,2,462,1,8,ESH6 C7210
2026-02-24T15:35:20.135619080Z,2026-02-24T15:35:20.069675159Z,1,1,42894577,T,A,0,161.000000000,4,0,13984,501858684,161.000000000,161.500000000,4,20,1,4,ESH6 C6820
2026-02-24T15:35:20.539638045Z,2026-02-24T15:35:20.508826451Z,1,1,42911606,T,B,0,49.250000000,20,0,11406,501865395,49.000000000,49.250000000,74,43,5,1,ESH6 P6620
2026-02-24T15:35:20.548183115Z,2026-02-24T15:35:20.508939281Z,1,1,42911606,T,B,0,49.250000000,20,0,14579,501865568,49.000000000,49.250000000,73,23,4,1,ESH6 P6620
2026-02-24T15:35:21.040026466Z,2026-02-24T15:35:20.957089567Z,1,1,42894580,T,B,0,114.500000000,1,0,14242,501874614,114.000000000,114.500000000,21,3,3,1,ESH6 P6890
2026-02-24T15:35:21.040986570Z,2026-02-24T15:35:20.957256945Z,1,1,42894580,T,B,0,114.500000000,2,0,14390,501874623,114.000000000,114.500000000,21,2,3,1,ESH6 P6890
2026-02-24T15:35:24.450637106Z,2026-02-24T15:35:24.428694295Z,1,1,42895806,T,A,0,65.000000000,2,0,14435,501925121,65.000000000,65.250000000,2,73,1,6,ESH6 P6710
2026-02-24T15:35:26.784942936Z,2026-02-24T15:35:26.690227549Z,1,1,42764937,T,A,0,68.000000000,3,0,14575,501945184,68.000000000,68.250000000,3,27,1,2,ESH6 P6725
2026-02-24T15:35:27.753355013Z,2026-02-24T15:35:27.752509043Z,1,1,42804075,T,A,0,7.300000000,3,0,17188,501961674,7.300000000,7.400000000,3,345,1,9,ESH6 C7175
2026-02-24T15:35:31.246072256Z,2026-02-24T15:35:31.208398047Z,1,1,42887182,T,A,0,6.800000000,4,0,11386,502002604,6.800000000,6.900000000,4,279,1,7,ESH6 C7180
2026-02-24T15:35:33.903841759Z,2026-02-24T15:35:33.727975531Z,1,1,42429687,T,A,0,53.000000000,1,0,14366,502044613,53.000000000,53.250000000,1,35,1,5,ESH6 C7000
2026-02-24T15:35:46.406779111Z,2026-02-24T15:35:46.404431357Z,1,1,42431946,T,B,0,118.500000000,1,0,11776,502250482,117.500000000,118.500000000,87,63,9,9,ESH6 P6900
2026-02-24T15:35:48.005636405Z,2026-02-24T15:35:47.985866163Z,1,1,2550771,T,B,0,6.900000000,4,0,16028,170905325,6.800000000,6.900000000,448,4,3,1,UD:1V: VT 2550771
2026-02-24T15:35:48.005875739Z,2026-02-24T15:35:47.985868541Z,1,1,2543813,T,B,0,3.950000000,4,0,13235,170905327,3.900000000,3.950000000,323,4,3,1,UD:1V: VT 2543813
2026-02-24T15:35:55.327550264Z,2026-02-24T15:35:55.019485183Z,1,1,42394731,T,B,0,23.750000000,1,0,18190,502392861,23.500000000,23.750000000,418,1,8,1,ESM6 P5000
2026-02-24T15:36:00.123687931Z,2026-02-24T15:36:00.001647477Z,1,1,2550771,T,B,0,6.800000000,4,0,11598,170991359,6.700000000,6.800000000,291,4,3,1,UD:1V: VT 2550771
2026-02-24T15:36:03.446726207Z,2026-02-24T15:36:03.395651735Z,1,1,42431946,T,B,0,120.000000000,1,0,11383,502539893,119.500000000,120.000000000,17,5,1,2,ESH6 P6900
2026-02-24T15:36:05.974405584Z,2026-02-24T15:36:05.868417195Z,1,1,42426741,T,A,0,34.500000000,5,0,17901,502579123,34.500000000,34.750000000,5,165,1,8,ESH6 P6500
2026-02-24T15:36:07.883823650Z,2026-02-24T15:36:07.799236637Z,1,1,2550771,T,B,0,6.800000000,4,0,16608,171040549,6.700000000,6.800000000,414,4,4,1,UD:1V: VT 2550771
2026-02-24T15:36:11.845435554Z,2026-02-24T15:36:11.550944387Z,1,1,2553398,T,B,0,12.200000000,1,0,18608,171062986,12.000000000,12.200000000,1737,1143,9,7,UD:1V: VT 2553398
2026-02-24T15:36:11.850434300Z,2026-02-24T15:36:11.564575935Z,1,1,42764935,T,A,0,27.250000000,1,0,14305,502657619,27.250000000,27.500000000,1,209,1,9,ESH6 P6425
2026-02-24T15:36:24.569212837Z,2026-02-24T15:36:24.488337899Z,1,1,42429687,T,B,0,52.250000000,25,0,14476,502833295,52.000000000,52.250000000,82,25,7,1,ESH6 C7000
2026-02-24T15:36:25.094894565Z,2026-02-24T15:36:25.010978585Z,1,1,42366510,T,B,0,163.000000000,1,0,11441,502842717,162.500000000,163.000000000,19,1,1,1,ESM6 C7100
2026-02-24T15:36:34.136231695Z,2026-02-24T15:36:33.876837617Z,1,1,2580202,T,B,0,44.500000000,4,0,14774,171198190,44.250000000,44.500000000,144,4,3,1,UD:1V: VT 2580202
2026-02-24T15:36:37.252915995Z,2026-02-24T15:36:37.252347313Z,1,1,42911606,T,B,0,49.750000000,9,0,13229,503017185,49.500000000,49.750000000,71,9,5,1,ESH6 P6620
2026-02-24T15:36:41.599426626Z,2026-02-24T15:36:41.387937111Z,1,1,42723579,T,B,0,152.500000000,13,0,11305,503075562,151.500000000,152.500000000,30,13,5,2,ESH6 P6975
2026-02-24T15:36:41.665765154Z,2026-02-24T15:36:41.388050783Z,1,1,42347631,T,B,0,16.100000000,3,0,15085,503076521,16.000000000,16.100000000,178,3,7,1,ESH6 P6250
2026-02-24T15:36:42.159295883Z,2026-02-24T15:36:41.921599807Z,1,1,2553398,T,B,0,12.200000000,1,0,14523,171243073,12.000000000,12.200000000,1849,1372,9,10,UD:1V: VT 2553398
2026-02-24T15:36:53.969230760Z,2026-02-24T15:36:53.939617517Z,1,1,2541495,T,A,0,3.500000000,1,0,13667,171305216,3.500000000,3.650000000,242,948,4,6,UD:1V: VT 2541495
2026-02-24T15:36:56.855219141Z,2026-02-24T15:36:56.680538369Z,1,1,2550771,T,B,0,6.900000000,4,0,14155,171321041,6.800000000,6.900000000,684,4,6,1,UD:1V: VT 2550771
2026-02-24T15:36:57.817234767Z,2026-02-24T15:36:57.465661035Z,1,1,2553494,T,A,0,32.750000000,5,0,14263,171327073,32.750000000,33.000000000,5,220,1,3,UD:1V: BO 2553494
2026-02-24T15:36:57.965509893Z,2026-02-24T15:36:57.603497933Z,1,1,42426741,T,A,0,34.000000000,1,0,11251,503293163,34.000000000,34.250000000,1,127,1,6,ESH6 P6500
2026-02-24T15:37:02.865842851Z,2026-02-24T15:37:02.679557425Z,1,1,42429064,T,B,0,101.000000000,12,0,16320,503370583,100.500000000,101.000000000,11,12,1,1,ESH6 P6850
2026-02-24T15:37:02.868946619Z,2026-02-24T15:37:02.679606345Z,1,1,42608057,T,B,0,128.000000000,4,0,11675,503370640,127.500000000,128.000000000,11,4,2,1,ESH6 P6925
2026-02-24T15:37:02.882786753Z,2026-02-24T15:37:02.715444959Z,1,1,42894574,T,A,0,134.500000000,1,0,14352,503371089,134.500000000,135.000000000,10,58,1,4,ESH6 P6940
2026-02-24T15:37:02.966044050Z,2026-02-24T15:37:02.865759217Z,1,1,42429064,T,A,0,101.000000000,21,0,14493,503372982,101.000000000,101.500000000,5,67,1,6,ESH6 P6850
2026-02-24T15:37:19.644354443Z,2026-02-24T15:37:19.634274603Z,1,1,42429687,T,A,0,53.250000000,1,0,23157,503570323,53.250000000,53.750000000,82,159,6,14,ESH6 C7000
2026-02-24T15:37:33.163722360Z,2026-02-24T15:37:33.161395209Z,1,1,42372969,T,A,0,218.000000000,1,0,11595,503728850,218.000000000,218.500000000,1,33,1,7,ESM6 C7000
2026-02-24T15:37:35.480459658Z,2026-02-24T15:37:35.460895823Z,1,1,42429674,T,A,0,63.500000000,6,0,16070,503751791,63.500000000,63.750000000,6,44,1,4,ESH6 P6700
2026-02-24T15:37:36.477905464Z,2026-02-24T15:37:36.477321025Z,1,1,2542134,T,A,0,89.250000000,4,0,14297,171517068,89.250000000,89.500000000,4,2,1,1,UD:1V: SG 2542134
2026-02-24T15:37:59.413847496Z,2026-02-24T15:37:59.252990145Z,1,1,4246399,T,A,0,422.500000000,1,0,11375,503990923,422.500000000,423.000000000,1,17,1,1,ESZ6 P7000
2026-02-24T15:38:00.493319232Z,2026-02-24T15:38:00.473173193Z,1,1,42485321,T,A,0,138.000000000,1,0,17392,504007722,138.000000000,139.000000000,89,61,9,8,ESH6 P6950
2026-02-24T15:38:08.709021853Z,2026-02-24T15:38:08.596881289Z,1,1,42427413,T,B,0,40.000000000,1,0,11399,504119619,39.750000000,40.000000000,214,1,11,1,ESH6 P6550
2026-02-24T15:38:33.333807815Z,2026-02-24T15:38:33.150318987Z,1,1,42397940,T,B,0,21.750000000,3,0,14088,504398846,21.250000000,21.750000000,298,128,11,8,ESH6 P6350
2026-02-24T15:38:44.824086987Z,2026-02-24T15:38:44.823797467Z,1,1,42751079,T,A,0,277.000000000,1,0,13363,504525475,277.000000000,277.500000000,1,31,1,1,ESZ7 P5750
2026-02-24T15:38:54.626382211Z,2026-02-24T15:38:54.587152183Z,1,1,2550771,T,B,0,6.900000000,4,0,13837,171855969,6.800000000,6.900000000,406,4,5,1,UD:1V: VT 2550771
2026-02-24T15:38:56.233234073Z,2026-02-24T15:38:56.230584077Z,1,1,42426741,T,B,0,34.500000000,10,0,18596,504664153,34.000000000,34.500000000,171,277,8,14,ESH6 P6500
2026-02-24T15:39:00.265002411Z,2026-02-24T15:39:00.088691293Z,1,1,42300184,T,A,0,222.000000000,5,0,12932,504703624,222.000000000,222.500000000,5,50,1,4,ESM6 P6850
2026-02-24T15:39:13.229471058Z,2026-02-24T15:39:13.229206641Z,1,1,42372969,T,A,0,218.500000000,1,0,14423,504861776,218.500000000,219.000000000,1,75,1,8,ESM6 C7000
2026-02-24T15:39:19.136929800Z,2026-02-24T15:39:19.136406043Z,1,1,42384872,T,A,0,192.000000000,5,0,17543,504916074,192.000000000,193.000000000,34,101,5,8,ESM6 P6750
2026-02-24T15:39:19.984141847Z,2026-02-24T15:39:19.952919135Z,1,1,42887188,T,A,0,147.000000000,4,0,14722,504922016,147.000000000,147.500000000,4,67,1,8,ESH6 C6840
2026-02-24T15:39:24.386678792Z,2026-02-24T15:39:24.368422359Z,1,1,42868334,T,A,0,133.500000000,4,0,17218,504961749,133.500000000,134.000000000,4,102,1,9,ESH6 C6860
2026-02-24T15:39:25.138633196Z,2026-02-24T15:39:25.137163983Z,1,1,42865925,T,B,0,62.750000000,1,0,13926,504973645,62.500000000,62.750000000,23,20,4,1,ESH6 C6980
2026-02-24T15:39:25.149837424Z,2026-02-24T15:39:25.137288779Z,1,1,42804075,T,B,0,7.400000000,51,0,17006,504973654,7.200000000,7.400000000,251,51,6,3,ESH6 C7175
2026-02-24T15:39:25.185492903Z,2026-02-24T15:39:25.138537495Z,1,1,42545724,T,B,0,2.700000000,4,0,21061,504974319,2.550000000,2.700000000,676,4,7,1,ESH6 C7250
2026-02-24T15:39:25.185506483Z,2026-02-24T15:39:25.138537495Z,1,1,42874357,T,B,0,4.600000000,4,0,11372,504974320,4.450000000,4.600000000,288,4,3,1,ESH6 C7210
2026-02-24T15:39:25.185548829Z,2026-02-24T15:39:25.138541027Z,1,1,42608052,T,B,0,3.750000000,4,0,11312,504974323,3.700000000,3.750000000,277,4,1,1,ESH6 C7225
2026-02-24T15:39:25.196497309Z,2026-02-24T15:39:25.149803893Z,1,1,42804075,T,A,0,7.400000000,59,0,11574,504974640,7.400000000,7.500000000,63,131,1,5,ESH6 C7175
2026-02-24T15:39:25.196576696Z,2026-02-24T15:39:25.149841005Z,1,1,42804075,T,A,0,7.400000000,4,0,13019,504974642,7.400000000,7.500000000,4,131,1,5,ESH6 C7175
2026-02-24T15:39:25.668954423Z,2026-02-24T15:39:25.374478353Z,1,1,42895795,T,A,0,126.500000000,5,0,10438,504984581,126.500000000,127.000000000,5,58,1,5,ESH6 C6870
2026-02-24T15:39:27.491858183Z,2026-02-24T15:39:27.362024543Z,1,1,42886224,T,A,0,167.500000000,5,0,11383,505013210,167.500000000,168.000000000,5,1,1,1,ESH6 C6810
2026-02-24T15:39:27.591212575Z,2026-02-24T15:39:27.363567287Z,1,1,3126152,T,B,0,32.000000000,4,0,13833,171997302,31.750000000,32.000000000,36,4,3,1,UD:1V: VT 3126152
2026-02-24T15:39:31.150378093Z,2026-02-24T15:39:31.142154239Z,1,1,2540863,T,B,0,2.850000000,29,0,15766,172015906,2.700000000,2.850000000,229,44,3,1,UD:1V: BO 2540863
2026-02-24T15:39:31.521312231Z,2026-02-24T15:39:31.508701665Z,1,1,2540863,T,B,0,2.850000000,30,0,21658,172017191,2.700000000,2.850000000,234,44,4,1,UD:1V: BO 2540863
2026-02-24T15:39:31.944997648Z,2026-02-24T15:39:31.916817859Z,1,1,2540863,T,B,0,2.850000000,23,0,16149,172019401,2.700000000,2.850000000,234,44,4,1,UD:1V: BO 2540863
2026-02-24T15:39:34.651634778Z,2026-02-24T15:39:34.620972941Z,1,1,42429674,T,A,0,63.750000000,5,0,16362,505081047,63.750000000,64.000000000,5,72,1,7,ESH6 P6700
2026-02-24T15:39:37.588499272Z,2026-02-24T15:39:37.571498401Z,1,1,42429674,T,A,0,63.500000000,2,0,16777,505111158,63.500000000,63.750000000,6,64,1,4,ESH6 P6700
2026-02-24T15:39:37.953199188Z,2026-02-24T15:39:37.878044941Z,1,1,42886224,T,A,0,167.500000000,2,0,11253,505115618,167.500000000,168.000000000,6,29,2,4,ESH6 C6810
2026-02-24T15:39:41.134825023Z,2026-02-24T15:39:41.122511643Z,1,1,42895806,T,A,0,65.500000000,3,0,13447,505150532,65.500000000,65.750000000,5,28,1,2,ESH6 P6710
2026-02-24T15:39:48.026995707Z,2026-02-24T15:39:47.978321661Z,1,1,42894570,T,A,0,51.500000000,5,0,14776,505219342,51.500000000,51.750000000,5,73,1,5,ESH6 P6630
2026-02-24T15:39:51.434876560Z,2026-02-24T15:39:51.103260045Z,1,1,42689130,T,A,0,91.250000000,1,0,13130,505250560,91.250000000,91.500000000,1,81,1,7,ESH6 C6925
2026-02-24T15:39:52.075406736Z,2026-02-24T15:39:51.532774565Z,1,1,42689135,T,A,0,110.500000000,3,0,13268,505260601,110.500000000,111.000000000,3,60,1,6,ESH6 P6875
2026-02-24T15:39:53.405158298Z,2026-02-24T15:39:53.010210441Z,1,1,42483456,T,B,0,33.250000000,4,0,11848,505282765,33.000000000,33.250000000,4,28,2,1,ESH6 C7050
2026-02-24T15:39:53.628880805Z,2026-02-24T15:39:53.348101269Z,1,1,42764937,T,A,0,69.000000000,3,0,13108,505287471,69.000000000,69.250000000,3,2,1,1,ESH6 P6725
2026-02-24T15:39:54.839486701Z,2026-02-24T15:39:54.831661973Z,1,1,42886231,T,A,0,17.000000000,2,0,17725,505301546,17.000000000,17.100000000,2,72,1,3,ESH6 C7110
2026-02-24T15:39:55.362665399Z,2026-02-24T15:39:55.361833449Z,1,1,42886214,T,A,0,58.250000000,2,0,18820,505306840,58.250000000,58.500000000,2,38,1,5,ESH6 P6670
2026-02-24T15:39:55.885762791Z,2026-02-24T15:39:55.884983331Z,1,1,42427508,T,A,0,19.100000000,3,0,17691,505310409,19.100000000,19.200000000,3,66,1,2,ESH6 C7100
2026-02-24T15:39:56.410509372Z,2026-02-24T15:39:56.409370527Z,1,1,42865924,T,A,0,21.500000000,2,0,15539,505314065,21.500000000,21.750000000,2,112,1,7,ESH6 C7090
2026-02-24T15:39:56.933224825Z,2026-02-24T15:39:56.932668675Z,1,1,42422428,T,A,0,139.000000000,3,0,13467,505315886,139.000000000,139.500000000,3,111,1,10,ESH6 C6850
2026-02-24T15:39:57.606093579Z,2026-02-24T15:39:57.604952651Z,1,1,42894579,T,A,0,40.250000000,2,0,14371,505318336,40.250000000,40.500000000,2,70,1,4,ESH6 C7030
2026-02-24T15:39:58.135978495Z,2026-02-24T15:39:58.134936123Z,1,1,42865924,T,A,0,21.500000000,2,0,14187,505320505,21.500000000,21.750000000,2,163,1,9,ESH6 C7090
2026-02-24T15:39:58.711745179Z,2026-02-24T15:39:58.628652065Z,1,1,42431945,T,A,0,87.000000000,5,0,11240,505324524,87.000000000,87.250000000,5,75,1,6,ESH6 P6800
2026-02-24T15:39:58.860886287Z,2026-02-24T15:39:58.788266821Z,1,1,42429674,T,A,0,63.750000000,1,0,14480,505327911,63.750000000,64.000000000,3,87,1,5,ESH6 P6700
2026-02-24T15:39:59.106379923Z,2026-02-24T15:39:58.978353909Z,1,1,42483456,T,A,0,33.250000000,3,0,16902,505332776,33.250000000,33.500000000,3,175,1,8,ESH6 C7050
2026-02-24T15:39:59.753840683Z,2026-02-24T15:39:59.683153479Z,1,1,42894579,T,A,0,40.500000000,2,0,13279,505345626,40.500000000,40.750000000,2,48,1,4,ESH6 C7030
2026-02-24T15:39:59.773540221Z,2026-02-24T15:39:59.756169567Z,1,1,42887191,T,B,0,108.000000000,21,0,17321,505346244,107.500000000,108.000000000,90,21,6,2,ESH6 P6870
2026-02-24T15:39:59.786715131Z,2026-02-24T15:39:59.756264835Z,1,1,42429064,T,B,0,101.500000000,25,0,11578,505346448,101.000000000,101.500000000,64,25,5,2,ESH6 P6850
2026-02-24T15:39:59.796353317Z,2026-02-24T15:39:59.756797287Z,1,1,42429064,T,A,0,101.500000000,11,0,11117,505346688,101.500000000,102.000000000,3,57,1,7,ESH6 P6850
2026-02-24T15:39:59.810356799Z,2026-02-24T15:39:59.778099831Z,1,1,42429064,T,A,0,101.500000000,20,0,11600,505347278,101.500000000,102.000000000,20,46,1,6,ESH6 P6850
2026-02-24T15:40:02.001625506Z,2026-02-24T15:40:01.941888761Z,1,1,42427508,T,A,0,19.300000000,3,0,17211,505378339,19.300000000,19.400000000,3,1,1,1,ESH6 C7100
2026-02-24T15:40:03.784298498Z,2026-02-24T15:40:03.762650275Z,1,1,42895790,T,A,0,182.000000000,2,0,13807,505411800,182.000000000,182.500000000,2,15,1,1,ESH6 C6790
2026-02-24T15:40:04.785105640Z,2026-02-24T15:40:04.750363935Z,1,1,42895796,T,A,0,119.500000000,4,0,14156,505420959,119.500000000,120.000000000,4,86,1,8,ESH6 C6880
2026-02-24T15:40:06.596135195Z,2026-02-24T15:40:06.584637637Z,1,1,42894577,T,A,0,160.000000000,4,0,14050,505441497,160.000000000,160.500000000,4,50,1,6,ESH6 C6820
2026-02-24T15:40:09.211105437Z,2026-02-24T15:40:09.210642381Z,1,1,42887182,T,B,0,6.900000000,4,0,14154,505470086,6.800000000,6.900000000,8,4,1,1,ESH6 C7180
2026-02-24T15:40:10.543546162Z,2026-02-24T15:40:10.533616661Z,1,1,42383331,T,A,0,54.500000000,3,0,14937,505477604,54.500000000,54.750000000,3,80,1,6,ESH6 P6650
2026-02-24T15:40:10.653711593Z,2026-02-24T15:40:10.537596975Z,1,1,42865924,T,B,0,21.750000000,5,0,29095,505479092,21.500000000,21.750000000,81,5,6,2,ESH6 C7090
2026-02-24T15:40:12.332225157Z,2026-02-24T15:40:11.638404013Z,1,1,42430464,T,B,0,5.300000000,4,0,12095,505501666,5.100000000,5.300000000,348,11,8,1,ESH6 C7200
2026-02-24T15:40:15.456727338Z,2026-02-24T15:40:15.341973845Z,1,1,42378346,T,B,0,34.750000000,2,0,14283,505558133,34.500000000,34.750000000,62,2,3,1,ESM6 C7500
2026-02-24T15:40:15.603672128Z,2026-02-24T15:40:15.598763209Z,1,1,42378346,T,B,0,34.750000000,2,0,15534,505560838,34.500000000,34.750000000,62,2,3,1,ESM6 C7500
2026-02-24T15:40:15.643141907Z,2026-02-24T15:40:15.619643323Z,1,1,42911606,T,A,0,49.500000000,4,0,14777,505561750,49.500000000,49.750000000,4,71,1,5,ESH6 P6620
2026-02-24T15:40:15.823353341Z,2026-02-24T15:40:15.821076223Z,1,1,42378346,T,B,0,34.750000000,2,0,18717,505564319,34.500000000,34.750000000,62,2,3,1,ESM6 C7500
2026-02-24T15:40:16.218534338Z,2026-02-24T15:40:16.216894401Z,1,1,42378346,T,B,0,34.750000000,2,0,15778,505567024,34.500000000,34.750000000,62,2,3,1,ESM6 C7500
2026-02-24T15:40:16.362067698Z,2026-02-24T15:40:16.359920683Z,1,1,42378346,T,B,0,34.750000000,2,0,19315,505568469,34.500000000,34.750000000,62,2,3,1,ESM6 C7500
2026-02-24T15:40:20.300715020Z,2026-02-24T15:40:19.918520069Z,1,1,42868523,T,A,0,98.000000000,4,0,11685,505617250,98.000000000,98.250000000,4,18,1,1,ESH6 P6840
2026-02-24T15:40:21.686966765Z,2026-02-24T15:40:21.381488633Z,1,1,42886224,T,A,0,168.000000000,2,0,14311,505643924,168.000000000,168.500000000,2,35,1,4,ESH6 C6810
2026-02-24T15:40:23.089436783Z,2026-02-24T15:40:23.088818755Z,1,1,2540864,T,A,0,3.750000000,29,0,14846,172260254,3.750000000,3.850000000,29,472,2,3,UD:1V: VT 2540864
2026-02-24T15:40:29.029354459Z,2026-02-24T15:40:29.014359071Z,1,1,42886224,T,A,0,168.000000000,2,0,15093,505719781,168.000000000,168.500000000,2,45,1,7,ESH6 C6810
2026-02-24T15:40:29.191550701Z,2026-02-24T15:40:29.173974345Z,1,1,42611781,T,A,0,27.500000000,17,0,20184,505723478,27.500000000,27.750000000,17,70,1,2,ESM6 C7550
2026-02-24T15:40:32.654152104Z,2026-02-24T15:40:32.171414279Z,1,1,2540864,T,A,0,3.700000000,164,0,16397,172295238,3.700000000,3.800000000,164,140,3,2,UD:1V: VT 2540864
2026-02-24T15:40:35.048568751Z,2026-02-24T15:40:35.034856149Z,1,1,42874360,T,A,0,76.750000000,4,0,17758,505791683,76.750000000,77.000000000,4,52,1,4,ESH6 P6760
2026-02-24T15:40:35.460939815Z,2026-02-24T15:40:35.413182349Z,1,1,42608051,T,B,0,25.750000000,1,0,15031,505796263,25.500000000,25.750000000,99,1,7,1,ESH6 C7075
2026-02-24T15:40:35.515904488Z,2026-02-24T15:40:35.413878393Z,1,1,42427508,T,B,0,19.400000000,1,0,17382,505797159,19.200000000,19.400000000,171,1,7,1,ESH6 C7100
2026-02-24T15:40:35.656183730Z,2026-02-24T15:40:35.630695331Z,1,1,42886214,T,A,0,58.000000000,2,0,16912,505800523,58.000000000,58.250000000,2,61,1,4,ESH6 P6670
2026-02-24T15:40:36.181118203Z,2026-02-24T15:40:36.180399191Z,1,1,42896840,T,A,0,61.750000000,2,0,14988,505804231,61.750000000,62.000000000,2,36,1,5,ESH6 P6690
2026-02-24T15:40:37.917976861Z,2026-02-24T15:40:37.913553769Z,1,1,42886224,T,A,0,167.500000000,2,0,11264,505822515,167.500000000,168.000000000,2,46,1,6,ESH6 C6810
2026-02-24T15:40:38.646403237Z,2026-02-24T15:40:38.590248387Z,1,1,42608051,T,A,0,25.750000000,3,0,14096,505835859,25.750000000,26.000000000,3,204,1,11,ESH6 C7075
2026-02-24T15:40:39.560888535Z,2026-02-24T15:40:39.388074609Z,1,1,42886213,T,A,0,95.000000000,2,0,13879,505847900,95.000000000,95.250000000,2,23,1,2,ESH6 P6830
2026-02-24T15:40:40.261784927Z,2026-02-24T15:40:40.234559759Z,1,1,42895806,T,A,0,65.500000000,2,0,13727,505861631,65.500000000,65.750000000,2,85,1,5,ESH6 P6710
2026-02-24T15:40:40.784824352Z,2026-02-24T15:40:40.784269417Z,1,1,42435427,T,A,0,74.000000000,3,0,13369,505867097,74.000000000,74.250000000,3,63,1,5,ESH6 P6750
2026-02-24T15:40:41.345742613Z,2026-02-24T15:40:41.337075875Z,1,1,42608050,T,A,0,65.000000000,3,0,14637,505871510,65.000000000,65.250000000,3,107,1,7,ESH6 C6975
2026-02-24T15:40:41.868275655Z,2026-02-24T15:40:41.867762965Z,1,1,42427507,T,A,0,175.000000000,3,0,14103,505876824,175.000000000,175.500000000,3,77,1,7,ESH6 C6800
2026-02-24T15:40:42.392115133Z,2026-02-24T15:40:42.391582539Z,1,1,42723578,T,A,0,50.250000000,3,0,13434,505881021,50.250000000,50.500000000,3,78,1,6,ESH6 P6625
2026-02-24T15:40:43.070020738Z,2026-02-24T15:40:43.013761539Z,1,1,42865921,T,A,0,153.500000000,2,0,14081,505890294,153.500000000,154.000000000,2,44,1,6,ESH6 C6830
2026-02-24T15:40:43.684773610Z,2026-02-24T15:40:43.674743615Z,1,1,42566722,T,A,0,123.000000000,3,0,13583,505898614,123.000000000,123.500000000,3,139,1,12,ESH6 C6875
2026-02-24T15:40:45.216991734Z,2026-02-24T15:40:45.216304605Z,1,1,42429674,T,A,0,63.500000000,3,0,13956,505906494,63.500000000,63.750000000,3,78,1,7,ESH6 P6700
2026-02-24T15:40:45.922346767Z,2026-02-24T15:40:45.921025759Z,1,1,42429011,T,A,0,107.000000000,3,0,17819,505913896,107.000000000,107.500000000,3,107,1,11,ESH6 C6900
2026-02-24T15:40:47.037838696Z,2026-02-24T15:40:47.037102941Z,1,1,42427507,T,A,0,175.000000000,3,0,18050,505929751,175.000000000,175.500000000,3,83,1,10,ESH6 C6800
2026-02-24T15:40:47.658341795Z,2026-02-24T15:40:47.620771653Z,1,1,42435427,T,A,0,74.250000000,3,0,14002,505936189,74.250000000,74.500000000,3,98,1,7,ESH6 P6750
2026-02-24T15:40:48.181554200Z,2026-02-24T15:40:48.180991181Z,1,1,42427507,T,A,0,175.000000000,3,0,16213,505941284,175.000000000,175.500000000,3,83,1,10,ESH6 C6800
2026-02-24T15:40:48.705782370Z,2026-02-24T15:40:48.705260523Z,1,1,42608051,T,A,0,25.750000000,3,0,14765,505943704,25.750000000,26.000000000,3,273,1,12,ESH6 C7075
2026-02-24T15:40:49.246179115Z,2026-02-24T15:40:49.245565799Z,1,1,42435427,T,A,0,74.250000000,3,0,14528,505951769,74.250000000,74.500000000,3,98,1,7,ESH6 P6750
2026-02-24T15:40:49.301258621Z,2026-02-24T15:40:49.299954797Z,1,1,42404366,T,A,0,8.400000000,29,0,13653,505952132,8.400000000,8.600000000,29,349,1,5,ESM6 C7800
2026-02-24T15:40:49.769066869Z,2026-02-24T15:40:49.768522573Z,1,1,42764937,T,A,0,68.750000000,3,0,14511,505954084,68.750000000,69.000000000,3,104,1,7,ESH6 P6725
2026-02-24T15:40:50.292938096Z,2026-02-24T15:40:50.292082429Z,1,1,42896840,T,A,0,61.500000000,2,0,13926,505963821,61.500000000,61.750000000,2,60,1,4,ESH6 P6690
2026-02-24T15:40:50.817740186Z,2026-02-24T15:40:50.817114559Z,1,1,42427508,T,A,0,19.400000000,3,0,13824,505966066,19.400000000,19.500000000,3,10,1,3,ESH6 C7100
2026-02-24T15:40:51.659133688Z,2026-02-24T15:40:51.544485191Z,1,1,42886222,T,A,0,69.500000000,2,0,11568,505978312,69.500000000,69.750000000,2,56,1,6,ESH6 P6730
2026-02-24T15:40:51.727512127Z,2026-02-24T15:40:51.704163141Z,1,1,42427508,T,B,0,19.500000000,1,0,14383,505980070,19.300000000,19.500000000,191,1,7,1,ESH6 C7100
2026-02-24T15:40:52.184026879Z,2026-02-24T15:40:52.183246627Z,1,1,42887189,T,A,0,49.000000000,2,0,11274,505989589,49.000000000,49.250000000,2,65,1,4,ESH6 C7010
2026-02-24T15:40:53.179078701Z,2026-02-24T15:40:53.167400885Z,1,1,42886230,T,A,0,83.750000000,4,0,14636,506001765,83.750000000,84.000000000,4,22,1,2,ESH6 C6940
2026-02-24T15:40:54.861519173Z,2026-02-24T15:40:54.856662807Z,1,1,42874369,T,A,0,71.500000000,4,0,18206,506020759,71.500000000,71.750000000,4,54,1,4,ESH6 P6740
2026-02-24T15:40:55.452243106Z,2026-02-24T15:40:55.417164387Z,1,1,42887189,T,A,0,49.000000000,2,0,13847,506025545,49.000000000,49.250000000,2,59,1,4,ESH6 C7010
2026-02-24T15:40:57.044319834Z,2026-02-24T15:40:57.027283211Z,1,1,42689132,T,A,0,42.750000000,3,0,16673,506040262,42.750000000,43.000000000,3,128,1,6,ESH6 C7025
2026-02-24T15:41:03.193509015Z,2026-02-24T15:41:03.083004847Z,1,1,2553859,T,A,0,-0.050000000,135,0,15195,172429524,-0.050000000,0.000000000,676,191,1,3,UD:1V: 12 2553859
2026-02-24T15:41:03.511261450Z,2026-02-24T15:41:03.510710445Z,1,1,2553866,T,A,0,0.100000000,184,0,19010,172431215,0.100000000,0.150000000,1000,157,1,2,UD:1V: 12 2553866
2026-02-24T15:41:10.077192058Z,2026-02-24T15:41:10.042098187Z,1,1,42347631,T,B,0,16.000000000,3,0,14286,506218609,15.900000000,16.000000000,148,3,4,1,ESH6 P6250
2026-02-24T15:41:15.045802608Z,2026-02-24T15:41:15.012788831Z,1,1,42429687,T,B,0,53.000000000,1,0,14396,506291214,52.500000000,53.000000000,115,117,9,9,ESH6 C7000
2026-02-24T15:41:19.937761243Z,2026-02-24T15:41:19.834750395Z,1,1,2553398,T,B,0,12.100000000,2,0,16781,172515560,12.000000000,12.100000000,1822,2,10,1,UD:1V: VT 2553398
2026-02-24T15:41:20.387856194Z,2026-02-24T15:41:20.375807579Z,1,1,3126152,T,B,0,32.250000000,2,0,14251,172518543,31.750000000,32.250000000,338,299,8,8,UD:1V: VT 3126152
2026-02-24T15:41:21.244157896Z,2026-02-24T15:41:20.951444735Z,1,1,42865924,T,B,0,21.750000000,16,0,13530,506358498,21.500000000,21.750000000,106,16,6,2,ESH6 C7090
2026-02-24T15:41:40.615580863Z,2026-02-24T15:41:40.452684085Z,1,1,2550771,T,B,0,6.900000000,50,0,15891,172590664,6.800000000,6.900000000,724,50,6,1,UD:1V: VT 2550771
2026-02-24T15:41:58.154197011Z,2026-02-24T15:41:58.153772863Z,1,1,2553398,T,B,0,12.100000000,2,0,13447,172655488,12.000000000,12.100000000,2133,2,12,1,UD:1V: VT 2553398
2026-02-24T15:42:16.357780941Z,2026-02-24T15:42:16.323215471Z,1,1,42394731,T,A,0,23.500000000,5,0,14124,506954727,23.500000000,23.750000000,149,412,4,7,ESM6 P5000
2026-02-24T15:42:20.741956891Z,2026-02-24T15:42:20.738683387Z,1,1,42896847,T,A,0,44.750000000,2,0,12150,507001042,44.750000000,45.000000000,2,31,1,3,ESH6 C7020
2026-02-24T15:42:23.181997194Z,2026-02-24T15:42:23.152900681Z,1,1,42689132,T,A,0,42.750000000,2,0,14197,507014997,42.750000000,43.000000000,2,149,1,9,ESH6 C7025
2026-02-24T15:42:24.295027904Z,2026-02-24T15:42:24.294496869Z,1,1,2553918,T,A,0,19.600000000,26,0,14215,172775440,19.600000000,19.700000000,50,237,1,4,UD:1V:CFO 2553918
2026-02-24T15:42:24.448147221Z,2026-02-24T15:42:24.335217357Z,1,1,42894579,T,A,0,40.750000000,2,0,11610,507023981,40.750000000,41.000000000,2,79,1,6,ESH6 C7030
2026-02-24T15:42:26.060914034Z,2026-02-24T15:42:25.941527735Z,1,1,42896849,T,A,0,37.000000000,2,0,12673,507046493,37.000000000,37.250000000,2,59,1,4,ESH6 C7040
2026-02-24T15:42:26.272177426Z,2026-02-24T15:42:26.271583965Z,1,1,2553918,T,A,0,19.600000000,24,0,13486,172788194,19.600000000,19.700000000,24,186,1,2,UD:1V:CFO 2553918
2026-02-24T15:42:30.712149522Z,2026-02-24T15:42:30.711580773Z,1,1,2553918,T,B,0,19.600000000,15,0,15046,172804995,19.500000000,19.600000000,50,15,1,1,UD:1V:CFO 2553918
2026-02-24T15:42:30.973053723Z,2026-02-24T15:42:30.958324969Z,1,1,2553918,T,A,0,19.600000000,35,0,13902,172806419,19.600000000,19.700000000,35,196,1,3,UD:1V:CFO 2553918
2026-02-24T15:42:59.519168119Z,2026-02-24T15:42:59.518593013Z,1,1,2553918,T,B,0,19.600000000,50,0,13850,172923005,19.500000000,19.600000000,50,50,1,1,UD:1V:CFO 2553918
2026-02-24T15:43:00.236426402Z,2026-02-24T15:42:59.984919857Z,1,1,42404374,T,A,0,275.000000000,1,0,15664,507400415,275.000000000,275.500000000,1,45,1,5,ESM6 P7000
2026-02-24T15:43:01.120778274Z,2026-02-24T15:43:00.563328913Z,1,1,2553918,T,A,0,19.500000000,40,0,11968,172932124,19.500000000,19.700000000,50,262,1,3,UD:1V:CFO 2553918
2026-02-24T15:43:08.629136358Z,2026-02-24T15:43:08.628560419Z,1,1,42608057,T,A,0,127.500000000,1,0,28159,507520731,127.500000000,128.500000000,67,73,6,7,ESH6 P6925
2026-02-24T15:43:15.031109240Z,2026-02-24T15:43:14.974188621Z,1,1,42435427,T,A,0,73.500000000,14,0,13085,507577427,73.500000000,74.000000000,23,117,1,10,ESH6 P6750
2026-02-24T15:43:19.742565924Z,2026-02-24T15:43:19.371562907Z,1,1,42429687,T,B,0,53.750000000,1,0,21689,507631362,53.500000000,53.750000000,64,1,7,1,ESH6 C7000
2026-02-24T15:43:37.167089176Z,2026-02-24T15:43:37.166543727Z,1,1,2553980,T,A,0,-3.100000000,1,0,15131,173078175,-3.100000000,-3.050000000,1,207,1,1,UD:1V: GN 2553980
2026-02-24T15:43:44.380915351Z,2026-02-24T15:43:44.363353395Z,1,1,42397929,T,A,0,3.550000000,34,0,17888,507858370,3.550000000,3.650000000,34,465,2,7,ESH6 P5550
2026-02-24T15:43:44.559089680Z,2026-02-24T15:43:44.552314961Z,1,1,42608055,T,A,0,7.800000000,4,0,14311,507860572,7.800000000,7.900000000,4,175,1,3,ESH6 P5975
2026-02-24T15:43:48.007301645Z,2026-02-24T15:43:47.860188025Z,1,1,42499828,T,B,0,10.500000000,1,0,11375,507904387,10.300000000,10.500000000,165,1,9,1,ESH6 C7150
2026-02-24T15:43:48.229438232Z,2026-02-24T15:43:48.075465251Z,1,1,2914941,T,A,0,11.600000000,3,0,17431,173128612,11.600000000,11.700000000,3,301,1,3,UD:1V: VT 2914941
2026-02-24T15:43:52.477995992Z,2026-02-24T15:43:51.775733419Z,1,1,42431181,T,A,0,45.250000000,1,0,11609,507969770,45.250000000,45.500000000,1,46,1,2,ESH6 P6600
2026-02-24T15:43:53.682082407Z,2026-02-24T15:43:53.385509895Z,1,1,2561325,T,A,0,26.500000000,2,0,15307,173167523,26.500000000,26.750000000,2,183,1,6,UD:1V: VT 2561325
2026-02-24T15:43:57.083887442Z,2026-02-24T15:43:57.053253813Z,1,1,2561325,T,A,0,26.500000000,2,0,14531,173184361,26.500000000,26.750000000,2,513,1,10,UD:1V: VT 2561325
2026-02-24T15:43:57.902698852Z,2026-02-24T15:43:57.741553281Z,1,1,42429687,T,B,0,54.500000000,1,0,10218,508044875,54.250000000,54.500000000,63,1,4,1,ESH6 C7000
2026-02-24T15:44:10.005824090Z,2026-02-24T15:44:09.996563919Z,1,1,42896847,T,B,0,45.750000000,2,0,16623,508187477,45.500000000,45.750000000,4,54,2,3,ESH6 C7020
2026-02-24T15:44:10.241516811Z,2026-02-24T15:44:10.240994165Z,1,1,42483101,T,B,0,79.750000000,1,0,17391,508193394,79.500000000,79.750000000,2,56,1,5,ESH6 C6950
2026-02-24T15:44:11.095656759Z,2026-02-24T15:44:11.071367359Z,1,1,42896847,T,B,0,45.750000000,2,0,17794,508198535,45.500000000,45.750000000,29,4,3,1,ESH6 C7020
2026-02-24T15:44:11.193715432Z,2026-02-24T15:44:11.161967187Z,1,1,42887189,T,B,0,50.000000000,4,0,16315,508200962,49.750000000,50.000000000,48,28,2,2,ESH6 C7010
2026-02-24T15:44:11.205696368Z,2026-02-24T15:44:11.165907667Z,1,1,42868330,T,B,0,69.000000000,4,0,13998,508201252,68.750000000,69.000000000,19,19,1,1,ESH6 C6970
2026-02-24T15:44:11.934861082Z,2026-02-24T15:44:11.856464881Z,1,1,42896849,T,B,0,38.000000000,4,0,17441,508209574,37.750000000,38.000000000,58,4,3,1,ESH6 C7040
2026-02-24T15:44:12.697577099Z,2026-02-24T15:44:12.497674403Z,1,1,2561325,T,A,0,26.500000000,2,0,15187,173268694,26.500000000,26.750000000,2,415,1,9,UD:1V: VT 2561325
2026-02-24T15:44:12.891596837Z,2026-02-24T15:44:12.605054447Z,1,1,42874379,T,B,0,91.250000000,4,0,17002,508221132,91.000000000,91.250000000,17,4,1,1,ESH6 C6930
2026-02-24T15:44:14.190372826Z,2026-02-24T15:44:14.002387039Z,1,1,2534964,T,B,0,4.050000000,1,0,15493,173282062,3.950000000,4.050000000,702,1,6,1,UD:1V: VT 2534964
2026-02-24T15:44:15.875026130Z,2026-02-24T15:44:15.835433127Z,1,1,2561325,T,A,0,26.500000000,2,0,14480,173293040,26.500000000,26.750000000,2,479,1,9,UD:1V: VT 2561325
2026-02-24T15:44:23.537002360Z,2026-02-24T15:44:23.349982495Z,1,1,2533967,T,A,0,28.750000000,2,0,16417,173318469,28.750000000,29.000000000,2,268,1,6,UD:1V: VT 2533967
2026-02-24T15:44:23.621921485Z,2026-02-24T15:44:23.384429405Z,1,1,42483101,T,B,0,80.000000000,4,0,20367,508337910,79.750000000,80.000000000,31,4,2,1,ESH6 C6950
2026-02-24T15:44:28.633570384Z,2026-02-24T15:44:28.424534229Z,1,1,2553248,T,A,0,28.250000000,1,0,14540,173348308,28.250000000,28.750000000,1,4,1,1,UD:1V: GN 2553248
2026-02-24T15:44:28.777442906Z,2026-02-24T15:44:28.436091113Z,1,1,42887190,T,B,0,97.500000000,4,0,13125,508397695,97.250000000,97.500000000,17,4,1,1,ESH6 C6920
2026-02-24T15:44:30.696201064Z,2026-02-24T15:44:30.688274271Z,1,1,2914941,T,A,0,11.800000000,3,0,14222,173364591,11.800000000,11.900000000,3,628,1,6,UD:1V: VT 2914941
2026-02-24T15:45:01.511795096Z,2026-02-24T15:45:01.425278561Z,1,1,42429687,T,A,0,53.750000000,1,0,10691,508767402,53.750000000,54.000000000,1,62,1,6,ESH6 C7000
2026-02-24T15:45:08.735958077Z,2026-02-24T15:45:08.598437125Z,1,1,42429064,T,B,0,100.000000000,5,0,14974,508869921,99.750000000,100.000000000,12,5,2,1,ESH6 P6850
2026-02-24T15:45:14.670113040Z,2026-02-24T15:45:14.652980065Z,1,1,2534219,T,B,0,32.250000000,4,0,15698,173577552,32.000000000,32.250000000,210,4,4,1,UD:1V: VT 2534219
2026-02-24T15:45:17.245509167Z,2026-02-24T15:45:17.243349197Z,1,1,42431181,T,B,0,46.250000000,15,0,14337,508986005,45.750000000,46.250000000,166,30,11,5,ESH6 P6600
2026-02-24T15:45:25.784306032Z,2026-02-24T15:45:25.662580351Z,1,1,2551879,T,B,0,32.750000000,4,0,14777,173625616,32.500000000,32.750000000,156,4,4,1,UD:1V: VT 2551879
2026-02-24T15:45:43.505994503Z,2026-02-24T15:45:43.455050491Z,1,1,42427500,T,A,0,18.300000000,31,0,14634,509322594,18.300000000,18.400000000,50,175,1,6,ESH6 P6300
2026-02-24T15:45:43.532015845Z,2026-02-24T15:45:43.505963569Z,1,1,42427500,T,A,0,18.300000000,19,0,14295,509323249,18.300000000,18.400000000,19,189,1,7,ESH6 P6300
2026-02-24T15:45:47.750371723Z,2026-02-24T15:45:47.540083533Z,1,1,42429687,T,A,0,53.000000000,1,0,12216,509380215,53.000000000,53.250000000,2,6,2,1,ESH6 C7000
2026-02-24T15:46:18.860048779Z,2026-02-24T15:46:18.602725759Z,1,1,42865924,T,B,0,22.000000000,1,0,11534,509788372,21.750000000,22.000000000,85,1,5,1,ESH6 C7090
2026-02-24T15:46:19.247929944Z,2026-02-24T15:46:19.057375067Z,1,1,42427508,T,B,0,19.600000000,1,0,16843,509793940,19.500000000,19.600000000,4,1,1,1,ESH6 C7100
2026-02-24T15:46:20.464889420Z,2026-02-24T15:46:20.320042375Z,1,1,42429065,T,A,0,256.000000000,1,0,14084,509808127,256.000000000,257.000000000,21,48,2,7,ESM6 P6950
2026-02-24T15:46:29.905857661Z,2026-02-24T15:46:29.905485715Z,1,1,42670705,T,A,0,1.200000000,20,0,16059,509937397,1.200000000,1.250000000,20,338,1,6,ESH6 C7325
2026-02-24T15:46:35.396062552Z,2026-02-24T15:46:35.395696193Z,1,1,2554160,T,A,0,30.500000000,2,0,14003,174013508,30.500000000,30.750000000,2,102,1,2,UD:1V: SG 2554160
2026-02-24T15:46:53.207237375Z,2026-02-24T15:46:53.206545381Z,1,1,42894584,T,B,0,92.000000000,1,0,13812,510165832,91.500000000,92.000000000,40,43,3,4,ESH6 P6820
2026-02-24T15:47:04.412844429Z,2026-02-24T15:47:04.123612179Z,1,1,42429687,T,B,0,53.750000000,1,0,14279,510305330,53.500000000,53.750000000,80,1,8,1,ESH6 C7000
2026-02-24T15:47:09.319471218Z,2026-02-24T15:47:09.299199437Z,1,1,42427508,T,B,0,19.800000000,1,0,17896,510368209,19.700000000,19.800000000,4,1,1,1,ESH6 C7100
2026-02-24T15:47:32.503222851Z,2026-02-24T15:47:32.497109341Z,1,1,2554199,T,A,0,23.750000000,3,0,14502,174253867,23.750000000,24.250000000,3,5,1,2,UD:1V: RR 2554199
2026-02-24T15:47:32.503222851Z,2026-02-24T15:47:32.497109341Z,1,1,2554199,T,A,0,23.500000000,2,0,14502,174253867,23.750000000,24.250000000,3,5,1,2,UD:1V: RR 2554199
2026-02-24T15:47:43.198217890Z,2026-02-24T15:47:43.140349947Z,1,1,42894584,T,A,0,92.000000000,1,0,10164,510743380,92.000000000,92.250000000,1,38,1,2,ESH6 P6820
2026-02-24T15:47:56.466979530Z,2026-02-24T15:47:56.466459181Z,1,1,42421497,T,B,0,29.250000000,1,0,18894,510881213,28.750000000,29.250000000,150,286,8,13,ESH6 P6450
2026-02-24T15:48:07.322081897Z,2026-02-24T15:48:07.132785593Z,1,1,42431945,T,B,0,86.250000000,10,0,13995,511003544,86.000000000,86.250000000,11,20,2,1,ESH6 P6800
2026-02-24T15:48:12.883937416Z,2026-02-24T15:48:12.786743681Z,1,1,42431945,T,A,0,86.000000000,10,0,13060,511061344,86.000000000,86.250000000,10,43,1,5,ESH6 P6800
2026-02-24T15:48:14.103881802Z,2026-02-24T15:48:14.102860613Z,1,1,42431945,T,B,0,86.250000000,10,0,27161,511076126,85.750000000,86.250000000,40,93,2,10,ESH6 P6800
2026-02-24T15:48:27.212444631Z,2026-02-24T15:48:27.211555525Z,1,1,792621,T,B,0,18.700000000,1,0,12980,511211138,18.500000000,18.700000000,170,1,3,1,ESZ6 C8500
2026-02-24T15:48:27.370060920Z,2026-02-24T15:48:27.303305961Z,1,1,2553517,T,A,0,2.150000000,4,0,11348,174493372,2.150000000,2.450000000,4,4,1,1,UD:1V: GN 2553517
2026-02-24T15:48:29.517663731Z,2026-02-24T15:48:29.504205571Z,1,1,2553517,T,A,0,2.050000000,40,0,13447,174498046,2.050000000,2.450000000,173,346,3,5,UD:1V: GN 2553517
2026-02-24T15:49:00.078204064Z,2026-02-24T15:49:00.055789069Z,1,1,2554204,T,B,0,13.900000000,4,0,14327,174614889,13.800000000,13.900000000,60,4,1,1,UD:1V: 12 2554204
2026-02-24T15:49:00.121299443Z,2026-02-24T15:49:00.078290843Z,1,1,2554204,T,A,0,13.900000000,56,0,15246,174615169,13.900000000,14.000000000,56,4,1,1,UD:1V: 12 2554204
2026-02-24T15:49:31.964577035Z,2026-02-24T15:49:31.653072229Z,1,1,42895804,T,B,0,24.750000000,4,0,14624,511865120,24.500000000,24.750000000,63,31,3,1,ESH6 C7080
2026-02-24T15:49:36.779440586Z,2026-02-24T15:49:36.647484833Z,1,1,42427508,T,B,0,19.700000000,1,0,14537,511912116,19.600000000,19.700000000,13,1,1,1,ESH6 C7100
2026-02-24T15:49:36.785667493Z,2026-02-24T15:49:36.647504353Z,1,1,2561325,T,A,0,26.750000000,2,0,18334,174769814,26.750000000,27.000000000,2,177,1,6,UD:1V: VT 2561325
2026-02-24T15:49:37.140023707Z,2026-02-24T15:49:36.785670971Z,1,1,2561325,T,B,0,26.750000000,31,0,11988,174772122,26.500000000,26.750000000,193,31,4,1,UD:1V: VT 2561325
2026-02-24T15:49:51.343047437Z,2026-02-24T15:49:51.342498099Z,1,1,2553859,T,A,0,-0.100000000,150,0,15615,174823728,-0.100000000,-0.050000000,200,491,1,7,UD:1V: 12 2553859
2026-02-24T15:49:51.379231117Z,2026-02-24T15:49:51.378739417Z,1,1,2553859,T,A,0,-0.100000000,50,0,14438,174823743,-0.100000000,-0.050000000,50,540,1,8,UD:1V: 12 2553859
2026-02-24T15:49:52.375921621Z,2026-02-24T15:49:52.319954263Z,1,1,42611781,T,A,0,27.750000000,16,0,16640,512070680,27.750000000,28.000000000,16,276,1,7,ESM6 C7550
2026-02-24T15:50:01.840060156Z,2026-02-24T15:50:01.839511735Z,1,1,42378592,T,B,0,138.000000000,2,0,13602,512148798,137.000000000,138.000000000,41,100,6,7,ESM6 P6500
2026-02-24T15:50:08.505045122Z,2026-02-24T15:50:08.347619639Z,1,1,42429687,T,A,0,53.000000000,1,0,15192,512248865,53.000000000,53.250000000,1,54,1,5,ESH6 C7000
2026-02-24T15:50:10.061518567Z,2026-02-24T15:50:10.034159143Z,1,1,42384729,T,A,0,5.400000000,25,0,20020,512272582,5.400000000,5.500000000,25,223,1,3,ESM6 C7900
2026-02-24T15:50:16.726376593Z,2026-02-24T15:50:16.690770503Z,1,1,42427508,T,B,0,19.500000000,1,0,13151,512358857,19.300000000,19.500000000,133,1,6,1,ESH6 C7100
2026-02-24T15:50:16.728830570Z,2026-02-24T15:50:16.690770681Z,1,1,42895804,T,B,0,24.500000000,1,0,14664,512358859,24.250000000,24.500000000,145,1,8,1,ESH6 C7080
2026-02-24T15:50:19.164668850Z,2026-02-24T15:50:18.945510947Z,1,1,42477735,T,B,0,482.000000000,2,0,17681,512391666,481.000000000,482.000000000,34,2,3,1,ESM7 P6900
2026-02-24T15:50:27.049190667Z,2026-02-24T15:50:27.048042541Z,1,1,2554272,T,A,0,-47.000000000,1,0,15043,174992556,-47.000000000,-46.750000000,1,55,1,1,UD:1V: GN 2554272
2026-02-24T15:50:29.940311136Z,2026-02-24T15:50:29.874354213Z,1,1,42378346,T,B,0,34.750000000,2,0,15013,512542754,34.500000000,34.750000000,71,2,3,1,ESM6 C7500
2026-02-24T15:50:32.183282304Z,2026-02-24T15:50:32.178667515Z,1,1,42212203,T,B,0,98.500000000,6,0,14754,512571043,98.250000000,98.500000000,10,26,2,1,ESM6 C7250
2026-02-24T15:50:38.279775772Z,2026-02-24T15:50:38.204145483Z,1,1,42874373,T,A,0,111.500000000,1,0,13212,512654734,111.500000000,112.000000000,3,46,1,5,ESH6 P6880
2026-02-24T15:50:42.219220083Z,2026-02-24T15:50:42.151235825Z,1,1,42874373,T,A,0,111.500000000,1,0,13915,512713085,111.500000000,112.000000000,2,40,1,4,ESH6 P6880
2026-02-24T15:50:42.249693655Z,2026-02-24T15:50:42.152927629Z,1,1,42874373,T,A,0,111.500000000,1,0,15043,512713594,111.500000000,112.000000000,1,40,1,4,ESH6 P6880
2026-02-24T15:50:46.393554989Z,2026-02-24T15:50:46.315250991Z,1,1,42378449,T,B,0,72.750000000,1,0,17673,512756812,72.250000000,72.750000000,36,121,2,5,ESM6 P6000
2026-02-24T15:50:56.875141989Z,2026-02-24T15:50:56.803217103Z,1,1,42429687,T,A,0,52.750000000,6,0,11468,512863016,52.750000000,53.000000000,6,58,1,4,ESH6 C7000
2026-02-24T15:50:58.491238306Z,2026-02-24T15:50:58.420888731Z,1,1,42689132,T,A,0,42.250000000,5,0,14869,512879826,42.250000000,42.500000000,7,141,1,7,ESH6 C7025
2026-02-24T15:51:37.341027636Z,2026-02-24T15:51:37.180513613Z,1,1,42868338,T,B,0,113.500000000,3,0,10294,513350787,113.000000000,113.500000000,57,3,6,1,ESH6 C6890
2026-02-24T15:51:51.793207419Z,2026-02-24T15:51:51.644479985Z,1,1,2534155,T,A,0,2.300000000,2,0,15062,175418965,2.300000000,2.350000000,2,687,1,4,UD:1V: VT 2534155
2026-02-24T15:52:04.546645432Z,2026-02-24T15:52:04.543778455Z,1,1,42896849,T,B,0,36.500000000,7,0,26827,513696189,36.250000000,36.500000000,86,46,9,1,ESH6 C7040
2026-02-24T15:52:05.916040762Z,2026-02-24T15:52:05.903318199Z,1,1,42896849,T,B,0,36.500000000,18,0,13531,513719085,36.250000000,36.500000000,144,39,8,1,ESH6 C7040
2026-02-24T15:52:06.060344315Z,2026-02-24T15:52:06.040735953Z,1,1,42896849,T,B,0,36.500000000,21,0,13534,513721425,36.250000000,36.500000000,145,21,9,1,ESH6 C7040
2026-02-24T15:52:06.154644843Z,2026-02-24T15:52:06.127988195Z,1,1,42896849,T,B,0,36.500000000,3,0,12747,513723421,36.250000000,36.500000000,146,3,10,1,ESH6 C7040
2026-02-24T15:52:31.531588111Z,2026-02-24T15:52:31.294349973Z,1,1,42393450,T,B,0,1.250000000,20,0,11398,514031417,1.200000000,1.250000000,503,20,7,1,ESH6 P4850
2026-02-24T15:52:41.369114591Z,2026-02-24T15:52:41.248051053Z,1,1,42431946,T,B,0,120.000000000,2,0,12778,514151000,119.500000000,120.000000000,61,2,7,1,ESH6 P6900
2026-02-24T15:52:42.558535861Z,2026-02-24T15:52:42.377630911Z,1,1,2553443,T,A,0,19.100000000,1,0,13462,175674091,19.100000000,19.200000000,1,988,1,7,UD:1V: VT 2553443
2026-02-24T15:52:51.524005596Z,2026-02-24T15:52:51.523486811Z,1,1,42366510,T,B,0,163.000000000,1,0,15663,514279198,162.500000000,163.000000000,32,19,5,1,ESM6 C7100
2026-02-24T15:52:59.353522269Z,2026-02-24T15:52:59.202600927Z,1,1,2550771,T,B,0,6.800000000,4,0,14574,175755844,6.700000000,6.800000000,529,4,6,1,UD:1V: VT 2550771
2026-02-24T15:52:59.546520909Z,2026-02-24T15:52:59.546030681Z,1,1,42431943,T,A,0,3.350000000,10,0,13819,514377671,3.350000000,3.400000000,10,232,1,5,ESH6 P5500
2026-02-24T15:52:59.713550312Z,2026-02-24T15:52:59.696492489Z,1,1,42483101,T,B,0,77.250000000,32,0,18695,514378866,76.750000000,77.250000000,67,32,7,4,ESH6 C6950
2026-02-24T15:53:00.511701747Z,2026-02-24T15:53:00.500741167Z,1,1,2529718,T,A,0,4.700000000,10,0,17585,175764182,4.700000000,4.750000000,10,896,1,5,UD:1V: VT 2529718
2026-02-24T15:53:00.689744727Z,2026-02-24T15:53:00.651604241Z,1,1,42431946,T,B,0,119.500000000,1,0,20297,514396749,119.000000000,119.500000000,67,1,5,1,ESH6 P6900
2026-02-24T15:53:14.368141301Z,2026-02-24T15:53:14.365921265Z,1,1,42366515,T,B,0,114.000000000,1,0,11339,514556394,113.500000000,114.000000000,57,32,3,2,ESM6 P6350
2026-02-24T15:53:14.408427656Z,2026-02-24T15:53:14.377373339Z,1,1,42394754,T,B,0,94.000000000,7,0,13605,514557050,93.500000000,94.000000000,78,34,5,2,ESM6 P6200
2026-02-24T15:53:14.427955552Z,2026-02-24T15:53:14.378087531Z,1,1,42394754,T,B,0,94.000000000,1,0,13921,514557411,93.500000000,94.000000000,78,2,5,1,ESM6 P6200
2026-02-24T15:53:14.583186715Z,2026-02-24T15:53:14.539096515Z,1,1,42394754,T,B,0,94.000000000,1,0,23838,514560657,93.500000000,94.000000000,78,1,5,1,ESM6 P6200
2026-02-24T15:53:47.152633843Z,2026-02-24T15:53:47.099345207Z,1,1,42431945,T,A,0,87.250000000,1,0,16708,514943339,87.250000000,87.750000000,88,40,8,2,ESH6 P6800
2026-02-24T15:53:48.423151205Z,2026-02-24T15:53:48.420712387Z,1,1,42431944,T,B,0,8.500000000,5,0,14605,514957981,8.400000000,8.500000000,339,5,11,1,ESH6 P6000
2026-02-24T15:53:49.290477707Z,2026-02-24T15:53:49.252757879Z,1,1,2554429,T,A,0,-16.200000000,1,0,15772,175999778,-16.200000000,-16.100000000,1,1,1,1,UD:1V: GN 2554429
2026-02-24T15:53:54.023076770Z,2026-02-24T15:53:53.965046137Z,1,1,42894580,T,B,0,116.500000000,17,0,11585,515010206,116.000000000,116.500000000,45,17,4,1,ESH6 P6890
2026-02-24T15:53:59.449691584Z,2026-02-24T15:53:59.449082277Z,1,1,42431937,T,B,0,1.500000000,4,0,15139,515065333,1.450000000,1.500000000,587,4,6,1,ESH6 C7300
2026-02-24T15:54:01.625506873Z,2026-02-24T15:54:01.623496969Z,1,1,42911606,T,B,0,50.250000000,35,0,17739,515095459,50.000000000,50.250000000,94,44,5,1,ESH6 P6620
2026-02-24T15:54:01.627600811Z,2026-02-24T15:54:01.623563415Z,1,1,42911606,T,B,0,50.250000000,3,0,18250,515095506,50.000000000,50.250000000,94,9,5,1,ESH6 P6620
2026-02-24T15:54:01.630212394Z,2026-02-24T15:54:01.624051133Z,1,1,42911606,T,B,0,50.250000000,3,0,12888,515095566,50.000000000,50.250000000,94,6,5,1,ESH6 P6620
2026-02-24T15:54:01.632615436Z,2026-02-24T15:54:01.625750803Z,1,1,42911606,T,B,0,50.250000000,3,0,16686,515095621,50.000000000,50.250000000,94,3,5,1,ESH6 P6620
2026-02-24T15:54:02.102098323Z,2026-02-24T15:54:02.050725035Z,1,1,42911606,T,B,0,50.250000000,4,0,11451,515100942,50.000000000,50.250000000,95,4,6,1,ESH6 P6620
2026-02-24T15:54:02.112915194Z,2026-02-24T15:54:02.056179261Z,1,1,42689135,T,B,0,111.000000000,29,0,17053,515101087,110.500000000,111.000000000,45,29,6,3,ESH6 P6875
2026-02-24T15:54:02.134770679Z,2026-02-24T15:54:02.056225281Z,1,1,42643322,T,B,0,95.000000000,44,0,14853,515101216,94.500000000,95.000000000,54,56,4,5,ESH6 P6825
2026-02-24T15:54:02.178999968Z,2026-02-24T15:54:02.056257323Z,1,1,42689130,T,B,0,91.250000000,29,0,12162,515102003,90.750000000,91.250000000,4,29,1,2,ESH6 C6925
2026-02-24T15:54:02.195464434Z,2026-02-24T15:54:02.056281899Z,1,1,42868523,T,B,0,99.500000000,4,0,14219,515102259,98.750000000,99.500000000,20,4,3,1,ESH6 P6840
2026-02-24T15:54:02.200115986Z,2026-02-24T15:54:02.056305381Z,1,1,42886213,T,B,0,96.500000000,1,0,17701,515102340,95.750000000,96.500000000,20,1,3,1,ESH6 P6830
2026-02-24T15:54:02.203287239Z,2026-02-24T15:54:02.056373787Z,1,1,42483101,T,B,0,77.250000000,4,0,12381,515102417,76.500000000,77.250000000,55,4,6,1,ESH6 C6950
2026-02-24T15:54:02.403767207Z,2026-02-24T15:54:02.235809381Z,1,1,42911606,T,B,0,50.250000000,1,0,11797,515107027,50.000000000,50.250000000,45,1,2,1,ESH6 P6620
2026-02-24T15:54:04.993128718Z,2026-02-24T15:54:04.458834057Z,1,1,42431945,T,B,0,88.250000000,5,0,12872,515133258,88.000000000,88.250000000,21,5,2,1,ESH6 P6800
2026-02-24T15:54:06.714815779Z,2026-02-24T15:54:05.577084095Z,1,1,42409203,T,B,0,452.000000000,4,0,11652,515156742,451.500000000,452.000000000,13,4,1,1,ESM7 P6800
2026-02-24T15:54:11.457619003Z,2026-02-24T15:54:11.273269993Z,1,1,42483101,T,B,0,76.500000000,4,0,11323,515240981,76.250000000,76.500000000,34,4,3,1,ESH6 C6950
2026-02-24T15:54:11.477697215Z,2026-02-24T15:54:11.290425497Z,1,1,42431937,T,B,0,1.500000000,4,0,11529,515241655,1.450000000,1.500000000,506,4,5,1,ESH6 C7300
2026-02-24T15:54:20.515383498Z,2026-02-24T15:54:20.441827695Z,1,1,42431937,T,B,0,1.500000000,4,0,14379,515347997,1.450000000,1.500000000,588,4,7,1,ESH6 C7300
2026-02-24T15:54:41.348988293Z,2026-02-24T15:54:41.289708315Z,1,1,42430445,T,B,0,0.050000000,42,0,22714,515605636,,0.050000000,0,42,0,1,ESH6 P2700
2026-02-24T15:54:55.662367931Z,2026-02-24T15:54:55.660673123Z,1,1,2554204,T,A,0,14.400000000,60,0,17627,176308763,14.400000000,14.500000000,60,35,1,3,UD:1V: 12 2554204
2026-02-24T15:55:28.988393287Z,2026-02-24T15:55:28.839485507Z,1,1,42894580,T,A,0,116.500000000,3,0,17410,516159985,116.500000000,117.000000000,3,34,1,5,ESH6 P6890
2026-02-24T15:55:43.469900624Z,2026-02-24T15:55:43.418117169Z,1,1,42431946,T,A,0,119.500000000,2,0,11457,516369546,119.500000000,120.000000000,2,47,1,9,ESH6 P6900
2026-02-24T15:56:17.045830647Z,2026-02-24T15:56:17.035402003Z,1,1,42431944,T,B,0,8.500000000,5,0,12052,516775916,8.400000000,8.500000000,224,5,7,1,ESH6 P6000
2026-02-24T15:56:41.562282977Z,2026-02-24T15:56:41.255430087Z,1,1,42689130,T,B,0,90.500000000,4,0,18258,517115578,90.250000000,90.500000000,17,4,1,1,ESH6 C6925
2026-02-24T15:56:44.437909272Z,2026-02-24T15:56:44.437374965Z,1,1,42670704,T,B,0,2.000000000,4,0,11432,517154969,1.950000000,2.000000000,288,4,5,1,ESH6 C7275
2026-02-24T15:56:50.641727261Z,2026-02-24T15:56:50.568619343Z,1,1,42427508,T,A,0,19.000000000,1,0,15009,517237025,19.000000000,19.100000000,1,66,1,2,ESH6 C7100
2026-02-24T15:56:56.567298111Z,2026-02-24T15:56:56.555884137Z,1,1,42422428,T,B,0,137.000000000,4,0,17630,517321325,136.500000000,137.000000000,63,4,7,2,ESH6 C6850
2026-02-24T15:56:56.591655802Z,2026-02-24T15:56:56.556046271Z,1,1,42865925,T,B,0,61.000000000,9,0,10523,517321793,60.750000000,61.000000000,42,9,2,2,ESH6 C6980
2026-02-24T15:56:56.852499725Z,2026-02-24T15:56:56.833999483Z,1,1,42483101,T,B,0,76.250000000,5,0,16554,517327258,76.000000000,76.250000000,38,5,2,1,ESH6 C6950
2026-02-24T15:56:56.861050747Z,2026-02-24T15:56:56.833999661Z,1,1,42429011,T,B,0,105.000000000,7,0,11591,517327386,104.500000000,105.000000000,62,7,6,3,ESH6 C6900
2026-02-24T15:57:01.928971490Z,2026-02-24T15:57:01.925405587Z,1,1,42896832,T,B,0,108.500000000,1,0,13638,517386044,108.000000000,108.500000000,43,1,5,1,ESH6 P6860
2026-02-24T15:57:03.532248776Z,2026-02-24T15:57:03.454552251Z,1,1,42896832,T,B,0,108.500000000,1,0,14077,517405704,108.000000000,108.500000000,46,1,6,1,ESH6 P6860
2026-02-24T15:57:04.051001389Z,2026-02-24T15:57:03.733320779Z,1,1,42689135,T,B,0,114.000000000,3,0,20228,517415016,113.500000000,114.000000000,60,3,4,1,ESH6 P6875
2026-02-24T15:57:08.063060802Z,2026-02-24T15:57:08.008444531Z,1,1,42431945,T,B,0,90.500000000,5,0,14786,517470485,90.000000000,90.500000000,86,5,5,1,ESH6 P6800
2026-02-24T15:57:08.475382461Z,2026-02-24T15:57:08.475026331Z,1,1,42431945,T,A,0,90.500000000,10,0,17308,517476241,90.500000000,90.750000000,10,147,1,9,ESH6 P6800
2026-02-24T15:57:09.961480674Z,2026-02-24T15:57:09.960562329Z,1,1,42431945,T,A,0,90.250000000,1,0,14362,517494190,90.250000000,90.500000000,1,123,1,8,ESH6 P6800
2026-02-24T15:57:10.135651619Z,2026-02-24T15:57:09.972255299Z,1,1,42670704,T,B,0,2.000000000,4,0,14703,517497179,1.950000000,2.000000000,24,4,2,1,ESH6 C7275
2026-02-24T15:57:12.513444219Z,2026-02-24T15:57:12.303674773Z,1,1,42384725,T,B,0,53.500000000,3,0,11326,517532367,53.250000000,53.500000000,30,3,2,2,ESM6 C7400
2026-02-24T15:57:12.553851448Z,2026-02-24T15:57:12.304082611Z,1,1,42404374,T,A,0,280.000000000,1,0,14412,517533081,280.000000000,280.500000000,1,22,1,3,ESM6 P7000
2026-02-24T15:57:22.314969623Z,2026-02-24T15:57:22.223853643Z,1,1,42887190,T,B,0,93.750000000,1,0,14451,517674817,93.500000000,93.750000000,17,1,1,1,ESH6 C6920
2026-02-24T15:57:27.186999573Z,2026-02-24T15:57:27.155854571Z,1,1,42378592,T,B,0,139.500000000,1,0,14352,517736487,138.500000000,139.500000000,120,98,7,6,ESM6 P6500
2026-02-24T15:57:30.331498088Z,2026-02-24T15:57:30.326554557Z,1,1,42430453,T,A,0,14.200000000,2,0,17782,517773319,14.200000000,14.400000000,4,340,1,10,ESH6 P6200
2026-02-24T15:57:30.338592443Z,2026-02-24T15:57:30.326683787Z,1,1,42430453,T,A,0,14.200000000,2,0,14594,517773439,14.200000000,14.400000000,2,340,1,10,ESH6 P6200
2026-02-24T15:57:35.882923536Z,2026-02-24T15:57:35.710541189Z,1,1,42485321,T,B,0,142.000000000,1,0,14456,517842455,141.500000000,142.000000000,69,1,8,1,ESH6 P6950
2026-02-24T15:58:08.632776960Z,2026-02-24T15:58:08.632235037Z,1,1,42431944,T,B,0,8.700000000,1,0,13671,518218098,8.500000000,8.700000000,184,432,6,11,ESH6 P6000
2026-02-24T15:58:30.291811851Z,2026-02-24T15:58:30.291197041Z,1,1,2554624,T,A,0,-1.200000000,1,0,18899,177395682,-1.200000000,-1.150000000,1,116,1,3,UD:1V: GN 2554624
2026-02-24T15:58:40.943094652Z,2026-02-24T15:58:40.847131679Z,1,1,42430453,T,A,0,14.200000000,4,0,11275,518554648,14.200000000,14.400000000,4,220,1,8,ESH6 P6200
2026-02-24T15:59:08.154797551Z,2026-02-24T15:59:08.143493615Z,1,1,42383331,T,A,0,56.500000000,14,0,11428,518844810,56.500000000,56.750000000,15,72,1,5,ESH6 P6650
2026-02-24T15:59:15.327633856Z,2026-02-24T15:59:15.291106447Z,1,1,42874369,T,A,0,74.250000000,10,0,14837,518921347,74.250000000,74.500000000,27,23,2,1,ESH6 P6740
2026-02-24T15:59:26.870720635Z,2026-02-24T15:59:26.813352215Z,1,1,42764936,T,A,0,38.250000000,26,0,13362,519025060,38.250000000,38.500000000,33,141,1,8,ESH6 P6525
2026-02-24T15:59:26.877320541Z,2026-02-24T15:59:26.813352395Z,1,1,42895791,T,A,0,36.500000000,32,0,17607,519025062,36.500000000,36.750000000,33,50,1,5,ESH6 P6510
2026-02-24T15:59:36.036834235Z,2026-02-24T15:59:36.036294715Z,1,1,42431945,T,B,0,90.000000000,5,0,13459,519133841,89.750000000,90.000000000,82,5,8,1,ESH6 P6800
2026-02-24T15:59:46.519166810Z,2026-02-24T15:59:46.445502885Z,1,1,42426741,T,A,0,35.500000000,5,0,14370,519230498,35.500000000,35.750000000,5,143,1,8,ESH6 P6500
2026-02-24T15:59:52.365217208Z,2026-02-24T15:59:52.362361561Z,1,1,42429674,T,B,0,66.000000000,1,0,11542,519295458,65.500000000,66.000000000,176,38,14,3,ESH6 P6700
2026-02-24T16:00:04.484196183Z,2026-02-24T16:00:04.267876691Z,1,1,42431945,T,B,0,89.250000000,1,0,16765,519445644,89.000000000,89.250000000,31,1,6,1,ESH6 P6800
2026-02-24T16:01:07.107349982Z,2026-02-24T16:01:07.080985843Z,1,1,42429687,T,B,0,52.000000000,1,0,15257,520241656,51.750000000,52.000000000,103,1,10,1,ESH6 C7000
2026-02-24T16:01:08.930804875Z,2026-02-24T16:01:08.912836989Z,1,1,42431945,T,A,0,89.000000000,1,0,14046,520264448,89.000000000,89.250000000,1,88,1,8,ESH6 P6800
2026-02-24T16:01:09.071855803Z,2026-02-24T16:01:09.031433545Z,1,1,2523401,T,A,0,0.750000000,1,0,14192,178123770,0.750000000,0.800000000,1,8462,1,9,UD:1V: VT 2523401
2026-02-24T16:01:20.580889759Z,2026-02-24T16:01:20.540264183Z,1,1,4112315,T,A,0,330.500000000,1,0,13261,520432705,330.500000000,331.500000000,21,62,1,3,ESZ6 P6700
2026-02-24T16:01:38.156870945Z,2026-02-24T16:01:38.127959939Z,1,1,42488858,T,A,0,0.950000000,48,0,15110,520646594,0.950000000,1.000000000,48,349,1,6,ESH6 C7350
2026-02-24T16:01:44.032445279Z,2026-02-24T16:01:44.022529405Z,1,1,42404374,T,A,0,278.000000000,1,0,27391,520715142,278.000000000,278.500000000,1,44,1,5,ESM6 P7000
2026-02-24T16:01:44.932940525Z,2026-02-24T16:01:44.927618305Z,1,1,42485321,T,A,0,141.500000000,1,0,15041,520727014,141.500000000,142.500000000,10,60,2,9,ESH6 P6950
2026-02-24T16:01:45.491544640Z,2026-02-24T16:01:45.490939145Z,1,1,2554733,T,A,0,2.100000000,1,0,14494,178319662,2.100000000,2.150000000,1,632,1,6,UD:1V: VT 2554733
2026-02-24T16:01:55.673517203Z,2026-02-24T16:01:55.607874303Z,1,1,2561325,T,B,0,27.500000000,20,0,17664,178356968,27.250000000,27.500000000,165,69,5,1,UD:1V: VT 2561325
2026-02-24T16:01:56.799373432Z,2026-02-24T16:01:56.798722821Z,1,1,2561325,T,B,0,27.500000000,45,0,17434,178361763,27.250000000,27.500000000,271,138,7,2,UD:1V: VT 2561325
2026-02-24T16:01:59.607533448Z,2026-02-24T16:01:59.607011045Z,1,1,42488858,T,A,0,0.950000000,50,0,14850,520881838,0.950000000,1.000000000,50,389,1,7,ESH6 C7350
2026-02-24T16:02:01.052577942Z,2026-02-24T16:02:01.041571865Z,1,1,4112315,T,A,0,330.000000000,2,0,16656,520898632,330.000000000,331.000000000,21,81,1,5,ESZ6 P6700
2026-02-24T16:02:07.059993638Z,2026-02-24T16:02:06.693444499Z,1,1,42384725,T,B,0,54.250000000,1,0,12912,520996501,54.000000000,54.250000000,6,1,1,1,ESM6 C7400
2026-02-24T16:02:07.323658652Z,2026-02-24T16:02:06.848135383Z,1,1,42429011,T,B,0,107.000000000,3,0,16435,521000755,106.500000000,107.000000000,32,3,6,1,ESH6 C6900
2026-02-24T16:02:19.986048871Z,2026-02-24T16:02:19.985499535Z,1,1,2529718,T,B,0,4.600000000,30,0,14569,178507111,4.550000000,4.600000000,936,30,6,1,UD:1V: VT 2529718
2026-02-24T16:02:35.105182944Z,2026-02-24T16:02:35.104688817Z,1,1,42396048,T,A,0,143.500000000,1,0,18822,521378931,143.500000000,144.000000000,59,31,3,1,ESU6 P6100
2026-02-24T16:02:42.601882946Z,2026-02-24T16:02:42.486433599Z,1,1,42427508,T,B,0,19.800000000,1,0,11516,521460279,19.600000000,19.800000000,156,1,6,1,ESH6 C7100
2026-02-24T16:02:44.164387595Z,2026-02-24T16:02:44.041265303Z,1,1,42429687,T,B,0,53.750000000,1,0,17729,521486591,53.500000000,53.750000000,51,1,5,1,ESH6 C7000
2026-02-24T16:02:45.384536436Z,2026-02-24T16:02:45.369925531Z,1,1,2561325,T,A,0,27.000000000,2,0,17042,178631286,27.000000000,27.250000000,2,367,1,8,UD:1V: VT 2561325
2026-02-24T16:02:52.652861037Z,2026-02-24T16:02:52.652588833Z,1,1,42506303,T,A,0,3.250000000,2,0,14913,521575967,3.250000000,3.350000000,2,414,1,3,ESU6 P2000
2026-02-24T16:03:00.923011274Z,2026-02-24T16:03:00.851628319Z,1,1,2561325,T,A,0,27.000000000,2,0,17034,178696017,27.000000000,27.250000000,2,386,1,8,UD:1V: VT 2561325
2026-02-24T16:03:03.358949221Z,2026-02-24T16:03:03.200438533Z,1,1,42868338,T,A,0,114.000000000,3,0,13459,521693489,114.000000000,114.500000000,3,69,1,9,ESH6 C6890
2026-02-24T16:03:03.724284384Z,2026-02-24T16:03:03.708428367Z,1,1,2561325,T,A,0,27.000000000,2,0,15741,178711450,27.000000000,27.250000000,2,526,1,10,UD:1V: VT 2561325
2026-02-24T16:03:06.615280277Z,2026-02-24T16:03:06.612692561Z,1,1,2561325,T,A,0,27.000000000,2,0,16685,178719726,27.000000000,27.250000000,2,532,1,10,UD:1V: VT 2561325
2026-02-24T16:03:07.421856493Z,2026-02-24T16:03:07.397203619Z,1,1,2561325,T,A,0,27.000000000,2,0,18567,178724587,27.000000000,27.250000000,2,527,1,10,UD:1V: VT 2561325
2026-02-24T16:03:16.082540739Z,2026-02-24T16:03:15.754412835Z,1,1,2561325,T,A,0,27.000000000,2,0,15943,178771042,27.000000000,27.250000000,2,264,1,7,UD:1V: VT 2561325
2026-02-24T16:03:19.348054149Z,2026-02-24T16:03:19.326856751Z,1,1,2561325,T,A,0,27.000000000,2,0,17207,178792747,27.000000000,27.250000000,2,526,1,10,UD:1V: VT 2561325
2026-02-24T16:03:23.131382559Z,2026-02-24T16:03:23.094572685Z,1,1,2561325,T,A,0,27.000000000,2,0,17580,178805733,27.000000000,27.250000000,2,487,1,9,UD:1V: VT 2561325
2026-02-24T16:03:42.303549686Z,2026-02-24T16:03:42.222798037Z,1,1,42396048,T,B,0,143.500000000,5,0,11446,522115000,143.000000000,143.500000000,61,5,3,1,ESU6 P6100
2026-02-24T16:04:02.493377592Z,2026-02-24T16:04:02.245919945Z,1,1,42874373,T,B,0,111.500000000,3,0,11817,522320982,111.000000000,111.500000000,19,3,3,1,ESH6 P6880
2026-02-24T16:04:06.709801711Z,2026-02-24T16:04:06.563518229Z,1,1,42429674,T,A,0,63.500000000,1,0,13927,522387465,63.500000000,63.750000000,1,141,1,8,ESH6 P6700
2026-02-24T16:04:08.693804199Z,2026-02-24T16:04:08.663409959Z,1,1,2554517,T,B,0,15.100000000,4,0,15811,178997232,15.000000000,15.100000000,637,4,8,1,UD:1V: VT 2554517
2026-02-24T16:04:10.842995792Z,2026-02-24T16:04:10.536204613Z,1,1,42608051,T,B,0,26.250000000,4,0,18275,522441276,26.000000000,26.250000000,156,4,9,1,ESH6 C7075
2026-02-24T16:04:41.185284639Z,2026-02-24T16:04:41.184950729Z,1,1,42428246,T,A,0,24.750000000,16,0,14444,522730183,24.750000000,25.000000000,16,324,1,13,ESH6 P6400
2026-02-24T16:05:00.539221429Z,2026-02-24T16:05:00.495331597Z,1,1,42428246,T,B,0,25.000000000,1,0,14699,522933606,24.750000000,25.000000000,101,252,4,9,ESH6 P6400
2026-02-24T16:05:00.745606286Z,2026-02-24T16:05:00.744985685Z,1,1,2554751,T,A,0,-0.650000000,1,0,13743,179201652,-0.650000000,-0.600000000,1,151,1,3,UD:1V: GN 2554751
2026-02-24T16:05:17.233175667Z,2026-02-24T16:05:17.232681349Z,1,1,42488858,T,B,0,1.000000000,1,0,11143,523160849,0.850000000,1.000000000,806,115,11,5,ESH6 C7350
2026-02-24T16:05:37.270234618Z,2026-02-24T16:05:37.040313731Z,1,1,2540242,T,A,0,8.400000000,1,0,14375,179386483,8.400000000,8.800000000,1,1037,1,6,UD:1V: IC 2540242
2026-02-24T16:05:37.911523207Z,2026-02-24T16:05:37.627749659Z,1,1,2984060,T,B,0,6.300000000,3,0,11517,179392217,6.200000000,6.300000000,2591,3,8,1,UD:1V: VT 2984060
2026-02-24T16:05:39.907768712Z,2026-02-24T16:05:39.521106895Z,1,1,42360165,T,B,0,11.900000000,36,0,11442,523413341,11.700000000,11.900000000,180,50,6,3,ESH6 P6150
2026-02-24T16:05:55.319266987Z,2026-02-24T16:05:55.318706055Z,1,1,42366510,T,B,0,165.000000000,1,0,14688,523559966,164.500000000,165.000000000,85,1,8,1,ESM6 C7100
2026-02-24T16:05:59.929408484Z,2026-02-24T16:05:59.914559511Z,1,1,42430452,T,A,0,2.000000000,4,0,23264,523586798,2.000000000,2.050000000,4,285,2,3,ESH6 P5200
2026-02-24T16:06:12.703429322Z,2026-02-24T16:06:12.374157301Z,1,1,42429011,T,A,0,108.000000000,3,0,20663,523737817,108.000000000,108.500000000,3,77,1,9,ESH6 C6900
2026-02-24T16:06:13.484174245Z,2026-02-24T16:06:13.483564947Z,1,1,2554924,T,A,0,3.650000000,1,0,14021,179540575,3.650000000,3.800000000,2718,2713,6,6,UD:1V: VT 2554924
2026-02-24T16:06:27.671246066Z,2026-02-24T16:06:27.366631241Z,1,1,42894580,T,B,0,114.500000000,3,0,12923,523899490,114.000000000,114.500000000,44,3,3,1,ESH6 P6890
2026-02-24T16:06:28.536791199Z,2026-02-24T16:06:27.871055025Z,1,1,2553443,T,A,0,19.200000000,1,0,13788,179601628,19.200000000,19.300000000,1,644,1,7,UD:1V: VT 2553443
2026-02-24T16:06:43.920246363Z,2026-02-24T16:06:43.650301047Z,1,1,42429687,T,A,0,53.000000000,1,0,15039,524114702,53.000000000,53.250000000,1,39,1,3,ESH6 C7000
2026-02-24T16:07:13.199128351Z,2026-02-24T16:07:13.184043669Z,1,1,42572477,T,A,0,10.700000000,25,0,18208,524469406,10.700000000,10.900000000,25,324,1,5,ESM6 C7750
2026-02-24T16:07:28.966621944Z,2026-02-24T16:07:28.966191081Z,1,1,2554517,T,B,0,15.100000000,1,0,14817,179897227,15.000000000,15.100000000,1043,1,10,1,UD:1V: VT 2554517
2026-02-24T16:07:46.929025245Z,2026-02-24T16:07:46.760663741Z,1,1,42429687,T,B,0,53.750000000,1,0,13125,524863012,53.500000000,53.750000000,80,1,7,1,ESH6 C7000
2026-02-24T16:07:52.546066135Z,2026-02-24T16:07:52.409627967Z,1,1,2540285,T,A,0,18.400000000,1,0,17338,179995334,18.400000000,18.500000000,1,338,1,4,UD:1V: BO 2540285
2026-02-24T16:08:23.393664987Z,2026-02-24T16:08:23.339824631Z,1,1,2554517,T,B,0,15.200000000,4,0,11361,180113659,15.100000000,15.200000000,782,4,8,1,UD:1V: VT 2554517
2026-02-24T16:09:34.707805301Z,2026-02-24T16:09:34.603126917Z,1,1,42378346,T,B,0,35.000000000,2,0,19616,525882448,34.750000000,35.000000000,70,2,4,1,ESM6 C7500
2026-02-24T16:09:46.558024119Z,2026-02-24T16:09:46.520923203Z,1,1,2520022,T,B,0,87.000000000,8,0,14641,180378931,86.750000000,87.000000000,178,66,5,1,UD:1V: VT 2520022
2026-02-24T16:10:05.792663906Z,2026-02-24T16:10:05.790460055Z,1,1,42895791,T,A,0,34.750000000,1,0,13834,526178959,34.750000000,35.000000000,1,91,1,5,ESH6 P6510
2026-02-24T16:10:10.652630240Z,2026-02-24T16:10:10.532471263Z,1,1,42671291,T,B,0,58.500000000,6,0,13209,526229083,58.250000000,58.500000000,78,6,7,1,ESH6 P6675
2026-02-24T16:10:23.740211380Z,2026-02-24T16:10:23.711195991Z,1,1,2541547,T,A,0,55.500000000,13,0,14366,180549359,55.500000000,55.750000000,25,123,1,3,UD:1V: VT 2541547
2026-02-24T16:10:24.979401698Z,2026-02-24T16:10:24.939595695Z,1,1,2541547,T,A,0,55.500000000,12,0,14554,180553860,55.500000000,55.750000000,12,221,1,4,UD:1V: VT 2541547
2026-02-24T16:10:26.999551288Z,2026-02-24T16:10:26.847970185Z,1,1,42394733,T,A,0,31.750000000,4,0,17768,526444074,31.750000000,32.000000000,4,128,1,4,ESM6 P5300
2026-02-24T16:10:33.687800864Z,2026-02-24T16:10:33.687457549Z,1,1,42426736,T,A,0,0.200000000,1,0,13417,526495951,0.200000000,0.250000000,1,1008,1,8,ESH6 P3500
2026-02-24T16:10:35.389486789Z,2026-02-24T16:10:34.989381699Z,1,1,42394731,T,A,0,23.500000000,1,0,15822,526517759,23.500000000,23.750000000,1,337,1,6,ESM6 P5000
2026-02-24T16:10:54.330441797Z,2026-02-24T16:10:54.000298913Z,1,1,42431944,T,A,0,8.100000000,1,0,18637,526696188,8.100000000,8.200000000,1,159,1,4,ESH6 P6000
2026-02-24T16:10:55.386116343Z,2026-02-24T16:10:55.384384243Z,1,1,42431944,T,B,0,8.100000000,1,0,13613,526712608,8.000000000,8.100000000,375,1,11,1,ESH6 P6000
2026-02-24T16:11:41.816042018Z,2026-02-24T16:11:41.815752453Z,1,1,42426736,T,A,0,0.200000000,1,0,14291,527078879,0.200000000,0.250000000,1,1008,1,8,ESH6 P3500
2026-02-24T16:11:44.573247293Z,2026-02-24T16:11:44.460483805Z,1,1,2586956,T,B,0,10.600000000,2,0,11705,180816988,10.500000000,10.600000000,1435,2,8,1,UD:1V: VT 2586956
2026-02-24T16:11:48.421366314Z,2026-02-24T16:11:48.167047871Z,1,1,42427498,T,A,0,1.750000000,2,0,14026,527149690,1.750000000,1.800000000,2,749,1,6,ESH6 P5100
2026-02-24T16:11:48.424359955Z,2026-02-24T16:11:48.167073465Z,1,1,2534975,T,A,0,5.900000000,2,0,15833,180839213,5.900000000,6.000000000,2,1891,1,8,UD:1V: VT 2534975
2026-02-24T16:12:03.290448074Z,2026-02-24T16:12:02.468780753Z,1,1,42429687,T,B,0,54.500000000,1,0,22107,527287393,54.250000000,54.500000000,45,2,4,2,ESH6 C7000
2026-02-24T16:12:04.650608627Z,2026-02-24T16:12:04.314906125Z,1,1,42439551,T,B,0,464.000000000,4,0,12091,527311005,463.000000000,464.000000000,3,4,1,1,ESM7 P6850
2026-02-24T16:12:05.161582637Z,2026-02-24T16:12:05.094277511Z,1,1,42439551,T,B,0,464.000000000,4,0,14701,527320738,463.000000000,464.000000000,36,4,3,1,ESM7 P6850
2026-02-24T16:12:05.485734853Z,2026-02-24T16:12:05.485373415Z,1,1,42439551,T,B,0,464.000000000,4,0,13017,527323916,463.000000000,464.000000000,36,4,3,1,ESM7 P6850
2026-02-24T16:12:05.821560880Z,2026-02-24T16:12:05.821314925Z,1,1,42439551,T,B,0,464.000000000,4,0,13781,527326041,463.000000000,464.000000000,36,4,3,1,ESM7 P6850
2026-02-24T16:12:06.797982995Z,2026-02-24T16:12:06.546403187Z,1,1,42431181,T,A,0,45.000000000,1,0,14903,527334655,45.000000000,45.250000000,1,84,1,8,ESH6 P6600
2026-02-24T16:12:06.826106705Z,2026-02-24T16:12:06.560774603Z,1,1,2561325,T,A,0,26.500000000,2,0,15194,180915842,26.500000000,26.750000000,2,230,1,6,UD:1V: VT 2561325
2026-02-24T16:12:06.833329330Z,2026-02-24T16:12:06.561024897Z,1,1,2983989,T,B,0,6.200000000,3,0,11275,180915980,6.100000000,6.200000000,2379,3,7,1,UD:1V: VT 2983989
2026-02-24T16:12:08.631084885Z,2026-02-24T16:12:08.215362651Z,1,1,42439551,T,B,0,463.500000000,4,0,11727,527361227,463.000000000,463.500000000,20,4,1,1,ESM7 P6850
2026-02-24T16:12:09.146309770Z,2026-02-24T16:12:09.014720761Z,1,1,42896849,T,B,0,38.250000000,27,0,11401,527372259,38.000000000,38.250000000,93,45,6,1,ESH6 C7040
2026-02-24T16:12:09.170411399Z,2026-02-24T16:12:09.076703677Z,1,1,42896849,T,B,0,38.250000000,2,0,13420,527372912,38.000000000,38.250000000,93,18,6,1,ESH6 C7040
2026-02-24T16:12:09.217105253Z,2026-02-24T16:12:09.085498525Z,1,1,42896849,T,B,0,38.250000000,7,0,13130,527373695,38.000000000,38.250000000,66,16,5,1,ESH6 C7040
2026-02-24T16:12:32.704145819Z,2026-02-24T16:12:32.525973787Z,1,1,42429674,T,A,0,61.250000000,1,0,14374,527641188,61.250000000,61.500000000,1,90,1,5,ESH6 P6700
2026-02-24T16:13:02.472583488Z,2026-02-24T16:13:02.472066303Z,1,1,42477735,T,B,0,479.000000000,2,0,15638,527887938,478.500000000,479.000000000,31,2,2,1,ESM7 P6900
2026-02-24T16:13:03.108630559Z,2026-02-24T16:13:03.108315531Z,1,1,42477735,T,B,0,479.500000000,2,0,16281,527892585,478.500000000,479.500000000,31,2,2,1,ESM7 P6900
2026-02-24T16:13:03.446368099Z,2026-02-24T16:13:03.446085931Z,1,1,42477735,T,B,0,479.500000000,2,0,14309,527893433,478.500000000,479.500000000,31,2,2,1,ESM7 P6900
2026-02-24T16:13:03.779881206Z,2026-02-24T16:13:03.779520711Z,1,1,42477735,T,B,0,479.500000000,2,0,13683,527897610,478.000000000,479.500000000,15,2,2,1,ESM7 P6900
2026-02-24T16:13:11.781119062Z,2026-02-24T16:13:11.777046721Z,1,1,2540285,T,A,0,18.100000000,1,0,17292,181184068,18.100000000,18.200000000,1,491,1,5,UD:1V: BO 2540285
2026-02-24T16:13:13.830692546Z,2026-02-24T16:13:13.366042529Z,1,1,42378346,T,B,0,35.500000000,1,0,11701,527989853,35.250000000,35.500000000,42,1,2,1,ESM6 C7500
2026-02-24T16:13:13.949814053Z,2026-02-24T16:13:13.377145573Z,1,1,2525439,T,B,0,-11.100000000,3,0,14086,181192173,-11.300000000,-11.100000000,62,3,1,2,UD:1V: 12 2525439
2026-02-24T16:13:13.962393122Z,2026-02-24T16:13:13.378377885Z,1,1,42397940,T,A,0,20.250000000,1,0,13953,527991389,20.250000000,20.500000000,1,85,1,5,ESH6 P6350
2026-02-24T16:13:14.522902736Z,2026-02-24T16:13:13.725312307Z,1,1,2525406,T,B,0,-8.700000000,2,0,15578,181195276,-8.800000000,-8.700000000,37,2,1,1,UD:1V: 12 2525406
2026-02-24T16:13:20.605113427Z,2026-02-24T16:13:20.303977279Z,1,1,42429687,T,B,0,55.250000000,1,0,11503,528104701,55.000000000,55.250000000,10,1,1,1,ESH6 C7000
2026-02-24T16:13:35.030675105Z,2026-02-24T16:13:34.523866015Z,1,1,42896849,T,B,0,38.750000000,13,0,11369,528257319,38.500000000,38.750000000,27,13,1,1,ESH6 C7040
2026-02-24T16:13:35.133233890Z,2026-02-24T16:13:34.576334595Z,1,1,42431181,T,A,0,44.000000000,2,0,11819,528259606,44.000000000,44.250000000,4,14,2,1,ESH6 P6600
2026-02-24T16:13:35.134476909Z,2026-02-24T16:13:34.576462193Z,1,1,42431181,T,A,0,44.000000000,2,0,11234,528259654,44.000000000,44.250000000,2,14,2,1,ESH6 P6600
2026-02-24T16:13:38.500543856Z,2026-02-24T16:13:38.477787837Z,1,1,42426740,T,A,0,10.000000000,1,0,14286,528310066,10.000000000,10.100000000,1,428,1,10,ESH6 P6100
2026-02-24T16:13:38.681992939Z,2026-02-24T16:13:38.635970625Z,1,1,42427507,T,B,0,180.000000000,1,0,11476,528313130,179.500000000,180.000000000,34,1,6,1,ESH6 C6800
2026-02-24T16:13:46.240353279Z,2026-02-24T16:13:46.239851741Z,1,1,42378592,T,A,0,134.000000000,1,0,14123,528388662,134.000000000,135.000000000,107,81,8,6,ESM6 P6500
2026-02-24T16:13:52.142157279Z,2026-02-24T16:13:52.141641419Z,1,1,42431180,T,B,0,6.400000000,1,0,13018,528462591,6.300000000,6.400000000,256,38,5,2,ESH6 P5900
2026-02-24T16:14:01.030264579Z,2026-02-24T16:14:01.029784897Z,1,1,42911606,T,B,0,46.750000000,46,0,14459,528539468,46.500000000,46.750000000,45,46,6,1,ESH6 P6620
2026-02-24T16:14:01.036086656Z,2026-02-24T16:14:01.035601919Z,1,1,42911606,T,B,0,46.750000000,3,0,13807,528539501,46.500000000,46.750000000,45,3,6,1,ESH6 P6620
2026-02-24T16:14:01.625434560Z,2026-02-24T16:14:01.624894551Z,1,1,2554204,T,B,0,13.100000000,4,0,14566,181439727,12.900000000,13.100000000,4,4,1,1,UD:1V: 12 2554204
2026-02-24T16:14:02.251775987Z,2026-02-24T16:14:02.157172185Z,1,1,42431181,T,B,0,44.000000000,12,0,12079,528554099,43.750000000,44.000000000,122,100,8,1,ESH6 P6600
2026-02-24T16:14:02.251812983Z,2026-02-24T16:14:02.157172821Z,1,1,42431181,T,B,0,44.000000000,3,0,11236,528554101,43.750000000,44.000000000,122,88,8,1,ESH6 P6600
2026-02-24T16:14:02.549448797Z,2026-02-24T16:14:02.548885837Z,1,1,42431181,T,B,0,44.000000000,58,0,15293,528558145,43.750000000,44.000000000,136,85,10,1,ESH6 P6600
2026-02-24T16:14:02.550373056Z,2026-02-24T16:14:02.549452525Z,1,1,42431181,T,B,0,44.000000000,8,0,13374,528558164,43.750000000,44.000000000,136,27,10,1,ESH6 P6600
2026-02-24T16:14:02.550678839Z,2026-02-24T16:14:02.549453235Z,1,1,42431181,T,B,0,44.000000000,19,0,12730,528558166,43.750000000,44.000000000,136,19,10,1,ESH6 P6600
2026-02-24T16:14:05.641567131Z,2026-02-24T16:14:05.641053709Z,1,1,42426741,T,A,0,32.000000000,1,0,13473,528584261,32.000000000,32.250000000,34,18,1,4,ESH6 P6500
2026-02-24T16:14:13.510895101Z,2026-02-24T16:14:13.509545569Z,1,1,2555251,T,A,0,14.800000000,1,0,14422,181489089,14.800000000,14.900000000,1,370,1,3,UD:1V: VT 2555251
2026-02-24T16:14:21.017260775Z,2026-02-24T16:14:20.706997709Z,1,1,42429064,T,B,0,96.750000000,1,0,11771,528709336,96.500000000,96.750000000,18,1,1,1,ESH6 P6850
2026-02-24T16:14:48.633538510Z,2026-02-24T16:14:48.512207757Z,1,1,42378346,T,B,0,35.500000000,2,0,19487,528963283,35.250000000,35.500000000,101,2,4,1,ESM6 C7500
2026-02-24T16:14:48.882073196Z,2026-02-24T16:14:48.838034823Z,1,1,42378346,T,B,0,35.500000000,2,0,18256,528968040,35.250000000,35.500000000,75,2,4,1,ESM6 C7500
2026-02-24T16:14:54.378420285Z,2026-02-24T16:14:54.247260121Z,1,1,42429011,T,A,0,110.000000000,2,0,24463,529008846,110.000000000,110.500000000,3,130,1,12,ESH6 C6900
2026-02-24T16:14:54.388434061Z,2026-02-24T16:14:54.247268039Z,1,1,42429011,T,A,0,110.000000000,1,0,11582,529008944,110.000000000,110.500000000,1,130,1,12,ESH6 C6900
2026-02-24T16:15:36.573111295Z,2026-02-24T16:15:36.565824525Z,1,1,42378346,T,B,0,35.500000000,2,0,17319,529401062,35.250000000,35.500000000,171,2,6,1,ESM6 C7500
2026-02-24T16:15:37.944067787Z,2026-02-24T16:15:37.903030581Z,1,1,42483456,T,B,0,35.000000000,10,0,19195,529412941,34.750000000,35.000000000,67,10,3,3,ESH6 C7050
2026-02-24T16:15:45.274338725Z,2026-02-24T16:15:45.240053709Z,1,1,42426741,T,B,0,32.500000000,2,0,13477,529482140,32.250000000,32.500000000,153,2,9,2,ESH6 P6500
2026-02-24T16:15:48.682114559Z,2026-02-24T16:15:48.561985893Z,1,1,42894580,T,B,0,111.500000000,3,0,12904,529527224,111.000000000,111.500000000,51,3,6,1,ESH6 P6890
2026-02-24T16:15:49.789580211Z,2026-02-24T16:15:49.368895027Z,1,1,2553443,T,A,0,19.400000000,1,0,15395,181875775,19.400000000,19.500000000,1,636,1,8,UD:1V: VT 2553443
2026-02-24T16:15:50.410011741Z,2026-02-24T16:15:49.998628243Z,1,1,42429687,T,A,0,54.500000000,1,0,10675,529550220,54.500000000,54.750000000,1,30,1,2,ESH6 C7000
2026-02-24T16:15:50.872601116Z,2026-02-24T16:15:50.570660723Z,1,1,2551759,T,A,0,1.600000000,38,0,13851,181882439,1.600000000,1.700000000,38,38,1,1,UD:1V: BO 2551759
2026-02-24T16:16:19.989841525Z,2026-02-24T16:16:19.982203445Z,1,1,42611781,T,B,0,28.000000000,2,0,19677,529825725,27.750000000,28.000000000,207,2,4,1,ESM6 C7550
2026-02-24T16:16:26.380461077Z,2026-02-24T16:16:26.218884279Z,1,1,42611781,T,B,0,28.000000000,2,0,19379,529893542,27.750000000,28.000000000,172,2,4,1,ESM6 C7550
2026-02-24T16:16:26.867944175Z,2026-02-24T16:16:26.854245601Z,1,1,42611781,T,B,0,28.000000000,2,0,15639,529901307,27.750000000,28.000000000,215,2,5,1,ESM6 C7550
2026-02-24T16:16:30.663823695Z,2026-02-24T16:16:30.656716673Z,1,1,42611781,T,B,0,28.000000000,2,0,16178,529931149,27.750000000,28.000000000,230,2,6,1,ESM6 C7550
2026-02-24T16:16:33.276047648Z,2026-02-24T16:16:33.275525491Z,1,1,2555385,T,B,0,21.000000000,1,0,14678,182033613,20.750000000,21.000000000,2478,173,10,1,UD:1V: VT 2555385
2026-02-24T16:16:37.270074192Z,2026-02-24T16:16:37.138514203Z,1,1,2551759,T,A,0,1.600000000,38,0,15985,182056268,1.600000000,1.700000000,38,38,1,1,UD:1V: BO 2551759
2026-02-24T16:16:43.003334869Z,2026-02-24T16:16:42.678348807Z,1,1,2551759,T,A,0,1.600000000,38,0,17498,182091487,1.600000000,1.700000000,38,4,1,1,UD:1V: BO 2551759
2026-02-24T16:16:44.668480306Z,2026-02-24T16:16:44.667915655Z,1,1,2555368,T,A,0,10.400000000,1,0,15741,182100200,10.400000000,10.500000000,435,223,6,1,UD:1V: VT 2555368
2026-02-24T16:16:48.003996255Z,2026-02-24T16:16:48.003422883Z,1,1,2551759,T,A,0,1.600000000,11,0,14068,182116272,1.600000000,1.700000000,38,4,1,1,UD:1V: BO 2551759
2026-02-24T16:16:48.004233767Z,2026-02-24T16:16:48.003423063Z,1,1,2551759,T,A,0,1.600000000,27,0,14358,182116274,1.600000000,1.700000000,27,4,1,1,UD:1V: BO 2551759
2026-02-24T16:16:53.592827786Z,2026-02-24T16:16:53.544557381Z,1,1,2533879,T,A,0,2.200000000,1,0,14534,182134943,2.200000000,2.250000000,1,694,1,4,UD:1V: VT 2533879
2026-02-24T16:17:02.683912808Z,2026-02-24T16:17:02.678182793Z,1,1,42429687,T,A,0,53.750000000,1,0,11782,530302654,53.750000000,54.000000000,1,73,1,7,ESH6 C7000
2026-02-24T16:17:05.234672875Z,2026-02-24T16:17:05.113602557Z,1,1,42894580,T,A,0,113.000000000,1,0,16706,530339655,113.000000000,113.500000000,3,49,1,6,ESH6 P6890
2026-02-24T16:17:05.600660837Z,2026-02-24T16:17:05.592575201Z,1,1,42894580,T,A,0,113.000000000,2,0,14696,530344365,113.000000000,113.500000000,2,54,1,8,ESH6 P6890
2026-02-24T16:17:12.188131781Z,2026-02-24T16:17:12.175423457Z,1,1,42868337,T,A,0,35.500000000,23,0,14160,530418613,35.500000000,36.000000000,33,83,1,7,ESH6 P6520
2026-02-24T16:17:17.823620616Z,2026-02-24T16:17:17.822468473Z,1,1,2555349,T,A,0,23.000000000,1,0,16867,182253616,23.000000000,23.250000000,1,225,1,6,UD:1V: VT 2555349
2026-02-24T16:17:21.996519235Z,2026-02-24T16:17:21.996009129Z,1,1,42499828,T,B,0,10.600000000,2,0,16508,530527663,10.400000000,10.600000000,126,70,5,5,ESH6 C7150
2026-02-24T16:17:25.195616189Z,2026-02-24T16:17:25.188763139Z,1,1,42611781,T,A,0,27.750000000,16,0,16250,530565829,27.750000000,28.000000000,16,100,1,5,ESM6 C7550
2026-02-24T16:17:25.807294783Z,2026-02-24T16:17:25.687532537Z,1,1,42429674,T,B,0,62.750000000,1,0,12449,530571485,62.500000000,62.750000000,62,1,9,1,ESH6 P6700
2026-02-24T16:17:33.411566578Z,2026-02-24T16:17:33.400406951Z,1,1,42894580,T,A,0,113.500000000,2,0,19050,530659735,113.500000000,114.000000000,3,60,1,7,ESH6 P6890
2026-02-24T16:17:33.450879771Z,2026-02-24T16:17:33.400834153Z,1,1,42894580,T,A,0,113.500000000,1,0,11665,530660242,113.500000000,114.000000000,1,57,1,6,ESH6 P6890
2026-02-24T16:17:37.716688320Z,2026-02-24T16:17:37.713987957Z,1,1,42426741,T,A,0,33.500000000,24,0,15307,530696492,33.500000000,33.750000000,34,188,1,8,ESH6 P6500
2026-02-24T16:17:37.721983979Z,2026-02-24T16:17:37.714062115Z,1,1,42426741,T,A,0,33.500000000,2,0,11791,530696555,33.500000000,33.750000000,10,188,1,8,ESH6 P6500
2026-02-24T16:17:49.936018703Z,2026-02-24T16:17:49.899387115Z,1,1,42611781,T,B,0,27.750000000,29,0,11480,530820814,27.500000000,27.750000000,194,29,5,1,ESM6 C7550
2026-02-24T16:18:12.977599405Z,2026-02-24T16:18:12.769100903Z,1,1,42429011,T,B,0,108.500000000,3,0,16510,531066429,108.000000000,108.500000000,51,3,9,1,ESH6 C6900
2026-02-24T16:18:28.935611836Z,2026-02-24T16:18:28.887040099Z,1,1,42431946,T,B,0,116.500000000,3,0,12435,531247170,116.000000000,116.500000000,27,3,4,1,ESH6 P6900
2026-02-24T16:18:31.304535221Z,2026-02-24T16:18:31.232676651Z,1,1,42431946,T,B,0,116.500000000,3,0,13212,531283455,116.000000000,116.500000000,47,3,6,1,ESH6 P6900
2026-02-24T16:19:06.529182246Z,2026-02-24T16:19:06.479486581Z,1,1,42483101,T,B,0,79.000000000,18,0,11238,531581042,78.750000000,79.000000000,63,50,6,1,ESH6 C6950
2026-02-24T16:19:06.562905458Z,2026-02-24T16:19:06.499799987Z,1,1,42483101,T,B,0,79.000000000,22,0,11531,531581639,78.750000000,79.000000000,64,32,7,1,ESH6 C6950
2026-02-24T16:19:06.591243888Z,2026-02-24T16:19:06.571101177Z,1,1,42483101,T,B,0,79.000000000,1,0,13151,531582475,78.750000000,79.000000000,66,10,8,1,ESH6 C6950
2026-02-24T16:19:06.613180567Z,2026-02-24T16:19:06.612691391Z,1,1,42483101,T,B,0,79.000000000,5,0,13368,531582849,78.750000000,79.000000000,66,9,8,1,ESH6 C6950
2026-02-24T16:19:06.633122143Z,2026-02-24T16:19:06.628315107Z,1,1,42483101,T,B,0,79.000000000,4,0,13580,531582995,78.750000000,79.000000000,66,4,8,1,ESH6 C6950
2026-02-24T16:19:12.232657512Z,2026-02-24T16:19:12.232147925Z,1,1,42409203,T,B,0,449.500000000,4,0,14421,531632941,448.500000000,449.500000000,20,4,1,1,ESM7 P6800
2026-02-24T16:19:12.563956933Z,2026-02-24T16:19:12.563598849Z,1,1,42409203,T,B,0,449.500000000,4,0,13616,531635207,448.500000000,449.500000000,20,4,1,1,ESM7 P6800
2026-02-24T16:19:12.887661245Z,2026-02-24T16:19:12.887338527Z,1,1,42409203,T,B,0,449.500000000,4,0,12974,531638063,448.500000000,449.500000000,20,4,1,1,ESM7 P6800
2026-02-24T16:19:13.333070388Z,2026-02-24T16:19:13.332490451Z,1,1,42431944,T,A,0,8.200000000,2,0,15422,531640734,8.200000000,8.300000000,2,517,1,14,ESH6 P6000
2026-02-24T16:19:20.705105672Z,2026-02-24T16:19:20.691765551Z,1,1,42409203,T,B,0,449.500000000,4,0,14700,531714117,448.500000000,449.500000000,20,4,1,1,ESM7 P6800
2026-02-24T16:19:31.418022901Z,2026-02-24T16:19:30.357391739Z,1,1,42429674,T,A,0,62.000000000,6,0,13915,531793171,62.000000000,62.500000000,70,51,7,2,ESH6 P6700
2026-02-24T16:20:02.923089671Z,2026-02-24T16:20:02.847780275Z,1,1,42894580,T,A,0,113.500000000,3,0,14856,532102423,113.500000000,114.000000000,3,38,1,5,ESH6 P6890
2026-02-24T16:20:21.730756376Z,2026-02-24T16:20:21.730246633Z,1,1,42429674,T,A,0,63.250000000,1,0,14385,532350155,63.250000000,63.500000000,2,91,2,7,ESH6 P6700
2026-02-24T16:20:21.941464408Z,2026-02-24T16:20:21.914297293Z,1,1,42886221,T,A,0,67.250000000,1,0,11290,532352094,67.250000000,67.500000000,1,26,1,1,ESH6 P6720
2026-02-24T16:20:23.708312619Z,2026-02-24T16:20:23.684290091Z,1,1,42874369,T,A,0,71.500000000,24,0,12001,532373101,71.500000000,71.750000000,24,52,1,3,ESH6 P6740
2026-02-24T16:20:25.628381011Z,2026-02-24T16:20:25.627360323Z,1,1,42429064,T,B,0,101.000000000,1,0,13327,532390622,100.500000000,101.000000000,59,61,6,7,ESH6 P6850
2026-02-24T16:20:33.229209717Z,2026-02-24T16:20:33.226369419Z,1,1,42874364,T,A,0,14.000000000,4,0,11220,532451266,14.000000000,14.200000000,4,176,1,8,ESH6 P6210
2026-02-24T16:20:38.422929290Z,2026-02-24T16:20:38.402043353Z,1,1,42431181,T,A,0,46.000000000,4,0,13144,532491449,46.000000000,46.250000000,8,97,1,5,ESH6 P6600
2026-02-24T16:20:53.227503674Z,2026-02-24T16:20:52.939773681Z,1,1,42427508,T,A,0,19.400000000,1,0,17331,532638035,19.400000000,19.600000000,1,129,1,7,ESH6 C7100
2026-02-24T16:20:53.227694895Z,2026-02-24T16:20:52.939773861Z,1,1,42429687,T,A,0,53.000000000,1,0,11555,532638037,53.000000000,53.250000000,1,87,1,5,ESH6 C7000
2026-02-24T16:20:57.279963138Z,2026-02-24T16:20:56.904799333Z,1,1,2554840,T,A,0,19.500000000,1,0,13330,183138604,19.500000000,19.600000000,1,581,1,6,UD:1V: VT 2554840
2026-02-24T16:21:00.319421029Z,2026-02-24T16:21:00.250818339Z,1,1,42429674,T,B,0,63.500000000,1,0,15861,532746528,63.250000000,63.500000000,129,1,10,1,ESH6 P6700
2026-02-24T16:21:11.934639210Z,2026-02-24T16:21:11.930647189Z,1,1,42874373,T,A,0,111.500000000,3,0,13883,532880932,111.500000000,112.000000000,3,53,1,6,ESH6 P6880
2026-02-24T16:21:21.211590389Z,2026-02-24T16:21:21.106041453Z,1,1,42868338,T,B,0,113.500000000,3,0,14267,532984803,113.000000000,113.500000000,62,3,8,1,ESH6 C6890
2026-02-24T16:21:23.394455586Z,2026-02-24T16:21:23.393956043Z,1,1,42426741,T,B,0,34.000000000,4,0,16333,533004711,33.750000000,34.000000000,60,117,4,6,ESH6 P6500
2026-02-24T16:21:23.672027430Z,2026-02-24T16:21:23.586863055Z,1,1,42426741,T,A,0,33.750000000,1,0,12237,533007074,33.750000000,34.000000000,2,113,1,6,ESH6 P6500
2026-02-24T16:21:23.742496439Z,2026-02-24T16:21:23.693951067Z,1,1,42426741,T,A,0,33.750000000,1,0,13774,533008599,33.750000000,34.000000000,1,124,1,7,ESH6 P6500
2026-02-24T16:21:33.510040695Z,2026-02-24T16:21:33.507616989Z,1,1,42886213,T,A,0,94.500000000,1,0,12491,533107177,94.500000000,94.750000000,1,92,1,8,ESH6 P6830
2026-02-24T16:21:33.510838817Z,2026-02-24T16:21:33.507942715Z,1,1,42865921,T,A,0,154.000000000,1,0,10338,533107186,154.000000000,154.500000000,1,76,1,8,ESH6 C6830
2026-02-24T16:21:33.511134059Z,2026-02-24T16:21:33.508487101Z,1,1,42868523,T,A,0,97.500000000,1,0,11882,533107194,97.500000000,97.750000000,1,99,1,9,ESH6 P6840
2026-02-24T16:21:33.512299016Z,2026-02-24T16:21:33.509629689Z,1,1,42887188,T,A,0,147.000000000,1,0,11713,533107231,147.000000000,147.500000000,1,101,1,9,ESH6 C6840
2026-02-24T16:21:33.514319154Z,2026-02-24T16:21:33.513332429Z,1,1,42886213,T,A,0,94.500000000,1,0,14958,533107298,94.500000000,94.750000000,1,92,1,8,ESH6 P6830
2026-02-24T16:21:33.514810648Z,2026-02-24T16:21:33.513582097Z,1,1,42868334,T,A,0,133.500000000,1,0,11672,533107307,133.500000000,134.000000000,1,128,1,10,ESH6 C6860
2026-02-24T16:21:33.515680287Z,2026-02-24T16:21:33.515239007Z,1,1,42865921,T,A,0,154.000000000,1,0,11997,533107322,154.000000000,154.500000000,1,76,1,8,ESH6 C6830
2026-02-24T16:21:33.516472079Z,2026-02-24T16:21:33.515769461Z,1,1,42868523,T,A,0,97.500000000,1,0,12625,533107345,97.500000000,97.750000000,1,99,1,9,ESH6 P6840
2026-02-24T16:21:33.516827253Z,2026-02-24T16:21:33.515990981Z,1,1,42886213,T,A,0,94.500000000,1,0,10566,533107348,94.500000000,94.750000000,1,113,1,9,ESH6 P6830
2026-02-24T16:21:33.525077775Z,2026-02-24T16:21:33.524641623Z,1,1,42886213,T,A,0,94.500000000,1,0,13942,533107386,94.500000000,94.750000000,1,113,1,9,ESH6 P6830
2026-02-24T16:21:33.674696207Z,2026-02-24T16:21:33.671604203Z,1,1,42429064,T,A,0,100.500000000,1,0,15271,533107922,100.500000000,101.000000000,1,114,1,12,ESH6 P6850
2026-02-24T16:21:33.679940298Z,2026-02-24T16:21:33.676239849Z,1,1,42886213,T,A,0,94.500000000,1,0,11523,533108033,94.500000000,94.750000000,1,92,1,8,ESH6 P6830
2026-02-24T16:21:33.680358587Z,2026-02-24T16:21:33.676626695Z,1,1,42868334,T,A,0,133.500000000,1,0,15204,533108040,133.500000000,134.000000000,1,107,1,9,ESH6 C6860
2026-02-24T16:21:33.705060421Z,2026-02-24T16:21:33.700914607Z,1,1,42886213,T,A,0,94.500000000,1,0,14528,533108240,94.500000000,94.750000000,1,138,1,9,ESH6 P6830
2026-02-24T16:21:33.818351871Z,2026-02-24T16:21:33.815417693Z,1,1,42868523,T,A,0,97.500000000,1,0,14723,533108784,97.500000000,97.750000000,1,120,1,9,ESH6 P6840
2026-02-24T16:21:33.822879552Z,2026-02-24T16:21:33.817108505Z,1,1,42429064,T,A,0,100.500000000,1,0,13972,533108857,100.500000000,101.000000000,1,114,1,12,ESH6 P6850
2026-02-24T16:21:33.870001171Z,2026-02-24T16:21:33.858975343Z,1,1,42886213,T,A,0,94.500000000,1,0,14133,533109262,94.500000000,94.750000000,1,134,1,9,ESH6 P6830
2026-02-24T16:21:33.890015205Z,2026-02-24T16:21:33.887137865Z,1,1,42886213,T,A,0,94.500000000,1,0,14196,533109600,94.500000000,94.750000000,1,134,1,9,ESH6 P6830
2026-02-24T16:21:34.025210482Z,2026-02-24T16:21:34.024876475Z,1,1,42886213,T,A,0,94.500000000,1,0,14078,533110006,94.500000000,94.750000000,1,134,1,9,ESH6 P6830
2026-02-24T16:21:41.286732255Z,2026-02-24T16:21:41.187320353Z,1,1,42427508,T,A,0,19.400000000,1,0,11606,533161967,19.400000000,19.700000000,139,146,6,5,ESH6 C7100
2026-02-24T16:22:24.950733643Z,2026-02-24T16:22:24.943445667Z,1,1,42874364,T,A,0,14.200000000,1,0,14151,533596733,14.200000000,14.400000000,1,166,1,6,ESH6 P6210
2026-02-24T16:22:34.192541693Z,2026-02-24T16:22:34.096523615Z,1,1,2550771,T,B,0,6.900000000,52,0,19529,183545838,6.800000000,6.900000000,767,52,6,2,UD:1V: VT 2550771
2026-02-24T16:22:45.043812000Z,2026-02-24T16:22:45.027860191Z,1,1,42483456,T,B,0,33.500000000,1,0,15088,533790146,33.250000000,33.500000000,158,1,10,1,ESH6 C7050
2026-02-24T16:23:21.795691912Z,2026-02-24T16:23:21.765518191Z,1,1,42429687,T,B,0,53.500000000,3,0,14514,534127370,53.250000000,53.500000000,129,25,11,1,ESH6 C7000
2026-02-24T16:23:21.820612039Z,2026-02-24T16:23:21.765837645Z,1,1,42429687,T,B,0,53.500000000,22,0,26790,534127784,53.250000000,53.500000000,129,22,11,1,ESH6 C7000
2026-02-24T16:23:32.875837167Z,2026-02-24T16:23:32.533929785Z,1,1,42429011,T,B,0,108.000000000,1,0,13235,534227629,107.500000000,108.000000000,71,1,9,1,ESH6 C6900
2026-02-24T16:23:34.141335378Z,2026-02-24T16:23:34.140701305Z,1,1,42429011,T,B,0,108.000000000,3,0,14998,534247538,107.500000000,108.000000000,72,34,10,2,ESH6 C6900
2026-02-24T16:23:36.176823470Z,2026-02-24T16:23:36.050318613Z,1,1,42429687,T,B,0,53.750000000,1,0,12658,534266280,53.500000000,53.750000000,90,1,9,1,ESH6 C7000
2026-02-24T16:23:40.595452736Z,2026-02-24T16:23:40.594813969Z,1,1,42894580,T,B,0,113.500000000,3,0,15361,534311398,113.000000000,113.500000000,56,3,8,1,ESH6 P6890
2026-02-24T16:24:12.057770739Z,2026-02-24T16:24:12.042015485Z,1,1,42723578,T,B,0,50.000000000,1,0,13010,534579825,49.500000000,50.000000000,174,105,12,8,ESH6 P6625
2026-02-24T16:24:37.808509141Z,2026-02-24T16:24:37.804977111Z,1,1,42399612,T,A,0,27.250000000,4,0,17770,534793727,27.250000000,27.500000000,4,192,1,6,ESM6 P5150
2026-02-24T16:24:38.326914285Z,2026-02-24T16:24:38.324878637Z,1,1,42708161,T,A,0,38.500000000,4,0,14647,534796422,38.500000000,38.750000000,4,22,1,4,ESM6 P5475
2026-02-24T16:24:38.987969883Z,2026-02-24T16:24:38.986391395Z,1,1,42372931,T,B,0,26.000000000,1,0,13579,534803151,25.750000000,26.000000000,371,9,6,1,ESM6 P5100
2026-02-24T16:24:39.364828690Z,2026-02-24T16:24:39.362626429Z,1,1,42372931,T,B,0,26.000000000,1,0,12001,534805489,25.750000000,26.000000000,371,8,6,1,ESM6 P5100
2026-02-24T16:24:39.430443976Z,2026-02-24T16:24:39.426900739Z,1,1,42372931,T,B,0,26.000000000,1,0,14463,534806048,25.750000000,26.000000000,371,7,6,1,ESM6 P5100
2026-02-24T16:24:42.726053488Z,2026-02-24T16:24:42.501240427Z,1,1,42372931,T,B,0,26.000000000,1,0,12746,534832115,25.750000000,26.000000000,371,6,6,1,ESM6 P5100
2026-02-24T16:24:44.625831522Z,2026-02-24T16:24:44.610675891Z,1,1,42429687,T,A,0,53.000000000,1,0,14533,534853326,53.000000000,53.250000000,1,117,1,7,ESH6 C7000
2026-02-24T16:24:45.721131544Z,2026-02-24T16:24:45.659710001Z,1,1,2553443,T,A,0,19.200000000,1,0,15517,184037132,19.200000000,19.300000000,1,736,1,8,UD:1V: VT 2553443
2026-02-24T16:24:52.328184665Z,2026-02-24T16:24:52.321655483Z,1,1,42394743,T,B,0,35.500000000,8,0,16581,534920788,35.250000000,35.500000000,264,8,6,1,ESM6 P5400
2026-02-24T16:24:52.345563445Z,2026-02-24T16:24:52.336480569Z,1,1,42404355,T,A,0,37.500000000,4,0,12479,534921110,37.500000000,37.750000000,4,101,1,4,ESM6 P5450
2026-02-24T16:24:52.818609458Z,2026-02-24T16:24:52.709465543Z,1,1,42708161,T,A,0,38.500000000,4,0,14735,534930990,38.500000000,38.750000000,4,41,1,5,ESM6 P5475
2026-02-24T16:25:02.042263240Z,2026-02-24T16:25:02.019964697Z,1,1,42399612,T,A,0,27.250000000,4,0,13632,535005623,27.250000000,27.500000000,4,264,1,7,ESM6 P5150
2026-02-24T16:25:03.143287180Z,2026-02-24T16:25:03.142762275Z,1,1,42483101,T,A,0,78.000000000,1,0,13794,535011775,78.000000000,78.250000000,19,1,1,1,ESH6 C6950
2026-02-24T16:25:16.944886503Z,2026-02-24T16:25:16.942828259Z,1,1,42874364,T,A,0,14.000000000,1,0,13172,535146495,14.000000000,14.100000000,1,39,1,3,ESH6 P6210
2026-02-24T16:25:30.884007290Z,2026-02-24T16:25:30.883350707Z,1,1,2555800,T,B,0,5.400000000,1,0,15610,184189447,5.100000000,5.400000000,94,49,4,5,UD:1V: GN 2555800
2026-02-24T16:26:24.552476058Z,2026-02-24T16:26:24.551913015Z,1,1,42347631,T,A,0,15.600000000,1,0,14111,535731261,15.600000000,15.800000000,5,226,2,8,ESH6 P6250
2026-02-24T16:26:34.896538923Z,2026-02-24T16:26:34.883341039Z,1,1,42394761,T,A,0,98.500000000,1,0,16647,535803972,98.500000000,98.750000000,1,44,1,4,ESM6 P6250
2026-02-24T16:26:35.761721085Z,2026-02-24T16:26:35.692759501Z,1,1,2550771,T,B,0,7.000000000,4,0,13363,184413383,6.900000000,7.000000000,851,4,6,1,UD:1V: VT 2550771
2026-02-24T16:27:50.968204786Z,2026-02-24T16:27:50.959417179Z,1,1,2550771,T,B,0,7.000000000,4,0,13435,184649514,6.900000000,7.000000000,861,4,6,1,UD:1V: VT 2550771
2026-02-24T16:28:04.784570000Z,2026-02-24T16:28:04.766147073Z,1,1,2533775,T,A,0,1.800000000,4,0,14954,184694977,1.800000000,1.900000000,4,1043,1,7,UD:1V: VT 2533775
2026-02-24T16:28:14.811312519Z,2026-02-24T16:28:14.650675107Z,1,1,42399595,T,B,0,12.700000000,1,0,14391,536639259,12.600000000,12.700000000,15,1,1,1,ESM6 P4300
2026-02-24T16:28:19.973957631Z,2026-02-24T16:28:19.973399049Z,1,1,2541954,T,B,0,-8.500000000,1,0,16715,184763461,-8.900000000,-8.500000000,49,1,3,1,UD:1V: 12 2541954
2026-02-24T16:28:27.759753624Z,2026-02-24T16:28:27.741704499Z,1,1,42360165,T,B,0,12.000000000,37,0,16005,536753433,11.800000000,12.000000000,312,100,8,4,ESH6 P6150
2026-02-24T16:28:27.835712346Z,2026-02-24T16:28:27.757169569Z,1,1,42360165,T,B,0,12.000000000,34,0,18608,536754787,11.800000000,12.000000000,444,63,9,2,ESH6 P6150
2026-02-24T16:28:27.842737797Z,2026-02-24T16:28:27.762869065Z,1,1,42360165,T,B,0,12.000000000,3,0,11711,536754934,11.800000000,12.000000000,398,29,8,1,ESH6 P6150
2026-02-24T16:29:42.462649787Z,2026-02-24T16:29:42.462149935Z,1,1,42431181,T,A,0,45.750000000,1,0,17229,537404979,45.750000000,46.000000000,1,127,1,9,ESH6 P6600
2026-02-24T16:29:50.077912219Z,2026-02-24T16:29:50.046917097Z,1,1,2555897,T,A,0,-10.000000000,1,0,13854,185064442,-10.000000000,-9.900000000,2,45,1,2,UD:1V: GN 2555897
2026-02-24T16:29:50.080130510Z,2026-02-24T16:29:50.046967087Z,1,1,2555897,T,A,0,-10.000000000,1,0,13501,185064449,-10.000000000,-9.900000000,1,45,1,2,UD:1V: GN 2555897
2026-02-24T16:30:00.641975061Z,2026-02-24T16:30:00.559407833Z,1,1,42608051,T,B,0,26.000000000,1,0,14158,537552488,25.750000000,26.000000000,96,179,3,7,ESH6 C7075
2026-02-24T16:30:12.029583208Z,2026-02-24T16:30:12.027708385Z,1,1,42764936,T,A,0,36.250000000,2,0,13719,537672448,36.250000000,36.500000000,2,138,1,9,ESH6 P6525
2026-02-24T16:30:34.013756603Z,2026-02-24T16:30:34.012424203Z,1,1,2550771,T,A,0,6.800000000,10,0,13124,185253002,6.800000000,6.900000000,96,408,1,4,UD:1V: VT 2550771
2026-02-24T16:30:38.871773925Z,2026-02-24T16:30:38.507971817Z,1,1,2553970,T,A,0,0.000000000,86,0,13996,185276512,0.000000000,0.100000000,200,443,1,6,UD:1V: 12 2553970
2026-02-24T16:30:43.231440496Z,2026-02-24T16:30:43.076751531Z,1,1,2551840,T,A,0,58.000000000,10,0,11396,185300705,58.000000000,58.250000000,10,11,1,3,UD:1V: SG 2551840
2026-02-24T16:30:43.249711818Z,2026-02-24T16:30:43.077482081Z,1,1,2554638,T,A,0,3.900000000,1,0,14176,185300808,3.900000000,3.950000000,1,1056,1,5,UD:1V: VT 2554638
2026-02-24T16:30:44.614535915Z,2026-02-24T16:30:44.463469509Z,1,1,42378346,T,A,0,34.500000000,15,0,10303,538060528,34.500000000,34.750000000,15,81,1,2,ESM6 C7500
2026-02-24T16:30:47.338759029Z,2026-02-24T16:30:47.328567487Z,1,1,42394731,T,B,0,24.000000000,1,0,14536,538090905,23.500000000,24.000000000,395,487,8,7,ESM6 P5000
2026-02-24T16:30:51.259812227Z,2026-02-24T16:30:50.960899193Z,1,1,42427508,T,B,0,18.800000000,1,0,13626,538140425,18.700000000,18.800000000,82,1,3,1,ESH6 C7100
2026-02-24T16:30:57.127980312Z,2026-02-24T16:30:56.956359569Z,1,1,42427508,T,A,0,18.800000000,1,0,12865,538201201,18.800000000,19.000000000,60,32,2,2,ESH6 C7100
2026-02-24T16:31:00.727356042Z,2026-02-24T16:31:00.651499427Z,1,1,42488858,T,A,0,0.950000000,50,0,11880,538242859,0.950000000,1.000000000,50,428,1,7,ESH6 C7350
2026-02-24T16:31:01.755374954Z,2026-02-24T16:31:01.505230081Z,1,1,42427508,T,A,0,18.700000000,1,0,15549,538263100,18.700000000,18.900000000,36,18,2,2,ESH6 C7100
2026-02-24T16:31:07.700013599Z,2026-02-24T16:31:07.291484903Z,1,1,42431946,T,A,0,121.000000000,1,0,14000,538357192,121.000000000,121.500000000,1,42,1,8,ESH6 P6900
2026-02-24T16:31:08.282095546Z,2026-02-24T16:31:08.066790053Z,1,1,2550771,T,B,0,6.700000000,4,0,14972,185444054,6.600000000,6.700000000,393,4,4,1,UD:1V: VT 2550771
2026-02-24T16:31:08.407037979Z,2026-02-24T16:31:08.333528949Z,1,1,42394731,T,A,0,23.500000000,1,0,12059,538371582,23.500000000,24.000000000,550,541,9,7,ESM6 P5000
2026-02-24T16:31:11.601370496Z,2026-02-24T16:31:11.422284477Z,1,1,42427508,T,A,0,18.600000000,1,0,16628,538411879,18.600000000,18.800000000,33,55,1,3,ESH6 C7100
2026-02-24T16:31:12.795635987Z,2026-02-24T16:31:12.791718565Z,1,1,42360165,T,B,0,12.400000000,5,0,16292,538425122,12.300000000,12.400000000,11,5,2,1,ESH6 P6150
2026-02-24T16:31:16.009410888Z,2026-02-24T16:31:15.731560227Z,1,1,2553970,T,A,0,0.000000000,15,0,15473,185487704,0.000000000,0.050000000,114,380,1,4,UD:1V: 12 2553970
2026-02-24T16:31:19.172128947Z,2026-02-24T16:31:19.071584801Z,1,1,2553970,T,A,0,0.000000000,35,0,15127,185508842,0.000000000,0.050000000,99,380,1,4,UD:1V: 12 2553970
2026-02-24T16:31:20.568694341Z,2026-02-24T16:31:20.559349131Z,1,1,42429674,T,B,0,65.750000000,5,0,14031,538535012,65.250000000,65.750000000,54,169,4,11,ESH6 P6700
2026-02-24T16:31:21.554108120Z,2026-02-24T16:31:21.397343811Z,1,1,42431181,T,B,0,48.000000000,1,0,13146,538544448,47.750000000,48.000000000,170,1,10,1,ESH6 P6600
2026-02-24T16:31:22.780017665Z,2026-02-24T16:31:22.337574595Z,1,1,2553970,T,A,0,0.000000000,34,0,12945,185524506,0.000000000,0.050000000,64,380,1,4,UD:1V: 12 2553970
2026-02-24T16:31:23.276785914Z,2026-02-24T16:31:22.812572451Z,1,1,2553970,T,A,0,0.000000000,30,0,14207,185528125,0.000000000,0.050000000,30,380,1,4,UD:1V: 12 2553970
2026-02-24T16:31:27.143720880Z,2026-02-24T16:31:27.028755957Z,1,1,42430453,T,A,0,14.200000000,4,0,11195,538630588,14.200000000,14.400000000,4,249,1,6,ESH6 P6200
2026-02-24T16:31:30.198903752Z,2026-02-24T16:31:30.197915973Z,1,1,42874369,T,A,0,74.000000000,9,0,14584,538668325,74.000000000,74.250000000,23,2,1,1,ESH6 P6740
2026-02-24T16:31:31.000417251Z,2026-02-24T16:31:30.993311209Z,1,1,42894575,T,A,0,34.000000000,21,0,15713,538674867,34.000000000,34.250000000,34,70,1,5,ESH6 P6490
2026-02-24T16:31:34.159858039Z,2026-02-24T16:31:34.158757821Z,1,1,42874369,T,A,0,74.000000000,13,0,13530,538710271,74.000000000,74.250000000,23,4,1,2,ESH6 P6740
2026-02-24T16:31:42.125187039Z,2026-02-24T16:31:42.071116873Z,1,1,42874373,T,A,0,114.000000000,1,0,13997,538810485,114.000000000,114.500000000,3,28,1,3,ESH6 P6880
2026-02-24T16:31:42.127293265Z,2026-02-24T16:31:42.071138927Z,1,1,42874373,T,A,0,114.000000000,2,0,14100,538810530,114.000000000,114.500000000,2,28,1,3,ESH6 P6880
2026-02-24T16:31:44.781801008Z,2026-02-24T16:31:44.736811463Z,1,1,42427508,T,B,0,18.700000000,10,0,21185,538848982,18.600000000,18.700000000,66,14,2,1,ESH6 C7100
2026-02-24T16:31:48.355845279Z,2026-02-24T16:31:48.355272609Z,1,1,42496686,T,A,0,4.900000000,2,0,14738,538891791,4.900000000,5.000000000,2,291,1,5,ESU6 C8500
2026-02-24T16:31:51.336920653Z,2026-02-24T16:31:51.336395231Z,1,1,42896849,T,B,0,35.750000000,45,0,13872,538927483,35.500000000,35.750000000,55,45,7,1,ESH6 C7040
2026-02-24T16:32:10.997088097Z,2026-02-24T16:32:10.996579723Z,1,1,42378592,T,A,0,138.500000000,5,0,14341,539153818,138.500000000,139.000000000,5,11,1,4,ESM6 P6500
2026-02-24T16:32:15.499955810Z,2026-02-24T16:32:15.214800895Z,1,1,42384724,T,A,0,116.500000000,2,0,16243,539187373,116.500000000,117.000000000,2,41,2,7,ESM6 C7200
2026-02-24T16:32:16.291085199Z,2026-02-24T16:32:15.503233741Z,1,1,42378592,T,A,0,138.500000000,5,0,13893,539197945,138.500000000,139.000000000,5,34,1,4,ESM6 P6500
2026-02-24T16:32:39.203170282Z,2026-02-24T16:32:39.202556273Z,1,1,42896849,T,B,0,35.750000000,4,0,11478,539461708,35.500000000,35.750000000,99,4,9,1,ESH6 C7040
2026-02-24T16:33:05.473118827Z,2026-02-24T16:33:04.898160461Z,1,1,42874373,T,B,0,114.500000000,1,0,13990,539777459,114.000000000,114.500000000,17,1,1,1,ESH6 P6880
2026-02-24T16:33:05.760394551Z,2026-02-24T16:33:05.191993593Z,1,1,42874373,T,A,0,114.500000000,2,0,15137,539782296,114.500000000,115.000000000,2,37,1,4,ESH6 P6880
2026-02-24T16:33:19.162224562Z,2026-02-24T16:33:18.544975415Z,1,1,2552782,T,A,0,2.500000000,1,0,14306,186102243,2.500000000,2.550000000,1,1273,1,5,UD:1V: VT 2552782
2026-02-24T16:33:26.676791571Z,2026-02-24T16:33:26.475881529Z,1,1,42426741,T,B,0,35.250000000,5,0,12915,540040264,35.000000000,35.250000000,34,108,1,6,ESH6 P6500
2026-02-24T16:33:39.924707936Z,2026-02-24T16:33:39.924191345Z,1,1,42804075,T,B,0,7.100000000,1,0,19267,540188628,6.900000000,7.100000000,227,8,8,2,ESH6 C7175
2026-02-24T16:33:42.895995163Z,2026-02-24T16:33:42.895487741Z,1,1,42429687,T,B,0,51.250000000,1,0,16574,540226070,50.750000000,51.250000000,155,113,13,8,ESH6 C7000
2026-02-24T16:33:56.954114237Z,2026-02-24T16:33:56.937829269Z,1,1,2554638,T,A,0,3.800000000,1,0,14537,186284911,3.800000000,3.850000000,1,1248,1,6,UD:1V: VT 2554638
2026-02-24T16:33:56.973777045Z,2026-02-24T16:33:56.961417813Z,1,1,42394761,T,B,0,100.500000000,2,0,13730,540388273,100.000000000,100.500000000,131,2,8,2,ESM6 P6250
2026-02-24T16:33:58.593486495Z,2026-02-24T16:33:58.590539553Z,1,1,42426741,T,A,0,35.250000000,1,0,12205,540404484,35.250000000,35.500000000,1,81,1,7,ESH6 P6500
2026-02-24T16:34:09.481168872Z,2026-02-24T16:34:09.457777087Z,1,1,244701,T,A,0,24.000000000,1,0,12345,540549895,24.000000000,24.250000000,1,739,1,6,ESZ6 P3500
2026-02-24T16:34:09.584099787Z,2026-02-24T16:34:09.466519353Z,1,1,42874373,T,A,0,114.500000000,3,0,13178,540551716,114.500000000,115.000000000,3,83,1,7,ESH6 P6880
2026-02-24T16:34:21.679810656Z,2026-02-24T16:34:21.579941383Z,1,1,2556078,T,B,0,19.200000000,1,0,11625,186419464,19.000000000,19.200000000,5,18,2,2,UD:1V: GN 2556078
2026-02-24T16:34:26.940263135Z,2026-02-24T16:34:26.768362577Z,1,1,42868338,T,B,0,110.500000000,3,0,11616,540766411,110.000000000,110.500000000,50,3,8,1,ESH6 C6890
2026-02-24T16:35:06.966188126Z,2026-02-24T16:35:06.965463975Z,1,1,2534215,T,A,0,45.250000000,2,0,12652,186613554,45.250000000,45.500000000,37,147,2,3,UD:1V: VT 2534215
2026-02-24T16:35:10.148011403Z,2026-02-24T16:35:10.083344559Z,1,1,42435427,T,A,0,75.750000000,13,0,14069,541282838,75.750000000,76.250000000,13,148,1,11,ESH6 P6750
2026-02-24T16:35:10.406009595Z,2026-02-24T16:35:10.185628277Z,1,1,42868338,T,B,0,111.000000000,3,0,11812,541287493,110.500000000,111.000000000,33,3,7,1,ESH6 C6890
2026-02-24T16:35:10.616441959Z,2026-02-24T16:35:10.333731999Z,1,1,42409642,T,A,0,25.000000000,1,0,14451,541291781,25.000000000,25.250000000,1,390,1,7,ESM6 P5050
2026-02-24T16:35:20.510231787Z,2026-02-24T16:35:20.178869611Z,1,1,2984060,T,B,0,6.200000000,6,0,14537,186696869,6.100000000,6.200000000,2224,6,7,2,UD:1V: VT 2984060
2026-02-24T16:35:25.162985818Z,2026-02-24T16:35:24.896203373Z,1,1,42366511,T,B,0,21.500000000,2,0,14244,541488598,21.250000000,21.500000000,227,2,5,2,ESM6 C7600
2026-02-24T16:35:27.785617184Z,2026-02-24T16:35:27.748799329Z,1,1,42384308,T,A,0,16.600000000,2,0,11826,541532657,16.600000000,16.700000000,2,226,2,5,ESM6 P4600
2026-02-24T16:35:28.438196922Z,2026-02-24T16:35:28.402018587Z,1,1,42399612,T,A,0,27.500000000,4,0,11832,541544928,27.500000000,27.750000000,4,361,1,7,ESM6 P5150
2026-02-24T16:35:30.002423005Z,2026-02-24T16:35:29.960375387Z,1,1,42804075,T,B,0,7.200000000,4,0,12575,541564203,7.100000000,7.200000000,108,4,5,1,ESH6 C7175
2026-02-24T16:35:41.544571050Z,2026-02-24T16:35:41.287313839Z,1,1,42865927,T,A,0,90.000000000,4,0,11555,541708022,90.000000000,90.250000000,4,19,1,1,ESH6 P6810
2026-02-24T16:35:41.567968562Z,2026-02-24T16:35:41.287447209Z,1,1,42921501,T,A,0,13.100000000,4,0,11392,541708564,13.100000000,13.300000000,4,91,1,3,ESH6 P6180
2026-02-24T16:35:41.892855499Z,2026-02-24T16:35:41.530403135Z,1,1,42868338,T,B,0,112.000000000,3,0,11901,541714670,111.500000000,112.000000000,38,3,4,1,ESH6 C6890
2026-02-24T16:35:54.699999074Z,2026-02-24T16:35:54.584431537Z,1,1,42911606,T,B,0,50.250000000,15,0,12957,541854175,50.000000000,50.250000000,95,41,8,1,ESH6 P6620
2026-02-24T16:35:54.704198221Z,2026-02-24T16:35:54.584644805Z,1,1,42911606,T,B,0,50.250000000,3,0,13189,541854250,50.000000000,50.250000000,95,26,8,1,ESH6 P6620
2026-02-24T16:35:54.707507898Z,2026-02-24T16:35:54.584767563Z,1,1,42911606,T,B,0,50.250000000,1,0,15519,541854322,50.000000000,50.250000000,95,23,8,1,ESH6 P6620
2026-02-24T16:35:55.074272655Z,2026-02-24T16:35:55.065276683Z,1,1,42911606,T,B,0,50.250000000,7,0,14359,541859026,50.000000000,50.250000000,95,22,8,1,ESH6 P6620
2026-02-24T16:35:55.077278467Z,2026-02-24T16:35:55.065448439Z,1,1,42911606,T,B,0,50.250000000,2,0,10925,541859082,50.000000000,50.250000000,95,15,8,1,ESH6 P6620
2026-02-24T16:35:55.079057045Z,2026-02-24T16:35:55.065472629Z,1,1,42911606,T,B,0,50.250000000,2,0,11473,541859108,50.000000000,50.250000000,95,13,8,1,ESH6 P6620
2026-02-24T16:35:55.089784792Z,2026-02-24T16:35:55.065805097Z,1,1,42911606,T,B,0,50.250000000,8,0,13014,541859285,50.000000000,50.250000000,95,11,8,1,ESH6 P6620
2026-02-24T16:35:55.099709426Z,2026-02-24T16:35:55.065938787Z,1,1,42911606,T,B,0,50.250000000,3,0,13508,541859447,50.000000000,50.250000000,95,3,8,1,ESH6 P6620
2026-02-24T16:36:20.111907173Z,2026-02-24T16:36:20.094550211Z,1,1,42429674,T,A,0,65.000000000,1,0,10279,542104779,65.000000000,65.250000000,1,75,1,6,ESH6 P6700
2026-02-24T16:36:20.111956650Z,2026-02-24T16:36:20.094550567Z,1,1,42874363,T,A,0,44.750000000,1,0,14178,542104781,44.750000000,45.000000000,1,75,1,5,ESH6 P6580
2026-02-24T16:36:35.449789817Z,2026-02-24T16:36:35.447676987Z,1,1,42886220,T,A,0,61.250000000,1,0,13684,542254628,61.250000000,61.500000000,1,86,1,5,ESH6 P6680
2026-02-24T16:36:35.476151416Z,2026-02-24T16:36:35.447840255Z,1,1,42431181,T,A,0,47.750000000,1,0,10537,542254988,47.750000000,48.000000000,1,121,1,8,ESH6 P6600
2026-02-24T16:37:11.412989119Z,2026-02-24T16:37:11.265486279Z,1,1,42378592,T,A,0,138.500000000,5,0,13587,542615314,138.500000000,139.000000000,5,82,1,6,ESM6 P6500
2026-02-24T16:37:16.260551139Z,2026-02-24T16:37:16.244704249Z,1,1,2556114,T,B,0,26.500000000,250,0,17034,187191436,26.000000000,26.500000000,132,350,3,10,UD:1V: VT 2556114
2026-02-24T16:37:24.592809391Z,2026-02-24T16:37:24.491767849Z,1,1,42378592,T,A,0,138.000000000,5,0,11492,542769855,138.000000000,138.500000000,5,78,1,4,ESM6 P6500
2026-02-24T16:37:24.994191210Z,2026-02-24T16:37:24.919194351Z,1,1,42378592,T,B,0,138.000000000,5,0,12176,542775919,137.500000000,138.000000000,151,27,9,1,ESM6 P6500
2026-02-24T16:37:25.319739604Z,2026-02-24T16:37:25.319189879Z,1,1,42378592,T,B,0,138.000000000,5,0,15212,542779762,137.500000000,138.000000000,151,27,9,1,ESM6 P6500
2026-02-24T16:37:29.473243751Z,2026-02-24T16:37:29.469905497Z,1,1,42378592,T,A,0,138.000000000,5,0,14033,542833671,138.000000000,138.500000000,5,96,1,7,ESM6 P6500
2026-02-24T16:37:29.797755354Z,2026-02-24T16:37:29.797426431Z,1,1,42378592,T,A,0,138.000000000,5,0,18904,542834983,138.000000000,138.500000000,5,96,1,7,ESM6 P6500
2026-02-24T16:37:30.167080251Z,2026-02-24T16:37:30.124920581Z,1,1,42378592,T,B,0,138.000000000,5,0,14243,542839515,137.500000000,138.000000000,146,27,9,1,ESM6 P6500
2026-02-24T16:37:30.440068578Z,2026-02-24T16:37:30.397503231Z,1,1,3126152,T,A,0,32.250000000,67,0,16361,187257237,32.250000000,32.500000000,67,219,1,6,UD:1V: VT 3126152
2026-02-24T16:37:30.510348251Z,2026-02-24T16:37:30.496473275Z,1,1,42378592,T,B,0,138.000000000,5,0,15190,542845192,137.500000000,138.000000000,146,22,9,1,ESM6 P6500
2026-02-24T16:37:39.442744824Z,2026-02-24T16:37:39.442211759Z,1,1,42378592,T,A,0,138.000000000,5,0,19350,542951840,138.000000000,138.500000000,5,106,1,8,ESM6 P6500
2026-02-24T16:37:47.010436896Z,2026-02-24T16:37:46.936617957Z,1,1,42911606,T,B,0,50.000000000,8,0,11244,543022165,49.750000000,50.000000000,97,8,8,1,ESH6 P6620
2026-02-24T16:37:47.738725826Z,2026-02-24T16:37:47.622476241Z,1,1,42378592,T,A,0,138.000000000,5,0,14178,543036735,138.000000000,138.500000000,5,93,1,7,ESM6 P6500
2026-02-24T16:37:50.731661806Z,2026-02-24T16:37:50.704386675Z,1,1,42378592,T,A,0,138.000000000,5,0,15862,543068460,138.000000000,138.500000000,5,96,1,8,ESM6 P6500
2026-02-24T16:37:51.054346802Z,2026-02-24T16:37:51.054010483Z,1,1,42378592,T,A,0,138.000000000,5,0,11746,543072730,138.000000000,138.500000000,5,96,1,8,ESM6 P6500
2026-02-24T16:38:10.235483445Z,2026-02-24T16:38:10.206180721Z,1,1,42372880,T,B,0,4.050000000,1,0,18033,543277209,4.000000000,4.050000000,168,1,1,1,ESM6 P3100
2026-02-24T16:38:40.213045099Z,2026-02-24T16:38:40.212483469Z,1,1,42366459,T,A,0,6.700000000,1,0,17231,543634732,6.700000000,6.800000000,250,1,5,1,ESM6 P3600
2026-02-24T16:39:11.241233653Z,2026-02-24T16:39:11.240693171Z,1,1,42429687,T,A,0,52.000000000,1,0,12872,543972593,52.000000000,52.500000000,92,129,9,9,ESH6 C7000
2026-02-24T16:39:11.765378991Z,2026-02-24T16:39:11.764843971Z,1,1,42429674,T,A,0,63.500000000,4,0,14231,543978149,63.500000000,64.000000000,129,82,9,7,ESH6 P6700
2026-02-24T16:39:14.695444401Z,2026-02-24T16:39:14.419202273Z,1,1,42347631,T,A,0,15.800000000,1,0,11580,544003791,15.800000000,16.100000000,241,377,8,10,ESH6 P6250
2026-02-24T16:39:17.028395523Z,2026-02-24T16:39:16.657811451Z,1,1,2550771,T,B,0,6.800000000,49,0,18744,187698227,6.700000000,6.800000000,725,49,6,1,UD:1V: VT 2550771
2026-02-24T16:39:19.204916037Z,2026-02-24T16:39:19.160179713Z,1,1,42671291,T,A,0,59.000000000,1,0,13321,544043280,59.000000000,59.250000000,1,92,1,10,ESH6 P6675
2026-02-24T16:39:25.608721885Z,2026-02-24T16:39:25.585326645Z,1,1,42429674,T,B,0,64.000000000,50,0,17745,544111165,63.500000000,64.000000000,144,87,11,6,ESH6 P6700
2026-02-24T16:39:37.775802392Z,2026-02-24T16:39:37.740962317Z,1,1,42868330,T,B,0,66.500000000,1,0,17576,544247105,66.250000000,66.500000000,24,1,3,1,ESH6 C6970
2026-02-24T16:40:16.982677218Z,2026-02-24T16:40:16.929564805Z,1,1,2534375,T,A,0,13.900000000,4,0,15386,187940849,13.900000000,14.000000000,4,638,1,5,UD:1V: VT 2534375
2026-02-24T16:40:19.834118072Z,2026-02-24T16:40:19.744262859Z,1,1,42426741,T,A,0,34.000000000,5,0,11182,544676931,34.000000000,34.250000000,5,48,1,4,ESH6 P6500
2026-02-24T16:40:23.985290112Z,2026-02-24T16:40:23.869451371Z,1,1,42868338,T,A,0,113.000000000,3,0,13546,544739521,113.000000000,113.500000000,3,128,1,9,ESH6 C6890
2026-02-24T16:40:28.274611679Z,2026-02-24T16:40:28.274271697Z,1,1,42366510,T,A,0,164.000000000,1,0,14340,544802318,164.000000000,164.500000000,1,69,1,6,ESM6 C7100
2026-02-24T16:40:33.094460599Z,2026-02-24T16:40:33.052381481Z,1,1,2555368,T,A,0,10.600000000,55,0,17311,188020648,10.600000000,10.700000000,55,1185,1,9,UD:1V: VT 2555368
2026-02-24T16:40:41.196060206Z,2026-02-24T16:40:40.843148833Z,1,1,42399612,T,A,0,27.250000000,4,0,13808,544939697,27.250000000,27.500000000,31,389,2,6,ESM6 P5150
2026-02-24T16:40:44.279684064Z,2026-02-24T16:40:44.204481907Z,1,1,2914941,T,A,0,11.400000000,4,0,12657,188075483,11.400000000,11.500000000,4,413,1,4,UD:1V: VT 2914941
2026-02-24T16:40:45.925602877Z,2026-02-24T16:40:45.913669151Z,1,1,42608051,T,B,0,25.750000000,1,0,18740,545009000,25.500000000,25.750000000,130,1,8,1,ESH6 C7075
2026-02-24T16:40:48.113761887Z,2026-02-24T16:40:48.112785187Z,1,1,42399612,T,A,0,27.250000000,4,0,13901,545027436,27.250000000,27.500000000,4,464,1,7,ESM6 P5150
2026-02-24T16:41:06.299070970Z,2026-02-24T16:41:06.273584165Z,1,1,2534375,T,A,0,14.100000000,27,0,17367,188159588,14.100000000,14.200000000,27,764,2,6,UD:1V: VT 2534375
2026-02-24T16:41:06.402227898Z,2026-02-24T16:41:06.401718519Z,1,1,42429674,T,A,0,62.500000000,1,0,14207,545204735,62.500000000,63.000000000,133,87,10,6,ESH6 P6700
2026-02-24T16:41:08.692712199Z,2026-02-24T16:41:08.488324589Z,1,1,42868338,T,A,0,113.000000000,3,0,13316,545229726,113.000000000,113.500000000,3,77,1,9,ESH6 C6890
2026-02-24T16:41:17.115601677Z,2026-02-24T16:41:17.103182957Z,1,1,42874373,T,B,0,111.000000000,3,0,13841,545308415,110.500000000,111.000000000,25,3,5,1,ESH6 P6880
2026-02-24T16:41:22.851040405Z,2026-02-24T16:41:22.817877707Z,1,1,42427508,T,B,0,19.300000000,18,0,18081,545372175,19.100000000,19.300000000,155,18,8,2,ESH6 C7100
2026-02-24T16:41:24.397177207Z,2026-02-24T16:41:24.389899391Z,1,1,42689135,T,B,0,109.000000000,3,0,18262,545381573,108.500000000,109.000000000,99,3,10,1,ESH6 P6875
2026-02-24T16:42:08.356290407Z,2026-02-24T16:42:08.227709877Z,1,1,42300184,T,B,0,222.000000000,2,0,14050,545814778,221.500000000,222.000000000,33,2,3,1,ESM6 P6850
2026-02-24T16:42:19.989118768Z,2026-02-24T16:42:19.625010503Z,1,1,42874373,T,B,0,112.000000000,3,0,12543,545962118,111.500000000,112.000000000,42,3,6,1,ESH6 P6880
2026-02-24T16:42:20.219731291Z,2026-02-24T16:42:19.693314985Z,1,1,42419523,T,A,0,465.500000000,1,0,14755,545966337,465.500000000,466.000000000,1,8,1,1,ESH6 C6450
2026-02-24T16:42:20.261274873Z,2026-02-24T16:42:19.703011255Z,1,1,2554840,T,A,0,19.500000000,2,0,14921,188465877,19.500000000,19.600000000,2,959,2,7,UD:1V: VT 2554840
2026-02-24T16:43:09.605671207Z,2026-02-24T16:43:09.605089965Z,1,1,42804075,T,A,0,7.200000000,1,0,24383,546539712,7.200000000,7.300000000,1,401,1,10,ESH6 C7175
2026-02-24T16:43:28.474132251Z,2026-02-24T16:43:28.471575213Z,1,1,42608051,T,B,0,25.000000000,1,0,13957,546782804,24.750000000,25.000000000,222,1,12,1,ESH6 C7075
2026-02-24T16:44:02.834396389Z,2026-02-24T16:44:02.738938801Z,1,1,42347631,T,A,0,16.100000000,4,0,18829,547152711,16.100000000,16.300000000,4,301,1,8,ESH6 P6250
2026-02-24T16:44:29.003771674Z,2026-02-24T16:44:29.003257655Z,1,1,42430453,T,A,0,14.100000000,3,0,15733,547382283,14.100000000,14.200000000,4,10,1,2,ESH6 P6200
2026-02-24T16:44:29.004049656Z,2026-02-24T16:44:29.003285627Z,1,1,42430453,T,A,0,14.100000000,1,0,12843,547382285,14.100000000,14.200000000,1,10,1,2,ESH6 P6200
2026-02-24T16:44:32.518116191Z,2026-02-24T16:44:32.512697127Z,1,1,42868332,T,A,0,17.200000000,4,0,13801,547414106,17.200000000,17.400000000,4,260,1,7,ESH6 P6270
2026-02-24T16:44:48.516708595Z,2026-02-24T16:44:48.438291705Z,1,1,42430453,T,A,0,14.100000000,4,0,13264,547571706,14.100000000,14.200000000,4,48,1,2,ESH6 P6200
2026-02-24T16:44:52.857947685Z,2026-02-24T16:44:52.838410285Z,1,1,42895791,T,A,0,35.750000000,5,0,13331,547619606,35.750000000,36.000000000,33,79,1,4,ESH6 P6510
2026-02-24T16:44:52.864716482Z,2026-02-24T16:44:52.838411093Z,1,1,42874360,T,A,0,77.750000000,13,0,18309,547619609,77.750000000,78.250000000,26,115,2,9,ESH6 P6760
2026-02-24T16:45:09.762881381Z,2026-02-24T16:45:09.718968385Z,1,1,42608051,T,B,0,25.500000000,1,0,11634,547812405,25.250000000,25.500000000,100,1,8,1,ESH6 C7075
2026-02-24T16:45:32.376359658Z,2026-02-24T16:45:32.336997455Z,1,1,42764934,T,A,0,17.300000000,4,0,12887,548047172,17.300000000,17.500000000,4,318,1,11,ESH6 P6275
2026-02-24T16:46:44.761793423Z,2026-02-24T16:46:44.677788671Z,1,1,2534219,T,A,0,31.750000000,4,0,14526,189529864,31.750000000,32.000000000,4,248,1,4,UD:1V: VT 2534219
2026-02-24T16:46:49.952962407Z,2026-02-24T16:46:49.368625211Z,1,1,42886222,T,A,0,71.000000000,4,0,16132,548783978,71.000000000,71.250000000,4,26,1,2,ESH6 P6730
2026-02-24T16:46:53.524202616Z,2026-02-24T16:46:53.518012293Z,1,1,42896834,T,A,0,14.900000000,2,0,14557,548821191,14.900000000,15.100000000,4,299,1,8,ESH6 P6220
2026-02-24T16:46:53.677458366Z,2026-02-24T16:46:53.673667929Z,1,1,42887173,T,A,0,16.700000000,4,0,14177,548823173,16.700000000,16.900000000,4,269,1,6,ESH6 P6260
2026-02-24T16:46:53.677665338Z,2026-02-24T16:46:53.673668285Z,1,1,42896834,T,A,0,14.900000000,2,0,14487,548823175,14.900000000,15.100000000,2,299,1,8,ESH6 P6220
2026-02-24T16:47:09.507084119Z,2026-02-24T16:47:09.506372165Z,1,1,2556477,T,B,0,150.000000000,1,0,13713,189641949,149.500000000,150.000000000,35,1,2,1,UD:1V: GN 2556477
2026-02-24T16:47:12.355500354Z,2026-02-24T16:47:12.306504857Z,1,1,42874360,T,A,0,77.500000000,4,0,12571,549034239,77.500000000,77.750000000,4,22,1,1,ESH6 P6760
2026-02-24T16:47:30.780099362Z,2026-02-24T16:47:30.775354949Z,1,1,42409666,T,B,0,57.000000000,2,0,13748,549210892,56.500000000,57.000000000,17,217,2,7,ESM6 P5800
2026-02-24T16:47:46.690358461Z,2026-02-24T16:47:46.330856423Z,1,1,42643324,T,A,0,80.000000000,4,0,11930,549374104,80.000000000,80.250000000,4,45,1,3,ESH6 P6775
2026-02-24T16:47:46.706832565Z,2026-02-24T16:47:46.330860871Z,1,1,42764937,T,A,0,68.500000000,4,0,11221,549374436,68.500000000,68.750000000,4,51,1,3,ESH6 P6725
2026-02-24T16:47:48.510072960Z,2026-02-24T16:47:47.898137423Z,1,1,2537126,T,A,0,27.500000000,55,0,23768,189801061,27.500000000,27.750000000,55,53,2,2,UD:1V: VT 2537126
2026-02-24T16:47:53.341797694Z,2026-02-24T16:47:53.178464425Z,1,1,42435427,T,A,0,73.750000000,4,0,11869,549471346,73.750000000,74.000000000,4,33,1,3,ESH6 P6750
2026-02-24T16:48:19.665222402Z,2026-02-24T16:48:19.364261469Z,1,1,2914941,T,A,0,11.400000000,4,0,12921,189928053,11.400000000,11.500000000,4,528,1,5,UD:1V: VT 2914941
2026-02-24T16:48:24.823348320Z,2026-02-24T16:48:24.812474725Z,1,1,42764937,T,A,0,68.750000000,9,0,17292,549776953,68.750000000,69.000000000,29,58,2,4,ESH6 P6725
2026-02-24T16:48:40.877374087Z,2026-02-24T16:48:40.803514047Z,1,1,2551371,T,B,0,19.200000000,7,0,11625,190020466,19.000000000,19.200000000,179,49,5,1,UD:1V: VT 2551371
2026-02-24T16:48:53.143076549Z,2026-02-24T16:48:53.118165299Z,1,1,42372979,T,A,0,81.250000000,5,0,14148,550058784,81.250000000,81.500000000,5,27,1,1,ESM6 C7300
2026-02-24T16:49:52.424849319Z,2026-02-24T16:49:52.401663613Z,1,1,461960,T,B,0,165.500000000,1,0,11533,550572056,165.000000000,165.500000000,57,1,2,1,ESZ6 P5900
2026-02-24T16:50:00.904420944Z,2026-02-24T16:50:00.782761203Z,1,1,42430452,T,B,0,2.050000000,3,0,14883,550636804,2.000000000,2.050000000,730,3,10,1,ESH6 P5200
2026-02-24T16:50:03.441246747Z,2026-02-24T16:50:03.171619803Z,1,1,4246399,T,B,0,424.000000000,1,0,11599,550666508,423.500000000,424.000000000,17,1,1,1,ESZ6 P7000
2026-02-24T16:50:06.377820069Z,2026-02-24T16:50:06.203162221Z,1,1,42431181,T,B,0,47.000000000,1,0,18940,550711633,46.750000000,47.000000000,186,1,11,1,ESH6 P6600
2026-02-24T16:50:37.079837431Z,2026-02-24T16:50:37.041808027Z,1,1,42394733,T,A,0,32.000000000,4,0,11775,551001766,32.000000000,32.250000000,4,354,1,7,ESM6 P5300
2026-02-24T16:50:37.222967631Z,2026-02-24T16:50:37.047227231Z,1,1,2539326,T,A,0,1.300000000,1,0,14480,190418658,1.300000000,1.400000000,1,2729,1,8,UD:1V: VT 2539326
2026-02-24T16:50:40.983136771Z,2026-02-24T16:50:40.753562749Z,1,1,42868338,T,A,0,113.500000000,3,0,14543,551056262,113.500000000,114.000000000,3,73,1,7,ESH6 C6890
2026-02-24T16:50:50.706935563Z,2026-02-24T16:50:50.528007035Z,1,1,42409672,T,B,0,63.500000000,10,0,13757,551188172,63.250000000,63.500000000,158,10,5,1,ESM6 P5900
2026-02-24T16:50:56.314209403Z,2026-02-24T16:50:56.066926953Z,1,1,2549785,T,B,0,2.100000000,1,0,13723,190518338,2.050000000,2.100000000,296,5,3,2,UD:1V: VT 2549785
2026-02-24T16:50:56.351864552Z,2026-02-24T16:50:56.066925889Z,1,1,461960,T,B,0,165.500000000,2,0,10753,551234158,165.000000000,165.500000000,32,2,1,2,ESZ6 P5900
2026-02-24T16:51:16.267672592Z,2026-02-24T16:51:16.260188953Z,1,1,42874373,T,A,0,110.500000000,1,0,15161,551428244,110.500000000,111.000000000,1,88,1,8,ESH6 P6880
2026-02-24T16:51:35.018034058Z,2026-02-24T16:51:34.985687361Z,1,1,42429011,T,B,0,108.000000000,3,0,14288,551572963,107.500000000,108.000000000,51,17,8,1,ESH6 C6900
2026-02-24T16:51:46.386609539Z,2026-02-24T16:51:46.342497859Z,1,1,2984060,T,B,0,6.300000000,3,0,11487,190683923,6.200000000,6.300000000,2422,3,8,1,UD:1V: VT 2984060
2026-02-24T16:51:46.387743675Z,2026-02-24T16:51:46.342499757Z,1,1,42429687,T,B,0,53.750000000,1,0,12338,551660479,53.500000000,53.750000000,95,1,9,1,ESH6 C7000
2026-02-24T16:52:03.786023791Z,2026-02-24T16:52:03.592527375Z,1,1,42894580,T,B,0,114.000000000,3,0,10526,551858548,113.500000000,114.000000000,74,3,6,1,ESH6 P6890
2026-02-24T16:52:06.942173152Z,2026-02-24T16:52:06.941780867Z,1,1,42896849,T,B,0,37.000000000,5,0,13082,551891716,36.750000000,37.000000000,160,5,11,1,ESH6 C7040
2026-02-24T16:52:06.948472957Z,2026-02-24T16:52:06.947998125Z,1,1,42896849,T,B,0,37.000000000,1,0,15649,551891744,36.750000000,37.000000000,160,1,11,1,ESH6 C7040
2026-02-24T16:52:13.042296866Z,2026-02-24T16:52:13.032485641Z,1,1,42764934,T,A,0,16.900000000,4,0,13726,551955209,16.900000000,17.100000000,4,320,1,10,ESH6 P6275
2026-02-24T16:52:14.257719810Z,2026-02-24T16:52:14.204285663Z,1,1,42874364,T,A,0,14.000000000,2,0,14158,551963878,14.000000000,14.200000000,4,308,1,9,ESH6 P6210
2026-02-24T16:52:23.501629131Z,2026-02-24T16:52:23.498614665Z,1,1,42429687,T,A,0,53.000000000,1,0,14910,552033116,53.000000000,53.250000000,1,82,1,7,ESH6 C7000
2026-02-24T16:52:29.546585626Z,2026-02-24T16:52:29.542756917Z,1,1,42416106,T,A,0,43.500000000,1,0,16468,552079478,43.500000000,43.750000000,14,121,1,7,ESM6 C7450
2026-02-24T16:52:29.835303688Z,2026-02-24T16:52:29.834761769Z,1,1,42416106,T,B,0,43.500000000,1,0,17293,552082937,43.250000000,43.500000000,60,1,3,1,ESM6 C7450
2026-02-24T16:52:29.944956440Z,2026-02-24T16:52:29.942885099Z,1,1,42416106,T,B,0,43.500000000,1,0,17703,552083457,43.250000000,43.500000000,75,1,4,1,ESM6 C7450
2026-02-24T16:52:31.115094992Z,2026-02-24T16:52:31.114569207Z,1,1,461960,T,B,0,165.500000000,2,0,14323,552089145,165.000000000,165.500000000,82,2,3,2,ESZ6 P5900
2026-02-24T16:52:38.210913053Z,2026-02-24T16:52:38.199799791Z,1,1,42384725,T,B,0,54.000000000,1,0,13116,552168939,53.750000000,54.000000000,58,1,3,1,ESM6 C7400
2026-02-24T16:52:38.328822082Z,2026-02-24T16:52:38.326485941Z,1,1,42384725,T,B,0,54.000000000,1,0,15039,552170330,53.750000000,54.000000000,58,1,3,1,ESM6 C7400
2026-02-24T16:52:39.998505232Z,2026-02-24T16:52:39.860140739Z,1,1,42611781,T,A,0,27.500000000,1,0,16940,552194443,27.500000000,27.750000000,16,295,1,7,ESM6 C7550
2026-02-24T16:52:41.459456536Z,2026-02-24T16:52:41.454345165Z,1,1,42384725,T,B,0,54.000000000,1,0,16074,552208775,53.750000000,54.000000000,58,1,3,1,ESM6 C7400
2026-02-24T16:52:42.616464096Z,2026-02-24T16:52:42.615578487Z,1,1,42384725,T,B,0,54.000000000,1,0,14120,552215854,53.750000000,54.000000000,72,1,4,1,ESM6 C7400
2026-02-24T16:52:42.725312616Z,2026-02-24T16:52:42.722851375Z,1,1,42384725,T,B,0,54.000000000,1,0,16371,552216219,53.750000000,54.000000000,72,1,4,1,ESM6 C7400
2026-02-24T16:52:43.749461183Z,2026-02-24T16:52:43.747677281Z,1,1,42384725,T,B,0,54.000000000,1,0,13882,552227570,53.750000000,54.000000000,122,1,5,1,ESM6 C7400
2026-02-24T16:52:46.689917893Z,2026-02-24T16:52:46.648940729Z,1,1,42372979,T,B,0,81.500000000,1,0,13083,552247207,81.250000000,81.500000000,67,1,4,1,ESM6 C7300
2026-02-24T16:52:49.749728349Z,2026-02-24T16:52:49.749218705Z,1,1,42416106,T,B,0,43.500000000,1,0,13853,552265923,43.250000000,43.500000000,83,1,5,1,ESM6 C7450
2026-02-24T16:52:50.418490999Z,2026-02-24T16:52:50.417777643Z,1,1,42366511,T,A,0,21.750000000,1,0,12776,552271387,21.750000000,22.000000000,18,345,1,7,ESM6 C7600
2026-02-24T16:52:52.849871163Z,2026-02-24T16:52:52.849358185Z,1,1,42416106,T,B,0,43.500000000,1,0,15145,552286187,43.250000000,43.500000000,83,1,5,1,ESM6 C7450
2026-02-24T16:52:53.676796589Z,2026-02-24T16:52:53.571318759Z,1,1,42510079,T,B,0,66.750000000,1,0,16656,552293572,66.500000000,66.750000000,63,1,4,1,ESM6 C7350
2026-02-24T16:52:57.868666075Z,2026-02-24T16:52:57.584197827Z,1,1,42384725,T,B,0,54.250000000,1,0,11289,552331371,54.000000000,54.250000000,62,1,3,1,ESM6 C7400
2026-02-24T16:52:59.402101725Z,2026-02-24T16:52:59.400217261Z,1,1,42384725,T,B,0,54.250000000,1,0,13248,552346280,54.000000000,54.250000000,80,1,5,1,ESM6 C7400
2026-02-24T16:53:00.448646552Z,2026-02-24T16:53:00.447381487Z,1,1,42384725,T,A,0,54.250000000,1,0,15986,552353906,54.250000000,54.500000000,13,82,1,7,ESM6 C7400
2026-02-24T16:53:01.348583949Z,2026-02-24T16:53:01.307408121Z,1,1,42372979,T,B,0,81.750000000,1,0,13386,552358212,81.500000000,81.750000000,67,1,4,1,ESM6 C7300
2026-02-24T16:53:15.146847448Z,2026-02-24T16:53:15.129725349Z,1,1,42510079,T,B,0,67.000000000,1,0,14926,552459813,66.750000000,67.000000000,70,1,5,1,ESM6 C7350
2026-02-24T16:53:23.587161459Z,2026-02-24T16:53:23.267707227Z,1,1,42416106,T,B,0,43.750000000,1,0,13455,552508361,43.500000000,43.750000000,85,1,5,1,ESM6 C7450
2026-02-24T16:53:26.111386968Z,2026-02-24T16:53:26.110830951Z,1,1,42429687,T,B,0,53.750000000,1,0,18795,552534165,53.500000000,53.750000000,143,1,13,1,ESH6 C7000
2026-02-24T16:53:26.430331707Z,2026-02-24T16:53:26.296641977Z,1,1,42384725,T,B,0,54.500000000,1,0,14842,552538519,54.250000000,54.500000000,81,1,5,1,ESM6 C7400
2026-02-24T16:53:26.807914763Z,2026-02-24T16:53:26.402358117Z,1,1,42429011,T,B,0,108.500000000,3,0,15295,552544506,108.000000000,108.500000000,130,3,10,1,ESH6 C6900
2026-02-24T16:53:26.938501953Z,2026-02-24T16:53:26.411514765Z,1,1,42510079,T,B,0,67.250000000,1,0,13545,552546763,67.000000000,67.250000000,73,1,5,1,ESM6 C7350
2026-02-24T16:53:27.229353304Z,2026-02-24T16:53:26.745749301Z,1,1,42378218,T,A,0,7.400000000,1,0,12597,552551100,7.400000000,7.500000000,1,204,1,3,ESM6 P3700
2026-02-24T16:53:32.172333491Z,2026-02-24T16:53:32.169117321Z,1,1,42416106,T,B,0,44.000000000,1,0,14968,552612778,43.750000000,44.000000000,89,1,5,1,ESM6 C7450
2026-02-24T16:54:06.350641424Z,2026-02-24T16:54:06.253683275Z,1,1,42911606,T,B,0,48.250000000,6,0,17318,552833064,48.000000000,48.250000000,103,6,8,1,ESH6 P6620
2026-02-24T16:54:20.878972379Z,2026-02-24T16:54:20.865126117Z,1,1,42384725,T,B,0,54.750000000,1,0,12970,552960688,54.500000000,54.750000000,70,1,4,1,ESM6 C7400
2026-02-24T16:54:22.656393253Z,2026-02-24T16:54:22.091673781Z,1,1,2983989,T,B,0,6.200000000,5,0,13075,191211379,6.100000000,6.200000000,2134,9,7,3,UD:1V: VT 2983989
2026-02-24T16:54:22.915572229Z,2026-02-24T16:54:22.242552525Z,1,1,2983989,T,B,0,6.200000000,4,0,15745,191213242,6.100000000,6.200000000,2134,4,7,2,UD:1V: VT 2983989
2026-02-24T16:54:23.001139859Z,2026-02-24T16:54:22.288506797Z,1,1,42429687,T,B,0,54.500000000,1,0,13093,552991996,54.250000000,54.500000000,71,1,5,1,ESH6 C7000
2026-02-24T16:54:23.956795696Z,2026-02-24T16:54:23.185486417Z,1,1,2556771,T,A,0,-1.400000000,1,0,13828,191222260,-1.400000000,,1,0,1,0,UD:1V: GN 2556771
2026-02-24T16:54:27.590856701Z,2026-02-24T16:54:27.589950509Z,1,1,42416106,T,A,0,44.000000000,1,0,14438,553062288,44.000000000,44.250000000,14,119,1,7,ESM6 C7450
2026-02-24T16:54:44.858512045Z,2026-02-24T16:54:44.830243861Z,1,1,42384725,T,B,0,54.750000000,1,0,19656,553170390,54.500000000,54.750000000,64,1,4,1,ESM6 C7400
2026-02-24T16:54:45.063009523Z,2026-02-24T16:54:45.062158565Z,1,1,42384725,T,A,0,54.750000000,1,0,13824,553173731,54.750000000,55.000000000,12,76,1,7,ESM6 C7400
2026-02-24T16:54:46.924158559Z,2026-02-24T16:54:46.902213127Z,1,1,42510079,T,B,0,67.500000000,1,0,14571,553186892,67.250000000,67.500000000,68,1,5,1,ESM6 C7350
2026-02-24T16:54:47.930057032Z,2026-02-24T16:54:47.929530547Z,1,1,42372979,T,B,0,82.500000000,1,0,13599,553195475,82.250000000,82.500000000,73,1,5,1,ESM6 C7300
2026-02-24T16:54:55.095212722Z,2026-02-24T16:54:55.093859119Z,1,1,42384725,T,A,0,54.750000000,1,0,13449,553228526,54.750000000,55.000000000,11,76,1,7,ESM6 C7400
2026-02-24T16:55:19.163844781Z,2026-02-24T16:55:19.155875499Z,1,1,42430453,T,A,0,13.400000000,49,0,14336,553411033,13.400000000,13.500000000,100,195,1,7,ESH6 P6200
2026-02-24T16:55:19.171042448Z,2026-02-24T16:55:19.155935507Z,1,1,42430453,T,A,0,13.400000000,2,0,13156,553411153,13.400000000,13.500000000,51,195,1,7,ESH6 P6200
2026-02-24T16:55:19.177794274Z,2026-02-24T16:55:19.156154269Z,1,1,42430453,T,A,0,13.400000000,3,0,14044,553411284,13.400000000,13.500000000,49,195,1,7,ESH6 P6200
2026-02-24T16:55:19.245084151Z,2026-02-24T16:55:19.177938759Z,1,1,42430453,T,A,0,13.400000000,46,0,11757,553412645,13.400000000,13.500000000,46,433,1,10,ESH6 P6200
2026-02-24T16:55:31.096475398Z,2026-02-24T16:55:31.054787377Z,1,1,42416106,T,A,0,44.000000000,14,0,14572,553498908,44.000000000,44.250000000,14,111,1,6,ESM6 C7450
2026-02-24T16:55:37.917509137Z,2026-02-24T16:55:37.916955545Z,1,1,2539330,T,A,0,1.400000000,1,0,16200,191421337,1.400000000,1.500000000,1,3013,1,9,UD:1V: VT 2539330
2026-02-24T16:55:49.948915914Z,2026-02-24T16:55:49.939211447Z,1,1,42396048,T,B,0,143.000000000,1,0,10659,553626809,142.500000000,143.000000000,117,1,5,1,ESU6 P6100
2026-02-24T16:55:51.396401484Z,2026-02-24T16:55:51.369580097Z,1,1,42405230,T,B,0,3.000000000,15,0,15283,553642434,2.950000000,3.000000000,294,15,6,1,ESH6 P5450
2026-02-24T16:56:08.991953770Z,2026-02-24T16:56:08.991433197Z,1,1,42483456,T,A,0,34.000000000,1,0,13884,553794864,34.000000000,34.250000000,55,76,4,4,ESH6 C7050
2026-02-24T16:56:27.221365773Z,2026-02-24T16:56:27.133203025Z,1,1,42347631,T,B,0,15.600000000,1,0,12927,553916665,15.300000000,15.600000000,168,436,6,12,ESH6 P6250
2026-02-24T16:56:28.073556526Z,2026-02-24T16:56:28.072584683Z,1,1,42384725,T,A,0,54.750000000,3,0,15883,553930403,54.750000000,55.000000000,12,50,1,5,ESM6 C7400
2026-02-24T16:56:42.809033864Z,2026-02-24T16:56:42.743320591Z,1,1,2556882,T,A,0,-20.000000000,1,0,12096,191614742,-20.000000000,-19.800000000,1,102,1,2,UD:1V: GN 2556882
2026-02-24T16:58:20.767260791Z,2026-02-24T16:58:20.675774049Z,1,1,42429011,T,B,0,109.500000000,3,0,14202,554792582,109.000000000,109.500000000,87,3,10,1,ESH6 C6900
2026-02-24T16:58:28.562144313Z,2026-02-24T16:58:28.561096951Z,1,1,42416106,T,A,0,44.250000000,2,0,13069,554861745,44.250000000,44.500000000,14,114,1,7,ESM6 C7450
2026-02-24T16:58:29.384982439Z,2026-02-24T16:58:29.370389103Z,1,1,2556964,T,A,0,-42.750000000,1,0,14280,191937498,-42.750000000,,1,0,1,0,UD:1V: GN 2556964
2026-02-24T16:58:29.952401556Z,2026-02-24T16:58:29.869094201Z,1,1,2556681,T,A,0,1.400000000,1,0,12045,191939292,1.400000000,1.450000000,1,607,1,5,UD:1V: VT 2556681
2026-02-24T16:58:41.736258343Z,2026-02-24T16:58:41.344050373Z,1,1,2539326,T,A,0,1.250000000,1,0,14602,191975246,1.250000000,1.300000000,1,637,1,5,UD:1V: VT 2539326
2026-02-24T16:58:41.755700859Z,2026-02-24T16:58:41.345571583Z,1,1,2539331,T,A,0,1.350000000,1,0,11957,191975358,1.350000000,1.450000000,1,3133,1,9,UD:1V: VT 2539331
2026-02-24T16:58:50.865993527Z,2026-02-24T16:58:50.862778297Z,1,1,42366506,T,B,0,18.000000000,4,0,13556,555039125,17.900000000,18.000000000,11,4,2,1,ESM6 P4700
2026-02-24T16:58:57.472913695Z,2026-02-24T16:58:57.408021975Z,1,1,42366506,T,B,0,18.000000000,4,0,14491,555075538,17.900000000,18.000000000,40,4,4,1,ESM6 P4700
2026-02-24T16:59:24.301498815Z,2026-02-24T16:59:24.300903627Z,1,1,2557012,T,A,0,-53.750000000,1,0,16030,192095905,-53.750000000,,1,0,1,0,UD:1V: GN 2557012
2026-02-24T16:59:37.010403543Z,2026-02-24T16:59:36.921231845Z,1,1,42431945,T,B,0,83.500000000,1,0,10398,555326117,83.250000000,83.500000000,85,1,8,1,ESH6 P6800
2026-02-24T16:59:50.471104568Z,2026-02-24T16:59:50.069711541Z,1,1,2914941,T,A,0,11.800000000,24,0,17275,192149316,11.800000000,11.900000000,24,271,1,4,UD:1V: VT 2914941
2026-02-24T16:59:50.554718011Z,2026-02-24T16:59:50.070988723Z,1,1,42429011,T,A,0,109.500000000,3,0,13613,555396234,109.500000000,110.000000000,3,98,1,8,ESH6 C6900
2026-02-24T17:00:05.739607647Z,2026-02-24T17:00:05.479230693Z,1,1,42894580,T,B,0,112.000000000,3,0,13865,555566630,111.500000000,112.000000000,45,3,5,1,ESH6 P6890
2026-02-24T17:00:05.979957733Z,2026-02-24T17:00:05.647254743Z,1,1,2551759,T,A,0,1.600000000,38,0,11454,192221088,1.600000000,1.700000000,38,42,1,2,UD:1V: BO 2551759
2026-02-24T17:00:22.215760329Z,2026-02-24T17:00:22.138182387Z,1,1,2551759,T,A,0,1.600000000,38,0,11821,192276727,1.600000000,1.700000000,38,42,1,2,UD:1V: BO 2551759
2026-02-24T17:00:56.499347144Z,2026-02-24T17:00:56.283562143Z,1,1,42378346,T,A,0,35.250000000,15,0,15509,556024718,35.250000000,35.500000000,15,217,1,6,ESM6 C7500
2026-02-24T17:01:26.004641695Z,2026-02-24T17:01:25.979638849Z,1,1,42384725,T,B,0,55.000000000,1,0,13384,556254903,54.750000000,55.000000000,64,1,4,1,ESM6 C7400
2026-02-24T17:01:44.087176786Z,2026-02-24T17:01:43.370515891Z,1,1,42378592,T,A,0,135.500000000,4,0,14251,556400941,135.500000000,136.000000000,4,42,1,2,ESM6 P6500
2026-02-24T17:01:51.067907008Z,2026-02-24T17:01:51.063852115Z,1,1,42409203,T,B,0,448.000000000,4,0,14956,556458540,447.500000000,448.000000000,33,4,2,1,ESM7 P6800
2026-02-24T17:01:51.474040490Z,2026-02-24T17:01:51.440259085Z,1,1,42409203,T,B,0,448.000000000,4,0,13774,556462868,447.500000000,448.000000000,33,4,2,1,ESM7 P6800
2026-02-24T17:01:52.619235152Z,2026-02-24T17:01:52.616043395Z,1,1,42409203,T,B,0,448.000000000,4,0,14030,556466192,447.500000000,448.000000000,33,4,2,1,ESM7 P6800
2026-02-24T17:01:57.120536479Z,2026-02-24T17:01:57.089360279Z,1,1,42429674,T,A,0,60.750000000,50,0,24948,556489812,60.750000000,61.250000000,69,107,8,7,ESH6 P6700
2026-02-24T17:02:25.379208115Z,2026-02-24T17:02:25.302493597Z,1,1,42409203,T,B,0,448.000000000,4,0,12832,556707770,447.500000000,448.000000000,33,4,2,1,ESM7 P6800
2026-02-24T17:02:28.585236885Z,2026-02-24T17:02:28.547414563Z,1,1,42409203,T,B,0,448.000000000,4,0,14635,556727256,447.500000000,448.000000000,33,4,2,1,ESM7 P6800
2026-02-24T17:03:21.725856722Z,2026-02-24T17:03:21.725314409Z,1,1,42384725,T,A,0,55.250000000,2,0,13854,557121965,55.250000000,55.500000000,52,95,1,6,ESM6 C7400
2026-02-24T17:03:21.730908323Z,2026-02-24T17:03:21.729711629Z,1,1,42384725,T,A,0,55.250000000,27,0,10551,557122001,55.250000000,55.500000000,50,95,1,6,ESM6 C7400
2026-02-24T17:03:21.742753683Z,2026-02-24T17:03:21.731009457Z,1,1,42384725,T,A,0,55.250000000,23,0,12958,557122265,55.250000000,55.500000000,23,95,1,6,ESM6 C7400
2026-02-24T17:03:34.654936319Z,2026-02-24T17:03:34.596443115Z,1,1,42429687,T,B,0,55.250000000,1,0,11164,557218487,55.000000000,55.250000000,81,1,10,1,ESH6 C7000
2026-02-24T17:03:39.942682885Z,2026-02-24T17:03:39.892442441Z,1,1,42429674,T,B,0,60.500000000,1,0,11662,557272917,60.250000000,60.500000000,113,1,10,1,ESH6 P6700
2026-02-24T17:04:25.187666877Z,2026-02-24T17:04:25.184273239Z,1,1,42378592,T,A,0,135.000000000,4,0,14121,557571979,135.000000000,135.500000000,4,50,1,7,ESM6 P6500
2026-02-24T17:04:30.875150722Z,2026-02-24T17:04:30.827702043Z,1,1,42378592,T,A,0,135.000000000,4,0,14260,557608005,135.000000000,135.500000000,4,97,1,8,ESM6 P6500
2026-02-24T17:04:31.203982616Z,2026-02-24T17:04:31.203626571Z,1,1,42378592,T,A,0,135.000000000,4,0,13702,557610221,135.000000000,135.500000000,4,97,1,8,ESM6 P6500
2026-02-24T17:04:31.597870072Z,2026-02-24T17:04:31.558248545Z,1,1,42378592,T,B,0,135.000000000,4,0,14195,557612173,134.500000000,135.000000000,112,27,9,1,ESM6 P6500
2026-02-24T17:04:34.708244528Z,2026-02-24T17:04:34.564031421Z,1,1,2557180,T,A,0,-0.500000000,1,0,16456,193026617,-0.500000000,0.900000000,1,1,1,1,UD:1V: RR 2557180
2026-02-24T17:04:40.957504155Z,2026-02-24T17:04:40.953620291Z,1,1,42384307,T,B,0,9.800000000,2,0,14759,557718129,9.700000000,9.800000000,230,2,5,2,ESM6 P4000
2026-02-24T17:05:20.360471960Z,2026-02-24T17:05:20.016524777Z,1,1,42431943,T,A,0,3.250000000,1,0,11504,558002019,3.250000000,3.300000000,1,141,1,5,ESH6 P5500
2026-02-24T17:05:27.635794704Z,2026-02-24T17:05:27.634791139Z,1,1,42378618,T,A,0,234.500000000,2,0,14668,558065861,234.500000000,235.000000000,2,54,1,8,ESM6 P6900
2026-02-24T17:05:51.534516144Z,2026-02-24T17:05:51.526504131Z,1,1,42689132,T,A,0,44.250000000,12,0,16004,558200330,44.250000000,44.500000000,23,122,2,7,ESH6 C7025
2026-02-24T17:07:25.932229714Z,2026-02-24T17:07:25.898060707Z,1,1,42394633,T,B,0,15.200000000,4,0,14850,558872517,15.000000000,15.200000000,436,4,7,1,ESM6 P4500
2026-02-24T17:07:34.771384498Z,2026-02-24T17:07:34.748218043Z,1,1,42394633,T,B,0,15.200000000,4,0,11878,558925552,15.000000000,15.200000000,508,4,8,1,ESM6 P4500
2026-02-24T17:08:01.729636144Z,2026-02-24T17:08:01.637200803Z,1,1,42394633,T,B,0,15.200000000,4,0,15059,559153851,15.000000000,15.200000000,508,4,8,1,ESM6 P4500
2026-02-24T17:08:45.085505506Z,2026-02-24T17:08:45.084390901Z,1,1,2514759,T,A,0,58.500000000,39,0,16923,193734680,58.500000000,58.750000000,39,167,1,4,UD:1V: VT 2514759
2026-02-24T17:09:23.647864115Z,2026-02-24T17:09:23.647282359Z,1,1,2514759,T,A,0,58.500000000,39,0,14642,193823743,58.500000000,58.750000000,39,255,1,5,UD:1V: VT 2514759
2026-02-24T17:09:46.115432320Z,2026-02-24T17:09:45.976244727Z,1,1,42428245,T,A,0,2.350000000,4,0,15777,559912502,2.350000000,2.450000000,4,469,1,6,ESH6 P5300
2026-02-24T17:09:50.178218215Z,2026-02-24T17:09:50.087937259Z,1,1,42429674,T,A,0,60.000000000,1,0,14103,559972714,60.000000000,60.250000000,1,55,1,3,ESH6 P6700
2026-02-24T17:09:53.418041560Z,2026-02-24T17:09:53.103190033Z,1,1,42874360,T,A,0,72.250000000,6,0,11352,560002291,72.250000000,72.500000000,6,23,1,1,ESH6 P6760
2026-02-24T17:09:54.279012165Z,2026-02-24T17:09:54.131329751Z,1,1,42429687,T,B,0,56.000000000,2,0,14096,560019358,55.750000000,56.000000000,99,2,9,2,ESH6 C7000
2026-02-24T17:09:55.344014552Z,2026-02-24T17:09:55.188087353Z,1,1,2984060,T,B,0,6.400000000,3,0,11353,193955184,6.300000000,6.400000000,2102,3,8,1,UD:1V: VT 2984060
2026-02-24T17:09:59.631308322Z,2026-02-24T17:09:59.440383397Z,1,1,42394740,T,A,0,28.500000000,1,0,11505,560095027,28.500000000,28.750000000,1,315,1,5,ESM6 P5200
2026-02-24T17:10:00.212775026Z,2026-02-24T17:10:00.007788189Z,1,1,42397940,T,A,0,20.000000000,1,0,11338,560106801,20.000000000,20.250000000,1,287,1,10,ESH6 P6350
2026-02-24T17:10:00.348364410Z,2026-02-24T17:10:00.011114715Z,1,1,42608050,T,B,0,68.500000000,1,0,11974,560109254,68.250000000,68.500000000,28,1,3,1,ESH6 C6975
2026-02-24T17:10:00.357524522Z,2026-02-24T17:10:00.011116673Z,1,1,42483101,T,B,0,82.000000000,1,0,11396,560109430,81.750000000,82.000000000,19,1,2,1,ESH6 C6950
2026-02-24T17:10:04.679793947Z,2026-02-24T17:10:04.622869057Z,1,1,2561325,T,A,0,25.750000000,2,0,15333,194020020,25.750000000,26.000000000,2,315,1,7,UD:1V: VT 2561325
2026-02-24T17:10:04.814809272Z,2026-02-24T17:10:04.710581855Z,1,1,42510079,T,B,0,69.000000000,1,0,13535,560182187,68.750000000,69.000000000,60,1,3,1,ESM6 C7350
2026-02-24T17:10:23.623574970Z,2026-02-24T17:10:23.411080365Z,1,1,3126152,T,A,0,30.500000000,1,0,14507,194105928,30.500000000,30.750000000,2,139,1,5,UD:1V: VT 3126152
2026-02-24T17:10:23.903822871Z,2026-02-24T17:10:23.544416177Z,1,1,3126152,T,A,0,30.500000000,1,0,14042,194108325,30.500000000,30.750000000,1,208,1,4,UD:1V: VT 3126152
2026-02-24T17:10:29.874358733Z,2026-02-24T17:10:29.488773495Z,1,1,2983989,T,B,0,6.300000000,3,0,14759,194130628,6.200000000,6.300000000,2981,3,7,1,UD:1V: VT 2983989
2026-02-24T17:10:30.317887698Z,2026-02-24T17:10:29.732303377Z,1,1,42431945,T,A,0,81.000000000,1,0,11650,560451284,81.000000000,81.250000000,30,1,2,1,ESH6 P6800
2026-02-24T17:10:31.176540423Z,2026-02-24T17:10:31.080094243Z,1,1,42429687,T,B,0,56.750000000,1,0,22502,560469678,56.500000000,56.750000000,87,1,10,1,ESH6 C7000
2026-02-24T17:10:31.190834135Z,2026-02-24T17:10:31.123365597Z,1,1,2556714,T,A,0,1.400000000,1,0,13490,194141636,1.400000000,1.450000000,1,401,1,3,UD:1V: VT 2556714
2026-02-24T17:10:32.839597082Z,2026-02-24T17:10:32.810156929Z,1,1,42431945,T,A,0,81.000000000,19,0,11260,560488427,81.000000000,81.250000000,29,68,1,8,ESH6 P6800
2026-02-24T17:10:32.839624747Z,2026-02-24T17:10:32.810166645Z,1,1,42431945,T,A,0,81.000000000,10,0,11124,560488429,81.000000000,81.250000000,10,68,1,8,ESH6 P6800
2026-02-24T17:10:33.392956292Z,2026-02-24T17:10:33.204135303Z,1,1,42428246,T,A,0,23.000000000,1,0,12490,560499158,23.000000000,23.250000000,1,8,1,3,ESH6 P6400
2026-02-24T17:10:33.394022663Z,2026-02-24T17:10:33.204732607Z,1,1,2989489,T,A,0,22.750000000,1,0,11475,194158296,22.750000000,24.000000000,1,106,1,1,UD:1V: SG 2989489
2026-02-24T17:10:33.394090204Z,2026-02-24T17:10:33.204733459Z,1,1,2595929,T,A,0,1.900000000,2,0,13696,194158298,1.900000000,2.050000000,2,60,1,2,UD:1V: GN 2595929
2026-02-24T17:10:35.098837524Z,2026-02-24T17:10:35.008242261Z,1,1,42499829,T,A,0,144.000000000,1,0,13870,560533705,144.000000000,145.000000000,32,58,5,7,ESM6 C7150
2026-02-24T17:10:35.254403200Z,2026-02-24T17:10:35.165423771Z,1,1,2556768,T,A,0,1.400000000,1,0,15549,194173062,1.400000000,1.450000000,1,2240,1,5,UD:1V: VT 2556768
2026-02-24T17:10:36.702581952Z,2026-02-24T17:10:36.702064553Z,1,1,42431945,T,A,0,80.750000000,1,0,18490,560556481,80.750000000,81.250000000,29,153,3,12,ESH6 P6800
2026-02-24T17:10:40.476281679Z,2026-02-24T17:10:40.475802107Z,1,1,42394633,T,B,0,15.000000000,4,0,21270,560588064,14.900000000,15.000000000,16,4,3,1,ESM6 P4500
2026-02-24T17:10:41.222418635Z,2026-02-24T17:10:40.630745823Z,1,1,3126314,T,A,0,5.000000000,35,0,17282,194200617,5.000000000,5.100000000,35,941,1,5,UD:1V: VT 3126314
2026-02-24T17:10:41.521410762Z,2026-02-24T17:10:40.670355805Z,1,1,2555715,T,B,0,4.500000000,3,0,14089,194202368,4.350000000,4.500000000,345,3,2,1,UD:1V: VT 2555715
2026-02-24T17:10:43.036074434Z,2026-02-24T17:10:42.624625909Z,1,1,42429687,T,A,0,57.000000000,1,0,13788,560624036,57.000000000,57.500000000,46,101,5,9,ESH6 C7000
2026-02-24T17:10:43.880724328Z,2026-02-24T17:10:43.872083089Z,1,1,42337303,T,A,0,250.500000000,19,0,17921,560639912,250.500000000,251.500000000,19,63,1,4,ESZ6 C7400
2026-02-24T17:10:48.836057743Z,2026-02-24T17:10:48.835546941Z,1,1,42366506,T,B,0,17.800000000,4,0,14078,560688858,17.700000000,17.800000000,40,4,4,1,ESM6 P4700
2026-02-24T17:10:48.849808622Z,2026-02-24T17:10:48.849338421Z,1,1,42394633,T,B,0,15.000000000,4,0,15028,560688917,14.800000000,15.000000000,576,4,9,1,ESM6 P4500
2026-02-24T17:10:51.788115983Z,2026-02-24T17:10:51.730786697Z,1,1,42404370,T,B,0,117.000000000,1,0,13559,560721621,116.500000000,117.000000000,123,1,8,1,ESM6 P6400
2026-02-24T17:10:56.086765187Z,2026-02-24T17:10:55.871363737Z,1,1,42394633,T,B,0,15.000000000,4,0,13241,560780118,14.800000000,15.000000000,472,4,7,1,ESM6 P4500
2026-02-24T17:11:06.067175539Z,2026-02-24T17:11:05.936757377Z,1,1,42394633,T,B,0,15.000000000,4,0,11573,560869912,14.800000000,15.000000000,548,4,8,1,ESM6 P4500
2026-02-24T17:11:08.094700109Z,2026-02-24T17:11:08.094103475Z,1,1,2547041,T,A,0,7.500000000,2,0,17303,194330410,7.500000000,7.600000000,2,1790,1,5,UD:1V: VT 2547041
2026-02-24T17:11:25.630452923Z,2026-02-24T17:11:25.618611049Z,1,1,2561325,T,A,0,25.500000000,2,0,14206,194388770,25.500000000,25.750000000,2,407,1,9,UD:1V: VT 2561325
2026-02-24T17:11:26.802889285Z,2026-02-24T17:11:26.410888443Z,1,1,42429064,T,A,0,94.000000000,5,0,13122,561033786,94.000000000,94.250000000,5,28,1,2,ESH6 P6850
2026-02-24T17:11:27.204095704Z,2026-02-24T17:11:26.416527107Z,1,1,42397929,T,A,0,3.400000000,2,0,14362,561039276,3.400000000,3.450000000,2,170,1,2,ESH6 P5550
2026-02-24T17:11:31.717637375Z,2026-02-24T17:11:31.639106135Z,1,1,42892047,T,B,0,78.000000000,1,0,11209,561078330,77.750000000,78.000000000,39,1,4,1,ESH6 C6960
2026-02-24T17:11:31.783784736Z,2026-02-24T17:11:31.649944875Z,1,1,2982692,T,B,0,6.200000000,3,0,11730,194418891,6.100000000,6.200000000,2540,3,8,1,UD:1V: VT 2982692
2026-02-24T17:11:31.789693746Z,2026-02-24T17:11:31.649990267Z,1,1,42429687,T,B,0,57.500000000,1,0,11343,561079677,57.250000000,57.500000000,80,1,8,1,ESH6 C7000
2026-02-24T17:11:35.294201439Z,2026-02-24T17:11:35.293672387Z,1,1,2539330,T,A,0,1.350000000,1,0,14480,194432674,1.350000000,1.400000000,1,1204,1,5,UD:1V: VT 2539330
2026-02-24T17:11:38.949455006Z,2026-02-24T17:11:38.925472335Z,1,1,42868335,T,A,0,107.500000000,3,0,10385,561140504,107.500000000,108.000000000,3,128,1,10,ESH6 C6910
2026-02-24T17:11:45.415015562Z,2026-02-24T17:11:45.259831021Z,1,1,42431945,T,A,0,80.000000000,1,0,13645,561220565,80.000000000,80.250000000,1,42,1,5,ESH6 P6800
2026-02-24T17:11:45.980014154Z,2026-02-24T17:11:45.953560589Z,1,1,42499829,T,B,0,145.000000000,1,0,13201,561229898,144.500000000,145.000000000,58,1,6,1,ESM6 C7150
2026-02-24T17:11:48.967850512Z,2026-02-24T17:11:48.967299887Z,1,1,2931672,T,A,0,1.700000000,3,0,14642,194496304,1.700000000,1.800000000,3,2685,1,7,UD:1V: VT 2931672
2026-02-24T17:12:37.262551895Z,2026-02-24T17:12:37.262012551Z,1,1,2533669,T,B,0,49.000000000,1,0,14415,194716817,48.750000000,49.000000000,110,1,4,1,UD:1V: VT 2533669
2026-02-24T17:12:39.195663829Z,2026-02-24T17:12:38.658190703Z,1,1,2533669,T,B,0,49.000000000,1,0,10496,194726509,48.750000000,49.000000000,150,72,4,5,UD:1V: VT 2533669
2026-02-24T17:12:39.196431290Z,2026-02-24T17:12:38.659219301Z,1,1,2533669,T,B,0,49.000000000,1,0,11538,194726536,48.750000000,49.000000000,150,71,4,4,UD:1V: VT 2533669
2026-02-24T17:12:39.196509373Z,2026-02-24T17:12:38.659390769Z,1,1,2533669,T,B,0,49.000000000,1,0,13108,194726540,48.750000000,49.000000000,150,70,4,3,UD:1V: VT 2533669
2026-02-24T17:12:47.514210453Z,2026-02-24T17:12:47.436455793Z,1,1,2533669,T,B,0,49.000000000,6,0,11975,194760176,48.750000000,49.000000000,74,6,3,2,UD:1V: VT 2533669
2026-02-24T17:12:53.868479547Z,2026-02-24T17:12:53.867953955Z,1,1,42404370,T,A,0,116.500000000,2,0,14555,561936584,116.500000000,117.000000000,110,31,5,2,ESM6 P6400
2026-02-24T17:12:56.647313525Z,2026-02-24T17:12:56.640925707Z,1,1,42430452,T,A,0,2.000000000,3,0,14707,561962689,2.000000000,2.050000000,3,724,1,8,ESH6 P5200
2026-02-24T17:12:58.364470227Z,2026-02-24T17:12:58.354258143Z,1,1,2533669,T,B,0,49.000000000,1,0,11362,194798512,48.750000000,49.000000000,233,2,7,2,UD:1V: VT 2533669
2026-02-24T17:12:58.384330111Z,2026-02-24T17:12:58.354885399Z,1,1,2533669,T,B,0,49.000000000,1,0,17002,194798671,48.750000000,49.000000000,233,1,7,1,UD:1V: VT 2533669
2026-02-24T17:13:07.183073183Z,2026-02-24T17:13:07.161502889Z,1,1,42608053,T,A,0,9.200000000,2,0,18865,562023409,9.200000000,9.300000000,2,239,1,8,ESH6 P6075
2026-02-24T17:13:17.506219442Z,2026-02-24T17:13:17.503529211Z,1,1,42427500,T,A,0,16.800000000,1,0,12491,562100785,16.800000000,17.000000000,1,285,1,11,ESH6 P6300
2026-02-24T17:13:23.400761512Z,2026-02-24T17:13:23.382377451Z,1,1,42895793,T,A,0,13.700000000,4,0,13542,562158955,13.700000000,13.900000000,4,181,1,7,ESH6 P6230
2026-02-24T17:13:28.289155218Z,2026-02-24T17:13:28.287742103Z,1,1,42428246,T,B,0,23.000000000,3,0,13555,562203642,22.500000000,23.000000000,250,294,10,11,ESH6 P6400
2026-02-24T17:13:28.505780512Z,2026-02-24T17:13:28.469431067Z,1,1,42427413,T,A,0,36.250000000,1,0,13039,562205641,36.250000000,36.500000000,1,128,1,6,ESH6 P6550
2026-02-24T17:13:42.840503656Z,2026-02-24T17:13:42.826489435Z,1,1,42372969,T,B,0,224.500000000,1,0,13546,562324557,224.000000000,224.500000000,57,1,7,1,ESM6 C7000
2026-02-24T17:14:02.872633655Z,2026-02-24T17:14:02.872102477Z,1,1,42499828,T,A,0,11.300000000,3,0,17009,562500829,11.300000000,11.400000000,3,198,1,7,ESH6 C7150
2026-02-24T17:14:35.804973123Z,2026-02-24T17:14:35.804482095Z,1,1,42499829,T,B,0,144.500000000,1,0,14414,562746377,144.000000000,144.500000000,61,1,7,1,ESM6 C7150
2026-02-24T17:14:38.554774957Z,2026-02-24T17:14:38.533309185Z,1,1,2556782,T,A,0,1.450000000,1,0,13698,195115756,1.450000000,1.500000000,1,1246,1,6,UD:1V: VT 2556782
2026-02-24T17:14:39.875280905Z,2026-02-24T17:14:39.871702747Z,1,1,42483456,T,A,0,36.000000000,20,0,14286,562777096,36.000000000,36.500000000,109,184,10,10,ESH6 C7050
2026-02-24T17:14:56.094078280Z,2026-02-24T17:14:56.088374275Z,1,1,42429687,T,A,0,56.750000000,1,0,13566,562888277,56.750000000,57.000000000,1,76,1,7,ESH6 C7000
2026-02-24T17:14:56.386383063Z,2026-02-24T17:14:56.285622981Z,1,1,42426741,T,B,0,31.250000000,1,0,13295,562894494,31.000000000,31.250000000,192,1,8,1,ESH6 P6500
2026-02-24T17:14:58.116377081Z,2026-02-24T17:14:57.940601977Z,1,1,42431946,T,B,0,111.000000000,3,0,18041,562918818,110.500000000,111.000000000,67,3,9,1,ESH6 P6900
2026-02-24T17:15:16.057727607Z,2026-02-24T17:15:16.055576877Z,1,1,42874367,T,A,0,18.400000000,1,0,14320,563096514,18.400000000,18.600000000,1,167,1,8,ESH6 P6330
2026-02-24T17:15:24.611096226Z,2026-02-24T17:15:24.558634051Z,1,1,42510079,T,B,0,69.500000000,1,0,15144,563196037,69.250000000,69.500000000,41,1,4,1,ESM6 C7350
2026-02-24T17:15:43.691881920Z,2026-02-24T17:15:43.690290463Z,1,1,42394754,T,B,0,90.000000000,1,0,11554,563313710,89.750000000,90.000000000,157,1,7,1,ESM6 P6200
2026-02-24T17:15:50.669056069Z,2026-02-24T17:15:50.498156421Z,1,1,42394761,T,A,0,96.000000000,2,0,13659,563359193,96.000000000,96.250000000,2,48,1,4,ESM6 P6250
2026-02-24T17:15:50.779003779Z,2026-02-24T17:15:50.530987461Z,1,1,42347631,T,A,0,14.400000000,1,0,13445,563360990,14.400000000,14.500000000,1,7,1,1,ESH6 P6250
2026-02-24T17:15:51.100356720Z,2026-02-24T17:15:50.781264787Z,1,1,42429687,T,B,0,57.500000000,1,0,15893,563367094,57.250000000,57.500000000,144,1,10,1,ESH6 C7000
2026-02-24T17:15:56.509606114Z,2026-02-24T17:15:56.107880319Z,1,1,2539331,T,A,0,1.300000000,1,0,15190,195385515,1.300000000,1.350000000,1,2445,1,7,UD:1V: VT 2539331
2026-02-24T17:16:02.080245741Z,2026-02-24T17:16:01.941347543Z,1,1,2556681,T,A,0,1.350000000,1,0,11956,195405680,1.350000000,1.400000000,1,308,1,4,UD:1V: VT 2556681
2026-02-24T17:16:05.524499579Z,2026-02-24T17:16:05.522449689Z,1,1,42430453,T,A,0,12.500000000,1,0,10316,563493137,12.500000000,12.600000000,1,183,1,7,ESH6 P6200
2026-02-24T17:16:06.091816762Z,2026-02-24T17:16:06.049342737Z,1,1,42372931,T,B,0,25.500000000,9,0,11529,563496418,25.250000000,25.500000000,599,9,6,1,ESM6 P5100
2026-02-24T17:16:31.140512266Z,2026-02-24T17:16:31.058618909Z,1,1,42868335,T,A,0,108.000000000,3,0,11334,563683984,108.000000000,108.500000000,3,127,1,9,ESH6 C6910
2026-02-24T17:16:46.323050138Z,2026-02-24T17:16:46.290749247Z,1,1,42868335,T,A,0,107.500000000,3,0,13778,563767476,107.500000000,108.000000000,3,93,1,10,ESH6 C6910
2026-02-24T17:16:46.405412741Z,2026-02-24T17:16:46.294042051Z,1,1,42431946,T,B,0,110.000000000,3,0,14583,563768843,109.500000000,110.000000000,64,3,8,1,ESH6 P6900
2026-02-24T17:16:52.155877450Z,2026-02-24T17:16:52.075140019Z,1,1,42416106,T,A,0,45.500000000,6,0,14235,563803923,45.500000000,45.750000000,13,43,1,4,ESM6 C7450
2026-02-24T17:17:27.524846790Z,2026-02-24T17:17:27.245672565Z,1,1,42431946,T,A,0,110.000000000,1,0,11242,564055790,110.000000000,110.500000000,2,114,2,12,ESH6 P6900
2026-02-24T17:17:27.636441058Z,2026-02-24T17:17:27.245801913Z,1,1,42431946,T,A,0,110.000000000,1,0,11275,564057614,110.000000000,110.500000000,1,98,1,8,ESH6 P6900
2026-02-24T17:18:00.982710616Z,2026-02-24T17:18:00.740828433Z,1,1,42409672,T,B,0,62.000000000,3,0,13049,564233663,61.750000000,62.000000000,194,3,5,1,ESM6 P5900
2026-02-24T17:18:16.583643557Z,2026-02-24T17:18:16.583099767Z,1,1,42431180,T,A,0,6.300000000,3,0,14382,564366165,6.300000000,6.400000000,3,591,1,13,ESH6 P5900
2026-02-24T17:18:19.656625226Z,2026-02-24T17:18:19.627638401Z,1,1,42431946,T,B,0,110.500000000,3,0,14157,564390297,110.000000000,110.500000000,91,6,10,2,ESH6 P6900
2026-02-24T17:18:19.747251848Z,2026-02-24T17:18:19.694341859Z,1,1,42868335,T,A,0,107.000000000,3,0,10343,564392074,107.000000000,107.500000000,3,115,1,9,ESH6 C6910
2026-02-24T17:18:20.883859861Z,2026-02-24T17:18:20.802715759Z,1,1,2505545,T,A,0,19.400000000,2,0,15224,195771750,19.400000000,19.500000000,2,1011,2,7,UD:1V: VT 2505545
2026-02-24T17:18:30.453357373Z,2026-02-24T17:18:30.397325021Z,1,1,42394633,T,B,0,15.000000000,4,0,14540,564472189,14.800000000,15.000000000,494,4,7,1,ESM6 P4500
2026-02-24T17:18:43.918516343Z,2026-02-24T17:18:43.756287865Z,1,1,42394633,T,B,0,15.000000000,4,0,11933,564557678,14.800000000,15.000000000,505,4,8,1,ESM6 P4500
2026-02-24T17:18:48.073049008Z,2026-02-24T17:18:48.038519345Z,1,1,42366510,T,B,0,169.000000000,1,0,11330,564598667,168.500000000,169.000000000,60,1,7,1,ESM6 C7100
2026-02-24T17:18:59.463764629Z,2026-02-24T17:18:59.463246427Z,1,1,42429673,T,A,0,2.700000000,3,0,13920,564677127,2.700000000,2.750000000,3,501,1,9,ESH6 P5400
2026-02-24T17:18:59.930092901Z,2026-02-24T17:18:59.903222545Z,1,1,42394633,T,B,0,15.000000000,4,0,11401,564681606,14.800000000,15.000000000,505,4,8,1,ESM6 P4500
2026-02-24T17:19:05.159186002Z,2026-02-24T17:19:05.020750329Z,1,1,42429687,T,A,0,56.750000000,1,0,15204,564739874,56.750000000,57.000000000,1,32,1,4,ESH6 C7000
2026-02-24T17:19:05.236267706Z,2026-02-24T17:19:05.021048957Z,1,1,42431946,T,B,0,111.000000000,3,0,11545,564741370,110.500000000,111.000000000,38,3,4,1,ESH6 P6900
2026-02-24T17:19:06.826567176Z,2026-02-24T17:19:06.704859581Z,1,1,42394633,T,B,0,15.000000000,4,0,14728,564766375,14.800000000,15.000000000,505,4,8,1,ESM6 P4500
2026-02-24T17:19:14.222346131Z,2026-02-24T17:19:14.217269995Z,1,1,42426741,T,A,0,31.500000000,5,0,17690,564845755,31.500000000,31.750000000,5,214,1,11,ESH6 P6500
2026-02-24T17:19:22.777283341Z,2026-02-24T17:19:22.776737449Z,1,1,2557764,T,B,0,2.550000000,1,0,14026,195978651,2.450000000,2.550000000,98,107,1,2,UD:1V: VT 2557764
2026-02-24T17:19:26.855613883Z,2026-02-24T17:19:26.641225521Z,1,1,42372953,T,A,0,286.500000000,1,0,22361,564941732,286.500000000,287.000000000,16,22,1,2,ESM6 C6900
2026-02-24T17:19:39.484256949Z,2026-02-24T17:19:39.483889993Z,1,1,42429011,T,A,0,113.500000000,1,0,16875,565030429,113.500000000,114.000000000,1,188,1,15,ESH6 C6900
2026-02-24T17:19:46.430650517Z,2026-02-24T17:19:46.430149519Z,1,1,42378592,T,B,0,134.000000000,1,0,16045,565062918,133.000000000,134.000000000,118,84,8,8,ESM6 P6500
2026-02-24T17:20:00.339234919Z,2026-02-24T17:20:00.338745521Z,1,1,42409695,T,B,0,1.700000000,1,0,14145,565148176,1.600000000,1.700000000,728,1,6,1,ESM6 P2400
2026-02-24T17:20:11.408869027Z,2026-02-24T17:20:11.314052185Z,1,1,42431946,T,B,0,110.500000000,5,0,13885,565255225,109.500000000,110.500000000,133,73,10,9,ESH6 P6900
2026-02-24T17:20:19.973275898Z,2026-02-24T17:20:19.972752217Z,1,1,42431945,T,B,0,80.000000000,28,0,14327,565333546,79.750000000,80.000000000,75,50,8,1,ESH6 P6800
2026-02-24T17:20:19.996899135Z,2026-02-24T17:20:19.996442343Z,1,1,42431945,T,B,0,80.000000000,1,0,13130,565333860,79.750000000,80.000000000,106,22,9,1,ESH6 P6800
2026-02-24T17:20:20.026695253Z,2026-02-24T17:20:20.026243633Z,1,1,42431945,T,B,0,80.000000000,1,0,14699,565334034,79.750000000,80.000000000,75,21,8,1,ESH6 P6800
2026-02-24T17:20:23.326185315Z,2026-02-24T17:20:23.323161795Z,1,1,42431945,T,B,0,80.000000000,20,0,11200,565354503,79.750000000,80.000000000,69,20,8,1,ESH6 P6800
2026-02-24T17:20:40.679347530Z,2026-02-24T17:20:40.678149419Z,1,1,42366525,T,A,0,1.700000000,48,0,14594,565479479,1.700000000,1.750000000,48,223,1,2,ESM6 C8200
2026-02-24T17:20:47.575444138Z,2026-02-24T17:20:47.556558527Z,1,1,2556823,T,A,0,1.150000000,5,0,13595,196228460,1.150000000,1.200000000,5,421,1,2,UD:1V: VT 2556823
2026-02-24T17:20:51.951007416Z,2026-02-24T17:20:51.950608559Z,1,1,2557592,T,B,0,126.000000000,1,0,13298,196239951,125.500000000,126.000000000,60,1,3,1,UD:1V: BO 2557592
2026-02-24T17:20:54.287639799Z,2026-02-24T17:20:54.287158935Z,1,1,42677326,T,A,0,185.500000000,8,0,14605,565574599,185.500000000,186.000000000,8,27,1,1,ESU7 C8200
2026-02-24T17:21:34.596517347Z,2026-02-24T17:21:34.583890455Z,1,1,42523208,T,A,0,343.000000000,2,0,14094,565844684,343.000000000,343.500000000,2,27,1,1,ESU7 P6250
2026-02-24T17:21:34.602541109Z,2026-02-24T17:21:34.584084797Z,1,1,42429687,T,B,0,57.500000000,1,0,14325,565844788,57.250000000,57.500000000,111,1,10,1,ESH6 C7000
2026-02-24T17:21:44.388785909Z,2026-02-24T17:21:44.388278841Z,1,1,42868335,T,A,0,108.000000000,3,0,14242,565917796,108.000000000,108.500000000,3,134,1,10,ESH6 C6910
2026-02-24T17:21:56.487806431Z,2026-02-24T17:21:56.484209325Z,1,1,2556714,T,A,0,1.350000000,1,0,15162,196409709,1.350000000,1.450000000,1,2214,1,7,UD:1V: VT 2556714
2026-02-24T17:22:06.072481028Z,2026-02-24T17:22:06.033257587Z,1,1,42431946,T,B,0,110.000000000,3,0,17190,566067601,109.500000000,110.000000000,77,3,9,1,ESH6 P6900
2026-02-24T17:22:12.632605074Z,2026-02-24T17:22:12.631741839Z,1,1,42431181,T,B,0,42.500000000,1,0,18466,566127501,42.250000000,42.500000000,133,13,8,2,ESH6 P6600
2026-02-24T17:22:22.249009683Z,2026-02-24T17:22:21.984937099Z,1,1,42428246,T,A,0,22.500000000,1,0,14659,566166967,22.500000000,22.750000000,1,326,1,12,ESH6 P6400
2026-02-24T17:23:01.036805801Z,2026-02-24T17:23:01.036218895Z,1,1,2556734,T,B,0,14.600000000,15,0,16201,196583863,14.300000000,14.600000000,24,50,2,1,UD:1V: GN 2556734
2026-02-24T17:23:01.037046307Z,2026-02-24T17:23:01.036242627Z,1,1,2556734,T,B,0,14.600000000,34,0,14214,196583865,14.300000000,14.600000000,24,35,2,1,UD:1V: GN 2556734
2026-02-24T17:23:01.037353145Z,2026-02-24T17:23:01.036850263Z,1,1,2556734,T,B,0,14.600000000,1,0,18226,196583867,14.300000000,14.600000000,24,1,2,1,UD:1V: GN 2556734
2026-02-24T17:23:08.324683211Z,2026-02-24T17:23:08.324096345Z,1,1,2556734,T,B,0,14.600000000,1,0,16935,196613770,14.400000000,14.600000000,58,100,4,1,UD:1V: GN 2556734
2026-02-24T17:23:08.324888064Z,2026-02-24T17:23:08.324115577Z,1,1,2556734,T,B,0,14.600000000,30,0,11799,196613772,14.400000000,14.600000000,58,99,4,1,UD:1V: GN 2556734
2026-02-24T17:23:14.537181947Z,2026-02-24T17:23:14.536619395Z,1,1,2557860,T,B,0,-12.500000000,2,0,14430,196627808,-12.900000000,-12.500000000,109,2,3,1,UD:1V: RR 2557860
2026-02-24T17:23:26.123618021Z,2026-02-24T17:23:26.123231777Z,1,1,2525002,T,B,0,3.000000000,1,0,14365,196650867,2.950000000,3.000000000,3660,1,6,1,UD:1V: VT 2525002
2026-02-24T17:23:36.431004949Z,2026-02-24T17:23:36.429086417Z,1,1,273382,T,A,0,50.000000000,1,0,13763,566647268,50.000000000,50.250000000,1,707,1,6,ESZ6 P4500
2026-02-24T17:23:53.662766629Z,2026-02-24T17:23:53.257884393Z,1,1,42429381,T,A,0,49.000000000,1,0,13459,566767940,49.000000000,49.250000000,1,320,1,5,ESU6 P5000
2026-02-24T17:25:27.218315955Z,2026-02-24T17:25:27.217385265Z,1,1,42428246,T,A,0,22.500000000,1,0,15786,567254711,22.500000000,22.750000000,1,374,1,14,ESH6 P6400
2026-02-24T17:26:17.402295480Z,2026-02-24T17:26:17.273965699Z,1,1,42608055,T,A,0,7.200000000,4,0,11575,567481632,7.200000000,7.300000000,4,240,1,5,ESH6 P5975
2026-02-24T17:26:17.402783307Z,2026-02-24T17:26:17.276773103Z,1,1,42431944,T,A,0,7.600000000,4,0,11723,567481645,7.600000000,7.700000000,4,262,1,6,ESH6 P6000
2026-02-24T17:26:17.405577818Z,2026-02-24T17:26:17.283109685Z,1,1,42426740,T,A,0,9.600000000,4,0,10380,567481731,9.600000000,9.800000000,4,399,1,10,ESH6 P6100
2026-02-24T17:26:18.090816781Z,2026-02-24T17:26:17.789668075Z,1,1,42671726,T,A,0,4.050000000,28,0,23176,567493849,4.050000000,4.150000000,28,424,3,6,ESH6 P5675
2026-02-24T17:26:18.107700283Z,2026-02-24T17:26:17.789828005Z,1,1,42426739,T,A,0,3.550000000,29,0,13575,567494136,3.550000000,3.650000000,29,169,2,2,ESH6 P5600
2026-02-24T17:26:21.461997981Z,2026-02-24T17:26:21.458274917Z,1,1,42428246,T,A,0,22.500000000,1,0,17389,567522149,22.500000000,22.750000000,1,352,1,11,ESH6 P6400
2026-02-24T17:26:21.462465323Z,2026-02-24T17:26:21.458275449Z,1,1,2525376,T,B,0,-6.700000000,2,0,11390,197009164,-6.800000000,-6.700000000,183,2,2,1,UD:1V: 12 2525376
2026-02-24T17:26:25.268430682Z,2026-02-24T17:26:25.242911549Z,1,1,42874367,T,A,0,18.100000000,49,0,11556,567542700,18.100000000,18.300000000,56,40,2,4,ESH6 P6330
2026-02-24T17:26:25.268497091Z,2026-02-24T17:26:25.242911903Z,1,1,42347631,T,A,0,14.300000000,1,0,11466,567542703,14.300000000,14.500000000,1,363,1,10,ESH6 P6250
2026-02-24T17:26:25.335505070Z,2026-02-24T17:26:25.243005083Z,1,1,2556943,T,A,0,1.500000000,1,0,11668,197017378,1.500000000,1.550000000,1,895,1,3,UD:1V: VT 2556943
2026-02-24T17:26:25.359898491Z,2026-02-24T17:26:25.242943791Z,1,1,42874367,T,A,0,18.100000000,4,0,11466,567544388,18.100000000,18.300000000,4,33,1,3,ESH6 P6330
2026-02-24T17:26:30.187603480Z,2026-02-24T17:26:30.101557579Z,1,1,2556768,T,A,0,1.350000000,1,0,13405,197038839,1.350000000,1.400000000,1,2368,1,7,UD:1V: VT 2556768
2026-02-24T17:26:35.209836584Z,2026-02-24T17:26:35.109657631Z,1,1,42431180,T,A,0,6.100000000,3,0,16687,567620196,6.100000000,6.200000000,3,512,1,10,ESH6 P5900
2026-02-24T17:26:35.559055215Z,2026-02-24T17:26:35.295677439Z,1,1,42427508,T,B,0,21.500000000,3,0,11758,567626414,21.250000000,21.500000000,198,3,9,1,ESH6 C7100
2026-02-24T17:26:35.815692135Z,2026-02-24T17:26:35.317560095Z,1,1,2556904,T,A,0,1.150000000,5,0,13702,197060423,1.150000000,1.250000000,5,1492,1,4,UD:1V: VT 2556904
2026-02-24T17:26:35.833160189Z,2026-02-24T17:26:35.322443993Z,1,1,2525394,T,B,0,-7.700000000,3,0,13792,197060602,-8.000000000,-7.700000000,251,3,3,2,UD:1V: 12 2525394
2026-02-24T17:26:35.833474995Z,2026-02-24T17:26:35.322445059Z,1,1,2982455,T,A,0,19.400000000,1,0,14816,197060604,19.400000000,19.800000000,1,23,1,1,UD:1V: SG 2982455
2026-02-24T17:26:35.833752842Z,2026-02-24T17:26:35.322445237Z,1,1,2556849,T,A,0,1.200000000,5,0,14091,197060606,1.200000000,1.300000000,5,1146,1,3,UD:1V: VT 2556849
2026-02-24T17:26:35.845259665Z,2026-02-24T17:26:35.322447721Z,1,1,42397940,T,A,0,19.100000000,24,0,15348,567632194,19.100000000,19.300000000,24,50,1,1,ESH6 P6350
2026-02-24T17:26:50.227683493Z,2026-02-24T17:26:50.174425155Z,1,1,42868335,T,A,0,108.000000000,3,0,13015,567767592,108.000000000,108.500000000,3,96,1,9,ESH6 C6910
2026-02-24T17:26:51.162587443Z,2026-02-24T17:26:51.162032911Z,1,1,2558026,T,A,0,-0.250000000,1,0,16585,197126733,-0.250000000,1.400000000,1,1,1,1,UD:1V: RR 2558026
2026-02-24T17:27:10.995138304Z,2026-02-24T17:27:10.915540823Z,1,1,42429011,T,B,0,115.000000000,1,0,13294,567901322,114.500000000,115.000000000,95,5,12,1,ESH6 C6900
2026-02-24T17:27:11.004555471Z,2026-02-24T17:27:10.915699725Z,1,1,42429011,T,B,0,115.000000000,4,0,13226,567901435,114.500000000,115.000000000,95,4,12,1,ESH6 C6900
2026-02-24T17:27:15.335470081Z,2026-02-24T17:27:15.070465393Z,1,1,42429687,T,B,0,58.250000000,1,0,13687,567952350,58.000000000,58.250000000,56,1,6,1,ESH6 C7000
2026-02-24T17:28:36.948775875Z,2026-02-24T17:28:36.945673089Z,1,1,42431945,T,A,0,79.000000000,10,0,11886,568479168,79.000000000,79.500000000,81,108,9,9,ESH6 P6800
2026-02-24T17:28:48.070820200Z,2026-02-24T17:28:47.742857677Z,1,1,2539330,T,A,0,1.300000000,1,0,14372,197442985,1.300000000,1.350000000,1,1311,1,6,UD:1V: VT 2539330
2026-02-24T17:29:18.835425170Z,2026-02-24T17:29:18.564123447Z,1,1,42868335,T,A,0,108.000000000,3,0,14206,568759621,108.000000000,108.500000000,3,102,1,8,ESH6 C6910
2026-02-24T17:29:24.969816178Z,2026-02-24T17:29:24.886824625Z,1,1,42394633,T,B,0,14.900000000,4,0,11754,568792402,14.700000000,14.900000000,419,4,7,1,ESM6 P4500
2026-02-24T17:29:26.972472960Z,2026-02-24T17:29:26.858001259Z,1,1,42431946,T,B,0,109.500000000,3,0,17383,568805223,109.000000000,109.500000000,90,3,9,1,ESH6 P6900
2026-02-24T17:29:29.147594387Z,2026-02-24T17:29:29.062787019Z,1,1,2550771,T,A,0,7.600000000,12,0,13925,197559993,7.600000000,7.700000000,138,151,1,4,UD:1V: VT 2550771
2026-02-24T17:29:31.536543297Z,2026-02-24T17:29:31.533994991Z,1,1,42394633,T,B,0,14.900000000,4,0,18128,568851982,14.700000000,14.900000000,419,4,7,1,ESM6 P4500
2026-02-24T17:29:33.654579096Z,2026-02-24T17:29:33.654041143Z,1,1,42429001,T,A,0,1.450000000,2,0,14267,568859836,1.450000000,1.500000000,2,722,1,7,ESH6 P5000
2026-02-24T17:29:37.927456831Z,2026-02-24T17:29:37.926791397Z,1,1,42394633,T,B,0,14.900000000,4,0,13992,568890068,14.700000000,14.900000000,533,4,9,1,ESM6 P4500
2026-02-24T17:29:41.051928349Z,2026-02-24T17:29:40.983220145Z,1,1,42429687,T,A,0,57.500000000,1,0,13108,568918618,57.500000000,57.750000000,1,121,1,9,ESH6 C7000
2026-02-24T17:29:44.317532645Z,2026-02-24T17:29:44.289470847Z,1,1,42394633,T,B,0,14.900000000,4,0,13476,568953663,14.700000000,14.900000000,533,4,9,1,ESM6 P4500
2026-02-24T17:30:08.612108047Z,2026-02-24T17:30:08.611555469Z,1,1,42431944,T,A,0,7.600000000,1,0,13864,569115177,7.600000000,7.700000000,1,558,1,13,ESH6 P6000
2026-02-24T17:30:23.912434097Z,2026-02-24T17:30:23.850671169Z,1,1,42394633,T,B,0,14.900000000,4,0,14129,569217476,14.700000000,14.900000000,533,4,9,1,ESM6 P4500
2026-02-24T17:30:26.952474184Z,2026-02-24T17:30:26.951095693Z,1,1,42431946,T,B,0,110.000000000,3,0,12973,569245798,109.500000000,110.000000000,102,3,9,1,ESH6 P6900
2026-02-24T17:30:55.279948672Z,2026-02-24T17:30:55.279415163Z,1,1,42431945,T,B,0,79.750000000,1,0,15779,569465211,79.250000000,79.750000000,160,64,13,5,ESH6 P6800
2026-02-24T17:31:18.812771581Z,2026-02-24T17:31:18.812238813Z,1,1,42429003,T,A,0,5.000000000,10,0,14609,569598106,5.000000000,5.100000000,236,148,5,7,ESH6 P5800
2026-02-24T17:31:38.779823411Z,2026-02-24T17:31:38.779218685Z,1,1,42427500,T,B,0,16.700000000,5,0,13650,569728675,16.500000000,16.700000000,251,125,8,5,ESH6 P6300
2026-02-24T17:33:04.841038682Z,2026-02-24T17:33:04.832670071Z,1,1,42399612,T,B,0,26.750000000,9,0,17282,570202566,26.500000000,26.750000000,554,9,6,1,ESM6 P5150
2026-02-24T17:33:11.448503430Z,2026-02-24T17:33:11.115947803Z,1,1,42372931,T,B,0,25.500000000,9,0,15240,570232380,25.250000000,25.500000000,390,9,6,1,ESM6 P5100
2026-02-24T17:34:28.952593399Z,2026-02-24T17:34:28.934214989Z,1,1,42838711,T,A,0,2.650000000,7,0,12701,570577419,2.650000000,2.700000000,7,25,1,2,ESH6 P5425
2026-02-24T17:34:54.816436909Z,2026-02-24T17:34:54.814354497Z,1,1,42421497,T,A,0,26.250000000,29,0,11118,570724345,26.250000000,26.500000000,101,276,4,11,ESH6 P6450
2026-02-24T17:35:03.762720607Z,2026-02-24T17:35:03.762341799Z,1,1,42427413,T,A,0,36.250000000,1,0,14521,570779826,36.250000000,36.500000000,1,272,1,13,ESH6 P6550
2026-02-24T17:35:09.962952157Z,2026-02-24T17:35:09.946635539Z,1,1,42865925,T,A,0,67.000000000,1,0,16286,570803544,67.000000000,67.250000000,1,45,1,4,ESH6 C6980
2026-02-24T17:35:23.774838666Z,2026-02-24T17:35:23.774138947Z,1,1,42366525,T,A,0,1.700000000,48,0,16069,570910101,1.700000000,1.750000000,48,224,1,3,ESM6 C8200
2026-02-24T17:35:24.430407091Z,2026-02-24T17:35:24.429839703Z,1,1,2558333,T,B,0,0.600000000,1,0,13428,198367428,0.550000000,0.600000000,698,2083,5,4,UD:1V: VT 2558333
2026-02-24T17:35:44.301693951Z,2026-02-24T17:35:44.099472461Z,1,1,42483458,T,A,0,182.000000000,1,0,13996,571045522,182.000000000,182.500000000,1,8,1,1,ESH6 P7050
2026-02-24T17:35:46.706316771Z,2026-02-24T17:35:46.705840003Z,1,1,42426741,T,A,0,30.750000000,1,0,18636,571062534,30.750000000,31.000000000,1,223,1,13,ESH6 P6500
2026-02-24T17:36:02.328181261Z,2026-02-24T17:36:02.090618527Z,1,1,42431945,T,B,0,80.000000000,1,0,11344,571134209,79.750000000,80.000000000,75,1,8,1,ESH6 P6800
2026-02-24T17:36:02.490829706Z,2026-02-24T17:36:02.107918037Z,1,1,2556734,T,B,0,14.600000000,21,0,13396,198454680,14.400000000,14.600000000,48,69,4,1,UD:1V: GN 2556734
2026-02-24T17:36:03.313469890Z,2026-02-24T17:36:03.112391717Z,1,1,42383331,T,B,0,50.000000000,1,0,14029,571151451,49.750000000,50.000000000,71,1,6,1,ESH6 P6650
2026-02-24T17:36:19.283829446Z,2026-02-24T17:36:19.278473115Z,1,1,42431180,T,A,0,6.100000000,1,0,13789,571260191,6.100000000,6.200000000,1,605,1,12,ESH6 P5900
2026-02-24T17:36:21.894541044Z,2026-02-24T17:36:21.730496307Z,1,1,42895803,T,A,0,61.750000000,1,0,17656,571281298,61.750000000,62.000000000,1,72,1,5,ESH6 C6990
2026-02-24T17:36:23.211901600Z,2026-02-24T17:36:23.203472861Z,1,1,2505545,T,A,0,19.400000000,3,0,14661,198517122,19.400000000,19.500000000,3,414,3,6,UD:1V: VT 2505545
2026-02-24T17:36:23.350534951Z,2026-02-24T17:36:23.242624023Z,1,1,42404337,T,B,0,13.700000000,4,0,11670,571295946,13.600000000,13.700000000,236,4,6,1,ESM6 P4400
2026-02-24T17:36:23.358328187Z,2026-02-24T17:36:23.242630987Z,1,1,42399597,T,B,0,14.300000000,4,0,16336,571296112,14.200000000,14.300000000,211,4,5,1,ESM6 P4450
2026-02-24T17:36:24.426328733Z,2026-02-24T17:36:24.419624547Z,1,1,42887189,T,A,0,52.250000000,1,0,21568,571305942,52.250000000,52.500000000,1,53,1,5,ESH6 C7010
2026-02-24T17:36:24.618724477Z,2026-02-24T17:36:24.617867089Z,1,1,42689132,T,A,0,45.750000000,1,0,14178,571307246,45.750000000,46.000000000,1,38,1,6,ESH6 C7025
2026-02-24T17:36:24.767411651Z,2026-02-24T17:36:24.688470191Z,1,1,42896849,T,A,0,39.750000000,2,0,11184,571309803,39.750000000,40.000000000,2,70,2,4,ESH6 C7040
2026-02-24T17:36:30.272399995Z,2026-02-24T17:36:30.264198141Z,1,1,2556734,T,B,0,14.600000000,5,0,14342,198537793,14.500000000,14.600000000,33,48,2,1,UD:1V: GN 2556734
2026-02-24T17:36:30.398820237Z,2026-02-24T17:36:30.296015695Z,1,1,42429687,T,A,0,56.750000000,1,0,12276,571348145,56.750000000,57.000000000,1,40,1,6,ESH6 C7000
2026-02-24T17:36:32.116173232Z,2026-02-24T17:36:32.115557187Z,1,1,2556734,T,B,0,14.600000000,6,0,14667,198543030,14.500000000,14.600000000,33,43,2,1,UD:1V: GN 2556734
2026-02-24T17:36:33.268807339Z,2026-02-24T17:36:33.267717791Z,1,1,2556734,T,B,0,14.600000000,6,0,14160,198545190,14.500000000,14.600000000,33,37,2,1,UD:1V: GN 2556734
2026-02-24T17:36:33.358764663Z,2026-02-24T17:36:33.357482229Z,1,1,42429687,T,A,0,56.750000000,1,0,13889,571365408,56.750000000,57.000000000,1,102,1,8,ESH6 C7000
2026-02-24T17:36:45.804077971Z,2026-02-24T17:36:45.795882851Z,1,1,42429674,T,A,0,58.500000000,4,0,13413,571426504,58.500000000,58.750000000,4,115,1,10,ESH6 P6700
2026-02-24T17:36:50.351149215Z,2026-02-24T17:36:50.331433285Z,1,1,42426739,T,A,0,3.500000000,26,0,18303,571459703,3.500000000,3.600000000,26,480,3,9,ESH6 P5600
2026-02-24T17:36:54.512612059Z,2026-02-24T17:36:54.512069709Z,1,1,42399706,T,B,0,175.000000000,1,0,17395,571487317,174.500000000,175.000000000,35,56,4,4,ESM6 P6700
2026-02-24T17:37:01.088292640Z,2026-02-24T17:37:01.084759185Z,1,1,42608050,T,A,0,69.500000000,1,0,13976,571524813,69.500000000,69.750000000,1,87,1,7,ESH6 C6975
2026-02-24T17:37:03.483945194Z,2026-02-24T17:37:03.397249273Z,1,1,42895803,T,A,0,61.750000000,1,0,16575,571539462,61.750000000,62.000000000,1,52,1,4,ESH6 C6990
2026-02-24T17:37:17.300564171Z,2026-02-24T17:37:17.297972773Z,1,1,2558398,T,A,0,2.150000000,2,0,15331,198646004,2.150000000,2.200000000,2,5514,1,11,UD:1V: VT 2558398
2026-02-24T17:37:40.372702280Z,2026-02-24T17:37:40.350554985Z,1,1,2550771,T,A,0,7.500000000,12,0,11250,198692765,7.500000000,7.600000000,138,313,1,6,UD:1V: VT 2550771
2026-02-24T17:37:51.356296549Z,2026-02-24T17:37:51.284821051Z,1,1,2556734,T,B,0,14.600000000,4,0,12226,198722655,14.500000000,14.600000000,33,31,2,1,UD:1V: GN 2556734
2026-02-24T17:37:51.583229158Z,2026-02-24T17:37:51.474866413Z,1,1,42429687,T,A,0,56.750000000,1,0,14322,571818862,56.750000000,57.000000000,1,113,1,9,ESH6 C7000
2026-02-24T17:38:03.749831653Z,2026-02-24T17:38:03.723182039Z,1,1,42397940,T,A,0,19.400000000,1,0,14318,571877681,19.400000000,19.600000000,1,410,1,12,ESH6 P6350
2026-02-24T17:38:04.174467078Z,2026-02-24T17:38:04.103641251Z,1,1,2556734,T,B,0,14.600000000,3,0,11747,198752576,14.500000000,14.600000000,33,27,2,1,UD:1V: GN 2556734
2026-02-24T17:38:46.480174311Z,2026-02-24T17:38:46.477167253Z,1,1,42435427,T,A,0,68.000000000,5,0,13410,572092802,68.000000000,68.500000000,65,99,10,9,ESH6 P6750
2026-02-24T17:39:14.065055371Z,2026-02-24T17:39:14.064496073Z,1,1,42428246,T,A,0,22.500000000,9,0,19114,572222459,22.500000000,22.750000000,79,319,4,11,ESH6 P6400
2026-02-24T17:40:36.029015295Z,2026-02-24T17:40:35.912805535Z,1,1,42874379,T,A,0,94.250000000,1,0,22654,572586098,94.250000000,94.500000000,1,19,1,2,ESH6 C6930
2026-02-24T17:40:36.380438642Z,2026-02-24T17:40:35.973724397Z,1,1,42431945,T,B,0,80.500000000,1,0,21058,572592667,80.250000000,80.500000000,89,1,8,1,ESH6 P6800
2026-02-24T17:41:06.260863770Z,2026-02-24T17:41:06.193303133Z,1,1,42896847,T,A,0,47.750000000,1,0,17436,572753238,47.750000000,48.000000000,1,55,1,5,ESH6 C7020
2026-02-24T17:41:07.243919775Z,2026-02-24T17:41:07.237769387Z,1,1,42896847,T,A,0,47.750000000,1,0,14770,572760718,47.750000000,48.000000000,1,55,1,5,ESH6 C7020
2026-02-24T17:41:07.718910371Z,2026-02-24T17:41:07.697157667Z,1,1,42483456,T,A,0,36.000000000,1,0,16883,572765204,36.000000000,36.250000000,2,107,2,7,ESH6 C7050
2026-02-24T17:41:07.731470837Z,2026-02-24T17:41:07.722667379Z,1,1,42483456,T,A,0,36.000000000,1,0,15174,572765532,36.000000000,36.250000000,1,107,1,7,ESH6 C7050
2026-02-24T17:41:07.756959487Z,2026-02-24T17:41:07.755724509Z,1,1,42483101,T,A,0,82.750000000,1,0,18261,572765751,82.750000000,83.000000000,1,18,1,4,ESH6 C6950
2026-02-24T17:41:08.424672552Z,2026-02-24T17:41:08.423920895Z,1,1,42689132,T,A,0,45.750000000,15,0,14969,572769107,45.750000000,46.000000000,15,74,1,6,ESH6 C7025
2026-02-24T17:41:10.432572336Z,2026-02-24T17:41:10.413426041Z,1,1,42896847,T,A,0,47.750000000,3,0,15964,572776931,47.750000000,48.000000000,3,54,3,4,ESH6 C7020
2026-02-24T17:41:21.453676663Z,2026-02-24T17:41:21.437396991Z,1,1,42896847,T,A,0,47.750000000,1,0,18475,572836267,47.750000000,48.000000000,1,62,1,6,ESH6 C7020
2026-02-24T17:41:34.712457026Z,2026-02-24T17:41:34.695614221Z,1,1,42895803,T,A,0,61.500000000,1,0,14474,572892528,61.500000000,61.750000000,1,33,1,5,ESH6 C6990
2026-02-24T17:41:36.198899834Z,2026-02-24T17:41:36.198413763Z,1,1,42431945,T,A,0,80.250000000,1,0,14051,572900193,80.250000000,80.500000000,1,34,1,5,ESH6 P6800
2026-02-24T17:41:38.903778474Z,2026-02-24T17:41:38.897720361Z,1,1,42429687,T,A,0,56.750000000,2,0,13654,572915874,56.750000000,57.000000000,2,64,2,6,ESH6 C7000
2026-02-24T17:41:39.034235235Z,2026-02-24T17:41:39.018162197Z,1,1,42429687,T,A,0,56.750000000,1,0,19031,572917021,56.750000000,57.000000000,1,64,1,6,ESH6 C7000
2026-02-24T17:41:40.898559866Z,2026-02-24T17:41:40.889258627Z,1,1,42429687,T,A,0,56.750000000,1,0,13235,572923011,56.750000000,57.000000000,1,64,1,6,ESH6 C7000
2026-02-24T17:41:42.057654299Z,2026-02-24T17:41:42.051799901Z,1,1,42429687,T,A,0,56.750000000,1,0,17110,572928664,56.750000000,57.000000000,1,97,1,9,ESH6 C7000
2026-02-24T17:41:55.038185687Z,2026-02-24T17:41:55.037518595Z,1,1,42399646,T,A,0,14.000000000,5,0,13974,572986163,14.000000000,14.100000000,22,5,1,1,ESM6 C7700
2026-02-24T17:42:02.706730015Z,2026-02-24T17:42:02.684560867Z,1,1,42399646,T,B,0,14.100000000,5,0,14061,573036378,13.900000000,14.100000000,131,5,3,1,ESM6 C7700
2026-02-24T17:42:04.854839071Z,2026-02-24T17:42:04.792275249Z,1,1,42428246,T,A,0,22.500000000,17,0,11638,573059401,22.500000000,22.750000000,88,334,1,13,ESH6 P6400
2026-02-24T17:42:04.871386613Z,2026-02-24T17:42:04.792536563Z,1,1,42428246,T,A,0,22.500000000,2,0,14813,573059659,22.500000000,22.750000000,71,334,1,13,ESH6 P6400
2026-02-24T17:42:04.872875631Z,2026-02-24T17:42:04.792554111Z,1,1,42428246,T,A,0,22.500000000,3,0,14488,573059671,22.500000000,22.750000000,69,334,1,13,ESH6 P6400
2026-02-24T17:42:11.026730629Z,2026-02-24T17:42:11.008307505Z,1,1,42431181,T,B,0,42.500000000,1,0,12990,573088611,42.250000000,42.500000000,198,1,13,1,ESH6 P6600
2026-02-24T17:42:30.210142749Z,2026-02-24T17:42:30.052638539Z,1,1,3126314,T,A,0,5.000000000,1,0,14228,199232715,5.000000000,5.100000000,1,2006,1,10,UD:1V: VT 3126314
2026-02-24T17:42:31.898405512Z,2026-02-24T17:42:31.897859199Z,1,1,42384725,T,B,0,56.500000000,1,0,13877,573211948,56.250000000,56.500000000,83,1,5,1,ESM6 C7400
2026-02-24T17:42:33.769086011Z,2026-02-24T17:42:33.763989107Z,1,1,42428246,T,A,0,22.500000000,13,0,11418,573224823,22.500000000,22.750000000,66,352,1,15,ESH6 P6400
2026-02-24T17:42:33.774800900Z,2026-02-24T17:42:33.773640161Z,1,1,42428246,T,A,0,22.500000000,26,0,12786,573224978,22.500000000,22.750000000,53,352,1,15,ESH6 P6400
2026-02-24T17:42:34.257425072Z,2026-02-24T17:42:34.250744339Z,1,1,42428246,T,A,0,22.500000000,5,0,11253,573226211,22.500000000,22.750000000,27,499,1,16,ESH6 P6400
2026-02-24T17:42:34.264364069Z,2026-02-24T17:42:34.250808433Z,1,1,42428246,T,A,0,22.500000000,2,0,11500,573226300,22.500000000,22.750000000,22,499,1,16,ESH6 P6400
2026-02-24T17:42:34.369208354Z,2026-02-24T17:42:34.368703971Z,1,1,42428246,T,A,0,22.500000000,9,0,14167,573227176,22.500000000,22.750000000,20,504,1,17,ESH6 P6400
2026-02-24T17:42:34.431147986Z,2026-02-24T17:42:34.427724787Z,1,1,42428246,T,A,0,22.500000000,6,0,13462,573227648,22.500000000,22.750000000,11,396,1,16,ESH6 P6400
2026-02-24T17:42:34.437770220Z,2026-02-24T17:42:34.427828587Z,1,1,42428246,T,A,0,22.500000000,5,0,13650,573227740,22.500000000,22.750000000,5,396,1,16,ESH6 P6400
2026-02-24T17:42:49.052890959Z,2026-02-24T17:42:49.050453515Z,1,1,3126314,T,A,0,5.000000000,2,0,13268,199285131,5.000000000,5.100000000,2,2054,1,11,UD:1V: VT 3126314
2026-02-24T17:42:49.565984227Z,2026-02-24T17:42:49.496509505Z,1,1,42689134,T,A,0,20.750000000,1,0,11605,573327600,20.750000000,21.000000000,1,378,1,13,ESH6 P6375
2026-02-24T17:42:57.210496717Z,2026-02-24T17:42:57.204432485Z,1,1,42360165,T,B,0,10.800000000,3,0,15896,573358820,10.700000000,10.800000000,224,3,6,1,ESH6 P6150
2026-02-24T17:43:05.647998279Z,2026-02-24T17:43:05.410390027Z,1,1,42428246,T,B,0,22.500000000,2,0,14369,573402416,22.250000000,22.500000000,263,2,12,1,ESH6 P6400
2026-02-24T17:43:15.673773607Z,2026-02-24T17:43:15.494530903Z,1,1,42483101,T,A,0,82.750000000,1,0,16402,573461063,82.750000000,83.000000000,1,38,1,3,ESH6 C6950
2026-02-24T17:43:22.674831827Z,2026-02-24T17:43:22.588247699Z,1,1,2556734,T,B,0,14.600000000,3,0,13870,199362731,14.500000000,14.600000000,33,24,2,1,UD:1V: GN 2556734
2026-02-24T17:43:23.238098797Z,2026-02-24T17:43:22.685293781Z,1,1,2556734,T,B,0,14.600000000,21,0,13591,199366203,14.500000000,14.600000000,33,21,2,1,UD:1V: GN 2556734
2026-02-24T17:43:23.245413501Z,2026-02-24T17:43:22.692608427Z,1,1,42426741,T,B,0,31.000000000,1,0,15781,573512259,30.750000000,31.000000000,197,1,11,1,ESH6 P6500
2026-02-24T17:43:33.515313659Z,2026-02-24T17:43:33.488315631Z,1,1,2556734,T,B,0,14.600000000,13,0,13209,199394171,14.500000000,14.600000000,33,125,2,1,UD:1V: GN 2556734
2026-02-24T17:43:39.307769478Z,2026-02-24T17:43:39.264960087Z,1,1,2558591,T,A,0,-31.500000000,1,0,17265,199401182,-31.500000000,-31.250000000,3,1,1,1,UD:1V: 3W 2558591
2026-02-24T17:43:39.311885609Z,2026-02-24T17:43:39.266000603Z,1,1,2558591,T,A,0,-31.500000000,2,0,12129,199401215,-31.500000000,-31.250000000,2,1,1,1,UD:1V: 3W 2558591
2026-02-24T17:43:39.470174919Z,2026-02-24T17:43:39.433897553Z,1,1,42892047,T,A,0,77.000000000,1,0,25678,573604644,77.000000000,77.250000000,1,38,1,3,ESH6 C6960
2026-02-24T17:43:47.910839413Z,2026-02-24T17:43:47.896255971Z,1,1,2550771,T,A,0,7.400000000,12,0,14522,199424403,7.400000000,7.500000000,138,466,1,5,UD:1V: VT 2550771
2026-02-24T17:43:48.446028039Z,2026-02-24T17:43:48.185890231Z,1,1,2556734,T,B,0,14.600000000,31,0,11498,199428447,14.500000000,14.600000000,13,112,1,1,UD:1V: GN 2556734
2026-02-24T17:43:52.126747267Z,2026-02-24T17:43:52.126223047Z,1,1,42426741,T,A,0,30.750000000,3,0,15451,573708244,30.750000000,31.250000000,290,117,14,8,ESH6 P6500
2026-02-24T17:43:52.567859312Z,2026-02-24T17:43:52.555552771Z,1,1,42483456,T,A,0,35.750000000,5,0,17073,573711466,35.750000000,36.000000000,5,100,3,7,ESH6 C7050
2026-02-24T17:43:52.757409287Z,2026-02-24T17:43:52.741179549Z,1,1,42874379,T,A,0,94.000000000,1,0,16758,573714057,94.000000000,94.250000000,1,5,1,3,ESH6 C6930
2026-02-24T17:43:52.804948943Z,2026-02-24T17:43:52.760034817Z,1,1,42874379,T,A,0,94.000000000,1,0,12750,573714865,94.000000000,94.250000000,17,2,1,1,ESH6 C6930
2026-02-24T17:43:52.805656579Z,2026-02-24T17:43:52.768656007Z,1,1,42874379,T,A,0,94.000000000,1,0,11374,573714907,94.000000000,94.250000000,16,2,1,1,ESH6 C6930
2026-02-24T17:43:52.805722163Z,2026-02-24T17:43:52.771138735Z,1,1,42874379,T,A,0,94.000000000,1,0,11210,573714912,94.000000000,94.250000000,15,2,1,1,ESH6 C6930
2026-02-24T17:43:52.806013392Z,2026-02-24T17:43:52.776290821Z,1,1,42874379,T,A,0,94.000000000,1,0,11266,573714931,94.000000000,94.250000000,14,2,1,1,ESH6 C6930
2026-02-24T17:43:52.806888368Z,2026-02-24T17:43:52.782162395Z,1,1,42874379,T,A,0,94.000000000,1,0,11165,573714981,94.000000000,94.250000000,13,2,1,1,ESH6 C6930
2026-02-24T17:43:53.607885267Z,2026-02-24T17:43:53.602478311Z,1,1,42896847,T,A,0,47.500000000,1,0,13970,573717631,47.500000000,47.750000000,1,59,1,5,ESH6 C7020
2026-02-24T17:43:54.299973183Z,2026-02-24T17:43:54.295973747Z,1,1,42868334,T,A,0,139.000000000,2,0,15082,573719350,139.000000000,139.500000000,2,39,2,5,ESH6 C6860
2026-02-24T17:43:55.115262142Z,2026-02-24T17:43:54.911298063Z,1,1,42894579,T,A,0,43.250000000,1,0,14270,573729514,43.250000000,43.500000000,1,28,1,2,ESH6 C7030
2026-02-24T17:43:55.248851900Z,2026-02-24T17:43:55.060828253Z,1,1,42868330,T,A,0,71.250000000,1,0,12998,573732691,71.250000000,71.500000000,19,2,1,1,ESH6 C6970
2026-02-24T17:43:56.165434667Z,2026-02-24T17:43:55.984860361Z,1,1,2556734,T,B,0,14.600000000,15,0,11717,199465177,14.500000000,14.600000000,14,81,2,1,UD:1V: GN 2556734
2026-02-24T17:43:56.642000007Z,2026-02-24T17:43:56.165900655Z,1,1,2556734,T,B,0,14.600000000,24,0,13821,199469511,14.500000000,14.600000000,14,66,2,1,UD:1V: GN 2556734
2026-02-24T17:43:56.646784551Z,2026-02-24T17:43:56.177226919Z,1,1,42372885,T,B,0,15.600000000,4,0,13318,573750478,15.500000000,15.600000000,138,4,1,1,ESM6 P4550
2026-02-24T17:43:56.873113491Z,2026-02-24T17:43:56.418310243Z,1,1,42874379,T,A,0,93.500000000,1,0,13666,573754510,93.500000000,93.750000000,18,2,2,1,ESH6 C6930
2026-02-24T17:43:56.973364554Z,2026-02-24T17:43:56.443976681Z,1,1,2556734,T,B,0,14.600000000,32,0,15916,199472685,14.500000000,14.600000000,14,42,2,1,UD:1V: GN 2556734
2026-02-24T17:43:57.150477867Z,2026-02-24T17:43:56.642197411Z,1,1,2556734,T,B,0,14.600000000,10,0,12155,199474280,14.500000000,14.600000000,18,10,3,1,UD:1V: GN 2556734
2026-02-24T17:44:01.235511189Z,2026-02-24T17:44:01.210935117Z,1,1,42896847,T,A,0,47.250000000,2,0,10235,573805261,47.250000000,47.500000000,2,54,2,4,ESH6 C7020
2026-02-24T17:44:01.299927432Z,2026-02-24T17:44:01.297493935Z,1,1,42608050,T,A,0,68.500000000,1,0,16570,573806457,68.500000000,68.750000000,1,23,1,3,ESH6 C6975
2026-02-24T17:44:05.890513202Z,2026-02-24T17:44:05.847501347Z,1,1,42887189,T,A,0,51.500000000,1,0,11652,573835415,51.500000000,51.750000000,1,48,1,3,ESH6 C7010
2026-02-24T17:44:12.112876255Z,2026-02-24T17:44:12.096676361Z,1,1,42887189,T,A,0,51.750000000,1,0,18436,573889211,51.750000000,52.000000000,1,75,1,6,ESH6 C7010
2026-02-24T17:44:15.961028418Z,2026-02-24T17:44:15.955396351Z,1,1,42887189,T,A,0,51.750000000,1,0,15441,573915644,51.750000000,52.000000000,1,62,1,6,ESH6 C7010
2026-02-24T17:44:16.891353899Z,2026-02-24T17:44:16.885076243Z,1,1,42887189,T,A,0,51.750000000,1,0,17840,573918198,51.750000000,52.000000000,1,62,1,6,ESH6 C7010
2026-02-24T17:44:17.849922056Z,2026-02-24T17:44:17.842649545Z,1,1,42887189,T,A,0,51.750000000,1,0,17396,573920425,51.750000000,52.000000000,1,62,1,6,ESH6 C7010
2026-02-24T17:44:22.836212168Z,2026-02-24T17:44:22.834728585Z,1,1,42426741,T,B,0,31.250000000,1,0,13532,573942438,31.000000000,31.250000000,92,18,6,3,ESH6 P6500
2026-02-24T17:44:26.336526261Z,2026-02-24T17:44:26.320360547Z,1,1,42608050,T,A,0,68.750000000,1,0,16773,573956252,68.750000000,69.000000000,1,71,1,8,ESH6 C6975
2026-02-24T17:44:31.411766031Z,2026-02-24T17:44:31.395962309Z,1,1,42892047,T,A,0,76.750000000,1,0,23401,573970849,76.750000000,77.000000000,1,31,1,5,ESH6 C6960
2026-02-24T17:44:33.831744623Z,2026-02-24T17:44:33.825856119Z,1,1,42887189,T,A,0,51.750000000,1,0,14846,573985064,51.750000000,52.000000000,1,32,1,5,ESH6 C7010
2026-02-24T17:44:36.676014725Z,2026-02-24T17:44:36.675014475Z,1,1,42378346,T,B,0,36.250000000,1,0,13082,574014605,36.000000000,36.250000000,14,45,1,4,ESM6 C7500
2026-02-24T17:44:44.887376171Z,2026-02-24T17:44:44.878838345Z,1,1,42868330,T,A,0,71.000000000,2,0,14363,574067601,71.000000000,71.250000000,2,40,2,3,ESH6 C6970
2026-02-24T17:44:50.087591727Z,2026-02-24T17:44:49.847005653Z,1,1,42865925,T,A,0,65.750000000,1,0,16046,574117275,65.750000000,66.000000000,1,23,1,3,ESH6 C6980
2026-02-24T17:44:50.201165334Z,2026-02-24T17:44:50.041095191Z,1,1,42886230,T,A,0,87.500000000,1,0,12936,574119709,87.500000000,87.750000000,17,5,1,3,ESH6 C6940
2026-02-24T17:44:50.201753821Z,2026-02-24T17:44:50.041175597Z,1,1,42429687,T,A,0,56.000000000,2,0,12767,574119716,56.000000000,56.250000000,37,51,3,5,ESH6 C7000
2026-02-24T17:44:50.816340003Z,2026-02-24T17:44:50.799215357Z,1,1,42865925,T,A,0,65.750000000,1,0,24067,574124115,65.750000000,66.000000000,1,29,1,5,ESH6 C6980
2026-02-24T17:45:07.058551448Z,2026-02-24T17:45:07.037648995Z,1,1,42865925,T,A,0,65.500000000,2,0,19752,574271267,65.500000000,65.750000000,2,41,2,3,ESH6 C6980
2026-02-24T17:45:07.114278415Z,2026-02-24T17:45:07.038144311Z,1,1,2505545,T,A,0,19.300000000,1,0,14884,199687020,19.300000000,19.400000000,2,1107,2,10,UD:1V: VT 2505545
2026-02-24T17:45:07.188911554Z,2026-02-24T17:45:07.039697559Z,1,1,2505545,T,A,0,19.300000000,1,0,13309,199687986,19.300000000,19.400000000,1,1003,1,9,UD:1V: VT 2505545
2026-02-24T17:45:07.526731007Z,2026-02-24T17:45:07.421059497Z,1,1,42895803,T,A,0,60.500000000,1,0,15047,574280095,60.500000000,60.750000000,1,44,1,3,ESH6 C6990
2026-02-24T17:45:10.111813418Z,2026-02-24T17:45:10.105751087Z,1,1,42886230,T,A,0,87.250000000,1,0,13491,574303548,87.250000000,87.500000000,1,29,1,4,ESH6 C6940
2026-02-24T17:45:10.266645592Z,2026-02-24T17:45:10.254118429Z,1,1,42887189,T,A,0,51.250000000,1,0,13906,574304831,51.250000000,51.500000000,1,53,1,5,ESH6 C7010
2026-02-24T17:45:10.513683256Z,2026-02-24T17:45:10.513041841Z,1,1,42416106,T,A,0,45.000000000,13,0,14391,574306983,45.000000000,45.250000000,13,106,1,6,ESM6 C7450
2026-02-24T17:45:10.872697599Z,2026-02-24T17:45:10.872155977Z,1,1,42608050,T,A,0,68.000000000,1,0,14049,574309098,68.000000000,68.250000000,1,45,1,5,ESH6 C6975
2026-02-24T17:45:12.430832829Z,2026-02-24T17:45:12.410495169Z,1,1,42689132,T,A,0,44.750000000,1,0,13618,574327690,44.750000000,45.000000000,1,79,1,7,ESH6 C7025
2026-02-24T17:45:14.612336803Z,2026-02-24T17:45:14.442615463Z,1,1,42429674,T,B,0,59.500000000,7,0,13243,574341055,59.250000000,59.500000000,7,7,2,2,ESH6 P6700
2026-02-24T17:45:14.617188314Z,2026-02-24T17:45:14.442619227Z,1,1,42608057,T,B,0,121.500000000,4,0,11829,574341164,121.000000000,121.500000000,10,4,3,1,ESH6 P6925
2026-02-24T17:45:17.141435157Z,2026-02-24T17:45:16.965127817Z,1,1,42409642,T,B,0,24.500000000,10,0,17941,574378154,24.250000000,24.500000000,489,10,5,1,ESM6 P5050
2026-02-24T17:45:18.674418264Z,2026-02-24T17:45:18.538794643Z,1,1,42804075,T,A,0,7.900000000,5,0,17159,574404847,7.900000000,8.000000000,5,275,1,8,ESH6 C7175
2026-02-24T17:45:18.908217799Z,2026-02-24T17:45:18.902533481Z,1,1,42378346,T,A,0,36.000000000,1,0,14065,574408375,36.000000000,36.250000000,1,217,1,7,ESM6 C7500
2026-02-24T17:45:23.187703915Z,2026-02-24T17:45:23.112376937Z,1,1,2558652,T,B,0,2.300000000,3,0,16242,199764041,2.250000000,2.300000000,2331,3,5,1,UD:1V: VT 2558652
2026-02-24T17:45:23.752933451Z,2026-02-24T17:45:23.752476157Z,1,1,42426741,T,B,0,31.750000000,5,0,14549,574455003,31.250000000,31.750000000,298,182,15,11,ESH6 P6500
2026-02-24T17:45:48.898419083Z,2026-02-24T17:45:48.853881333Z,1,1,42409642,T,B,0,24.500000000,10,0,15564,574622438,24.250000000,24.500000000,574,10,7,1,ESM6 P5050
2026-02-24T17:46:13.460951267Z,2026-02-24T17:46:13.460441139Z,1,1,42378449,T,A,0,70.500000000,1,0,14531,574806405,70.500000000,70.750000000,1,51,1,4,ESM6 P6000
2026-02-24T17:46:14.481456661Z,2026-02-24T17:46:14.480916917Z,1,1,2558680,T,A,0,4.500000000,2,0,13495,199907797,4.500000000,4.550000000,2,645,1,3,UD:1V: VT 2558680
2026-02-24T17:47:53.940977810Z,2026-02-24T17:47:53.737867593Z,1,1,42868523,T,A,0,91.500000000,1,0,11576,575437685,91.500000000,91.750000000,1,55,1,6,ESH6 P6840
2026-02-24T17:47:55.519713877Z,2026-02-24T17:47:55.435645563Z,1,1,42378449,T,A,0,70.250000000,1,0,14099,575460436,70.250000000,70.500000000,1,61,1,6,ESM6 P6000
2026-02-24T17:48:02.773170280Z,2026-02-24T17:48:02.771818297Z,1,1,2558414,T,A,0,9.200000000,1,0,14755,200187179,9.200000000,9.300000000,1,1090,1,7,UD:1V: VT 2558414
2026-02-24T17:48:33.616396536Z,2026-02-24T17:48:33.534268153Z,1,1,42429687,T,B,0,56.750000000,1,0,11498,575714902,56.500000000,56.750000000,138,1,14,1,ESH6 C7000
2026-02-24T17:48:33.628919600Z,2026-02-24T17:48:33.537488993Z,1,1,42429064,T,A,0,93.750000000,1,0,11354,575715147,93.750000000,94.000000000,1,70,1,8,ESH6 P6850
2026-02-24T17:49:25.686300106Z,2026-02-24T17:49:25.585560553Z,1,1,2556782,T,A,0,1.400000000,1,0,14526,200409611,1.400000000,1.450000000,1,2454,1,8,UD:1V: VT 2556782
2026-02-24T17:49:43.323900109Z,2026-02-24T17:49:43.309675011Z,1,1,2558815,T,B,0,10.200000000,1,0,17634,200452935,10.100000000,10.200000000,350,1,1,1,UD:1V: VT 2558815
2026-02-24T17:49:43.958244672Z,2026-02-24T17:49:43.575873517Z,1,1,42429687,T,B,0,57.500000000,1,0,13008,576187825,57.250000000,57.500000000,86,1,5,1,ESH6 C7000
2026-02-24T17:49:53.806611655Z,2026-02-24T17:49:53.739935239Z,1,1,42426741,T,A,0,30.500000000,1,0,11550,576262843,30.500000000,30.750000000,1,199,1,11,ESH6 P6500
2026-02-24T17:50:14.314038770Z,2026-02-24T17:50:14.260125539Z,1,1,42366506,T,B,0,17.700000000,4,0,14509,576389135,17.600000000,17.700000000,10,4,1,1,ESM6 P4700
2026-02-24T17:50:15.473777493Z,2026-02-24T17:50:15.435473165Z,1,1,2544238,T,A,0,59.750000000,33,0,13596,200539578,59.750000000,60.000000000,33,69,1,2,UD:1V: BO 2544238
2026-02-24T17:50:16.121361101Z,2026-02-24T17:50:16.067841951Z,1,1,42404337,T,B,0,13.700000000,4,0,13457,576406447,13.500000000,13.700000000,443,4,6,1,ESM6 P4400
2026-02-24T17:50:18.517788258Z,2026-02-24T17:50:18.467566001Z,1,1,42347631,T,A,0,14.200000000,3,0,11693,576420330,14.200000000,14.300000000,3,27,1,3,ESH6 P6250
2026-02-24T17:50:18.582363658Z,2026-02-24T17:50:18.558923733Z,1,1,2556681,T,A,0,1.300000000,1,0,14015,200549196,1.300000000,1.350000000,1,1893,1,7,UD:1V: VT 2556681
2026-02-24T17:50:23.682077576Z,2026-02-24T17:50:23.681521215Z,1,1,2539331,T,A,0,1.250000000,1,0,14606,200557470,1.250000000,1.300000000,1,2649,1,8,UD:1V: VT 2539331
2026-02-24T17:50:24.413809923Z,2026-02-24T17:50:24.367178399Z,1,1,2556943,T,A,0,1.450000000,1,0,14407,200558296,1.450000000,1.500000000,1,1089,1,6,UD:1V: VT 2556943
2026-02-24T17:50:26.249853365Z,2026-02-24T17:50:26.238945735Z,1,1,2539343,T,B,0,-20.750000000,14,0,15140,200566775,-21.000000000,-20.750000000,34,14,1,1,UD:1V: GN 2539343
2026-02-24T17:50:35.355452696Z,2026-02-24T17:50:35.257166803Z,1,1,2556714,T,A,0,1.300000000,1,0,16530,200589825,1.300000000,1.350000000,1,647,1,4,UD:1V: VT 2556714
2026-02-24T17:50:37.661688600Z,2026-02-24T17:50:37.661171267Z,1,1,2556768,T,A,0,1.300000000,1,0,16549,200596907,1.300000000,1.350000000,1,1346,1,6,UD:1V: VT 2556768
2026-02-24T17:51:11.515134680Z,2026-02-24T17:51:11.514522029Z,1,1,2558821,T,B,0,16.200000000,1,0,14116,200679847,16.000000000,16.200000000,1,1642,1,9,UD:1V: IC 2558821
2026-02-24T17:51:19.594711247Z,2026-02-24T17:51:19.594174825Z,1,1,42427500,T,A,0,16.200000000,3,0,17450,576800972,16.200000000,16.400000000,144,391,4,10,ESH6 P6300
2026-02-24T17:51:21.488947384Z,2026-02-24T17:51:21.488606875Z,1,1,42378346,T,A,0,36.500000000,1,0,13862,576806763,36.500000000,36.750000000,1,246,1,6,ESM6 C7500
2026-02-24T17:51:26.473840987Z,2026-02-24T17:51:26.473195011Z,1,1,42427500,T,A,0,16.200000000,1,0,13839,576828298,16.200000000,16.400000000,97,214,4,8,ESH6 P6300
2026-02-24T17:51:30.669516677Z,2026-02-24T17:51:30.669032595Z,1,1,42347631,T,A,0,14.100000000,3,0,14795,576860652,14.100000000,14.200000000,3,403,1,10,ESH6 P6250
2026-02-24T17:51:35.121234472Z,2026-02-24T17:51:35.120928573Z,1,1,42429372,T,B,0,65.500000000,1,0,14079,576874508,65.250000000,65.500000000,92,1,4,1,ESU6 C7700
2026-02-24T17:51:36.319285304Z,2026-02-24T17:51:36.318776713Z,1,1,42426741,T,A,0,30.500000000,2,0,14021,576877672,30.500000000,30.750000000,2,322,1,15,ESH6 P6500
2026-02-24T17:51:53.542977623Z,2026-02-24T17:51:53.542461293Z,1,1,42347631,T,A,0,14.100000000,3,0,13912,576946727,14.100000000,14.200000000,3,277,1,9,ESH6 P6250
2026-02-24T17:52:32.236454719Z,2026-02-24T17:52:32.236107447Z,1,1,42427500,T,B,0,16.300000000,2,0,13523,577132686,16.200000000,16.300000000,226,2,8,1,ESH6 P6300
2026-02-24T17:52:34.737633839Z,2026-02-24T17:52:34.737115687Z,1,1,42347631,T,A,0,14.100000000,3,0,14538,577144683,14.100000000,14.200000000,3,200,1,8,ESH6 P6250
2026-02-24T17:52:52.245188307Z,2026-02-24T17:52:52.244584405Z,1,1,42868335,T,A,0,107.000000000,3,0,13997,577224144,107.000000000,107.500000000,3,95,1,11,ESH6 C6910
2026-02-24T17:52:53.146698851Z,2026-02-24T17:52:53.137009733Z,1,1,42427500,T,B,0,16.400000000,3,0,13819,577226644,16.300000000,16.400000000,139,3,6,1,ESH6 P6300
2026-02-24T17:52:54.617817038Z,2026-02-24T17:52:54.613018985Z,1,1,42394633,T,B,0,14.900000000,4,0,13971,577231616,14.700000000,14.900000000,422,4,7,1,ESM6 P4500
2026-02-24T17:53:00.734495616Z,2026-02-24T17:53:00.687003007Z,1,1,42372931,T,B,0,25.500000000,13,0,15859,577274492,25.250000000,25.500000000,436,13,6,2,ESM6 P5100
2026-02-24T17:53:00.798120211Z,2026-02-24T17:53:00.785201495Z,1,1,42366506,T,B,0,17.700000000,4,0,14090,577275800,17.500000000,17.700000000,447,4,6,1,ESM6 P4700
2026-02-24T17:53:01.150473024Z,2026-02-24T17:53:01.149683133Z,1,1,42394633,T,B,0,14.900000000,4,0,15807,577277971,14.700000000,14.900000000,422,4,7,1,ESM6 P4500
2026-02-24T17:53:07.032516613Z,2026-02-24T17:53:07.031996185Z,1,1,42366506,T,B,0,17.700000000,4,0,21826,577303125,17.600000000,17.700000000,14,4,2,1,ESM6 P4700
2026-02-24T17:53:07.332260051Z,2026-02-24T17:53:07.331767563Z,1,1,42394633,T,B,0,14.900000000,4,0,17269,577303458,14.700000000,14.900000000,422,4,7,1,ESM6 P4500
2026-02-24T17:53:08.547795034Z,2026-02-24T17:53:08.511525531Z,1,1,42427500,T,B,0,16.400000000,3,0,11256,577309626,16.300000000,16.400000000,260,3,9,1,ESH6 P6300
2026-02-24T17:53:14.673865911Z,2026-02-24T17:53:14.670490273Z,1,1,42394633,T,B,0,14.900000000,4,0,12938,577343941,14.700000000,14.900000000,486,4,8,1,ESM6 P4500
2026-02-24T17:53:14.749836863Z,2026-02-24T17:53:14.677105665Z,1,1,42366506,T,B,0,17.700000000,4,0,14658,577345336,17.600000000,17.700000000,14,4,2,1,ESM6 P4700
2026-02-24T17:53:20.855779227Z,2026-02-24T17:53:20.855087195Z,1,1,42394633,T,B,0,14.900000000,4,0,16768,577373041,14.700000000,14.900000000,486,4,8,1,ESM6 P4500
2026-02-24T17:53:22.705567238Z,2026-02-24T17:53:22.704010117Z,1,1,42366506,T,B,0,17.700000000,4,0,15555,577380227,17.600000000,17.700000000,39,4,3,1,ESM6 P4700
2026-02-24T17:53:24.174037244Z,2026-02-24T17:53:24.136424199Z,1,1,2558652,T,B,0,2.250000000,3,0,15686,200927421,2.200000000,2.250000000,1974,3,7,1,UD:1V: VT 2558652
2026-02-24T17:53:24.272235327Z,2026-02-24T17:53:24.136744063Z,1,1,2914941,T,A,0,12.300000000,27,0,14186,200928431,12.300000000,12.400000000,27,563,2,5,UD:1V: VT 2914941
2026-02-24T17:53:36.040492480Z,2026-02-24T17:53:36.039942225Z,1,1,42347631,T,B,0,14.200000000,3,0,17171,577449521,14.100000000,14.200000000,3,57,1,6,ESH6 P6250
2026-02-24T17:53:37.532309957Z,2026-02-24T17:53:37.490940573Z,1,1,42347631,T,A,0,14.100000000,3,0,14427,577456125,14.100000000,14.200000000,3,47,1,5,ESH6 P6250
2026-02-24T17:54:04.377053272Z,2026-02-24T17:54:04.369149955Z,1,1,42384730,T,B,0,58.000000000,2,0,15594,577560882,57.750000000,58.000000000,10,2,2,1,ESM6 P5850
2026-02-24T17:54:04.623737400Z,2026-02-24T17:54:04.619310513Z,1,1,42384730,T,B,0,58.000000000,2,0,14193,577562076,57.750000000,58.000000000,10,2,2,1,ESM6 P5850
2026-02-24T17:54:04.814715736Z,2026-02-24T17:54:04.790265547Z,1,1,42384730,T,B,0,58.000000000,2,0,15882,577564333,57.750000000,58.000000000,10,2,2,1,ESM6 P5850
2026-02-24T17:54:05.218463805Z,2026-02-24T17:54:05.217852081Z,1,1,42384730,T,B,0,58.000000000,2,0,14189,577568263,57.750000000,58.000000000,10,2,2,1,ESM6 P5850
2026-02-24T17:54:06.531373587Z,2026-02-24T17:54:06.524742079Z,1,1,42384730,T,B,0,58.000000000,2,0,16679,577571260,57.750000000,58.000000000,10,2,2,1,ESM6 P5850
2026-02-24T17:54:06.676508677Z,2026-02-24T17:54:06.672443791Z,1,1,42384730,T,B,0,58.000000000,2,0,20021,577571908,57.750000000,58.000000000,10,2,2,1,ESM6 P5850
2026-02-24T17:54:07.058935415Z,2026-02-24T17:54:07.056974517Z,1,1,42384730,T,B,0,58.000000000,2,0,17584,577573828,57.750000000,58.000000000,10,2,2,1,ESM6 P5850
2026-02-24T17:54:07.293125924Z,2026-02-24T17:54:07.292536809Z,1,1,42384730,T,B,0,58.000000000,2,0,12482,577574117,57.750000000,58.000000000,10,2,2,1,ESM6 P5850
2026-02-24T17:54:07.610200391Z,2026-02-24T17:54:07.604326887Z,1,1,42384730,T,B,0,58.000000000,2,0,13723,577574986,57.750000000,58.000000000,10,2,2,1,ESM6 P5850
2026-02-24T17:54:14.623694816Z,2026-02-24T17:54:14.607056581Z,1,1,42427500,T,B,0,16.400000000,6,0,10872,577607988,16.300000000,16.400000000,126,6,6,2,ESH6 P6300
2026-02-24T17:54:16.724343394Z,2026-02-24T17:54:16.698187837Z,1,1,42394633,T,B,0,14.900000000,4,0,16296,577617148,14.700000000,14.900000000,485,4,8,1,ESM6 P4500
2026-02-24T17:54:21.543846442Z,2026-02-24T17:54:21.543310733Z,1,1,42347631,T,A,0,14.200000000,2,0,14207,577639720,14.200000000,14.300000000,2,450,1,12,ESH6 P6250
2026-02-24T17:54:23.110521919Z,2026-02-24T17:54:23.096940353Z,1,1,42394633,T,B,0,14.900000000,4,0,14203,577657861,14.700000000,14.900000000,485,4,8,1,ESM6 P4500
2026-02-24T17:54:25.295857596Z,2026-02-24T17:54:25.295059871Z,1,1,42429687,T,A,0,56.750000000,1,0,13358,577671678,56.750000000,57.000000000,1,89,1,10,ESH6 C7000
2026-02-24T17:54:26.896176739Z,2026-02-24T17:54:26.469613891Z,1,1,42431946,T,B,0,110.000000000,3,0,13602,577690411,109.500000000,110.000000000,125,3,9,1,ESH6 P6900
2026-02-24T17:54:29.440522661Z,2026-02-24T17:54:29.440003657Z,1,1,42394633,T,B,0,14.900000000,4,0,13081,577711048,14.800000000,14.900000000,76,4,2,1,ESM6 P4500
2026-02-24T17:54:29.778755892Z,2026-02-24T17:54:29.747336695Z,1,1,2505545,T,A,0,19.400000000,1,0,15190,201058844,19.400000000,19.500000000,1,1090,1,10,UD:1V: VT 2505545
2026-02-24T17:54:32.832037472Z,2026-02-24T17:54:32.826736339Z,1,1,42409666,T,B,0,54.750000000,2,0,17783,577727425,54.500000000,54.750000000,11,2,2,1,ESM6 P5800
2026-02-24T17:54:33.028513328Z,2026-02-24T17:54:33.022751791Z,1,1,42409666,T,B,0,54.750000000,2,0,15985,577728339,54.500000000,54.750000000,11,2,2,1,ESM6 P5800
2026-02-24T17:54:52.355987288Z,2026-02-24T17:54:52.256623253Z,1,1,42427500,T,B,0,16.500000000,2,0,11881,577819034,16.400000000,16.500000000,114,2,5,1,ESH6 P6300
2026-02-24T17:54:54.390889485Z,2026-02-24T17:54:54.332805957Z,1,1,42409666,T,B,0,54.750000000,2,0,16045,577828088,54.500000000,54.750000000,16,2,2,1,ESM6 P5800
2026-02-24T17:55:01.076123215Z,2026-02-24T17:55:01.073129095Z,1,1,42483101,T,A,0,82.750000000,1,0,13877,577849581,82.750000000,83.000000000,1,67,1,9,ESH6 C6950
2026-02-24T17:55:03.731999339Z,2026-02-24T17:55:03.587713595Z,1,1,42409666,T,B,0,54.750000000,2,0,15124,577862909,54.500000000,54.750000000,16,2,2,1,ESM6 P5800
2026-02-24T17:55:04.097889142Z,2026-02-24T17:55:03.845393161Z,1,1,42874379,T,A,0,94.250000000,1,0,20646,577869025,94.250000000,94.500000000,1,36,1,3,ESH6 C6930
2026-02-24T17:55:09.655322748Z,2026-02-24T17:55:09.606247653Z,1,1,42384730,T,B,0,58.250000000,2,0,21582,577916499,57.750000000,58.250000000,228,2,8,1,ESM6 P5850
2026-02-24T17:55:12.072996758Z,2026-02-24T17:55:12.066722589Z,1,1,42384730,T,B,0,58.250000000,2,0,17331,577940780,57.750000000,58.250000000,183,2,7,1,ESM6 P5850
2026-02-24T17:55:36.139616506Z,2026-02-24T17:55:36.132445887Z,1,1,42896848,T,B,0,14.600000000,34,0,22682,578066908,14.400000000,14.600000000,95,120,4,5,ESH6 C7130
2026-02-24T17:55:36.161122819Z,2026-02-24T17:55:36.132576269Z,1,1,42886232,T,B,0,16.600000000,34,0,17293,578067011,16.300000000,16.600000000,89,204,4,7,ESH6 C7120
2026-02-24T17:55:36.193773288Z,2026-02-24T17:55:36.134029531Z,1,1,42483456,T,B,0,36.000000000,10,0,11380,578067690,35.750000000,36.000000000,70,10,6,3,ESH6 C7050
2026-02-24T17:55:36.231696587Z,2026-02-24T17:55:36.136487145Z,1,1,42896848,T,B,0,14.600000000,29,0,15199,578068448,14.400000000,14.600000000,42,29,2,2,ESH6 C7130
2026-02-24T17:55:36.239700765Z,2026-02-24T17:55:36.136488471Z,1,1,42896847,T,B,0,47.750000000,1,0,20393,578068620,47.500000000,47.750000000,37,1,3,1,ESH6 C7020
2026-02-24T17:55:36.285862143Z,2026-02-24T17:55:36.140283425Z,1,1,42886231,T,B,0,18.700000000,12,0,11729,578069530,18.400000000,18.700000000,61,12,2,1,ESH6 C7110
2026-02-24T17:55:36.300278133Z,2026-02-24T17:55:36.142718611Z,1,1,42865926,T,B,0,9.900000000,10,0,11465,578069955,9.800000000,9.900000000,51,10,1,1,ESH6 C7160
2026-02-24T17:55:36.317331815Z,2026-02-24T17:55:36.143289243Z,1,1,42427508,T,B,0,21.000000000,26,0,12831,578070267,20.750000000,21.000000000,88,26,3,1,ESH6 C7100
2026-02-24T17:55:36.441098055Z,2026-02-24T17:55:36.263450091Z,1,1,42427508,T,A,0,21.000000000,6,0,12945,578073233,21.000000000,21.250000000,6,82,1,4,ESH6 C7100
2026-02-24T17:55:36.448486482Z,2026-02-24T17:55:36.285865775Z,1,1,42886231,T,A,0,18.700000000,13,0,13752,578073456,18.700000000,18.800000000,13,58,2,1,ESH6 C7110
2026-02-24T17:55:36.453275019Z,2026-02-24T17:55:36.294035631Z,1,1,2534919,T,B,0,1.100000000,26,0,13230,201193497,1.050000000,1.100000000,19,26,1,1,UD:1V: 12 2534919
2026-02-24T17:55:36.535198291Z,2026-02-24T17:55:36.363419353Z,1,1,42886232,T,A,0,16.600000000,2,0,14193,578075223,16.600000000,16.700000000,2,60,1,1,ESH6 C7120
2026-02-24T17:55:36.535628368Z,2026-02-24T17:55:36.363440037Z,1,1,42886231,T,A,0,18.700000000,1,0,11576,578075227,18.700000000,18.800000000,33,60,1,1,ESH6 C7110
2026-02-24T17:55:36.535681799Z,2026-02-24T17:55:36.363440213Z,1,1,42886231,T,A,0,18.700000000,1,0,12058,578075228,18.700000000,18.800000000,32,60,1,1,ESH6 C7110
2026-02-24T17:55:36.549561215Z,2026-02-24T17:55:36.370317633Z,1,1,2550771,T,B,0,7.500000000,4,0,15170,201193942,7.400000000,7.500000000,342,4,3,1,UD:1V: VT 2550771
2026-02-24T17:55:36.605858146Z,2026-02-24T17:55:36.417375781Z,1,1,42427508,T,A,0,21.000000000,6,0,11836,578076838,21.000000000,21.250000000,32,181,1,8,ESH6 C7100
2026-02-24T17:55:36.605886906Z,2026-02-24T17:55:36.417375961Z,1,1,42427508,T,A,0,21.000000000,6,0,11317,578076840,21.000000000,21.250000000,26,181,1,8,ESH6 C7100
2026-02-24T17:55:36.605906835Z,2026-02-24T17:55:36.417376137Z,1,1,42427508,T,A,0,21.000000000,6,0,11145,578076842,21.000000000,21.250000000,20,181,1,8,ESH6 C7100
2026-02-24T17:55:36.760993666Z,2026-02-24T17:55:36.758459639Z,1,1,42886232,T,A,0,16.500000000,7,0,14199,578080695,16.500000000,16.700000000,34,34,1,1,ESH6 C7120
2026-02-24T17:55:40.275134327Z,2026-02-24T17:55:40.254270903Z,1,1,42804075,T,A,0,8.100000000,7,0,18848,578102683,8.100000000,8.200000000,7,209,1,5,ESH6 C7175
2026-02-24T17:55:41.619128627Z,2026-02-24T17:55:41.588700113Z,1,1,42378449,T,B,0,70.000000000,2,0,14222,578111405,69.500000000,70.000000000,180,2,8,1,ESM6 P6000
2026-02-24T17:55:43.096203730Z,2026-02-24T17:55:42.988540765Z,1,1,2545929,T,B,0,23.500000000,63,0,18006,201208498,23.250000000,23.500000000,204,63,6,1,UD:1V: VT 2545929
2026-02-24T17:55:45.748116997Z,2026-02-24T17:55:45.700223985Z,1,1,42384730,T,B,0,58.250000000,2,0,14694,578143376,57.750000000,58.250000000,195,2,8,1,ESM6 P5850
2026-02-24T17:55:45.933387661Z,2026-02-24T17:55:45.933055193Z,1,1,42426740,T,B,0,9.500000000,1,0,15744,578145684,9.400000000,9.500000000,316,1,8,1,ESH6 P6100
2026-02-24T17:55:50.884875386Z,2026-02-24T17:55:50.875473631Z,1,1,42347631,T,B,0,14.500000000,3,0,14381,578183952,14.300000000,14.500000000,112,450,4,12,ESH6 P6250
2026-02-24T17:55:55.305835547Z,2026-02-24T17:55:55.305325063Z,1,1,42427508,T,B,0,21.000000000,5,0,13336,578202796,20.750000000,21.000000000,310,16,12,2,ESH6 C7100
2026-02-24T17:56:07.761644869Z,2026-02-24T17:56:07.761152433Z,1,1,42804107,T,A,0,17.900000000,2,0,14539,578279393,17.900000000,18.000000000,103,2,4,1,ESH6 P6325
2026-02-24T17:56:17.253694167Z,2026-02-24T17:56:17.247665433Z,1,1,42429687,T,A,0,56.750000000,1,0,15727,578326774,56.750000000,57.000000000,1,74,1,6,ESH6 C7000
2026-02-24T17:56:31.841786744Z,2026-02-24T17:56:31.841274241Z,1,1,42608056,T,A,0,13.400000000,2,0,31194,578403183,13.400000000,13.500000000,2,460,1,12,ESH6 P6225
2026-02-24T17:56:34.209146047Z,2026-02-24T17:56:34.206204641Z,1,1,42431181,T,A,0,42.500000000,1,0,13829,578423754,42.500000000,42.750000000,1,249,1,13,ESH6 P6600
2026-02-24T17:56:39.396359690Z,2026-02-24T17:56:39.326266243Z,1,1,42764934,T,A,0,15.300000000,2,0,11937,578478346,15.300000000,15.400000000,2,181,1,6,ESH6 P6275
2026-02-24T17:56:52.671836714Z,2026-02-24T17:56:52.626895489Z,1,1,42483101,T,A,0,83.000000000,1,0,14189,578552267,83.000000000,83.250000000,1,58,1,7,ESH6 C6950
2026-02-24T17:57:06.488043624Z,2026-02-24T17:57:06.487528271Z,1,1,42347631,T,A,0,14.300000000,3,0,13550,578603930,14.300000000,14.400000000,3,451,1,12,ESH6 P6250
2026-02-24T17:57:08.885358587Z,2026-02-24T17:57:08.884768905Z,1,1,42427500,T,B,0,16.500000000,3,0,14084,578621604,16.400000000,16.500000000,263,3,7,1,ESH6 P6300
2026-02-24T17:57:12.927214437Z,2026-02-24T17:57:12.926642931Z,1,1,42431944,T,A,0,7.500000000,1,0,16145,578634983,7.500000000,7.600000000,1,564,1,13,ESH6 P6000
2026-02-24T17:57:51.239380747Z,2026-02-24T17:57:51.130210861Z,1,1,42804107,T,B,0,17.700000000,3,0,12147,578813520,17.600000000,17.700000000,147,3,5,1,ESH6 P6325
2026-02-24T17:58:10.006338587Z,2026-02-24T17:58:10.005810249Z,1,1,42427500,T,A,0,16.300000000,3,0,15584,578908754,16.300000000,16.600000000,276,392,10,10,ESH6 P6300
2026-02-24T17:58:49.451076568Z,2026-02-24T17:58:49.425235567Z,1,1,42426741,T,B,0,30.750000000,1,0,14160,579069827,30.500000000,30.750000000,330,1,15,1,ESH6 P6500
2026-02-24T17:58:51.523236304Z,2026-02-24T17:58:51.476510009Z,1,1,3017476,T,B,0,0.750000000,274,0,14892,201589095,0.700000000,0.750000000,477,625,2,2,UD:1V: VT 3017476
2026-02-24T17:58:51.603115675Z,2026-02-24T17:58:51.523242787Z,1,1,3017476,T,B,0,0.750000000,168,0,16003,201589941,0.700000000,0.750000000,477,351,2,2,UD:1V: VT 3017476
2026-02-24T17:59:17.425856312Z,2026-02-24T17:59:17.360959365Z,1,1,2533669,T,B,0,49.000000000,61,0,14157,201631023,48.500000000,49.000000000,249,66,7,1,UD:1V: VT 2533669
2026-02-24T17:59:17.637750406Z,2026-02-24T17:59:17.592383511Z,1,1,42409666,T,B,0,54.750000000,2,0,18119,579200333,54.500000000,54.750000000,23,2,3,1,ESM6 P5800
2026-02-24T17:59:28.227732704Z,2026-02-24T17:59:28.197576775Z,1,1,42409666,T,B,0,54.750000000,2,0,16905,579260256,54.500000000,54.750000000,26,2,5,1,ESM6 P5800
2026-02-24T17:59:40.302043167Z,2026-02-24T17:59:40.294567857Z,1,1,42409666,T,B,0,54.750000000,2,0,14569,579307612,54.500000000,54.750000000,26,2,5,1,ESM6 P5800
2026-02-24T18:00:39.807431178Z,2026-02-24T18:00:39.792701247Z,1,1,42397928,T,B,0,1.350000000,210,0,22449,579569035,1.300000000,1.350000000,272,210,3,2,ESH6 P4950
2026-02-24T18:00:39.830740623Z,2026-02-24T18:00:39.807481407Z,1,1,42397928,T,A,0,1.350000000,80,0,14687,579569442,1.350000000,1.400000000,90,861,1,6,ESH6 P4950
2026-02-24T18:00:39.835083147Z,2026-02-24T18:00:39.833220183Z,1,1,42397928,T,A,0,1.350000000,10,0,12619,579569604,1.350000000,1.400000000,10,877,1,6,ESH6 P4950
2026-02-24T18:00:41.646670848Z,2026-02-24T18:00:41.646169741Z,1,1,42608056,T,B,0,13.300000000,2,0,14010,579583178,13.100000000,13.300000000,171,189,6,6,ESH6 P6225
2026-02-24T18:00:54.662511419Z,2026-02-24T18:00:54.662007851Z,1,1,42764934,T,B,0,15.400000000,2,0,14353,579641487,15.100000000,15.400000000,232,395,8,11,ESH6 P6275
2026-02-24T18:01:12.699812258Z,2026-02-24T18:01:12.678187337Z,1,1,42670705,T,B,0,1.300000000,60,0,15524,579697643,1.200000000,1.300000000,577,60,7,3,ESH6 C7325
2026-02-24T18:01:34.743145374Z,2026-02-24T18:01:34.742282169Z,1,1,42372969,T,A,0,224.000000000,5,0,13396,579775434,224.000000000,225.000000000,12,11,3,3,ESM6 C7000
2026-02-24T18:01:53.832869530Z,2026-02-24T18:01:53.832366091Z,1,1,42426741,T,B,0,30.500000000,1,0,13368,579843078,30.250000000,30.500000000,87,1,8,1,ESH6 P6500
2026-02-24T18:01:54.291374072Z,2026-02-24T18:01:54.290862819Z,1,1,42405231,T,A,0,4.400000000,1,0,15803,579846032,4.400000000,4.550000000,204,83,4,3,ESH6 P5750
2026-02-24T18:01:56.834933088Z,2026-02-24T18:01:56.834480567Z,1,1,42804107,T,B,0,17.500000000,2,0,14158,579852103,17.400000000,17.500000000,80,2,5,1,ESH6 P6325
2026-02-24T18:02:05.548718962Z,2026-02-24T18:02:05.521588157Z,1,1,42426741,T,A,0,30.250000000,1,0,12115,579895932,30.250000000,30.500000000,1,48,1,6,ESH6 P6500
2026-02-24T18:02:09.421145826Z,2026-02-24T18:02:09.382406683Z,1,1,42429687,T,B,0,57.500000000,1,0,14296,579918228,57.250000000,57.500000000,66,1,8,1,ESH6 C7000
2026-02-24T18:02:12.855885549Z,2026-02-24T18:02:12.799672423Z,1,1,42431946,T,A,0,108.000000000,1,0,11707,579946022,108.000000000,108.500000000,1,59,1,7,ESH6 P6900
2026-02-24T18:02:12.869743864Z,2026-02-24T18:02:12.799675417Z,1,1,42429674,T,A,0,57.000000000,1,0,13203,579946263,57.000000000,57.250000000,1,88,1,5,ESH6 P6700
2026-02-24T18:02:18.240192722Z,2026-02-24T18:02:17.888186541Z,1,1,2595929,T,A,0,1.850000000,1,0,11654,201918870,1.850000000,1.950000000,3,24,1,2,UD:1V: GN 2595929
2026-02-24T18:02:18.330791612Z,2026-02-24T18:02:18.031468033Z,1,1,2595929,T,A,0,1.850000000,2,0,14546,201919528,1.850000000,1.950000000,2,24,1,2,UD:1V: GN 2595929
2026-02-24T18:02:21.623028439Z,2026-02-24T18:02:21.619142267Z,1,1,2534375,T,A,0,15.300000000,4,0,14542,201929588,15.300000000,15.400000000,4,405,1,5,UD:1V: VT 2534375
2026-02-24T18:02:25.031563578Z,2026-02-24T18:02:24.840757343Z,1,1,2554517,T,B,0,16.100000000,4,0,11403,201939398,16.000000000,16.100000000,53,4,3,1,UD:1V: VT 2554517
2026-02-24T18:02:25.309210842Z,2026-02-24T18:02:24.864687103Z,1,1,2557592,T,B,0,127.000000000,1,0,14976,201941422,126.000000000,127.000000000,29,1,1,1,UD:1V: BO 2557592
2026-02-24T18:02:25.565076429Z,2026-02-24T18:02:25.120032943Z,1,1,42430453,T,A,0,12.000000000,1,0,13255,580030933,12.000000000,12.100000000,1,117,1,4,ESH6 P6200
2026-02-24T18:02:27.016477927Z,2026-02-24T18:02:26.937908385Z,1,1,42429011,T,B,0,115.000000000,5,0,14973,580043443,114.500000000,115.000000000,136,5,13,1,ESH6 C6900
2026-02-24T18:02:52.580201258Z,2026-02-24T18:02:52.425855353Z,1,1,42429687,T,B,0,58.250000000,1,0,15379,580198363,58.000000000,58.250000000,75,1,8,1,ESH6 C7000
2026-02-24T18:02:58.289981166Z,2026-02-24T18:02:58.279987273Z,1,1,42394754,T,B,0,89.000000000,20,0,13932,580230185,88.500000000,89.000000000,104,33,5,1,ESM6 P6200
2026-02-24T18:03:00.063009896Z,2026-02-24T18:03:00.010458959Z,1,1,42427500,T,A,0,16.000000000,1,0,11337,580243894,16.000000000,16.100000000,1,98,1,6,ESH6 P6300
2026-02-24T18:03:03.190284340Z,2026-02-24T18:03:03.043965433Z,1,1,42431945,T,A,0,77.250000000,1,0,11697,580279558,77.250000000,77.500000000,4,38,2,2,ESH6 P6800
2026-02-24T18:03:03.212778423Z,2026-02-24T18:03:03.043967441Z,1,1,2534316,T,A,0,4.000000000,2,0,11812,202062665,4.000000000,4.100000000,2,153,2,2,UD:1V: IC 2534316
2026-02-24T18:03:03.215219127Z,2026-02-24T18:03:03.043969005Z,1,1,2983989,T,B,0,6.400000000,3,0,12601,202062714,6.300000000,6.400000000,2909,3,6,1,UD:1V: VT 2983989
2026-02-24T18:03:03.451120090Z,2026-02-24T18:03:03.051427117Z,1,1,2529718,T,A,0,4.000000000,1,0,13669,202064740,4.000000000,4.050000000,1,152,1,1,UD:1V: VT 2529718
2026-02-24T18:03:03.475348399Z,2026-02-24T18:03:03.051420319Z,1,1,42429674,T,A,0,56.000000000,1,0,11139,580285133,56.000000000,57.750000000,1,38,1,1,ESH6 P6700
2026-02-24T18:03:08.000613733Z,2026-02-24T18:03:07.999631289Z,1,1,42431937,T,A,0,1.700000000,1,0,14891,580334325,1.700000000,1.750000000,200,313,1,5,ESH6 C7300
2026-02-24T18:03:08.000813914Z,2026-02-24T18:03:07.999631467Z,1,1,42431937,T,A,0,1.700000000,1,0,12499,580334327,1.700000000,1.750000000,199,313,1,5,ESH6 C7300
2026-02-24T18:03:12.142543338Z,2026-02-24T18:03:11.920428697Z,1,1,42429687,T,A,0,58.500000000,1,0,13380,580374929,58.500000000,59.000000000,43,108,3,8,ESH6 C7000
2026-02-24T18:03:17.498193611Z,2026-02-24T18:03:17.497722565Z,1,1,42431946,T,A,0,106.500000000,2,0,15907,580420702,106.500000000,107.000000000,42,59,3,6,ESH6 P6900
2026-02-24T18:03:29.307596394Z,2026-02-24T18:03:28.837360415Z,1,1,42426741,T,B,0,29.500000000,1,0,20145,580533008,29.250000000,29.500000000,161,4,7,1,ESH6 P6500
2026-02-24T18:03:35.081706882Z,2026-02-24T18:03:35.081234511Z,1,1,42431946,T,A,0,106.000000000,1,0,23580,580580365,106.000000000,106.500000000,138,104,3,10,ESH6 P6900
2026-02-24T18:03:37.791793999Z,2026-02-24T18:03:37.791500019Z,1,1,42399646,T,A,0,14.400000000,4,0,23060,580595043,14.400000000,14.500000000,4,157,1,4,ESM6 C7700
2026-02-24T18:03:37.791844519Z,2026-02-24T18:03:37.791500221Z,1,1,42399646,T,A,0,14.400000000,11,0,20048,580595044,14.400000000,14.500000000,4,157,1,4,ESM6 C7700
2026-02-24T18:03:51.041875215Z,2026-02-24T18:03:51.041405161Z,1,1,42399646,T,A,0,14.400000000,4,0,14104,580647446,14.400000000,14.500000000,4,194,1,4,ESM6 C7700
2026-02-24T18:03:51.781849146Z,2026-02-24T18:03:51.635678071Z,1,1,42431946,T,A,0,106.000000000,99,0,11465,580652013,106.000000000,106.500000000,99,118,1,9,ESH6 P6900
2026-02-24T18:03:58.115673635Z,2026-02-24T18:03:58.086499949Z,1,1,42426740,T,A,0,9.100000000,4,0,15352,580702474,9.100000000,9.200000000,6,123,2,7,ESH6 P6100
2026-02-24T18:03:58.282590386Z,2026-02-24T18:03:58.207406321Z,1,1,42426740,T,A,0,9.100000000,2,0,14532,580705118,9.100000000,9.200000000,2,123,1,7,ESH6 P6100
2026-02-24T18:04:12.473045419Z,2026-02-24T18:04:12.461063635Z,1,1,42372931,T,B,0,25.250000000,4,0,14296,580795132,25.000000000,25.250000000,530,9,5,1,ESM6 P5100
2026-02-24T18:04:12.815532701Z,2026-02-24T18:04:12.815042901Z,1,1,42372931,T,B,0,25.250000000,2,0,15040,580796611,25.000000000,25.250000000,530,5,5,1,ESM6 P5100
2026-02-24T18:04:13.112517204Z,2026-02-24T18:04:13.104044597Z,1,1,42372931,T,B,0,25.250000000,2,0,14368,580797270,25.000000000,25.250000000,530,3,5,1,ESM6 P5100
2026-02-24T18:04:13.289031098Z,2026-02-24T18:04:13.278166101Z,1,1,42399612,T,B,0,26.500000000,1,0,18307,580797986,26.250000000,26.500000000,522,9,5,1,ESM6 P5150
2026-02-24T18:04:40.617521075Z,2026-02-24T18:04:40.616956633Z,1,1,2539330,T,A,0,1.250000000,1,0,16794,202348057,1.250000000,1.350000000,1,2673,1,8,UD:1V: VT 2539330
2026-02-24T18:04:47.423883959Z,2026-02-24T18:04:47.423333551Z,1,1,2558228,T,A,0,1.400000000,1,0,16570,202358232,1.400000000,1.500000000,1,2330,1,8,UD:1V: VT 2558228
2026-02-24T18:04:50.938326815Z,2026-02-24T18:04:50.937765797Z,1,1,2559381,T,A,0,20.500000000,10,0,17049,202360300,20.500000000,20.750000000,2518,10,7,1,UD:1V: VT 2559381
2026-02-24T18:04:51.904031575Z,2026-02-24T18:04:51.879294521Z,1,1,42608056,T,A,0,12.700000000,4,0,14537,580969735,12.700000000,12.800000000,4,51,1,4,ESH6 P6225
2026-02-24T18:04:51.904730610Z,2026-02-24T18:04:51.879301577Z,1,1,2534219,T,B,0,33.750000000,4,0,14720,202362937,33.500000000,33.750000000,272,4,4,1,UD:1V: VT 2534219
2026-02-24T18:04:55.164419588Z,2026-02-24T18:04:55.063048205Z,1,1,42372931,T,B,0,25.250000000,5,0,12059,580983184,25.000000000,25.250000000,608,9,6,1,ESM6 P5100
2026-02-24T18:04:55.168006037Z,2026-02-24T18:04:55.063089273Z,1,1,42372931,T,B,0,25.250000000,1,0,16278,580983273,25.000000000,25.250000000,608,4,6,1,ESM6 P5100
2026-02-24T18:04:55.953743837Z,2026-02-24T18:04:55.947360183Z,1,1,42372931,T,B,0,25.250000000,3,0,28309,580989729,25.000000000,25.250000000,608,3,6,1,ESM6 P5100
2026-02-24T18:05:01.500762762Z,2026-02-24T18:05:01.363740531Z,1,1,42435427,T,B,0,66.000000000,1,0,13194,581023776,65.750000000,66.000000000,82,1,8,1,ESH6 P6750
2026-02-24T18:05:15.987876408Z,2026-02-24T18:05:15.902868947Z,1,1,42608056,T,A,0,12.800000000,4,0,11341,581121173,12.800000000,12.900000000,4,7,1,1,ESH6 P6225
2026-02-24T18:05:16.480219274Z,2026-02-24T18:05:16.452655805Z,1,1,42921501,T,A,0,11.300000000,4,0,20010,581128310,11.300000000,11.500000000,4,262,1,5,ESH6 P6180
2026-02-24T18:05:22.267539178Z,2026-02-24T18:05:22.238705979Z,1,1,2533665,T,B,0,55.750000000,5,0,13612,202442758,55.500000000,55.750000000,182,5,5,5,UD:1V: VT 2533665
2026-02-24T18:05:29.913270810Z,2026-02-24T18:05:29.890779037Z,1,1,42868332,T,A,0,14.600000000,4,0,13708,581188217,14.600000000,14.800000000,4,294,1,7,ESH6 P6270
2026-02-24T18:06:23.399439149Z,2026-02-24T18:06:23.398286225Z,1,1,42483101,T,A,0,84.000000000,1,0,14657,581497279,84.000000000,84.250000000,1,39,1,4,ESH6 C6950
2026-02-24T18:06:29.434591203Z,2026-02-24T18:06:29.429428797Z,1,1,2534215,T,A,0,43.500000000,4,0,16072,202607553,43.500000000,43.750000000,4,377,1,4,UD:1V: VT 2534215
2026-02-24T18:06:37.641646421Z,2026-02-24T18:06:37.641124871Z,1,1,42404337,T,B,0,13.600000000,4,0,16885,581615717,13.500000000,13.600000000,428,4,5,1,ESM6 P4400
2026-02-24T18:06:45.265488323Z,2026-02-24T18:06:45.129541683Z,1,1,42372885,T,B,0,15.500000000,4,0,17785,581657330,15.300000000,15.500000000,425,4,6,1,ESM6 P4550
2026-02-24T18:06:54.196355378Z,2026-02-24T18:06:54.106291757Z,1,1,42429687,T,A,0,57.500000000,1,0,11531,581723510,57.500000000,57.750000000,1,96,1,7,ESH6 C7000
2026-02-24T18:06:57.466410458Z,2026-02-24T18:06:57.459027131Z,1,1,42372885,T,B,0,15.500000000,4,0,15978,581749628,15.400000000,15.500000000,402,4,5,1,ESM6 P4550
2026-02-24T18:07:04.293250251Z,2026-02-24T18:07:04.217928225Z,1,1,42347631,T,A,0,14.000000000,3,0,14026,581795065,14.000000000,14.100000000,3,354,1,8,ESH6 P6250
2026-02-24T18:07:05.563947034Z,2026-02-24T18:07:05.563211101Z,1,1,42399597,T,B,0,14.200000000,4,0,14553,581808645,14.100000000,14.200000000,442,4,5,1,ESM6 P4450
2026-02-24T18:07:16.946178772Z,2026-02-24T18:07:16.864790337Z,1,1,42372885,T,B,0,15.500000000,4,0,10575,581882843,15.400000000,15.500000000,339,4,5,1,ESM6 P4550
2026-02-24T18:07:18.587326245Z,2026-02-24T18:07:18.586717379Z,1,1,2559465,T,B,0,-6.100000000,4,0,13984,202770227,-6.200000000,-6.100000000,16,4,1,1,UD:1V: GN 2559465
2026-02-24T18:07:18.587903731Z,2026-02-24T18:07:18.587347725Z,1,1,2559465,T,A,0,-6.100000000,12,0,13204,202770229,-6.100000000,-6.000000000,12,2455,1,4,UD:1V: GN 2559465
2026-02-24T18:07:49.857756048Z,2026-02-24T18:07:49.853114505Z,1,1,42427500,T,B,0,16.200000000,3,0,13891,582079162,16.100000000,16.200000000,116,3,5,1,ESH6 P6300
2026-02-24T18:07:54.462139391Z,2026-02-24T18:07:54.461065513Z,1,1,42427500,T,B,0,16.200000000,1,0,13616,582105471,16.100000000,16.200000000,183,1,7,1,ESH6 P6300
2026-02-24T18:07:56.742860313Z,2026-02-24T18:07:56.727416627Z,1,1,42865921,T,A,0,162.000000000,1,0,14085,582118863,162.000000000,162.500000000,1,44,1,5,ESH6 C6830
2026-02-24T18:07:57.279611532Z,2026-02-24T18:07:57.267417027Z,1,1,42892047,T,A,0,78.000000000,1,0,15006,582122190,78.000000000,78.250000000,1,36,1,2,ESH6 C6960
2026-02-24T18:07:57.437343923Z,2026-02-24T18:07:57.405755001Z,1,1,42868338,T,A,0,120.500000000,1,0,16221,582123589,120.500000000,121.000000000,1,83,1,7,ESH6 C6890
2026-02-24T18:08:08.358282093Z,2026-02-24T18:08:08.159580539Z,1,1,42895796,T,A,0,127.000000000,1,0,20028,582196694,127.000000000,127.500000000,1,80,1,9,ESH6 C6880
2026-02-24T18:08:13.084977011Z,2026-02-24T18:08:13.046399595Z,1,1,42404370,T,A,0,116.000000000,2,0,18231,582236212,116.000000000,116.500000000,2,89,1,7,ESM6 P6400
2026-02-24T18:08:19.044448640Z,2026-02-24T18:08:18.907640309Z,1,1,42404370,T,A,0,116.000000000,2,0,16748,582282130,116.000000000,116.500000000,2,113,1,8,ESM6 P6400
2026-02-24T18:08:29.006023775Z,2026-02-24T18:08:29.005431229Z,1,1,2559510,T,B,0,6.700000000,10,0,13983,202950989,6.600000000,6.700000000,10,46,1,2,UD:1V: GN 2559510
2026-02-24T18:08:31.370405344Z,2026-02-24T18:08:31.354864091Z,1,1,42404370,T,A,0,116.000000000,2,0,14811,582370124,116.000000000,116.500000000,2,95,1,6,ESM6 P6400
2026-02-24T18:08:48.618370301Z,2026-02-24T18:08:48.535273639Z,1,1,42429674,T,A,0,57.250000000,6,0,12687,582447530,57.250000000,57.500000000,7,46,2,5,ESH6 P6700
2026-02-24T18:08:49.669442015Z,2026-02-24T18:08:49.666825209Z,1,1,42431946,T,A,0,108.500000000,1,0,12424,582455059,108.500000000,109.000000000,1,63,1,8,ESH6 P6900
2026-02-24T18:09:03.032768488Z,2026-02-24T18:09:03.000574029Z,1,1,42366515,T,A,0,108.500000000,2,0,16268,582531890,108.500000000,109.000000000,2,95,1,7,ESM6 P6350
2026-02-24T18:09:03.177626672Z,2026-02-24T18:09:03.177105311Z,1,1,42347631,T,A,0,14.100000000,3,0,17114,582535374,14.100000000,14.200000000,3,458,1,13,ESH6 P6250
2026-02-24T18:09:21.082441591Z,2026-02-24T18:09:21.081952063Z,1,1,42427500,T,B,0,16.300000000,3,0,19774,582640252,16.200000000,16.300000000,201,3,6,1,ESH6 P6300
2026-02-24T18:09:30.832226981Z,2026-02-24T18:09:30.827813825Z,1,1,42399612,T,B,0,26.750000000,3,0,14855,582695084,26.500000000,26.750000000,503,9,6,1,ESM6 P5150
2026-02-24T18:09:54.866318058Z,2026-02-24T18:09:54.793861415Z,1,1,42608050,T,A,0,69.750000000,1,0,18392,582816560,69.750000000,70.000000000,1,46,1,4,ESH6 C6975
2026-02-24T18:10:01.964154391Z,2026-02-24T18:10:01.947650353Z,1,1,42887189,T,A,0,52.500000000,1,0,17699,582858990,52.500000000,52.750000000,1,50,1,5,ESH6 C7010
2026-02-24T18:10:09.244143350Z,2026-02-24T18:10:09.243668897Z,1,1,42431944,T,B,0,7.500000000,10,0,14493,582908402,7.400000000,7.500000000,14,227,2,7,ESH6 P6000
2026-02-24T18:10:10.506561685Z,2026-02-24T18:10:10.430249055Z,1,1,42483101,T,A,0,83.500000000,1,0,16872,582922094,83.500000000,83.750000000,1,29,1,4,ESH6 C6950
2026-02-24T18:10:12.675660002Z,2026-02-24T18:10:12.638701421Z,1,1,42896847,T,A,0,48.250000000,1,0,20207,582935943,48.250000000,48.500000000,1,35,1,5,ESH6 C7020
2026-02-24T18:10:16.795206354Z,2026-02-24T18:10:16.777271287Z,1,1,42865925,T,A,0,67.000000000,1,0,16902,582961705,67.000000000,67.250000000,1,1,1,1,ESH6 C6980
2026-02-24T18:10:23.607468122Z,2026-02-24T18:10:23.584286155Z,1,1,42608050,T,A,0,69.750000000,1,0,16541,582992431,69.750000000,70.000000000,1,20,1,5,ESH6 C6975
2026-02-24T18:10:26.407076899Z,2026-02-24T18:10:26.396164139Z,1,1,42887189,T,A,0,52.500000000,1,0,18397,583014871,52.500000000,52.750000000,1,53,1,5,ESH6 C7010
2026-02-24T18:10:28.838600072Z,2026-02-24T18:10:28.823291199Z,1,1,42865925,T,A,0,67.000000000,1,0,20012,583024959,67.000000000,67.250000000,1,28,1,5,ESH6 C6980
2026-02-24T18:10:41.955008523Z,2026-02-24T18:10:41.929015179Z,1,1,42429687,T,A,0,57.250000000,1,0,26443,583096511,57.250000000,57.500000000,1,41,1,7,ESH6 C7000
2026-02-24T18:10:49.831948069Z,2026-02-24T18:10:49.771106953Z,1,1,42896847,T,A,0,48.250000000,1,0,23767,583132529,48.250000000,48.500000000,1,35,1,5,ESH6 C7020
2026-02-24T18:10:56.302013861Z,2026-02-24T18:10:56.293430981Z,1,1,42404370,T,A,0,116.000000000,2,0,15866,583155043,116.000000000,116.500000000,2,97,1,8,ESM6 P6400
2026-02-24T18:11:00.590867183Z,2026-02-24T18:11:00.263825563Z,1,1,42372931,T,B,0,25.500000000,8,0,11709,583177178,25.250000000,25.500000000,475,9,6,1,ESM6 P5100
2026-02-24T18:11:00.705952923Z,2026-02-24T18:11:00.273788421Z,1,1,42372931,T,B,0,25.500000000,1,0,16031,583178949,25.250000000,25.500000000,450,1,5,1,ESM6 P5100
2026-02-24T18:11:02.299713226Z,2026-02-24T18:11:02.062717351Z,1,1,42394804,T,A,0,141.000000000,1,0,14469,583208594,141.000000000,142.000000000,31,81,2,6,ESM6 P6550
2026-02-24T18:11:03.450420553Z,2026-02-24T18:11:03.388175309Z,1,1,42608056,T,A,0,13.100000000,4,0,13116,583217067,13.100000000,13.300000000,4,427,1,11,ESH6 P6225
2026-02-24T18:11:07.126601320Z,2026-02-24T18:11:07.119029129Z,1,1,42404370,T,A,0,116.000000000,2,0,16931,583237365,116.000000000,116.500000000,2,97,1,8,ESM6 P6400
2026-02-24T18:11:12.230349824Z,2026-02-24T18:11:12.165399445Z,1,1,42623632,T,B,0,30.750000000,80,0,15169,583257770,30.250000000,30.750000000,399,128,5,1,ESZ6 P3850
2026-02-24T18:11:37.278558603Z,2026-02-24T18:11:37.198048949Z,1,1,42896847,T,A,0,48.250000000,1,0,17179,583401611,48.250000000,48.500000000,1,55,1,5,ESH6 C7020
2026-02-24T18:11:44.196384675Z,2026-02-24T18:11:44.171849891Z,1,1,42608050,T,A,0,69.750000000,1,0,18801,583434494,69.750000000,70.000000000,1,55,1,8,ESH6 C6975
2026-02-24T18:11:48.146567779Z,2026-02-24T18:11:48.015678081Z,1,1,42865922,T,A,0,198.500000000,1,0,16398,583471485,198.500000000,199.000000000,1,8,1,3,ESH6 C6780
2026-02-24T18:11:50.235305613Z,2026-02-24T18:11:50.224551221Z,1,1,42384779,T,A,0,151.500000000,2,0,14461,583489720,151.500000000,152.000000000,4,74,1,6,ESM6 P6600
2026-02-24T18:11:50.594069490Z,2026-02-24T18:11:50.590352991Z,1,1,42887191,T,A,0,98.750000000,2,0,13524,583491342,98.750000000,99.000000000,2,21,2,3,ESH6 P6870
2026-02-24T18:11:55.611508152Z,2026-02-24T18:11:55.610720787Z,1,1,2534214,T,A,0,62.500000000,4,0,14423,203414555,62.500000000,62.750000000,4,399,1,4,UD:1V: VT 2534214
2026-02-24T18:11:59.289361837Z,2026-02-24T18:11:59.273994353Z,1,1,42689132,T,A,0,46.000000000,1,0,25786,583536296,46.000000000,46.250000000,1,141,1,9,ESH6 C7025
2026-02-24T18:12:12.866460436Z,2026-02-24T18:12:12.865885641Z,1,1,42399655,T,A,0,45.750000000,1,0,20239,583621447,45.750000000,46.000000000,15,218,1,6,ESM6 P5650
2026-02-24T18:12:12.866659107Z,2026-02-24T18:12:12.865885821Z,1,1,42399655,T,A,0,45.750000000,1,0,14209,583621449,45.750000000,46.000000000,14,218,1,6,ESM6 P5650
2026-02-24T18:12:12.869148986Z,2026-02-24T18:12:12.868686263Z,1,1,42399655,T,A,0,45.750000000,30,0,19165,583621455,45.750000000,46.000000000,13,218,1,6,ESM6 P5650
2026-02-24T18:12:19.610105074Z,2026-02-24T18:12:19.609592073Z,1,1,42375753,T,B,0,1.600000000,1,0,19518,583656611,1.500000000,1.600000000,427,1215,4,10,ESH6 P5050
2026-02-24T18:12:31.148813611Z,2026-02-24T18:12:30.968346893Z,1,1,42372931,T,B,0,25.500000000,1,0,12439,583714736,25.250000000,25.500000000,475,9,6,1,ESM6 P5100
2026-02-24T18:13:06.563689488Z,2026-02-24T18:13:06.563170769Z,1,1,42428246,T,A,0,22.250000000,1,0,14502,583885213,22.250000000,22.500000000,1,389,1,14,ESH6 P6400
2026-02-24T18:13:18.874412551Z,2026-02-24T18:13:18.821053041Z,1,1,42399704,T,A,0,162.000000000,2,0,18051,583941862,162.000000000,162.500000000,2,72,1,7,ESM6 P6650
2026-02-24T18:13:30.123566403Z,2026-02-24T18:13:30.102584163Z,1,1,2559762,T,B,0,7.000000000,3,0,15252,203602567,6.800000000,7.000000000,511,148,3,2,UD:1V: VT 2559762
2026-02-24T18:13:32.584355310Z,2026-02-24T18:13:32.198295805Z,1,1,2558732,T,B,0,11.500000000,2,0,14507,203620006,11.300000000,11.500000000,599,2,5,1,UD:1V: VT 2558732
2026-02-24T18:14:30.761220020Z,2026-02-24T18:14:30.695559163Z,1,1,2559792,T,A,0,4.850000000,2,0,14442,203765882,4.850000000,4.900000000,2,98,1,1,UD:1V: VT 2559792
2026-02-24T18:14:41.858073106Z,2026-02-24T18:14:41.724237519Z,1,1,42429687,T,A,0,56.750000000,1,0,13126,584443588,56.750000000,57.000000000,1,73,1,9,ESH6 C7000
2026-02-24T18:14:59.798565304Z,2026-02-24T18:14:59.655392279Z,1,1,2559748,T,A,0,2.300000000,2,0,13333,203823351,2.300000000,2.400000000,504,1551,4,6,UD:1V: VT 2559748
2026-02-24T18:15:27.970410501Z,2026-02-24T18:15:27.944030185Z,1,1,42430453,T,A,0,12.300000000,4,0,11291,584729120,12.300000000,12.500000000,4,420,1,10,ESH6 P6200
2026-02-24T18:16:13.536931343Z,2026-02-24T18:16:13.535454133Z,1,1,42426741,T,B,0,30.750000000,1,0,13967,584960549,30.500000000,30.750000000,106,84,5,6,ESH6 P6500
2026-02-24T18:16:44.324719992Z,2026-02-24T18:16:44.256706257Z,1,1,42430453,T,A,0,12.300000000,4,0,13807,585095379,12.300000000,12.500000000,4,484,1,12,ESH6 P6200
2026-02-24T18:17:04.034517755Z,2026-02-24T18:17:04.033927145Z,1,1,2559884,T,A,0,5.600000000,1,0,13618,204056675,5.600000000,5.800000000,198,355,2,3,UD:1V: VT 2559884
2026-02-24T18:17:14.405425816Z,2026-02-24T18:17:14.357518817Z,1,1,2559867,T,B,0,40.750000000,1,0,11919,204080737,40.500000000,40.750000000,208,1,7,1,UD:1V: VT 2559867
2026-02-24T18:17:14.411480028Z,2026-02-24T18:17:14.357948269Z,1,1,2558652,T,B,0,2.250000000,3,0,16170,204080785,2.200000000,2.250000000,1987,3,7,1,UD:1V: VT 2558652
2026-02-24T18:17:28.135080068Z,2026-02-24T18:17:28.121548993Z,1,1,42896834,T,A,0,13.100000000,23,0,12768,585323024,13.100000000,13.200000000,23,61,1,4,ESH6 P6220
2026-02-24T18:17:28.277280800Z,2026-02-24T18:17:28.243704427Z,1,1,42429674,T,A,0,58.000000000,1,0,14732,585325767,58.000000000,58.250000000,1,117,1,9,ESH6 P6700
2026-02-24T18:17:40.793631463Z,2026-02-24T18:17:40.783973859Z,1,1,42404370,T,A,0,116.500000000,2,0,21357,585380064,116.500000000,117.000000000,2,98,1,6,ESM6 P6400
2026-02-24T18:17:48.018186536Z,2026-02-24T18:17:48.013659541Z,1,1,42896834,T,A,0,13.100000000,23,0,19684,585409288,13.100000000,13.200000000,23,64,1,3,ESH6 P6220
2026-02-24T18:17:48.310618951Z,2026-02-24T18:17:48.084001639Z,1,1,42921501,T,A,0,11.700000000,4,0,11642,585414509,11.700000000,11.800000000,4,91,1,1,ESH6 P6180
2026-02-24T18:17:58.775158120Z,2026-02-24T18:17:58.755014791Z,1,1,42837006,T,A,0,12.000000000,4,0,14149,585476621,12.000000000,12.100000000,4,90,1,1,ESH6 P6190
2026-02-24T18:18:32.447185680Z,2026-02-24T18:18:32.446672825Z,1,1,42427500,T,B,0,16.500000000,1,0,14232,585677819,16.400000000,16.500000000,274,1,9,1,ESH6 P6300
2026-02-24T18:18:44.535448171Z,2026-02-24T18:18:44.531544097Z,1,1,42894580,T,A,0,106.000000000,14,0,17239,585750070,106.000000000,106.500000000,25,94,1,9,ESH6 P6890
2026-02-24T18:18:44.535922694Z,2026-02-24T18:18:44.531567209Z,1,1,42894580,T,A,0,106.000000000,1,0,12734,585750076,106.000000000,106.500000000,11,94,1,9,ESH6 P6890
2026-02-24T18:18:44.542667379Z,2026-02-24T18:18:44.531682759Z,1,1,42894580,T,A,0,106.000000000,2,0,13479,585750181,106.000000000,106.500000000,10,94,1,9,ESH6 P6890
2026-02-24T18:18:44.543377146Z,2026-02-24T18:18:44.531697149Z,1,1,42894580,T,A,0,106.000000000,8,0,16613,585750188,106.000000000,106.500000000,8,94,1,9,ESH6 P6890
2026-02-24T18:18:45.225720162Z,2026-02-24T18:18:45.225239133Z,1,1,42404337,T,B,0,13.700000000,4,0,14517,585754201,13.600000000,13.700000000,326,4,5,1,ESM6 P4400
2026-02-24T18:18:47.098829416Z,2026-02-24T18:18:46.920772119Z,1,1,42399597,T,B,0,14.300000000,4,0,12189,585763575,14.200000000,14.300000000,274,4,5,1,ESM6 P4450
2026-02-24T18:18:51.021584595Z,2026-02-24T18:18:51.010948571Z,1,1,42874364,T,A,0,12.700000000,4,0,13062,585785965,12.700000000,12.800000000,4,50,1,2,ESH6 P6210
2026-02-24T18:18:53.538921667Z,2026-02-24T18:18:53.527270751Z,1,1,42404337,T,B,0,13.700000000,4,0,13772,585795529,13.600000000,13.700000000,417,4,6,1,ESM6 P4400
2026-02-24T18:18:54.371304217Z,2026-02-24T18:18:54.370739531Z,1,1,2559924,T,A,0,87.250000000,2,0,14420,204285147,87.250000000,87.500000000,2,44,1,1,UD:1V: VT 2559924
2026-02-24T18:18:59.207172376Z,2026-02-24T18:18:59.104075945Z,1,1,42430453,T,A,0,12.400000000,4,0,13407,585810460,12.400000000,12.500000000,4,383,1,8,ESH6 P6200
2026-02-24T18:19:03.724911869Z,2026-02-24T18:19:03.605835633Z,1,1,42404337,T,B,0,13.700000000,4,0,14247,585831705,13.600000000,13.700000000,417,4,6,1,ESM6 P4400
2026-02-24T18:19:04.382953382Z,2026-02-24T18:19:04.382451147Z,1,1,42399597,T,B,0,14.300000000,4,0,14028,585835964,14.200000000,14.300000000,360,4,6,1,ESM6 P4450
2026-02-24T18:19:05.070400442Z,2026-02-24T18:19:05.059333411Z,1,1,81584,T,A,0,38.750000000,9,0,16411,585838072,38.750000000,39.750000000,9,66,1,1,ESZ7 C9500
2026-02-24T18:19:21.726555802Z,2026-02-24T18:19:21.719540453Z,1,1,42536155,T,A,0,53.250000000,6,0,15481,585893274,53.250000000,53.500000000,6,87,1,2,ESH7 C8400
2026-02-24T18:19:38.363001290Z,2026-02-24T18:19:38.089261859Z,1,1,42426741,T,B,0,31.000000000,1,0,13934,585999236,30.750000000,31.000000000,43,1,4,1,ESH6 P6500
2026-02-24T18:19:40.845681799Z,2026-02-24T18:19:40.843228129Z,1,1,42430453,T,A,0,12.500000000,4,0,13829,586038551,12.500000000,12.600000000,4,452,1,9,ESH6 P6200
2026-02-24T18:19:40.845895752Z,2026-02-24T18:19:40.843228305Z,1,1,42608056,T,A,0,13.400000000,4,0,13078,586038553,13.400000000,13.500000000,4,330,1,7,ESH6 P6225
2026-02-24T18:19:47.224116584Z,2026-02-24T18:19:47.219158723Z,1,1,42896834,T,A,0,13.200000000,1,0,11652,586068616,13.200000000,13.400000000,4,359,1,10,ESH6 P6220
2026-02-24T18:19:47.228226399Z,2026-02-24T18:19:47.219210623Z,1,1,42896834,T,A,0,13.200000000,1,0,14437,586068684,13.200000000,13.400000000,3,359,1,10,ESH6 P6220
2026-02-24T18:19:48.988258624Z,2026-02-24T18:19:48.948397329Z,1,1,42896834,T,A,0,13.200000000,1,0,14097,586075909,13.200000000,13.300000000,2,69,1,2,ESH6 P6220
2026-02-24T18:19:48.989481984Z,2026-02-24T18:19:48.948429067Z,1,1,42896834,T,A,0,13.200000000,1,0,14521,586075928,13.200000000,13.300000000,1,69,1,2,ESH6 P6220
2026-02-24T18:20:06.219240152Z,2026-02-24T18:20:06.218706101Z,1,1,42431944,T,A,0,7.600000000,10,0,13563,586174687,7.600000000,7.700000000,10,561,1,11,ESH6 P6000
2026-02-24T18:20:28.326410119Z,2026-02-24T18:20:28.247615479Z,1,1,42427500,T,B,0,16.700000000,1,0,15065,586280829,16.600000000,16.700000000,239,1,9,1,ESH6 P6300
2026-02-24T18:20:28.541331106Z,2026-02-24T18:20:28.304011627Z,1,1,42483101,T,A,0,82.000000000,1,0,11638,586284995,82.000000000,82.250000000,1,24,1,4,ESH6 C6950
2026-02-24T18:20:29.485842792Z,2026-02-24T18:20:28.855013557Z,1,1,42429687,T,A,0,56.000000000,1,0,12910,586300986,56.000000000,56.250000000,1,35,1,4,ESH6 C7000
2026-02-24T18:20:29.512958824Z,2026-02-24T18:20:28.855163169Z,1,1,42399599,T,B,0,19.400000000,2,0,10704,586301465,19.300000000,19.400000000,409,2,5,1,ESM6 P4800
2026-02-24T18:20:44.062797488Z,2026-02-24T18:20:43.935769405Z,1,1,2559953,T,B,0,176.500000000,1,0,12259,204548887,158.000000000,176.500000000,166,1,2,1,UD:1V: VT 2559953
2026-02-24T18:20:48.004635717Z,2026-02-24T18:20:47.852265953Z,1,1,42608056,T,A,0,13.500000000,4,0,13907,586498534,13.500000000,13.600000000,4,161,1,4,ESH6 P6225
2026-02-24T18:20:56.291622615Z,2026-02-24T18:20:56.200662669Z,1,1,2534219,T,B,0,33.000000000,4,0,15138,204600413,32.750000000,33.000000000,274,4,4,1,UD:1V: VT 2534219
2026-02-24T18:21:24.178451879Z,2026-02-24T18:21:24.177901461Z,1,1,2559995,T,B,0,37.500000000,1,0,14344,204667429,37.250000000,37.500000000,319,1,10,1,UD:1V: VT 2559995
2026-02-24T18:21:32.995863355Z,2026-02-24T18:21:32.914089453Z,1,1,2527790,T,B,0,5.500000000,4,0,13988,204684959,5.400000000,5.500000000,1172,4,8,1,UD:1V: VT 2527790
2026-02-24T18:21:39.246404864Z,2026-02-24T18:21:39.149297959Z,1,1,42874364,T,A,0,12.800000000,2,0,11041,586827699,12.800000000,12.900000000,4,126,1,3,ESH6 P6210
2026-02-24T18:22:03.554447709Z,2026-02-24T18:22:03.518134277Z,1,1,42431945,T,B,0,80.000000000,1,0,14828,586972938,79.750000000,80.000000000,81,1,10,1,ESH6 P6800
2026-02-24T18:22:40.664303035Z,2026-02-24T18:22:40.644573949Z,1,1,2560057,T,A,0,-2.500000000,1,0,14142,204818157,-2.500000000,-2.450000000,1,31,1,1,UD:1V: GN 2560057
2026-02-24T18:22:45.137445730Z,2026-02-24T18:22:45.136967717Z,1,1,42430445,T,B,0,0.050000000,1,0,17120,587178207,,0.050000000,0,50,0,1,ESH6 P2700
2026-02-24T18:22:53.827038445Z,2026-02-24T18:22:53.807526931Z,1,1,42887172,T,A,0,8.600000000,18,0,14208,587247660,8.600000000,8.700000000,18,56,3,1,ESH6 C7170
2026-02-24T18:23:10.109639597Z,2026-02-24T18:23:10.091600075Z,1,1,42429687,T,B,0,56.500000000,10,0,17870,587339720,56.250000000,56.500000000,1,80,1,6,ESH6 C7000
2026-02-24T18:23:30.102054618Z,2026-02-24T18:23:30.091286545Z,1,1,42430464,T,B,0,5.700000000,71,0,14457,587449957,5.600000000,5.700000000,610,71,8,1,ESH6 C7200
2026-02-24T18:23:35.942033603Z,2026-02-24T18:23:35.929146427Z,1,1,42427508,T,B,0,20.750000000,5,0,14417,587485871,20.500000000,20.750000000,275,5,12,1,ESH6 C7100
2026-02-24T18:23:37.768295931Z,2026-02-24T18:23:37.626516663Z,1,1,2554517,T,B,0,15.800000000,46,0,17021,204937280,15.700000000,15.800000000,704,46,6,1,UD:1V: VT 2554517
2026-02-24T18:23:39.649548119Z,2026-02-24T18:23:39.648994437Z,1,1,2538289,T,B,0,11.600000000,5,0,13987,204943702,11.500000000,11.600000000,1063,140,9,2,UD:1V: VT 2538289
2026-02-24T18:23:44.998283789Z,2026-02-24T18:23:44.963536881Z,1,1,42397938,T,A,0,8.500000000,4,0,11176,587527503,8.500000000,8.600000000,4,223,1,6,ESH6 P6050
2026-02-24T18:23:44.999846992Z,2026-02-24T18:23:44.964458097Z,1,1,42430453,T,A,0,12.500000000,4,0,14047,587527550,12.500000000,12.600000000,4,25,1,3,ESH6 P6200
2026-02-24T18:23:45.427758170Z,2026-02-24T18:23:45.427264299Z,1,1,42838711,T,B,0,2.700000000,1,0,21037,587531257,2.650000000,2.700000000,905,15,8,1,ESH6 P5425
2026-02-24T18:24:09.145126021Z,2026-02-24T18:24:09.064512859Z,1,1,42384724,T,A,0,121.500000000,2,0,14731,587708474,121.500000000,122.000000000,2,94,1,9,ESM6 C7200
2026-02-24T18:24:22.380441794Z,2026-02-24T18:24:22.329355935Z,1,1,2534214,T,A,0,62.250000000,4,0,15359,205058903,62.250000000,62.500000000,4,630,1,5,UD:1V: VT 2534214
2026-02-24T18:24:27.113294451Z,2026-02-24T18:24:27.112966471Z,1,1,42384724,T,A,0,121.500000000,2,0,14571,587820524,121.500000000,122.000000000,2,92,1,8,ESM6 C7200
2026-02-24T18:24:46.068148499Z,2026-02-24T18:24:46.064716039Z,1,1,2534214,T,A,0,62.250000000,4,0,13947,205124602,62.250000000,62.500000000,4,1251,1,6,UD:1V: VT 2534214
2026-02-24T18:25:06.839499673Z,2026-02-24T18:25:06.457286131Z,1,1,42409642,T,B,0,24.500000000,10,0,17209,588101989,24.250000000,24.500000000,529,10,7,1,ESM6 P5050
2026-02-24T18:25:20.491837147Z,2026-02-24T18:25:20.491200755Z,1,1,2560071,T,B,0,15.000000000,1,0,14538,205227432,14.900000000,15.000000000,1,102,1,4,UD:1V: GN 2560071
2026-02-24T18:25:50.649998155Z,2026-02-24T18:25:50.647667553Z,1,1,42431945,T,A,0,80.500000000,1,0,12865,588399734,80.500000000,80.750000000,1,125,1,11,ESH6 P6800
2026-02-24T18:25:53.561218896Z,2026-02-24T18:25:53.560649659Z,1,1,2560163,T,B,0,-0.500000000,1,0,13721,205303169,-0.900000000,-0.500000000,12,1,1,1,UD:1V: RR 2560163
2026-02-24T18:26:16.463603843Z,2026-02-24T18:26:16.419243221Z,1,1,42378449,T,B,0,70.500000000,2,0,15462,588562882,70.250000000,70.500000000,51,2,4,1,ESM6 P6000
2026-02-24T18:26:44.894980377Z,2026-02-24T18:26:44.846204967Z,1,1,42394633,T,B,0,15.000000000,5,0,14331,588794154,14.900000000,15.000000000,373,5,6,1,ESM6 P4500
2026-02-24T18:26:58.063331120Z,2026-02-24T18:26:57.983591417Z,1,1,42439347,T,A,0,128.000000000,2,0,16176,588877028,128.000000000,128.500000000,2,156,1,6,ESU6 P6000
2026-02-24T18:27:00.764844130Z,2026-02-24T18:27:00.744408889Z,1,1,42378346,T,A,0,36.000000000,5,0,13343,588897699,36.000000000,36.250000000,5,204,1,6,ESM6 C7500
2026-02-24T18:27:13.112577064Z,2026-02-24T18:27:13.059936535Z,1,1,2560201,T,A,0,58.250000000,23,0,16444,205557430,58.250000000,58.500000000,23,60,2,1,UD:1V:CFO 2560201
2026-02-24T18:27:13.132944839Z,2026-02-24T18:27:13.112492221Z,1,1,2560201,T,B,0,58.250000000,6,0,11383,205557885,58.000000000,58.250000000,250,37,3,1,UD:1V:CFO 2560201
2026-02-24T18:27:13.132989074Z,2026-02-24T18:27:13.112580481Z,1,1,2560201,T,B,0,58.250000000,31,0,11510,205557887,58.000000000,58.250000000,250,31,3,1,UD:1V:CFO 2560201
2026-02-24T18:27:34.339962307Z,2026-02-24T18:27:34.002979563Z,1,1,42378346,T,A,0,36.000000000,5,0,14181,589165430,36.000000000,36.250000000,5,232,1,7,ESM6 C7500
2026-02-24T18:28:00.153008824Z,2026-02-24T18:28:00.152482837Z,1,1,42431945,T,A,0,80.750000000,10,0,15378,589347377,80.750000000,81.000000000,10,150,1,12,ESH6 P6800
2026-02-24T18:28:41.660759309Z,2026-02-24T18:28:41.562173649Z,1,1,42431945,T,A,0,81.250000000,1,0,14412,589663742,81.250000000,81.500000000,1,49,1,7,ESH6 P6800
2026-02-24T18:29:14.521068731Z,2026-02-24T18:29:14.487685357Z,1,1,42372931,T,B,0,25.750000000,9,0,16289,589873909,25.500000000,25.750000000,467,9,6,1,ESM6 P5100
2026-02-24T18:29:32.773757456Z,2026-02-24T18:29:32.751103231Z,1,1,42427508,T,B,0,20.500000000,32,0,16500,590017944,20.250000000,20.500000000,209,110,6,4,ESH6 C7100
2026-02-24T18:29:32.828605059Z,2026-02-24T18:29:32.777577799Z,1,1,2534919,T,A,0,1.300000000,4,0,11353,205973177,1.300000000,1.600000000,4,58,1,4,UD:1V: 12 2534919
2026-02-24T18:29:32.969147224Z,2026-02-24T18:29:32.936217929Z,1,1,42427508,T,B,0,20.500000000,32,0,19920,590020406,20.250000000,20.500000000,298,54,10,3,ESH6 C7100
2026-02-24T18:29:50.552741821Z,2026-02-24T18:29:50.496040025Z,1,1,42427508,T,B,0,20.500000000,16,0,14808,590126407,20.250000000,20.500000000,274,16,12,2,ESH6 C7100
2026-02-24T18:30:15.389325243Z,2026-02-24T18:30:15.388889909Z,1,1,2989032,T,A,0,64.500000000,1,0,14200,206099615,64.500000000,64.750000000,1,94,1,3,UD:1V: VT 2989032
2026-02-24T18:30:15.418661912Z,2026-02-24T18:30:15.418131503Z,1,1,2989032,T,B,0,64.500000000,1,0,15627,206099797,64.000000000,64.500000000,101,4,4,1,UD:1V: VT 2989032
2026-02-24T18:30:43.933251547Z,2026-02-24T18:30:43.890398351Z,1,1,42431945,T,A,0,81.500000000,1,0,14286,590580709,81.500000000,81.750000000,1,57,1,4,ESH6 P6800
2026-02-24T18:31:24.892821370Z,2026-02-24T18:31:24.882596523Z,1,1,42431181,T,A,0,43.000000000,1,0,13704,590899557,43.000000000,43.250000000,1,153,1,11,ESH6 P6600
2026-02-24T18:31:38.268970002Z,2026-02-24T18:31:38.241978259Z,1,1,42499828,T,B,0,11.200000000,5,0,14558,590999270,11.100000000,11.200000000,158,5,7,1,ESH6 C7150
2026-02-24T18:31:57.682938171Z,2026-02-24T18:31:57.682385745Z,1,1,42428246,T,A,0,22.750000000,8,0,13836,591157566,22.750000000,23.000000000,113,333,4,14,ESH6 P6400
2026-02-24T18:32:55.923680224Z,2026-02-24T18:32:55.921763377Z,1,1,42611781,T,A,0,28.750000000,16,0,15818,591503529,28.750000000,29.000000000,16,251,1,6,ESM6 C7550
2026-02-24T18:33:13.446904576Z,2026-02-24T18:33:13.438086917Z,1,1,2560369,T,B,0,-37.500000000,9,0,16519,206592515,-37.750000000,-37.500000000,166,9,4,2,UD:1V:CRR 2560369
2026-02-24T18:33:13.461075874Z,2026-02-24T18:33:13.446923753Z,1,1,2560369,T,A,0,-37.500000000,2,0,13638,206592768,-37.500000000,-37.250000000,181,303,1,5,UD:1V:CRR 2560369
2026-02-24T18:33:13.461394194Z,2026-02-24T18:33:13.459949011Z,1,1,2560369,T,A,0,-37.500000000,179,0,15212,206592771,-37.500000000,-37.250000000,179,303,1,5,UD:1V:CRR 2560369
2026-02-24T18:33:30.706695280Z,2026-02-24T18:33:30.706164733Z,1,1,273847,T,A,0,231.000000000,42,0,25409,591733881,231.000000000,231.500000000,100,80,1,4,ESZ6 P6300
2026-02-24T18:33:30.706929163Z,2026-02-24T18:33:30.706165111Z,1,1,273847,T,A,0,231.000000000,41,0,13942,591733883,231.000000000,231.500000000,58,80,1,4,ESZ6 P6300
2026-02-24T18:33:30.706975317Z,2026-02-24T18:33:30.706165291Z,1,1,273847,T,A,0,231.000000000,1,0,14220,591733884,231.000000000,231.500000000,17,80,1,4,ESZ6 P6300
2026-02-24T18:33:30.707248199Z,2026-02-24T18:33:30.706210441Z,1,1,273847,T,A,0,231.000000000,16,0,14406,591733885,231.000000000,231.500000000,16,80,1,4,ESZ6 P6300
2026-02-24T18:33:34.441236866Z,2026-02-24T18:33:34.353675213Z,1,1,42483101,T,B,0,82.250000000,22,0,15176,591764117,82.000000000,82.250000000,59,22,7,1,ESH6 C6950
2026-02-24T18:33:49.403272130Z,2026-02-24T18:33:49.402704877Z,1,1,42431944,T,A,0,7.600000000,6,0,15270,591866450,7.600000000,7.700000000,8,426,2,11,ESH6 P6000
2026-02-24T18:33:49.760957885Z,2026-02-24T18:33:49.653697995Z,1,1,2538289,T,B,0,11.600000000,70,0,13497,206703182,11.500000000,11.600000000,550,70,7,1,UD:1V: VT 2538289
2026-02-24T18:34:04.438987085Z,2026-02-24T18:34:04.438449843Z,1,1,42429064,T,A,0,94.000000000,10,0,13680,591935767,94.000000000,94.250000000,36,41,2,4,ESH6 P6850
2026-02-24T18:34:10.047152410Z,2026-02-24T18:34:09.990705779Z,1,1,2534214,T,A,0,62.250000000,4,0,14578,206742959,62.250000000,62.500000000,4,1036,1,6,UD:1V: VT 2534214
2026-02-24T18:35:00.675503450Z,2026-02-24T18:35:00.439853903Z,1,1,2534214,T,A,0,62.250000000,4,0,14429,206838167,62.250000000,62.500000000,4,1036,1,6,UD:1V: VT 2534214
2026-02-24T18:35:02.535940562Z,2026-02-24T18:35:02.518977025Z,1,1,2560411,T,B,0,12.100000000,205,0,14502,206847902,12.000000000,12.100000000,1429,220,7,1,UD:1V:CVT 2560411
2026-02-24T18:35:10.545165347Z,2026-02-24T18:35:10.381894645Z,1,1,42608050,T,A,0,68.000000000,1,0,14176,592319776,68.000000000,68.250000000,1,46,1,6,ESH6 C6975
2026-02-24T18:35:10.549529836Z,2026-02-24T18:35:10.386225851Z,1,1,42887190,T,A,0,99.000000000,1,0,11735,592319834,99.000000000,99.250000000,1,21,1,3,ESH6 C6920
2026-02-24T18:35:10.567938471Z,2026-02-24T18:35:10.407337679Z,1,1,42429064,T,A,0,94.500000000,1,0,23220,592320301,94.500000000,94.750000000,1,25,1,4,ESH6 P6850
2026-02-24T18:35:10.632238605Z,2026-02-24T18:35:10.551217049Z,1,1,42887190,T,A,0,99.000000000,1,0,13894,592321979,99.000000000,99.250000000,17,19,1,2,ESH6 C6920
2026-02-24T18:35:10.644665714Z,2026-02-24T18:35:10.569308015Z,1,1,42429687,T,A,0,55.750000000,1,0,23015,592322202,55.750000000,56.000000000,22,67,1,8,ESH6 C7000
2026-02-24T18:35:10.645662104Z,2026-02-24T18:35:10.572982379Z,1,1,42429064,T,A,0,94.500000000,1,0,14955,592322216,94.500000000,94.750000000,18,24,1,3,ESH6 P6850
2026-02-24T18:35:10.678119797Z,2026-02-24T18:35:10.648272611Z,1,1,42865919,T,A,0,122.500000000,16,0,18366,592322907,122.500000000,123.000000000,16,84,1,7,ESH6 P6930
2026-02-24T18:35:10.704122940Z,2026-02-24T18:35:10.676598827Z,1,1,42429011,T,A,0,111.500000000,17,0,13885,592323550,111.500000000,112.000000000,17,91,1,10,ESH6 C6900
2026-02-24T18:35:10.742801167Z,2026-02-24T18:35:10.742327011Z,1,1,42643324,T,A,0,74.500000000,1,0,13807,592324465,74.500000000,74.750000000,1,9,1,4,ESH6 P6775
2026-02-24T18:35:10.808062826Z,2026-02-24T18:35:10.794579583Z,1,1,42868330,T,A,0,70.500000000,1,0,10964,592325097,70.500000000,70.750000000,1,21,1,2,ESH6 C6970
2026-02-24T18:35:12.071025579Z,2026-02-24T18:35:12.068109615Z,1,1,42384729,T,A,0,5.600000000,33,0,16198,592338426,5.600000000,5.700000000,33,462,1,5,ESM6 C7900
2026-02-24T18:35:12.218231936Z,2026-02-24T18:35:12.217531569Z,1,1,42431945,T,A,0,80.750000000,1,0,15002,592341030,80.750000000,81.000000000,1,77,1,6,ESH6 P6800
2026-02-24T18:35:16.793109101Z,2026-02-24T18:35:16.785968575Z,1,1,42865919,T,A,0,122.500000000,16,0,14403,592373788,122.500000000,123.000000000,16,84,1,7,ESH6 P6930
2026-02-24T18:35:18.805798746Z,2026-02-24T18:35:18.743134275Z,1,1,42886227,T,A,0,78.000000000,4,0,11511,592387353,78.000000000,78.250000000,22,46,1,3,ESH6 P6790
2026-02-24T18:35:24.822165056Z,2026-02-24T18:35:24.810697743Z,1,1,42431945,T,A,0,80.500000000,1,0,14187,592427168,80.500000000,80.750000000,1,49,1,4,ESH6 P6800
2026-02-24T18:35:24.912617021Z,2026-02-24T18:35:24.910707081Z,1,1,42894584,T,A,0,85.750000000,1,0,16237,592428039,85.750000000,86.000000000,1,42,1,3,ESH6 P6820
2026-02-24T18:35:25.349478143Z,2026-02-24T18:35:25.348257593Z,1,1,42429687,T,A,0,55.750000000,3,0,13204,592430588,55.750000000,56.000000000,3,100,1,8,ESH6 C7000
2026-02-24T18:35:34.708446855Z,2026-02-24T18:35:34.707891813Z,1,1,42431945,T,A,0,80.500000000,1,0,18116,592497989,80.500000000,80.750000000,1,49,1,5,ESH6 P6800
2026-02-24T18:35:55.581353399Z,2026-02-24T18:35:55.574176801Z,1,1,42372931,T,A,0,25.500000000,9,0,15161,592709021,25.500000000,25.750000000,102,269,2,6,ESM6 P5100
2026-02-24T18:35:55.598485087Z,2026-02-24T18:35:55.584757963Z,1,1,42429011,T,A,0,112.500000000,17,0,11364,592709327,112.500000000,113.000000000,17,118,1,10,ESH6 C6900
2026-02-24T18:35:55.732857661Z,2026-02-24T18:35:55.727023731Z,1,1,42887189,T,A,0,51.750000000,1,0,14335,592710695,51.750000000,52.000000000,1,50,1,3,ESH6 C7010
2026-02-24T18:35:55.829703203Z,2026-02-24T18:35:55.817980763Z,1,1,42431945,T,A,0,79.500000000,1,0,13016,592712831,79.500000000,79.750000000,1,2,1,1,ESH6 P6800
2026-02-24T18:35:56.012135997Z,2026-02-24T18:35:55.990580467Z,1,1,42886227,T,A,0,77.000000000,1,0,11328,592715252,77.000000000,77.250000000,1,22,1,1,ESH6 P6790
2026-02-24T18:35:56.015819880Z,2026-02-24T18:35:55.996586247Z,1,1,42868338,T,A,0,119.000000000,17,0,12469,592715326,119.000000000,119.500000000,17,65,1,7,ESH6 C6890
2026-02-24T18:35:57.084325872Z,2026-02-24T18:35:57.063642923Z,1,1,42865921,T,A,0,160.000000000,1,0,15426,592722109,160.000000000,160.500000000,1,36,1,4,ESH6 C6830
2026-02-24T18:35:57.112896955Z,2026-02-24T18:35:57.069231195Z,1,1,42868330,T,A,0,71.250000000,19,0,15543,592722500,71.250000000,71.500000000,19,44,1,4,ESH6 C6970
2026-02-24T18:35:57.176928931Z,2026-02-24T18:35:57.137411523Z,1,1,42886224,T,A,0,174.500000000,1,0,13924,592723999,174.500000000,175.000000000,1,18,1,4,ESH6 C6810
2026-02-24T18:35:57.190878672Z,2026-02-24T18:35:57.158919583Z,1,1,42865925,T,A,0,66.000000000,8,0,14856,592724330,66.000000000,66.250000000,8,24,1,3,ESH6 C6980
2026-02-24T18:35:57.206057725Z,2026-02-24T18:35:57.168200957Z,1,1,42429687,T,A,0,56.250000000,6,0,16016,592724603,56.250000000,56.500000000,6,29,1,4,ESH6 C7000
2026-02-24T18:35:58.115074867Z,2026-02-24T18:35:58.110625373Z,1,1,42429674,T,A,0,58.000000000,1,0,14686,592731981,58.000000000,58.250000000,1,57,1,3,ESH6 P6700
2026-02-24T18:35:58.117784480Z,2026-02-24T18:35:58.115331041Z,1,1,42643324,T,A,0,73.500000000,1,0,13088,592732021,73.500000000,73.750000000,1,46,1,2,ESH6 P6775
2026-02-24T18:35:58.272462451Z,2026-02-24T18:35:58.164397283Z,1,1,42887191,T,A,0,99.500000000,4,0,11971,592733876,99.500000000,99.750000000,4,17,1,1,ESH6 P6870
2026-02-24T18:35:58.594377768Z,2026-02-24T18:35:58.415005581Z,1,1,42427507,T,A,0,182.000000000,1,0,11611,592739064,182.000000000,182.500000000,1,13,1,3,ESH6 C6800
2026-02-24T18:35:58.928583574Z,2026-02-24T18:35:58.926750149Z,1,1,42431945,T,A,0,79.500000000,1,0,14919,592743997,79.500000000,79.750000000,1,23,1,2,ESH6 P6800
2026-02-24T18:36:00.314655653Z,2026-02-24T18:36:00.179305323Z,1,1,42643322,T,A,0,86.000000000,4,0,12869,592753552,86.000000000,86.250000000,19,19,1,1,ESH6 P6825
2026-02-24T18:36:00.322997251Z,2026-02-24T18:36:00.192976307Z,1,1,42894580,T,A,0,106.000000000,4,0,13125,592753790,106.000000000,106.500000000,17,27,1,4,ESH6 P6890
2026-02-24T18:36:00.331312894Z,2026-02-24T18:36:00.193643095Z,1,1,42431946,T,A,0,109.500000000,3,0,15160,592753840,109.500000000,110.000000000,3,43,1,7,ESH6 P6900
2026-02-24T18:36:02.501275146Z,2026-02-24T18:36:02.497705071Z,1,1,42689130,T,A,0,97.000000000,12,0,13952,592767985,97.000000000,97.250000000,12,49,1,5,ESH6 C6925
2026-02-24T18:36:03.415070127Z,2026-02-24T18:36:03.414515957Z,1,1,42689131,T,A,0,15.500000000,1,0,13314,592780822,15.500000000,15.600000000,60,193,1,8,ESH6 C7125
2026-02-24T18:36:03.415294506Z,2026-02-24T18:36:03.414685635Z,1,1,42689131,T,A,0,15.500000000,59,0,12889,592780824,15.500000000,15.600000000,59,193,1,8,ESH6 C7125
2026-02-24T18:36:03.995306645Z,2026-02-24T18:36:03.928239243Z,1,1,42483101,T,A,0,82.250000000,4,0,14473,592786709,82.250000000,82.500000000,18,21,1,3,ESH6 C6950
2026-02-24T18:36:04.002296714Z,2026-02-24T18:36:03.960067165Z,1,1,42895796,T,A,0,125.500000000,4,0,13889,592786911,125.500000000,126.000000000,16,50,1,7,ESH6 C6880
2026-02-24T18:36:04.711272376Z,2026-02-24T18:36:04.710695377Z,1,1,42399596,T,A,0,10.500000000,5,0,17917,592789803,10.500000000,10.600000000,29,181,2,2,ESM6 P4100
2026-02-24T18:36:05.132911266Z,2026-02-24T18:36:05.012176047Z,1,1,42723579,T,A,0,140.500000000,3,0,16764,592792007,140.500000000,141.000000000,3,33,1,6,ESH6 P6975
2026-02-24T18:36:09.118523531Z,2026-02-24T18:36:09.106657751Z,1,1,2560442,T,A,0,7.800000000,1,0,14698,207082855,7.800000000,8.000000000,1,134,1,3,UD:1V: GN 2560442
2026-02-24T18:36:10.827247984Z,2026-02-24T18:36:10.786008495Z,1,1,42372931,T,B,0,25.500000000,9,0,16366,592834942,25.250000000,25.500000000,849,9,8,1,ESM6 P5100
2026-02-24T18:36:16.272820210Z,2026-02-24T18:36:16.206694489Z,1,1,2559577,T,A,0,216.000000000,4,0,14520,207105368,216.000000000,216.500000000,25,67,1,6,UD:1V: ST 2559577
2026-02-24T18:36:17.825719371Z,2026-02-24T18:36:17.790680363Z,1,1,42372931,T,B,0,25.500000000,9,0,13855,592876188,25.250000000,25.500000000,849,9,8,1,ESM6 P5100
2026-02-24T18:36:19.344618301Z,2026-02-24T18:36:19.221856775Z,1,1,2559577,T,A,0,216.000000000,21,0,15279,207117623,216.000000000,216.500000000,21,63,1,5,UD:1V: ST 2559577
2026-02-24T18:36:34.671056555Z,2026-02-24T18:36:34.654428249Z,1,1,2560455,T,B,0,0.100000000,15,0,14295,207164115,,0.100000000,0,850,0,1,UD:1V: BO 2560455
2026-02-24T18:36:39.635842480Z,2026-02-24T18:36:39.511663125Z,1,1,42895795,T,A,0,132.000000000,1,0,13641,593026677,132.000000000,132.500000000,1,32,1,6,ESH6 C6870
2026-02-24T18:36:40.145935112Z,2026-02-24T18:36:40.007791917Z,1,1,42435427,T,A,0,67.750000000,5,0,18140,593037660,67.750000000,68.000000000,25,27,2,3,ESH6 P6750
2026-02-24T18:36:45.786076848Z,2026-02-24T18:36:45.785575031Z,1,1,244701,T,B,0,23.750000000,50,0,14623,593070412,23.500000000,23.750000000,182,144,3,1,ESZ6 P3500
2026-02-24T18:36:57.477030288Z,2026-02-24T18:36:57.468999627Z,1,1,42431944,T,A,0,7.500000000,5,0,11593,593125909,7.500000000,7.600000000,5,322,2,9,ESH6 P6000
2026-02-24T18:37:02.893132994Z,2026-02-24T18:37:02.761018683Z,1,1,42427500,T,A,0,16.500000000,50,0,13059,593152953,16.500000000,16.600000000,50,260,1,8,ESH6 P6300
2026-02-24T18:37:05.004963425Z,2026-02-24T18:37:04.903012461Z,1,1,2538289,T,A,0,11.400000000,70,0,13885,207233843,11.400000000,11.500000000,133,323,1,6,UD:1V: VT 2538289
2026-02-24T18:37:09.263132887Z,2026-02-24T18:37:09.087631399Z,1,1,42764937,T,A,0,62.250000000,6,0,13574,593220506,62.250000000,62.500000000,26,57,1,4,ESH6 P6725
2026-02-24T18:37:10.910787162Z,2026-02-24T18:37:10.897494311Z,1,1,42429674,T,A,0,57.500000000,10,0,16537,593228713,57.500000000,57.750000000,10,67,2,5,ESH6 P6700
2026-02-24T18:37:13.531975895Z,2026-02-24T18:37:13.378639441Z,1,1,42429687,T,B,0,56.750000000,1,0,11368,593245659,56.500000000,56.750000000,157,1,14,1,ESH6 C7000
2026-02-24T18:37:19.215220731Z,2026-02-24T18:37:19.210134069Z,1,1,42429687,T,A,0,56.750000000,5,0,16120,593296779,56.750000000,57.000000000,5,97,1,8,ESH6 C7000
2026-02-24T18:37:20.804487300Z,2026-02-24T18:37:20.802885125Z,1,1,2540820,T,A,0,68.250000000,1,0,14663,207287912,68.250000000,68.500000000,366,638,4,5,UD:1V: VT 2540820
2026-02-24T18:37:21.214889472Z,2026-02-24T18:37:21.210507305Z,1,1,42435427,T,A,0,67.000000000,5,0,15420,593312720,67.000000000,67.250000000,5,67,1,5,ESH6 P6750
2026-02-24T18:37:21.351482358Z,2026-02-24T18:37:21.350007641Z,1,1,42431945,T,A,0,78.500000000,5,0,13049,593314117,78.500000000,78.750000000,5,44,1,3,ESH6 P6800
2026-02-24T18:37:21.356160795Z,2026-02-24T18:37:21.353952577Z,1,1,42643323,T,A,0,11.400000000,4,0,10361,593314242,11.400000000,11.500000000,4,219,1,6,ESH6 P6175
2026-02-24T18:37:23.718318805Z,2026-02-24T18:37:23.717746651Z,1,1,42430453,T,A,0,12.200000000,4,0,14151,593335860,12.200000000,12.300000000,4,201,1,5,ESH6 P6200
2026-02-24T18:37:23.817224355Z,2026-02-24T18:37:23.718463829Z,1,1,42896834,T,A,0,12.900000000,4,0,13583,593337575,12.900000000,13.000000000,4,133,1,4,ESH6 P6220
2026-02-24T18:37:25.576787094Z,2026-02-24T18:37:25.421740883Z,1,1,42608050,T,A,0,69.250000000,5,0,14928,593356762,69.250000000,69.500000000,5,69,1,7,ESH6 C6975
2026-02-24T18:37:26.538907864Z,2026-02-24T18:37:26.533919285Z,1,1,42435427,T,A,0,67.000000000,5,0,15468,593365286,67.000000000,67.250000000,5,52,1,6,ESH6 P6750
2026-02-24T18:37:27.061417471Z,2026-02-24T18:37:27.056511541Z,1,1,42429687,T,A,0,56.750000000,5,0,12778,593370186,56.750000000,57.000000000,5,75,1,7,ESH6 C7000
2026-02-24T18:37:33.859268981Z,2026-02-24T18:37:33.844802865Z,1,1,42671291,T,A,0,52.750000000,7,0,14653,593416328,52.750000000,53.000000000,7,80,1,7,ESH6 P6675
2026-02-24T18:37:33.944841409Z,2026-02-24T18:37:33.943607831Z,1,1,42886222,T,A,0,62.750000000,1,0,14491,593417685,62.750000000,63.000000000,1,55,1,4,ESH6 P6730
2026-02-24T18:37:38.015647440Z,2026-02-24T18:37:37.952532833Z,1,1,42378449,T,A,0,69.500000000,2,0,11258,593444441,69.500000000,69.750000000,2,131,1,6,ESM6 P6000
2026-02-24T18:37:45.693926746Z,2026-02-24T18:37:45.478634569Z,1,1,42347631,T,A,0,14.000000000,2,0,14895,593512179,14.000000000,14.100000000,2,182,1,4,ESH6 P6250
2026-02-24T18:37:50.359222216Z,2026-02-24T18:37:50.284627267Z,1,1,42429687,T,A,0,57.250000000,1,0,11541,593562963,57.250000000,57.500000000,1,86,1,6,ESH6 C7000
2026-02-24T18:37:53.406332179Z,2026-02-24T18:37:53.335696701Z,1,1,42429674,T,B,0,56.750000000,5,0,17126,593588118,56.500000000,56.750000000,166,5,10,1,ESH6 P6700
2026-02-24T18:38:00.140207089Z,2026-02-24T18:38:00.130930383Z,1,1,2551759,T,A,0,1.550000000,38,0,14491,207428493,1.550000000,1.700000000,38,38,1,1,UD:1V: BO 2551759
2026-02-24T18:38:00.351674055Z,2026-02-24T18:38:00.350528181Z,1,1,2551759,T,A,0,1.550000000,49,0,14185,207429073,1.550000000,1.700000000,49,38,1,1,UD:1V: BO 2551759
2026-02-24T18:38:05.140890277Z,2026-02-24T18:38:05.140277199Z,1,1,2551759,T,A,0,1.550000000,38,0,14089,207439595,1.550000000,1.650000000,38,4,1,1,UD:1V: BO 2551759
2026-02-24T18:38:10.141631795Z,2026-02-24T18:38:10.141025819Z,1,1,2551759,T,A,0,1.550000000,38,0,15821,207451891,1.550000000,1.650000000,38,4,1,1,UD:1V: BO 2551759
2026-02-24T18:38:12.178215872Z,2026-02-24T18:38:12.176279901Z,1,1,42886221,T,A,0,60.500000000,1,0,17960,593728056,60.500000000,60.750000000,1,60,1,4,ESH6 P6720
2026-02-24T18:38:12.385319574Z,2026-02-24T18:38:12.384443057Z,1,1,42435427,T,A,0,66.500000000,1,0,15554,593730765,66.500000000,66.750000000,1,57,1,4,ESH6 P6750
2026-02-24T18:38:13.246729099Z,2026-02-24T18:38:13.244904337Z,1,1,42435427,T,A,0,66.500000000,1,0,15705,593734719,66.500000000,66.750000000,1,58,1,5,ESH6 P6750
2026-02-24T18:38:15.819022007Z,2026-02-24T18:38:15.807258181Z,1,1,2551759,T,A,0,1.550000000,38,0,14203,207470784,1.550000000,1.650000000,91,4,3,1,UD:1V: BO 2551759
2026-02-24T18:38:15.897177295Z,2026-02-24T18:38:15.856718581Z,1,1,2551759,T,A,0,1.550000000,27,0,14301,207471494,1.550000000,1.650000000,53,4,3,1,UD:1V: BO 2551759
2026-02-24T18:38:16.093204357Z,2026-02-24T18:38:16.092599645Z,1,1,2551759,T,A,0,1.550000000,26,0,16276,207471940,1.550000000,1.650000000,26,4,1,1,UD:1V: BO 2551759
2026-02-24T18:38:16.108579104Z,2026-02-24T18:38:16.102890091Z,1,1,42435427,T,A,0,66.500000000,1,0,15029,593759088,66.500000000,66.750000000,1,58,1,5,ESH6 P6750
2026-02-24T18:38:17.398130357Z,2026-02-24T18:38:17.397536751Z,1,1,2551759,T,A,0,1.550000000,20,0,13397,207475968,1.550000000,1.650000000,49,4,1,1,UD:1V: BO 2551759
2026-02-24T18:38:20.918444784Z,2026-02-24T18:38:20.917752951Z,1,1,2551759,T,A,0,1.550000000,12,0,17443,207488215,1.550000000,1.650000000,61,4,2,1,UD:1V: BO 2551759
2026-02-24T18:38:21.092769982Z,2026-02-24T18:38:21.067558939Z,1,1,2551759,T,A,0,1.550000000,12,0,15351,207488599,1.550000000,1.650000000,49,4,2,1,UD:1V: BO 2551759
2026-02-24T18:38:21.161255827Z,2026-02-24T18:38:21.150607033Z,1,1,2551759,T,A,0,1.550000000,12,0,11670,207488881,1.550000000,1.650000000,37,4,2,1,UD:1V: BO 2551759
2026-02-24T18:38:21.360134530Z,2026-02-24T18:38:21.327561559Z,1,1,2551759,T,A,0,1.550000000,12,0,14239,207489612,1.550000000,1.650000000,25,4,2,1,UD:1V: BO 2551759
2026-02-24T18:38:21.641298802Z,2026-02-24T18:38:21.639558385Z,1,1,2551759,T,A,0,1.550000000,12,0,13103,207490651,1.550000000,1.650000000,12,4,1,1,UD:1V: BO 2551759
2026-02-24T18:38:21.642369627Z,2026-02-24T18:38:21.641824923Z,1,1,2551759,T,A,0,1.550000000,12,0,15875,207490660,1.550000000,1.650000000,26,4,1,1,UD:1V: BO 2551759
2026-02-24T18:38:22.238472096Z,2026-02-24T18:38:22.227603179Z,1,1,2551759,T,A,0,1.550000000,14,0,14963,207491470,1.550000000,1.650000000,14,4,1,1,UD:1V: BO 2551759
2026-02-24T18:38:51.112701218Z,2026-02-24T18:38:51.112144193Z,1,1,2560363,T,B,0,5.900000000,1,0,15989,207550830,5.800000000,5.900000000,219,1268,4,7,UD:1V: VT 2560363
2026-02-24T18:39:03.513904363Z,2026-02-24T18:39:03.501001751Z,1,1,2560363,T,A,0,5.800000000,1,0,14268,207575185,5.800000000,5.900000000,1,1139,1,8,UD:1V: VT 2560363
2026-02-24T18:39:04.367303165Z,2026-02-24T18:39:04.143582633Z,1,1,42874360,T,A,0,69.000000000,1,0,13653,594035724,69.000000000,69.250000000,1,33,1,2,ESH6 P6760
2026-02-24T18:39:04.370303719Z,2026-02-24T18:39:04.147811603Z,1,1,42764937,T,A,0,61.750000000,1,0,14316,594035755,61.750000000,62.000000000,1,43,1,4,ESH6 P6725
2026-02-24T18:39:04.390943810Z,2026-02-24T18:39:04.159639905Z,1,1,42874369,T,A,0,64.750000000,1,0,17780,594035895,64.750000000,65.000000000,1,30,1,2,ESH6 P6740
2026-02-24T18:39:04.522263026Z,2026-02-24T18:39:04.511512535Z,1,1,42886222,T,A,0,62.750000000,1,0,11429,594039609,62.750000000,63.000000000,1,52,1,2,ESH6 P6730
2026-02-24T18:39:04.691390176Z,2026-02-24T18:39:04.689596953Z,1,1,42887174,T,A,0,71.250000000,1,0,16223,594040868,71.250000000,71.500000000,1,32,1,2,ESH6 P6770
2026-02-24T18:39:04.791296997Z,2026-02-24T18:39:04.788089897Z,1,1,42874360,T,A,0,69.000000000,1,0,13247,594041406,69.000000000,69.250000000,1,48,1,2,ESH6 P6760
2026-02-24T18:39:04.807996978Z,2026-02-24T18:39:04.793354323Z,1,1,42764937,T,A,0,61.750000000,1,0,17850,594041798,61.750000000,62.000000000,1,39,1,4,ESH6 P6725
2026-02-24T18:39:05.034341867Z,2026-02-24T18:39:05.016942023Z,1,1,42429674,T,A,0,57.000000000,1,0,14557,594044349,57.000000000,57.250000000,1,73,1,5,ESH6 P6700
2026-02-24T18:39:06.763508303Z,2026-02-24T18:39:06.762958733Z,1,1,42643324,T,A,0,72.250000000,1,0,15757,594059809,72.250000000,72.500000000,1,29,1,3,ESH6 P6775
2026-02-24T18:39:11.691623317Z,2026-02-24T18:39:11.568801147Z,1,1,42892047,T,A,0,77.500000000,1,0,15283,594085372,77.500000000,77.750000000,1,27,1,4,ESH6 C6960
2026-02-24T18:39:16.954290685Z,2026-02-24T18:39:16.828500211Z,1,1,42892047,T,A,0,77.250000000,1,0,31513,594119205,77.250000000,77.500000000,1,41,1,4,ESH6 C6960
2026-02-24T18:39:17.939079372Z,2026-02-24T18:39:17.926056677Z,1,1,2534214,T,A,0,62.500000000,4,0,13795,207614260,62.500000000,62.750000000,4,810,1,6,UD:1V: VT 2534214
2026-02-24T18:39:18.578278082Z,2026-02-24T18:39:18.576308611Z,1,1,42887174,T,A,0,71.250000000,1,0,13833,594132413,71.250000000,71.500000000,1,46,1,2,ESH6 P6770
2026-02-24T18:39:18.884709239Z,2026-02-24T18:39:18.876170807Z,1,1,42874361,T,A,0,73.500000000,1,0,17715,594135205,73.500000000,73.750000000,1,47,1,3,ESH6 P6780
2026-02-24T18:39:20.236621325Z,2026-02-24T18:39:20.236055201Z,1,1,42435427,T,A,0,66.750000000,1,0,14358,594142761,66.750000000,67.000000000,1,56,1,4,ESH6 P6750
2026-02-24T18:39:20.402972572Z,2026-02-24T18:39:20.389240075Z,1,1,42643324,T,A,0,72.250000000,1,0,13846,594143637,72.250000000,72.500000000,1,35,1,5,ESH6 P6775
2026-02-24T18:39:36.190568888Z,2026-02-24T18:39:36.190043297Z,1,1,42874360,T,A,0,69.000000000,1,0,14779,594234785,69.000000000,69.250000000,1,49,1,3,ESH6 P6760
2026-02-24T18:39:36.611461231Z,2026-02-24T18:39:36.609467711Z,1,1,42874369,T,A,0,64.750000000,1,0,13863,594235567,64.750000000,65.000000000,1,53,1,3,ESH6 P6740
2026-02-24T18:39:39.043384770Z,2026-02-24T18:39:39.042862113Z,1,1,42874360,T,A,0,69.000000000,1,0,16861,594245098,69.000000000,69.250000000,1,49,1,3,ESH6 P6760
2026-02-24T18:39:43.883990826Z,2026-02-24T18:39:43.883447847Z,1,1,42435427,T,A,0,66.750000000,1,0,13439,594263851,66.750000000,67.000000000,1,57,1,5,ESH6 P6750
2026-02-24T18:39:44.166134381Z,2026-02-24T18:39:44.164218467Z,1,1,42431945,T,A,0,78.250000000,1,0,13346,594264772,78.250000000,78.500000000,1,28,1,4,ESH6 P6800
2026-02-24T18:39:52.819658175Z,2026-02-24T18:39:52.819043273Z,1,1,2560511,T,B,0,0.100000000,5,0,14460,207671558,,0.100000000,0,1579,0,1,UD:1V: BO 2560511
2026-02-24T18:40:08.748828896Z,2026-02-24T18:40:08.713790477Z,1,1,42608050,T,A,0,69.500000000,1,0,16269,594385389,69.500000000,69.750000000,1,49,1,6,ESH6 C6975
2026-02-24T18:40:19.493741308Z,2026-02-24T18:40:19.362414195Z,1,1,42874360,T,A,0,68.500000000,6,0,14233,594448507,68.500000000,68.750000000,25,48,2,2,ESH6 P6760
2026-02-24T18:40:19.872513018Z,2026-02-24T18:40:19.869975135Z,1,1,2560500,T,A,0,51.000000000,14,0,14959,207726264,51.000000000,51.250000000,14,159,1,3,UD:1V: GN 2560500
2026-02-24T18:40:38.316625530Z,2026-02-24T18:40:38.086452327Z,1,1,42429687,T,B,0,57.500000000,1,0,12868,594558279,57.250000000,57.500000000,109,1,12,1,ESH6 C7000
2026-02-24T18:40:45.591187979Z,2026-02-24T18:40:45.437714075Z,1,1,42865925,T,A,0,67.250000000,5,0,13926,594613413,67.250000000,67.750000000,25,102,2,10,ESH6 C6980
2026-02-24T18:40:45.602521686Z,2026-02-24T18:40:45.437714383Z,1,1,42868330,T,A,0,72.500000000,5,0,11506,594613524,72.500000000,73.000000000,25,105,2,11,ESH6 C6970
2026-02-24T18:40:45.608318344Z,2026-02-24T18:40:45.437717219Z,1,1,42865925,T,A,0,67.250000000,5,0,15058,594613616,67.250000000,67.750000000,19,102,1,10,ESH6 C6980
2026-02-24T18:40:45.894495016Z,2026-02-24T18:40:45.888915075Z,1,1,42896847,T,A,0,48.250000000,1,0,12926,594619434,48.250000000,48.500000000,1,29,1,3,ESH6 C7020
2026-02-24T18:40:50.591882618Z,2026-02-24T18:40:50.587406041Z,1,1,42429674,T,A,0,56.750000000,1,0,13925,594653442,56.750000000,57.000000000,28,96,2,7,ESH6 P6700
2026-02-24T18:41:03.099738573Z,2026-02-24T18:41:03.083197319Z,1,1,42896847,T,A,0,48.250000000,1,0,19725,594727389,48.250000000,48.500000000,1,36,1,5,ESH6 C7020
2026-02-24T18:41:08.858339906Z,2026-02-24T18:41:08.842657969Z,1,1,42896847,T,A,0,48.250000000,1,0,17586,594752427,48.250000000,48.500000000,1,36,1,5,ESH6 C7020
2026-02-24T18:41:09.773102448Z,2026-02-24T18:41:09.768089821Z,1,1,42896847,T,A,0,48.250000000,1,0,15100,594757825,48.250000000,48.500000000,1,38,1,6,ESH6 C7020
2026-02-24T18:41:20.324418359Z,2026-02-24T18:41:20.311304555Z,1,1,42895806,T,A,0,58.500000000,1,0,14876,594805153,58.500000000,58.750000000,1,63,1,5,ESH6 P6710
2026-02-24T18:41:23.684799360Z,2026-02-24T18:41:23.630807547Z,1,1,42427507,T,A,0,184.000000000,1,0,16400,594820001,184.000000000,184.500000000,1,32,1,5,ESH6 C6800
2026-02-24T18:41:23.788662480Z,2026-02-24T18:41:23.650415981Z,1,1,42886222,T,A,0,62.250000000,1,0,12432,594822148,62.250000000,62.500000000,27,7,2,2,ESH6 P6730
2026-02-24T18:41:23.937773933Z,2026-02-24T18:41:23.936985415Z,1,1,42429687,T,A,0,57.250000000,3,0,17117,594825094,57.250000000,57.500000000,3,26,1,5,ESH6 C7000
2026-02-24T18:41:28.252745362Z,2026-02-24T18:41:28.252233507Z,1,1,42887174,T,A,0,70.750000000,1,0,14700,594843914,70.750000000,71.250000000,1,106,1,8,ESH6 P6770
2026-02-24T18:41:34.997156170Z,2026-02-24T18:41:34.776756127Z,1,1,42886222,T,A,0,62.250000000,1,0,14445,594887087,62.250000000,62.750000000,26,153,1,9,ESH6 P6730
2026-02-24T18:41:35.002101205Z,2026-02-24T18:41:34.795488691Z,1,1,42874369,T,A,0,64.250000000,8,0,12034,594887180,64.250000000,64.750000000,27,190,2,11,ESH6 P6740
2026-02-24T18:41:42.111252087Z,2026-02-24T18:41:42.110748195Z,1,1,42886163,T,A,0,3.800000000,2,0,14839,594923966,3.800000000,3.950000000,8,402,2,8,ESH6 C7230
2026-02-24T18:41:47.370832162Z,2026-02-24T18:41:47.354946821Z,1,1,42865925,T,A,0,67.250000000,1,0,15998,594938259,67.250000000,67.500000000,20,47,2,7,ESH6 C6980
2026-02-24T18:41:56.066498579Z,2026-02-24T18:41:55.977764509Z,1,1,42887174,T,A,0,70.750000000,6,0,14129,594979267,70.750000000,71.250000000,25,106,3,8,ESH6 P6770
2026-02-24T18:41:58.196010381Z,2026-02-24T18:41:58.185914601Z,1,1,42887189,T,A,0,52.500000000,1,0,15946,594988613,52.500000000,52.750000000,1,52,1,5,ESH6 C7010
2026-02-24T18:41:58.410591330Z,2026-02-24T18:41:58.306355067Z,1,1,42865925,T,A,0,67.000000000,5,0,11532,594991419,67.000000000,67.250000000,5,34,1,5,ESH6 C6980
2026-02-24T18:42:00.059170443Z,2026-02-24T18:42:00.058733765Z,1,1,42429674,T,A,0,56.750000000,1,0,15242,595006454,56.750000000,57.000000000,1,42,1,6,ESH6 P6700
2026-02-24T18:42:00.662884784Z,2026-02-24T18:42:00.569750339Z,1,1,42886221,T,A,0,60.500000000,2,0,13227,595015034,60.500000000,60.750000000,4,31,1,5,ESH6 P6720
2026-02-24T18:42:00.672651373Z,2026-02-24T18:42:00.606778383Z,1,1,42896840,T,A,0,55.000000000,2,0,14068,595015252,55.000000000,55.250000000,4,33,1,5,ESH6 P6690
2026-02-24T18:42:00.692718495Z,2026-02-24T18:42:00.687774713Z,1,1,42431945,T,A,0,78.000000000,1,0,13448,595015899,78.000000000,78.250000000,1,36,1,5,ESH6 P6800
2026-02-24T18:42:02.230297802Z,2026-02-24T18:42:02.229757343Z,1,1,42431945,T,A,0,78.000000000,1,0,14519,595025699,78.000000000,78.250000000,1,36,1,5,ESH6 P6800
2026-02-24T18:42:02.417753419Z,2026-02-24T18:42:02.415934473Z,1,1,42431945,T,A,0,78.000000000,1,0,21530,595026393,78.000000000,78.250000000,1,36,1,5,ESH6 P6800
2026-02-24T18:42:03.553526893Z,2026-02-24T18:42:03.503729845Z,1,1,42427507,T,A,0,183.500000000,1,0,11295,595036411,183.500000000,184.000000000,1,17,1,4,ESH6 C6800
2026-02-24T18:42:07.218433941Z,2026-02-24T18:42:07.217929427Z,1,1,42431945,T,A,0,78.000000000,1,0,21067,595053972,78.000000000,78.250000000,1,94,1,5,ESH6 P6800
2026-02-24T18:42:08.264274712Z,2026-02-24T18:42:08.263751941Z,1,1,42427507,T,A,0,183.500000000,1,0,14374,595060184,183.500000000,184.000000000,1,23,1,7,ESH6 C6800
2026-02-24T18:42:10.243638271Z,2026-02-24T18:42:10.048408533Z,1,1,42895806,T,A,0,58.750000000,1,0,12412,595088611,58.750000000,59.000000000,1,63,1,5,ESH6 P6710
2026-02-24T18:42:10.643493591Z,2026-02-24T18:42:10.634705085Z,1,1,42896833,T,A,0,111.500000000,1,0,14005,595096209,111.500000000,112.000000000,1,63,1,6,ESH6 P6910
2026-02-24T18:42:17.294791855Z,2026-02-24T18:42:17.015648341Z,1,1,42360164,T,A,0,5.400000000,10,0,12044,595128929,5.400000000,5.500000000,143,91,2,5,ESH6 P5850
2026-02-24T18:42:18.467386194Z,2026-02-24T18:42:18.455612293Z,1,1,42608050,T,A,0,69.500000000,1,0,20263,595146553,69.500000000,69.750000000,1,34,1,5,ESH6 C6975
2026-02-24T18:42:26.089401659Z,2026-02-24T18:42:26.073045373Z,1,1,42608050,T,A,0,69.500000000,1,0,19804,595183828,69.500000000,69.750000000,1,58,1,6,ESH6 C6975
2026-02-24T18:42:49.936560935Z,2026-02-24T18:42:49.864413167Z,1,1,42723512,T,A,0,165.000000000,1,0,11611,595315474,165.000000000,165.500000000,1,21,1,5,ESH6 C6825
2026-02-24T18:42:52.583231155Z,2026-02-24T18:42:52.493335103Z,1,1,42886227,T,A,0,75.750000000,1,0,14688,595341406,75.750000000,76.000000000,1,25,1,3,ESH6 P6790
2026-02-24T18:42:52.877169070Z,2026-02-24T18:42:52.872671363Z,1,1,42895806,T,A,0,58.750000000,2,0,14585,595343223,58.750000000,59.000000000,2,57,2,4,ESH6 P6710
2026-02-24T18:42:57.304827934Z,2026-02-24T18:42:57.288653461Z,1,1,42886230,T,A,0,88.750000000,1,0,15415,595365997,88.750000000,89.000000000,1,38,1,3,ESH6 C6940
2026-02-24T18:42:58.609348149Z,2026-02-24T18:42:58.490958923Z,1,1,2534214,T,A,0,62.500000000,4,0,14679,208047879,62.500000000,62.750000000,4,848,1,6,UD:1V: VT 2534214
2026-02-24T18:42:58.860140935Z,2026-02-24T18:42:58.610921379Z,1,1,42429687,T,A,0,56.750000000,1,0,13170,595381196,56.750000000,57.000000000,1,95,1,7,ESH6 C7000
2026-02-24T18:43:00.010683947Z,2026-02-24T18:42:59.974071673Z,1,1,42764937,T,A,0,61.750000000,4,0,14822,595396236,61.750000000,62.000000000,40,70,2,6,ESH6 P6725
2026-02-24T18:43:04.831136138Z,2026-02-24T18:43:04.830600041Z,1,1,2534214,T,A,0,62.500000000,4,0,13384,208065676,62.500000000,62.750000000,4,829,1,6,UD:1V: VT 2534214
2026-02-24T18:43:05.742604874Z,2026-02-24T18:43:05.726281469Z,1,1,42868330,T,A,0,71.750000000,1,0,18451,595424133,71.750000000,72.000000000,1,43,1,4,ESH6 C6970
2026-02-24T18:43:12.303678783Z,2026-02-24T18:43:12.222188397Z,1,1,42895806,T,A,0,58.750000000,1,0,15982,595458044,58.750000000,59.000000000,1,57,1,4,ESH6 P6710
2026-02-24T18:43:43.884817045Z,2026-02-24T18:43:43.879029365Z,1,1,42429687,T,B,0,57.500000000,1,0,11320,595632523,57.250000000,57.500000000,74,1,9,1,ESH6 C7000
2026-02-24T18:43:48.620399621Z,2026-02-24T18:43:48.620057985Z,1,1,42648779,T,B,0,0.150000000,10,0,15947,595661373,0.100000000,0.150000000,250,10,2,1,ESH6 C7750
2026-02-24T18:43:55.825162410Z,2026-02-24T18:43:55.818594535Z,1,1,42626649,T,A,0,295.500000000,19,0,24592,595689705,295.500000000,296.000000000,19,37,1,2,ESH7 C7500
2026-02-24T18:44:22.145250029Z,2026-02-24T18:44:22.136297895Z,1,1,42431944,T,A,0,7.300000000,10,0,13174,595814639,7.300000000,7.400000000,14,112,2,5,ESH6 P6000
2026-02-24T18:44:23.697235552Z,2026-02-24T18:44:23.689902527Z,1,1,42413943,T,B,0,38.000000000,9,0,17252,595826932,37.750000000,38.000000000,281,9,3,1,ESU6 P4700
2026-02-24T18:44:29.810478026Z,2026-02-24T18:44:29.809924227Z,1,1,42895806,T,A,0,58.500000000,1,0,14745,595868422,58.500000000,58.750000000,1,62,1,3,ESH6 P6710
2026-02-24T18:44:48.710513635Z,2026-02-24T18:44:48.694826017Z,1,1,42874379,T,A,0,95.000000000,1,0,18215,595972268,95.000000000,95.250000000,1,26,1,4,ESH6 C6930
2026-02-24T18:44:49.616344546Z,2026-02-24T18:44:49.591989801Z,1,1,42886222,T,A,0,62.250000000,4,0,19066,595980674,62.250000000,62.500000000,30,54,2,3,ESH6 P6730
2026-02-24T18:45:00.332976070Z,2026-02-24T18:45:00.233533793Z,1,1,42378346,T,A,0,36.500000000,15,0,14784,596025334,36.500000000,36.750000000,15,127,1,5,ESM6 C7500
2026-02-24T18:45:24.915005266Z,2026-02-24T18:45:24.914464447Z,1,1,42431937,T,B,0,1.600000000,1,0,13177,596218523,1.550000000,1.600000000,624,1,7,1,ESH6 C7300
2026-02-24T18:45:56.572332575Z,2026-02-24T18:45:56.565283149Z,1,1,42874361,T,A,0,72.500000000,1,0,18040,596373116,72.500000000,72.750000000,1,29,1,3,ESH6 P6780
2026-02-24T18:46:02.134009867Z,2026-02-24T18:46:01.731637673Z,1,1,2558015,T,A,0,23.000000000,100,0,14907,208448835,23.000000000,23.250000000,276,382,6,6,UD:1V: VT 2558015
2026-02-24T18:46:02.320391663Z,2026-02-24T18:46:02.057507803Z,1,1,42874361,T,A,0,72.750000000,1,0,13978,596423892,72.750000000,73.000000000,1,23,1,1,ESH6 P6780
2026-02-24T18:46:02.335716571Z,2026-02-24T18:46:02.065029589Z,1,1,42874360,T,A,0,68.250000000,1,0,16332,596424160,68.250000000,68.500000000,1,24,1,1,ESH6 P6760
2026-02-24T18:46:02.839543687Z,2026-02-24T18:46:02.835135563Z,1,1,42874361,T,A,0,72.750000000,1,0,15920,596429873,72.750000000,73.000000000,1,47,1,3,ESH6 P6780
2026-02-24T18:46:02.853339895Z,2026-02-24T18:46:02.844329601Z,1,1,42874360,T,A,0,68.250000000,1,0,13167,596430160,68.250000000,68.500000000,1,49,1,3,ESH6 P6760
2026-02-24T18:46:03.278593479Z,2026-02-24T18:46:03.276661231Z,1,1,42393601,T,B,0,4.750000000,20,0,15507,596431834,4.700000000,4.750000000,189,20,1,1,ESZ6 C9100
2026-02-24T18:46:04.308668600Z,2026-02-24T18:46:04.298067605Z,1,1,42874361,T,A,0,72.750000000,1,0,15077,596434568,72.750000000,73.000000000,1,47,1,3,ESH6 P6780
2026-02-24T18:46:04.317568738Z,2026-02-24T18:46:04.298776037Z,1,1,42874360,T,A,0,68.250000000,1,0,12984,596434742,68.250000000,68.500000000,1,49,1,3,ESH6 P6760
2026-02-24T18:46:06.001546927Z,2026-02-24T18:46:05.964060993Z,1,1,42886222,T,A,0,62.000000000,1,0,12148,596442965,62.000000000,62.250000000,1,53,1,3,ESH6 P6730
2026-02-24T18:46:23.175144914Z,2026-02-24T18:46:23.034810091Z,1,1,42643324,T,A,0,71.750000000,1,0,11264,596527844,71.750000000,72.000000000,1,34,1,5,ESH6 P6775
2026-02-24T18:46:23.258945887Z,2026-02-24T18:46:23.221027767Z,1,1,42435427,T,A,0,66.250000000,1,0,13854,596529379,66.250000000,66.500000000,1,67,1,6,ESH6 P6750
2026-02-24T18:46:23.496462306Z,2026-02-24T18:46:23.495929095Z,1,1,42435427,T,A,0,66.250000000,1,0,14560,596530503,66.250000000,66.500000000,1,67,1,6,ESH6 P6750
2026-02-24T18:46:23.548704795Z,2026-02-24T18:46:23.547269721Z,1,1,42886227,T,A,0,75.250000000,1,0,14548,596530630,75.250000000,75.500000000,1,49,1,4,ESH6 P6790
2026-02-24T18:46:24.278316845Z,2026-02-24T18:46:24.277811901Z,1,1,42435427,T,A,0,66.250000000,1,0,27311,596533968,66.250000000,66.500000000,1,71,1,7,ESH6 P6750
2026-02-24T18:46:25.886317299Z,2026-02-24T18:46:25.885811487Z,1,1,42643324,T,A,0,71.750000000,1,0,15921,596540241,71.750000000,72.000000000,1,64,1,6,ESH6 P6775
2026-02-24T18:46:25.894736195Z,2026-02-24T18:46:25.888038477Z,1,1,42886221,T,A,0,60.250000000,1,0,18775,596540386,60.250000000,60.500000000,1,62,1,5,ESH6 P6720
2026-02-24T18:46:28.105920546Z,2026-02-24T18:46:28.097368321Z,1,1,42764937,T,A,0,61.250000000,1,0,14516,596549792,61.250000000,61.500000000,1,74,1,6,ESH6 P6725
2026-02-24T18:46:28.173005341Z,2026-02-24T18:46:28.131648783Z,1,1,42865927,T,A,0,80.250000000,1,0,13890,596551097,80.250000000,80.500000000,1,51,1,4,ESH6 P6810
2026-02-24T18:46:28.800618242Z,2026-02-24T18:46:28.797582107Z,1,1,42764937,T,A,0,61.250000000,1,0,14674,596558225,61.250000000,61.500000000,1,70,1,5,ESH6 P6725
2026-02-24T18:46:28.812869735Z,2026-02-24T18:46:28.800548557Z,1,1,42431945,T,A,0,77.750000000,1,0,15356,596558534,77.750000000,78.000000000,1,66,1,7,ESH6 P6800
2026-02-24T18:46:29.992574680Z,2026-02-24T18:46:29.990769251Z,1,1,42435427,T,A,0,66.250000000,1,0,14147,596573643,66.250000000,66.500000000,1,54,1,5,ESH6 P6750
2026-02-24T18:46:30.093619088Z,2026-02-24T18:46:30.091151569Z,1,1,42886227,T,A,0,75.250000000,1,0,22192,596573968,75.250000000,75.500000000,1,51,1,5,ESH6 P6790
2026-02-24T18:46:37.858470312Z,2026-02-24T18:46:37.857889529Z,1,1,2542134,T,A,0,87.250000000,2,0,15090,208519358,87.250000000,87.750000000,4,61,1,5,UD:1V: SG 2542134
2026-02-24T18:46:38.840779523Z,2026-02-24T18:46:38.830521279Z,1,1,42643324,T,A,0,71.750000000,1,0,14586,596622665,71.750000000,72.000000000,1,36,1,6,ESH6 P6775
2026-02-24T18:46:38.859120595Z,2026-02-24T18:46:38.857400433Z,1,1,42435427,T,A,0,66.250000000,1,0,13378,596623059,66.250000000,66.500000000,1,36,1,5,ESH6 P6750
2026-02-24T18:46:45.363872432Z,2026-02-24T18:46:45.363276501Z,1,1,42435427,T,A,0,66.250000000,1,0,14078,596647381,66.250000000,66.500000000,1,36,1,5,ESH6 P6750
2026-02-24T18:46:54.970127840Z,2026-02-24T18:46:54.969556491Z,1,1,42435427,T,A,0,66.250000000,1,0,13066,596692624,66.250000000,66.500000000,1,39,1,5,ESH6 P6750
2026-02-24T18:47:05.562444782Z,2026-02-24T18:47:05.524784097Z,1,1,2559924,T,A,0,85.500000000,1,0,15910,208559390,85.500000000,85.750000000,1,57,1,2,UD:1V: VT 2559924
2026-02-24T18:47:17.424824026Z,2026-02-24T18:47:17.345521481Z,1,1,42372885,T,B,0,15.500000000,4,0,14227,596816077,15.400000000,15.500000000,214,4,5,1,ESM6 P4550
2026-02-24T18:47:19.315993664Z,2026-02-24T18:47:19.301437983Z,1,1,42886213,T,A,0,85.750000000,1,0,13612,596834017,85.750000000,86.000000000,1,33,1,3,ESH6 P6830
2026-02-24T18:47:20.876012319Z,2026-02-24T18:47:20.874586829Z,1,1,42643324,T,A,0,72.000000000,1,0,14125,596844503,72.000000000,72.250000000,1,62,1,6,ESH6 P6775
2026-02-24T18:47:21.111451515Z,2026-02-24T18:47:21.109661013Z,1,1,42886227,T,A,0,75.500000000,1,0,14061,596845404,75.500000000,75.750000000,1,53,1,3,ESH6 P6790
2026-02-24T18:47:23.630772485Z,2026-02-24T18:47:23.630253045Z,1,1,42372885,T,B,0,15.500000000,4,0,14568,596854482,15.400000000,15.500000000,426,4,6,1,ESM6 P4550
2026-02-24T18:47:28.063993480Z,2026-02-24T18:47:28.062034301Z,1,1,42886227,T,A,0,75.500000000,1,0,14279,596865583,75.500000000,75.750000000,1,54,1,4,ESH6 P6790
2026-02-24T18:48:03.769550565Z,2026-02-24T18:48:03.450660159Z,1,1,42572477,T,A,0,11.200000000,1,0,13531,597020541,11.200000000,11.300000000,25,351,2,5,ESM6 C7750
2026-02-24T18:48:05.304965637Z,2026-02-24T18:48:05.301237049Z,1,1,42895806,T,A,0,58.750000000,1,0,14319,597042219,58.750000000,59.000000000,1,69,1,4,ESH6 P6710
2026-02-24T18:48:05.779382170Z,2026-02-24T18:48:05.775826103Z,1,1,42429687,T,A,0,56.750000000,2,0,14300,597046425,56.750000000,57.000000000,2,63,2,7,ESH6 C7000
2026-02-24T18:48:06.461116240Z,2026-02-24T18:48:06.297548357Z,1,1,42431945,T,A,0,78.250000000,1,0,14901,597058210,78.250000000,78.500000000,1,7,1,2,ESH6 P6800
2026-02-24T18:48:07.873968904Z,2026-02-24T18:48:07.873216977Z,1,1,42431945,T,A,0,78.250000000,1,0,14145,597067038,78.250000000,78.500000000,1,35,1,5,ESH6 P6800
2026-02-24T18:48:08.426941309Z,2026-02-24T18:48:08.420004983Z,1,1,42895803,T,A,0,61.500000000,1,0,14333,597069419,61.500000000,61.750000000,1,58,1,6,ESH6 C6990
2026-02-24T18:48:08.827362243Z,2026-02-24T18:48:08.826860191Z,1,1,42431945,T,A,0,78.250000000,1,0,20019,597072400,78.250000000,78.500000000,1,34,1,4,ESH6 P6800
2026-02-24T18:48:09.061103291Z,2026-02-24T18:48:09.038664181Z,1,1,42894579,T,A,0,43.500000000,1,0,21969,597075784,43.500000000,43.750000000,1,57,1,5,ESH6 C7030
2026-02-24T18:48:09.193880587Z,2026-02-24T18:48:09.103006439Z,1,1,2534214,T,A,0,62.500000000,4,0,14600,208684430,62.500000000,62.750000000,4,695,1,5,UD:1V: VT 2534214
2026-02-24T18:48:09.305346843Z,2026-02-24T18:48:09.291909847Z,1,1,42608050,T,A,0,69.000000000,2,0,14041,597081268,69.000000000,69.250000000,2,44,2,4,ESH6 C6975
2026-02-24T18:48:15.036657221Z,2026-02-24T18:48:15.036105053Z,1,1,42431945,T,A,0,78.500000000,1,0,15204,597140280,78.500000000,78.750000000,1,51,1,4,ESH6 P6800
2026-02-24T18:48:17.286103287Z,2026-02-24T18:48:17.285443493Z,1,1,2542134,T,A,0,87.250000000,2,0,14563,208720181,87.250000000,87.500000000,2,38,1,4,UD:1V: SG 2542134
2026-02-24T18:48:25.984217749Z,2026-02-24T18:48:25.983590695Z,1,1,42378373,T,A,0,51.250000000,29,0,14571,597214287,51.250000000,51.500000000,15,69,1,4,ESM6 P5750
2026-02-24T18:48:25.984253171Z,2026-02-24T18:48:25.983683811Z,1,1,42409666,T,A,0,54.500000000,15,0,13461,597214288,54.500000000,54.750000000,15,182,1,6,ESM6 P5800
2026-02-24T18:48:25.984524683Z,2026-02-24T18:48:25.983684219Z,1,1,42409666,T,A,0,54.500000000,15,0,11573,597214289,54.500000000,54.750000000,15,182,1,6,ESM6 P5800
2026-02-24T18:48:25.984554960Z,2026-02-24T18:48:25.983684397Z,1,1,42409666,T,A,0,54.500000000,15,0,11867,597214290,54.500000000,54.750000000,15,182,1,6,ESM6 P5800
2026-02-24T18:48:25.984831905Z,2026-02-24T18:48:25.983684573Z,1,1,42409666,T,A,0,54.500000000,5,0,11831,597214291,54.500000000,54.750000000,5,182,1,6,ESM6 P5800
2026-02-24T18:48:25.985147344Z,2026-02-24T18:48:25.984188751Z,1,1,42378373,T,A,0,51.250000000,21,0,11435,597214295,51.250000000,51.500000000,1,69,1,4,ESM6 P5750
2026-02-24T18:48:29.868404510Z,2026-02-24T18:48:29.867421783Z,1,1,42429674,T,A,0,56.750000000,3,0,14368,597252206,56.750000000,57.000000000,3,71,1,8,ESH6 P6700
2026-02-24T18:48:43.624395210Z,2026-02-24T18:48:43.594330733Z,1,1,42409642,T,B,0,24.250000000,10,0,17210,597306251,24.000000000,24.250000000,600,10,7,1,ESM6 P5050
2026-02-24T18:49:05.668322458Z,2026-02-24T18:49:05.667802237Z,1,1,42428244,T,B,0,0.600000000,1,0,14287,597430072,0.550000000,0.600000000,1173,1,9,1,ESH6 P4400
2026-02-24T18:49:56.995002523Z,2026-02-24T18:49:56.682352835Z,1,1,42394633,T,B,0,14.900000000,4,0,12050,597701841,14.800000000,14.900000000,186,4,3,1,ESM6 P4500
2026-02-24T18:49:56.996724271Z,2026-02-24T18:49:56.686962831Z,1,1,42366506,T,B,0,17.700000000,4,0,11911,597701874,17.600000000,17.700000000,178,4,4,1,ESM6 P4700
2026-02-24T18:50:05.946063311Z,2026-02-24T18:50:05.945006963Z,1,1,42429674,T,B,0,56.750000000,1,0,14480,597760739,56.500000000,56.750000000,139,54,8,2,ESH6 P6700
2026-02-24T18:50:05.947041039Z,2026-02-24T18:50:05.946613839Z,1,1,42429674,T,B,0,56.750000000,1,0,11265,597760753,56.500000000,56.750000000,139,53,8,2,ESH6 P6700
2026-02-24T18:50:05.947900346Z,2026-02-24T18:50:05.947486079Z,1,1,42429674,T,B,0,56.750000000,1,0,11287,597760757,56.500000000,56.750000000,139,52,8,2,ESH6 P6700
2026-02-24T18:50:05.948558450Z,2026-02-24T18:50:05.948357377Z,1,1,42429674,T,B,0,56.750000000,1,0,16797,597760760,56.500000000,56.750000000,139,51,8,2,ESH6 P6700
2026-02-24T18:50:05.949393235Z,2026-02-24T18:50:05.948962247Z,1,1,42429674,T,B,0,56.750000000,1,0,11996,597760763,56.500000000,56.750000000,139,50,8,2,ESH6 P6700
2026-02-24T18:50:05.950208047Z,2026-02-24T18:50:05.949794553Z,1,1,42429674,T,B,0,56.750000000,1,0,11323,597760767,56.500000000,56.750000000,139,49,8,2,ESH6 P6700
2026-02-24T18:50:12.803894759Z,2026-02-24T18:50:12.800686935Z,1,1,273847,T,A,0,229.500000000,100,0,12264,597825198,229.500000000,230.000000000,100,84,1,4,ESZ6 P6300
2026-02-24T18:50:16.823713760Z,2026-02-24T18:50:16.812476733Z,1,1,42429674,T,A,0,56.250000000,7,0,17331,597848768,56.250000000,56.500000000,7,78,1,7,ESH6 P6700
2026-02-24T18:50:17.359472831Z,2026-02-24T18:50:17.352157049Z,1,1,42472880,T,B,0,6.900000000,13,0,16958,597853713,6.800000000,6.900000000,338,13,3,1,ESU6 C8400
2026-02-24T18:50:45.435622506Z,2026-02-24T18:50:45.429939589Z,1,1,42429687,T,B,0,57.500000000,1,0,14965,597996668,57.250000000,57.500000000,134,1,12,1,ESH6 C7000
2026-02-24T18:50:46.771406787Z,2026-02-24T18:50:46.758647041Z,1,1,42429674,T,A,0,56.250000000,7,0,18192,598005275,56.250000000,56.500000000,7,94,1,8,ESH6 P6700
2026-02-24T18:51:20.377690658Z,2026-02-24T18:51:20.371277317Z,1,1,42764937,T,A,0,61.000000000,6,0,15683,598167065,61.000000000,61.250000000,6,59,1,4,ESH6 P6725
2026-02-24T18:51:20.874609227Z,2026-02-24T18:51:20.827317497Z,1,1,42886221,T,A,0,60.000000000,1,0,14132,598170168,60.000000000,60.250000000,1,55,1,4,ESH6 P6720
2026-02-24T18:51:29.344989653Z,2026-02-24T18:51:29.339114333Z,1,1,42435427,T,A,0,66.000000000,6,0,17819,598207354,66.000000000,66.250000000,6,65,1,6,ESH6 P6750
2026-02-24T18:51:38.455884331Z,2026-02-24T18:51:38.450432781Z,1,1,42429674,T,A,0,56.250000000,7,0,16095,598232833,56.250000000,56.500000000,7,59,1,5,ESH6 P6700
2026-02-24T18:51:59.180619532Z,2026-02-24T18:51:59.150399779Z,1,1,42643306,T,B,0,5.200000000,1,0,15073,598324771,5.100000000,5.200000000,394,12,9,1,ESH6 P5825
2026-02-24T18:51:59.261592224Z,2026-02-24T18:51:59.201594059Z,1,1,42643306,T,B,0,5.200000000,1,0,14080,598326418,5.100000000,5.200000000,394,12,9,1,ESH6 P5825
2026-02-24T18:51:59.309573243Z,2026-02-24T18:51:59.254227525Z,1,1,42643306,T,B,0,5.200000000,2,0,13971,598327431,5.100000000,5.200000000,394,11,9,1,ESH6 P5825
2026-02-24T18:51:59.357348853Z,2026-02-24T18:51:59.254669439Z,1,1,42643306,T,B,0,5.200000000,3,0,11523,598328181,5.100000000,5.200000000,394,9,9,1,ESH6 P5825
2026-02-24T18:51:59.371052349Z,2026-02-24T18:51:59.254803085Z,1,1,42643306,T,B,0,5.200000000,1,0,13558,598328394,5.100000000,5.200000000,394,6,9,1,ESH6 P5825
2026-02-24T18:51:59.372473880Z,2026-02-24T18:51:59.254816793Z,1,1,42643306,T,B,0,5.200000000,2,0,14099,598328409,5.100000000,5.200000000,394,5,9,1,ESH6 P5825
2026-02-24T18:52:14.052096008Z,2026-02-24T18:52:13.878652877Z,1,1,2534221,T,A,0,3.250000000,3,0,11796,209169312,3.250000000,3.300000000,3,131,1,3,UD:1V: IC 2534221
2026-02-24T18:52:23.327065432Z,2026-02-24T18:52:23.284189147Z,1,1,2538289,T,B,0,11.200000000,71,0,14256,209191431,11.100000000,11.200000000,840,71,8,1,UD:1V: VT 2538289
2026-02-24T18:52:59.617503543Z,2026-02-24T18:52:59.616130555Z,1,1,42429687,T,B,0,57.250000000,1,0,17392,598702985,57.000000000,57.250000000,88,51,8,4,ESH6 C7000
2026-02-24T18:52:59.907604233Z,2026-02-24T18:52:59.907111889Z,1,1,42429687,T,B,0,57.250000000,1,0,16777,598703323,57.000000000,57.250000000,88,54,8,4,ESH6 C7000
2026-02-24T18:53:01.774274426Z,2026-02-24T18:53:01.773652127Z,1,1,2560875,T,B,0,33.500000000,4,0,17726,209279723,33.250000000,33.500000000,230,4,1,1,UD:1V: BO 2560875
2026-02-24T18:53:01.774880290Z,2026-02-24T18:53:01.774277925Z,1,1,2560875,T,A,0,33.500000000,79,0,14453,209279725,33.500000000,33.750000000,18,1006,1,4,UD:1V: BO 2560875
2026-02-24T18:53:01.775156678Z,2026-02-24T18:53:01.774278101Z,1,1,2560875,T,A,0,33.500000000,17,0,14229,209279727,33.500000000,33.750000000,5,1006,1,4,UD:1V: BO 2560875
2026-02-24T18:53:20.981126970Z,2026-02-24T18:53:20.980611871Z,1,1,42435427,T,B,0,66.250000000,2,0,14423,598814893,66.000000000,66.250000000,113,2,11,1,ESH6 P6750
2026-02-24T18:53:58.799096850Z,2026-02-24T18:53:58.798443847Z,1,1,42499828,T,A,0,11.300000000,4,0,12797,599002330,11.300000000,11.400000000,4,297,1,9,ESH6 C7150
2026-02-24T18:54:47.562273800Z,2026-02-24T18:54:47.556044373Z,1,1,2560500,T,A,0,51.000000000,13,0,15303,209472919,51.000000000,51.250000000,13,180,1,4,UD:1V: GN 2560500
2026-02-24T18:56:18.170234631Z,2026-02-24T18:56:18.169684209Z,1,1,42427508,T,A,0,21.000000000,1,0,12934,599660825,21.000000000,21.250000000,62,266,2,11,ESH6 C7100
2026-02-24T18:56:21.782417826Z,2026-02-24T18:56:21.781896363Z,1,1,42427508,T,A,0,21.000000000,1,0,16266,599677567,21.000000000,21.250000000,61,266,2,11,ESH6 C7100
2026-02-24T18:57:01.769486410Z,2026-02-24T18:57:01.747361703Z,1,1,42409642,T,B,0,24.250000000,10,0,16495,599839054,24.000000000,24.250000000,680,10,8,1,ESM6 P5050
2026-02-24T18:57:05.299817578Z,2026-02-24T18:57:05.299484073Z,1,1,42608052,T,A,0,4.100000000,1,0,13159,599852557,4.100000000,4.150000000,1,508,1,10,ESH6 C7225
2026-02-24T18:57:06.829613536Z,2026-02-24T18:57:06.829255209Z,1,1,42648779,T,B,0,0.150000000,5,0,14283,599860968,0.100000000,0.150000000,348,5,3,1,ESH6 C7750
2026-02-24T18:57:22.802106034Z,2026-02-24T18:57:22.801508267Z,1,1,2567006,T,A,0,5.700000000,1,0,14640,209721602,5.700000000,5.800000000,423,961,4,7,UD:1V: VT 2567006
2026-02-24T18:57:37.404919701Z,2026-02-24T18:57:37.399688585Z,1,1,42426741,T,A,0,30.000000000,3,0,14324,600010658,30.000000000,30.250000000,3,274,1,12,ESH6 P6500
2026-02-24T18:57:43.942413702Z,2026-02-24T18:57:43.941949151Z,1,1,42625790,T,A,0,0.200000000,3,0,14107,600048185,0.200000000,0.250000000,3,1052,1,7,ESH6 P3650
2026-02-24T18:57:43.942870811Z,2026-02-24T18:57:43.942427133Z,1,1,42625790,T,B,0,0.200000000,2,0,11414,600048187,0.150000000,0.200000000,1335,2,6,1,ESH6 P3650
2026-02-24T18:58:11.890232304Z,2026-02-24T18:58:11.802200229Z,1,1,42427500,T,B,0,16.200000000,2,0,15108,600165736,16.100000000,16.200000000,204,2,8,1,ESH6 P6300
2026-02-24T18:58:34.142784162Z,2026-02-24T18:58:34.037564823Z,1,1,42429687,T,A,0,56.750000000,1,0,15114,600280535,56.750000000,57.000000000,1,157,1,12,ESH6 C7000
2026-02-24T18:58:40.950117242Z,2026-02-24T18:58:40.947967787Z,1,1,2534214,T,A,0,62.500000000,4,0,14733,209875482,62.500000000,62.750000000,4,623,1,5,UD:1V: VT 2534214
2026-02-24T18:58:43.517572083Z,2026-02-24T18:58:43.517126409Z,1,1,2561063,T,A,0,-14.500000000,1,0,16816,209884300,-14.500000000,-14.400000000,1,402,1,5,UD:1V: GN 2561063
2026-02-24T18:58:44.728043447Z,2026-02-24T18:58:44.718415801Z,1,1,42572477,T,B,0,11.200000000,1,0,12850,600370664,11.100000000,11.200000000,49,11,2,1,ESM6 C7750
2026-02-24T18:59:07.487470990Z,2026-02-24T18:59:07.487000265Z,1,1,42804075,T,A,0,7.900000000,1,0,17113,600491116,7.900000000,8.100000000,14,351,2,10,ESH6 C7175
2026-02-24T18:59:28.840843471Z,2026-02-24T18:59:28.702347757Z,1,1,2534214,T,A,0,62.500000000,4,0,14019,209990778,62.500000000,62.750000000,4,920,1,6,UD:1V: VT 2534214
2026-02-24T18:59:35.264789486Z,2026-02-24T18:59:35.264258603Z,1,1,2534214,T,A,0,62.500000000,4,0,14682,210004690,62.500000000,62.750000000,4,920,1,6,UD:1V: VT 2534214
2026-02-24T18:59:56.248904803Z,2026-02-24T18:59:56.247670173Z,1,1,42366511,T,A,0,22.750000000,17,0,18185,600778976,22.750000000,23.000000000,17,321,1,6,ESM6 C7600
2026-02-24T19:00:14.553104655Z,2026-02-24T19:00:14.530893635Z,1,1,42427508,T,A,0,20.500000000,3,0,11387,600942427,20.500000000,21.000000000,238,354,11,15,ESH6 C7100
2026-02-24T19:00:25.591781235Z,2026-02-24T19:00:25.533942939Z,1,1,42409648,T,A,0,427.500000000,2,0,14187,601028908,427.500000000,428.500000000,2,18,1,4,ESM6 C6700
2026-02-24T19:00:27.832290975Z,2026-02-24T19:00:27.293129689Z,1,1,2560353,T,A,0,32.000000000,4,0,13960,210161199,32.000000000,32.250000000,4,473,1,3,UD:1V: VT 2560353
2026-02-24T19:00:27.876330480Z,2026-02-24T19:00:27.327878287Z,1,1,42431945,T,B,0,79.000000000,2,0,11698,601052307,78.750000000,79.000000000,72,2,5,1,ESH6 P6800
2026-02-24T19:00:51.705771181Z,2026-02-24T19:00:51.705418379Z,1,1,42377425,T,A,0,104.000000000,2,0,13785,601267845,104.000000000,104.500000000,2,176,1,6,ESU6 P5800
2026-02-24T19:01:53.056714589Z,2026-02-24T19:01:52.905629385Z,1,1,42383331,T,B,0,48.750000000,8,0,13293,601675628,48.500000000,48.750000000,132,8,9,1,ESH6 P6650
2026-02-24T19:01:53.168953432Z,2026-02-24T19:01:53.088216223Z,1,1,42911604,T,B,0,43.000000000,3,0,17036,601678770,42.750000000,43.000000000,99,3,7,1,ESH6 P6610
2026-02-24T19:02:02.045482374Z,2026-02-24T19:02:01.853486551Z,1,1,42689133,T,B,0,4.800000000,12,0,13236,601773500,4.750000000,4.800000000,282,12,6,1,ESH6 P5775
2026-02-24T19:02:02.140527320Z,2026-02-24T19:02:02.043280955Z,1,1,42689133,T,B,0,4.800000000,12,0,14160,601775493,4.750000000,4.800000000,282,12,6,1,ESH6 P5775
2026-02-24T19:02:55.729649751Z,2026-02-24T19:02:55.713975115Z,1,1,2560353,T,A,0,32.000000000,4,0,14432,210568958,32.000000000,32.250000000,4,2704,1,8,UD:1V: VT 2560353
2026-02-24T19:03:03.351289135Z,2026-02-24T19:03:03.332390539Z,1,1,2560353,T,A,0,32.000000000,4,0,14130,210590133,32.000000000,32.250000000,4,2802,1,9,UD:1V: VT 2560353
2026-02-24T19:03:09.760266075Z,2026-02-24T19:03:09.753797585Z,1,1,2560353,T,A,0,32.000000000,4,0,14434,210604638,32.000000000,32.250000000,4,2802,1,9,UD:1V: VT 2560353
2026-02-24T19:03:51.666976747Z,2026-02-24T19:03:51.466593165Z,1,1,2560353,T,A,0,32.000000000,4,0,14501,210676940,32.000000000,32.250000000,4,2572,1,8,UD:1V: VT 2560353
2026-02-24T19:03:51.741518450Z,2026-02-24T19:03:51.468819045Z,1,1,42394731,T,B,0,23.250000000,1,0,10754,602428418,23.000000000,23.250000000,395,10,7,1,ESM6 P5000
2026-02-24T19:03:58.398412555Z,2026-02-24T19:03:58.391399537Z,1,1,2560353,T,A,0,32.000000000,4,0,17582,210698281,32.000000000,32.250000000,4,2572,1,8,UD:1V: VT 2560353
2026-02-24T19:03:59.114703680Z,2026-02-24T19:03:59.114193017Z,1,1,42394731,T,B,0,23.250000000,1,0,17474,602486707,23.000000000,23.250000000,395,9,7,1,ESM6 P5000
2026-02-24T19:03:59.711397071Z,2026-02-24T19:03:59.687781371Z,1,1,42431946,T,B,0,109.000000000,1,0,14203,602488773,108.500000000,109.000000000,70,19,9,2,ESH6 P6900
2026-02-24T19:04:02.139050479Z,2026-02-24T19:04:02.138432163Z,1,1,2561208,T,B,0,62.000000000,1,0,14259,210709225,61.750000000,62.000000000,31,260,2,5,UD:1V: VT 2561208
2026-02-24T19:04:13.034506125Z,2026-02-24T19:04:13.033723761Z,1,1,42372931,T,B,0,25.500000000,2,0,14470,602598951,25.250000000,25.500000000,409,9,6,1,ESM6 P5100
2026-02-24T19:04:13.037306587Z,2026-02-24T19:04:13.034047459Z,1,1,42372931,T,B,0,25.500000000,1,0,12209,602599062,25.250000000,25.500000000,409,7,6,1,ESM6 P5100
2026-02-24T19:04:13.038879216Z,2026-02-24T19:04:13.034509545Z,1,1,42372931,T,B,0,25.500000000,1,0,12231,602599107,25.250000000,25.500000000,409,6,6,1,ESM6 P5100
2026-02-24T19:04:13.497249627Z,2026-02-24T19:04:13.483395597Z,1,1,42372931,T,B,0,25.500000000,1,0,14806,602601294,25.250000000,25.500000000,409,5,6,1,ESM6 P5100
2026-02-24T19:04:13.782704203Z,2026-02-24T19:04:13.780957235Z,1,1,42372931,T,B,0,25.500000000,2,0,14552,602602545,25.250000000,25.500000000,409,4,6,1,ESM6 P5100
2026-02-24T19:04:14.386188563Z,2026-02-24T19:04:14.385039839Z,1,1,42372931,T,B,0,25.500000000,1,0,13166,602605786,25.250000000,25.500000000,409,2,6,1,ESM6 P5100
2026-02-24T19:04:14.447162946Z,2026-02-24T19:04:14.442152615Z,1,1,42372931,T,B,0,25.500000000,1,0,14380,602606730,25.250000000,25.500000000,488,1,7,1,ESM6 P5100
2026-02-24T19:04:20.881941655Z,2026-02-24T19:04:20.881445849Z,1,1,42372931,T,B,0,25.500000000,2,0,14697,602638088,25.250000000,25.500000000,488,9,7,1,ESM6 P5100
2026-02-24T19:04:20.886771162Z,2026-02-24T19:04:20.882612299Z,1,1,42372931,T,B,0,25.500000000,1,0,12365,602638227,25.250000000,25.500000000,488,7,7,1,ESM6 P5100
2026-02-24T19:04:24.181682418Z,2026-02-24T19:04:24.125951485Z,1,1,42372931,T,B,0,25.500000000,1,0,11472,602652858,25.250000000,25.500000000,488,6,7,1,ESM6 P5100
2026-02-24T19:04:38.472747005Z,2026-02-24T19:04:38.472170517Z,1,1,2560353,T,A,0,32.000000000,4,0,14595,210794112,32.000000000,32.250000000,4,2571,1,8,UD:1V: VT 2560353
2026-02-24T19:04:44.605644621Z,2026-02-24T19:04:44.605208817Z,1,1,2560353,T,A,0,32.000000000,4,0,16445,210804457,32.000000000,32.250000000,4,2571,1,8,UD:1V: VT 2560353
2026-02-24T19:04:59.899479579Z,2026-02-24T19:04:59.776519285Z,1,1,2560353,T,A,0,32.000000000,4,0,14187,210834450,32.000000000,32.250000000,4,2571,1,8,UD:1V: VT 2560353
2026-02-24T19:05:06.607124344Z,2026-02-24T19:05:06.606350951Z,1,1,2560353,T,A,0,32.000000000,4,0,16075,210855895,32.000000000,32.250000000,4,2531,1,8,UD:1V: VT 2560353
2026-02-24T19:05:25.543619176Z,2026-02-24T19:05:25.461725057Z,1,1,2560353,T,A,0,32.000000000,4,0,16431,210891889,32.000000000,32.250000000,4,2531,1,8,UD:1V: VT 2560353
2026-02-24T19:05:28.019301713Z,2026-02-24T19:05:28.018804423Z,1,1,42431944,T,B,0,7.600000000,10,0,14269,603041460,7.500000000,7.600000000,191,266,4,6,ESH6 P6000
2026-02-24T19:05:37.157709583Z,2026-02-24T19:05:37.124923639Z,1,1,2560353,T,A,0,32.000000000,4,0,15231,210913474,32.000000000,32.250000000,4,2531,1,8,UD:1V: VT 2560353
2026-02-24T19:05:44.791647504Z,2026-02-24T19:05:44.785822849Z,1,1,2560353,T,A,0,32.000000000,4,0,14900,210931157,32.000000000,32.250000000,4,2531,1,8,UD:1V: VT 2560353
2026-02-24T19:05:50.906168226Z,2026-02-24T19:05:50.905338045Z,1,1,2560353,T,A,0,32.000000000,4,0,15058,210941112,32.000000000,32.250000000,4,2531,1,8,UD:1V: VT 2560353
2026-02-24T19:05:54.589686627Z,2026-02-24T19:05:54.589205153Z,1,1,42431181,T,A,0,42.000000000,10,0,14803,603188867,42.000000000,42.250000000,10,250,1,14,ESH6 P6600
2026-02-24T19:05:54.590169367Z,2026-02-24T19:05:54.589690701Z,1,1,42431181,T,A,0,42.000000000,38,0,11472,603188869,42.000000000,42.250000000,10,250,1,14,ESH6 P6600
2026-02-24T19:05:54.663034981Z,2026-02-24T19:05:54.637399587Z,1,1,42399597,T,B,0,14.400000000,4,0,11883,603189811,14.300000000,14.400000000,187,4,3,1,ESM6 P4450
2026-02-24T19:05:54.664233594Z,2026-02-24T19:05:54.638468655Z,1,1,42404337,T,B,0,13.800000000,4,0,12956,603189835,13.700000000,13.800000000,155,4,2,1,ESM6 P4400
2026-02-24T19:05:54.689233493Z,2026-02-24T19:05:54.664261193Z,1,1,42689133,T,B,0,4.850000000,40,0,14103,603190523,4.800000000,4.850000000,196,40,4,1,ESH6 P5775
2026-02-24T19:05:54.788317895Z,2026-02-24T19:05:54.715740399Z,1,1,42608055,T,B,0,7.200000000,5,0,13351,603192456,7.100000000,7.200000000,230,5,5,2,ESH6 P5975
2026-02-24T19:05:54.892009826Z,2026-02-24T19:05:54.764078211Z,1,1,42405231,T,B,0,4.650000000,15,0,14187,603194722,4.600000000,4.650000000,171,15,3,2,ESH6 P5750
2026-02-24T19:05:54.902866111Z,2026-02-24T19:05:54.764080343Z,1,1,42671213,T,B,0,4.450000000,15,0,15824,603194724,4.400000000,4.450000000,172,15,3,2,ESH6 P5725
2026-02-24T19:05:54.916352947Z,2026-02-24T19:05:54.768453155Z,1,1,42397836,T,A,0,19.300000000,11,0,11209,603194922,19.300000000,19.400000000,11,285,1,2,ESU6 P3800
2026-02-24T19:05:55.010288061Z,2026-02-24T19:05:54.922159589Z,1,1,42360164,T,B,0,5.600000000,12,0,12054,603197357,5.500000000,5.600000000,350,12,5,1,ESH6 P5850
2026-02-24T19:05:55.010527395Z,2026-02-24T19:05:54.922161625Z,1,1,42429003,T,B,0,5.100000000,12,0,15643,603197359,5.000000000,5.100000000,337,12,5,1,ESH6 P5800
2026-02-24T19:05:55.082741031Z,2026-02-24T19:05:55.081495753Z,1,1,42405231,T,B,0,4.650000000,2,0,15839,603198765,4.600000000,4.650000000,202,2,4,1,ESH6 P5750
2026-02-24T19:05:55.113507502Z,2026-02-24T19:05:55.113026239Z,1,1,42384779,T,B,0,152.000000000,1,0,13628,603198884,151.000000000,152.000000000,117,44,8,6,ESM6 P6600
2026-02-24T19:06:59.571249237Z,2026-02-24T19:06:59.570691311Z,1,1,2561232,T,B,0,85.250000000,100,0,13445,211093772,85.000000000,85.250000000,434,100,3,1,UD:1V:CHO 2561232
2026-02-24T19:07:16.058409055Z,2026-02-24T19:07:16.058016341Z,1,1,42378217,T,B,0,3.600000000,20,0,14492,603679252,3.550000000,3.600000000,203,20,3,1,ESM6 P3000
2026-02-24T19:07:19.719303099Z,2026-02-24T19:07:19.718522579Z,1,1,42429687,T,A,0,56.000000000,1,0,14092,603697793,56.000000000,56.250000000,1,150,1,13,ESH6 C7000
2026-02-24T19:07:33.421107655Z,2026-02-24T19:07:33.420148077Z,1,1,2560363,T,A,0,5.700000000,1,0,11891,211167120,5.700000000,5.800000000,1,1725,1,9,UD:1V: VT 2560363
2026-02-24T19:07:57.287818186Z,2026-02-24T19:07:57.238287751Z,1,1,42347631,T,A,0,14.500000000,3,0,13610,603925722,14.500000000,14.600000000,3,357,1,10,ESH6 P6250
2026-02-24T19:08:58.738004259Z,2026-02-24T19:08:58.717283111Z,1,1,42429011,T,A,0,112.000000000,1,0,13629,604251653,112.000000000,112.500000000,1,150,1,13,ESH6 C6900
2026-02-24T19:09:00.387304762Z,2026-02-24T19:09:00.386829315Z,1,1,42427500,T,B,0,16.700000000,3,0,14246,604260052,16.600000000,16.700000000,231,3,8,1,ESH6 P6300
2026-02-24T19:09:01.527594320Z,2026-02-24T19:09:01.527092907Z,1,1,42384729,T,A,0,5.600000000,4,0,14566,604273174,5.600000000,5.700000000,4,442,1,5,ESM6 C7900
2026-02-24T19:09:11.435543014Z,2026-02-24T19:09:11.151772023Z,1,1,2534214,T,A,0,62.250000000,4,0,11883,211383512,62.250000000,62.500000000,4,833,1,6,UD:1V: VT 2534214
2026-02-24T19:09:17.625972016Z,2026-02-24T19:09:17.604405323Z,1,1,2534214,T,B,0,62.250000000,4,0,16287,211404857,62.000000000,62.250000000,1109,37,5,1,UD:1V: VT 2534214
2026-02-24T19:09:23.806010835Z,2026-02-24T19:09:23.805421581Z,1,1,2534214,T,A,0,62.250000000,4,0,14179,211418189,62.250000000,62.500000000,4,829,1,6,UD:1V: VT 2534214
2026-02-24T19:09:27.146202301Z,2026-02-24T19:09:27.139190301Z,1,1,42483101,T,B,0,81.500000000,1,0,14907,604461617,81.250000000,81.500000000,68,1,8,1,ESH6 C6950
2026-02-24T19:09:33.271371096Z,2026-02-24T19:09:33.270059129Z,1,1,42483456,T,A,0,35.000000000,1,0,21308,604497850,35.000000000,35.500000000,142,155,9,11,ESH6 C7050
2026-02-24T19:09:34.141799387Z,2026-02-24T19:09:34.133057061Z,1,1,2534214,T,A,0,62.250000000,4,0,15226,211442008,62.250000000,62.500000000,4,829,1,6,UD:1V: VT 2534214
2026-02-24T19:09:41.894833525Z,2026-02-24T19:09:41.894277963Z,1,1,42429687,T,A,0,55.500000000,5,0,17161,604561294,55.500000000,55.750000000,78,14,7,3,ESH6 C7000
2026-02-24T19:09:59.157172195Z,2026-02-24T19:09:59.080382761Z,1,1,42426741,T,A,0,31.000000000,1,0,14691,604650790,31.000000000,31.250000000,1,244,1,12,ESH6 P6500
2026-02-24T19:10:54.791289022Z,2026-02-24T19:10:54.691124391Z,1,1,2534214,T,A,0,62.250000000,4,0,15123,211620521,62.250000000,62.500000000,4,837,1,6,UD:1V: VT 2534214
2026-02-24T19:10:56.223711303Z,2026-02-24T19:10:56.158032147Z,1,1,42611781,T,A,0,28.500000000,1,0,12905,605021602,28.500000000,28.750000000,16,241,1,6,ESM6 C7550
2026-02-24T19:11:23.830658584Z,2026-02-24T19:11:23.520146545Z,1,1,42611781,T,A,0,28.500000000,16,0,14859,605231517,28.500000000,28.750000000,16,254,1,7,ESM6 C7550
2026-02-24T19:11:23.941306632Z,2026-02-24T19:11:23.531204793Z,1,1,42429687,T,A,0,55.250000000,1,0,15276,605233340,55.250000000,55.500000000,1,48,1,5,ESH6 C7000
2026-02-24T19:12:07.161122071Z,2026-02-24T19:12:07.154113373Z,1,1,42409648,T,A,0,425.000000000,2,0,16800,605546761,425.000000000,426.000000000,2,34,1,5,ESM6 C6700
2026-02-24T19:12:11.917363952Z,2026-02-24T19:12:11.785866479Z,1,1,42429687,T,B,0,55.500000000,18,0,14041,605587988,55.250000000,55.500000000,174,18,13,1,ESH6 C7000
2026-02-24T19:12:30.034992072Z,2026-02-24T19:12:30.034482123Z,1,1,42874359,T,B,0,6.400000000,4,0,14039,605711595,6.300000000,6.400000000,114,4,5,1,ESH6 C7190
2026-02-24T19:12:32.730471810Z,2026-02-24T19:12:32.723461075Z,1,1,42384779,T,A,0,152.000000000,2,0,22648,605727456,152.000000000,152.500000000,2,74,1,7,ESM6 P6600
2026-02-24T19:12:33.407301248Z,2026-02-24T19:12:33.402586575Z,1,1,42409648,T,A,0,426.500000000,2,0,14257,605730475,426.500000000,427.000000000,2,1,1,1,ESM6 C6700
2026-02-24T19:12:39.817111319Z,2026-02-24T19:12:39.791722549Z,1,1,42429687,T,B,0,56.000000000,1,0,15007,605780991,55.750000000,56.000000000,149,1,12,1,ESH6 C7000
2026-02-24T19:12:40.865880747Z,2026-02-24T19:12:40.857700861Z,1,1,42431945,T,A,0,79.500000000,1,0,13948,605793241,79.500000000,79.750000000,1,62,1,8,ESH6 P6800
2026-02-24T19:12:54.553263079Z,2026-02-24T19:12:54.552755681Z,1,1,42429064,T,A,0,93.500000000,1,0,13755,605902082,93.500000000,94.000000000,79,99,10,8,ESH6 P6850
2026-02-24T19:13:00.767540355Z,2026-02-24T19:13:00.765744983Z,1,1,42865925,T,A,0,65.500000000,1,0,15320,605941285,65.500000000,65.750000000,1,72,1,7,ESH6 C6980
2026-02-24T19:13:06.345596208Z,2026-02-24T19:13:06.343003793Z,1,1,42865925,T,A,0,65.500000000,1,0,13506,605966485,65.500000000,65.750000000,1,72,1,7,ESH6 C6980
2026-02-24T19:13:06.790957787Z,2026-02-24T19:13:06.761772129Z,1,1,42608050,T,A,0,68.000000000,1,0,13274,605970374,68.000000000,68.250000000,1,50,1,7,ESH6 C6975
2026-02-24T19:13:21.105886308Z,2026-02-24T19:13:21.099936735Z,1,1,42399704,T,A,0,163.000000000,10,0,14327,606055397,163.000000000,163.500000000,10,67,1,6,ESM6 P6650
2026-02-24T19:13:28.809324146Z,2026-02-24T19:13:28.572421135Z,1,1,2561504,T,A,0,-48.000000000,1,0,13629,212059011,-48.000000000,-47.750000000,1,59,1,2,UD:1V: GN 2561504
2026-02-24T19:13:33.887475244Z,2026-02-24T19:13:33.871220149Z,1,1,42399704,T,A,0,163.000000000,10,0,19845,606120696,163.000000000,163.500000000,10,67,1,6,ESM6 P6650
2026-02-24T19:13:50.049079032Z,2026-02-24T19:13:50.029491135Z,1,1,42431946,T,A,0,110.000000000,1,0,14377,606209638,110.000000000,110.500000000,1,107,1,9,ESH6 P6900
2026-02-24T19:14:37.241594186Z,2026-02-24T19:14:37.237534967Z,1,1,2534214,T,A,0,62.250000000,4,0,13647,212193837,62.250000000,62.500000000,4,1014,1,6,UD:1V: VT 2534214
2026-02-24T19:14:37.925841179Z,2026-02-24T19:14:37.919150959Z,1,1,42392157,T,A,0,206.500000000,22,0,17160,606478794,206.500000000,207.000000000,22,65,1,3,ESZ6 C7500
2026-02-24T19:14:41.382695744Z,2026-02-24T19:14:41.376767863Z,1,1,42483101,T,A,0,81.250000000,1,0,14425,606500307,81.250000000,81.500000000,1,55,1,9,ESH6 C6950
2026-02-24T19:14:43.049429306Z,2026-02-24T19:14:43.001462399Z,1,1,42483101,T,A,0,81.250000000,1,0,18349,606511440,81.250000000,81.500000000,1,55,1,9,ESH6 C6950
2026-02-24T19:15:08.100361677Z,2026-02-24T19:15:08.033391947Z,1,1,42399704,T,A,0,163.000000000,10,0,11211,606647698,163.000000000,163.500000000,10,66,1,6,ESM6 P6650
2026-02-24T19:15:41.174856680Z,2026-02-24T19:15:41.158838053Z,1,1,42427500,T,A,0,16.900000000,2,0,14172,606908602,16.900000000,17.100000000,4,392,1,12,ESH6 P6300
2026-02-24T19:15:49.614861439Z,2026-02-24T19:15:49.614344327Z,1,1,42347631,T,B,0,14.700000000,3,0,20847,606964501,14.500000000,14.700000000,266,269,9,6,ESH6 P6250
2026-02-24T19:16:05.593802186Z,2026-02-24T19:16:05.255937147Z,1,1,42429687,T,A,0,55.250000000,1,0,12668,607080847,55.250000000,55.500000000,1,58,1,5,ESH6 C7000
2026-02-24T19:16:07.438594842Z,2026-02-24T19:16:07.296315249Z,1,1,42426739,T,B,0,3.700000000,1,0,12129,607110910,3.650000000,3.700000000,368,1,7,1,ESH6 P5600
2026-02-24T19:16:34.060108843Z,2026-02-24T19:16:33.976995089Z,1,1,42483456,T,B,0,35.000000000,1,0,14475,607300581,34.750000000,35.000000000,197,8,14,1,ESH6 C7050
2026-02-24T19:16:47.684062115Z,2026-02-24T19:16:47.591823365Z,1,1,42427500,T,B,0,17.000000000,1,0,14624,607377344,16.900000000,17.000000000,162,1,8,1,ESH6 P6300
2026-02-24T19:16:59.327927359Z,2026-02-24T19:16:59.191677203Z,1,1,42483101,T,A,0,80.500000000,1,0,11816,607458998,80.500000000,80.750000000,1,53,1,7,ESH6 C6950
2026-02-24T19:17:04.770692719Z,2026-02-24T19:17:04.702745091Z,1,1,2560363,T,A,0,5.600000000,1,0,12346,212602280,5.600000000,5.700000000,1,1633,1,10,UD:1V: VT 2560363
2026-02-24T19:17:27.336360179Z,2026-02-24T19:17:27.327939533Z,1,1,42679432,T,A,0,1.100000000,120,0,15872,607687936,1.100000000,1.150000000,395,189,1,1,ESZ6 C9800
2026-02-24T19:17:27.528224768Z,2026-02-24T19:17:27.505699693Z,1,1,42426740,T,B,0,10.000000000,2,0,11415,607691771,9.900000000,10.000000000,322,2,6,1,ESH6 P6100
2026-02-24T19:17:29.089865096Z,2026-02-24T19:17:28.765807593Z,1,1,42429687,T,A,0,54.500000000,1,0,10720,607711512,54.500000000,54.750000000,1,66,1,5,ESH6 C7000
2026-02-24T19:17:31.026172784Z,2026-02-24T19:17:30.685445965Z,1,1,2551759,T,A,0,1.600000000,19,0,13370,212702561,1.600000000,1.700000000,38,38,1,1,UD:1V: BO 2551759
2026-02-24T19:17:40.467846602Z,2026-02-24T19:17:40.467324903Z,1,1,42751079,T,A,0,274.500000000,1,0,13341,607867000,274.500000000,276.500000000,31,31,1,1,ESZ7 P5750
2026-02-24T19:17:45.744880293Z,2026-02-24T19:17:45.630982751Z,1,1,42421497,T,B,0,27.500000000,1,0,11565,607918016,27.250000000,27.500000000,128,1,8,1,ESH6 P6450
2026-02-24T19:17:46.042533425Z,2026-02-24T19:17:45.712463653Z,1,1,42429687,T,A,0,54.250000000,6,0,15179,607921846,54.250000000,54.500000000,6,32,1,3,ESH6 C7000
2026-02-24T19:17:48.924312903Z,2026-02-24T19:17:48.529613983Z,1,1,42643324,T,B,0,76.000000000,8,0,17322,607967113,75.500000000,76.000000000,30,30,5,4,ESH6 P6775
2026-02-24T19:17:48.958205603Z,2026-02-24T19:17:48.529630247Z,1,1,42723578,T,B,0,47.500000000,1,0,12168,607967771,47.250000000,47.500000000,42,1,3,1,ESH6 P6625
2026-02-24T19:17:48.958813309Z,2026-02-24T19:17:48.529630247Z,1,1,42764937,T,B,0,65.000000000,2,0,15558,607967772,64.500000000,65.000000000,56,2,7,2,ESH6 P6725
2026-02-24T19:17:48.975699347Z,2026-02-24T19:17:48.530462665Z,1,1,42689132,T,B,0,44.000000000,26,0,11222,607968140,43.500000000,44.000000000,6,31,2,2,ESH6 C7025
2026-02-24T19:17:49.124431730Z,2026-02-24T19:17:48.715838341Z,1,1,2560411,T,B,0,12.100000000,15,0,16419,212801545,12.000000000,12.100000000,666,15,4,1,UD:1V:CVT 2560411
2026-02-24T19:17:49.127398634Z,2026-02-24T19:17:48.717429321Z,1,1,42689131,T,A,0,14.800000000,24,0,13507,607971691,14.800000000,14.900000000,33,117,1,4,ESH6 C7125
2026-02-24T19:17:49.175965341Z,2026-02-24T19:17:48.794366053Z,1,1,42483101,T,B,0,80.250000000,10,0,13440,607972625,79.750000000,80.250000000,21,10,1,1,ESH6 C6950
2026-02-24T19:17:49.197629259Z,2026-02-24T19:17:48.849967121Z,1,1,42868330,T,B,0,69.500000000,3,0,13223,607973069,69.000000000,69.500000000,23,3,2,1,ESH6 C6970
2026-02-24T19:17:49.225942368Z,2026-02-24T19:17:48.897610495Z,1,1,42894572,T,A,0,53.000000000,28,0,15375,607973487,53.000000000,53.250000000,28,48,1,3,ESH6 P6660
2026-02-24T19:17:49.241463317Z,2026-02-24T19:17:48.932169195Z,1,1,2544076,T,B,0,49.250000000,4,0,14163,212802619,49.000000000,49.250000000,40,4,1,1,UD:1V: VT 2544076
2026-02-24T19:17:49.245775701Z,2026-02-24T19:17:48.933089315Z,1,1,2550139,T,B,0,60.250000000,1,0,14484,212802692,60.000000000,60.250000000,45,1,1,1,UD:1V: IC 2550139
2026-02-24T19:17:49.307610432Z,2026-02-24T19:17:48.977854657Z,1,1,42689132,T,B,0,44.000000000,14,0,14061,607975043,43.500000000,44.000000000,89,14,5,1,ESH6 C7025
2026-02-24T19:17:49.398006457Z,2026-02-24T19:17:49.131850291Z,1,1,42689132,T,A,0,44.000000000,4,0,16004,607976720,44.000000000,44.250000000,4,118,1,5,ESH6 C7025
2026-02-24T19:17:49.431465281Z,2026-02-24T19:17:49.198858157Z,1,1,42895804,T,B,0,25.250000000,25,0,13802,607977752,24.750000000,25.250000000,28,25,3,1,ESH6 C7080
2026-02-24T19:17:49.452990851Z,2026-02-24T19:17:49.244652307Z,1,1,42896849,T,B,0,38.250000000,1,0,10250,607978328,37.750000000,38.250000000,3,7,2,2,ESH6 C7040
2026-02-24T19:17:49.453186336Z,2026-02-24T19:17:49.244676189Z,1,1,42689132,T,B,0,44.000000000,1,0,10390,607978334,43.500000000,44.000000000,3,30,2,1,ESH6 C7025
2026-02-24T19:17:49.466560339Z,2026-02-24T19:17:49.272724661Z,1,1,42896849,T,B,0,38.250000000,6,0,11409,607978767,37.750000000,38.250000000,3,6,2,2,ESH6 C7040
2026-02-24T19:17:49.604911794Z,2026-02-24T19:17:49.410465107Z,1,1,42865925,T,B,0,64.500000000,3,0,11606,607981933,64.000000000,64.500000000,1,3,1,1,ESH6 C6980
2026-02-24T19:17:49.767133325Z,2026-02-24T19:17:49.597960947Z,1,1,42865925,T,A,0,64.500000000,20,0,12255,607984857,64.500000000,64.750000000,20,2,1,1,ESH6 C6980
2026-02-24T19:17:49.779199570Z,2026-02-24T19:17:49.616519625Z,1,1,2556734,T,B,0,14.900000000,5,0,11796,212807408,14.700000000,14.900000000,21,13,2,1,UD:1V: GN 2556734
2026-02-24T19:17:51.084864629Z,2026-02-24T19:17:51.062792009Z,1,1,42874359,T,B,0,6.300000000,4,0,14035,608003009,6.200000000,6.300000000,203,4,6,1,ESH6 C7190
2026-02-24T19:17:52.928185912Z,2026-02-24T19:17:52.888899625Z,1,1,42608051,T,B,0,26.750000000,1,0,11756,608021310,26.500000000,26.750000000,70,10,6,1,ESH6 C7075
2026-02-24T19:17:52.938224242Z,2026-02-24T19:17:52.888965017Z,1,1,42483456,T,B,0,34.750000000,9,0,16738,608021395,34.500000000,34.750000000,73,9,6,2,ESH6 C7050
2026-02-24T19:17:53.063247462Z,2026-02-24T19:17:52.975400147Z,1,1,2541788,T,B,0,20.250000000,27,0,16228,212828122,20.000000000,20.250000000,374,27,6,2,UD:1V: VT 2541788
2026-02-24T19:17:53.448346517Z,2026-02-24T19:17:53.304240079Z,1,1,42689132,T,B,0,44.250000000,29,0,15455,608031915,44.000000000,44.250000000,27,46,2,1,ESH6 C7025
2026-02-24T19:17:54.167539711Z,2026-02-24T19:17:54.124402383Z,1,1,42689132,T,B,0,44.250000000,22,0,17305,608039386,44.000000000,44.250000000,58,22,4,3,ESH6 C7025
2026-02-24T19:18:00.290044307Z,2026-02-24T19:18:00.224896405Z,1,1,42429687,T,B,0,55.250000000,6,0,10545,608117893,54.750000000,55.250000000,150,7,10,2,ESH6 C7000
2026-02-24T19:18:00.308519962Z,2026-02-24T19:18:00.225067605Z,1,1,42723512,T,B,0,161.500000000,1,0,11573,608118303,161.000000000,161.500000000,34,1,5,1,ESH6 C6825
2026-02-24T19:18:08.117341746Z,2026-02-24T19:18:08.097719179Z,1,1,42689132,T,B,0,44.500000000,7,0,17031,608199220,44.250000000,44.500000000,179,7,11,1,ESH6 C7025
2026-02-24T19:18:12.099457620Z,2026-02-24T19:18:12.098207697Z,1,1,42404337,T,B,0,14.000000000,4,0,21254,608233916,13.900000000,14.000000000,192,4,4,1,ESM6 P4400
2026-02-24T19:18:13.926666301Z,2026-02-24T19:18:13.926111495Z,1,1,42430464,T,B,0,5.600000000,4,0,14601,608243814,5.500000000,5.600000000,122,4,6,1,ESH6 C7200
2026-02-24T19:18:13.927139749Z,2026-02-24T19:18:13.926123417Z,1,1,42874357,T,B,0,4.900000000,4,0,11398,608243821,4.800000000,4.900000000,47,4,4,1,ESH6 C7210
2026-02-24T19:18:19.491399351Z,2026-02-24T19:18:19.419598041Z,1,1,42483456,T,B,0,35.000000000,8,0,19043,608282292,34.750000000,35.000000000,192,8,10,1,ESH6 C7050
2026-02-24T19:18:19.615331466Z,2026-02-24T19:18:19.469378411Z,1,1,42431945,T,A,0,81.750000000,1,0,17596,608284505,81.750000000,82.000000000,1,88,1,8,ESH6 P6800
2026-02-24T19:18:22.116408438Z,2026-02-24T19:18:22.115932609Z,1,1,42431945,T,A,0,81.750000000,1,0,24348,608306671,81.750000000,82.000000000,1,109,1,9,ESH6 P6800
2026-02-24T19:18:27.114289603Z,2026-02-24T19:18:27.113914159Z,1,1,42630570,T,B,0,22.750000000,1,0,15545,608341919,22.500000000,22.750000000,112,1,3,1,ESH7 C8800
2026-02-24T19:18:27.895582339Z,2026-02-24T19:18:27.847700089Z,1,1,42483456,T,B,0,35.000000000,8,0,13752,608345613,34.750000000,35.000000000,153,8,9,1,ESH6 C7050
2026-02-24T19:18:30.079018503Z,2026-02-24T19:18:30.069455077Z,1,1,42483456,T,B,0,35.000000000,9,0,16721,608365021,34.750000000,35.000000000,190,9,10,2,ESH6 C7050
2026-02-24T19:18:31.256290983Z,2026-02-24T19:18:31.255768891Z,1,1,42429674,T,B,0,60.000000000,5,0,16283,608372107,59.500000000,60.000000000,147,61,10,9,ESH6 P6700
2026-02-24T19:18:36.353171672Z,2026-02-24T19:18:36.352675055Z,1,1,42431945,T,A,0,81.750000000,1,0,11404,608399437,81.750000000,82.000000000,1,62,1,8,ESH6 P6800
2026-02-24T19:18:39.719636015Z,2026-02-24T19:18:39.698887183Z,1,1,42483456,T,B,0,35.000000000,8,0,15864,608414283,34.750000000,35.000000000,191,8,11,1,ESH6 C7050
2026-02-24T19:18:40.220237264Z,2026-02-24T19:18:40.086888561Z,1,1,42483101,T,B,0,81.000000000,2,0,14158,608422233,80.750000000,81.000000000,23,4,5,1,ESH6 C6950
2026-02-24T19:18:43.418178112Z,2026-02-24T19:18:43.411117735Z,1,1,42608051,T,B,0,27.000000000,10,0,15172,608457414,26.750000000,27.000000000,152,10,10,1,ESH6 C7075
2026-02-24T19:18:56.257232843Z,2026-02-24T19:18:56.205559145Z,1,1,2539484,T,B,0,1.500000000,1,0,14591,213041122,1.450000000,1.500000000,3470,1,8,1,UD:1V: VT 2539484
2026-02-24T19:19:10.013340131Z,2026-02-24T19:19:09.954645681Z,1,1,42896849,T,B,0,38.750000000,7,0,20652,608631891,38.500000000,38.750000000,142,7,7,1,ESH6 C7040
2026-02-24T19:19:27.676284703Z,2026-02-24T19:19:27.604110473Z,1,1,2551759,T,A,0,1.600000000,17,0,12861,213126202,1.600000000,1.700000000,38,42,1,2,UD:1V: BO 2551759
2026-02-24T19:19:27.794187629Z,2026-02-24T19:19:27.616818627Z,1,1,2535069,T,B,0,8.500000000,5,0,14033,213126789,8.400000000,8.500000000,1113,5,8,1,UD:1V: VT 2535069
2026-02-24T19:19:29.556662806Z,2026-02-24T19:19:29.114758691Z,1,1,2534214,T,A,0,62.000000000,4,0,13268,213137189,62.000000000,62.250000000,4,854,1,6,UD:1V: VT 2534214
2026-02-24T19:19:29.569103219Z,2026-02-24T19:19:29.114816453Z,1,1,42431192,T,A,0,904.000000000,1,0,11620,608790772,904.000000000,920.500000000,1,124,1,1,ESH6 C6000
2026-02-24T19:19:42.407050280Z,2026-02-24T19:19:42.395122189Z,1,1,42394754,T,B,0,91.250000000,5,0,17712,608885087,91.000000000,91.250000000,80,5,5,1,ESM6 P6200
2026-02-24T19:19:43.995338537Z,2026-02-24T19:19:43.982963587Z,1,1,2556782,T,B,0,1.500000000,133,0,13746,213174640,1.450000000,1.500000000,734,631,4,1,UD:1V: VT 2556782
2026-02-24T19:19:44.056651551Z,2026-02-24T19:19:44.039096937Z,1,1,42384872,T,B,0,189.000000000,3,0,28179,608892481,188.500000000,189.000000000,59,3,6,1,ESM6 P6750
2026-02-24T19:19:44.139490208Z,2026-02-24T19:19:44.085578091Z,1,1,42431192,T,A,0,904.000000000,1,0,11722,608894244,904.000000000,906.000000000,1,8,1,2,ESH6 C6000
2026-02-24T19:19:46.487575747Z,2026-02-24T19:19:46.452733871Z,1,1,42396443,T,B,0,317.000000000,1,0,12206,608914111,316.500000000,317.000000000,27,1,3,1,ESM6 C6850
2026-02-24T19:19:57.996247459Z,2026-02-24T19:19:57.900935411Z,1,1,42366510,T,B,0,167.000000000,2,0,11302,608991236,166.500000000,167.000000000,55,2,6,1,ESM6 C7100
2026-02-24T19:21:06.379723687Z,2026-02-24T19:21:06.363171637Z,1,1,2534214,T,A,0,62.000000000,4,0,14075,213386455,62.000000000,62.250000000,4,854,1,6,UD:1V: VT 2534214
2026-02-24T19:21:18.773067645Z,2026-02-24T19:21:18.684399939Z,1,1,42427413,T,B,0,37.500000000,10,0,16184,609540197,37.250000000,37.500000000,110,10,7,1,ESH6 P6550
2026-02-24T19:21:21.461885267Z,2026-02-24T19:21:21.366388281Z,1,1,2534214,T,A,0,62.000000000,4,0,11590,213418495,62.000000000,62.250000000,4,854,1,6,UD:1V: VT 2534214
2026-02-24T19:22:04.917903618Z,2026-02-24T19:22:04.916091793Z,1,1,42431192,T,A,0,903.500000000,1,0,13241,609887265,903.500000000,920.500000000,1,124,1,1,ESH6 C6000
2026-02-24T19:23:04.090603851Z,2026-02-24T19:23:03.977654169Z,1,1,42429687,T,A,0,54.500000000,1,0,11622,610300543,54.500000000,54.750000000,1,92,1,10,ESH6 C7000
2026-02-24T19:23:21.711384053Z,2026-02-24T19:23:21.687186855Z,1,1,42887173,T,A,0,15.600000000,1,0,13733,610430378,15.600000000,15.700000000,1,22,1,3,ESH6 P6260
2026-02-24T19:23:55.994048171Z,2026-02-24T19:23:55.976321397Z,1,1,2561804,T,A,0,-11.000000000,2,0,14470,213850868,-11.000000000,-10.700000000,10,1,1,1,UD:1V: GN 2561804
2026-02-24T19:23:56.049005514Z,2026-02-24T19:23:55.994060595Z,1,1,2561804,T,A,0,-11.000000000,1,0,14826,213851335,-11.000000000,-10.700000000,8,1,1,1,UD:1V: GN 2561804
2026-02-24T19:24:34.921495373Z,2026-02-24T19:24:34.531153903Z,1,1,2561804,T,A,0,-11.000000000,7,0,14396,213937168,-11.000000000,-10.700000000,7,12,1,3,UD:1V: GN 2561804
2026-02-24T19:24:37.762206612Z,2026-02-24T19:24:37.737218429Z,1,1,42366510,T,A,0,167.000000000,1,0,14614,610931809,167.000000000,167.500000000,1,82,1,8,ESM6 C7100
2026-02-24T19:25:00.457815221Z,2026-02-24T19:25:00.025595073Z,1,1,42506307,T,B,0,42.000000000,9,0,11498,611069490,41.750000000,42.000000000,120,9,2,1,ESU6 P4800
2026-02-24T19:25:17.099658933Z,2026-02-24T19:25:17.099080571Z,1,1,2551759,T,A,0,1.600000000,13,0,14312,214056630,1.600000000,1.700000000,38,42,1,2,UD:1V: BO 2551759
2026-02-24T19:25:40.688131018Z,2026-02-24T19:25:40.676836005Z,1,1,42430453,T,A,0,13.100000000,4,0,14131,611393343,13.100000000,13.200000000,4,24,1,3,ESH6 P6200
2026-02-24T19:26:17.522127112Z,2026-02-24T19:26:17.370805697Z,1,1,2541788,T,B,0,20.250000000,2,0,11672,214240856,20.000000000,20.250000000,509,2,9,1,UD:1V: VT 2541788
2026-02-24T19:26:38.128841315Z,2026-02-24T19:26:38.042599705Z,1,1,42430453,T,A,0,13.100000000,4,0,13488,611846704,13.100000000,13.200000000,4,148,1,5,ESH6 P6200
2026-02-24T19:26:38.419660528Z,2026-02-24T19:26:38.242034055Z,1,1,42921501,T,A,0,12.400000000,4,0,11738,611852118,12.400000000,12.500000000,4,93,1,2,ESH6 P6180
2026-02-24T19:27:00.148045260Z,2026-02-24T19:26:59.894748815Z,1,1,42865925,T,A,0,64.500000000,1,0,18357,612004570,64.500000000,64.750000000,1,24,1,2,ESH6 C6980
2026-02-24T19:27:00.272874147Z,2026-02-24T19:27:00.117934981Z,1,1,42608050,T,A,0,67.000000000,1,0,11232,612007961,67.000000000,67.250000000,20,42,1,3,ESH6 C6975
2026-02-24T19:27:00.420855091Z,2026-02-24T19:27:00.390929599Z,1,1,42427501,T,A,0,157.000000000,1,0,11380,612010066,157.000000000,157.500000000,1,13,1,3,ESH6 P7000
2026-02-24T19:27:00.583286147Z,2026-02-24T19:27:00.582737081Z,1,1,42886227,T,A,0,79.250000000,1,0,13897,612011535,79.250000000,79.500000000,1,23,1,2,ESH6 P6790
2026-02-24T19:27:00.656769202Z,2026-02-24T19:27:00.654923677Z,1,1,42874369,T,A,0,67.750000000,1,0,16393,612012133,67.750000000,68.000000000,1,27,1,2,ESH6 P6740
2026-02-24T19:27:00.664487564Z,2026-02-24T19:27:00.654932161Z,1,1,42431946,T,A,0,112.500000000,4,0,12616,612012211,112.500000000,113.000000000,4,53,2,6,ESH6 P6900
2026-02-24T19:27:01.364544885Z,2026-02-24T19:27:01.356611255Z,1,1,42689130,T,A,0,94.750000000,8,0,17880,612018259,94.750000000,95.000000000,8,36,2,3,ESH6 C6925
2026-02-24T19:27:01.804848651Z,2026-02-24T19:27:01.784347209Z,1,1,42874373,T,A,0,105.500000000,4,0,16605,612021592,105.500000000,106.000000000,4,63,1,7,ESH6 P6880
2026-02-24T19:27:01.820932018Z,2026-02-24T19:27:01.817975555Z,1,1,42886227,T,A,0,79.250000000,1,0,11192,612022116,79.250000000,79.500000000,1,23,1,2,ESH6 P6790
2026-02-24T19:27:01.830819637Z,2026-02-24T19:27:01.829229265Z,1,1,42874369,T,A,0,67.750000000,1,0,15461,612022228,67.750000000,68.000000000,1,28,1,3,ESH6 P6740
2026-02-24T19:27:02.893525606Z,2026-02-24T19:27:02.886777531Z,1,1,42868334,T,A,0,136.500000000,1,0,16086,612025837,136.500000000,137.000000000,1,89,1,7,ESH6 C6860
2026-02-24T19:27:03.079733842Z,2026-02-24T19:27:03.041214521Z,1,1,42894577,T,A,0,164.500000000,1,0,14263,612028178,164.500000000,165.000000000,1,20,1,4,ESH6 C6820
2026-02-24T19:27:03.117724722Z,2026-02-24T19:27:03.115472295Z,1,1,42874379,T,A,0,91.750000000,7,0,14084,612029237,91.750000000,92.000000000,7,36,2,3,ESH6 C6930
2026-02-24T19:27:03.888843064Z,2026-02-24T19:27:03.873764657Z,1,1,42874379,T,A,0,91.750000000,1,0,16777,612032046,91.750000000,92.000000000,1,37,1,4,ESH6 C6930
2026-02-24T19:27:04.044044855Z,2026-02-24T19:27:04.043478299Z,1,1,42895790,T,A,0,186.500000000,1,0,14067,612033416,186.500000000,187.000000000,1,3,1,3,ESH6 C6790
2026-02-24T19:27:04.170980595Z,2026-02-24T19:27:04.166404729Z,1,1,42894579,T,A,0,42.000000000,6,0,13999,612033693,42.000000000,42.250000000,6,58,2,4,ESH6 C7030
2026-02-24T19:27:04.760406050Z,2026-02-24T19:27:04.701734211Z,1,1,42874360,T,A,0,72.250000000,1,0,15199,612039020,72.250000000,72.500000000,24,4,2,2,ESH6 P6760
2026-02-24T19:27:04.961028443Z,2026-02-24T19:27:04.960090457Z,1,1,42643324,T,A,0,75.750000000,13,0,13507,612041235,75.750000000,76.000000000,13,55,1,3,ESH6 P6775
2026-02-24T19:27:06.592419963Z,2026-02-24T19:27:06.586451359Z,1,1,42865927,T,A,0,84.500000000,9,0,17384,612046144,84.500000000,84.750000000,9,42,2,3,ESH6 P6810
2026-02-24T19:27:07.498647317Z,2026-02-24T19:27:07.380926943Z,1,1,42887188,T,A,0,150.000000000,1,0,11254,612055426,150.000000000,150.500000000,1,20,1,3,ESH6 C6840
2026-02-24T19:27:07.937278815Z,2026-02-24T19:27:07.933276045Z,1,1,42431945,T,A,0,82.000000000,9,0,17185,612063484,82.000000000,82.250000000,9,23,2,3,ESH6 P6800
2026-02-24T19:27:08.277287616Z,2026-02-24T19:27:08.272125043Z,1,1,42887189,T,A,0,50.250000000,1,0,20060,612065114,50.250000000,50.500000000,1,59,1,5,ESH6 C7010
2026-02-24T19:27:09.158154152Z,2026-02-24T19:27:09.152904341Z,1,1,42887189,T,A,0,50.250000000,1,0,16181,612067797,50.250000000,50.500000000,1,59,1,5,ESH6 C7010
2026-02-24T19:27:09.180147949Z,2026-02-24T19:27:09.154075779Z,1,1,42887188,T,A,0,150.000000000,1,0,11528,612068373,150.000000000,150.500000000,1,80,1,6,ESH6 C6840
2026-02-24T19:27:12.015264600Z,2026-02-24T19:27:12.011428553Z,1,1,42548887,T,A,0,17.400000000,15,0,17703,612087878,17.400000000,17.500000000,15,25,1,1,ESU6 P3650
2026-02-24T19:27:12.291944323Z,2026-02-24T19:27:12.269870797Z,1,1,42895790,T,A,0,186.000000000,1,0,13832,612089111,186.000000000,186.500000000,1,3,1,3,ESH6 C6790
2026-02-24T19:27:13.383290292Z,2026-02-24T19:27:13.332690957Z,1,1,42366462,T,A,0,20.750000000,30,0,11727,612097054,20.750000000,21.000000000,121,629,1,7,ESM6 P4850
2026-02-24T19:27:13.383325157Z,2026-02-24T19:27:13.332691133Z,1,1,42372885,T,A,0,16.000000000,8,0,11704,612097056,16.000000000,16.100000000,137,58,1,4,ESM6 P4550
2026-02-24T19:27:13.518944199Z,2026-02-24T19:27:13.433736347Z,1,1,42435427,T,A,0,70.250000000,4,0,14279,612099707,70.250000000,70.500000000,38,29,2,4,ESH6 P6750
2026-02-24T19:27:13.970763303Z,2026-02-24T19:27:13.747218149Z,1,1,42366462,T,A,0,20.750000000,4,0,11579,612107261,20.750000000,21.000000000,4,731,1,9,ESM6 P4850
2026-02-24T19:27:14.386789854Z,2026-02-24T19:27:14.354476477Z,1,1,42378288,T,A,0,30.250000000,27,0,10531,612110660,30.250000000,30.500000000,96,189,2,6,ESM6 P5250
2026-02-24T19:27:14.407539555Z,2026-02-24T19:27:14.393917957Z,1,1,42394633,T,A,0,15.300000000,14,0,14709,612111415,15.300000000,15.400000000,144,30,2,3,ESM6 P4500
2026-02-24T19:27:14.610599821Z,2026-02-24T19:27:14.571770217Z,1,1,42429687,T,A,0,54.500000000,8,0,17441,612114929,54.500000000,54.750000000,8,64,2,5,ESH6 C7000
2026-02-24T19:27:14.654746896Z,2026-02-24T19:27:14.653267761Z,1,1,42378288,T,A,0,30.250000000,4,0,14134,612115868,30.250000000,30.500000000,4,189,1,6,ESM6 P5250
2026-02-24T19:27:14.654955263Z,2026-02-24T19:27:14.653267937Z,1,1,42366463,T,A,0,19.000000000,4,0,14155,612115870,19.000000000,19.100000000,4,40,1,4,ESM6 P4750
2026-02-24T19:27:15.500025168Z,2026-02-24T19:27:15.485746125Z,1,1,42429687,T,A,0,54.500000000,1,0,19045,612119729,54.500000000,54.750000000,1,85,1,8,ESH6 C7000
2026-02-24T19:27:15.523593266Z,2026-02-24T19:27:15.485787575Z,1,1,42689130,T,A,0,94.250000000,8,0,10335,612120107,94.250000000,94.500000000,8,36,2,3,ESH6 C6925
2026-02-24T19:27:17.898297232Z,2026-02-24T19:27:17.884731301Z,1,1,42887189,T,A,0,50.000000000,1,0,18925,612129311,50.000000000,50.250000000,1,53,1,5,ESH6 C7010
2026-02-24T19:27:17.949942021Z,2026-02-24T19:27:17.948285163Z,1,1,42689130,T,A,0,94.250000000,12,0,15333,612130321,94.250000000,94.500000000,12,40,1,4,ESH6 C6925
2026-02-24T19:27:19.541109081Z,2026-02-24T19:27:19.516225295Z,1,1,42887189,T,A,0,50.000000000,1,0,16256,612135385,50.000000000,50.250000000,1,53,1,5,ESH6 C7010
2026-02-24T19:27:20.663727938Z,2026-02-24T19:27:20.656754461Z,1,1,42764937,T,A,0,65.000000000,6,0,20039,612148614,65.000000000,65.250000000,6,55,1,4,ESH6 P6725
2026-02-24T19:27:22.516424077Z,2026-02-24T19:27:22.500787109Z,1,1,42895803,T,A,0,59.250000000,1,0,17091,612153635,59.250000000,59.500000000,1,65,1,6,ESH6 C6990
2026-02-24T19:27:27.644281762Z,2026-02-24T19:27:27.627651173Z,1,1,42429687,T,A,0,54.500000000,1,0,18811,612175306,54.500000000,54.750000000,1,92,1,7,ESH6 C7000
2026-02-24T19:27:29.484182885Z,2026-02-24T19:27:29.472324363Z,1,1,42689130,T,A,0,94.250000000,8,0,16576,612189996,94.250000000,94.500000000,8,34,2,2,ESH6 C6925
2026-02-24T19:27:29.565129067Z,2026-02-24T19:27:29.542097517Z,1,1,42887189,T,A,0,50.000000000,1,0,14429,612191869,50.000000000,50.250000000,1,50,1,5,ESH6 C7010
2026-02-24T19:27:29.915096250Z,2026-02-24T19:27:29.911086387Z,1,1,42887189,T,A,0,50.000000000,1,0,15432,612194223,50.000000000,50.250000000,1,51,1,6,ESH6 C7010
2026-02-24T19:27:34.918885746Z,2026-02-24T19:27:34.823441233Z,1,1,42431945,T,A,0,82.250000000,4,0,17087,612230132,82.250000000,82.500000000,4,28,1,4,ESH6 P6800
2026-02-24T19:27:37.299668466Z,2026-02-24T19:27:37.282403435Z,1,1,42887189,T,A,0,50.000000000,1,0,15643,612240104,50.000000000,50.250000000,1,83,1,7,ESH6 C7010
2026-02-24T19:27:39.408830200Z,2026-02-24T19:27:39.391505301Z,1,1,42887189,T,A,0,50.000000000,1,0,14486,612252402,50.000000000,50.250000000,1,83,1,7,ESH6 C7010
2026-02-24T19:27:39.922482314Z,2026-02-24T19:27:39.717237847Z,1,1,42608050,T,A,0,66.500000000,5,0,17586,612262116,66.500000000,66.750000000,5,19,1,3,ESH6 C6975
2026-02-24T19:27:40.413736815Z,2026-02-24T19:27:40.405312943Z,1,1,42887189,T,A,0,50.000000000,1,0,15865,612267532,50.000000000,50.250000000,1,58,1,6,ESH6 C7010
2026-02-24T19:27:41.406366463Z,2026-02-24T19:27:41.401610127Z,1,1,42887189,T,A,0,50.000000000,1,0,15886,612272223,50.000000000,50.250000000,1,60,1,7,ESH6 C7010
2026-02-24T19:27:42.105960088Z,2026-02-24T19:27:42.097272415Z,1,1,42608050,T,A,0,66.500000000,10,0,19482,612274816,66.500000000,66.750000000,10,56,2,7,ESH6 C6975
2026-02-24T19:27:56.949766229Z,2026-02-24T19:27:56.087077953Z,1,1,42429687,T,B,0,55.250000000,1,0,28657,612405972,55.000000000,55.250000000,98,1,9,1,ESH6 C7000
2026-02-24T19:28:01.420366427Z,2026-02-24T19:28:01.346104559Z,1,1,42874369,T,A,0,67.250000000,1,0,11272,612460761,67.250000000,67.500000000,1,27,1,2,ESH6 P6740
2026-02-24T19:28:09.999082224Z,2026-02-24T19:28:09.870268323Z,1,1,42764937,T,A,0,64.000000000,4,0,14420,612551022,64.000000000,64.250000000,4,55,1,4,ESH6 P6725
2026-02-24T19:28:36.180301528Z,2026-02-24T19:28:35.987198293Z,1,1,42764937,T,A,0,64.250000000,1,0,18724,612805293,64.250000000,64.500000000,1,67,1,4,ESH6 P6725
2026-02-24T19:29:09.399611688Z,2026-02-24T19:29:09.388302025Z,1,1,42886227,T,A,0,79.000000000,1,0,15857,613066764,79.000000000,79.250000000,1,48,1,2,ESH6 P6790
2026-02-24T19:29:09.412419167Z,2026-02-24T19:29:09.388725481Z,1,1,42874369,T,A,0,67.500000000,1,0,16109,613066964,67.500000000,67.750000000,1,50,1,2,ESH6 P6740
2026-02-24T19:29:22.184890584Z,2026-02-24T19:29:22.174452283Z,1,1,2534215,T,A,0,44.250000000,4,0,13491,214854815,44.250000000,44.500000000,4,377,1,4,UD:1V: VT 2534215
2026-02-24T19:29:34.394593674Z,2026-02-24T19:29:34.265514977Z,1,1,2534214,T,A,0,62.000000000,4,0,11549,214885081,62.000000000,62.250000000,4,836,1,6,UD:1V: VT 2534214
2026-02-24T19:29:34.774908370Z,2026-02-24T19:29:34.774352067Z,1,1,2561942,T,A,0,77.750000000,50,0,14866,214887727,77.750000000,78.000000000,50,636,1,8,UD:1V:CVT 2561942
2026-02-24T19:29:34.775120634Z,2026-02-24T19:29:34.774352243Z,1,1,2561942,T,A,0,77.750000000,50,0,11606,214887729,77.750000000,78.000000000,50,636,1,8,UD:1V:CVT 2561942
2026-02-24T19:29:34.775424919Z,2026-02-24T19:29:34.774367809Z,1,1,2561942,T,A,0,77.750000000,13,0,11803,214887731,77.750000000,78.000000000,25,636,1,8,UD:1V:CVT 2561942
2026-02-24T19:29:34.775696027Z,2026-02-24T19:29:34.774373549Z,1,1,2561942,T,A,0,77.750000000,12,0,10686,214887733,77.750000000,78.000000000,12,636,1,8,UD:1V:CVT 2561942
2026-02-24T19:29:38.253427401Z,2026-02-24T19:29:38.247771841Z,1,1,42896849,T,B,0,38.250000000,3,0,18747,613235895,38.000000000,38.250000000,99,27,7,1,ESH6 C7040
2026-02-24T19:29:43.682650538Z,2026-02-24T19:29:43.678513855Z,1,1,42404337,T,B,0,14.100000000,5,0,14688,613268310,14.000000000,14.100000000,193,5,4,2,ESM6 P4400
2026-02-24T19:29:52.834504776Z,2026-02-24T19:29:52.830442553Z,1,1,42429064,T,A,0,95.500000000,1,0,12991,613322360,95.500000000,95.750000000,1,69,1,9,ESH6 P6850
2026-02-24T19:29:56.919009059Z,2026-02-24T19:29:56.843609875Z,1,1,2784770,T,B,0,36.000000000,25,0,10610,214942738,35.750000000,36.000000000,185,104,6,2,UD:1V: VT 2784770
2026-02-24T19:30:00.624484095Z,2026-02-24T19:30:00.559174409Z,1,1,42886230,T,B,0,86.250000000,1,0,14483,613372280,86.000000000,86.250000000,37,4,4,1,ESH6 C6940
2026-02-24T19:30:26.395659456Z,2026-02-24T19:30:26.384795465Z,1,1,42431945,T,A,0,81.500000000,1,0,11517,613591114,81.500000000,81.750000000,1,53,1,7,ESH6 P6800
2026-02-24T19:30:41.518793911Z,2026-02-24T19:30:41.505954511Z,1,1,42689133,T,B,0,5.100000000,1,0,13930,613696396,5.000000000,5.100000000,744,1,13,1,ESH6 P5775
2026-02-24T19:30:41.571198010Z,2026-02-24T19:30:41.522190971Z,1,1,42429687,T,A,0,55.000000000,1,0,16422,613697508,55.000000000,55.250000000,1,97,1,8,ESH6 C7000
2026-02-24T19:31:38.639906899Z,2026-02-24T19:31:38.639060355Z,1,1,42360165,T,B,0,11.300000000,59,0,14293,614092645,11.200000000,11.300000000,428,59,10,1,ESH6 P6150
2026-02-24T19:32:00.546537581Z,2026-02-24T19:32:00.485596277Z,1,1,42360165,T,B,0,11.300000000,34,0,12233,614218060,11.200000000,11.300000000,316,59,9,1,ESH6 P6150
2026-02-24T19:32:10.706627099Z,2026-02-24T19:32:10.705185691Z,1,1,42360165,T,B,0,11.300000000,25,0,16564,614288712,11.200000000,11.300000000,570,25,12,1,ESH6 P6150
2026-02-24T19:32:33.380278547Z,2026-02-24T19:32:32.956317621Z,1,1,315095,T,A,0,34.750000000,1,0,14279,614416340,34.750000000,35.000000000,1,620,1,6,ESZ6 P4000
2026-02-24T19:32:51.069087797Z,2026-02-24T19:32:51.068756395Z,1,1,42429674,T,A,0,59.000000000,5,0,11716,614528099,59.000000000,59.250000000,5,116,1,10,ESH6 P6700
2026-02-24T19:33:11.807319136Z,2026-02-24T19:33:11.794522067Z,1,1,2561838,T,A,0,307.500000000,1,0,16269,215448993,307.500000000,308.500000000,1,38,1,2,UD:1V: SG 2561838
2026-02-24T19:33:20.802020613Z,2026-02-24T19:33:20.795896263Z,1,1,2561838,T,A,0,307.500000000,1,0,14602,215466807,307.500000000,308.500000000,1,34,1,1,UD:1V: SG 2561838
2026-02-24T19:34:54.917830083Z,2026-02-24T19:34:54.917147965Z,1,1,2546683,T,A,0,11.400000000,63,0,16751,215626233,11.400000000,11.500000000,140,63,4,1,UD:1V: BO 2546683
2026-02-24T19:35:05.845153845Z,2026-02-24T19:35:05.840212429Z,1,1,2534214,T,A,0,62.000000000,4,0,14362,215644603,62.000000000,62.250000000,4,841,1,6,UD:1V: VT 2534214
2026-02-24T19:35:08.444833218Z,2026-02-24T19:35:08.444256493Z,1,1,2546683,T,A,0,11.400000000,3,0,14918,215650319,11.400000000,11.600000000,214,589,5,5,UD:1V: BO 2546683
2026-02-24T19:35:24.535990803Z,2026-02-24T19:35:24.527402179Z,1,1,2546683,T,A,0,11.400000000,2,0,12562,215702079,11.400000000,11.600000000,120,493,4,4,UD:1V: BO 2546683
2026-02-24T19:35:34.002354667Z,2026-02-24T19:35:33.842037987Z,1,1,42429011,T,B,0,110.000000000,4,0,11433,615367415,109.500000000,110.000000000,124,4,10,1,ESH6 C6900
2026-02-24T19:36:55.661481589Z,2026-02-24T19:36:55.649616829Z,1,1,42384872,T,B,0,188.500000000,3,0,17477,615892074,188.000000000,188.500000000,63,3,7,1,ESM6 P6750
2026-02-24T19:37:02.067140765Z,2026-02-24T19:37:02.061918579Z,1,1,42394733,T,A,0,31.750000000,4,0,12889,615929187,31.750000000,32.000000000,4,334,1,7,ESM6 P5300
2026-02-24T19:37:02.180347434Z,2026-02-24T19:37:02.179767645Z,1,1,2561795,T,A,0,451.000000000,1,0,14086,215922042,451.000000000,452.500000000,1,24,1,1,UD:1V: SG 2561795
2026-02-24T19:37:03.279773981Z,2026-02-24T19:37:03.278096105Z,1,1,2534214,T,A,0,62.000000000,4,0,15719,215925691,62.000000000,62.250000000,4,841,1,6,UD:1V: VT 2534214
2026-02-24T19:37:03.321644597Z,2026-02-24T19:37:03.278366121Z,1,1,42384872,T,B,0,188.500000000,3,0,11943,615939133,188.000000000,188.500000000,61,3,6,1,ESM6 P6750
2026-02-24T19:37:06.000492048Z,2026-02-24T19:37:05.994373315Z,1,1,42384872,T,B,0,188.500000000,3,0,15218,615959305,188.000000000,188.500000000,69,3,7,1,ESM6 P6750
2026-02-24T19:37:09.184951371Z,2026-02-24T19:37:09.177576139Z,1,1,42384779,T,B,0,153.500000000,3,0,12959,615979457,153.000000000,153.500000000,95,3,7,1,ESM6 P6600
2026-02-24T19:37:12.287373039Z,2026-02-24T19:37:12.279910711Z,1,1,42399706,T,B,0,176.000000000,3,0,13037,615989190,175.500000000,176.000000000,62,3,6,1,ESM6 P6700
2026-02-24T19:37:24.858703103Z,2026-02-24T19:37:24.613907835Z,1,1,42384872,T,A,0,188.500000000,3,0,11690,616040837,188.500000000,189.000000000,4,58,1,5,ESM6 P6750
2026-02-24T19:37:30.824520487Z,2026-02-24T19:37:30.803131041Z,1,1,42372931,T,A,0,26.000000000,4,0,15341,616069985,26.000000000,26.250000000,4,380,1,7,ESM6 P5100
2026-02-24T19:37:31.706791938Z,2026-02-24T19:37:31.146953577Z,1,1,42399706,T,A,0,175.500000000,4,0,14237,616085789,175.500000000,176.000000000,4,29,1,3,ESM6 P6700
2026-02-24T19:37:39.934782603Z,2026-02-24T19:37:39.934102609Z,1,1,42372931,T,B,0,26.000000000,5,0,14055,616155887,25.750000000,26.000000000,606,9,8,1,ESM6 P5100
2026-02-24T19:37:40.433459895Z,2026-02-24T19:37:40.419422733Z,1,1,42429687,T,B,0,55.000000000,6,0,16021,616157730,54.750000000,55.000000000,113,6,8,1,ESH6 C7000
2026-02-24T19:37:51.024174395Z,2026-02-24T19:37:50.962276159Z,1,1,42483456,T,B,0,34.750000000,8,0,12097,616196739,34.500000000,34.750000000,138,8,8,1,ESH6 C7050
2026-02-24T19:38:09.543391895Z,2026-02-24T19:38:09.502781159Z,1,1,42404348,T,A,0,387.000000000,2,0,14915,616283113,387.000000000,388.000000000,2,26,1,5,ESM6 C6750
2026-02-24T19:38:13.773556883Z,2026-02-24T19:38:13.759510081Z,1,1,42409648,T,A,0,424.000000000,2,0,15616,616311812,424.000000000,425.000000000,2,19,1,4,ESM6 C6700
2026-02-24T19:38:15.556809448Z,2026-02-24T19:38:15.449997263Z,1,1,42384872,T,B,0,188.500000000,3,0,16609,616322153,188.000000000,188.500000000,59,3,6,1,ESM6 P6750
2026-02-24T19:38:19.038962015Z,2026-02-24T19:38:19.006756871Z,1,1,2534214,T,A,0,62.000000000,4,0,14782,216072359,62.000000000,62.250000000,4,841,1,6,UD:1V: VT 2534214
2026-02-24T19:38:20.789700794Z,2026-02-24T19:38:20.729055441Z,1,1,42404348,T,A,0,387.000000000,2,0,11629,616368993,387.000000000,388.000000000,2,11,1,3,ESM6 C6750
2026-02-24T19:38:50.397901901Z,2026-02-24T19:38:50.392528677Z,1,1,42409648,T,A,0,424.500000000,2,0,14258,616499612,424.500000000,425.000000000,2,1,1,1,ESM6 C6700
2026-02-24T19:38:50.562626531Z,2026-02-24T19:38:50.560276857Z,1,1,42409648,T,A,0,424.500000000,2,0,14655,616500269,424.500000000,425.000000000,2,1,1,1,ESM6 C6700
2026-02-24T19:38:55.454533037Z,2026-02-24T19:38:55.454008501Z,1,1,2540625,T,A,0,222.500000000,1,0,17092,216142272,222.500000000,223.500000000,1,49,1,5,UD:1V: ST 2540625
2026-02-24T19:39:15.208193778Z,2026-02-24T19:39:15.204955503Z,1,1,42431937,T,A,0,1.600000000,5,0,14219,616640377,1.600000000,1.650000000,5,561,1,9,ESH6 C7300
2026-02-24T19:39:17.275881768Z,2026-02-24T19:39:17.273421205Z,1,1,42874364,T,A,0,13.200000000,1,0,14650,616647482,13.200000000,13.300000000,4,129,1,3,ESH6 P6210
2026-02-24T19:39:19.372923802Z,2026-02-24T19:39:19.364925367Z,1,1,42874364,T,A,0,13.200000000,3,0,13765,616654930,13.200000000,13.300000000,3,129,1,3,ESH6 P6210
2026-02-24T19:39:19.379946699Z,2026-02-24T19:39:19.365047341Z,1,1,42837006,T,A,0,12.500000000,1,0,13797,616655045,12.500000000,12.600000000,4,243,1,3,ESH6 P6190
2026-02-24T19:39:20.552789909Z,2026-02-24T19:39:20.519683715Z,1,1,42837006,T,A,0,12.500000000,1,0,14303,616660830,12.500000000,12.600000000,3,243,1,3,ESH6 P6190
2026-02-24T19:39:20.758694266Z,2026-02-24T19:39:20.755455533Z,1,1,42837006,T,A,0,12.500000000,2,0,13664,616662384,12.500000000,12.600000000,2,243,1,3,ESH6 P6190
2026-02-24T19:39:26.099698544Z,2026-02-24T19:39:26.091977981Z,1,1,42643323,T,A,0,12.000000000,4,0,14882,616681583,12.000000000,12.100000000,4,399,1,9,ESH6 P6175
2026-02-24T19:39:32.305182790Z,2026-02-24T19:39:32.304691573Z,1,1,42429687,T,B,0,55.250000000,1,0,14804,616715471,55.000000000,55.250000000,75,1,9,1,ESH6 C7000
2026-02-24T19:40:06.905715752Z,2026-02-24T19:40:06.801315185Z,1,1,42397643,T,A,0,555.500000000,7,0,18231,616868692,555.500000000,556.000000000,7,1,1,1,ESU6 C6700
2026-02-24T19:40:21.133928691Z,2026-02-24T19:40:21.082624405Z,1,1,42404348,T,A,0,387.500000000,2,0,14236,616928734,387.500000000,388.500000000,2,26,1,5,ESM6 C6750
2026-02-24T19:40:28.178183501Z,2026-02-24T19:40:28.093004509Z,1,1,42384779,T,A,0,153.000000000,2,0,14170,616964944,153.000000000,153.500000000,2,41,1,6,ESM6 P6600
2026-02-24T19:40:32.201489687Z,2026-02-24T19:40:32.200966509Z,1,1,42404366,T,A,0,8.700000000,25,0,13887,616992562,8.700000000,8.900000000,29,380,2,6,ESM6 C7800
2026-02-24T19:40:57.764351256Z,2026-02-24T19:40:57.404125857Z,1,1,42431946,T,B,0,111.000000000,5,0,14163,617196988,110.500000000,111.000000000,126,5,10,1,ESH6 P6900
2026-02-24T19:41:15.923934699Z,2026-02-24T19:41:15.911194193Z,1,1,42689132,T,B,0,44.500000000,7,0,24132,617302341,44.250000000,44.500000000,114,7,10,1,ESH6 C7025
2026-02-24T19:41:39.392225164Z,2026-02-24T19:41:39.389614801Z,1,1,2562326,T,A,0,90.000000000,54,0,13399,216504377,90.000000000,90.500000000,200,30,1,3,UD:1V: GN 2562326
2026-02-24T19:41:39.393746013Z,2026-02-24T19:41:39.392228993Z,1,1,2562326,T,A,0,90.000000000,55,0,15396,216504392,90.000000000,90.500000000,146,30,1,3,UD:1V: GN 2562326
2026-02-24T19:41:40.353874017Z,2026-02-24T19:41:40.328791955Z,1,1,2534515,T,A,0,4.550000000,4,0,14871,216505939,4.550000000,4.650000000,4,529,1,5,UD:1V: VT 2534515
2026-02-24T19:41:51.275861931Z,2026-02-24T19:41:51.259534427Z,1,1,42723579,T,A,0,141.000000000,1,0,15612,617560138,141.000000000,142.000000000,35,51,8,9,ESH6 P6975
2026-02-24T19:42:13.082251371Z,2026-02-24T19:42:13.081731589Z,1,1,2534215,T,A,0,44.000000000,1,0,13833,216583208,44.000000000,44.250000000,4,376,1,4,UD:1V: VT 2534215
2026-02-24T19:42:19.270417331Z,2026-02-24T19:42:19.175551123Z,1,1,2562326,T,A,0,90.000000000,1,0,14800,216593865,90.000000000,90.500000000,91,20,1,2,UD:1V: GN 2562326
2026-02-24T19:42:20.863741530Z,2026-02-24T19:42:20.853804995Z,1,1,42429687,T,B,0,56.000000000,1,0,14157,617708986,55.750000000,56.000000000,109,1,11,1,ESH6 C7000
2026-02-24T19:42:21.125705091Z,2026-02-24T19:42:21.114558413Z,1,1,2562326,T,A,0,90.000000000,1,0,14408,216598135,90.000000000,90.500000000,140,53,2,4,UD:1V: GN 2562326
2026-02-24T19:42:21.240115666Z,2026-02-24T19:42:21.190442879Z,1,1,2562326,T,A,0,90.000000000,17,0,14196,216598585,90.000000000,90.500000000,139,40,2,3,UD:1V: GN 2562326
2026-02-24T19:42:21.245497202Z,2026-02-24T19:42:21.191559793Z,1,1,2562326,T,A,0,90.000000000,1,0,13278,216598598,90.000000000,90.500000000,122,40,2,3,UD:1V: GN 2562326
2026-02-24T19:42:21.271810965Z,2026-02-24T19:42:21.215914307Z,1,1,2562326,T,A,0,90.000000000,1,0,13483,216598951,90.000000000,90.500000000,121,53,2,4,UD:1V: GN 2562326
2026-02-24T19:42:21.298884797Z,2026-02-24T19:42:21.298385981Z,1,1,2562326,T,A,0,90.000000000,1,0,13006,216599118,90.000000000,90.500000000,120,53,2,4,UD:1V: GN 2562326
2026-02-24T19:42:21.394694498Z,2026-02-24T19:42:21.324471209Z,1,1,2534515,T,A,0,4.550000000,64,0,15629,216599518,4.550000000,4.600000000,64,586,2,4,UD:1V: VT 2534515
2026-02-24T19:42:21.415709952Z,2026-02-24T19:42:21.327319257Z,1,1,2562326,T,A,0,90.000000000,6,0,13788,216599832,90.000000000,90.250000000,119,9,2,1,UD:1V: GN 2562326
2026-02-24T19:42:21.472851527Z,2026-02-24T19:42:21.415713643Z,1,1,2562326,T,A,0,90.000000000,1,0,13204,216600348,90.000000000,90.250000000,113,29,2,2,UD:1V: GN 2562326
2026-02-24T19:42:22.416386938Z,2026-02-24T19:42:22.410321057Z,1,1,2562326,T,A,0,90.000000000,25,0,14498,216606154,90.000000000,90.500000000,112,22,2,2,UD:1V: GN 2562326
2026-02-24T19:42:22.425105011Z,2026-02-24T19:42:22.424602251Z,1,1,2562326,T,A,0,90.000000000,1,0,14220,216606220,90.000000000,90.500000000,87,22,2,2,UD:1V: GN 2562326
2026-02-24T19:42:22.505251151Z,2026-02-24T19:42:22.504770213Z,1,1,2562326,T,A,0,90.000000000,1,0,13953,216606328,90.000000000,90.500000000,86,22,2,2,UD:1V: GN 2562326
2026-02-24T19:42:24.089379723Z,2026-02-24T19:42:24.047559397Z,1,1,2562326,T,A,0,90.000000000,1,0,16627,216609004,90.000000000,90.250000000,85,29,2,2,UD:1V: GN 2562326
2026-02-24T19:42:24.092127330Z,2026-02-24T19:42:24.048267523Z,1,1,2562326,T,A,0,90.000000000,17,0,14058,216609026,90.000000000,90.250000000,84,29,2,2,UD:1V: GN 2562326
2026-02-24T19:42:24.129998811Z,2026-02-24T19:42:24.106004537Z,1,1,2562326,T,A,0,90.000000000,1,0,14297,216609324,90.000000000,90.250000000,67,29,2,2,UD:1V: GN 2562326
2026-02-24T19:42:24.382097849Z,2026-02-24T19:42:24.359559925Z,1,1,2562326,T,A,0,90.000000000,3,0,14390,216609997,90.000000000,90.250000000,66,29,2,2,UD:1V: GN 2562326
2026-02-24T19:42:24.383976586Z,2026-02-24T19:42:24.361372713Z,1,1,2562326,T,A,0,90.000000000,1,0,14063,216610009,90.000000000,90.250000000,63,29,2,2,UD:1V: GN 2562326
2026-02-24T19:42:24.959822637Z,2026-02-24T19:42:24.947722259Z,1,1,2562326,T,A,0,90.000000000,8,0,13865,216610896,90.000000000,90.250000000,62,29,2,2,UD:1V: GN 2562326
2026-02-24T19:42:25.108455659Z,2026-02-24T19:42:24.950561217Z,1,1,2562326,T,A,0,90.000000000,8,0,16019,216612301,90.000000000,90.500000000,54,15,2,2,UD:1V: GN 2562326
2026-02-24T19:42:25.109485691Z,2026-02-24T19:42:24.950611939Z,1,1,2562326,T,A,0,90.000000000,1,0,12435,216612306,90.000000000,90.500000000,46,15,1,2,UD:1V: GN 2562326
2026-02-24T19:42:25.109901080Z,2026-02-24T19:42:24.950619677Z,1,1,2562326,T,A,0,90.000000000,1,0,11706,216612308,90.000000000,90.500000000,45,15,1,2,UD:1V: GN 2562326
2026-02-24T19:42:25.188323539Z,2026-02-24T19:42:24.951446781Z,1,1,2562326,T,A,0,90.000000000,4,0,14315,216612440,90.000000000,90.500000000,44,4,1,1,UD:1V: GN 2562326
2026-02-24T19:42:25.198423269Z,2026-02-24T19:42:24.951459539Z,1,1,2562326,T,A,0,90.000000000,6,0,13697,216612458,90.000000000,90.500000000,40,4,1,1,UD:1V: GN 2562326
2026-02-24T19:42:25.400411595Z,2026-02-24T19:42:24.959826119Z,1,1,2562326,T,A,0,90.000000000,27,0,15032,216613084,90.000000000,90.500000000,34,4,1,1,UD:1V: GN 2562326
2026-02-24T19:42:25.400633575Z,2026-02-24T19:42:24.959826293Z,1,1,2562326,T,A,0,90.000000000,7,0,11533,216613086,90.000000000,90.500000000,7,4,1,1,UD:1V: GN 2562326
2026-02-24T19:42:25.477470961Z,2026-02-24T19:42:24.975580833Z,1,1,42624734,T,A,0,18.700000000,15,0,13517,617745540,18.700000000,18.800000000,15,419,1,4,ESU6 P3750
2026-02-24T19:42:41.602870283Z,2026-02-24T19:42:41.276177477Z,1,1,2534214,T,A,0,62.250000000,4,0,14250,216653739,62.250000000,62.500000000,4,819,1,6,UD:1V: VT 2534214
2026-02-24T19:42:49.582951789Z,2026-02-24T19:42:49.582411757Z,1,1,2562326,T,B,0,90.000000000,22,0,14447,216677202,89.250000000,90.000000000,35,100,5,1,UD:1V: GN 2562326
2026-02-24T19:43:04.194481779Z,2026-02-24T19:43:04.091638205Z,1,1,42896834,T,A,0,13.300000000,3,0,13808,618031272,13.300000000,13.500000000,8,312,2,8,ESH6 P6220
2026-02-24T19:43:21.091045958Z,2026-02-24T19:43:21.080045949Z,1,1,42911606,T,A,0,45.500000000,30,0,14270,618121653,45.500000000,45.750000000,30,143,1,9,ESH6 P6620
2026-02-24T19:43:24.961836978Z,2026-02-24T19:43:24.935349385Z,1,1,42409648,T,A,0,425.500000000,1,0,14724,618131575,425.500000000,426.500000000,1,19,1,4,ESM6 C6700
2026-02-24T19:43:25.670607371Z,2026-02-24T19:43:25.569240663Z,1,1,42429687,T,A,0,55.500000000,1,0,13723,618136128,55.500000000,55.750000000,1,145,1,10,ESH6 C7000
2026-02-24T19:43:34.650900528Z,2026-02-24T19:43:34.437870717Z,1,1,42429687,T,A,0,55.250000000,1,0,12994,618187221,55.250000000,55.500000000,1,76,1,7,ESH6 C7000
2026-02-24T19:43:34.654698973Z,2026-02-24T19:43:34.437910969Z,1,1,42430453,T,B,0,12.700000000,22,0,12748,618187281,12.600000000,12.700000000,352,22,7,1,ESH6 P6200
2026-02-24T19:43:35.359345811Z,2026-02-24T19:43:35.165688105Z,1,1,42430453,T,B,0,12.700000000,25,0,12904,618200625,12.600000000,12.700000000,391,25,8,1,ESH6 P6200
2026-02-24T19:43:40.032677680Z,2026-02-24T19:43:40.012412309Z,1,1,42608056,T,A,0,13.600000000,4,0,10129,618231221,13.600000000,13.700000000,4,48,1,4,ESH6 P6225
2026-02-24T19:43:52.142713368Z,2026-02-24T19:43:52.142122667Z,1,1,2539484,T,B,0,1.450000000,1,0,16786,216838285,1.400000000,1.450000000,3793,1,10,1,UD:1V: VT 2539484
2026-02-24T19:44:57.874901050Z,2026-02-24T19:44:57.874360315Z,1,1,42404366,T,A,0,8.700000000,10,0,14959,618610087,8.700000000,8.900000000,184,460,4,7,ESM6 C7800
2026-02-24T19:45:12.817517064Z,2026-02-24T19:45:12.816936035Z,1,1,2562395,T,B,0,98.500000000,2,0,14366,216977977,97.050000000,98.500000000,98,2,1,1,UD:1V: BX 2562395
2026-02-24T19:45:18.956494634Z,2026-02-24T19:45:18.956033823Z,1,1,42431946,T,B,0,110.500000000,1,0,14018,618720136,110.000000000,110.500000000,22,71,3,9,ESH6 P6900
2026-02-24T19:45:22.878841667Z,2026-02-24T19:45:22.878253785Z,1,1,42429687,T,B,0,56.000000000,1,0,12174,618745586,55.750000000,56.000000000,114,1,10,1,ESH6 C7000
2026-02-24T19:45:27.652731116Z,2026-02-24T19:45:27.547021691Z,1,1,42429674,T,A,0,58.000000000,3,0,13631,618764163,58.000000000,58.250000000,3,63,1,8,ESH6 P6700
2026-02-24T19:45:29.214143011Z,2026-02-24T19:45:29.156053693Z,1,1,42405230,T,A,0,2.850000000,41,0,11858,618771285,2.850000000,2.950000000,41,669,2,8,ESH6 P5450
2026-02-24T19:45:29.224804234Z,2026-02-24T19:45:29.156053693Z,1,1,42397929,T,A,0,3.350000000,4,0,24591,618771286,3.350000000,3.450000000,45,641,3,7,ESH6 P5550
2026-02-24T19:45:29.224813507Z,2026-02-24T19:45:29.156053693Z,1,1,42347630,T,A,0,3.950000000,4,0,11944,618771287,3.950000000,4.050000000,14,383,2,6,ESH6 P5650
2026-02-24T19:45:29.234931820Z,2026-02-24T19:45:29.156058991Z,1,1,42427499,T,A,0,4.300000000,4,0,15052,618771661,4.300000000,4.350000000,4,149,1,1,ESH6 P5700
2026-02-24T19:45:29.235055154Z,2026-02-24T19:45:29.156224967Z,1,1,42689133,T,A,0,4.900000000,4,0,13808,618771672,4.900000000,4.950000000,4,144,1,1,ESH6 P5775
2026-02-24T19:45:29.235055154Z,2026-02-24T19:45:29.156224967Z,1,1,42723514,T,A,0,3.200000000,4,0,13808,618771672,3.200000000,3.250000000,4,156,1,1,ESH6 P5525
2026-02-24T19:45:29.293779320Z,2026-02-24T19:45:29.163023003Z,1,1,42402296,T,A,0,2.100000000,40,0,13229,618772889,2.100000000,2.200000000,40,320,1,2,ESH6 P5250
2026-02-24T19:45:29.670082587Z,2026-02-24T19:45:29.568999609Z,1,1,42378218,T,B,0,7.400000000,16,0,13270,618779992,7.300000000,7.400000000,886,16,5,1,ESM6 P3700
2026-02-24T19:45:43.927451034Z,2026-02-24T19:45:43.486595747Z,1,1,2534214,T,A,0,62.250000000,4,0,15444,217054407,62.250000000,62.500000000,4,810,1,6,UD:1V: VT 2534214
2026-02-24T19:45:49.241711010Z,2026-02-24T19:45:49.232156803Z,1,1,42360164,T,A,0,5.600000000,4,0,13070,618930747,5.600000000,5.700000000,4,699,1,10,ESH6 P5850
2026-02-24T19:46:07.110815277Z,2026-02-24T19:46:07.110287429Z,1,1,42384724,T,A,0,121.500000000,1,0,16360,619001428,121.500000000,122.000000000,100,90,1,8,ESM6 C7200
2026-02-24T19:46:07.111117854Z,2026-02-24T19:46:07.110488603Z,1,1,42384724,T,A,0,121.500000000,99,0,15153,619001431,121.500000000,122.000000000,99,90,1,8,ESM6 C7200
2026-02-24T19:46:33.404583325Z,2026-02-24T19:46:33.390626169Z,1,1,42689133,T,A,0,4.850000000,29,0,22874,619117043,4.850000000,4.950000000,29,722,3,10,ESH6 P5775
2026-02-24T19:47:37.778839619Z,2026-02-24T19:47:37.777810515Z,1,1,42429687,T,A,0,55.250000000,1,0,14845,619446813,55.250000000,55.500000000,1,119,1,10,ESH6 C7000
2026-02-24T19:49:09.632236147Z,2026-02-24T19:49:09.608465661Z,1,1,42428246,T,A,0,22.750000000,1,0,11648,619848682,22.750000000,23.000000000,1,343,1,13,ESH6 P6400
2026-02-24T19:49:17.874072563Z,2026-02-24T19:49:17.873779521Z,1,1,42404337,T,B,0,13.900000000,1,0,15108,619880383,13.800000000,13.900000000,218,1,5,1,ESM6 P4400
2026-02-24T19:49:36.202680778Z,2026-02-24T19:49:36.202104873Z,1,1,2562564,T,B,0,3.300000000,1,0,14139,217447444,3.200000000,3.300000000,3511,455,11,4,UD:1V: VT 2562564
2026-02-24T19:50:21.452657138Z,2026-02-24T19:50:21.329506423Z,1,1,42429362,T,A,0,315.500000000,1,0,11996,620176280,315.500000000,316.000000000,1,36,1,3,ESU6 P6900
2026-02-24T19:50:32.440282642Z,2026-02-24T19:50:32.335339469Z,1,1,42429687,T,B,0,56.000000000,1,0,13508,620242036,55.750000000,56.000000000,56,1,7,1,ESH6 C7000
2026-02-24T19:50:38.620001487Z,2026-02-24T19:50:38.612326521Z,1,1,42435427,T,B,0,68.000000000,1,0,16407,620302455,67.750000000,68.000000000,24,62,1,6,ESH6 P6750
2026-02-24T19:51:09.291969389Z,2026-02-24T19:51:09.055026781Z,1,1,2534214,T,A,0,62.250000000,4,0,14403,217637590,62.250000000,62.500000000,4,592,1,5,UD:1V: VT 2534214
2026-02-24T19:51:09.411848992Z,2026-02-24T19:51:09.092386009Z,1,1,42397928,T,B,0,1.350000000,3,0,13985,620472480,1.300000000,1.350000000,279,3,3,1,ESH6 P4950
2026-02-24T19:51:33.668876046Z,2026-02-24T19:51:33.668311715Z,1,1,2533665,T,B,0,57.250000000,1,0,13675,217690376,57.000000000,57.250000000,228,1,7,1,UD:1V: VT 2533665
2026-02-24T19:51:57.681910939Z,2026-02-24T19:51:57.681406917Z,1,1,42428246,T,A,0,22.250000000,1,0,13875,620741341,22.250000000,22.500000000,150,150,7,8,ESH6 P6400
2026-02-24T19:52:33.039452333Z,2026-02-24T19:52:32.860175191Z,1,1,2533665,T,A,0,56.500000000,1,0,17310,217816906,56.500000000,56.750000000,40,1,2,1,UD:1V: VT 2533665
2026-02-24T19:52:35.511982531Z,2026-02-24T19:52:35.099211495Z,1,1,42429687,T,B,0,56.750000000,1,0,11410,620955220,56.500000000,56.750000000,22,1,1,1,ESH6 C7000
2026-02-24T19:52:57.409719691Z,2026-02-24T19:52:57.380970967Z,1,1,2989032,T,B,0,62.500000000,2,0,14555,217916344,62.250000000,62.500000000,174,2,5,2,UD:1V: VT 2989032
2026-02-24T19:52:59.864014573Z,2026-02-24T19:52:59.850066393Z,1,1,2560353,T,A,0,32.000000000,4,0,15390,217923772,32.000000000,32.250000000,4,1243,1,7,UD:1V: VT 2560353
2026-02-24T19:53:15.912141039Z,2026-02-24T19:53:15.668531045Z,1,1,42413698,T,A,0,17.900000000,15,0,15778,621260468,17.900000000,18.000000000,15,405,1,3,ESU6 P3700
2026-02-24T19:53:18.842895431Z,2026-02-24T19:53:18.838829095Z,1,1,2560353,T,A,0,32.000000000,4,0,15226,217955381,32.000000000,32.250000000,4,2847,1,9,UD:1V: VT 2560353
2026-02-24T19:53:18.937582181Z,2026-02-24T19:53:18.839390995Z,1,1,42430453,T,B,0,12.300000000,27,0,11713,621274079,12.200000000,12.300000000,309,27,9,1,ESH6 P6200
2026-02-24T19:53:20.142838029Z,2026-02-24T19:53:20.142115601Z,1,1,42430453,T,B,0,12.300000000,2,0,12811,621294608,12.200000000,12.300000000,344,28,11,1,ESH6 P6200
2026-02-24T19:53:24.760473764Z,2026-02-24T19:53:24.658576793Z,1,1,42430453,T,B,0,12.300000000,26,0,11581,621321043,12.200000000,12.300000000,448,26,11,1,ESH6 P6200
2026-02-24T19:53:25.217053520Z,2026-02-24T19:53:25.216501965Z,1,1,2560353,T,A,0,32.000000000,4,0,14762,217979259,32.000000000,32.250000000,4,2847,1,9,UD:1V: VT 2560353
2026-02-24T19:53:31.407359406Z,2026-02-24T19:53:31.406959007Z,1,1,2560353,T,A,0,32.000000000,4,0,14598,217990435,32.000000000,32.250000000,4,2847,1,9,UD:1V: VT 2560353
2026-02-24T19:53:32.827455887Z,2026-02-24T19:53:32.798725681Z,1,1,42428246,T,B,0,22.250000000,5,0,13381,621361588,22.000000000,22.250000000,342,5,16,5,ESH6 P6400
2026-02-24T19:53:37.607296963Z,2026-02-24T19:53:37.606956431Z,1,1,2560353,T,A,0,32.000000000,4,0,14567,217999182,32.000000000,32.250000000,4,2847,1,9,UD:1V: VT 2560353
2026-02-24T19:53:54.814221096Z,2026-02-24T19:53:54.813910333Z,1,1,42499828,T,A,0,11.100000000,1,0,14301,621459156,11.100000000,11.200000000,1,181,1,8,ESH6 C7150
2026-02-24T19:54:00.868337552Z,2026-02-24T19:54:00.828517675Z,1,1,2560353,T,A,0,32.000000000,4,0,17661,218034726,32.000000000,32.250000000,4,2847,1,9,UD:1V: VT 2560353
2026-02-24T19:54:03.494548339Z,2026-02-24T19:54:03.494033541Z,1,1,42366459,T,B,0,6.700000000,1,0,15379,621501957,6.600000000,6.700000000,418,3,4,2,ESM6 P3600
2026-02-24T19:54:03.494806738Z,2026-02-24T19:54:03.494034925Z,1,1,42366459,T,B,0,6.700000000,2,0,11528,621501959,6.600000000,6.700000000,418,2,4,1,ESM6 P3600
2026-02-24T19:54:03.570473067Z,2026-02-24T19:54:03.503243975Z,1,1,42430453,T,B,0,12.300000000,7,0,15026,621503142,12.200000000,12.300000000,521,7,10,1,ESH6 P6200
2026-02-24T19:54:04.844162138Z,2026-02-24T19:54:04.843571021Z,1,1,42430453,T,B,0,12.300000000,13,0,14013,621512188,12.200000000,12.300000000,635,13,13,1,ESH6 P6200
2026-02-24T19:54:05.386231671Z,2026-02-24T19:54:05.385689929Z,1,1,42430453,T,B,0,12.300000000,8,0,13767,621514852,12.200000000,12.300000000,635,8,13,1,ESH6 P6200
2026-02-24T19:54:05.403734610Z,2026-02-24T19:54:05.398204197Z,1,1,42430453,T,B,0,12.300000000,6,0,14864,621515204,12.200000000,12.300000000,635,6,13,1,ESH6 P6200
2026-02-24T19:54:05.628910355Z,2026-02-24T19:54:05.628064219Z,1,1,42430453,T,B,0,12.300000000,12,0,13387,621516978,12.200000000,12.300000000,635,12,13,1,ESH6 P6200
2026-02-24T19:54:08.024297411Z,2026-02-24T19:54:07.751175005Z,1,1,2560353,T,A,0,32.000000000,4,0,14472,218058996,32.000000000,32.250000000,4,2848,1,9,UD:1V: VT 2560353
2026-02-24T19:54:08.280385584Z,2026-02-24T19:54:08.279834677Z,1,1,42429064,T,A,0,92.750000000,1,0,14059,621546697,92.750000000,93.250000000,51,72,6,9,ESH6 P6850
2026-02-24T19:54:11.519563999Z,2026-02-24T19:54:11.225625929Z,1,1,42430453,T,B,0,12.300000000,5,0,14975,621562074,12.200000000,12.300000000,561,5,11,1,ESH6 P6200
2026-02-24T19:54:14.702938928Z,2026-02-24T19:54:14.677550241Z,1,1,42430453,T,B,0,12.300000000,15,0,11710,621588422,12.200000000,12.300000000,612,15,13,1,ESH6 P6200
2026-02-24T19:54:15.762384979Z,2026-02-24T19:54:15.748378113Z,1,1,42430453,T,B,0,12.300000000,11,0,20014,621595639,12.200000000,12.300000000,664,11,14,1,ESH6 P6200
2026-02-24T19:54:15.809163799Z,2026-02-24T19:54:15.798074843Z,1,1,42430453,T,B,0,12.300000000,6,0,13157,621596679,12.200000000,12.300000000,664,6,14,1,ESH6 P6200
2026-02-24T19:54:17.162168813Z,2026-02-24T19:54:16.986091829Z,1,1,42430453,T,B,0,12.300000000,6,0,13810,621607136,12.200000000,12.300000000,612,6,13,1,ESH6 P6200
2026-02-24T19:54:17.207365194Z,2026-02-24T19:54:16.987537439Z,1,1,42427500,T,B,0,16.500000000,1,0,16893,621608400,16.400000000,16.500000000,70,1,4,1,ESH6 P6300
2026-02-24T19:54:17.652080306Z,2026-02-24T19:54:17.130981431Z,1,1,42430453,T,A,0,12.300000000,12,0,14282,621615241,12.300000000,12.500000000,89,137,1,5,ESH6 P6200
2026-02-24T19:54:17.910567482Z,2026-02-24T19:54:17.654931799Z,1,1,42430453,T,A,0,12.300000000,44,0,14127,621620678,12.300000000,12.500000000,137,241,2,9,ESH6 P6200
2026-02-24T19:54:21.448742419Z,2026-02-24T19:54:21.448234893Z,1,1,42413698,T,A,0,17.900000000,7,0,15235,621642886,17.900000000,18.000000000,15,444,1,3,ESU6 P3700
2026-02-24T19:54:24.586077226Z,2026-02-24T19:54:24.255900405Z,1,1,42429687,T,A,0,56.000000000,1,0,13379,621669386,56.000000000,56.250000000,1,132,1,10,ESH6 C7000
2026-02-24T19:54:36.432039074Z,2026-02-24T19:54:36.431569353Z,1,1,42396048,T,A,0,140.500000000,1,0,13093,621753207,140.500000000,141.500000000,81,112,5,4,ESU6 P6100
2026-02-24T19:54:42.368695799Z,2026-02-24T19:54:42.330479709Z,1,1,2534214,T,A,0,62.250000000,4,0,14454,218162261,62.250000000,62.500000000,4,913,1,6,UD:1V: VT 2534214
2026-02-24T19:54:53.751197787Z,2026-02-24T19:54:53.750629105Z,1,1,42430464,T,A,0,5.600000000,2,0,13451,621870452,5.600000000,5.700000000,2,456,1,11,ESH6 C7200
2026-02-24T19:54:53.963644725Z,2026-02-24T19:54:53.866043635Z,1,1,2534214,T,A,0,62.250000000,4,0,12050,218197929,62.250000000,62.500000000,4,917,1,6,UD:1V: VT 2534214
2026-02-24T19:55:04.570238187Z,2026-02-24T19:55:04.569690885Z,1,1,2534215,T,A,0,44.000000000,4,0,14971,218219950,44.000000000,44.250000000,4,410,1,4,UD:1V: VT 2534215
2026-02-24T19:55:10.707859277Z,2026-02-24T19:55:10.707288891Z,1,1,2534215,T,A,0,44.000000000,4,0,15929,218232454,44.000000000,44.250000000,4,835,1,5,UD:1V: VT 2534215
2026-02-24T19:55:47.990994658Z,2026-02-24T19:55:47.975128267Z,1,1,42458458,T,A,0,295.500000000,2,0,14783,622176068,295.500000000,296.000000000,2,24,1,2,ESU6 C7100
2026-02-24T19:55:48.061557144Z,2026-02-24T19:55:48.054869619Z,1,1,42458458,T,B,0,295.500000000,15,0,15322,622176849,295.000000000,295.500000000,34,15,3,1,ESU6 C7100
2026-02-24T19:56:20.026153436Z,2026-02-24T19:56:20.021247183Z,1,1,2534214,T,A,0,62.250000000,4,0,11315,218359752,62.250000000,62.500000000,4,838,1,6,UD:1V: VT 2534214
2026-02-24T19:56:26.207616970Z,2026-02-24T19:56:26.207075725Z,1,1,2534214,T,A,0,62.250000000,4,0,15304,218368838,62.250000000,62.500000000,4,838,1,6,UD:1V: VT 2534214
2026-02-24T19:56:34.959499147Z,2026-02-24T19:56:34.894837219Z,1,1,2515430,T,B,0,10.700000000,64,0,11521,218382701,10.500000000,10.700000000,1210,223,6,2,UD:1V: VT 2515430
2026-02-24T19:56:35.306996877Z,2026-02-24T19:56:35.023719471Z,1,1,2515430,T,B,0,10.700000000,26,0,14197,218385065,10.600000000,10.700000000,98,155,1,1,UD:1V: VT 2515430
2026-02-24T19:56:35.318047783Z,2026-02-24T19:56:35.023967379Z,1,1,2515430,T,B,0,10.700000000,1,0,14925,218385156,10.600000000,10.700000000,98,129,1,1,UD:1V: VT 2515430
2026-02-24T19:56:35.346924134Z,2026-02-24T19:56:35.024180789Z,1,1,2515430,T,B,0,10.700000000,1,0,14081,218385324,10.600000000,10.700000000,98,128,1,1,UD:1V: VT 2515430
2026-02-24T19:56:35.420298640Z,2026-02-24T19:56:35.024708005Z,1,1,2515430,T,B,0,10.700000000,4,0,12055,218386075,10.600000000,10.700000000,98,127,1,1,UD:1V: VT 2515430
2026-02-24T19:56:52.273054376Z,2026-02-24T19:56:52.271291601Z,1,1,42372953,T,B,0,285.000000000,2,0,14065,622511590,284.500000000,285.000000000,55,2,8,1,ESM6 C6900
2026-02-24T19:57:07.226887451Z,2026-02-24T19:57:07.226394661Z,1,1,42429362,T,A,0,315.500000000,1,0,14075,622582161,315.500000000,316.000000000,1,38,1,4,ESU6 P6900
2026-02-24T19:57:35.577088131Z,2026-02-24T19:57:35.576544387Z,1,1,2562741,T,A,0,-2.150000000,1,0,17602,218514327,-2.150000000,-2.100000000,1,298,1,3,UD:1V: GN 2562741
2026-02-24T19:57:42.779866728Z,2026-02-24T19:57:42.779369855Z,1,1,42427508,T,A,0,20.250000000,1,0,13356,622774023,20.250000000,20.500000000,120,196,6,6,ESH6 C7100
2026-02-24T19:57:49.376149825Z,2026-02-24T19:57:49.281459589Z,1,1,42428246,T,A,0,22.500000000,1,0,14213,622810190,22.500000000,22.750000000,1,361,1,15,ESH6 P6400
2026-02-24T19:58:07.704221544Z,2026-02-24T19:58:07.703690023Z,1,1,42360164,T,B,0,5.500000000,1,0,21139,622928685,5.400000000,5.500000000,555,1,9,1,ESH6 P5850
2026-02-24T19:58:20.980478453Z,2026-02-24T19:58:20.979888845Z,1,1,2534214,T,A,0,62.250000000,4,0,13915,218615852,62.250000000,62.500000000,4,856,1,6,UD:1V: VT 2534214
2026-02-24T19:58:27.116528871Z,2026-02-24T19:58:27.115935403Z,1,1,2534214,T,A,0,62.250000000,4,0,13596,218625665,62.250000000,62.500000000,4,856,1,6,UD:1V: VT 2534214
2026-02-24T19:58:31.764563608Z,2026-02-24T19:58:31.722367559Z,1,1,42409648,T,A,0,426.000000000,2,0,16545,623031312,426.000000000,427.000000000,2,19,1,4,ESM6 C6700
2026-02-24T19:58:38.258138845Z,2026-02-24T19:58:38.257617371Z,1,1,42396048,T,A,0,141.000000000,1,0,14853,623085264,141.000000000,141.500000000,60,36,3,2,ESU6 P6100
2026-02-24T19:59:22.842484122Z,2026-02-24T19:59:22.792640413Z,1,1,42399597,T,B,0,14.500000000,4,0,15594,623316544,14.400000000,14.500000000,201,4,5,1,ESM6 P4450
2026-02-24T19:59:22.905624706Z,2026-02-24T19:59:22.794167835Z,1,1,42404348,T,A,0,388.500000000,2,0,17652,623317498,388.500000000,389.500000000,2,43,1,6,ESM6 C6750
2026-02-24T19:59:36.272939496Z,2026-02-24T19:59:36.272405205Z,1,1,2562806,T,B,0,23.000000000,5,0,14059,218771801,22.750000000,23.000000000,187,5,7,1,UD:1V: SG 2562806
2026-02-24T19:59:44.552292941Z,2026-02-24T19:59:44.406628973Z,1,1,42409648,T,A,0,425.500000000,2,0,24388,623411366,425.500000000,426.500000000,2,14,1,2,ESM6 C6700
2026-02-24T19:59:44.998916892Z,2026-02-24T19:59:44.863614341Z,1,1,42384725,T,A,0,55.750000000,2,0,20534,623420518,55.750000000,56.000000000,2,43,1,3,ESM6 C7400
2026-02-24T19:59:46.365837766Z,2026-02-24T19:59:46.365371539Z,1,1,42427500,T,A,0,16.700000000,1,0,13064,623436413,16.700000000,16.800000000,1,212,1,7,ESH6 P6300
2026-02-24T19:59:54.616101183Z,2026-02-24T19:59:54.611357607Z,1,1,42510079,T,A,0,68.750000000,2,0,13766,623493977,68.750000000,69.000000000,2,46,1,5,ESM6 C7350
2026-02-24T19:59:54.928851055Z,2026-02-24T19:59:54.886006867Z,1,1,42510079,T,A,0,68.750000000,2,0,11267,623498837,68.750000000,69.000000000,2,46,1,5,ESM6 C7350
2026-02-24T19:59:55.206064872Z,2026-02-24T19:59:55.202027045Z,1,1,42409648,T,A,0,425.500000000,2,0,14158,623503187,425.500000000,426.500000000,2,19,1,4,ESM6 C6700
2026-02-24T20:00:00.541367859Z,2026-02-24T20:00:00.470281861Z,1,1,42409648,T,A,0,425.500000000,2,0,19575,623526438,425.500000000,426.500000000,2,19,1,4,ESM6 C6700
2026-02-24T20:00:44.434405375Z,2026-02-24T20:00:44.193366669Z,1,1,42310070,T,B,0,298.500000000,1,0,11512,623820509,298.000000000,298.500000000,20,1,2,1,ESZ6 C7300
2026-02-24T20:00:58.901688404Z,2026-02-24T20:00:58.821298313Z,1,1,42409648,T,A,0,426.500000000,2,0,10538,623918923,426.500000000,427.500000000,2,22,1,4,ESM6 C6700
2026-02-24T20:01:34.655458243Z,2026-02-24T20:01:34.576642521Z,1,1,42416106,T,A,0,45.000000000,2,0,17325,624070330,45.000000000,45.250000000,2,51,1,4,ESM6 C7450
2026-02-24T20:02:04.620709632Z,2026-02-24T20:02:04.620146571Z,1,1,42429687,T,A,0,55.500000000,1,0,20224,624194405,55.500000000,55.750000000,56,40,4,6,ESH6 C7000
2026-02-24T20:03:00.388831167Z,2026-02-24T20:03:00.363232513Z,1,1,42874359,T,B,0,6.300000000,4,0,11629,624471479,6.200000000,6.300000000,155,4,6,1,ESH6 C7190
2026-02-24T20:03:13.095471928Z,2026-02-24T20:03:13.085516767Z,1,1,42372979,T,A,0,84.000000000,2,0,14093,624534334,84.000000000,84.250000000,2,68,1,3,ESM6 C7300
2026-02-24T20:03:17.304080477Z,2026-02-24T20:03:17.297423513Z,1,1,42372949,T,A,0,353.000000000,2,0,16511,624571248,353.000000000,354.000000000,2,45,1,5,ESM6 C6800
2026-02-24T20:03:39.002806257Z,2026-02-24T20:03:38.923847787Z,1,1,42409648,T,A,0,425.500000000,2,0,14843,624704697,425.500000000,426.000000000,2,1,1,1,ESM6 C6700
2026-02-24T20:03:39.418682720Z,2026-02-24T20:03:39.415699561Z,1,1,42409648,T,A,0,425.500000000,2,0,14702,624707259,425.500000000,426.000000000,2,1,1,1,ESM6 C6700
2026-02-24T20:04:03.321948808Z,2026-02-24T20:04:03.237936839Z,1,1,42430453,T,B,0,12.600000000,2,0,11455,624813710,12.500000000,12.600000000,438,125,10,1,ESH6 P6200
2026-02-24T20:04:03.323186722Z,2026-02-24T20:04:03.237966217Z,1,1,42430453,T,B,0,12.600000000,3,0,11656,624813747,12.500000000,12.600000000,438,123,10,1,ESH6 P6200
2026-02-24T20:04:03.324367920Z,2026-02-24T20:04:03.237990573Z,1,1,42430453,T,B,0,12.600000000,1,0,11841,624813783,12.500000000,12.600000000,438,120,10,1,ESH6 P6200
2026-02-24T20:04:03.327263744Z,2026-02-24T20:04:03.238078469Z,1,1,42430453,T,B,0,12.600000000,1,0,12997,624813877,12.500000000,12.600000000,438,119,10,1,ESH6 P6200
2026-02-24T20:04:06.918142176Z,2026-02-24T20:04:06.895856459Z,1,1,42429064,T,B,0,95.000000000,1,0,14707,624837719,94.750000000,95.000000000,87,1,8,1,ESH6 P6850
2026-02-24T20:04:07.034044787Z,2026-02-24T20:04:06.940322925Z,1,1,42409648,T,A,0,425.000000000,2,0,11705,624839866,425.000000000,426.000000000,2,22,1,4,ESM6 C6700
2026-02-24T20:04:07.105282807Z,2026-02-24T20:04:06.940371263Z,1,1,42429687,T,A,0,55.250000000,1,0,12940,624841088,55.250000000,55.500000000,1,48,1,3,ESH6 C7000
2026-02-24T20:04:07.116245973Z,2026-02-24T20:04:06.940391093Z,1,1,42430453,T,B,0,12.600000000,48,0,11478,624841277,12.500000000,12.600000000,265,118,8,1,ESH6 P6200
2026-02-24T20:04:07.116272122Z,2026-02-24T20:04:06.940391275Z,1,1,42430453,T,B,0,12.600000000,8,0,11279,624841279,12.500000000,12.600000000,265,70,8,1,ESH6 P6200
2026-02-24T20:04:07.123178750Z,2026-02-24T20:04:06.940453353Z,1,1,42430453,T,B,0,12.600000000,2,0,11468,624841472,12.500000000,12.600000000,354,62,8,1,ESH6 P6200
2026-02-24T20:04:07.124684835Z,2026-02-24T20:04:06.940483185Z,1,1,42430453,T,B,0,12.600000000,42,0,11188,624841518,12.500000000,12.600000000,354,60,8,1,ESH6 P6200
2026-02-24T20:04:07.136618011Z,2026-02-24T20:04:06.940954501Z,1,1,42430453,T,B,0,12.600000000,1,0,14414,624841846,12.500000000,12.600000000,354,18,8,1,ESH6 P6200
2026-02-24T20:04:07.136660651Z,2026-02-24T20:04:06.940955845Z,1,1,42430453,T,B,0,12.600000000,17,0,11914,624841849,12.500000000,12.600000000,354,17,8,1,ESH6 P6200
2026-02-24T20:04:07.756388720Z,2026-02-24T20:04:07.262957409Z,1,1,42430453,T,B,0,12.600000000,60,0,16364,624852374,12.500000000,12.600000000,407,125,7,1,ESH6 P6200
2026-02-24T20:04:07.987461029Z,2026-02-24T20:04:07.666206497Z,1,1,42430453,T,B,0,12.600000000,65,0,15260,624857025,12.500000000,12.600000000,474,65,9,1,ESH6 P6200
2026-02-24T20:04:08.177863298Z,2026-02-24T20:04:07.989487943Z,1,1,42430453,T,A,0,12.600000000,6,0,15379,624859770,12.600000000,12.800000000,6,349,1,9,ESH6 P6200
2026-02-24T20:04:08.232394978Z,2026-02-24T20:04:08.128312705Z,1,1,42430453,T,B,0,12.600000000,6,0,13141,624860883,12.500000000,12.600000000,458,119,8,1,ESH6 P6200
2026-02-24T20:04:08.241956904Z,2026-02-24T20:04:08.177867515Z,1,1,42430453,T,B,0,12.600000000,3,0,13222,624861162,12.500000000,12.600000000,458,113,8,1,ESH6 P6200
2026-02-24T20:04:09.225653271Z,2026-02-24T20:04:09.225119987Z,1,1,42430453,T,B,0,12.600000000,1,0,14626,624867988,12.500000000,12.600000000,520,110,9,1,ESH6 P6200
2026-02-24T20:04:09.229441919Z,2026-02-24T20:04:09.225220283Z,1,1,42430453,T,B,0,12.600000000,1,0,11853,624868047,12.500000000,12.600000000,520,109,9,1,ESH6 P6200
2026-02-24T20:04:18.041902541Z,2026-02-24T20:04:18.020106627Z,1,1,42409648,T,A,0,425.000000000,2,0,15961,624932570,425.000000000,426.000000000,2,19,1,4,ESM6 C6700
2026-02-24T20:04:18.109893738Z,2026-02-24T20:04:18.087623779Z,1,1,42430453,T,B,0,12.600000000,1,0,13963,624933915,12.500000000,12.600000000,581,108,12,1,ESH6 P6200
2026-02-24T20:04:18.121193826Z,2026-02-24T20:04:18.087810415Z,1,1,42430453,T,B,0,12.600000000,1,0,12160,624934069,12.500000000,12.600000000,581,107,12,1,ESH6 P6200
2026-02-24T20:04:18.158916362Z,2026-02-24T20:04:18.115032443Z,1,1,42430453,T,B,0,12.600000000,1,0,13220,624934858,12.500000000,12.600000000,581,106,12,1,ESH6 P6200
2026-02-24T20:04:18.417655243Z,2026-02-24T20:04:18.328070741Z,1,1,42430453,T,B,0,12.600000000,4,0,11223,624938807,12.500000000,12.600000000,549,105,11,1,ESH6 P6200
2026-02-24T20:04:18.419510616Z,2026-02-24T20:04:18.328109911Z,1,1,42430453,T,B,0,12.600000000,2,0,11211,624938861,12.500000000,12.600000000,549,101,11,1,ESH6 P6200
2026-02-24T20:04:18.425161649Z,2026-02-24T20:04:18.328362495Z,1,1,42430453,T,B,0,12.600000000,3,0,11475,624939043,12.500000000,12.600000000,549,99,11,1,ESH6 P6200
2026-02-24T20:04:18.705595576Z,2026-02-24T20:04:18.663910961Z,1,1,42430453,T,B,0,12.600000000,2,0,17735,624944101,12.500000000,12.600000000,585,96,12,1,ESH6 P6200
2026-02-24T20:04:19.076396053Z,2026-02-24T20:04:18.984849639Z,1,1,42430453,T,B,0,12.600000000,3,0,11339,624947111,12.500000000,12.600000000,581,94,12,1,ESH6 P6200
2026-02-24T20:04:19.080436366Z,2026-02-24T20:04:18.985045349Z,1,1,42430453,T,B,0,12.600000000,1,0,11248,624947230,12.500000000,12.600000000,581,91,12,1,ESH6 P6200
2026-02-24T20:04:19.082062887Z,2026-02-24T20:04:18.985148285Z,1,1,42430453,T,B,0,12.600000000,2,0,11423,624947293,12.500000000,12.600000000,581,90,12,1,ESH6 P6200
2026-02-24T20:04:19.087798242Z,2026-02-24T20:04:18.987401887Z,1,1,42430453,T,B,0,12.600000000,2,0,11425,624947488,12.500000000,12.600000000,581,88,12,1,ESH6 P6200
2026-02-24T20:04:19.616996973Z,2026-02-24T20:04:19.609453625Z,1,1,42430453,T,B,0,12.600000000,1,0,13740,624952388,12.500000000,12.600000000,581,86,12,1,ESH6 P6200
2026-02-24T20:04:19.624506757Z,2026-02-24T20:04:19.609523667Z,1,1,42430453,T,B,0,12.600000000,1,0,13961,624952501,12.500000000,12.600000000,581,85,12,1,ESH6 P6200
2026-02-24T20:04:19.632069107Z,2026-02-24T20:04:19.609780447Z,1,1,42430453,T,B,0,12.600000000,2,0,13026,624952616,12.500000000,12.600000000,581,84,12,1,ESH6 P6200
2026-02-24T20:04:19.634862792Z,2026-02-24T20:04:19.609913565Z,1,1,42430453,T,B,0,12.600000000,1,0,11859,624952686,12.500000000,12.600000000,581,82,12,1,ESH6 P6200
2026-02-24T20:04:19.643866872Z,2026-02-24T20:04:19.613879833Z,1,1,42430453,T,B,0,12.600000000,81,0,13070,624952890,12.500000000,12.600000000,581,81,12,1,ESH6 P6200
2026-02-24T20:04:19.689811550Z,2026-02-24T20:04:19.668753973Z,1,1,42430453,T,B,0,12.600000000,87,0,13532,624953961,12.500000000,12.600000000,640,87,13,1,ESH6 P6200
2026-02-24T20:05:00.811093714Z,2026-02-24T20:05:00.763103669Z,1,1,2537454,T,B,0,10.900000000,4,0,14534,219450305,10.700000000,10.900000000,803,4,7,1,UD:1V: VT 2537454
2026-02-24T20:05:04.895740298Z,2026-02-24T20:05:04.833934605Z,1,1,42404348,T,A,0,388.500000000,2,0,15525,625241329,388.500000000,389.500000000,2,26,1,4,ESM6 C6750
2026-02-24T20:05:07.659752375Z,2026-02-24T20:05:07.652158547Z,1,1,42399706,T,B,0,175.500000000,3,0,15169,625257333,175.000000000,175.500000000,90,3,7,1,ESM6 P6700
2026-02-24T20:05:09.037938214Z,2026-02-24T20:05:09.015117669Z,1,1,42399706,T,A,0,175.500000000,3,0,13661,625263192,175.500000000,176.000000000,47,105,1,8,ESM6 P6700
2026-02-24T20:05:09.513056761Z,2026-02-24T20:05:09.505240849Z,1,1,42399706,T,A,0,175.500000000,3,0,24832,625267014,175.500000000,176.000000000,44,105,1,8,ESM6 P6700
2026-02-24T20:05:09.532614144Z,2026-02-24T20:05:09.513093781Z,1,1,42399706,T,A,0,175.500000000,41,0,11323,625267388,175.500000000,176.000000000,41,102,1,7,ESM6 P6700
2026-02-24T20:05:24.294748570Z,2026-02-24T20:05:24.287159195Z,1,1,42409648,T,A,0,425.000000000,2,0,13159,625330841,425.000000000,426.000000000,2,19,1,4,ESM6 C6700
2026-02-24T20:05:39.826125061Z,2026-02-24T20:05:39.397562985Z,1,1,42429064,T,B,0,95.500000000,1,0,13131,625472125,95.250000000,95.500000000,67,1,7,1,ESH6 P6850
2026-02-24T20:05:39.841496640Z,2026-02-24T20:05:39.397792839Z,1,1,42404337,T,B,0,14.000000000,4,0,14367,625472338,13.900000000,14.000000000,160,4,4,1,ESM6 P4400
2026-02-24T20:05:39.853039903Z,2026-02-24T20:05:39.398083483Z,1,1,42404348,T,A,0,387.500000000,1,0,13043,625472503,387.500000000,388.500000000,2,16,1,2,ESM6 C6750
2026-02-24T20:05:39.858952695Z,2026-02-24T20:05:39.398174959Z,1,1,42404348,T,A,0,387.500000000,1,0,14455,625472555,387.500000000,388.500000000,1,16,1,2,ESM6 C6750
2026-02-24T20:05:40.949349410Z,2026-02-24T20:05:40.916765857Z,1,1,42409648,T,A,0,424.500000000,2,0,13756,625487508,424.500000000,425.500000000,2,18,1,3,ESM6 C6700
2026-02-24T20:06:16.542279341Z,2026-02-24T20:06:16.541774223Z,1,1,42431945,T,B,0,81.250000000,1,0,14364,625699701,81.000000000,81.250000000,94,1,11,1,ESH6 P6800
2026-02-24T20:06:45.055253891Z,2026-02-24T20:06:45.020727965Z,1,1,42874359,T,B,0,6.300000000,4,0,14575,625890194,6.200000000,6.300000000,41,4,3,1,ESH6 C7190
2026-02-24T20:06:55.640651147Z,2026-02-24T20:06:55.640131771Z,1,1,42429687,T,A,0,55.250000000,1,0,13820,625943018,55.250000000,55.750000000,136,76,12,6,ESH6 C7000
2026-02-24T20:06:57.284181066Z,2026-02-24T20:06:57.274796687Z,1,1,2562991,T,B,0,14.100000000,1,0,15186,219735823,14.000000000,14.100000000,239,1,4,1,UD:1V: VT 2562991
2026-02-24T20:07:02.104992963Z,2026-02-24T20:07:02.097588043Z,1,1,42506307,T,B,0,42.000000000,9,0,19272,625982590,41.750000000,42.000000000,122,9,2,1,ESU6 P4800
2026-02-24T20:07:37.754902973Z,2026-02-24T20:07:37.754177011Z,1,1,2563006,T,B,0,56.750000000,1,0,14981,219824825,56.500000000,56.750000000,1317,1,12,1,UD:1V: IB 2563006
2026-02-24T20:07:46.301793432Z,2026-02-24T20:07:46.301254681Z,1,1,2538289,T,B,0,11.800000000,8,0,14606,219832868,11.700000000,11.800000000,728,139,7,2,UD:1V: VT 2538289
2026-02-24T20:07:53.505150917Z,2026-02-24T20:07:53.497298345Z,1,1,42372949,T,A,0,352.000000000,2,0,15482,626247459,352.000000000,352.500000000,2,1,1,1,ESM6 C6800
2026-02-24T20:07:53.870289109Z,2026-02-24T20:07:53.865867735Z,1,1,42372949,T,A,0,352.000000000,2,0,15783,626248799,352.000000000,352.500000000,2,1,1,1,ESM6 C6800
2026-02-24T20:08:10.265209967Z,2026-02-24T20:08:10.244066955Z,1,1,42409648,T,A,0,424.500000000,2,0,21408,626331023,424.500000000,425.000000000,2,1,1,1,ESM6 C6700
2026-02-24T20:08:15.666426888Z,2026-02-24T20:08:15.489433013Z,1,1,2534214,T,A,0,62.000000000,4,0,14710,219891801,62.000000000,62.250000000,4,839,1,6,UD:1V: VT 2534214
2026-02-24T20:08:16.051139327Z,2026-02-24T20:08:15.981870377Z,1,1,2558815,T,B,0,10.500000000,4,0,14102,219894429,10.400000000,10.500000000,1033,4,4,1,UD:1V: VT 2558815
2026-02-24T20:08:23.588925170Z,2026-02-24T20:08:23.103781839Z,1,1,2551759,T,A,0,1.600000000,18,0,14780,219924482,1.600000000,1.700000000,38,42,1,2,UD:1V: BO 2551759
2026-02-24T20:08:24.024148090Z,2026-02-24T20:08:23.683322841Z,1,1,42404348,T,A,0,387.000000000,2,0,13438,626447417,387.000000000,388.000000000,2,28,1,4,ESM6 C6750
2026-02-24T20:08:24.289176227Z,2026-02-24T20:08:23.809109413Z,1,1,42428246,T,B,0,23.250000000,1,0,12440,626451900,23.000000000,23.250000000,267,1,10,1,ESH6 P6400
2026-02-24T20:08:39.125148835Z,2026-02-24T20:08:39.124559641Z,1,1,2563033,T,B,0,-0.350000000,4,0,14722,219983268,-0.400000000,-0.350000000,10,4,1,1,UD:1V: XT 2563033
2026-02-24T20:08:43.314978010Z,2026-02-24T20:08:43.304828759Z,1,1,42384724,T,A,0,120.500000000,2,0,18854,626600266,120.500000000,121.000000000,36,26,5,2,ESM6 C7200
2026-02-24T20:09:00.782339326Z,2026-02-24T20:09:00.781743049Z,1,1,2563033,T,B,0,-0.300000000,6,0,13966,220029873,-0.350000000,-0.300000000,6,105,1,2,UD:1V: XT 2563033
2026-02-24T20:09:09.413900136Z,2026-02-24T20:09:09.402642777Z,1,1,42378592,T,B,0,134.500000000,113,0,13542,626743545,134.000000000,134.500000000,119,184,9,1,ESM6 P6500
2026-02-24T20:09:09.474750070Z,2026-02-24T20:09:09.474262425Z,1,1,42378592,T,B,0,134.500000000,71,0,15233,626744446,134.000000000,134.500000000,214,71,10,1,ESM6 P6500
2026-02-24T20:10:05.569026914Z,2026-02-24T20:10:05.505244633Z,1,1,42378592,T,B,0,134.500000000,27,0,17019,627052236,134.000000000,134.500000000,148,206,10,1,ESM6 P6500
2026-02-24T20:10:08.030928723Z,2026-02-24T20:10:08.019213539Z,1,1,42409648,T,A,0,424.000000000,2,0,13653,627063720,424.000000000,424.500000000,2,1,1,1,ESM6 C6700
2026-02-24T20:10:08.959957976Z,2026-02-24T20:10:08.909585015Z,1,1,42378592,T,A,0,134.000000000,194,0,16406,627069812,134.000000000,134.500000000,194,165,11,1,ESM6 P6500
2026-02-24T20:10:09.051226885Z,2026-02-24T20:10:08.959832573Z,1,1,42378592,T,B,0,134.000000000,75,0,11840,627071574,133.500000000,134.000000000,7,75,1,1,ESM6 P6500
2026-02-24T20:10:22.251944711Z,2026-02-24T20:10:22.162795869Z,1,1,42874364,T,A,0,13.100000000,4,0,13613,627153495,13.100000000,13.200000000,4,128,1,5,ESH6 P6210
2026-02-24T20:10:41.095357531Z,2026-02-24T20:10:41.073784425Z,1,1,2560353,T,A,0,31.750000000,4,0,15855,220242854,31.750000000,32.000000000,4,1214,1,6,UD:1V: VT 2560353
2026-02-24T20:10:47.579724280Z,2026-02-24T20:10:47.576346273Z,1,1,2560353,T,A,0,31.750000000,4,0,14022,220260055,31.750000000,32.000000000,4,2819,1,8,UD:1V: VT 2560353
2026-02-24T20:10:53.517631047Z,2026-02-24T20:10:53.512362657Z,1,1,42429687,T,A,0,54.500000000,1,0,17052,627341533,54.500000000,54.750000000,1,84,1,7,ESH6 C7000
2026-02-24T20:10:53.952846416Z,2026-02-24T20:10:53.848691435Z,1,1,2560353,T,A,0,31.750000000,4,0,13736,220276869,31.750000000,32.000000000,4,2781,1,7,UD:1V: VT 2560353
2026-02-24T20:11:00.118785868Z,2026-02-24T20:11:00.114137555Z,1,1,2560353,T,A,0,31.750000000,4,0,14546,220289562,31.750000000,32.000000000,4,2781,1,7,UD:1V: VT 2560353
2026-02-24T20:11:06.308180845Z,2026-02-24T20:11:06.307597407Z,1,1,2560353,T,A,0,31.750000000,4,0,14241,220298898,31.750000000,32.000000000,4,2781,1,7,UD:1V: VT 2560353
2026-02-24T20:11:28.152118786Z,2026-02-24T20:11:28.151533073Z,1,1,2560353,T,A,0,31.750000000,3,0,14713,220349666,31.750000000,32.000000000,4,2781,1,7,UD:1V: VT 2560353
2026-02-24T20:11:28.657743589Z,2026-02-24T20:11:28.645545475Z,1,1,2552834,T,B,0,17.200000000,1,0,14594,220350154,17.100000000,17.200000000,154,109,2,4,UD:1V: VT 2552834
2026-02-24T20:11:34.335225381Z,2026-02-24T20:11:34.332849549Z,1,1,2560353,T,A,0,31.750000000,1,0,14113,220358224,31.750000000,32.000000000,1,2781,1,7,UD:1V: VT 2560353
2026-02-24T20:12:01.502757807Z,2026-02-24T20:12:01.501355979Z,1,1,42429687,T,A,0,54.500000000,2,0,13306,627760064,54.500000000,55.000000000,216,101,16,9,ESH6 C7000
2026-02-24T20:12:05.903511250Z,2026-02-24T20:12:05.902873279Z,1,1,2560353,T,A,0,31.750000000,4,0,14209,220435683,31.750000000,32.000000000,4,2820,1,8,UD:1V: VT 2560353
2026-02-24T20:12:12.108051762Z,2026-02-24T20:12:12.107633365Z,1,1,2560353,T,A,0,31.750000000,4,0,14116,220442788,31.750000000,32.000000000,4,2822,1,8,UD:1V: VT 2560353
2026-02-24T20:12:18.330643617Z,2026-02-24T20:12:18.330045247Z,1,1,2551759,T,A,0,1.600000000,19,0,16013,220464181,1.600000000,1.700000000,38,42,1,2,UD:1V: BO 2551759
2026-02-24T20:12:19.408039882Z,2026-02-24T20:12:19.407306677Z,1,1,2560353,T,A,0,31.750000000,4,0,14326,220465591,31.750000000,32.000000000,4,2824,1,8,UD:1V: VT 2560353
2026-02-24T20:12:38.373292198Z,2026-02-24T20:12:38.234135469Z,1,1,42427508,T,B,0,19.800000000,13,0,18853,628052820,19.600000000,19.800000000,196,13,10,1,ESH6 C7100
2026-02-24T20:13:03.054180995Z,2026-02-24T20:13:02.601211765Z,1,1,42895803,T,B,0,59.250000000,1,0,11409,628204185,59.000000000,59.250000000,46,1,4,1,ESH6 C6990
2026-02-24T20:13:30.016311851Z,2026-02-24T20:13:30.013104083Z,1,1,42874379,T,A,0,91.250000000,1,0,13586,628358230,91.250000000,91.500000000,1,39,1,7,ESH6 C6930
2026-02-24T20:13:32.918554056Z,2026-02-24T20:13:32.918035065Z,1,1,42404337,T,B,0,14.000000000,4,0,16594,628374952,13.900000000,14.000000000,231,4,6,1,ESM6 P4400
2026-02-24T20:13:40.128363959Z,2026-02-24T20:13:40.127863921Z,1,1,42404337,T,B,0,14.000000000,4,0,14271,628405942,13.900000000,14.000000000,231,4,6,1,ESM6 P4400
2026-02-24T20:14:30.646667887Z,2026-02-24T20:14:30.646111203Z,1,1,2551759,T,A,0,1.600000000,15,0,14941,220783041,1.600000000,1.700000000,38,42,1,2,UD:1V: BO 2551759
2026-02-24T20:14:31.121321763Z,2026-02-24T20:14:30.905217007Z,1,1,42372949,T,A,0,350.500000000,2,0,11862,628715939,350.500000000,351.000000000,2,29,1,4,ESM6 C6800
2026-02-24T20:14:38.556785147Z,2026-02-24T20:14:38.555324751Z,1,1,42429687,T,A,0,54.500000000,2,0,14833,628756702,54.500000000,54.750000000,49,49,8,4,ESH6 C7000
2026-02-24T20:14:49.545608272Z,2026-02-24T20:14:49.529219299Z,1,1,42608050,T,B,0,66.750000000,1,0,17507,628801467,66.500000000,66.750000000,72,1,7,1,ESH6 C6975
2026-02-24T20:14:52.169117567Z,2026-02-24T20:14:52.126205191Z,1,1,42483456,T,B,0,34.500000000,12,0,17189,628811983,34.250000000,34.500000000,166,12,10,2,ESH6 C7050
2026-02-24T20:14:55.823252838Z,2026-02-24T20:14:55.751171165Z,1,1,42894575,T,B,0,31.250000000,12,0,12534,628822584,31.000000000,31.250000000,95,18,5,4,ESH6 P6490
2026-02-24T20:14:56.754306455Z,2026-02-24T20:14:56.752076619Z,1,1,2556168,T,B,0,0.750000000,1,0,12840,220828437,0.450000000,0.750000000,322,1,1,1,UD:1V: BO 2556168
2026-02-24T20:15:09.297331800Z,2026-02-24T20:15:09.141816345Z,1,1,2555349,T,B,0,22.250000000,66,0,16586,220866976,22.000000000,22.250000000,208,66,5,1,UD:1V: VT 2555349
2026-02-24T20:15:16.954720035Z,2026-02-24T20:15:16.944981321Z,1,1,2534214,T,A,0,61.750000000,4,0,14216,220894364,61.750000000,62.000000000,4,652,1,5,UD:1V: VT 2534214
2026-02-24T20:15:19.336807661Z,2026-02-24T20:15:19.298319639Z,1,1,42483456,T,B,0,34.250000000,1,0,14018,629000902,34.000000000,34.250000000,190,1,11,1,ESH6 C7050
2026-02-24T20:15:23.395592613Z,2026-02-24T20:15:23.395038903Z,1,1,2551759,T,A,0,1.600000000,9,0,15902,220914193,1.600000000,1.700000000,38,42,1,2,UD:1V: BO 2551759
2026-02-24T20:15:31.227966354Z,2026-02-24T20:15:31.227292187Z,1,1,42429687,T,B,0,54.500000000,1,0,14193,629088215,54.250000000,54.500000000,65,12,6,2,ESH6 C7000
2026-02-24T20:15:35.890935085Z,2026-02-24T20:15:35.890370909Z,1,1,2534214,T,A,0,61.750000000,4,0,14520,220948766,61.750000000,62.000000000,4,875,1,6,UD:1V: VT 2534214
2026-02-24T20:15:44.636411755Z,2026-02-24T20:15:44.567672299Z,1,1,2534214,T,A,0,61.750000000,4,0,14710,220965510,61.750000000,62.000000000,4,875,1,6,UD:1V: VT 2534214
2026-02-24T20:16:50.384522250Z,2026-02-24T20:16:50.358868437Z,1,1,2567006,T,B,0,6.200000000,100,0,15245,221161435,6.100000000,6.200000000,1234,100,7,1,UD:1V: VT 2567006
2026-02-24T20:17:15.211954093Z,2026-02-24T20:17:15.210549091Z,1,1,42429687,T,A,0,54.250000000,2,0,14836,629811014,54.250000000,54.750000000,74,187,9,16,ESH6 C7000
2026-02-24T20:17:15.956930229Z,2026-02-24T20:17:15.934453915Z,1,1,42431937,T,B,0,1.550000000,62,0,18869,629812691,1.450000000,1.550000000,525,62,10,5,ESH6 C7300
2026-02-24T20:17:40.367372565Z,2026-02-24T20:17:40.366833039Z,1,1,42868523,T,A,0,94.500000000,1,0,15668,629938599,94.500000000,94.750000000,1,86,1,9,ESH6 P6840
2026-02-24T20:17:40.526246319Z,2026-02-24T20:17:40.518610951Z,1,1,42868523,T,A,0,94.500000000,1,0,14027,629939160,94.500000000,94.750000000,1,83,1,8,ESH6 P6840
2026-02-24T20:18:23.547042086Z,2026-02-24T20:18:23.481376203Z,1,1,2534214,T,A,0,61.750000000,4,0,13973,221343622,61.750000000,62.000000000,4,880,1,6,UD:1V: VT 2534214
2026-02-24T20:18:27.362107062Z,2026-02-24T20:18:27.355485329Z,1,1,42397836,T,A,0,19.500000000,11,0,17578,630175360,19.500000000,19.600000000,11,412,1,3,ESU6 P3800
2026-02-24T20:18:27.580291344Z,2026-02-24T20:18:27.579246071Z,1,1,42472883,T,B,0,10.900000000,1,0,14023,630177449,10.800000000,10.900000000,379,16,3,1,ESU6 P3100
2026-02-24T20:18:27.581815130Z,2026-02-24T20:18:27.579249299Z,1,1,42472883,T,B,0,10.900000000,15,0,13087,630177451,10.800000000,10.900000000,379,15,3,1,ESU6 P3100
2026-02-24T20:18:45.068470400Z,2026-02-24T20:18:45.057448871Z,1,1,42895788,T,A,0,31.000000000,3,0,18234,630295950,31.000000000,31.250000000,3,123,1,8,ESH6 C7060
2026-02-24T20:18:46.258174151Z,2026-02-24T20:18:46.256081943Z,1,1,42630141,T,B,0,7.800000000,1,0,13290,630300633,7.700000000,7.800000000,900,16,5,1,ESM6 P3750
2026-02-24T20:18:46.259618837Z,2026-02-24T20:18:46.256085073Z,1,1,42630141,T,B,0,7.800000000,15,0,14297,630300635,7.700000000,7.800000000,900,15,5,1,ESM6 P3750
2026-02-24T20:18:53.820556546Z,2026-02-24T20:18:53.812753341Z,1,1,42483456,T,A,0,34.500000000,3,0,16715,630345329,34.500000000,34.750000000,3,230,1,12,ESH6 C7050
2026-02-24T20:18:56.913953808Z,2026-02-24T20:18:56.443219503Z,1,1,42865925,T,B,0,64.500000000,4,0,12161,630374474,64.250000000,64.500000000,22,4,2,1,ESH6 C6980
2026-02-24T20:19:18.316284598Z,2026-02-24T20:19:18.313766959Z,1,1,42896839,T,B,0,16.600000000,1,0,14224,630522268,16.500000000,16.600000000,137,1,6,1,ESH6 P6290
2026-02-24T20:19:35.862831343Z,2026-02-24T20:19:35.612551777Z,1,1,2562993,T,B,0,123.500000000,2,0,12020,221549436,123.000000000,123.500000000,69,2,2,1,UD:1V: VT 2562993
2026-02-24T20:19:42.345228823Z,2026-02-24T20:19:42.338681321Z,1,1,42506307,T,B,0,42.000000000,9,0,14866,630670164,41.750000000,42.000000000,208,9,3,1,ESU6 P4800
2026-02-24T20:19:51.366363264Z,2026-02-24T20:19:51.352640847Z,1,1,42506307,T,B,0,42.000000000,9,0,22308,630736773,41.750000000,42.000000000,260,9,4,1,ESU6 P4800
2026-02-24T20:20:01.937053090Z,2026-02-24T20:20:01.504126559Z,1,1,42429687,T,B,0,55.250000000,1,0,11309,630838503,55.000000000,55.250000000,56,1,5,1,ESH6 C7000
2026-02-24T20:20:38.555459672Z,2026-02-24T20:20:38.554823523Z,1,1,42435427,T,B,0,69.000000000,1,0,15807,631131320,68.750000000,69.000000000,131,1,11,1,ESH6 P6750
2026-02-24T20:20:40.246298603Z,2026-02-24T20:20:39.964441285Z,1,1,42764936,T,A,0,33.750000000,4,0,13829,631146681,33.750000000,34.000000000,4,112,1,5,ESH6 P6525
2026-02-24T20:20:47.685530791Z,2026-02-24T20:20:47.685019447Z,1,1,2563338,T,A,0,0.400000000,1,0,13945,221794566,0.400000000,0.500000000,940,2775,4,7,UD:1V: VT 2563338
2026-02-24T20:21:05.656427141Z,2026-02-24T20:21:05.655860955Z,1,1,2563338,T,A,0,0.400000000,1,0,19388,221828344,0.400000000,0.500000000,939,2775,4,7,UD:1V: VT 2563338
2026-02-24T20:21:23.959556503Z,2026-02-24T20:21:23.958961339Z,1,1,2563382,T,A,0,40.750000000,1,0,15921,221872817,40.750000000,41.000000000,1,86,1,5,UD:1V: SG 2563382
2026-02-24T20:21:32.617702619Z,2026-02-24T20:21:32.617267969Z,1,1,2541547,T,A,0,54.000000000,25,0,13912,221887741,54.000000000,54.250000000,25,137,1,3,UD:1V: VT 2541547
2026-02-24T20:21:52.960691175Z,2026-02-24T20:21:52.866085897Z,1,1,2534214,T,A,0,62.000000000,4,0,12004,221927075,62.000000000,62.250000000,4,875,1,6,UD:1V: VT 2534214
2026-02-24T20:22:03.397975912Z,2026-02-24T20:22:03.334825083Z,1,1,42689133,T,B,0,4.850000000,12,0,11699,631684585,4.800000000,4.850000000,271,12,6,1,ESH6 P5775
2026-02-24T20:22:08.948983743Z,2026-02-24T20:22:08.546576235Z,1,1,42394633,T,B,0,15.200000000,4,0,12804,631752417,15.100000000,15.200000000,144,4,2,1,ESM6 P4500
2026-02-24T20:22:12.660125874Z,2026-02-24T20:22:12.659614079Z,1,1,42422428,T,A,0,143.000000000,2,0,17571,631795418,143.000000000,144.000000000,100,141,9,11,ESH6 C6850
2026-02-24T20:24:18.175001760Z,2026-02-24T20:24:18.174453087Z,1,1,42431937,T,B,0,1.600000000,3,0,13337,632428625,1.550000000,1.600000000,3,345,1,7,ESH6 C7300
2026-02-24T20:25:16.359697269Z,2026-02-24T20:25:16.199957255Z,1,1,42384725,T,B,0,55.750000000,1,0,11506,632712360,55.500000000,55.750000000,68,1,4,1,ESM6 C7400
2026-02-24T20:25:24.925828383Z,2026-02-24T20:25:24.917508171Z,1,1,42431181,T,A,0,43.250000000,4,0,14874,632757369,43.250000000,43.500000000,5,123,1,9,ESH6 P6600
2026-02-24T20:25:24.946811256Z,2026-02-24T20:25:24.926065437Z,1,1,42431181,T,A,0,43.250000000,1,0,13264,632757743,43.250000000,43.500000000,1,123,1,9,ESH6 P6600
2026-02-24T20:25:41.262857474Z,2026-02-24T20:25:41.237986331Z,1,1,42433356,T,B,0,57.000000000,9,0,11704,632862933,56.750000000,57.000000000,88,9,1,1,ESZ6 P4650
2026-02-24T20:25:41.394965472Z,2026-02-24T20:25:41.261936969Z,1,1,540367,T,A,0,195.500000000,30,0,13220,632865454,195.500000000,196.000000000,30,58,1,2,ESZ6 P6100
2026-02-24T20:25:41.412436618Z,2026-02-24T20:25:41.262860971Z,1,1,42433356,T,A,0,57.000000000,88,0,13802,632865779,57.000000000,57.250000000,88,378,1,2,ESZ6 P4650
2026-02-24T20:25:42.476837869Z,2026-02-24T20:25:42.469434749Z,1,1,540367,T,B,0,195.500000000,4,0,16537,632873417,195.000000000,195.500000000,55,4,2,1,ESZ6 P6100
2026-02-24T20:25:44.659856468Z,2026-02-24T20:25:44.592774247Z,1,1,42429003,T,B,0,5.100000000,1,0,10671,632884737,5.000000000,5.100000000,562,12,10,1,ESH6 P5800
2026-02-24T20:26:07.016493163Z,2026-02-24T20:26:07.016203611Z,1,1,42429003,T,B,0,5.100000000,10,0,18033,632999805,5.000000000,5.100000000,562,10,10,1,ESH6 P5800
2026-02-24T20:26:20.170161221Z,2026-02-24T20:26:19.925652613Z,1,1,42399597,T,B,0,14.600000000,4,0,13343,633086345,14.500000000,14.600000000,201,4,5,1,ESM6 P4450
2026-02-24T20:26:20.505167834Z,2026-02-24T20:26:20.171707975Z,1,1,2544621,T,A,0,9.400000000,1,0,13858,222480664,9.400000000,9.500000000,1,37,1,2,UD:1V: 12 2544621
2026-02-24T20:26:21.127817245Z,2026-02-24T20:26:21.122908545Z,1,1,2551759,T,A,0,1.600000000,10,0,14187,222484012,1.600000000,1.700000000,38,42,1,2,UD:1V: BO 2551759
2026-02-24T20:26:24.116725501Z,2026-02-24T20:26:24.116246243Z,1,1,42874364,T,A,0,13.200000000,1,0,13621,633120159,13.200000000,13.300000000,1,194,1,8,ESH6 P6210
2026-02-24T20:26:24.139361543Z,2026-02-24T20:26:24.138417245Z,1,1,42431937,T,B,0,1.550000000,1,0,15199,633120284,1.500000000,1.550000000,375,1,5,1,ESH6 C7300
2026-02-24T20:26:45.434144802Z,2026-02-24T20:26:45.433652721Z,1,1,2560353,T,A,0,31.750000000,4,0,11862,222558775,31.750000000,32.000000000,4,1228,1,6,UD:1V: VT 2560353
2026-02-24T20:26:53.964704117Z,2026-02-24T20:26:53.964145291Z,1,1,2560353,T,A,0,31.750000000,4,0,14734,222584884,31.750000000,32.000000000,4,2832,1,8,UD:1V: VT 2560353
2026-02-24T20:27:00.719538003Z,2026-02-24T20:27:00.708434701Z,1,1,2560353,T,A,0,31.750000000,4,0,15119,222602317,31.750000000,32.000000000,4,2833,1,8,UD:1V: VT 2560353
2026-02-24T20:27:05.896792479Z,2026-02-24T20:27:05.664688195Z,1,1,42472883,T,B,0,10.900000000,1,0,11764,633418227,10.800000000,10.900000000,385,16,3,1,ESU6 P3100
2026-02-24T20:27:05.896988175Z,2026-02-24T20:27:05.664690925Z,1,1,42472883,T,B,0,10.900000000,15,0,11227,633418234,10.800000000,10.900000000,385,15,3,1,ESU6 P3100
2026-02-24T20:27:07.750782186Z,2026-02-24T20:27:07.679242405Z,1,1,2560353,T,A,0,31.750000000,4,0,15037,222624658,31.750000000,32.000000000,4,2830,1,8,UD:1V: VT 2560353
2026-02-24T20:27:18.111865200Z,2026-02-24T20:27:18.059265565Z,1,1,2560353,T,A,0,31.750000000,4,0,14414,222639038,31.750000000,32.000000000,4,2594,1,7,UD:1V: VT 2560353
2026-02-24T20:27:20.303365586Z,2026-02-24T20:27:20.302775957Z,1,1,2538118,T,A,0,-0.200000000,64,0,15882,222643327,-0.200000000,-0.100000000,64,145,1,1,UD:1V: GN 2538118
2026-02-24T20:27:24.308554143Z,2026-02-24T20:27:24.308168275Z,1,1,2560353,T,A,0,31.750000000,4,0,15219,222650493,31.750000000,32.000000000,4,2594,1,7,UD:1V: VT 2560353
2026-02-24T20:27:30.508580397Z,2026-02-24T20:27:30.508200087Z,1,1,2560353,T,A,0,31.750000000,4,0,14651,222655157,31.750000000,32.000000000,4,2594,1,7,UD:1V: VT 2560353
2026-02-24T20:27:33.313376128Z,2026-02-24T20:27:33.262696719Z,1,1,42506272,T,B,0,111.000000000,1,0,16100,633533749,110.500000000,111.000000000,166,30,6,1,ESU6 P5850
2026-02-24T20:27:33.313606439Z,2026-02-24T20:27:33.262699407Z,1,1,42506272,T,B,0,111.000000000,29,0,11404,633533751,110.500000000,111.000000000,166,29,6,1,ESU6 P5850
2026-02-24T20:27:37.236029511Z,2026-02-24T20:27:37.235456983Z,1,1,2560353,T,A,0,31.750000000,4,0,14416,222666888,31.750000000,32.000000000,4,2595,1,7,UD:1V: VT 2560353
2026-02-24T20:27:43.408543261Z,2026-02-24T20:27:43.408197553Z,1,1,2560353,T,A,0,31.750000000,4,0,16587,222675481,31.750000000,32.000000000,4,2594,1,7,UD:1V: VT 2560353
2026-02-24T20:27:49.977722807Z,2026-02-24T20:27:49.976350141Z,1,1,2560353,T,A,0,31.750000000,4,0,15319,222684387,31.750000000,32.000000000,4,2594,1,7,UD:1V: VT 2560353
2026-02-24T20:27:55.148497565Z,2026-02-24T20:27:55.092195985Z,1,1,42429687,T,A,0,54.500000000,1,0,16481,633638298,54.500000000,54.750000000,1,114,1,10,ESH6 C7000
2026-02-24T20:28:59.018037701Z,2026-02-24T20:28:59.017733353Z,1,1,42429687,T,A,0,54.500000000,1,0,14056,633974536,54.500000000,54.750000000,1,202,1,15,ESH6 C7000
2026-02-24T20:28:59.094000264Z,2026-02-24T20:28:59.092673829Z,1,1,42608051,T,A,0,26.250000000,1,0,16705,633974652,26.250000000,26.500000000,2,160,2,9,ESH6 C7075
2026-02-24T20:29:00.730007741Z,2026-02-24T20:29:00.682021671Z,1,1,42896832,T,B,0,100.000000000,1,0,13325,633977822,99.750000000,100.000000000,81,1,8,1,ESH6 P6860
2026-02-24T20:29:14.468727714Z,2026-02-24T20:29:14.336609673Z,1,1,42874364,T,A,0,13.300000000,1,0,11409,634044359,13.300000000,13.400000000,1,96,1,4,ESH6 P6210
2026-02-24T20:29:19.913797216Z,2026-02-24T20:29:19.843764517Z,1,1,2551759,T,A,0,1.600000000,9,0,14147,222863937,1.600000000,1.700000000,38,42,1,2,UD:1V: BO 2551759
2026-02-24T20:29:20.015549178Z,2026-02-24T20:29:20.015039195Z,1,1,42874364,T,A,0,13.300000000,1,0,15999,634087229,13.300000000,13.400000000,1,135,1,6,ESH6 P6210
2026-02-24T20:29:33.393898408Z,2026-02-24T20:29:33.314654259Z,1,1,42483101,T,A,0,79.500000000,1,0,14311,634162166,79.500000000,79.750000000,1,44,1,7,ESH6 C6950
2026-02-24T20:29:33.920937746Z,2026-02-24T20:29:33.690539945Z,1,1,2534214,T,A,0,61.750000000,4,0,11900,222898542,61.750000000,62.000000000,4,865,1,6,UD:1V: VT 2534214
2026-02-24T20:29:33.945078547Z,2026-02-24T20:29:33.696064533Z,1,1,42896832,T,B,0,100.500000000,1,0,14145,634172320,100.000000000,100.500000000,83,1,9,1,ESH6 P6860
2026-02-24T20:29:33.992927824Z,2026-02-24T20:29:33.703498717Z,1,1,580843,T,A,0,20.500000000,16,0,11729,634173101,20.500000000,20.750000000,16,441,1,4,ESZ6 P3300
2026-02-24T20:29:44.020074541Z,2026-02-24T20:29:43.840512373Z,1,1,2534214,T,A,0,61.750000000,4,0,13221,222921971,61.750000000,62.000000000,4,865,1,6,UD:1V: VT 2534214
2026-02-24T20:29:44.528964598Z,2026-02-24T20:29:43.992922947Z,1,1,42429687,T,A,0,54.000000000,1,0,13601,634241617,54.000000000,54.250000000,1,35,1,3,ESH6 C7000
2026-02-24T20:29:46.868472635Z,2026-02-24T20:29:46.867968529Z,1,1,42608051,T,A,0,26.000000000,1,0,15077,634265351,26.000000000,26.250000000,13,77,3,7,ESH6 C7075
2026-02-24T20:29:49.218686773Z,2026-02-24T20:29:49.143401013Z,1,1,42874364,T,A,0,13.300000000,1,0,13188,634281593,13.300000000,13.400000000,1,122,1,2,ESH6 P6210
2026-02-24T20:29:49.345157402Z,2026-02-24T20:29:49.210628553Z,1,1,2561325,T,A,0,26.250000000,2,0,13040,222946269,26.250000000,26.500000000,2,286,1,7,UD:1V: VT 2561325
2026-02-24T20:30:03.559746084Z,2026-02-24T20:30:03.482383199Z,1,1,42689132,T,A,0,43.250000000,1,0,12591,634372892,43.250000000,43.500000000,1,158,1,9,ESH6 C7025
2026-02-24T20:30:07.159460792Z,2026-02-24T20:30:07.155205475Z,1,1,42608051,T,B,0,26.250000000,1,0,17165,634431827,26.000000000,26.250000000,151,1,13,1,ESH6 C7075
2026-02-24T20:30:07.188384755Z,2026-02-24T20:30:07.156636873Z,1,1,42874364,T,A,0,13.200000000,1,0,16303,634432350,13.200000000,13.300000000,1,126,1,3,ESH6 P6210
2026-02-24T20:30:19.091591931Z,2026-02-24T20:30:19.091037781Z,1,1,2551759,T,A,0,1.650000000,307,0,14966,223033689,1.650000000,1.700000000,500,38,1,1,UD:1V: BO 2551759
2026-02-24T20:30:19.091824950Z,2026-02-24T20:30:19.091037959Z,1,1,2551759,T,A,0,1.650000000,1,0,10461,223033691,1.650000000,1.700000000,193,38,1,1,UD:1V: BO 2551759
2026-02-24T20:30:20.158064786Z,2026-02-24T20:30:20.157559385Z,1,1,2551759,T,A,0,1.650000000,90,0,14869,223034830,1.650000000,1.700000000,192,38,1,1,UD:1V: BO 2551759
2026-02-24T20:30:21.270097187Z,2026-02-24T20:30:21.269559245Z,1,1,2551759,T,A,0,1.650000000,66,0,16548,223035595,1.650000000,1.700000000,102,38,1,1,UD:1V: BO 2551759
2026-02-24T20:30:21.713385446Z,2026-02-24T20:30:21.712166297Z,1,1,2551759,T,A,0,1.650000000,36,0,14241,223035888,1.650000000,1.700000000,36,38,1,1,UD:1V: BO 2551759
2026-02-24T20:30:37.192438746Z,2026-02-24T20:30:37.111028137Z,1,1,42608051,T,B,0,26.250000000,1,0,14509,634621288,26.000000000,26.250000000,273,1,15,1,ESH6 C7075
2026-02-24T20:31:01.560635279Z,2026-02-24T20:31:01.560116937Z,1,1,42421497,T,A,0,27.250000000,1,0,14976,634757190,27.250000000,27.500000000,106,150,5,8,ESH6 P6450
2026-02-24T20:31:05.185107479Z,2026-02-24T20:31:05.055315533Z,1,1,42427507,T,A,0,178.000000000,2,0,11403,634769351,178.000000000,178.500000000,2,43,1,8,ESH6 C6800
2026-02-24T20:31:05.956929299Z,2026-02-24T20:31:05.956448371Z,1,1,42430453,T,A,0,12.900000000,1,0,14679,634774923,12.900000000,13.000000000,1,230,1,7,ESH6 P6200
2026-02-24T20:31:11.139169000Z,2026-02-24T20:31:11.110116617Z,1,1,42431946,T,B,0,114.000000000,1,0,10263,634803854,113.500000000,114.000000000,100,1,8,1,ESH6 P6900
2026-02-24T20:31:24.496701939Z,2026-02-24T20:31:24.417745601Z,1,1,2534214,T,A,0,61.750000000,4,0,15079,223155459,61.750000000,62.000000000,4,849,1,6,UD:1V: VT 2534214
2026-02-24T20:31:35.527723013Z,2026-02-24T20:31:35.459155759Z,1,1,2534214,T,A,0,61.750000000,3,0,11987,223180279,61.750000000,62.000000000,4,849,1,6,UD:1V: VT 2534214
2026-02-24T20:31:42.495619047Z,2026-02-24T20:31:42.495014827Z,1,1,2553494,T,B,0,32.500000000,25,0,13911,223190136,32.250000000,32.500000000,210,42,2,1,UD:1V: BO 2553494
2026-02-24T20:31:45.029342912Z,2026-02-24T20:31:45.028743971Z,1,1,2534214,T,A,0,61.750000000,1,0,15893,223193324,61.750000000,62.000000000,1,849,1,6,UD:1V: VT 2534214
2026-02-24T20:31:52.213319349Z,2026-02-24T20:31:51.979125401Z,1,1,42608051,T,B,0,26.250000000,1,0,13883,635039056,26.000000000,26.250000000,216,1,12,1,ESH6 C7075
2026-02-24T20:32:03.303507143Z,2026-02-24T20:32:03.302930159Z,1,1,2542134,T,A,0,87.500000000,8,0,20115,223231384,87.500000000,87.750000000,8,18,2,4,UD:1V: SG 2542134
2026-02-24T20:32:08.364719204Z,2026-02-24T20:32:08.324391289Z,1,1,42384872,T,B,0,189.500000000,3,0,10837,635133680,189.000000000,189.500000000,60,3,7,1,ESM6 P6750
2026-02-24T20:32:16.071562221Z,2026-02-24T20:32:16.034448863Z,1,1,42427501,T,A,0,158.000000000,1,0,10686,635169999,158.000000000,158.500000000,1,15,1,4,ESH6 P7000
2026-02-24T20:32:16.079332688Z,2026-02-24T20:32:16.034452977Z,1,1,42430453,T,A,0,12.800000000,33,0,12610,635170094,12.800000000,12.900000000,33,170,2,5,ESH6 P6200
2026-02-24T20:32:19.278980125Z,2026-02-24T20:32:19.046866695Z,1,1,42608051,T,B,0,26.250000000,1,0,14348,635189719,26.000000000,26.250000000,226,1,12,1,ESH6 C7075
2026-02-24T20:32:21.436830013Z,2026-02-24T20:32:21.365960697Z,1,1,2561325,T,A,0,26.000000000,2,0,15742,223278897,26.000000000,26.250000000,2,344,1,9,UD:1V: VT 2561325
2026-02-24T20:32:22.239360314Z,2026-02-24T20:32:21.642268175Z,1,1,42431945,T,A,0,81.750000000,1,0,13240,635238190,81.750000000,82.000000000,1,1,1,1,ESH6 P6800
2026-02-24T20:32:24.044114802Z,2026-02-24T20:32:23.523884807Z,1,1,42608051,T,B,0,26.500000000,1,0,12878,635269274,26.250000000,26.500000000,123,1,7,1,ESH6 C7075
2026-02-24T20:32:26.190960079Z,2026-02-24T20:32:26.172191957Z,1,1,2533967,T,A,0,28.250000000,2,0,15978,223314077,28.250000000,28.500000000,2,214,1,6,UD:1V: VT 2533967
2026-02-24T20:33:03.690385837Z,2026-02-24T20:33:03.547645853Z,1,1,42874364,T,A,0,12.900000000,1,0,12815,635545971,12.900000000,13.000000000,1,106,1,4,ESH6 P6210
2026-02-24T20:33:10.131989725Z,2026-02-24T20:33:10.095641611Z,1,1,42429687,T,B,0,55.250000000,1,0,11539,635599270,55.000000000,55.250000000,99,1,10,1,ESH6 C7000
2026-02-24T20:33:11.961702315Z,2026-02-24T20:33:11.741144293Z,1,1,2561325,T,A,0,25.750000000,2,0,15995,223447389,25.750000000,26.000000000,2,360,1,8,UD:1V: VT 2561325
2026-02-24T20:33:15.221316886Z,2026-02-24T20:33:15.101095563Z,1,1,42874364,T,A,0,12.800000000,1,0,13309,635659367,12.800000000,12.900000000,1,144,1,5,ESH6 P6210
2026-02-24T20:33:19.194896107Z,2026-02-24T20:33:18.864254567Z,1,1,42431181,T,A,0,42.750000000,5,0,14382,635691052,42.750000000,43.000000000,5,191,1,11,ESH6 P6600
2026-02-24T20:33:33.540924968Z,2026-02-24T20:33:33.537271161Z,1,1,42499828,T,A,0,10.800000000,1,0,13667,635805447,10.800000000,10.900000000,1,374,1,12,ESH6 C7150
2026-02-24T20:33:35.667512895Z,2026-02-24T20:33:35.665411507Z,1,1,42431946,T,B,0,111.500000000,5,0,15287,635812714,111.000000000,111.500000000,17,86,1,9,ESH6 P6900
2026-02-24T20:33:38.483589976Z,2026-02-24T20:33:38.323043999Z,1,1,42427507,T,A,0,180.500000000,2,0,11414,635822583,180.500000000,181.000000000,2,35,1,4,ESH6 C6800
2026-02-24T20:34:04.754333454Z,2026-02-24T20:34:04.709820915Z,1,1,2534214,T,A,0,62.000000000,4,0,15930,223605199,62.000000000,62.250000000,4,795,1,6,UD:1V: VT 2534214
2026-02-24T20:34:11.419278594Z,2026-02-24T20:34:11.418863287Z,1,1,42430464,T,B,0,5.300000000,1,0,16941,636070043,5.200000000,5.300000000,538,1,11,1,ESH6 C7200
2026-02-24T20:34:38.453692210Z,2026-02-24T20:34:38.443240581Z,1,1,42429687,T,B,0,55.500000000,43,0,16411,636222307,55.000000000,55.500000000,29,166,5,12,ESH6 C7000
2026-02-24T20:36:04.777833296Z,2026-02-24T20:36:04.777384483Z,1,1,42499828,T,A,0,10.700000000,1,0,12953,636683954,10.700000000,10.800000000,1,211,1,8,ESH6 C7150
2026-02-24T20:36:18.764352370Z,2026-02-24T20:36:18.476500143Z,1,1,42430464,T,A,0,5.300000000,1,0,15020,636758080,5.300000000,5.400000000,79,10,5,1,ESH6 C7200
2026-02-24T20:37:15.748807043Z,2026-02-24T20:37:15.747479627Z,1,1,42427500,T,B,0,16.800000000,3,0,14162,637082267,16.700000000,16.800000000,108,3,4,1,ESH6 P6300
2026-02-24T20:37:23.926419431Z,2026-02-24T20:37:23.907525553Z,1,1,42347631,T,A,0,14.500000000,3,0,11558,637107696,14.500000000,14.600000000,3,222,1,7,ESH6 P6250
2026-02-24T20:38:13.482126328Z,2026-02-24T20:38:13.481579831Z,1,1,42430464,T,A,0,5.300000000,1,0,25125,637303912,5.300000000,5.400000000,13,125,2,3,ESH6 C7200
2026-02-24T20:38:38.639218073Z,2026-02-24T20:38:38.638717671Z,1,1,42429011,T,B,0,111.500000000,1,0,15451,637433565,111.000000000,111.500000000,123,32,11,5,ESH6 C6900
2026-02-24T20:38:47.822992133Z,2026-02-24T20:38:47.822660559Z,1,1,42499828,T,A,0,10.700000000,1,0,13703,637470835,10.700000000,10.800000000,1,251,1,11,ESH6 C7150
2026-02-24T20:38:55.737366864Z,2026-02-24T20:38:55.352698321Z,1,1,2534214,T,A,0,62.000000000,4,0,14130,224167287,62.000000000,62.250000000,4,801,1,6,UD:1V: VT 2534214
2026-02-24T20:39:30.505093067Z,2026-02-24T20:39:30.295526053Z,1,1,42431945,T,A,0,82.000000000,1,0,11439,637761051,82.000000000,82.250000000,1,64,1,4,ESH6 P6800
2026-02-24T20:39:37.431811941Z,2026-02-24T20:39:37.431303643Z,1,1,42430464,T,A,0,5.200000000,1,0,17216,637803291,5.200000000,5.400000000,453,371,9,7,ESH6 C7200
2026-02-24T20:39:42.647754749Z,2026-02-24T20:39:42.542320121Z,1,1,42896844,T,A,0,34.750000000,4,0,11662,637823789,34.750000000,35.000000000,4,97,1,4,ESH6 P6530
2026-02-24T20:39:56.666867096Z,2026-02-24T20:39:56.546127927Z,1,1,2560353,T,A,0,31.750000000,4,0,12393,224346275,31.750000000,32.000000000,4,900,1,5,UD:1V: VT 2560353
2026-02-24T20:40:04.556863256Z,2026-02-24T20:40:04.556068743Z,1,1,2560353,T,A,0,31.750000000,4,0,13497,224377448,31.750000000,32.000000000,4,2503,1,7,UD:1V: VT 2560353
2026-02-24T20:40:04.896660343Z,2026-02-24T20:40:04.847252767Z,1,1,42429687,T,A,0,54.500000000,1,0,11598,637988566,54.500000000,54.750000000,13,39,3,5,ESH6 C7000
2026-02-24T20:40:11.145668666Z,2026-02-24T20:40:11.107694783Z,1,1,42868337,T,A,0,33.750000000,12,0,11634,638023155,33.750000000,34.000000000,34,112,1,7,ESH6 P6520
2026-02-24T20:40:21.567723698Z,2026-02-24T20:40:21.567203107Z,1,1,42670704,T,B,0,2.050000000,100,0,13916,638073187,2.000000000,2.050000000,100,277,1,6,ESH6 C7275
2026-02-24T20:40:25.482932831Z,2026-02-24T20:40:25.482625043Z,1,1,42427507,T,A,0,179.000000000,2,0,13981,638096305,179.000000000,179.500000000,2,78,1,10,ESH6 C6800
2026-02-24T20:40:26.740204301Z,2026-02-24T20:40:26.739656381Z,1,1,2560353,T,A,0,31.750000000,4,0,13592,224418358,31.750000000,32.000000000,4,2503,1,7,UD:1V: VT 2560353
2026-02-24T20:40:29.272006962Z,2026-02-24T20:40:29.254457345Z,1,1,42895803,T,B,0,59.250000000,1,0,14231,638109205,59.000000000,59.250000000,132,1,11,1,ESH6 C6990
2026-02-24T20:40:36.708243309Z,2026-02-24T20:40:36.617767543Z,1,1,42895803,T,B,0,59.500000000,1,0,14687,638156675,59.250000000,59.500000000,94,1,8,1,ESH6 C6990
2026-02-24T20:40:37.326419779Z,2026-02-24T20:40:37.325904535Z,1,1,42895803,T,B,0,59.500000000,2,0,14359,638166204,59.250000000,59.500000000,144,2,13,1,ESH6 C6990
2026-02-24T20:40:43.173429285Z,2026-02-24T20:40:43.163695607Z,1,1,2560353,T,A,0,31.750000000,4,0,15289,224463284,31.750000000,32.000000000,4,2503,1,7,UD:1V: VT 2560353
2026-02-24T20:40:59.864287000Z,2026-02-24T20:40:59.863754581Z,1,1,42430442,T,A,0,0.350000000,1,0,14711,638281832,0.350000000,0.400000000,1,844,1,9,ESH6 C7500
2026-02-24T20:41:02.124721827Z,2026-02-24T20:41:02.105226267Z,1,1,42430464,T,A,0,5.200000000,1,0,14681,638293868,5.200000000,5.400000000,25,296,3,8,ESH6 C7200
2026-02-24T20:41:09.188437765Z,2026-02-24T20:41:09.171393363Z,1,1,2560353,T,A,0,31.750000000,4,0,14239,224508833,31.750000000,32.000000000,4,2503,1,7,UD:1V: VT 2560353
2026-02-24T20:41:25.958689657Z,2026-02-24T20:41:25.896741055Z,1,1,42429687,T,B,0,54.750000000,1,0,14215,638415717,54.500000000,54.750000000,175,1,12,1,ESH6 C7000
2026-02-24T20:41:25.980824739Z,2026-02-24T20:41:25.897239351Z,1,1,42895803,T,B,0,59.500000000,1,0,13671,638416185,59.250000000,59.500000000,73,1,7,1,ESH6 C6990
2026-02-24T20:41:26.791117080Z,2026-02-24T20:41:26.790557543Z,1,1,42895803,T,B,0,59.500000000,2,0,13365,638432351,59.250000000,59.500000000,130,2,11,1,ESH6 C6990
2026-02-24T20:41:50.183201751Z,2026-02-24T20:41:49.992720469Z,1,1,42895803,T,B,0,59.750000000,1,0,14790,638534706,59.500000000,59.750000000,118,1,11,1,ESH6 C6990
2026-02-24T20:41:50.759546997Z,2026-02-24T20:41:50.758993463Z,1,1,42895803,T,B,0,59.750000000,1,0,21498,638541295,59.500000000,59.750000000,120,1,11,1,ESH6 C6990
2026-02-24T20:42:20.236175653Z,2026-02-24T20:42:20.235674555Z,1,1,42895803,T,B,0,59.500000000,2,0,14232,638704893,59.250000000,59.500000000,103,2,8,1,ESH6 C6990
2026-02-24T20:42:44.138993471Z,2026-02-24T20:42:44.110757101Z,1,1,42458377,T,A,0,71.250000000,6,0,15560,638794299,71.250000000,71.500000000,6,41,1,1,ESU6 P5400
2026-02-24T20:42:44.173816152Z,2026-02-24T20:42:44.111598693Z,1,1,42598890,T,B,0,55.500000000,8,0,11538,638795171,55.250000000,55.500000000,55,33,2,1,ESU6 C7750
2026-02-24T20:42:44.271989728Z,2026-02-24T20:42:44.173819729Z,1,1,42598890,T,B,0,55.500000000,25,0,18774,638797069,55.250000000,55.500000000,88,25,3,1,ESU6 C7750
2026-02-24T20:43:06.680341591Z,2026-02-24T20:43:06.675596637Z,1,1,42545724,T,B,0,2.700000000,2,0,16296,638900070,2.650000000,2.700000000,271,2,6,1,ESH6 C7250
2026-02-24T20:43:07.698446325Z,2026-02-24T20:43:07.697967265Z,1,1,42545724,T,B,0,2.700000000,2,0,13323,638909831,2.650000000,2.700000000,271,2,6,1,ESH6 C7250
2026-02-24T20:43:21.960218547Z,2026-02-24T20:43:21.958155605Z,1,1,42429687,T,B,0,55.250000000,1,0,14311,638984807,55.000000000,55.250000000,133,1,12,1,ESH6 C7000
2026-02-24T20:43:21.989995812Z,2026-02-24T20:43:21.967105581Z,1,1,42895803,T,B,0,60.000000000,2,0,13878,638985382,59.750000000,60.000000000,64,2,8,1,ESH6 C6990
2026-02-24T20:43:50.175327186Z,2026-02-24T20:43:50.174775049Z,1,1,2542262,T,A,0,46.000000000,1,0,14993,224790139,46.000000000,46.500000000,1,68,1,4,UD:1V: SG 2542262
2026-02-24T20:43:54.336156728Z,2026-02-24T20:43:54.335903405Z,1,1,42499828,T,A,0,10.600000000,1,0,14097,639138608,10.600000000,10.700000000,1,204,1,8,ESH6 C7150
2026-02-24T20:43:56.698130213Z,2026-02-24T20:43:56.693398209Z,1,1,42895803,T,B,0,60.000000000,2,0,14712,639154129,59.750000000,60.000000000,32,2,3,1,ESH6 C6990
2026-02-24T20:43:58.719693415Z,2026-02-24T20:43:58.719184851Z,1,1,42404370,T,B,0,117.000000000,1,0,13413,639164220,116.500000000,117.000000000,91,29,7,1,ESM6 P6400
2026-02-24T20:43:58.807962740Z,2026-02-24T20:43:58.788507581Z,1,1,42892063,T,B,0,41.750000000,1,0,18226,639164578,41.500000000,41.750000000,63,45,3,5,ESH6 P6590
2026-02-24T20:43:58.847629845Z,2026-02-24T20:43:58.823690023Z,1,1,42483456,T,A,0,34.750000000,12,0,12795,639165379,34.750000000,35.000000000,86,82,5,4,ESH6 C7050
2026-02-24T20:43:58.851039605Z,2026-02-24T20:43:58.847507387Z,1,1,42608051,T,B,0,26.750000000,1,0,11356,639165510,26.500000000,26.750000000,187,1,11,1,ESH6 C7075
2026-02-24T20:43:58.858880821Z,2026-02-24T20:43:58.858437525Z,1,1,42499828,T,B,0,10.600000000,1,0,11433,639165559,10.500000000,10.600000000,121,1,8,1,ESH6 C7150
2026-02-24T20:43:59.051468552Z,2026-02-24T20:43:59.010042451Z,1,1,42431181,T,A,0,43.000000000,3,0,12197,639167260,43.000000000,43.250000000,3,265,1,13,ESH6 P6600
2026-02-24T20:44:03.054482219Z,2026-02-24T20:44:03.029426283Z,1,1,42611781,T,B,0,28.250000000,1,0,13471,639186303,28.000000000,28.250000000,147,1,6,1,ESM6 C7550
2026-02-24T20:44:10.244576387Z,2026-02-24T20:44:10.243803233Z,1,1,42427499,T,A,0,4.100000000,1,0,12830,639230519,4.100000000,4.150000000,1,287,1,8,ESH6 P5700
2026-02-24T20:44:13.357188822Z,2026-02-24T20:44:13.356532627Z,1,1,42895803,T,B,0,60.500000000,2,0,13629,639258537,60.250000000,60.500000000,37,2,6,1,ESH6 C6990
2026-02-24T20:44:34.951669363Z,2026-02-24T20:44:34.692189553Z,1,1,42895803,T,B,0,60.750000000,2,0,11521,639412787,60.500000000,60.750000000,72,2,5,1,ESH6 C6990
2026-02-24T20:44:34.978099626Z,2026-02-24T20:44:34.693327337Z,1,1,42429687,T,B,0,56.000000000,1,0,11614,639413536,55.750000000,56.000000000,52,1,5,1,ESH6 C7000
2026-02-24T20:44:35.981012011Z,2026-02-24T20:44:35.692692439Z,1,1,42894580,T,A,0,107.000000000,8,0,11570,639432053,107.000000000,107.500000000,8,37,1,5,ESH6 P6890
2026-02-24T20:44:36.004095675Z,2026-02-24T20:44:35.692704971Z,1,1,42431944,T,A,0,7.400000000,1,0,11211,639432532,7.400000000,7.500000000,1,312,1,11,ESH6 P6000
2026-02-24T20:45:07.439361331Z,2026-02-24T20:45:07.290921045Z,1,1,42874364,T,A,0,12.600000000,4,0,14719,639695747,12.600000000,12.700000000,4,106,1,5,ESH6 P6210
2026-02-24T20:45:08.148154136Z,2026-02-24T20:45:08.147679779Z,1,1,42874364,T,A,0,12.600000000,3,0,15175,639701434,12.600000000,12.700000000,3,172,1,8,ESH6 P6210
2026-02-24T20:45:08.315128216Z,2026-02-24T20:45:08.274691811Z,1,1,42428246,T,B,0,22.500000000,1,0,12019,639703530,22.250000000,22.500000000,1,169,1,10,ESH6 P6400
2026-02-24T20:45:25.971201165Z,2026-02-24T20:45:25.970339039Z,1,1,42874364,T,A,0,12.600000000,4,0,13456,639822601,12.600000000,12.700000000,4,168,1,7,ESH6 P6210
2026-02-24T20:45:28.349379848Z,2026-02-24T20:45:28.347655105Z,1,1,42874364,T,A,0,12.600000000,4,0,13139,639830212,12.600000000,12.700000000,4,168,1,7,ESH6 P6210
2026-02-24T20:45:29.546589724Z,2026-02-24T20:45:29.546105335Z,1,1,42429011,T,B,0,112.500000000,1,0,15004,639836883,112.000000000,112.500000000,95,50,11,6,ESH6 C6900
2026-02-24T20:45:34.326091272Z,2026-02-24T20:45:34.297072265Z,1,1,42431181,T,A,0,42.250000000,3,0,12220,639868721,42.250000000,42.500000000,3,116,1,8,ESH6 P6600
2026-02-24T20:45:34.349303995Z,2026-02-24T20:45:34.297643321Z,1,1,42895803,T,B,0,61.000000000,1,0,12875,639869179,60.750000000,61.000000000,72,1,5,1,ESH6 C6990
2026-02-24T20:45:35.046772287Z,2026-02-24T20:45:35.042305575Z,1,1,42483456,T,B,0,35.500000000,8,0,13989,639876272,35.250000000,35.500000000,159,8,11,1,ESH6 C7050
2026-02-24T20:45:37.656007927Z,2026-02-24T20:45:37.556264573Z,1,1,42804077,T,B,0,6.300000000,13,0,17007,639894369,6.200000000,6.300000000,223,13,6,2,ESH6 P5925
2026-02-24T20:45:40.975056661Z,2026-02-24T20:45:40.770505379Z,1,1,42874364,T,A,0,12.600000000,4,0,11341,639918768,12.600000000,12.700000000,4,51,1,5,ESH6 P6210
2026-02-24T20:45:41.040174239Z,2026-02-24T20:45:40.893230419Z,1,1,42431181,T,A,0,42.250000000,3,0,14327,639920535,42.250000000,42.500000000,3,133,1,11,ESH6 P6600
2026-02-24T20:45:41.116177229Z,2026-02-24T20:45:41.035039449Z,1,1,42483456,T,B,0,35.500000000,9,0,14577,639921970,35.250000000,35.500000000,197,9,13,1,ESH6 C7050
2026-02-24T20:45:43.700997137Z,2026-02-24T20:45:43.595700419Z,1,1,42545724,T,B,0,2.750000000,2,0,12955,639931632,2.700000000,2.750000000,240,2,5,1,ESH6 C7250
2026-02-24T20:45:47.070853226Z,2026-02-24T20:45:47.070306291Z,1,1,42497579,T,B,0,0.500000000,1,0,21364,639959892,0.400000000,0.500000000,1051,796,9,7,ESH6 C7450
2026-02-24T20:45:51.086714839Z,2026-02-24T20:45:51.077875089Z,1,1,42611781,T,B,0,28.500000000,1,0,14521,639980397,28.250000000,28.500000000,160,1,6,1,ESM6 C7550
2026-02-24T20:45:51.538783962Z,2026-02-24T20:45:51.538289835Z,1,1,42426741,T,B,0,30.750000000,1,0,16570,639983461,30.500000000,30.750000000,132,6,6,2,ESH6 P6500
2026-02-24T20:45:52.073809373Z,2026-02-24T20:45:52.073546551Z,1,1,42611781,T,B,0,28.500000000,1,0,13912,639989582,28.250000000,28.500000000,160,1,6,1,ESM6 C7550
2026-02-24T20:45:52.367657279Z,2026-02-24T20:45:52.361780339Z,1,1,2514759,T,A,0,57.750000000,39,0,15228,225157969,57.750000000,58.000000000,43,43,2,2,UD:1V: VT 2514759
2026-02-24T20:46:01.197977568Z,2026-02-24T20:46:01.161768779Z,1,1,42366510,T,A,0,168.500000000,18,0,17299,640062112,168.500000000,169.000000000,18,55,1,6,ESM6 C7100
2026-02-24T20:46:06.056082000Z,2026-02-24T20:46:06.055390109Z,1,1,42611781,T,B,0,28.500000000,1,0,13740,640115745,28.250000000,28.500000000,236,1,7,1,ESM6 C7550
2026-02-24T20:46:07.185480241Z,2026-02-24T20:46:07.166037727Z,1,1,42611781,T,B,0,28.500000000,1,0,11557,640130967,28.250000000,28.500000000,236,1,7,1,ESM6 C7550
2026-02-24T20:46:08.077190050Z,2026-02-24T20:46:08.072448699Z,1,1,42611781,T,B,0,28.500000000,1,0,15599,640139338,28.250000000,28.500000000,242,1,8,1,ESM6 C7550
2026-02-24T20:46:13.549282107Z,2026-02-24T20:46:13.548784549Z,1,1,42483456,T,B,0,35.500000000,4,0,14029,640161424,35.250000000,35.500000000,196,9,13,1,ESH6 C7050
2026-02-24T20:46:13.549747376Z,2026-02-24T20:46:13.549320713Z,1,1,42483456,T,B,0,35.500000000,5,0,11382,640161426,35.250000000,35.500000000,196,5,13,1,ESH6 C7050
2026-02-24T20:46:14.552187629Z,2026-02-24T20:46:14.550987535Z,1,1,42483456,T,A,0,35.500000000,1,0,13394,640169272,35.500000000,35.750000000,2,70,2,6,ESH6 C7050
2026-02-24T20:46:18.593105053Z,2026-02-24T20:46:18.497090385Z,1,1,42874364,T,A,0,12.600000000,4,0,13261,640181412,12.600000000,12.700000000,4,35,1,3,ESH6 P6210
2026-02-24T20:46:20.356675077Z,2026-02-24T20:46:20.356029109Z,1,1,42837006,T,A,0,11.900000000,4,0,15414,640195742,11.900000000,12.100000000,4,227,1,5,ESH6 P6190
2026-02-24T20:46:23.260303855Z,2026-02-24T20:46:23.248653095Z,1,1,42895803,T,B,0,61.250000000,2,0,13609,640202329,61.000000000,61.250000000,66,2,7,1,ESH6 C6990
2026-02-24T20:46:40.997569160Z,2026-02-24T20:46:40.997048545Z,1,1,42427507,T,B,0,182.500000000,1,0,17906,640292885,181.500000000,182.500000000,96,60,11,10,ESH6 C6800
2026-02-24T20:46:41.639242405Z,2026-02-24T20:46:41.623657081Z,1,1,42895803,T,B,0,61.250000000,1,0,13034,640300500,61.000000000,61.250000000,65,1,6,1,ESH6 C6990
2026-02-24T20:46:44.523200523Z,2026-02-24T20:46:44.522710521Z,1,1,42497579,T,B,0,0.500000000,1,0,22712,640315784,0.400000000,0.500000000,1064,385,10,6,ESH6 C7450
2026-02-24T20:46:48.607010704Z,2026-02-24T20:46:48.481767681Z,1,1,42428246,T,A,0,22.250000000,1,0,13880,640339340,22.250000000,22.500000000,1,364,1,14,ESH6 P6400
2026-02-24T20:46:48.722672795Z,2026-02-24T20:46:48.485335639Z,1,1,42895803,T,B,0,61.500000000,2,0,14276,640340527,61.250000000,61.500000000,47,2,5,1,ESH6 C6990
2026-02-24T20:46:49.628226633Z,2026-02-24T20:46:48.690218811Z,1,1,42429687,T,B,0,56.750000000,1,0,13297,640350465,56.500000000,56.750000000,47,1,2,1,ESH6 C7000
2026-02-24T20:46:49.628572848Z,2026-02-24T20:46:48.690228775Z,1,1,42404370,T,A,0,116.000000000,1,0,16061,640350467,116.000000000,116.500000000,1,25,1,1,ESM6 P6400
2026-02-24T20:46:50.885653474Z,2026-02-24T20:46:50.612264629Z,1,1,42483456,T,A,0,35.750000000,10,0,18915,640372073,35.750000000,36.250000000,38,196,7,13,ESH6 C7050
2026-02-24T20:46:52.997790874Z,2026-02-24T20:46:52.997252237Z,1,1,42431181,T,A,0,42.000000000,2,0,14848,640388429,42.000000000,42.250000000,2,248,1,15,ESH6 P6600
2026-02-24T20:46:59.089411415Z,2026-02-24T20:46:59.088724835Z,1,1,42431181,T,A,0,42.250000000,3,0,14390,640435681,42.250000000,42.500000000,3,284,1,17,ESH6 P6600
2026-02-24T20:47:00.090203701Z,2026-02-24T20:47:00.082999257Z,1,1,42431181,T,B,0,42.250000000,3,0,21613,640446028,42.000000000,42.250000000,127,3,8,1,ESH6 P6600
2026-02-24T20:47:00.164856146Z,2026-02-24T20:47:00.164309105Z,1,1,42483456,T,B,0,35.750000000,8,0,14371,640446533,35.500000000,35.750000000,238,10,12,1,ESH6 C7050
2026-02-24T20:47:00.165808744Z,2026-02-24T20:47:00.164898329Z,1,1,42483456,T,B,0,35.750000000,2,0,11440,640446545,35.500000000,35.750000000,238,2,12,1,ESH6 C7050
2026-02-24T20:47:01.085589782Z,2026-02-24T20:47:01.085276855Z,1,1,42431181,T,A,0,42.250000000,2,0,14145,640453712,42.250000000,42.500000000,2,284,1,17,ESH6 P6600
2026-02-24T20:47:01.457294837Z,2026-02-24T20:47:01.398646109Z,1,1,42483456,T,B,0,35.750000000,10,0,13226,640455512,35.500000000,35.750000000,216,10,13,1,ESH6 C7050
2026-02-24T20:47:01.469229416Z,2026-02-24T20:47:01.398920907Z,1,1,42608051,T,B,0,27.500000000,1,0,13534,640455725,27.250000000,27.500000000,203,1,11,1,ESH6 C7075
2026-02-24T20:47:02.579164874Z,2026-02-24T20:47:02.578580103Z,1,1,42483456,T,B,0,35.750000000,9,0,13208,640464069,35.500000000,35.750000000,222,9,15,1,ESH6 C7050
2026-02-24T20:47:03.577924843Z,2026-02-24T20:47:03.577456641Z,1,1,42483456,T,A,0,35.750000000,1,0,13991,640469706,35.750000000,36.000000000,27,160,1,9,ESH6 C7050
2026-02-24T20:47:13.646646348Z,2026-02-24T20:47:13.634497721Z,1,1,42431181,T,A,0,42.000000000,2,0,13885,640531267,42.000000000,42.250000000,3,199,1,13,ESH6 P6600
2026-02-24T20:47:13.651853520Z,2026-02-24T20:47:13.634586267Z,1,1,42431181,T,A,0,42.000000000,1,0,14032,640531362,42.000000000,42.250000000,1,199,1,13,ESH6 P6600
2026-02-24T20:47:17.102862003Z,2026-02-24T20:47:17.065634985Z,1,1,42431181,T,A,0,42.000000000,2,0,11532,640545276,42.000000000,42.250000000,2,267,1,15,ESH6 P6600
2026-02-24T20:47:18.970057816Z,2026-02-24T20:47:18.429391423Z,1,1,42483456,T,B,0,36.000000000,11,0,11090,640568728,35.750000000,36.000000000,204,11,9,1,ESH6 C7050
2026-02-24T20:47:31.847743810Z,2026-02-24T20:47:31.847255957Z,1,1,42431945,T,B,0,79.250000000,1,0,14389,640647310,79.000000000,79.250000000,135,1,12,1,ESH6 P6800
2026-02-24T20:47:35.582896349Z,2026-02-24T20:47:35.548854725Z,1,1,42431181,T,A,0,42.000000000,1,0,15458,640666465,42.000000000,42.250000000,1,219,1,14,ESH6 P6600
2026-02-24T20:47:36.429235288Z,2026-02-24T20:47:36.428714929Z,1,1,42427507,T,A,0,182.500000000,3,0,13512,640672780,182.500000000,183.500000000,93,77,10,9,ESH6 C6800
2026-02-24T20:47:40.687267507Z,2026-02-24T20:47:40.655770843Z,1,1,42895803,T,B,0,61.750000000,2,0,12978,640687180,61.500000000,61.750000000,77,2,6,1,ESH6 C6990
2026-02-24T20:47:50.468043715Z,2026-02-24T20:47:50.467810985Z,1,1,42403723,T,A,0,1.250000000,1,0,13264,640748449,1.250000000,1.300000000,1,493,1,5,ESM6 C8300
2026-02-24T20:48:00.872485272Z,2026-02-24T20:48:00.871954981Z,1,1,42483456,T,B,0,36.000000000,6,0,14608,640808734,35.750000000,36.000000000,237,10,14,1,ESH6 C7050
2026-02-24T20:48:02.849243173Z,2026-02-24T20:48:02.844992895Z,1,1,42483456,T,B,0,36.000000000,4,0,11564,640814741,35.750000000,36.000000000,232,4,13,1,ESH6 C7050
2026-02-24T20:48:03.508774653Z,2026-02-24T20:48:03.493322663Z,1,1,42483456,T,B,0,36.000000000,1,0,14782,640818752,35.750000000,36.000000000,265,1,14,1,ESH6 C7050
2026-02-24T20:48:04.517439408Z,2026-02-24T20:48:04.516985803Z,1,1,42483456,T,A,0,36.000000000,1,0,14480,640825984,36.000000000,36.250000000,89,140,5,7,ESH6 C7050
2026-02-24T20:48:04.847844978Z,2026-02-24T20:48:04.763068999Z,1,1,42499828,T,B,0,11.000000000,1,0,10617,640828374,10.900000000,11.000000000,297,1,10,1,ESH6 C7150
2026-02-24T20:48:18.356204944Z,2026-02-24T20:48:18.354596029Z,1,1,42483456,T,B,0,36.000000000,6,0,13117,640901346,35.750000000,36.000000000,241,11,14,1,ESH6 C7050
2026-02-24T20:48:18.519151645Z,2026-02-24T20:48:18.518669525Z,1,1,42431181,T,A,0,42.000000000,3,0,12885,640902015,42.000000000,42.250000000,3,286,1,16,ESH6 P6600
2026-02-24T20:48:21.707239045Z,2026-02-24T20:48:21.560923569Z,1,1,42483456,T,B,0,36.000000000,5,0,13412,640918529,35.750000000,36.000000000,240,5,13,1,ESH6 C7050
2026-02-24T20:48:25.438212925Z,2026-02-24T20:48:25.437904557Z,1,1,42403723,T,A,0,1.250000000,1,0,14931,640933461,1.250000000,1.300000000,1,682,1,6,ESM6 C8300
2026-02-24T20:48:27.648123959Z,2026-02-24T20:48:27.526787239Z,1,1,42895803,T,B,0,62.000000000,2,0,13530,640958098,61.750000000,62.000000000,57,2,6,1,ESH6 C6990
2026-02-24T20:48:38.088587451Z,2026-02-24T20:48:38.036835319Z,1,1,42545724,T,B,0,2.750000000,2,0,15916,641041533,2.700000000,2.750000000,309,2,6,1,ESH6 C7250
2026-02-24T20:48:41.638171719Z,2026-02-24T20:48:41.613956267Z,1,1,42896844,T,A,0,33.250000000,14,0,16248,641077695,33.250000000,33.500000000,38,94,2,5,ESH6 P6530
2026-02-24T20:48:48.183160493Z,2026-02-24T20:48:48.110568151Z,1,1,42895803,T,B,0,61.750000000,1,0,13175,641109549,61.500000000,61.750000000,39,1,7,1,ESH6 C6990
2026-02-24T20:48:51.480326624Z,2026-02-24T20:48:51.028438685Z,1,1,42545724,T,B,0,2.750000000,2,0,15283,641148935,2.700000000,2.750000000,330,2,5,1,ESH6 C7250
2026-02-24T20:48:52.270467374Z,2026-02-24T20:48:52.025417875Z,1,1,42404370,T,A,0,115.500000000,1,0,14662,641165132,115.500000000,116.000000000,1,119,1,7,ESM6 P6400
2026-02-24T20:48:52.499710360Z,2026-02-24T20:48:52.428337837Z,1,1,42545724,T,A,0,2.750000000,2,0,13729,641170343,2.750000000,2.850000000,4,281,1,6,ESH6 C7250
2026-02-24T20:48:52.953542803Z,2026-02-24T20:48:52.951198713Z,1,1,42874364,T,A,0,12.400000000,3,0,14703,641177408,12.400000000,12.500000000,3,232,1,6,ESH6 P6210
2026-02-24T20:48:53.411756365Z,2026-02-24T20:48:53.411250377Z,1,1,42545724,T,A,0,2.750000000,2,0,14715,641179808,2.750000000,2.850000000,2,281,1,6,ESH6 C7250
2026-02-24T20:48:54.413783307Z,2026-02-24T20:48:54.413452717Z,1,1,42545724,T,B,0,2.750000000,2,0,14088,641184333,2.700000000,2.750000000,374,2,6,1,ESH6 C7250
2026-02-24T20:48:54.757860178Z,2026-02-24T20:48:54.756878357Z,1,1,42874364,T,A,0,12.400000000,3,0,14134,641185323,12.400000000,12.500000000,3,334,1,8,ESH6 P6210
2026-02-24T20:48:55.923420439Z,2026-02-24T20:48:55.922864589Z,1,1,42404370,T,B,0,116.000000000,1,0,14324,641190934,115.000000000,116.000000000,136,124,10,9,ESM6 P6400
2026-02-24T20:48:56.917582363Z,2026-02-24T20:48:56.917067587Z,1,1,42874364,T,A,0,12.400000000,4,0,15680,641193434,12.400000000,12.500000000,4,292,1,7,ESH6 P6210
2026-02-24T20:48:58.648641307Z,2026-02-24T20:48:58.586331995Z,1,1,42431181,T,A,0,41.500000000,2,0,10470,641200413,41.500000000,41.750000000,11,155,2,8,ESH6 P6600
2026-02-24T20:48:58.648678592Z,2026-02-24T20:48:58.586332173Z,1,1,42431181,T,A,0,41.500000000,4,0,13074,641200415,41.500000000,41.750000000,9,155,1,8,ESH6 P6600
2026-02-24T20:48:58.679636800Z,2026-02-24T20:48:58.586388483Z,1,1,42874364,T,A,0,12.400000000,3,0,13206,641200990,12.400000000,12.500000000,3,334,1,8,ESH6 P6210
2026-02-24T20:48:58.715089282Z,2026-02-24T20:48:58.586926389Z,1,1,42483456,T,B,0,36.000000000,7,0,14615,641201698,35.750000000,36.000000000,219,7,12,1,ESH6 C7050
2026-02-24T20:49:00.486648525Z,2026-02-24T20:49:00.486096351Z,1,1,42874364,T,A,0,12.400000000,3,0,17243,641218813,12.400000000,12.500000000,3,337,1,9,ESH6 P6210
2026-02-24T20:49:00.488025823Z,2026-02-24T20:49:00.487579651Z,1,1,42431181,T,A,0,41.500000000,2,0,11497,641218826,41.500000000,41.750000000,2,158,1,9,ESH6 P6600
2026-02-24T20:49:00.488362688Z,2026-02-24T20:49:00.488090763Z,1,1,42483456,T,B,0,36.000000000,2,0,13381,641218831,35.750000000,36.000000000,250,2,15,1,ESH6 C7050
2026-02-24T20:49:10.117452492Z,2026-02-24T20:49:10.116303419Z,1,1,42611781,T,B,0,28.750000000,1,0,14564,641294690,28.500000000,28.750000000,181,1,6,1,ESM6 C7550
2026-02-24T20:49:14.205941186Z,2026-02-24T20:49:14.199960505Z,1,1,2534964,T,B,0,4.250000000,1,0,12152,225662953,4.200000000,4.250000000,1,400,1,4,UD:1V: VT 2534964
2026-02-24T20:49:24.254669570Z,2026-02-24T20:49:24.254107573Z,1,1,2564061,T,A,0,29.250000000,1,0,19005,225690043,29.250000000,29.750000000,1,163,1,3,UD:1V: GN 2564061
2026-02-24T20:49:32.270667178Z,2026-02-24T20:49:32.235485697Z,1,1,42431181,T,A,0,41.500000000,1,0,13236,641427519,41.500000000,41.750000000,12,123,2,8,ESH6 P6600
2026-02-24T20:49:32.314833341Z,2026-02-24T20:49:32.235867471Z,1,1,42431181,T,A,0,41.500000000,2,0,11829,641428330,41.500000000,41.750000000,11,121,2,8,ESH6 P6600
2026-02-24T20:49:32.314963670Z,2026-02-24T20:49:32.235868923Z,1,1,42483456,T,B,0,36.000000000,7,0,12076,641428335,35.750000000,36.000000000,180,9,10,1,ESH6 C7050
2026-02-24T20:49:32.317894909Z,2026-02-24T20:49:32.235982897Z,1,1,42483456,T,B,0,36.000000000,2,0,11752,641428425,35.750000000,36.000000000,180,2,10,1,ESH6 C7050
2026-02-24T20:49:59.433651858Z,2026-02-24T20:49:59.433218365Z,1,1,42608051,T,B,0,27.500000000,1,0,15162,641552518,27.250000000,27.500000000,27,1,5,1,ESH6 C7075
2026-02-24T20:50:00.244028191Z,2026-02-24T20:50:00.017506729Z,1,1,42431181,T,A,0,41.500000000,2,0,13428,641557857,41.500000000,43.000000000,2,50,1,1,ESH6 P6600
2026-02-24T20:50:00.319881162Z,2026-02-24T20:50:00.017526469Z,1,1,42499828,T,B,0,10.900000000,1,0,15024,641559187,10.500000000,10.900000000,1,1,1,1,ESH6 C7150
2026-02-24T20:50:00.335832130Z,2026-02-24T20:50:00.018937947Z,1,1,42483456,T,B,0,36.000000000,9,0,13186,641559554,34.500000000,36.000000000,37,9,1,1,ESH6 C7050
2026-02-24T20:50:00.335864960Z,2026-02-24T20:50:00.018938559Z,1,1,42874364,T,A,0,12.400000000,4,0,11342,641559556,12.400000000,12.600000000,4,4,1,1,ESH6 P6210
2026-02-24T20:50:01.224090629Z,2026-02-24T20:50:00.524025443Z,1,1,42868334,T,B,0,141.000000000,4,0,16233,641575393,138.000000000,141.000000000,17,4,1,1,ESH6 C6860
2026-02-24T20:50:01.424056613Z,2026-02-24T20:50:00.799960107Z,1,1,42429687,T,B,0,57.500000000,1,0,10420,641579051,56.750000000,57.500000000,22,1,1,1,ESH6 C7000
2026-02-24T20:50:01.870656466Z,2026-02-24T20:50:01.526271259Z,1,1,42874364,T,A,0,12.400000000,3,0,11492,641587022,12.400000000,12.500000000,3,5,1,1,ESH6 P6210
2026-02-24T20:50:01.870707613Z,2026-02-24T20:50:01.526281895Z,1,1,42499828,T,B,0,11.000000000,1,0,11963,641587024,10.800000000,11.000000000,46,1,1,1,ESH6 C7150
2026-02-24T20:50:01.870745069Z,2026-02-24T20:50:01.526294259Z,1,1,42431181,T,A,0,41.500000000,2,0,11588,641587026,41.500000000,42.500000000,2,95,1,3,ESH6 P6600
2026-02-24T20:50:01.870800248Z,2026-02-24T20:50:01.526307929Z,1,1,42483456,T,B,0,36.000000000,2,0,12133,641587028,35.250000000,36.000000000,90,2,2,1,ESH6 C7050
2026-02-24T20:50:03.089495245Z,2026-02-24T20:50:03.088225461Z,1,1,42874364,T,A,0,12.300000000,4,0,13174,641603193,12.300000000,12.500000000,4,112,1,1,ESH6 P6210
2026-02-24T20:50:07.859806168Z,2026-02-24T20:50:07.859407813Z,1,1,42403723,T,A,0,1.250000000,1,0,14478,641659638,1.250000000,1.300000000,1,421,1,4,ESM6 C8300
2026-02-24T20:50:08.501214773Z,2026-02-24T20:50:08.500725359Z,1,1,42611781,T,B,0,28.750000000,1,0,15470,641666957,28.500000000,28.750000000,137,1,5,1,ESM6 C7550
2026-02-24T20:50:09.353165546Z,2026-02-24T20:50:09.352786705Z,1,1,42611781,T,B,0,28.750000000,1,0,14032,641671200,28.500000000,28.750000000,153,1,6,1,ESM6 C7550
2026-02-24T20:50:10.353670375Z,2026-02-24T20:50:10.353307965Z,1,1,42611781,T,B,0,28.750000000,1,0,14689,641682447,28.500000000,28.750000000,153,1,6,1,ESM6 C7550
2026-02-24T20:50:11.354894045Z,2026-02-24T20:50:11.354449395Z,1,1,42611781,T,B,0,28.750000000,1,0,13287,641694496,28.500000000,28.750000000,153,1,6,1,ESM6 C7550
2026-02-24T20:50:12.355910000Z,2026-02-24T20:50:12.355453911Z,1,1,42611781,T,B,0,28.750000000,1,0,14000,641700320,28.500000000,28.750000000,153,1,6,1,ESM6 C7550
2026-02-24T20:50:12.482534156Z,2026-02-24T20:50:12.385989579Z,1,1,42874364,T,A,0,12.300000000,4,0,11809,641701721,12.300000000,12.400000000,4,271,1,6,ESH6 P6210
2026-02-24T20:50:12.634917528Z,2026-02-24T20:50:12.438824037Z,1,1,42483456,T,B,0,36.500000000,1,0,12006,641704511,36.250000000,36.500000000,60,1,4,1,ESH6 C7050
2026-02-24T20:50:12.683286672Z,2026-02-24T20:50:12.446119791Z,1,1,42431181,T,A,0,41.000000000,1,0,11536,641705215,41.000000000,41.250000000,2,95,1,5,ESH6 P6600
2026-02-24T20:50:12.690096960Z,2026-02-24T20:50:12.446564003Z,1,1,42431181,T,A,0,41.000000000,1,0,10858,641705438,41.000000000,41.250000000,1,95,1,5,ESH6 P6600
2026-02-24T20:50:12.692875266Z,2026-02-24T20:50:12.447221061Z,1,1,3126326,T,B,0,1.150000000,1,0,14233,225806902,1.000000000,1.150000000,2023,1,2,1,UD:1V: VT 3126326
2026-02-24T20:50:13.870127717Z,2026-02-24T20:50:13.361723943Z,1,1,42429011,T,B,0,115.000000000,10,0,11225,641728634,114.500000000,115.000000000,70,10,7,2,ESH6 C6900
2026-02-24T20:50:14.090781672Z,2026-02-24T20:50:13.567261271Z,1,1,42427508,T,B,0,21.250000000,1,0,13349,641733036,21.000000000,21.250000000,92,1,3,1,ESH6 C7100
2026-02-24T20:50:14.128305498Z,2026-02-24T20:50:13.607884287Z,1,1,2558414,T,A,0,9.000000000,1,0,14587,225818007,9.000000000,9.100000000,1,611,1,5,UD:1V: VT 2558414
2026-02-24T20:50:14.285671519Z,2026-02-24T20:50:13.792762141Z,1,1,42874364,T,B,0,12.200000000,4,0,11191,641736735,12.000000000,12.200000000,87,4,3,1,ESH6 P6210
2026-02-24T20:50:14.703158880Z,2026-02-24T20:50:14.285793717Z,1,1,42483456,T,B,0,36.750000000,12,0,13566,641745724,36.500000000,36.750000000,32,12,4,1,ESH6 C7050
2026-02-24T20:50:15.644000123Z,2026-02-24T20:50:15.512586715Z,1,1,42429687,T,B,0,58.250000000,1,0,11491,641765590,57.750000000,58.250000000,52,1,5,1,ESH6 C7000
2026-02-24T20:50:18.640898170Z,2026-02-24T20:50:18.632416029Z,1,1,42874364,T,A,0,12.100000000,4,0,14306,641810863,12.100000000,12.300000000,4,462,1,8,ESH6 P6210
2026-02-24T20:50:19.346759295Z,2026-02-24T20:50:19.346247237Z,1,1,42874364,T,A,0,12.100000000,3,0,13722,641816265,12.100000000,12.300000000,3,487,1,10,ESH6 P6210
2026-02-24T20:50:19.833963262Z,2026-02-24T20:50:19.802034463Z,1,1,42483456,T,B,0,37.000000000,5,0,14171,641820785,36.750000000,37.000000000,117,7,10,1,ESH6 C7050
2026-02-24T20:50:19.937539222Z,2026-02-24T20:50:19.936895185Z,1,1,42483456,T,B,0,37.000000000,1,0,14010,641821698,36.750000000,37.000000000,117,2,10,1,ESH6 C7050
2026-02-24T20:50:20.021643770Z,2026-02-24T20:50:20.001116987Z,1,1,42483456,T,B,0,37.000000000,1,0,13156,641823280,36.750000000,37.000000000,122,1,11,1,ESH6 C7050
2026-02-24T20:50:20.364101995Z,2026-02-24T20:50:20.027207559Z,1,1,42611781,T,B,0,29.000000000,1,0,13856,641829496,28.750000000,29.000000000,174,1,5,1,ESM6 C7550
2026-02-24T20:50:21.219881462Z,2026-02-24T20:50:20.971767205Z,1,1,42483456,T,B,0,37.000000000,11,0,15012,641844661,36.750000000,37.000000000,176,11,11,1,ESH6 C7050
2026-02-24T20:50:21.455662635Z,2026-02-24T20:50:21.345735539Z,1,1,42611781,T,A,0,29.000000000,1,0,13295,641849234,29.000000000,29.250000000,6,40,2,3,ESM6 C7550
2026-02-24T20:50:21.954820840Z,2026-02-24T20:50:21.839682525Z,1,1,2558198,T,A,0,1.400000000,1,0,13418,225864088,1.400000000,1.550000000,1,3042,1,8,UD:1V: VT 2558198
2026-02-24T20:50:24.280445896Z,2026-02-24T20:50:24.242626025Z,1,1,2556782,T,A,0,1.350000000,1,0,13622,225873422,1.350000000,1.400000000,1,2404,1,8,UD:1V: VT 2556782
2026-02-24T20:50:25.310042195Z,2026-02-24T20:50:25.211787635Z,1,1,42483456,T,B,0,37.250000000,3,0,13677,641898039,37.000000000,37.250000000,113,3,8,1,ESH6 C7050
2026-02-24T20:50:26.177776439Z,2026-02-24T20:50:26.146352027Z,1,1,42431181,T,A,0,40.250000000,1,0,11310,641914322,40.250000000,40.500000000,2,185,1,9,ESH6 P6600
2026-02-24T20:50:27.607876935Z,2026-02-24T20:50:27.550791075Z,1,1,42428246,T,B,0,21.250000000,1,0,10900,641926186,21.000000000,21.250000000,150,1,7,1,ESH6 P6400
2026-02-24T20:50:28.503501504Z,2026-02-24T20:50:28.148062149Z,1,1,42399655,T,A,0,45.000000000,2,0,10377,641940051,45.000000000,45.250000000,5,207,1,6,ESM6 P5650
2026-02-24T20:50:28.866993319Z,2026-02-24T20:50:28.487281949Z,1,1,42426740,T,A,0,9.000000000,1,0,13070,641944618,9.000000000,9.100000000,1,325,1,8,ESH6 P6100
2026-02-24T20:50:36.263173784Z,2026-02-24T20:50:36.206277087Z,1,1,42429011,T,B,0,116.500000000,4,0,14764,642026477,116.000000000,116.500000000,113,4,10,1,ESH6 C6900
2026-02-24T20:50:36.532227421Z,2026-02-24T20:50:36.531715965Z,1,1,2558278,T,A,0,1.400000000,1,0,14637,225935727,1.400000000,1.500000000,1,2066,1,8,UD:1V: VT 2558278
2026-02-24T20:50:36.612976860Z,2026-02-24T20:50:36.612465643Z,1,1,2982692,T,B,0,6.300000000,4,0,13420,225935791,6.200000000,6.300000000,3005,6,8,1,UD:1V: VT 2982692
2026-02-24T20:50:36.613757395Z,2026-02-24T20:50:36.612478907Z,1,1,2982692,T,B,0,6.300000000,2,0,13390,225935797,6.200000000,6.300000000,3005,2,8,1,UD:1V: VT 2982692
2026-02-24T20:50:36.740700121Z,2026-02-24T20:50:36.627247279Z,1,1,42399655,T,A,0,45.000000000,3,0,10410,642032015,45.000000000,45.250000000,3,104,1,6,ESM6 P5650
2026-02-24T20:50:36.831222133Z,2026-02-24T20:50:36.645904469Z,1,1,42429687,T,B,0,59.000000000,1,0,14102,642033737,58.750000000,59.000000000,46,1,3,1,ESH6 C7000
2026-02-24T20:50:37.220241167Z,2026-02-24T20:50:36.718280351Z,1,1,42431181,T,A,0,40.000000000,4,0,14351,642041117,40.000000000,40.250000000,4,31,2,1,ESH6 P6600
2026-02-24T20:50:37.249163440Z,2026-02-24T20:50:36.718321971Z,1,1,42366506,T,A,0,17.500000000,1,0,10304,642041713,17.500000000,17.600000000,1,110,1,3,ESM6 P4700
2026-02-24T20:50:37.320397395Z,2026-02-24T20:50:36.727894911Z,1,1,42483456,T,B,0,37.500000000,4,0,12511,642043441,37.250000000,37.500000000,27,11,1,1,ESH6 C7050
2026-02-24T20:50:37.372241463Z,2026-02-24T20:50:36.759396561Z,1,1,42483456,T,B,0,37.500000000,7,0,14638,642044298,37.250000000,37.500000000,44,7,3,1,ESH6 C7050
2026-02-24T20:50:37.961216887Z,2026-02-24T20:50:37.304053657Z,1,1,42431946,T,A,0,105.000000000,2,0,11401,642055180,105.000000000,105.500000000,2,18,1,2,ESH6 P6900
2026-02-24T20:50:38.188731082Z,2026-02-24T20:50:37.550918629Z,1,1,2558313,T,A,0,1.400000000,1,0,14801,225948883,1.400000000,1.550000000,1,2361,1,6,UD:1V: VT 2558313
2026-02-24T20:50:38.246029577Z,2026-02-24T20:50:37.718669529Z,1,1,42608055,T,A,0,6.700000000,1,0,14058,642061933,6.700000000,6.800000000,1,520,1,11,ESH6 P5975
2026-02-24T20:50:38.395224941Z,2026-02-24T20:50:37.816228835Z,1,1,42689132,T,B,0,47.750000000,1,0,11314,642064630,47.500000000,47.750000000,2,1,2,1,ESH6 C7025
2026-02-24T20:50:38.858094376Z,2026-02-24T20:50:38.432716081Z,1,1,2558414,T,A,0,8.800000000,1,0,14018,225953997,8.800000000,8.900000000,1,815,1,6,UD:1V: VT 2558414
2026-02-24T20:50:38.951077978Z,2026-02-24T20:50:38.560157581Z,1,1,2556681,T,A,0,1.250000000,1,0,13653,225954888,1.250000000,1.350000000,1,2334,1,7,UD:1V: VT 2556681
2026-02-24T20:50:39.399799272Z,2026-02-24T20:50:39.192525401Z,1,1,42630141,T,A,0,7.500000000,1,0,13143,642084523,7.500000000,7.600000000,1,105,1,2,ESM6 P3750
2026-02-24T20:50:39.415419910Z,2026-02-24T20:50:39.195192293Z,1,1,42874364,T,A,0,11.900000000,4,0,12460,642084857,11.900000000,12.000000000,4,71,1,3,ESH6 P6210
2026-02-24T20:50:39.567054917Z,2026-02-24T20:50:39.267017105Z,1,1,42483456,T,B,0,37.750000000,10,0,13490,642087172,37.500000000,37.750000000,159,10,9,1,ESH6 C7050
2026-02-24T20:50:42.408502435Z,2026-02-24T20:50:42.360747821Z,1,1,42403723,T,A,0,1.250000000,1,0,16566,642136334,1.250000000,1.300000000,1,446,1,4,ESM6 C8300
2026-02-24T20:51:03.955202301Z,2026-02-24T20:51:03.779322079Z,1,1,2534214,T,A,0,62.750000000,4,0,13380,226056781,62.750000000,63.000000000,4,450,1,4,UD:1V: VT 2534214
2026-02-24T20:51:07.013935087Z,2026-02-24T20:51:06.728990815Z,1,1,42429687,T,A,0,58.250000000,1,0,11356,642415646,58.250000000,58.500000000,1,21,1,1,ESH6 C7000
2026-02-24T20:51:14.459133782Z,2026-02-24T20:51:14.382505871Z,1,1,42431181,T,B,0,40.750000000,2,0,14009,642507850,40.500000000,40.750000000,58,2,7,1,ESH6 P6600
2026-02-24T20:51:17.292271935Z,2026-02-24T20:51:17.291957949Z,1,1,42403723,T,A,0,1.250000000,1,0,15388,642545357,1.250000000,1.300000000,1,446,1,4,ESM6 C8300
2026-02-24T20:51:18.368550112Z,2026-02-24T20:51:18.332996983Z,1,1,42403723,T,A,0,1.250000000,1,0,12544,642555155,1.250000000,1.300000000,1,446,1,4,ESM6 C8300
2026-02-24T20:51:26.025336146Z,2026-02-24T20:51:26.019096083Z,1,1,42431181,T,A,0,40.750000000,3,0,15063,642611627,40.750000000,41.000000000,3,134,1,8,ESH6 P6600
2026-02-24T20:51:30.964992687Z,2026-02-24T20:51:30.964509919Z,1,1,42483456,T,B,0,36.750000000,1,0,18050,642654670,36.500000000,36.750000000,162,3,11,1,ESH6 C7050
2026-02-24T20:51:32.061932096Z,2026-02-24T20:51:32.053670797Z,1,1,42608051,T,B,0,28.250000000,4,0,14419,642663117,28.000000000,28.250000000,160,4,10,1,ESH6 C7075
2026-02-24T20:51:32.127661595Z,2026-02-24T20:51:32.116504523Z,1,1,42483456,T,B,0,36.750000000,2,0,14049,642664487,36.500000000,36.750000000,169,2,10,1,ESH6 C7050
2026-02-24T20:51:33.882998047Z,2026-02-24T20:51:33.882346411Z,1,1,42608051,T,B,0,28.250000000,4,0,14688,642676419,28.000000000,28.250000000,251,4,15,1,ESH6 C7075
2026-02-24T20:51:33.904420424Z,2026-02-24T20:51:33.903946837Z,1,1,42483456,T,B,0,36.750000000,3,0,15943,642676552,36.500000000,36.750000000,232,3,15,1,ESH6 C7050
2026-02-24T20:51:34.073528763Z,2026-02-24T20:51:34.073057037Z,1,1,42868330,T,B,0,73.500000000,1,0,20388,642677807,73.250000000,73.500000000,56,1,6,1,ESH6 C6970
2026-02-24T20:51:34.786165536Z,2026-02-24T20:51:34.785662015Z,1,1,42868330,T,B,0,73.500000000,1,0,14086,642680426,73.250000000,73.500000000,56,1,6,1,ESH6 C6970
2026-02-24T20:51:34.854509289Z,2026-02-24T20:51:34.854032913Z,1,1,42483456,T,B,0,36.750000000,3,0,11729,642680792,36.500000000,36.750000000,232,3,15,1,ESH6 C7050
2026-02-24T20:51:35.779070946Z,2026-02-24T20:51:35.778553797Z,1,1,42868330,T,B,0,73.500000000,1,0,12176,642683384,73.250000000,73.500000000,57,1,7,1,ESH6 C6970
2026-02-24T20:51:35.943652152Z,2026-02-24T20:51:35.849932351Z,1,1,42896834,T,A,0,12.500000000,2,0,11495,642685115,12.500000000,12.600000000,2,38,1,4,ESH6 P6220
2026-02-24T20:51:35.963038472Z,2026-02-24T20:51:35.851718545Z,1,1,42608051,T,B,0,28.250000000,4,0,11744,642685519,28.000000000,28.250000000,250,4,14,1,ESH6 C7075
2026-02-24T20:51:36.011949280Z,2026-02-24T20:51:35.861003009Z,1,1,42483101,T,B,0,84.750000000,1,0,14217,642686665,84.500000000,84.750000000,51,1,8,1,ESH6 C6950
2026-02-24T20:51:39.860741251Z,2026-02-24T20:51:39.787545131Z,1,1,42868330,T,B,0,73.750000000,1,0,10427,642716380,73.500000000,73.750000000,79,2,7,1,ESH6 C6970
2026-02-24T20:51:39.861121642Z,2026-02-24T20:51:39.787555365Z,1,1,42868330,T,B,0,73.750000000,1,0,13078,642716394,73.500000000,73.750000000,79,1,7,1,ESH6 C6970
2026-02-24T20:51:40.555878207Z,2026-02-24T20:51:40.529781277Z,1,1,42611781,T,B,0,29.000000000,2,0,14058,642725343,28.750000000,29.000000000,154,2,6,2,ESM6 C7550
2026-02-24T20:51:40.590003063Z,2026-02-24T20:51:40.571504811Z,1,1,42874364,T,A,0,12.100000000,1,0,13780,642726124,12.100000000,12.200000000,4,47,1,5,ESH6 P6210
2026-02-24T20:51:40.595530397Z,2026-02-24T20:51:40.571607987Z,1,1,42874364,T,A,0,12.100000000,1,0,16261,642726221,12.100000000,12.200000000,3,47,1,5,ESH6 P6210
2026-02-24T20:51:40.598711459Z,2026-02-24T20:51:40.571752251Z,1,1,42874364,T,A,0,12.100000000,2,0,14799,642726274,12.100000000,12.200000000,2,47,1,5,ESH6 P6210
2026-02-24T20:51:41.017846762Z,2026-02-24T20:51:40.962360019Z,1,1,42868330,T,B,0,74.000000000,1,0,10570,642731453,73.500000000,74.000000000,141,1,9,1,ESH6 C6970
2026-02-24T20:51:41.048311232Z,2026-02-24T20:51:41.017850185Z,1,1,42868330,T,A,0,74.000000000,18,0,11476,642732330,74.000000000,74.250000000,18,30,1,4,ESH6 C6970
2026-02-24T20:51:41.115672295Z,2026-02-24T20:51:41.115197245Z,1,1,42430464,T,B,0,5.600000000,1,0,14210,642733583,5.500000000,5.600000000,227,1,5,1,ESH6 C7200
2026-02-24T20:51:41.295395315Z,2026-02-24T20:51:41.293977603Z,1,1,42611781,T,B,0,29.000000000,1,0,17566,642735553,28.750000000,29.000000000,145,2,5,2,ESM6 C7550
2026-02-24T20:51:41.295432925Z,2026-02-24T20:51:41.293977783Z,1,1,42611781,T,B,0,29.000000000,1,0,14534,642735554,28.750000000,29.000000000,145,1,5,1,ESM6 C7550
2026-02-24T20:51:41.767838647Z,2026-02-24T20:51:41.671895581Z,1,1,42427501,T,B,0,149.000000000,1,0,12053,642739694,148.500000000,149.000000000,3,1,1,1,ESH6 P7000
2026-02-24T20:51:41.953879456Z,2026-02-24T20:51:41.850004237Z,1,1,42894579,T,B,0,45.000000000,1,0,17496,642743840,44.750000000,45.000000000,1,1,1,1,ESH6 C7030
2026-02-24T20:51:41.975230546Z,2026-02-24T20:51:41.859552847Z,1,1,42608050,T,B,0,71.250000000,1,0,11406,642744363,70.750000000,71.250000000,70,1,7,1,ESH6 C6975
2026-02-24T20:51:42.795447888Z,2026-02-24T20:51:42.736271031Z,1,1,42611781,T,B,0,29.000000000,1,0,16773,642753424,28.750000000,29.000000000,147,1,5,1,ESM6 C7550
2026-02-24T20:51:53.330884311Z,2026-02-24T20:51:53.330610939Z,1,1,42403723,T,A,0,1.250000000,1,0,14019,642821447,1.250000000,1.300000000,1,446,1,4,ESM6 C8300
2026-02-24T20:51:59.195569466Z,2026-02-24T20:51:59.085919419Z,1,1,42384724,T,B,0,124.000000000,1,0,10884,642852646,123.500000000,124.000000000,65,1,6,1,ESM6 C7200
2026-02-24T20:52:00.032521139Z,2026-02-24T20:51:59.483963539Z,1,1,42431181,T,A,0,40.500000000,1,0,14318,642863807,40.500000000,40.750000000,1,86,1,7,ESH6 P6600
2026-02-24T20:52:00.194511727Z,2026-02-24T20:51:59.517299059Z,1,1,42404370,T,A,0,114.500000000,1,0,13259,642866441,114.500000000,115.000000000,1,96,1,6,ESM6 P6400
2026-02-24T20:52:00.465692030Z,2026-02-24T20:51:59.841497981Z,1,1,42874364,T,A,0,12.100000000,4,0,16389,642869361,12.100000000,12.200000000,4,87,1,5,ESH6 P6210
2026-02-24T20:52:00.483665614Z,2026-02-24T20:51:59.844321703Z,1,1,42483456,T,B,0,37.250000000,22,0,13183,642869603,37.000000000,37.250000000,89,22,6,2,ESH6 C7050
2026-02-24T20:52:06.555499109Z,2026-02-24T20:52:06.502745533Z,1,1,42426741,T,B,0,29.750000000,2,0,11836,642955169,29.500000000,29.750000000,109,2,7,1,ESH6 P6500
2026-02-24T20:52:06.763819621Z,2026-02-24T20:52:06.670533999Z,1,1,42431946,T,B,0,107.500000000,3,0,14168,642959352,107.000000000,107.500000000,38,3,4,1,ESH6 P6900
2026-02-24T20:52:09.150463881Z,2026-02-24T20:52:09.109038307Z,1,1,42366511,T,B,0,22.750000000,1,0,18370,642986821,22.500000000,22.750000000,342,1,6,1,ESM6 C7600
2026-02-24T20:52:09.326885064Z,2026-02-24T20:52:09.231365859Z,1,1,42428246,T,B,0,21.750000000,2,0,13849,642990450,21.500000000,21.750000000,226,2,11,1,ESH6 P6400
2026-02-24T20:52:10.197889824Z,2026-02-24T20:52:10.023606105Z,1,1,42483101,T,A,0,84.000000000,1,0,12836,643001059,84.000000000,84.500000000,2,57,2,7,ESH6 C6950
2026-02-24T20:52:10.931641122Z,2026-02-24T20:52:10.665190109Z,1,1,42429687,T,A,0,57.500000000,1,0,10503,643016253,57.500000000,57.750000000,1,26,1,2,ESH6 C7000
2026-02-24T20:52:14.847317952Z,2026-02-24T20:52:14.843683235Z,1,1,42566737,T,A,0,38.250000000,2,0,16598,643067203,38.250000000,38.500000000,2,224,1,11,ESH6 P6575
2026-02-24T20:52:16.149588597Z,2026-02-24T20:52:16.125994507Z,1,1,42608051,T,B,0,28.000000000,5,0,17062,643076390,27.750000000,28.000000000,195,5,10,1,ESH6 C7075
2026-02-24T20:52:28.676843071Z,2026-02-24T20:52:28.624846513Z,1,1,2534214,T,A,0,62.500000000,4,0,13697,226322639,62.500000000,62.750000000,4,799,1,6,UD:1V: VT 2534214
2026-02-24T20:52:28.716946279Z,2026-02-24T20:52:28.634250705Z,1,1,42409666,T,B,0,54.250000000,1,0,12030,643184466,54.000000000,54.250000000,182,1,6,1,ESM6 P5800
2026-02-24T20:52:28.744871563Z,2026-02-24T20:52:28.640835515Z,1,1,42426740,T,B,0,9.300000000,3,0,11360,643184998,9.200000000,9.300000000,172,3,5,1,ESH6 P6100
2026-02-24T20:52:30.964593961Z,2026-02-24T20:52:30.956352077Z,1,1,42566737,T,A,0,38.500000000,2,0,17412,643226128,38.500000000,38.750000000,2,179,1,9,ESH6 P6575
2026-02-24T20:52:31.916911248Z,2026-02-24T20:52:31.916411865Z,1,1,42566737,T,A,0,38.500000000,2,0,14359,643232825,38.500000000,38.750000000,2,266,1,12,ESH6 P6575
2026-02-24T20:52:33.083920859Z,2026-02-24T20:52:33.023020407Z,1,1,42566737,T,A,0,38.500000000,2,0,13181,643240516,38.500000000,38.750000000,2,222,1,9,ESH6 P6575
2026-02-24T20:52:33.916181266Z,2026-02-24T20:52:33.915604029Z,1,1,42566737,T,A,0,38.500000000,2,0,11454,643246661,38.500000000,38.750000000,2,231,1,11,ESH6 P6575
2026-02-24T20:52:37.090196460Z,2026-02-24T20:52:37.029957607Z,1,1,42483101,T,A,0,83.000000000,1,0,13121,643283717,83.000000000,83.500000000,5,51,3,7,ESH6 C6950
2026-02-24T20:52:38.449880031Z,2026-02-24T20:52:38.436968625Z,1,1,42429687,T,A,0,56.750000000,1,0,11999,643299921,56.750000000,57.000000000,1,59,1,7,ESH6 C7000
2026-02-24T20:52:39.914211032Z,2026-02-24T20:52:39.913444009Z,1,1,42868330,T,B,0,72.000000000,1,0,16349,643321400,71.750000000,72.000000000,55,1,6,1,ESH6 C6970
2026-02-24T20:52:39.931086739Z,2026-02-24T20:52:39.930476729Z,1,1,42566737,T,A,0,38.750000000,2,0,14473,643321503,38.750000000,39.000000000,2,272,1,13,ESH6 P6575
2026-02-24T20:52:39.933168083Z,2026-02-24T20:52:39.932678331Z,1,1,42404370,T,A,0,116.000000000,1,0,19845,643321513,116.000000000,116.500000000,1,121,1,8,ESM6 P6400
2026-02-24T20:52:39.980860389Z,2026-02-24T20:52:39.980329099Z,1,1,42896849,T,A,0,39.500000000,2,0,20168,643321618,39.500000000,40.000000000,56,122,3,9,ESH6 C7040
2026-02-24T20:52:40.110417146Z,2026-02-24T20:52:40.034010683Z,1,1,2560353,T,A,0,32.000000000,4,0,14454,226370388,32.000000000,32.250000000,4,857,1,5,UD:1V: VT 2560353
2026-02-24T20:52:40.259831859Z,2026-02-24T20:52:40.041000429Z,1,1,2534964,T,A,0,4.150000000,1,0,14709,226370887,4.150000000,4.250000000,1,618,1,6,UD:1V: VT 2534964
2026-02-24T20:52:42.455637263Z,2026-02-24T20:52:42.442506759Z,1,1,42896834,T,A,0,13.000000000,2,0,20677,643348197,13.000000000,13.100000000,2,290,1,8,ESH6 P6220
2026-02-24T20:52:42.481066486Z,2026-02-24T20:52:42.480557359Z,1,1,42483456,T,B,0,35.750000000,3,0,13704,643348579,35.500000000,35.750000000,235,3,13,1,ESH6 C7050
2026-02-24T20:52:42.481895210Z,2026-02-24T20:52:42.481475767Z,1,1,42896849,T,B,0,39.500000000,2,0,18617,643348585,39.250000000,39.500000000,169,2,9,1,ESH6 C7040
2026-02-24T20:52:43.473780535Z,2026-02-24T20:52:43.473269679Z,1,1,42483456,T,B,0,35.750000000,3,0,14434,643353092,35.500000000,35.750000000,235,3,13,1,ESH6 C7050
2026-02-24T20:52:44.343681318Z,2026-02-24T20:52:44.305069111Z,1,1,42566737,T,A,0,38.750000000,2,0,11569,643356916,38.750000000,39.000000000,2,163,1,8,ESH6 P6575
2026-02-24T20:52:44.426790933Z,2026-02-24T20:52:44.342685459Z,1,1,42896849,T,B,0,39.500000000,2,0,13527,643358580,39.250000000,39.500000000,174,2,10,1,ESH6 C7040
2026-02-24T20:52:44.910971204Z,2026-02-24T20:52:44.910474199Z,1,1,42566737,T,A,0,38.750000000,2,0,13227,643361111,38.750000000,39.000000000,2,232,1,10,ESH6 P6575
2026-02-24T20:52:45.471136938Z,2026-02-24T20:52:45.470553889Z,1,1,42896849,T,B,0,39.500000000,2,0,14549,643364246,39.250000000,39.500000000,183,2,12,1,ESH6 C7040
2026-02-24T20:52:46.361116258Z,2026-02-24T20:52:46.325767331Z,1,1,2560353,T,A,0,32.000000000,4,0,14582,226386134,32.000000000,32.250000000,4,2791,1,8,UD:1V: VT 2560353
2026-02-24T20:52:46.562418259Z,2026-02-24T20:52:46.561906227Z,1,1,42608051,T,B,0,27.500000000,2,0,31360,643370303,27.250000000,27.500000000,252,4,12,1,ESH6 C7075
2026-02-24T20:52:46.696724322Z,2026-02-24T20:52:46.693920667Z,1,1,42608051,T,B,0,27.500000000,2,0,13221,643370900,27.250000000,27.500000000,252,2,12,1,ESH6 C7075
2026-02-24T20:52:47.476009583Z,2026-02-24T20:52:47.475513915Z,1,1,42608051,T,B,0,27.500000000,1,0,13260,643375293,27.250000000,27.500000000,253,1,13,1,ESH6 C7075
2026-02-24T20:52:49.801980439Z,2026-02-24T20:52:49.800982677Z,1,1,42608051,T,B,0,27.500000000,1,0,12818,643394953,27.250000000,27.500000000,252,1,13,1,ESH6 C7075
2026-02-24T20:52:50.114528395Z,2026-02-24T20:52:50.029175409Z,1,1,42868330,T,B,0,72.000000000,1,0,19818,643398687,71.750000000,72.000000000,52,1,5,1,ESH6 C6970
2026-02-24T20:52:52.509450757Z,2026-02-24T20:52:52.509062317Z,1,1,2560353,T,A,0,32.000000000,4,0,15133,226402989,32.000000000,32.250000000,4,2791,1,8,UD:1V: VT 2560353
2026-02-24T20:52:56.632871248Z,2026-02-24T20:52:56.398049107Z,1,1,42868330,T,B,0,72.250000000,1,0,13120,643445355,72.000000000,72.250000000,75,1,5,1,ESH6 C6970
2026-02-24T20:52:57.399031256Z,2026-02-24T20:52:57.398564007Z,1,1,42868330,T,B,0,72.250000000,2,0,14506,643458554,72.000000000,72.250000000,81,2,8,1,ESH6 C6970
2026-02-24T20:53:19.876010803Z,2026-02-24T20:53:19.871878797Z,1,1,42608051,T,A,0,27.500000000,2,0,17783,643647412,27.500000000,27.750000000,2,60,2,3,ESH6 C7075
2026-02-24T20:53:20.190958002Z,2026-02-24T20:53:20.011273091Z,1,1,2560353,T,A,0,32.000000000,4,0,14865,226475383,32.000000000,32.250000000,4,2791,1,8,UD:1V: VT 2560353
2026-02-24T20:53:22.439567842Z,2026-02-24T20:53:22.439020727Z,1,1,42483456,T,B,0,35.750000000,3,0,17128,643670712,35.500000000,35.750000000,238,3,14,1,ESH6 C7050
2026-02-24T20:53:22.440268048Z,2026-02-24T20:53:22.439665963Z,1,1,42896849,T,B,0,39.500000000,2,0,11543,643670718,39.250000000,39.500000000,204,2,13,1,ESH6 C7040
2026-02-24T20:53:23.435407218Z,2026-02-24T20:53:23.434893501Z,1,1,42896849,T,B,0,39.500000000,2,0,18974,643679589,39.250000000,39.500000000,198,2,11,1,ESH6 C7040
2026-02-24T20:53:24.444882841Z,2026-02-24T20:53:24.444372767Z,1,1,42896849,T,B,0,39.500000000,2,0,13566,643684865,39.250000000,39.500000000,198,2,11,1,ESH6 C7040
2026-02-24T20:53:26.082665451Z,2026-02-24T20:53:26.077702261Z,1,1,42896834,T,A,0,12.900000000,2,0,16115,643696096,12.900000000,13.000000000,2,263,1,6,ESH6 P6220
2026-02-24T20:53:26.309455419Z,2026-02-24T20:53:26.309075465Z,1,1,2560353,T,A,0,32.000000000,4,0,14185,226486411,32.000000000,32.250000000,4,2791,1,8,UD:1V: VT 2560353
2026-02-24T20:53:26.871297144Z,2026-02-24T20:53:26.870734189Z,1,1,42896834,T,A,0,12.900000000,2,0,13886,643702221,12.900000000,13.000000000,2,263,1,6,ESH6 P6220
2026-02-24T20:53:27.867351776Z,2026-02-24T20:53:27.866786663Z,1,1,42896834,T,A,0,12.900000000,2,0,13959,643705000,12.900000000,13.000000000,2,263,1,6,ESH6 P6220
2026-02-24T20:53:29.224683933Z,2026-02-24T20:53:29.188144545Z,1,1,42404348,T,A,0,390.500000000,2,0,17446,643722001,390.500000000,391.500000000,2,27,1,5,ESM6 C6750
2026-02-24T20:53:32.686586959Z,2026-02-24T20:53:32.538547995Z,1,1,42566737,T,A,0,38.750000000,1,0,11735,643766596,38.750000000,39.000000000,2,60,1,6,ESH6 P6575
2026-02-24T20:53:32.698205311Z,2026-02-24T20:53:32.539249955Z,1,1,42566737,T,A,0,38.750000000,1,0,14632,643766854,38.750000000,39.000000000,1,60,1,6,ESH6 P6575
2026-02-24T20:53:34.710262314Z,2026-02-24T20:53:34.686632857Z,1,1,42483456,T,B,0,35.750000000,2,0,11910,643787001,35.500000000,35.750000000,151,2,11,1,ESH6 C7050
2026-02-24T20:53:35.361559007Z,2026-02-24T20:53:35.361036461Z,1,1,42483456,T,B,0,35.750000000,3,0,14783,643792640,35.500000000,35.750000000,150,3,11,1,ESH6 C7050
2026-02-24T20:53:35.621378813Z,2026-02-24T20:53:35.619166431Z,1,1,42896849,T,B,0,39.500000000,2,0,15829,643793735,39.250000000,39.500000000,124,2,10,1,ESH6 C7040
2026-02-24T20:53:35.830623579Z,2026-02-24T20:53:35.782300285Z,1,1,42404370,T,A,0,116.000000000,1,0,13200,643796644,116.000000000,116.500000000,1,118,1,8,ESM6 P6400
2026-02-24T20:53:37.261354536Z,2026-02-24T20:53:37.260749903Z,1,1,42608051,T,B,0,27.500000000,3,0,17952,643804446,27.250000000,27.500000000,217,4,12,1,ESH6 C7075
2026-02-24T20:53:37.316174218Z,2026-02-24T20:53:37.315393889Z,1,1,42608051,T,B,0,27.500000000,1,0,14266,643804740,27.250000000,27.500000000,217,1,12,1,ESH6 C7075
2026-02-24T20:53:38.576984411Z,2026-02-24T20:53:38.556727957Z,1,1,42896834,T,A,0,12.900000000,2,0,13593,643810621,12.900000000,13.100000000,2,289,1,8,ESH6 P6220
2026-02-24T20:53:38.627500911Z,2026-02-24T20:53:38.559752465Z,1,1,42608051,T,B,0,27.500000000,4,0,11210,643811509,27.250000000,27.500000000,204,4,11,1,ESH6 C7075
2026-02-24T20:53:38.696818970Z,2026-02-24T20:53:38.570045695Z,1,1,42868330,T,B,0,72.000000000,1,0,14179,643812966,71.750000000,72.000000000,68,1,6,1,ESH6 C6970
2026-02-24T20:53:39.139630352Z,2026-02-24T20:53:39.139162867Z,1,1,42427507,T,A,0,183.000000000,1,0,15016,643818499,183.000000000,183.500000000,1,7,1,3,ESH6 C6800
2026-02-24T20:53:39.140085829Z,2026-02-24T20:53:39.139633803Z,1,1,42427507,T,B,0,183.000000000,5,0,14515,643818501,182.500000000,183.000000000,58,5,10,1,ESH6 C6800
2026-02-24T20:53:39.511366272Z,2026-02-24T20:53:39.504421957Z,1,1,42896834,T,A,0,12.900000000,2,0,17574,643825233,12.900000000,13.000000000,2,271,1,6,ESH6 P6220
2026-02-24T20:53:39.511578997Z,2026-02-24T20:53:39.504579689Z,1,1,42608051,T,B,0,27.500000000,3,0,11395,643825235,27.250000000,27.500000000,225,3,13,1,ESH6 C7075
2026-02-24T20:53:46.606876051Z,2026-02-24T20:53:46.605421461Z,1,1,42360165,T,A,0,10.600000000,1,0,15009,643885677,10.600000000,10.700000000,1,227,1,7,ESH6 P6150
2026-02-24T20:53:46.690576712Z,2026-02-24T20:53:46.635123317Z,1,1,42868330,T,B,0,72.500000000,1,0,11431,643887212,72.250000000,72.500000000,38,1,2,1,ESH6 C6970
2026-02-24T20:53:46.691642659Z,2026-02-24T20:53:46.642917177Z,1,1,42611781,T,B,0,28.750000000,1,0,11521,643887256,28.500000000,28.750000000,135,1,4,1,ESM6 C7550
2026-02-24T20:53:46.893685879Z,2026-02-24T20:53:46.889202601Z,1,1,42483456,T,B,0,36.250000000,1,0,12229,643888909,36.000000000,36.250000000,52,1,5,1,ESH6 C7050
2026-02-24T20:53:47.821170098Z,2026-02-24T20:53:47.756347635Z,1,1,42611781,T,B,0,28.750000000,1,0,11437,643893985,28.500000000,28.750000000,146,1,5,1,ESM6 C7550
2026-02-24T20:53:47.825104990Z,2026-02-24T20:53:47.769301221Z,1,1,2550771,T,B,0,7.500000000,4,0,14197,226547618,7.400000000,7.500000000,671,4,7,1,UD:1V: VT 2550771
2026-02-24T20:53:47.840988838Z,2026-02-24T20:53:47.775261077Z,1,1,42723579,T,B,0,139.500000000,11,0,11613,643894514,139.000000000,139.500000000,18,11,2,2,ESH6 P6975
2026-02-24T20:53:47.845464643Z,2026-02-24T20:53:47.775262055Z,1,1,42347631,T,B,0,14.000000000,4,0,15858,643894560,13.900000000,14.000000000,43,4,1,1,ESH6 P6250
2026-02-24T20:53:47.876474459Z,2026-02-24T20:53:47.789459847Z,1,1,42429687,T,B,0,57.500000000,1,0,13935,643895073,57.250000000,57.500000000,3,1,2,1,ESH6 C7000
2026-02-24T20:53:47.896711928Z,2026-02-24T20:53:47.825129547Z,1,1,2550368,T,B,0,21.750000000,14,0,14568,226548582,21.500000000,21.750000000,34,22,3,1,UD:1V: 12 2550368
2026-02-24T20:53:47.899656575Z,2026-02-24T20:53:47.829766383Z,1,1,2540567,T,B,0,56.000000000,5,0,14732,226548613,55.750000000,56.000000000,17,13,1,1,UD:1V: 23 2540567
2026-02-24T20:53:48.091957202Z,2026-02-24T20:53:47.883639823Z,1,1,42868330,T,B,0,72.750000000,1,0,14601,643899195,72.250000000,72.750000000,41,1,2,1,ESH6 C6970
2026-02-24T20:54:10.041398435Z,2026-02-24T20:54:09.954360911Z,1,1,2537454,T,B,0,11.400000000,4,0,13614,226608036,11.300000000,11.400000000,290,4,3,1,UD:1V: VT 2537454
2026-02-24T20:54:10.721245901Z,2026-02-24T20:54:10.063542339Z,1,1,42868330,T,B,0,73.250000000,1,0,14064,644095780,72.750000000,73.250000000,24,1,2,1,ESH6 C6970
2026-02-24T20:54:11.192304496Z,2026-02-24T20:54:10.524737897Z,1,1,42427500,T,A,0,16.000000000,1,0,13483,644104181,16.000000000,16.200000000,1,34,1,2,ESH6 P6300
2026-02-24T20:54:16.574349895Z,2026-02-24T20:54:16.530163633Z,1,1,2537454,T,B,0,11.500000000,4,0,14519,226635339,11.400000000,11.500000000,324,4,3,1,UD:1V: VT 2537454
2026-02-24T20:54:16.943300821Z,2026-02-24T20:54:16.919395053Z,1,1,42566737,T,A,0,38.000000000,2,0,14365,644163616,38.000000000,38.250000000,2,235,1,11,ESH6 P6575
2026-02-24T20:54:21.882759892Z,2026-02-24T20:54:21.882249805Z,1,1,42483456,T,B,0,36.750000000,3,0,16434,644199528,36.500000000,36.750000000,190,3,13,1,ESH6 C7050
2026-02-24T20:54:22.840356613Z,2026-02-24T20:54:22.830548561Z,1,1,2537454,T,B,0,11.500000000,4,0,16060,226650865,11.400000000,11.500000000,400,4,4,1,UD:1V: VT 2537454
2026-02-24T20:54:25.213556031Z,2026-02-24T20:54:25.191162921Z,1,1,42611781,T,B,0,29.000000000,1,0,16598,644224720,28.750000000,29.000000000,176,1,6,1,ESM6 C7550
2026-02-24T20:54:35.358484354Z,2026-02-24T20:54:35.348767701Z,1,1,42566737,T,A,0,38.250000000,2,0,13307,644316872,38.250000000,38.500000000,2,238,1,12,ESH6 P6575
2026-02-24T20:54:35.407888578Z,2026-02-24T20:54:35.407412391Z,1,1,42608051,T,B,0,28.250000000,4,0,15754,644317089,28.000000000,28.250000000,270,4,12,1,ESH6 C7075
2026-02-24T20:54:35.408590339Z,2026-02-24T20:54:35.408376609Z,1,1,42896849,T,B,0,40.500000000,2,0,12904,644317096,40.250000000,40.500000000,149,2,11,1,ESH6 C7040
2026-02-24T20:54:35.469437914Z,2026-02-24T20:54:35.468997743Z,1,1,42483456,T,B,0,36.750000000,3,0,15718,644317215,36.500000000,36.750000000,191,3,10,1,ESH6 C7050
2026-02-24T20:54:38.949065138Z,2026-02-24T20:54:38.947736969Z,1,1,42868330,T,B,0,73.500000000,1,0,11542,644345603,73.000000000,73.500000000,78,1,8,1,ESH6 C6970
2026-02-24T20:54:40.143010455Z,2026-02-24T20:54:40.017567171Z,1,1,42896849,T,B,0,40.750000000,2,0,11473,644351985,40.250000000,40.750000000,160,2,10,1,ESH6 C7040
2026-02-24T20:54:40.143072160Z,2026-02-24T20:54:40.017567701Z,1,1,42608051,T,B,0,28.500000000,5,0,12107,644351987,28.250000000,28.500000000,37,5,3,1,ESH6 C7075
2026-02-24T20:54:40.143094797Z,2026-02-24T20:54:40.017567881Z,1,1,42429687,T,B,0,58.250000000,1,0,11502,644351989,58.000000000,58.250000000,1,1,1,1,ESH6 C7000
2026-02-24T20:54:40.227878069Z,2026-02-24T20:54:40.017682571Z,1,1,42483456,T,B,0,37.000000000,3,0,13520,644353627,36.750000000,37.000000000,54,3,4,1,ESH6 C7050
2026-02-24T20:54:40.345385440Z,2026-02-24T20:54:40.022466561Z,1,1,42566737,T,A,0,38.000000000,2,0,11310,644356371,38.000000000,38.500000000,2,4,1,1,ESH6 P6575
2026-02-24T20:54:40.356122728Z,2026-02-24T20:54:40.023476981Z,1,1,42608052,T,B,0,4.000000000,1,0,11755,644356660,3.900000000,4.000000000,54,1,2,1,ESH6 C7225
2026-02-24T20:54:40.402117634Z,2026-02-24T20:54:40.027616843Z,1,1,42896834,T,A,0,12.700000000,2,0,12852,644357764,12.700000000,12.800000000,2,4,1,1,ESH6 P6220
2026-02-24T20:54:48.578999333Z,2026-02-24T20:54:48.578469129Z,1,1,42868330,T,B,0,73.750000000,1,0,14466,644449698,73.500000000,73.750000000,5,1,3,1,ESH6 C6970
2026-02-24T20:54:49.074888949Z,2026-02-24T20:54:49.067178487Z,1,1,2514759,T,B,0,57.250000000,73,0,15240,226745689,57.000000000,57.250000000,133,73,3,2,UD:1V: VT 2514759
2026-02-24T20:54:50.298769883Z,2026-02-24T20:54:50.030390909Z,1,1,42868330,T,B,0,74.000000000,2,0,12857,644462371,73.500000000,74.000000000,33,2,5,1,ESH6 C6970
2026-02-24T20:54:54.646614045Z,2026-02-24T20:54:54.637280811Z,1,1,2514759,T,B,0,57.250000000,69,0,16349,226767525,57.000000000,57.250000000,202,69,4,1,UD:1V: VT 2514759
2026-02-24T20:54:54.975977053Z,2026-02-24T20:54:54.975066723Z,1,1,42378288,T,B,0,29.500000000,22,0,12977,644513366,29.250000000,29.500000000,343,22,3,1,ESM6 P5250
2026-02-24T20:55:01.327889906Z,2026-02-24T20:55:00.497865003Z,1,1,42429687,T,A,0,57.500000000,1,0,11918,644578137,57.500000000,57.750000000,1,11,1,1,ESH6 C7000
2026-02-24T20:55:04.201942940Z,2026-02-24T20:55:04.169575113Z,1,1,2560353,T,A,0,32.000000000,4,0,14379,226825674,32.000000000,32.250000000,4,1543,1,6,UD:1V: VT 2560353
2026-02-24T20:55:06.430802432Z,2026-02-24T20:55:06.212216163Z,1,1,42611781,T,B,0,28.750000000,1,0,10353,644667124,28.500000000,28.750000000,9,1,2,1,ESM6 C7550
2026-02-24T20:55:06.597544125Z,2026-02-24T20:55:06.335296219Z,1,1,42896849,T,B,0,40.000000000,2,0,13315,644670001,39.500000000,40.000000000,78,2,7,1,ESH6 C7040
2026-02-24T20:55:09.215729162Z,2026-02-24T20:55:08.998442643Z,1,1,42608051,T,B,0,27.750000000,5,0,14234,644711475,27.500000000,27.750000000,39,5,3,1,ESH6 C7075
2026-02-24T20:55:10.278068944Z,2026-02-24T20:55:10.063167653Z,1,1,42608051,T,B,0,27.750000000,4,0,11447,644730788,27.500000000,27.750000000,112,4,6,1,ESH6 C7075
2026-02-24T20:55:10.488855367Z,2026-02-24T20:55:10.304867597Z,1,1,42896834,T,A,0,13.000000000,2,0,14011,644734158,13.000000000,13.100000000,2,44,1,1,ESH6 P6220
2026-02-24T20:55:11.348497034Z,2026-02-24T20:55:11.348034629Z,1,1,42608051,T,B,0,27.750000000,5,0,14076,644742692,27.500000000,27.750000000,155,5,9,1,ESH6 C7075
2026-02-24T20:55:11.543925656Z,2026-02-24T20:55:11.540788785Z,1,1,42483456,T,B,0,36.250000000,26,0,14060,644743518,35.750000000,36.250000000,184,30,13,2,ESH6 C7050
2026-02-24T20:55:11.745579576Z,2026-02-24T20:55:11.627196901Z,1,1,42896834,T,A,0,13.000000000,2,0,14002,644746744,13.000000000,13.100000000,2,176,1,3,ESH6 P6220
2026-02-24T20:55:11.889837973Z,2026-02-24T20:55:11.848497927Z,1,1,42566737,T,B,0,39.000000000,2,0,13854,644750060,38.500000000,39.000000000,156,70,9,4,ESH6 P6575
2026-02-24T20:55:12.943469357Z,2026-02-24T20:55:12.942307519Z,1,1,42896849,T,B,0,40.000000000,2,0,14544,644763054,39.750000000,40.000000000,51,2,2,1,ESH6 C7040
2026-02-24T20:55:13.448334845Z,2026-02-24T20:55:13.391161501Z,1,1,42483456,T,B,0,36.250000000,3,0,15481,644769415,36.000000000,36.250000000,65,3,5,1,ESH6 C7050
2026-02-24T20:55:13.451632599Z,2026-02-24T20:55:13.397071725Z,1,1,42566737,T,A,0,38.750000000,2,0,16200,644769502,38.750000000,39.000000000,2,129,1,5,ESH6 P6575
2026-02-24T20:55:14.105388330Z,2026-02-24T20:55:14.104752849Z,1,1,42896849,T,B,0,40.000000000,2,0,16356,644779767,39.750000000,40.000000000,29,2,2,1,ESH6 C7040
2026-02-24T20:55:14.341651591Z,2026-02-24T20:55:14.341167845Z,1,1,42483456,T,B,0,36.250000000,3,0,17610,644781571,36.000000000,36.250000000,53,3,4,1,ESH6 C7050
2026-02-24T20:55:14.671991317Z,2026-02-24T20:55:14.637042465Z,1,1,42868330,T,B,0,72.500000000,1,0,14461,644784120,72.000000000,72.500000000,93,1,9,1,ESH6 C6970
2026-02-24T20:55:14.681595674Z,2026-02-24T20:55:14.641410535Z,1,1,42566737,T,A,0,38.750000000,2,0,16871,644784308,38.750000000,39.000000000,2,124,1,6,ESH6 P6575
2026-02-24T20:55:14.779861562Z,2026-02-24T20:55:14.778697411Z,1,1,42896849,T,B,0,40.000000000,1,0,14496,644786794,39.750000000,40.000000000,100,1,7,1,ESH6 C7040
2026-02-24T20:55:23.125255427Z,2026-02-24T20:55:23.065842847Z,1,1,42483456,T,B,0,36.250000000,46,0,13216,644897156,36.000000000,36.250000000,53,51,3,3,ESH6 C7050
2026-02-24T20:55:23.340965974Z,2026-02-24T20:55:23.104651209Z,1,1,42483456,T,B,0,36.250000000,1,0,10576,644901569,36.000000000,36.250000000,57,3,4,1,ESH6 C7050
2026-02-24T20:55:23.346127375Z,2026-02-24T20:55:23.104729379Z,1,1,42896849,T,B,0,40.000000000,2,0,13685,644901695,39.750000000,40.000000000,26,2,1,1,ESH6 C7040
2026-02-24T20:55:23.350130885Z,2026-02-24T20:55:23.104776819Z,1,1,42483456,T,B,0,36.250000000,2,0,11548,644901799,36.000000000,36.250000000,57,2,4,1,ESH6 C7050
2026-02-24T20:55:23.364962091Z,2026-02-24T20:55:23.105137187Z,1,1,42896834,T,A,0,13.000000000,2,0,13352,644902207,13.000000000,13.100000000,2,195,1,4,ESH6 P6220
2026-02-24T20:55:29.850935275Z,2026-02-24T20:55:29.847557801Z,1,1,2538289,T,B,0,11.500000000,3,0,15895,226946954,11.400000000,11.500000000,934,3,8,1,UD:1V: VT 2538289
2026-02-24T20:55:38.282823256Z,2026-02-24T20:55:38.152374299Z,1,1,42404370,T,A,0,116.500000000,1,0,13781,645042692,116.500000000,117.000000000,1,120,1,9,ESM6 P6400
2026-02-24T20:55:40.333144591Z,2026-02-24T20:55:40.292144293Z,1,1,42608051,T,B,0,27.750000000,4,0,13649,645065020,27.500000000,27.750000000,122,4,8,1,ESH6 C7075
2026-02-24T20:55:43.641327498Z,2026-02-24T20:55:43.640835053Z,1,1,42483456,T,B,0,36.000000000,8,0,17362,645109472,35.750000000,36.000000000,138,8,9,1,ESH6 C7050
2026-02-24T20:56:06.840448106Z,2026-02-24T20:56:06.647304903Z,1,1,42566737,T,A,0,39.000000000,2,0,18119,645264877,39.000000000,39.250000000,2,209,1,13,ESH6 P6575
2026-02-24T20:56:07.375970728Z,2026-02-24T20:56:07.367904449Z,1,1,42896849,T,B,0,40.000000000,2,0,12828,645272061,39.750000000,40.000000000,102,2,6,1,ESH6 C7040
2026-02-24T20:56:07.386059015Z,2026-02-24T20:56:07.378363485Z,1,1,42895789,T,B,0,29.500000000,1,0,11502,645272239,29.250000000,29.500000000,80,1,5,1,ESH6 C7070
2026-02-24T20:56:10.877031099Z,2026-02-24T20:56:10.765208089Z,1,1,42868330,T,B,0,72.500000000,1,0,14198,645294395,72.000000000,72.500000000,133,1,10,1,ESH6 C6970
2026-02-24T20:56:12.663503079Z,2026-02-24T20:56:12.626514181Z,1,1,42896834,T,A,0,13.000000000,2,0,13996,645320383,13.000000000,13.100000000,2,232,1,5,ESH6 P6220
2026-02-24T20:56:19.923847562Z,2026-02-24T20:56:19.801072567Z,1,1,42868330,T,B,0,72.500000000,2,0,14617,645364345,72.250000000,72.500000000,42,2,3,1,ESH6 C6970
2026-02-24T20:56:20.034996975Z,2026-02-24T20:56:19.821178149Z,1,1,42608051,T,B,0,28.000000000,5,0,13017,645366127,27.750000000,28.000000000,135,5,8,1,ESH6 C7075
2026-02-24T20:56:20.580439797Z,2026-02-24T20:56:20.269930541Z,1,1,42611781,T,B,0,28.750000000,1,0,11416,645376103,28.500000000,28.750000000,134,1,3,1,ESM6 C7550
2026-02-24T20:56:21.163892133Z,2026-02-24T20:56:21.050069165Z,1,1,42566737,T,A,0,38.750000000,2,0,11571,645387387,38.750000000,39.000000000,2,173,1,9,ESH6 P6575
2026-02-24T20:56:21.163927344Z,2026-02-24T20:56:21.050069345Z,1,1,42865924,T,B,0,23.750000000,5,0,11672,645387389,23.500000000,23.750000000,34,5,2,2,ESH6 C7090
2026-02-24T20:56:21.316733184Z,2026-02-24T20:56:21.070899721Z,1,1,42608051,T,B,0,28.000000000,4,0,13875,645389599,27.750000000,28.000000000,171,4,8,1,ESH6 C7075
2026-02-24T20:56:29.153115357Z,2026-02-24T20:56:28.998051799Z,1,1,42483456,T,B,0,36.500000000,3,0,11423,645444194,36.250000000,36.500000000,113,3,6,1,ESH6 C7050
2026-02-24T20:56:29.163049954Z,2026-02-24T20:56:29.000686447Z,1,1,42896849,T,B,0,40.250000000,2,0,14151,645444306,40.000000000,40.250000000,70,2,5,1,ESH6 C7040
2026-02-24T20:56:29.883704680Z,2026-02-24T20:56:29.883198891Z,1,1,42896834,T,A,0,12.900000000,2,0,14373,645456136,12.900000000,13.000000000,2,217,1,6,ESH6 P6220
2026-02-24T20:56:31.162604523Z,2026-02-24T20:56:30.921692577Z,1,1,42566737,T,A,0,38.500000000,2,0,11797,645474550,38.500000000,38.750000000,2,143,1,7,ESH6 P6575
2026-02-24T20:56:31.167232960Z,2026-02-24T20:56:30.921696219Z,1,1,42608051,T,B,0,28.250000000,1,0,12326,645474645,28.000000000,28.250000000,35,5,3,1,ESH6 C7075
2026-02-24T20:56:31.663868631Z,2026-02-24T20:56:31.535251111Z,1,1,42608051,T,B,0,28.250000000,4,0,11461,645484178,28.000000000,28.250000000,86,4,8,1,ESH6 C7075
2026-02-24T20:56:41.846402016Z,2026-02-24T20:56:41.782133579Z,1,1,42764935,T,B,0,23.750000000,18,0,11495,645576078,23.500000000,23.750000000,223,18,10,1,ESH6 P6425
2026-02-24T20:56:48.538249043Z,2026-02-24T20:56:48.537732521Z,1,1,42430442,T,B,0,0.400000000,1,0,19260,645629544,0.300000000,0.400000000,80,604,3,7,ESH6 C7500
2026-02-24T20:57:03.383289555Z,2026-02-24T20:57:03.302936627Z,1,1,42886219,T,B,0,15.300000000,4,0,13324,645760330,15.100000000,15.300000000,127,4,7,1,ESH6 P6280
2026-02-24T20:57:04.683381883Z,2026-02-24T20:57:04.625805677Z,1,1,42868332,T,B,0,14.900000000,4,0,12105,645777430,14.700000000,14.900000000,100,4,8,1,ESH6 P6270
2026-02-24T20:57:06.479358042Z,2026-02-24T20:57:06.478840499Z,1,1,42611781,T,B,0,28.750000000,1,0,14454,645806343,28.500000000,28.750000000,230,1,6,1,ESM6 C7550
2026-02-24T20:57:10.989230532Z,2026-02-24T20:57:10.915411589Z,1,1,42608051,T,B,0,28.000000000,5,0,11445,645832776,27.750000000,28.000000000,168,5,8,1,ESH6 C7075
2026-02-24T20:57:20.115356085Z,2026-02-24T20:57:20.114832339Z,1,1,42483456,T,B,0,36.250000000,3,0,14705,645924895,36.000000000,36.250000000,169,3,11,1,ESH6 C7050
2026-02-24T20:57:21.743912232Z,2026-02-24T20:57:21.742984941Z,1,1,42566737,T,A,0,38.750000000,2,0,12774,645930934,38.750000000,39.000000000,2,221,1,11,ESH6 P6575
2026-02-24T20:57:21.747554226Z,2026-02-24T20:57:21.743053925Z,1,1,42896849,T,B,0,40.000000000,2,0,14721,645930989,39.750000000,40.000000000,118,2,9,1,ESH6 C7040
2026-02-24T20:57:22.261101822Z,2026-02-24T20:57:22.260598383Z,1,1,42611781,T,B,0,28.750000000,1,0,20208,645933359,28.500000000,28.750000000,155,1,6,1,ESM6 C7550
2026-02-24T20:57:30.504034088Z,2026-02-24T20:57:30.503551141Z,1,1,42868330,T,B,0,72.250000000,1,0,14859,645990720,72.000000000,72.250000000,88,1,10,1,ESH6 C6970
2026-02-24T20:57:32.165758179Z,2026-02-24T20:57:32.070121577Z,1,1,42896849,T,B,0,40.000000000,2,0,11542,645998706,39.750000000,40.000000000,76,2,6,1,ESH6 C7040
2026-02-24T20:57:36.437683112Z,2026-02-24T20:57:36.419657785Z,1,1,42566737,T,A,0,38.750000000,2,0,13448,646029053,38.750000000,39.000000000,2,176,1,9,ESH6 P6575
2026-02-24T20:57:36.582339123Z,2026-02-24T20:57:36.425040711Z,1,1,42483456,T,B,0,36.250000000,3,0,13078,646031655,36.000000000,36.250000000,65,3,5,1,ESH6 C7050
2026-02-24T20:57:36.663153069Z,2026-02-24T20:57:36.430614781Z,1,1,42896849,T,B,0,40.000000000,2,0,11457,646032984,39.750000000,40.000000000,66,2,4,1,ESH6 C7040
2026-02-24T20:57:36.663201930Z,2026-02-24T20:57:36.430615313Z,1,1,42896834,T,A,0,12.900000000,2,0,12780,646032986,12.900000000,13.000000000,2,236,1,4,ESH6 P6220
2026-02-24T20:57:37.589051623Z,2026-02-24T20:57:37.330226273Z,1,1,2537454,T,B,0,11.300000000,4,0,14922,227359652,11.200000000,11.300000000,319,4,5,1,UD:1V: VT 2537454
2026-02-24T20:57:37.609833443Z,2026-02-24T20:57:37.369060077Z,1,1,42404337,T,B,0,13.700000000,4,0,13623,646050766,13.600000000,13.700000000,125,4,4,1,ESM6 P4400
2026-02-24T20:57:37.715398936Z,2026-02-24T20:57:37.506873213Z,1,1,42896834,T,B,0,12.900000000,2,0,15787,646052280,12.800000000,12.900000000,18,4,3,1,ESH6 P6220
2026-02-24T20:57:42.544673858Z,2026-02-24T20:57:42.511682883Z,1,1,42608051,T,B,0,28.000000000,4,0,14144,646096702,27.750000000,28.000000000,142,4,10,1,ESH6 C7075
2026-02-24T20:57:43.017582743Z,2026-02-24T20:57:42.888053733Z,1,1,42404370,T,A,0,116.000000000,1,0,14007,646102680,116.000000000,116.500000000,1,122,1,7,ESM6 P6400
2026-02-24T20:57:43.127844679Z,2026-02-24T20:57:43.033282411Z,1,1,42868330,T,B,0,72.750000000,1,0,14577,646104789,72.500000000,72.750000000,81,1,8,1,ESH6 C6970
2026-02-24T20:57:43.138217917Z,2026-02-24T20:57:43.043030807Z,1,1,42566737,T,A,0,38.500000000,2,0,13969,646104938,38.500000000,38.750000000,2,172,1,9,ESH6 P6575
2026-02-24T20:57:43.615861810Z,2026-02-24T20:57:43.612839645Z,1,1,42896849,T,B,0,40.250000000,2,0,14469,646110464,40.000000000,40.250000000,105,2,7,1,ESH6 C7040
2026-02-24T20:57:43.708537008Z,2026-02-24T20:57:43.615017603Z,1,1,42483456,T,B,0,36.500000000,1,0,16730,646112184,36.250000000,36.500000000,155,3,9,1,ESH6 C7050
2026-02-24T20:57:43.772036141Z,2026-02-24T20:57:43.631884427Z,1,1,42483456,T,B,0,36.500000000,2,0,14540,646113113,36.250000000,36.500000000,177,2,10,1,ESH6 C7050
2026-02-24T20:57:57.833295254Z,2026-02-24T20:57:57.819303869Z,1,1,42868330,T,B,0,72.750000000,1,0,13453,646197746,72.500000000,72.750000000,41,1,5,1,ESH6 C6970
2026-02-24T20:57:57.886339141Z,2026-02-24T20:57:57.885831161Z,1,1,42483456,T,B,0,36.500000000,1,0,13801,646198197,36.250000000,36.500000000,132,1,9,1,ESH6 C7050
2026-02-24T20:57:59.745489003Z,2026-02-24T20:57:59.566958139Z,1,1,42566737,T,A,0,38.500000000,2,0,13040,646207071,38.500000000,38.750000000,2,163,1,7,ESH6 P6575
2026-02-24T20:58:08.993095395Z,2026-02-24T20:58:08.984127049Z,1,1,42483456,T,B,0,36.250000000,1,0,22711,646315340,36.000000000,36.250000000,94,1,6,1,ESH6 C7050
2026-02-24T20:58:31.385341891Z,2026-02-24T20:58:31.340034499Z,1,1,42868332,T,B,0,14.900000000,4,0,19589,646536672,14.800000000,14.900000000,5,4,1,1,ESH6 P6270
2026-02-24T20:58:54.408925941Z,2026-02-24T20:58:54.368635613Z,1,1,42427508,T,B,0,21.250000000,19,0,15274,646716363,21.000000000,21.250000000,125,59,6,3,ESH6 C7100
2026-02-24T20:59:00.262994816Z,2026-02-24T20:59:00.050028187Z,1,1,42429003,T,B,0,4.850000000,12,0,11526,646763097,4.800000000,4.850000000,120,12,3,1,ESH6 P5800
2026-02-24T20:59:11.257066456Z,2026-02-24T20:59:10.947264883Z,1,1,42426740,T,B,0,9.400000000,1,0,11280,646941933,9.300000000,9.400000000,165,1,3,1,ESH6 P6100
2026-02-24T20:59:25.318956871Z,2026-02-24T20:59:25.318461519Z,1,1,42874358,T,B,0,4.200000000,1,0,14370,647116688,4.150000000,4.200000000,60,1,3,1,ESH6 C7220
2026-02-24T20:59:33.683711074Z,2026-02-24T20:59:32.531788597Z,1,1,42429687,T,B,0,58.000000000,1,0,12460,647228460,57.500000000,58.000000000,80,1,4,1,ESH6 C7000
2026-02-24T20:59:45.844902731Z,2026-02-24T20:59:45.045273493Z,1,1,42429687,T,A,0,56.750000000,1,0,11719,647442868,56.750000000,57.500000000,1,20,1,2,ESH6 C7000
2026-02-24T20:59:55.415251719Z,2026-02-24T20:59:55.277605299Z,1,1,42378592,T,B,0,134.000000000,1,0,20732,647625723,132.500000000,134.000000000,1,5,1,2,ESM6 P6500
2026-02-24T20:59:56.105089975Z,2026-02-24T20:59:55.880710109Z,1,1,42404337,T,B,0,13.800000000,4,0,10555,647638592,13.700000000,13.800000000,91,4,2,1,ESM6 P4400
2026-02-24T21:00:01.990295258Z,2026-02-24T21:00:01.251578399Z,1,1,42429687,T,B,0,57.500000000,1,0,12048,647740168,57.250000000,57.500000000,11,1,1,1,ESH6 C7000
2026-02-24T21:00:26.195741935Z,2026-02-24T21:00:26.188656511Z,1,1,42689132,T,B,0,46.250000000,1,0,13656,648042707,46.000000000,46.250000000,26,12,5,1,ESH6 C7025
2026-02-24T21:00:26.226005816Z,2026-02-24T21:00:26.223977341Z,1,1,42643322,T,A,0,86.250000000,1,0,16008,648043122,86.250000000,86.500000000,1,51,1,7,ESH6 P6825
2026-02-24T21:00:26.305555927Z,2026-02-24T21:00:26.305103799Z,1,1,42895796,T,A,0,127.000000000,1,0,17994,648044301,127.000000000,127.500000000,1,52,1,7,ESH6 C6880
2026-02-24T21:00:27.499009847Z,2026-02-24T21:00:27.498495561Z,1,1,42887188,T,A,0,154.500000000,1,0,13236,648050257,154.500000000,155.000000000,1,76,1,6,ESH6 C6840
2026-02-24T21:00:27.772910774Z,2026-02-24T21:00:27.771827019Z,1,1,42689132,T,B,0,46.250000000,12,0,15790,648051427,46.000000000,46.250000000,66,12,8,1,ESH6 C7025
2026-02-24T21:00:28.983685186Z,2026-02-24T21:00:28.976073729Z,1,1,42868334,T,A,0,140.500000000,1,0,17432,648054890,140.500000000,141.000000000,1,86,1,7,ESH6 C6860
2026-02-24T21:00:31.806517891Z,2026-02-24T21:00:31.737937903Z,1,1,42378592,T,A,0,132.500000000,2,0,16584,648081225,132.500000000,133.500000000,86,58,4,6,ESM6 P6500
2026-02-24T21:00:33.491764528Z,2026-02-24T21:00:33.391373617Z,1,1,42895795,T,A,0,133.500000000,1,0,12411,648088486,133.500000000,134.000000000,1,26,1,4,ESH6 C6870
2026-02-24T21:00:36.040025292Z,2026-02-24T21:00:36.002466017Z,1,1,42429064,T,A,0,93.750000000,1,0,13594,648121539,93.750000000,94.000000000,1,21,1,2,ESH6 P6850
2026-02-24T21:01:17.077117258Z,2026-02-24T21:01:17.003175745Z,1,1,42404337,T,B,0,13.800000000,4,0,15031,648359750,13.700000000,13.800000000,81,4,3,1,ESM6 P4400
2026-02-24T21:01:20.936453496Z,2026-02-24T21:01:20.935959089Z,1,1,42427508,T,A,0,20.750000000,1,0,19421,648385645,20.750000000,21.250000000,171,227,10,10,ESH6 C7100
2026-02-24T21:01:25.915964579Z,2026-02-24T21:01:25.909670569Z,1,1,2557499,T,B,0,14.300000000,4,0,13726,228329645,14.100000000,14.300000000,1379,4,5,1,UD:1V: VT 2557499
2026-02-24T21:01:34.660059645Z,2026-02-24T21:01:34.659510761Z,1,1,2534214,T,A,0,62.250000000,4,0,14233,228353971,62.250000000,62.500000000,4,852,1,6,UD:1V: VT 2534214
2026-02-24T21:01:38.545807989Z,2026-02-24T21:01:38.543262763Z,1,1,42431181,T,B,0,42.750000000,1,0,14286,648481626,42.500000000,42.750000000,95,1,9,1,ESH6 P6600
2026-02-24T21:01:44.128732645Z,2026-02-24T21:01:44.128028431Z,1,1,2534214,T,A,0,62.250000000,4,0,11902,228370504,62.250000000,62.500000000,4,852,1,6,UD:1V: VT 2534214
2026-02-24T21:01:52.835487751Z,2026-02-24T21:01:52.797213429Z,1,1,2534214,T,A,0,62.250000000,4,0,11953,228383949,62.250000000,62.500000000,4,852,1,6,UD:1V: VT 2534214
2026-02-24T21:02:17.621256251Z,2026-02-24T21:02:17.613665889Z,1,1,42431944,T,B,0,7.500000000,1,0,11375,648614340,7.400000000,7.500000000,254,1,8,1,ESH6 P6000
2026-02-24T21:02:18.075060651Z,2026-02-24T21:02:18.074583025Z,1,1,42429687,T,A,0,56.750000000,1,0,14582,648616765,56.750000000,57.000000000,1,100,1,10,ESH6 C7000
2026-02-24T21:02:38.652616211Z,2026-02-24T21:02:38.367849777Z,1,1,42426741,T,B,0,31.250000000,1,0,13286,648703089,31.000000000,31.250000000,97,1,7,1,ESH6 P6500
2026-02-24T21:04:17.861701814Z,2026-02-24T21:04:17.861223771Z,1,1,42430464,T,B,0,5.600000000,1,0,14251,649103904,5.500000000,5.600000000,196,1,6,1,ESH6 C7200
2026-02-24T21:04:40.044460059Z,2026-02-24T21:04:40.019743243Z,1,1,42483101,T,A,0,82.500000000,1,0,14381,649145978,82.500000000,82.750000000,1,61,1,6,ESH6 C6950
2026-02-24T21:04:40.121514829Z,2026-02-24T21:04:40.023170179Z,1,1,42394633,T,B,0,15.100000000,4,0,14305,649147225,15.000000000,15.100000000,75,4,3,1,ESM6 P4500
2026-02-24T21:04:40.504680595Z,2026-02-24T21:04:40.447715839Z,1,1,42804077,T,A,0,6.400000000,76,0,11372,649153035,6.400000000,6.500000000,76,338,2,8,ESH6 P5925
2026-02-24T21:05:21.813270607Z,2026-02-24T21:05:21.794107391Z,1,1,42483101,T,A,0,82.000000000,1,0,12385,649323718,82.000000000,82.250000000,1,83,1,7,ESH6 C6950
2026-02-24T21:05:43.170312855Z,2026-02-24T21:05:43.161922907Z,1,1,2564538,T,B,0,37.000000000,4,0,14247,228744685,36.500000000,37.000000000,180,175,6,1,UD:1V: GN 2564538
2026-02-24T21:05:55.418336136Z,2026-02-24T21:05:55.379349881Z,1,1,2564538,T,B,0,37.000000000,11,0,15445,228755281,36.750000000,37.000000000,20,171,3,1,UD:1V: GN 2564538
2026-02-24T21:06:18.209176842Z,2026-02-24T21:06:18.208718295Z,1,1,42427507,T,A,0,181.000000000,1,0,15967,649514566,181.000000000,181.500000000,45,1,9,1,ESH6 C6800
2026-02-24T21:06:25.204176872Z,2026-02-24T21:06:25.203629575Z,1,1,2564538,T,B,0,37.000000000,17,0,14217,228794858,36.750000000,37.000000000,41,160,5,1,UD:1V: GN 2564538
2026-02-24T21:06:25.207778911Z,2026-02-24T21:06:25.207286601Z,1,1,2564538,T,B,0,37.000000000,16,0,10707,228794880,36.750000000,37.000000000,158,143,7,1,UD:1V: GN 2564538
2026-02-24T21:06:35.705752245Z,2026-02-24T21:06:35.705218859Z,1,1,2564538,T,B,0,37.000000000,19,0,14489,228804743,36.750000000,37.000000000,119,127,7,1,UD:1V: GN 2564538
2026-02-24T21:06:35.706139394Z,2026-02-24T21:06:35.705670213Z,1,1,2564538,T,B,0,37.000000000,19,0,11610,228804745,36.750000000,37.000000000,119,108,7,1,UD:1V: GN 2564538
2026-02-24T21:07:49.688952597Z,2026-02-24T21:07:49.686182521Z,1,1,2564538,T,B,0,37.000000000,53,0,14202,228888937,36.750000000,37.000000000,63,89,5,1,UD:1V: GN 2564538
2026-02-24T21:08:33.145510645Z,2026-02-24T21:08:33.144969227Z,1,1,2564538,T,B,0,37.000000000,1,0,14213,228930236,36.750000000,37.000000000,95,36,6,1,UD:1V: GN 2564538
2026-02-24T21:08:33.791598677Z,2026-02-24T21:08:33.791064911Z,1,1,2551543,T,A,0,30.000000000,1,0,14549,228931754,30.000000000,30.250000000,1,576,1,7,UD:1V: VT 2551543
2026-02-24T21:08:36.582025719Z,2026-02-24T21:08:36.524010115Z,1,1,2564538,T,B,0,37.000000000,11,0,14429,228933538,36.750000000,37.000000000,193,35,7,1,UD:1V: GN 2564538
2026-02-24T21:08:44.135754747Z,2026-02-24T21:08:44.076664557Z,1,1,2564538,T,B,0,37.000000000,24,0,13320,228940714,36.750000000,37.000000000,83,24,5,1,UD:1V: GN 2564538
2026-02-24T21:09:26.095895112Z,2026-02-24T21:09:26.000189835Z,1,1,42429687,T,A,0,56.000000000,1,0,13113,650035679,56.000000000,56.250000000,1,82,1,8,ESH6 C7000
2026-02-24T21:10:40.454812856Z,2026-02-24T21:10:40.454343761Z,1,1,42431181,T,B,0,43.250000000,1,0,17372,650301524,42.750000000,43.250000000,92,132,9,8,ESH6 P6600
2026-02-24T21:10:57.856813605Z,2026-02-24T21:10:57.592495797Z,1,1,2564593,T,A,0,-1.000000000,1,0,13776,229095352,-1.000000000,,1,0,1,0,UD:1V: GN 2564593
2026-02-24T21:11:01.864421959Z,2026-02-24T21:11:01.863899085Z,1,1,42399596,T,A,0,10.600000000,1,0,14954,650360163,10.600000000,10.800000000,72,818,2,6,ESM6 P4100
2026-02-24T21:11:47.397122232Z,2026-02-24T21:11:47.395014565Z,1,1,42404374,T,B,0,270.000000000,5,0,14667,650455158,269.000000000,270.000000000,30,31,6,7,ESM6 P7000
2026-02-24T21:12:08.927682160Z,2026-02-24T21:12:08.920284495Z,1,1,42404374,T,B,0,270.000000000,5,0,14105,650507060,269.000000000,270.000000000,27,50,4,8,ESM6 P7000
2026-02-24T21:13:38.504649170Z,2026-02-24T21:13:38.504149415Z,1,1,42430464,T,B,0,5.700000000,10,0,13870,650708752,5.500000000,5.700000000,121,253,5,6,ESH6 C7200
2026-02-24T21:16:24.849374827Z,2026-02-24T21:16:24.848835067Z,1,1,42430464,T,A,0,5.500000000,2,0,14138,650993773,5.500000000,5.700000000,4,223,1,5,ESH6 C7200
2026-02-24T21:16:25.835472749Z,2026-02-24T21:16:25.733618615Z,1,1,42429674,T,B,0,59.000000000,4,0,11300,650997044,58.750000000,59.000000000,38,4,4,1,ESH6 P6700
2026-02-24T21:17:32.286221811Z,2026-02-24T21:17:32.285720241Z,1,1,42429674,T,B,0,59.000000000,4,0,14092,651047126,58.750000000,59.000000000,57,4,7,1,ESH6 P6700
2026-02-24T21:17:44.208072507Z,2026-02-24T21:17:44.207552401Z,1,1,42427508,T,A,0,20.500000000,8,0,14078,651051812,20.500000000,21.000000000,61,161,4,11,ESH6 C7100
2026-02-24T21:18:54.242220001Z,2026-02-24T21:18:54.234165811Z,1,1,42429674,T,B,0,59.250000000,4,0,12584,651099966,59.000000000,59.250000000,55,4,6,1,ESH6 P6700
2026-02-24T21:19:03.403738463Z,2026-02-24T21:19:03.403205023Z,1,1,2564805,T,B,0,68.750000000,2,0,13919,229360369,68.500000000,68.750000000,2,17,1,3,UD:1V: VT 2564805
2026-02-24T21:19:11.344477309Z,2026-02-24T21:19:11.343852439Z,1,1,2564809,T,B,0,7.400000000,2,0,17208,229362904,7.300000000,7.400000000,4,289,1,5,UD:1V: VT 2564809
2026-02-24T21:19:19.588079763Z,2026-02-24T21:19:19.587487653Z,1,1,2564809,T,B,0,7.400000000,2,0,14156,229365539,7.300000000,7.400000000,4,277,1,4,UD:1V: VT 2564809
2026-02-24T21:21:44.545604658Z,2026-02-24T21:21:44.545005933Z,1,1,2564831,T,A,0,23.000000000,3,0,13605,229394596,23.000000000,23.250000000,3,42,1,2,UD:1V: GN 2564831
2026-02-24T21:22:02.928954231Z,2026-02-24T21:22:02.924889065Z,1,1,42429064,T,B,0,94.500000000,1,0,14261,651217773,94.250000000,94.500000000,33,1,6,1,ESH6 P6850
2026-02-24T21:24:16.631133770Z,2026-02-24T21:24:16.630759763Z,1,1,2560363,T,A,0,5.800000000,1,0,15110,229423795,5.800000000,5.900000000,1,443,1,3,UD:1V: VT 2560363
2026-02-24T21:25:03.072820029Z,2026-02-24T21:25:03.072337145Z,1,1,42483101,T,A,0,82.500000000,1,0,13643,651293149,82.500000000,82.750000000,1,45,1,3,ESH6 C6950
2026-02-24T21:28:09.278155389Z,2026-02-24T21:28:09.277670075Z,1,1,42892063,T,B,0,42.000000000,1,0,15585,651362815,41.500000000,42.000000000,32,83,2,3,ESH6 P6590
2026-02-24T21:29:55.447016403Z,2026-02-24T21:29:55.446546629Z,1,1,42426740,T,B,0,9.800000000,1,0,13986,651403447,9.500000000,9.800000000,301,66,4,2,ESH6 P6100
2026-02-24T21:32:43.104021103Z,2026-02-24T21:32:43.103498979Z,1,1,2564960,T,A,0,-18.000000000,1,0,14479,229488527,-18.000000000,-17.300000000,1,2,1,1,UD:1V: 12 2564960
2026-02-24T21:33:30.415286532Z,2026-02-24T21:33:30.414973009Z,1,1,42751079,T,A,0,275.500000000,1,0,13354,651518816,275.500000000,276.000000000,1,26,1,1,ESZ7 P5750
2026-02-24T21:34:00.792182410Z,2026-02-24T21:34:00.791529323Z,1,1,2564971,T,A,0,7.500000000,1,0,13438,229496103,7.500000000,7.600000000,1,4104,1,8,UD:1V: VT 2564971
2026-02-24T21:34:10.292586394Z,2026-02-24T21:34:10.292144097Z,1,1,2564971,T,A,0,7.500000000,1,0,13509,229497445,7.500000000,7.600000000,1,4104,1,8,UD:1V: VT 2564971
2026-02-24T21:34:10.932742507Z,2026-02-24T21:34:10.932293285Z,1,1,42421497,T,B,0,27.000000000,1,0,13983,651533941,26.500000000,27.000000000,40,93,2,3,ESH6 P6450
2026-02-24T21:37:21.757059018Z,2026-02-24T21:37:21.756428709Z,1,1,42378541,T,A,0,103.000000000,1,0,13042,651625076,103.000000000,103.500000000,1,81,1,5,ESM6 P6300
2026-02-24T21:38:39.171115711Z,2026-02-24T21:38:39.170656997Z,1,1,2565011,T,B,0,72.000000000,1,0,21859,229544426,71.750000000,72.000000000,155,1,3,1,UD:1V: VT 2565011
2026-02-24T21:44:54.427478415Z,2026-02-24T21:44:54.426012193Z,1,1,42431181,T,A,0,43.000000000,1,0,13703,651795893,43.000000000,43.250000000,1,1,1,1,ESH6 P6600
2026-02-24T21:45:16.694622067Z,2026-02-24T21:45:16.694224395Z,1,1,2565038,T,B,0,12.500000000,1,0,14514,229582276,12.400000000,12.500000000,3270,1,5,1,UD:1V: VT 2565038
2026-02-24T21:54:58.619613975Z,2026-02-24T21:54:58.612255013Z,1,1,42886220,T,B,0,55.750000000,1,0,13083,652109220,55.500000000,55.750000000,28,4,2,1,ESH6 P6680
2026-02-24T21:54:58.627255714Z,2026-02-24T21:54:58.619660529Z,1,1,42886220,T,B,0,55.750000000,3,0,13889,652109382,55.500000000,55.750000000,28,3,2,1,ESH6 P6680
2026-02-24T21:57:13.446995727Z,2026-02-24T21:57:13.446468011Z,1,1,42431937,T,B,0,1.750000000,20,0,13247,652166748,1.500000000,1.750000000,99,524,2,5,ESH6 C7300
2026-02-24T21:58:09.141137444Z,2026-02-24T21:58:09.140624273Z,1,1,42429064,T,B,0,95.250000000,1,0,13658,652186385,95.000000000,95.250000000,30,1,5,1,ESH6 P6850
2026-02-24T23:14:47.988385338Z,2026-02-24T23:14:47.952725579Z,1,1,42431945,T,A,0,81.000000000,5,0,10426,653037448,81.000000000,81.500000000,5,14,1,2,ESH6 P6800
2026-02-24T23:29:17.070962450Z,2026-02-24T23:29:17.070375381Z,1,1,571476,T,A,0,969.000000000,1,0,13961,653429708,969.000000000,976.000000000,1,4,1,1,ESZ6 C6300
2026-02-24T23:31:58.028917829Z,2026-02-24T23:31:58.023327121Z,1,1,539456,T,A,0,1210.000000000,1,0,15604,653488580,1210.000000000,1218.500000000,1,6,1,1,ESZ6 C6000
2026-02-24T23:34:45.808749490Z,2026-02-24T23:34:45.446451871Z,1,1,42429687,T,B,0,56.750000000,1,0,11596,653588693,56.500000000,56.750000000,27,1,1,1,ESH6 C7000
2026-02-24T23:35:47.237886903Z,2026-02-24T23:35:47.237369589Z,1,1,42430464,T,A,0,5.800000000,10,0,14178,653630074,5.800000000,5.900000000,10,51,1,2,ESH6 C7200
2026-02-24T23:38:22.680444755Z,2026-02-24T23:38:22.679879055Z,1,1,2567109,T,B,0,3.100000000,1,0,13789,229910231,3.050000000,3.100000000,1,226,1,3,UD:1V: VT 2567109
2026-02-24T23:45:23.224002471Z,2026-02-24T23:45:23.223454683Z,1,1,42431946,T,A,0,111.000000000,2,0,13546,653864349,111.000000000,111.500000000,2,25,1,2,ESH6 P6900
2026-02-24T23:45:45.754911930Z,2026-02-24T23:45:45.710790705Z,1,1,2567109,T,A,0,3.050000000,1,0,15466,229936926,3.050000000,3.100000000,1,204,1,2,UD:1V: VT 2567109
2026-02-24T23:53:11.981173376Z,2026-02-24T23:53:11.980580779Z,1,1,42431944,T,B,0,7.400000000,2,0,13749,654046254,7.200000000,7.400000000,267,2,5,1,ESH6 P6000
2026-02-24T23:53:15.726012275Z,2026-02-24T23:53:15.725476779Z,1,1,42426740,T,B,0,9.400000000,2,0,13908,654047213,9.200000000,9.400000000,214,2,4,1,ESH6 P6100
2026-02-24T23:53:59.594329128Z,2026-02-24T23:53:59.593771545Z,1,1,42360165,T,B,0,10.700000000,7,0,13752,654059972,10.500000000,10.700000000,201,7,4,1,ESH6 P6150
2026-02-24T23:54:25.091135135Z,2026-02-24T23:54:25.067206769Z,1,1,42426741,T,B,0,31.000000000,2,0,11490,654070474,30.750000000,31.000000000,16,2,2,1,ESH6 P6500
2026-02-24T23:54:25.235191743Z,2026-02-24T23:54:25.221010887Z,1,1,2565230,T,B,0,1.200000000,1,0,13795,229959526,1.050000000,1.200000000,88,1,1,1,UD:1V: VT 2565230
2026-02-24T23:56:56.573930512Z,2026-02-24T23:56:56.573461705Z,1,1,42429687,T,B,0,57.500000000,1,0,14200,654155901,57.000000000,57.500000000,50,1,4,1,ESH6 C7000
2026-02-24T23:57:17.603448467Z,2026-02-24T23:57:17.603126373Z,1,1,42429687,T,A,0,58.000000000,1,0,13616,654175737,58.000000000,58.250000000,1,45,1,4,ESH6 C7000
