ts_recv,ts_event,rtype,publisher_id,instrument_id,action,side,depth,price,size,flags,ts_in_delta,sequence,bid_px_00,ask_px_00,bid_sz_00,ask_sz_00,bid_ct_00,ask_ct_00,symbol
2026-05-18T00:01:26.357947500Z,2026-05-18T00:01:26.248000395Z,1,1,42399646,T,A,0,25.000000000,1,0,14982,13878895,25.000000000,25.500000000,1,1,1,1,ESM6 C7700
2026-05-18T00:01:37.170082169Z,2026-05-18T00:01:37.167945649Z,1,1,42399646,T,B,0,24.750000000,1,0,11273,13943055,24.500000000,24.750000000,43,1,2,1,ESM6 C7700
2026-05-18T00:01:42.521448411Z,2026-05-18T00:01:42.350341911Z,1,1,42404374,T,B,0,42.500000000,4,0,14267,13968623,42.000000000,42.500000000,55,4,3,1,ESM6 P7000
2026-05-18T00:05:34.376831407Z,2026-05-18T00:05:34.375140275Z,1,1,42404374,T,B,0,43.250000000,22,0,14257,14985287,42.750000000,43.250000000,55,33,3,1,ESM6 P7000
2026-05-18T00:05:34.845583553Z,2026-05-18T00:05:34.776479589Z,1,1,42404374,T,B,0,43.250000000,2,0,11216,14988922,42.750000000,43.250000000,59,11,4,1,ESM6 P7000
2026-05-18T00:05:35.159884513Z,2026-05-18T00:05:35.128794093Z,1,1,42404374,T,B,0,43.250000000,9,0,18955,14994410,43.000000000,43.250000000,104,9,2,1,ESM6 P7000
2026-05-18T00:05:46.955885601Z,2026-05-18T00:05:46.945063223Z,1,1,42372981,T,A,0,2.200000000,5,0,14033,15081277,2.200000000,2.400000000,5,288,1,4,ESM6 C8000
2026-05-18T00:05:48.458726355Z,2026-05-18T00:05:48.386478537Z,1,1,42366510,T,A,0,352.000000000,1,0,18849,15099255,352.000000000,368.500000000,1,3,1,1,ESM6 C7100
2026-05-18T00:05:49.563801959Z,2026-05-18T00:05:49.557431639Z,1,1,42399706,T,B,0,20.750000000,1,0,15303,15105790,20.500000000,20.750000000,112,1,3,1,ESM6 P6700
2026-05-18T00:05:59.114558197Z,2026-05-18T00:05:59.114013841Z,1,1,2671065,T,B,0,11.300000000,1,0,14519,3363538,11.200000000,11.300000000,535,1,4,1,UD:1V: VT 2671065
2026-05-18T00:06:11.315825959Z,2026-05-18T00:06:11.164087459Z,1,1,2671065,T,A,0,11.100000000,1,0,14912,3392393,11.100000000,11.500000000,299,83,3,1,UD:1V: VT 2671065
2026-05-18T00:06:57.212037819Z,2026-05-18T00:06:57.197120023Z,1,1,42559340,T,B,0,6.400000000,1,0,14186,15565070,6.200000000,6.400000000,210,1,1,1,ESH7 P2200
2026-05-18T00:07:22.490240993Z,2026-05-18T00:07:22.489824711Z,1,1,42378374,T,A,0,78.000000000,1,0,13262,15728664,78.000000000,78.500000000,1,32,1,1,ESM6 P7200
2026-05-18T00:07:45.089229943Z,2026-05-18T00:07:45.088826985Z,1,1,42663437,T,B,0,2.950000000,1,0,12912,15840587,2.800000000,2.950000000,263,1,4,1,ESM6 C7950
2026-05-18T00:08:02.239770851Z,2026-05-18T00:08:02.153225473Z,1,1,42377530,T,B,0,122.000000000,1,0,14227,15959658,121.500000000,122.000000000,9,1,1,1,ESU6 P6800
2026-05-18T00:08:22.170318015Z,2026-05-18T00:08:22.169953325Z,1,1,42366513,T,A,0,140.000000000,2,0,13228,16069104,140.000000000,140.500000000,2,3,1,1,ESM6 P7400
2026-05-18T00:08:41.647369924Z,2026-05-18T00:08:41.647049357Z,1,1,42404374,T,A,0,44.750000000,3,0,14975,16182729,44.750000000,45.000000000,3,44,1,2,ESM6 P7000
2026-05-18T00:08:43.975749473Z,2026-05-18T00:08:43.975452729Z,1,1,42404374,T,A,0,44.500000000,1,0,16895,16185937,44.500000000,45.000000000,1,44,1,2,ESM6 P7000
2026-05-18T00:09:03.280420505Z,2026-05-18T00:09:03.191069035Z,1,1,42377530,T,A,0,122.000000000,1,0,12627,16299666,122.000000000,122.500000000,1,37,1,1,ESU6 P6800
2026-05-18T00:09:21.967179950Z,2026-05-18T00:09:21.710271387Z,1,1,42559340,T,B,0,6.500000000,1,0,12634,16394660,6.200000000,6.500000000,230,1,2,1,ESH7 P2200
2026-05-18T00:10:02.090745654Z,2026-05-18T00:10:02.090188593Z,1,1,42510079,T,A,0,163.000000000,1,0,19626,16554156,163.000000000,164.000000000,1,3,1,1,ESM6 C7350
2026-05-18T00:10:03.229898000Z,2026-05-18T00:10:03.215356237Z,1,1,141298,T,B,0,5.400000000,1,0,14094,16566546,5.200000000,5.400000000,229,1,2,1,ESZ6 P2500
2026-05-18T00:10:16.930805897Z,2026-05-18T00:10:16.929769563Z,1,1,42592967,T,A,0,6.400000000,1,0,14114,16660291,6.400000000,6.800000000,1,69,1,3,ESZ6 C9400
2026-05-18T00:10:19.550241945Z,2026-05-18T00:10:19.458934281Z,1,1,42536256,T,B,0,220.000000000,1,0,11486,16678917,219.500000000,220.000000000,37,1,1,1,ESH7 P6600
2026-05-18T00:10:19.596365585Z,2026-05-18T00:10:19.459585305Z,1,1,42404374,T,B,0,45.500000000,1,0,14443,16680014,45.250000000,45.500000000,40,1,1,1,ESM6 P7000
2026-05-18T00:10:22.238179949Z,2026-05-18T00:10:22.203419613Z,1,1,42487843,T,B,0,70.000000000,1,0,11569,16720331,,70.000000000,0,1,0,1,ESM6 P7150
2026-05-18T00:10:23.029446484Z,2026-05-18T00:10:22.871697627Z,1,1,2667811,T,A,0,-20.000000000,10,0,14014,3675594,-20.000000000,-19.200000000,10,119,1,1,UD:1V: GN 2667811
2026-05-18T00:10:23.107392455Z,2026-05-18T00:10:22.943696741Z,1,1,42323039,T,B,0,480.000000000,1,0,13419,16731278,477.500000000,480.000000000,34,1,2,1,ESZ6 P7700
2026-05-18T00:10:24.655970063Z,2026-05-18T00:10:24.655503007Z,1,1,2523811,T,B,0,109.000000000,1,0,13706,3679014,,109.000000000,0,1,0,1,UD:1V: DG 2523811
2026-05-18T00:11:37.773253456Z,2026-05-18T00:11:37.772877583Z,1,1,42404374,T,A,0,45.250000000,1,0,15261,17159705,45.250000000,46.000000000,1,62,1,4,ESM6 P7000
2026-05-18T00:11:39.462364756Z,2026-05-18T00:11:39.462030577Z,1,1,42404374,T,A,0,45.250000000,1,0,17132,17165938,45.250000000,46.000000000,1,62,1,4,ESM6 P7000
2026-05-18T00:12:13.529565398Z,2026-05-18T00:12:13.518526831Z,1,1,2671231,T,B,0,22.500000000,1,0,15409,3820980,22.250000000,22.500000000,469,1,5,1,UD:1V: VT 2671231
2026-05-18T00:12:59.778851838Z,2026-05-18T00:12:59.776939403Z,1,1,42378374,T,B,0,78.500000000,1,0,13001,17470610,77.750000000,78.500000000,9,1,3,1,ESM6 P7200
2026-05-18T00:14:12.327656213Z,2026-05-18T00:14:12.323697371Z,1,1,2671259,T,A,0,5.200000000,1,0,13082,3899838,5.200000000,6.400000000,1,14,1,1,UD:1V: GN 2671259
2026-05-18T00:14:45.429436529Z,2026-05-18T00:14:45.428806021Z,1,1,2671299,T,B,0,90.500000000,1,0,15173,3922096,88.000000000,90.500000000,6,1,2,1,UD:1V: GN 2671299
2026-05-18T00:15:38.234642382Z,2026-05-18T00:15:38.018374773Z,1,1,2671286,T,B,0,152.000000000,30,0,14988,3994483,149.500000000,152.000000000,46,28,1,1,UD:1V: VT 2671286
2026-05-18T00:15:38.239525699Z,2026-05-18T00:15:38.020316023Z,1,1,2671286,T,B,0,152.000000000,1,0,12831,3994508,149.500000000,152.000000000,46,26,1,1,UD:1V: VT 2671286
2026-05-18T00:15:38.253220218Z,2026-05-18T00:15:38.022306839Z,1,1,2671286,T,B,0,152.000000000,1,0,12269,3994555,149.500000000,152.000000000,46,25,1,1,UD:1V: VT 2671286
2026-05-18T00:15:38.286544844Z,2026-05-18T00:15:38.033161539Z,1,1,2671286,T,B,0,152.000000000,1,0,14679,3994760,150.500000000,152.000000000,10,24,1,1,UD:1V: VT 2671286
2026-05-18T00:15:38.325520139Z,2026-05-18T00:15:38.042751139Z,1,1,2671286,T,B,0,152.000000000,1,0,14239,3995072,151.000000000,152.000000000,69,23,1,1,UD:1V: VT 2671286
2026-05-18T00:15:38.384174313Z,2026-05-18T00:15:38.056004217Z,1,1,2671286,T,B,0,152.000000000,3,0,14547,3995248,151.000000000,152.000000000,69,22,1,1,UD:1V: VT 2671286
2026-05-18T00:15:38.387806508Z,2026-05-18T00:15:38.059086725Z,1,1,2671286,T,B,0,152.000000000,1,0,14866,3995256,151.000000000,152.000000000,69,19,1,1,UD:1V: VT 2671286
2026-05-18T00:15:38.449700936Z,2026-05-18T00:15:38.117580633Z,1,1,2671286,T,B,0,152.000000000,7,0,17832,3995484,151.000000000,152.000000000,69,18,1,1,UD:1V: VT 2671286
2026-05-18T00:15:38.458129054Z,2026-05-18T00:15:38.120573699Z,1,1,2671286,T,B,0,152.000000000,6,0,14386,3995558,151.000000000,152.000000000,69,11,1,1,UD:1V: VT 2671286
2026-05-18T00:15:38.474139542Z,2026-05-18T00:15:38.123226145Z,1,1,2671286,T,B,0,152.000000000,14,0,12996,3995620,151.000000000,152.000000000,69,5,1,1,UD:1V: VT 2671286
2026-05-18T00:15:38.490791814Z,2026-05-18T00:15:38.126556187Z,1,1,2671286,T,B,0,152.000000000,2,0,14005,3995709,151.000000000,152.000000000,69,19,1,1,UD:1V: VT 2671286
2026-05-18T00:15:38.520870699Z,2026-05-18T00:15:38.158658701Z,1,1,2671286,T,B,0,152.000000000,4,0,13658,3995837,150.500000000,152.000000000,74,17,2,1,UD:1V: VT 2671286
2026-05-18T00:15:40.016303799Z,2026-05-18T00:15:40.015483629Z,1,1,2671286,T,B,0,152.000000000,52,0,15017,4000727,151.500000000,152.000000000,134,13,1,1,UD:1V: VT 2671286
2026-05-18T00:16:49.207957535Z,2026-05-18T00:16:49.158879571Z,1,1,42399646,T,B,0,24.250000000,1,0,14164,18571618,24.000000000,24.250000000,42,1,1,1,ESM6 C7700
2026-05-18T00:17:51.009555391Z,2026-05-18T00:17:51.009048507Z,1,1,2671350,T,B,0,81.250000000,1,0,14073,4182260,80.750000000,81.250000000,62,1,3,1,UD:1V: VT 2671350
2026-05-18T00:18:01.207932438Z,2026-05-18T00:18:01.207312441Z,1,1,2671351,T,B,0,16.400000000,1,0,17323,4192827,16.200000000,16.400000000,795,1,6,1,UD:1V: VT 2671351
2026-05-18T00:21:09.526571556Z,2026-05-18T00:21:09.526135741Z,1,1,42377879,T,A,0,25.500000000,1,0,34701,19663417,25.500000000,25.750000000,1,29,1,2,ESU6 C8300
2026-05-18T00:21:15.180082660Z,2026-05-18T00:21:15.179655681Z,1,1,42377432,T,B,0,60.750000000,1,0,13518,19679868,60.250000000,60.750000000,33,1,3,1,ESU6 P6200
2026-05-18T00:22:54.034623122Z,2026-05-18T00:22:54.034170095Z,1,1,42378346,T,B,0,86.500000000,1,0,18180,20000513,84.500000000,86.500000000,30,25,3,1,ESM6 C7500
2026-05-18T00:27:37.673199251Z,2026-05-18T00:27:37.672657679Z,1,1,2671479,T,B,0,8.600000000,1,0,13612,4606890,8.400000000,8.600000000,579,1,4,1,UD:1V: VT 2671479
2026-05-18T00:27:57.542701196Z,2026-05-18T00:27:57.542297711Z,1,1,42399646,T,A,0,23.750000000,1,0,14389,20836407,23.750000000,24.500000000,1,46,1,2,ESM6 C7700
2026-05-18T00:28:12.844642472Z,2026-05-18T00:28:12.844231479Z,1,1,42404374,T,B,0,43.500000000,1,0,12062,20874523,43.000000000,43.500000000,6,1,2,1,ESM6 P7000
2026-05-18T00:32:18.735026985Z,2026-05-18T00:32:18.612327979Z,1,1,42366511,T,B,0,47.000000000,5,0,13587,21472783,46.250000000,47.000000000,36,5,2,1,ESM6 C7600
2026-05-18T00:32:36.127062839Z,2026-05-18T00:32:36.126485725Z,1,1,2670493,T,A,0,14.700000000,1,0,13913,4766011,14.700000000,15.100000000,715,676,4,4,UD:1V: VT 2670493
2026-05-18T00:34:22.005295027Z,2026-05-18T00:34:21.786203585Z,1,1,42366513,T,B,0,141.500000000,1,0,13774,21930185,140.000000000,141.500000000,2,1,1,1,ESM6 P7400
2026-05-18T00:34:22.358123591Z,2026-05-18T00:34:21.900064569Z,1,1,2671259,T,A,0,4.800000000,1,0,12867,4878630,4.800000000,6.500000000,1,14,1,1,UD:1V: GN 2671259
2026-05-18T00:37:31.094034244Z,2026-05-18T00:37:31.093669167Z,1,1,42458399,T,B,0,67.000000000,5,0,12758,22607085,66.500000000,67.000000000,42,5,2,1,ESU6 C8000
2026-05-18T00:37:38.189327039Z,2026-05-18T00:37:38.189061473Z,1,1,42366523,T,A,0,58.750000000,3,0,13951,22633431,58.750000000,59.250000000,3,40,1,2,ESM6 P7100
2026-05-18T00:37:51.675683764Z,2026-05-18T00:37:51.553866991Z,1,1,42458399,T,B,0,67.500000000,5,0,11319,22675084,66.750000000,67.500000000,38,5,1,1,ESU6 C8000
2026-05-18T00:40:37.609121961Z,2026-05-18T00:40:37.580120011Z,1,1,2671402,T,A,0,-11.000000000,1,0,13348,5169198,-11.000000000,-10.300000000,1,156,1,2,UD:1V: DG 2671402
2026-05-18T00:40:42.097894604Z,2026-05-18T00:40:42.097671061Z,1,1,42378374,T,A,0,80.000000000,1,0,13646,23159373,80.000000000,80.500000000,1,35,1,2,ESM6 P7200
2026-05-18T00:41:23.816319169Z,2026-05-18T00:41:23.815750571Z,1,1,2671751,T,B,0,33.250000000,9,0,14271,5196610,31.750000000,33.250000000,10,14,1,1,UD:1V: VT 2671751
2026-05-18T00:42:09.610988100Z,2026-05-18T00:42:09.609861647Z,1,1,42404374,T,B,0,45.000000000,6,0,12872,23403955,44.500000000,45.000000000,11,6,2,1,ESM6 P7000
2026-05-18T00:42:39.155774079Z,2026-05-18T00:42:39.152935141Z,1,1,42416106,T,A,0,105.000000000,4,0,12799,23479248,105.000000000,106.000000000,4,26,1,2,ESM6 C7450
2026-05-18T00:43:36.097636717Z,2026-05-18T00:43:36.097228127Z,1,1,42394731,T,A,0,1.650000000,77,0,14327,23595763,1.650000000,2.050000000,213,243,2,2,ESM6 P5000
2026-05-18T00:44:00.887044989Z,2026-05-18T00:44:00.886539197Z,1,1,2667382,T,B,0,14.300000000,1,0,14833,5262368,14.200000000,14.300000000,573,1,4,1,UD:1V: VT 2667382
2026-05-18T00:44:26.476191782Z,2026-05-18T00:44:26.475789187Z,1,1,2668624,T,B,0,19.800000000,2,0,14759,5268962,19.700000000,19.800000000,112,2,2,1,UD:1V: VT 2668624
2026-05-18T00:47:55.940866841Z,2026-05-18T00:47:55.886514959Z,1,1,42439351,T,A,0,86.500000000,5,0,12658,24236067,86.500000000,87.250000000,5,41,1,2,ESU6 P6500
2026-05-18T00:48:53.962501507Z,2026-05-18T00:48:53.961999045Z,1,1,2668651,T,A,0,19.500000000,1,0,13914,5424749,19.500000000,19.700000000,1,252,1,2,UD:1V: VT 2668651
2026-05-18T00:49:09.430900651Z,2026-05-18T00:49:09.430489739Z,1,1,2671751,T,A,0,32.750000000,1,0,13763,5433974,32.750000000,33.750000000,1,10,1,1,UD:1V: VT 2671751
2026-05-18T00:50:10.793469102Z,2026-05-18T00:50:10.793120951Z,1,1,42429381,T,A,0,19.800000000,3,0,13372,24552587,19.800000000,20.250000000,3,189,1,2,ESU6 P5000
2026-05-18T00:52:04.550150551Z,2026-05-18T00:52:04.528680691Z,1,1,42439347,T,B,0,50.000000000,8,0,14823,24846304,49.250000000,50.000000000,53,8,3,1,ESU6 P6000
2026-05-18T00:55:33.711639414Z,2026-05-18T00:55:33.711272183Z,1,1,4215052,T,A,0,200.000000000,1,0,13623,25349906,200.000000000,201.000000000,1,39,1,2,ESZ6 P6800
2026-05-18T00:55:44.896562257Z,2026-05-18T00:55:44.688656159Z,1,1,4215052,T,A,0,200.000000000,2,0,14254,25379952,200.000000000,201.000000000,2,35,1,1,ESZ6 P6800
2026-05-18T00:56:02.009917705Z,2026-05-18T00:56:02.009507557Z,1,1,42399595,T,A,0,0.950000000,1,0,13423,25437198,0.950000000,1.050000000,1,137,1,3,ESM6 P4300
2026-05-18T00:56:26.396354241Z,2026-05-18T00:56:26.385375483Z,1,1,42559356,T,A,0,277.500000000,3,0,13971,25518967,277.500000000,279.000000000,3,33,2,1,ESH7 P6900
2026-05-18T00:56:54.322207120Z,2026-05-18T00:56:54.321818743Z,1,1,42404366,T,B,0,10.500000000,15,0,14180,25609077,10.000000000,10.500000000,126,15,4,1,ESM6 C7800
2026-05-18T00:57:30.877961465Z,2026-05-18T00:57:30.877592981Z,1,1,42399597,T,A,0,1.150000000,1,0,18325,25694762,1.150000000,1.250000000,1,365,1,4,ESM6 P4450
2026-05-18T00:58:39.673144928Z,2026-05-18T00:58:39.672796555Z,1,1,42399597,T,A,0,1.150000000,1,0,13747,25791478,1.150000000,1.250000000,1,365,1,4,ESM6 P4450
2026-05-18T01:00:03.824750055Z,2026-05-18T01:00:03.824179735Z,1,1,2671612,T,B,0,-17.500000000,1,0,14705,5766529,,-17.500000000,0,1,0,1,UD:1V: RR 2671612
2026-05-18T01:00:23.965333155Z,2026-05-18T01:00:23.964942351Z,1,1,42399595,T,A,0,0.950000000,1,0,12709,26042560,0.950000000,1.050000000,1,130,1,3,ESM6 P4300
2026-05-18T01:00:27.145245975Z,2026-05-18T01:00:27.144859383Z,1,1,42378374,T,B,0,76.000000000,1,0,12894,26050788,75.500000000,76.000000000,46,1,4,1,ESM6 P7200
2026-05-18T01:00:33.587991215Z,2026-05-18T01:00:33.415743611Z,1,1,42399597,T,A,0,1.100000000,1,0,13170,26079713,1.100000000,1.200000000,1,130,1,3,ESM6 P4450
2026-05-18T01:00:55.321021985Z,2026-05-18T01:00:55.315331147Z,1,1,42394812,T,A,0,25.250000000,30,0,15274,26153207,25.250000000,27.000000000,78,75,4,3,ESM6 P6800
2026-05-18T01:02:02.694483313Z,2026-05-18T01:02:02.590873611Z,1,1,42384731,T,A,0,103.000000000,2,0,13584,26347240,103.000000000,104.000000000,51,24,1,1,ESM6 P7300
2026-05-18T01:02:02.703989409Z,2026-05-18T01:02:02.592424319Z,1,1,42384731,T,A,0,103.000000000,49,0,11244,26347621,103.000000000,104.000000000,49,24,1,1,ESM6 P7300
2026-05-18T01:02:13.149834032Z,2026-05-18T01:02:13.149143327Z,1,1,42384731,T,A,0,103.000000000,51,0,15357,26381187,103.000000000,104.000000000,53,26,2,2,ESM6 P7300
2026-05-18T01:02:14.337892388Z,2026-05-18T01:02:14.337518263Z,1,1,42404366,T,B,0,10.100000000,5,0,14363,26382867,9.900000000,10.100000000,105,5,2,1,ESM6 C7800
2026-05-18T01:04:35.791888366Z,2026-05-18T01:04:35.754763599Z,1,1,42399597,T,A,0,1.100000000,1,0,13997,26819029,1.100000000,1.200000000,1,128,1,3,ESM6 P4450
2026-05-18T01:05:18.977213681Z,2026-05-18T01:05:18.967731135Z,1,1,42366523,T,B,0,60.000000000,1,0,12664,26922650,59.000000000,60.000000000,38,1,2,1,ESM6 P7100
2026-05-18T01:05:28.479572310Z,2026-05-18T01:05:28.479118419Z,1,1,42760607,T,B,0,43.250000000,4,0,13344,26954880,41.750000000,43.250000000,41,57,1,3,ESM6 P6975
2026-05-18T01:09:41.624254215Z,2026-05-18T01:09:41.618268167Z,1,1,42458398,T,B,0,376.000000000,1,0,13732,27525552,373.500000000,376.000000000,3,1,1,1,ESU6 C7300
2026-05-18T01:10:56.378683687Z,2026-05-18T01:10:56.372530525Z,1,1,42378618,T,A,0,34.250000000,20,0,14128,27709909,34.250000000,35.000000000,20,49,1,2,ESM6 P6900
2026-05-18T01:10:59.922325579Z,2026-05-18T01:10:59.885417061Z,1,1,42458399,T,B,0,66.750000000,3,0,13470,27720194,66.000000000,66.750000000,38,3,1,1,ESU6 C8000
2026-05-18T01:11:11.929848758Z,2026-05-18T01:11:11.929396739Z,1,1,42458398,T,B,0,377.500000000,1,0,19067,27768540,374.500000000,377.500000000,26,1,3,1,ESU6 C7300
2026-05-18T01:11:15.153279167Z,2026-05-18T01:11:15.152855621Z,1,1,42416106,T,B,0,105.000000000,1,0,12913,27782316,104.000000000,105.000000000,30,1,4,1,ESM6 C7450
2026-05-18T01:14:03.559695707Z,2026-05-18T01:14:03.559198323Z,1,1,2672307,T,B,0,127.500000000,19,0,15061,6213280,127.000000000,127.500000000,261,19,3,1,UD:1V: VT 2672307
2026-05-18T01:14:08.332781769Z,2026-05-18T01:14:08.332378921Z,1,1,42399706,T,B,0,21.000000000,20,0,13894,28140782,20.250000000,21.000000000,143,20,5,1,ESM6 P6700
2026-05-18T01:14:51.345519116Z,2026-05-18T01:14:51.063646713Z,1,1,42378592,T,B,0,14.000000000,20,0,13551,28274520,13.500000000,14.000000000,146,20,2,1,ESM6 P6500
2026-05-18T01:14:52.366451364Z,2026-05-18T01:14:52.301601789Z,1,1,42446245,T,B,0,52.500000000,1,0,11184,28285595,51.750000000,52.500000000,2,1,1,1,ESM6 P7050
2026-05-18T01:15:12.395403098Z,2026-05-18T01:15:12.195008649Z,1,1,42404374,T,B,0,46.250000000,1,0,14971,28408778,45.500000000,46.250000000,10,1,2,1,ESM6 P7000
2026-05-18T01:15:12.821140796Z,2026-05-18T01:15:12.554586791Z,1,1,42413514,T,B,0,234.000000000,1,0,11498,28417072,232.500000000,234.000000000,24,1,1,1,ESU6 P7300
2026-05-18T01:15:28.419875292Z,2026-05-18T01:15:28.419362229Z,1,1,2671893,T,B,0,98.000000000,1,0,31587,6314556,97.000000000,98.000000000,8,1,1,1,UD:1V: VT 2671893
2026-05-18T01:17:00.535361311Z,2026-05-18T01:17:00.504351597Z,1,1,2562146,T,B,0,130.000000000,1,0,12928,6409108,129.000000000,130.000000000,38,1,1,1,UD:1V: VT 2562146
2026-05-18T01:17:31.138847669Z,2026-05-18T01:17:31.138383259Z,1,1,2625242,T,A,0,102.500000000,14,0,14393,6423992,102.500000000,107.000000000,17,48,1,2,UD:1V: SG 2625242
2026-05-18T01:17:49.974152548Z,2026-05-18T01:17:49.892215335Z,1,1,42559340,T,B,0,6.600000000,1,0,14497,28949824,6.200000000,6.600000000,89,1,2,1,ESH7 P2200
2026-05-18T01:17:51.419296923Z,2026-05-18T01:17:51.403579085Z,1,1,2666430,T,B,0,85.000000000,2,0,13444,6431883,83.750000000,85.000000000,19,2,2,1,UD:1V: VT 2666430
2026-05-18T01:18:25.374795585Z,2026-05-18T01:18:25.374368739Z,1,1,42384308,T,A,0,1.300000000,9,0,13831,29033176,1.300000000,1.400000000,9,374,1,5,ESM6 P4600
2026-05-18T01:19:01.180635401Z,2026-05-18T01:19:01.180035173Z,1,1,2672133,T,B,0,76.000000000,1,0,14925,6467144,74.500000000,76.000000000,18,1,2,1,UD:1V: IC 2672133
2026-05-18T01:19:06.395146299Z,2026-05-18T01:19:06.391431137Z,1,1,42377577,T,A,0,118.500000000,13,0,18041,29115805,118.500000000,119.500000000,33,41,1,3,ESU6 C7800
2026-05-18T01:19:06.395202916Z,2026-05-18T01:19:06.391431315Z,1,1,42377577,T,A,0,118.500000000,13,0,12742,29115806,118.500000000,119.500000000,20,41,1,3,ESU6 C7800
2026-05-18T01:19:06.395202916Z,2026-05-18T01:19:06.391431493Z,1,1,42377577,T,A,0,118.500000000,7,0,12742,29115806,118.500000000,119.500000000,7,41,1,3,ESU6 C7800
2026-05-18T01:20:32.164666598Z,2026-05-18T01:20:32.164266381Z,1,1,42377577,T,A,0,118.500000000,19,0,13131,29316196,118.500000000,119.500000000,33,40,1,3,ESU6 C7800
2026-05-18T01:20:32.164682110Z,2026-05-18T01:20:32.164266557Z,1,1,42377577,T,A,0,118.500000000,14,0,12372,29316197,118.500000000,119.500000000,14,40,1,3,ESU6 C7800
2026-05-18T01:20:38.483648646Z,2026-05-18T01:20:38.483381877Z,1,1,42377577,T,A,0,118.500000000,33,0,14074,29336550,118.500000000,119.000000000,33,31,1,1,ESU6 C7800
2026-05-18T01:21:11.394067531Z,2026-05-18T01:21:11.356627909Z,1,1,2671894,T,A,0,-17.000000000,5,0,13625,6561389,-17.000000000,-15.500000000,5,2,1,1,UD:1V: GN 2671894
2026-05-18T01:21:24.199738267Z,2026-05-18T01:21:24.158147893Z,1,1,2672133,T,B,0,76.500000000,1,0,15633,6579111,75.750000000,76.500000000,13,1,1,1,UD:1V: IC 2672133
2026-05-18T01:21:24.426711848Z,2026-05-18T01:21:24.424853333Z,1,1,42804683,T,B,0,88.750000000,4,0,13274,29553070,88.250000000,88.750000000,7,4,1,1,ESM6 P7225
2026-05-18T01:21:31.995819788Z,2026-05-18T01:21:31.995322511Z,1,1,2540503,T,B,0,74.000000000,1,0,14309,6588052,72.750000000,74.000000000,46,1,1,1,UD:1V: VT 2540503
2026-05-18T01:23:41.762820929Z,2026-05-18T01:23:41.732383519Z,1,1,2540503,T,B,0,74.500000000,1,0,14928,6703754,73.000000000,74.500000000,46,55,1,2,UD:1V: VT 2540503
2026-05-18T01:23:48.143609846Z,2026-05-18T01:23:48.143074811Z,1,1,2672459,T,A,0,5.700000000,1,0,14199,6708687,5.700000000,5.900000000,1,194,1,2,UD:1V: IC 2672459
2026-05-18T01:25:11.109801161Z,2026-05-18T01:25:11.106606997Z,1,1,42573252,T,A,0,54.000000000,1,0,13561,30220504,54.000000000,54.500000000,1,143,1,2,ESH7 P4800
2026-05-18T01:25:25.194622006Z,2026-05-18T01:25:25.135872363Z,1,1,42446245,T,B,0,55.000000000,1,0,13701,30257577,54.250000000,55.000000000,38,1,1,1,ESM6 P7050
2026-05-18T01:25:26.043957257Z,2026-05-18T01:25:25.920777197Z,1,1,559948,T,B,0,6.200000000,1,0,14007,30265110,5.800000000,6.200000000,301,1,3,1,ESZ6 P2600
2026-05-18T01:25:40.369300454Z,2026-05-18T01:25:40.368974747Z,1,1,141298,T,B,0,5.500000000,1,0,13778,30295054,5.200000000,5.500000000,294,1,3,1,ESZ6 P2500
2026-05-18T01:25:44.107095129Z,2026-05-18T01:25:44.106670247Z,1,1,42892714,T,B,0,18.800000000,2,0,17567,30301867,17.400000000,18.800000000,56,17,2,2,ESM6 C7725
2026-05-18T01:28:16.263007379Z,2026-05-18T01:28:16.262630587Z,1,1,42611781,T,B,0,61.000000000,2,0,14746,30698396,59.250000000,61.000000000,35,35,2,2,ESM6 C7550
2026-05-18T01:28:32.293782409Z,2026-05-18T01:28:32.291165329Z,1,1,42487843,T,A,0,71.000000000,4,0,14038,30726551,71.000000000,72.250000000,4,38,1,2,ESM6 P7150
2026-05-18T01:30:22.601847139Z,2026-05-18T01:30:22.601346225Z,1,1,2672553,T,A,0,83.500000000,2,0,13812,6910459,83.500000000,83.750000000,2,163,1,2,UD:1V: VT 2672553
2026-05-18T01:30:43.071564940Z,2026-05-18T01:30:43.071221937Z,1,1,42384725,T,B,0,128.000000000,1,0,25153,31083326,127.000000000,128.000000000,13,1,3,1,ESM6 C7400
2026-05-18T01:30:43.711244305Z,2026-05-18T01:30:43.710815207Z,1,1,42429382,T,A,0,19.500000000,1,0,18796,31086379,19.500000000,19.700000000,1,165,1,1,ESU6 P4950
2026-05-18T01:31:21.348981777Z,2026-05-18T01:31:21.348646677Z,1,1,42366513,T,A,0,147.000000000,1,0,17616,31181355,147.000000000,148.500000000,1,3,1,1,ESM6 P7400
2026-05-18T01:32:36.596797135Z,2026-05-18T01:32:36.596380565Z,1,1,42366511,T,A,0,43.500000000,5,0,12737,31363305,43.500000000,44.250000000,5,41,1,2,ESM6 C7600
2026-05-18T01:33:17.993634462Z,2026-05-18T01:33:17.807602037Z,1,1,42487843,T,A,0,72.000000000,4,0,13087,31457292,72.000000000,73.500000000,7,37,1,2,ESM6 P7150
2026-05-18T01:33:26.896735978Z,2026-05-18T01:33:26.896165363Z,1,1,2672616,T,B,0,-0.750000000,1,0,14160,7001304,-1.100000000,-0.750000000,90,63,1,1,UD:1V: GN 2672616
2026-05-18T01:34:31.130603068Z,2026-05-18T01:34:31.130215475Z,1,1,42973069,T,B,0,7.900000000,10,0,13544,31603714,7.400000000,7.900000000,153,10,4,1,ESM6 C7825
2026-05-18T01:34:33.440119924Z,2026-05-18T01:34:33.227141401Z,1,1,42902242,T,B,0,185.500000000,1,0,11360,31612263,184.500000000,185.500000000,3,1,1,1,ESM6 P7475
2026-05-18T01:34:47.290987163Z,2026-05-18T01:34:47.290595317Z,1,1,42973069,T,B,0,7.900000000,10,0,18919,31677038,7.300000000,7.900000000,63,10,3,1,ESM6 C7825
2026-05-18T01:34:50.625147746Z,2026-05-18T01:34:50.624803661Z,1,1,42760626,T,A,0,39.250000000,1,0,13443,31686079,39.250000000,39.750000000,1,49,1,2,ESM6 P6925
2026-05-18T01:35:52.165275014Z,2026-05-18T01:35:52.139531327Z,1,1,42384731,T,B,0,111.000000000,31,0,19079,31849698,109.000000000,111.000000000,31,31,3,3,ESM6 P7300
2026-05-18T01:35:52.213000542Z,2026-05-18T01:35:52.165200639Z,1,1,42384731,T,A,0,111.500000000,2,0,12812,31850683,111.500000000,112.000000000,9,7,1,1,ESM6 P7300
2026-05-18T01:35:52.213022774Z,2026-05-18T01:35:52.165200815Z,1,1,42384731,T,A,0,111.500000000,7,0,11178,31850685,111.500000000,112.000000000,7,7,1,1,ESM6 P7300
2026-05-18T01:36:26.148335545Z,2026-05-18T01:36:26.147817529Z,1,1,2672679,T,B,0,47.500000000,1,0,13476,7111859,47.250000000,47.500000000,263,1,4,1,UD:1V: VT 2672679
2026-05-18T01:36:45.555872923Z,2026-05-18T01:36:45.555432889Z,1,1,42366523,T,B,0,64.000000000,1,0,14334,32009528,62.500000000,64.000000000,41,45,2,3,ESM6 P7100
2026-05-18T01:37:15.919490577Z,2026-05-18T01:37:15.919121043Z,1,1,42892714,T,B,0,18.600000000,1,0,13358,32056579,17.000000000,18.600000000,16,65,2,2,ESM6 C7725
2026-05-18T01:37:18.741981177Z,2026-05-18T01:37:18.664419667Z,1,1,42429372,T,A,0,153.000000000,3,0,17150,32073133,153.000000000,155.500000000,3,35,1,3,ESU6 C7700
2026-05-18T01:37:32.649379459Z,2026-05-18T01:37:32.621408415Z,1,1,42378374,T,A,0,84.000000000,10,0,13386,32118663,84.000000000,84.750000000,10,39,1,4,ESM6 P7200
2026-05-18T01:37:38.084724299Z,2026-05-18T01:37:37.835793415Z,1,1,42439398,T,B,0,4.600000000,1,0,11374,32145872,4.400000000,4.600000000,211,1,2,1,ESU6 P3200
2026-05-18T01:37:38.463517693Z,2026-05-18T01:37:38.226955955Z,1,1,42404370,T,B,0,12.500000000,1,0,13502,32151901,11.900000000,12.500000000,144,1,2,1,ESM6 P6400
2026-05-18T01:38:14.500927158Z,2026-05-18T01:38:14.435176353Z,1,1,42378374,T,B,0,84.750000000,1,0,11337,32250062,84.000000000,84.750000000,7,1,2,1,ESM6 P7200
2026-05-18T01:39:09.852309123Z,2026-05-18T01:39:09.851578907Z,1,1,2672718,T,B,0,80.000000000,50,0,26194,7223227,79.500000000,80.000000000,31,50,1,1,UD:1V:CGN 2672718
2026-05-18T01:39:22.437209548Z,2026-05-18T01:39:22.435898455Z,1,1,42892714,T,A,0,18.400000000,1,0,14636,32422389,18.400000000,18.500000000,1,66,1,2,ESM6 C7725
2026-05-18T01:39:33.622594121Z,2026-05-18T01:39:33.535419921Z,1,1,2668989,T,B,0,21.500000000,1,0,14073,7241646,21.000000000,21.500000000,190,1,3,1,UD:1V: VT 2668989
2026-05-18T01:40:07.694990602Z,2026-05-18T01:40:07.694601345Z,1,1,42366511,T,A,0,43.750000000,1,0,13322,32564378,43.750000000,44.250000000,1,49,1,3,ESM6 C7600
2026-05-18T01:41:27.673894083Z,2026-05-18T01:41:27.673189785Z,1,1,2672718,T,B,0,79.750000000,22,0,14038,7305216,79.250000000,79.750000000,40,25,1,1,UD:1V:CGN 2672718
2026-05-18T01:41:28.386961187Z,2026-05-18T01:41:28.338923261Z,1,1,2672459,T,A,0,5.600000000,1,0,14099,7305667,5.600000000,5.800000000,1,169,1,2,UD:1V: IC 2672459
2026-05-18T01:41:28.772677895Z,2026-05-18T01:41:28.568548133Z,1,1,42384725,T,A,0,127.000000000,1,0,14051,32736826,127.000000000,130.000000000,7,26,1,1,ESM6 C7400
2026-05-18T01:41:35.528557855Z,2026-05-18T01:41:35.527609601Z,1,1,2672718,T,B,0,79.750000000,28,0,14034,7317631,79.250000000,79.750000000,40,28,1,2,UD:1V:CGN 2672718
2026-05-18T01:42:21.333246958Z,2026-05-18T01:42:21.332863579Z,1,1,42366523,T,A,0,62.500000000,1,0,14205,32859462,62.500000000,63.000000000,1,45,1,3,ESM6 P7100
2026-05-18T01:42:30.187754036Z,2026-05-18T01:42:30.187368663Z,1,1,42366523,T,A,0,62.500000000,1,0,12834,32874285,62.500000000,63.000000000,1,39,1,2,ESM6 P7100
2026-05-18T01:42:33.413395569Z,2026-05-18T01:42:33.412655779Z,1,1,2672718,T,B,0,79.750000000,24,0,13069,7347281,79.250000000,79.750000000,40,25,1,1,UD:1V:CGN 2672718
2026-05-18T01:43:32.391565643Z,2026-05-18T01:43:32.266274429Z,1,1,2672575,T,B,0,8.400000000,10,0,11342,7377028,8.100000000,8.400000000,156,10,1,1,UD:1V: VT 2672575
2026-05-18T01:45:17.869769803Z,2026-05-18T01:45:17.869352533Z,1,1,42404366,T,B,0,9.900000000,10,0,13744,33256274,9.400000000,9.900000000,166,10,5,1,ESM6 C7800
2026-05-18T01:45:21.745521113Z,2026-05-18T01:45:21.744916245Z,1,1,2672882,T,B,0,54.000000000,1,0,20319,7434301,53.250000000,54.000000000,9,83,1,3,UD:1V: VT 2672882
2026-05-18T01:46:38.527300147Z,2026-05-18T01:46:38.526894711Z,1,1,42892714,T,B,0,19.000000000,1,0,12647,33418546,17.600000000,19.000000000,73,73,3,3,ESM6 C7725
2026-05-18T01:47:48.400857037Z,2026-05-18T01:47:48.400454311Z,1,1,42366523,T,A,0,61.500000000,1,0,13700,33531590,61.500000000,62.000000000,1,41,1,2,ESM6 P7100
2026-05-18T01:48:07.533767315Z,2026-05-18T01:48:07.523440571Z,1,1,2672882,T,A,0,53.250000000,1,0,13810,7495602,53.250000000,54.000000000,1,176,1,2,UD:1V: VT 2672882
2026-05-18T01:48:26.324561079Z,2026-05-18T01:48:26.273313325Z,1,1,42384731,T,A,0,108.000000000,2,0,14274,33629123,108.000000000,109.000000000,2,24,1,1,ESM6 P7300
2026-05-18T01:49:27.139482031Z,2026-05-18T01:49:27.138980399Z,1,1,2672949,T,B,0,175.000000000,1,0,13430,7550822,174.000000000,175.000000000,7,7,1,1,UD:1V: VT 2672949
2026-05-18T01:49:32.590915993Z,2026-05-18T01:49:32.590585069Z,1,1,42384731,T,B,0,108.000000000,5,0,13379,33802975,107.500000000,108.000000000,28,5,2,1,ESM6 P7300
2026-05-18T01:50:04.562843382Z,2026-05-18T01:50:04.562471571Z,1,1,42404366,T,B,0,9.900000000,10,0,13460,33888429,9.600000000,9.900000000,67,10,3,1,ESM6 C7800
2026-05-18T01:51:01.358948095Z,2026-05-18T01:51:01.358414819Z,1,1,2672459,T,A,0,5.500000000,1,0,12300,7608331,5.500000000,5.700000000,1,121,1,1,UD:1V: IC 2672459
2026-05-18T01:51:12.043493113Z,2026-05-18T01:51:12.034803097Z,1,1,42892714,T,B,0,19.700000000,1,0,13707,34046763,18.200000000,19.700000000,11,47,1,1,ESM6 C7725
2026-05-18T01:51:20.978067734Z,2026-05-18T01:51:20.958134045Z,1,1,2672366,T,B,0,6.900000000,1,0,15647,7627642,6.700000000,6.900000000,673,1,4,1,UD:1V: VT 2672366
2026-05-18T01:51:38.066109395Z,2026-05-18T01:51:38.057498113Z,1,1,42366513,T,B,0,141.500000000,2,0,14990,34123915,140.500000000,141.500000000,7,2,1,1,ESM6 P7400
2026-05-18T01:52:44.742249641Z,2026-05-18T01:52:44.741846307Z,1,1,42458399,T,B,0,66.000000000,5,0,13435,34251319,65.750000000,66.000000000,52,5,3,1,ESU6 C8000
2026-05-18T01:56:31.598202473Z,2026-05-18T01:56:31.597721213Z,1,1,2672949,T,B,0,174.500000000,1,0,13657,7759727,174.000000000,174.500000000,82,1,2,1,UD:1V: VT 2672949
2026-05-18T01:57:49.682814803Z,2026-05-18T01:57:49.682227063Z,1,1,2562146,T,B,0,129.000000000,3,0,12719,7793914,128.000000000,129.000000000,146,67,2,1,UD:1V: VT 2562146
2026-05-18T02:00:35.825938052Z,2026-05-18T02:00:35.825397847Z,1,1,2673141,T,B,0,84.000000000,1,0,20342,7866890,83.500000000,84.000000000,21,1,3,1,UD:1V: SG 2673141
2026-05-18T02:00:40.151317079Z,2026-05-18T02:00:40.119583131Z,1,1,42366511,T,A,0,44.000000000,5,0,14162,35149445,44.000000000,44.750000000,5,39,1,2,ESM6 C7600
2026-05-18T02:01:00.205027011Z,2026-05-18T02:01:00.196133073Z,1,1,42871623,T,A,0,51.500000000,2,0,13132,35194822,51.500000000,52.000000000,2,33,1,1,ESM6 C7575
2026-05-18T02:02:27.299865123Z,2026-05-18T02:02:27.299393041Z,1,1,42409657,T,B,0,4.000000000,10,0,15722,35378773,3.600000000,4.000000000,230,225,3,2,ESM6 P5600
2026-05-18T02:02:32.088295977Z,2026-05-18T02:02:32.087863517Z,1,1,42409672,T,B,0,5.900000000,10,0,12818,35387582,5.400000000,5.900000000,215,213,3,2,ESM6 P5900
2026-05-18T02:02:38.849438863Z,2026-05-18T02:02:38.849033291Z,1,1,42372983,T,B,0,7.200000000,10,0,13325,35401477,6.600000000,7.200000000,207,202,3,2,ESM6 P6050
2026-05-18T02:02:43.800774227Z,2026-05-18T02:02:43.800430483Z,1,1,42394804,T,B,0,16.000000000,10,0,14607,35415882,15.100000000,16.000000000,177,118,5,2,ESM6 P6550
2026-05-18T02:02:53.219512269Z,2026-05-18T02:02:53.219154611Z,1,1,42378592,T,B,0,14.200000000,1,0,13264,35437277,13.900000000,14.200000000,141,1,3,1,ESM6 P6500
2026-05-18T02:05:41.424350066Z,2026-05-18T02:05:41.423675425Z,1,1,2673206,T,B,0,-51.750000000,1,0,17147,7994419,-53.500000000,-51.750000000,18,8,2,1,UD:1V: GN 2673206
2026-05-18T02:05:54.881731593Z,2026-05-18T02:05:54.881377479Z,1,1,42973069,T,A,0,8.500000000,10,0,12855,35727204,8.500000000,8.800000000,10,100,1,2,ESM6 C7825
2026-05-18T02:06:39.702546243Z,2026-05-18T02:06:39.702175409Z,1,1,42384308,T,A,0,1.300000000,9,0,13864,35789559,1.300000000,1.400000000,9,327,1,3,ESM6 P4600
2026-05-18T02:06:59.999509873Z,2026-05-18T02:06:59.999158531Z,1,1,42892714,T,B,0,18.400000000,2,0,15196,35814696,18.100000000,18.400000000,48,2,1,1,ESM6 C7725
2026-05-18T02:10:23.477485847Z,2026-05-18T02:10:23.476920319Z,1,1,42384755,T,B,0,195.000000000,1,0,12983,36139626,194.000000000,195.000000000,6,1,2,1,ESM6 P7500
2026-05-18T02:10:25.408862099Z,2026-05-18T02:10:25.408478005Z,1,1,42378374,T,A,0,81.250000000,1,0,13122,36144304,81.250000000,81.750000000,1,31,1,1,ESM6 P7200
2026-05-18T02:11:52.197765117Z,2026-05-18T02:11:52.197420639Z,1,1,42404374,T,A,0,46.000000000,15,0,13983,36283210,46.000000000,46.250000000,15,47,1,2,ESM6 P7000
2026-05-18T02:12:32.810412660Z,2026-05-18T02:12:32.809858677Z,1,1,2673351,T,B,0,59.000000000,1,0,14194,8148822,58.500000000,59.000000000,74,3,2,1,UD:1V: VT 2673351
2026-05-18T02:13:39.151273063Z,2026-05-18T02:13:38.970611407Z,1,1,42404374,T,A,0,45.250000000,1,0,11626,36494145,45.250000000,45.750000000,1,40,1,1,ESM6 P7000
2026-05-18T02:14:22.590450907Z,2026-05-18T02:14:22.535072875Z,1,1,42404374,T,A,0,45.000000000,1,0,12745,36569049,45.000000000,45.500000000,1,40,1,1,ESM6 P7000
2026-05-18T02:17:06.421494616Z,2026-05-18T02:17:06.421026209Z,1,1,2672553,T,B,0,85.500000000,2,0,14481,8262867,85.000000000,85.500000000,214,2,4,1,UD:1V: VT 2672553
2026-05-18T02:18:43.609144292Z,2026-05-18T02:18:43.608718405Z,1,1,42378374,T,B,0,78.750000000,1,0,13162,36972602,78.250000000,78.750000000,32,1,1,1,ESM6 P7200
2026-05-18T02:19:02.881288379Z,2026-05-18T02:19:02.830923685Z,1,1,2673404,T,A,0,221.000000000,1,0,13037,8295734,221.000000000,,5,0,1,0,UD:1V: GN 2673404
2026-05-18T02:19:03.007905422Z,2026-05-18T02:19:02.953588431Z,1,1,2673404,T,A,0,221.000000000,1,0,17320,8296042,221.000000000,231.000000000,4,1,1,1,UD:1V: GN 2673404
2026-05-18T02:19:14.790418675Z,2026-05-18T02:19:14.675015521Z,1,1,42384731,T,A,0,105.000000000,50,0,12147,37011372,105.000000000,105.500000000,50,74,1,2,ESM6 P7300
2026-05-18T02:19:14.822669945Z,2026-05-18T02:19:14.678329309Z,1,1,42384731,T,A,0,105.000000000,50,0,11810,37012151,105.000000000,105.500000000,50,74,1,2,ESM6 P7300
2026-05-18T02:19:14.911649659Z,2026-05-18T02:19:14.822673549Z,1,1,42384731,T,A,0,105.000000000,50,0,13845,37013880,105.000000000,105.500000000,50,74,1,2,ESM6 P7300
2026-05-18T02:22:12.503884764Z,2026-05-18T02:22:12.503512131Z,1,1,42871623,T,B,0,52.500000000,2,0,13562,37293965,52.250000000,52.500000000,37,2,2,1,ESM6 C7575
2026-05-18T02:23:07.752978023Z,2026-05-18T02:23:07.752215873Z,1,1,2673404,T,A,0,224.000000000,3,0,13305,8371640,224.000000000,,3,0,1,0,UD:1V: GN 2673404
2026-05-18T02:23:28.460579678Z,2026-05-18T02:23:28.459470107Z,1,1,42892714,T,B,0,19.000000000,1,0,14340,37374808,18.500000000,19.000000000,46,1,1,1,ESM6 C7725
2026-05-18T02:23:42.642391635Z,2026-05-18T02:23:42.641945445Z,1,1,42384731,T,A,0,106.000000000,50,0,13687,37406461,106.000000000,106.500000000,50,74,1,2,ESM6 P7300
2026-05-18T02:24:05.426195183Z,2026-05-18T02:24:05.425485035Z,1,1,42384731,T,A,0,106.000000000,50,0,13705,37432153,106.000000000,106.500000000,50,74,1,2,ESM6 P7300
2026-05-18T02:24:05.432608841Z,2026-05-18T02:24:05.426198709Z,1,1,42384731,T,A,0,106.000000000,50,0,11397,37432257,106.000000000,106.500000000,50,74,1,2,ESM6 P7300
2026-05-18T02:25:20.928773130Z,2026-05-18T02:25:20.928373077Z,1,1,42384731,T,A,0,106.000000000,33,0,13056,37544424,106.000000000,107.000000000,50,78,1,3,ESM6 P7300
2026-05-18T02:25:20.929103065Z,2026-05-18T02:25:20.928733657Z,1,1,42384731,T,A,0,106.000000000,22,0,13250,37544426,106.000000000,107.000000000,17,78,1,3,ESM6 P7300
2026-05-18T02:25:20.929144534Z,2026-05-18T02:25:20.928776681Z,1,1,42384731,T,A,0,106.000000000,26,0,11750,37544427,106.000000000,107.000000000,45,78,1,3,ESM6 P7300
2026-05-18T02:25:20.929216876Z,2026-05-18T02:25:20.928776861Z,1,1,42384731,T,A,0,106.000000000,21,0,12424,37544428,106.000000000,107.000000000,19,78,1,3,ESM6 P7300
2026-05-18T02:25:20.929418582Z,2026-05-18T02:25:20.929220393Z,1,1,42384731,T,A,0,106.000000000,12,0,12834,37544432,106.000000000,107.000000000,12,78,1,3,ESM6 P7300
2026-05-18T02:27:02.468307527Z,2026-05-18T02:27:02.467776533Z,1,1,2673435,T,A,0,16.500000000,1,0,13946,8438965,16.500000000,16.800000000,1,64,1,1,UD:1V: VT 2673435
2026-05-18T02:28:03.248934332Z,2026-05-18T02:28:03.248316889Z,1,1,2673435,T,B,0,16.700000000,2,0,13448,8452656,16.200000000,16.700000000,2,232,1,2,UD:1V: VT 2673435
2026-05-18T02:31:00.950780687Z,2026-05-18T02:31:00.950262915Z,1,1,2673532,T,B,0,0.250000000,1,0,13585,8510451,0.100000000,0.250000000,1822,884,4,3,UD:1V: VT 2673532
2026-05-18T02:38:59.371840186Z,2026-05-18T02:38:59.371445255Z,1,1,42899801,T,A,0,134.000000000,4,0,13796,38513632,134.000000000,134.500000000,4,26,1,2,ESM6 P7375
2026-05-18T02:45:31.793808236Z,2026-05-18T02:45:31.657711583Z,1,1,2670553,T,A,0,30.500000000,1,0,13651,8715748,30.500000000,30.750000000,1,165,1,2,UD:1V: VT 2670553
2026-05-18T02:45:59.233110998Z,2026-05-18T02:45:59.232778759Z,1,1,42439347,T,A,0,50.750000000,1,0,14129,38933039,50.750000000,51.250000000,1,75,1,2,ESU6 P6000
2026-05-18T02:47:16.583758844Z,2026-05-18T02:47:16.583339911Z,1,1,42399646,T,B,0,22.500000000,1,0,16188,39024011,22.000000000,22.500000000,54,1,3,1,ESM6 C7700
2026-05-18T02:48:48.888299286Z,2026-05-18T02:48:48.869199607Z,1,1,42384729,T,A,0,4.600000000,1,0,14326,39118723,4.600000000,4.850000000,1,38,1,1,ESM6 C7900
2026-05-18T02:49:35.414994868Z,2026-05-18T02:49:35.414474235Z,1,1,2673473,T,B,0,2.050000000,1,0,14251,8781360,1.800000000,2.050000000,1039,1,5,1,UD:1V: VT 2673473
2026-05-18T02:51:50.425512479Z,2026-05-18T02:51:50.424969753Z,1,1,2673772,T,A,0,147.000000000,1,0,13629,8856592,147.000000000,153.500000000,1,8,1,1,UD:1V: VT 2673772
2026-05-18T02:54:58.135365267Z,2026-05-18T02:54:58.134974121Z,1,1,42516900,T,A,0,127.500000000,1,0,14163,39750590,127.500000000,128.500000000,1,28,1,3,ESM6 P7350
2026-05-18T02:55:29.622225793Z,2026-05-18T02:55:29.594127185Z,1,1,42516900,T,A,0,127.500000000,1,0,13897,39783244,127.500000000,128.500000000,1,28,1,3,ESM6 P7350
2026-05-18T02:56:08.233137881Z,2026-05-18T02:56:08.230688131Z,1,1,2673835,T,B,0,83.250000000,1,0,14066,8946992,81.750000000,83.250000000,49,1,1,1,UD:1V: VT 2673835
2026-05-18T02:56:16.847638059Z,2026-05-18T02:56:16.847229073Z,1,1,42366515,T,A,0,11.100000000,1,0,12855,39850722,11.100000000,11.700000000,53,63,3,2,ESM6 P6350
2026-05-18T02:59:21.647007777Z,2026-05-18T02:59:21.646602595Z,1,1,42435330,T,B,0,385.000000000,5,0,13382,40095745,383.500000000,385.000000000,5,5,2,1,ESM6 C7050
2026-05-18T03:02:44.058743884Z,2026-05-18T03:02:44.035577519Z,1,1,42366511,T,A,0,45.000000000,1,0,15345,40436558,45.000000000,45.750000000,1,45,1,2,ESM6 C7600
2026-05-18T03:05:45.078418336Z,2026-05-18T03:05:45.059285615Z,1,1,42399646,T,B,0,22.500000000,3,0,14204,40646307,22.000000000,22.500000000,68,3,4,1,ESM6 C7700
2026-05-18T03:08:25.466221219Z,2026-05-18T03:08:25.412316231Z,1,1,42706865,T,A,0,119.000000000,41,0,20078,40866296,119.000000000,121.500000000,41,47,2,3,ESZ6 C8150
2026-05-18T03:10:00.358678094Z,2026-05-18T03:10:00.343872337Z,1,1,42366511,T,A,0,45.250000000,1,0,14167,40972773,45.250000000,45.750000000,1,41,1,2,ESM6 C7600
2026-05-18T03:11:06.645002852Z,2026-05-18T03:11:06.644485415Z,1,1,2673980,T,B,0,8.100000000,1,0,18460,9239353,8.000000000,8.100000000,1,885,1,5,UD:1V: VT 2673980
2026-05-18T03:20:07.891816647Z,2026-05-18T03:20:07.886119283Z,1,1,42384755,T,A,0,196.000000000,4,0,13128,41693335,196.000000000,198.500000000,25,25,3,3,ESM6 P7500
2026-05-18T03:20:59.466247747Z,2026-05-18T03:20:59.465839399Z,1,1,42384755,T,A,0,197.000000000,4,0,13122,41756404,197.000000000,198.000000000,4,7,1,2,ESM6 P7500
2026-05-18T03:25:37.740468098Z,2026-05-18T03:25:37.739929205Z,1,1,2674131,T,A,0,35.750000000,1,0,13832,9476321,35.750000000,36.000000000,1,594,1,4,UD:1V: VT 2674131
2026-05-18T03:32:04.770562441Z,2026-05-18T03:32:04.762735597Z,1,1,42902242,T,B,0,185.000000000,1,0,11061,42651699,184.000000000,185.000000000,3,1,1,1,ESM6 P7475
2026-05-18T03:36:51.346725937Z,2026-05-18T03:36:51.334440233Z,1,1,2674214,T,A,0,-18.500000000,1,0,15327,9799773,-18.500000000,-18.300000000,1,23,1,1,UD:1V: GN 2674214
2026-05-18T03:44:14.135373020Z,2026-05-18T03:44:14.036866335Z,1,1,42399646,T,B,0,23.000000000,3,0,12648,43824344,22.500000000,23.000000000,58,3,3,1,ESM6 C7700
2026-05-18T03:46:38.561822462Z,2026-05-18T03:46:38.561452841Z,1,1,42378449,T,A,0,6.700000000,8,0,13237,44003611,6.700000000,6.800000000,8,1,1,1,ESM6 P6000
2026-05-18T03:47:06.742773961Z,2026-05-18T03:47:06.742345977Z,1,1,42300184,T,B,0,31.750000000,4,0,13792,44031767,30.500000000,31.750000000,58,57,3,2,ESM6 P6850
2026-05-18T03:47:17.787155849Z,2026-05-18T03:47:17.786775709Z,1,1,42760624,T,A,0,32.500000000,4,0,14160,44042597,32.500000000,33.750000000,64,53,3,2,ESM6 P6875
2026-05-18T03:49:59.674012705Z,2026-05-18T03:49:59.673511159Z,1,1,42611781,T,B,0,60.750000000,27,0,14075,44174726,60.250000000,60.750000000,33,10,2,1,ESM6 C7550
2026-05-18T03:49:59.674059800Z,2026-05-18T03:49:59.673561389Z,1,1,42611781,T,B,0,60.750000000,3,0,13317,44174727,60.250000000,60.750000000,33,3,2,1,ESM6 C7550
2026-05-18T03:50:24.027485108Z,2026-05-18T03:50:24.026997739Z,1,1,42366523,T,A,0,61.000000000,12,0,13349,44207169,61.000000000,61.500000000,10,43,1,2,ESM6 P7100
2026-05-18T03:50:24.027500159Z,2026-05-18T03:50:24.027026927Z,1,1,42366523,T,A,0,61.000000000,10,0,11331,44207170,61.000000000,61.500000000,8,43,1,2,ESM6 P7100
2026-05-18T03:50:24.027752511Z,2026-05-18T03:50:24.027555673Z,1,1,42366523,T,A,0,61.000000000,8,0,13223,44207172,61.000000000,61.500000000,8,43,1,2,ESM6 P7100
2026-05-18T03:50:35.069731098Z,2026-05-18T03:50:35.069309785Z,1,1,42506300,T,B,0,311.000000000,1,0,13141,44215687,309.500000000,311.000000000,31,1,3,1,ESU6 C7400
2026-05-18T03:51:03.122961945Z,2026-05-18T03:51:03.122555087Z,1,1,42611781,T,B,0,61.000000000,2,0,12585,44235976,60.500000000,61.000000000,82,10,3,1,ESM6 C7550
2026-05-18T03:51:03.122996043Z,2026-05-18T03:51:03.122555263Z,1,1,42611781,T,B,0,61.000000000,28,0,11434,44235977,60.500000000,61.000000000,82,8,3,1,ESM6 C7550
2026-05-18T03:53:11.831068260Z,2026-05-18T03:53:11.830631731Z,1,1,42366523,T,A,0,61.750000000,10,0,13217,44381173,61.750000000,62.000000000,10,53,1,3,ESM6 P7100
2026-05-18T03:53:13.544529665Z,2026-05-18T03:53:13.536555401Z,1,1,42366523,T,A,0,61.750000000,10,0,13557,44383291,61.750000000,62.000000000,10,53,1,3,ESM6 P7100
2026-05-18T03:53:13.547194775Z,2026-05-18T03:53:13.544674955Z,1,1,42366523,T,A,0,61.750000000,10,0,11245,44383352,61.750000000,62.000000000,10,53,1,3,ESM6 P7100
2026-05-18T03:59:01.247179140Z,2026-05-18T03:59:01.246797335Z,1,1,42458400,T,A,0,48.000000000,2,0,18052,44660841,48.000000000,48.250000000,2,49,1,2,ESU6 C8100
2026-05-18T04:08:12.181269095Z,2026-05-18T04:08:12.176667555Z,1,1,42892714,T,B,0,18.800000000,1,0,14314,45247834,18.300000000,18.800000000,59,1,2,1,ESM6 C7725
2026-05-18T04:10:22.611123102Z,2026-05-18T04:10:22.610392577Z,1,1,42404374,T,A,0,45.750000000,20,0,14124,45392480,45.750000000,46.250000000,20,49,1,2,ESM6 P7000
2026-05-18T04:12:39.259764428Z,2026-05-18T04:12:39.154950111Z,1,1,42404374,T,A,0,45.750000000,30,0,12881,45513124,45.750000000,46.000000000,20,45,1,2,ESM6 P7000
2026-05-18T04:12:52.298910211Z,2026-05-18T04:12:52.298478453Z,1,1,42404374,T,B,0,45.500000000,5,0,13907,45535233,45.250000000,45.500000000,49,5,2,1,ESM6 P7000
2026-05-18T04:13:38.413288085Z,2026-05-18T04:13:38.105711005Z,1,1,300878,T,A,0,139.000000000,5,0,14304,45596828,139.000000000,140.000000000,5,41,1,1,ESZ6 P6400
2026-05-18T04:13:39.067965907Z,2026-05-18T04:13:38.993934803Z,1,1,2674534,T,A,0,27.500000000,1,0,13426,10328702,27.500000000,27.750000000,1,500,1,2,UD:1V: VT 2674534
2026-05-18T04:13:39.089655077Z,2026-05-18T04:13:38.994211503Z,1,1,2671612,T,B,0,-23.000000000,1,0,15339,10328772,,-23.000000000,0,1,0,1,UD:1V: RR 2671612
2026-05-18T04:17:43.632806646Z,2026-05-18T04:17:43.632245985Z,1,1,2674635,T,B,0,33.500000000,1,0,13488,10435349,32.250000000,33.500000000,15,2,2,1,UD:1V: GN 2674635
2026-05-18T04:18:07.738630571Z,2026-05-18T04:18:07.738205401Z,1,1,42439505,T,B,0,24.250000000,1,0,13359,46009541,24.000000000,24.250000000,238,100,5,1,ESU6 P5250
2026-05-18T04:18:07.738681870Z,2026-05-18T04:18:07.738205579Z,1,1,42439505,T,B,0,24.250000000,10,0,13643,46009542,24.000000000,24.250000000,238,99,5,1,ESU6 P5250
2026-05-18T04:18:07.738681870Z,2026-05-18T04:18:07.738205757Z,1,1,42439505,T,B,0,24.250000000,27,0,13643,46009542,24.000000000,24.250000000,238,89,5,1,ESU6 P5250
2026-05-18T04:18:07.738681870Z,2026-05-18T04:18:07.738207999Z,1,1,42439505,T,B,0,24.250000000,31,0,13643,46009542,24.000000000,24.250000000,238,62,5,1,ESU6 P5250
2026-05-18T04:18:07.738709862Z,2026-05-18T04:18:07.738240639Z,1,1,42439505,T,B,0,24.250000000,31,0,11696,46009543,24.000000000,24.250000000,238,31,5,1,ESU6 P5250
2026-05-18T04:19:22.037729705Z,2026-05-18T04:19:22.037207493Z,1,1,2674642,T,B,0,14.000000000,1,0,13940,10459073,13.600000000,14.000000000,452,453,3,3,UD:1V: VT 2674642
2026-05-18T04:19:47.586507206Z,2026-05-18T04:19:47.585873923Z,1,1,2674642,T,B,0,14.000000000,1,0,13802,10467315,13.600000000,14.000000000,493,459,3,3,UD:1V: VT 2674642
2026-05-18T04:19:54.339941273Z,2026-05-18T04:19:54.339657385Z,1,1,42366523,T,B,0,60.000000000,1,0,13696,46136814,59.750000000,60.000000000,40,1,2,1,ESM6 P7100
2026-05-18T04:19:59.648198073Z,2026-05-18T04:19:59.647711061Z,1,1,2669815,T,A,0,34.250000000,1,0,13487,10471687,34.250000000,34.750000000,1,126,1,2,UD:1V: VT 2669815
2026-05-18T04:22:15.467284801Z,2026-05-18T04:22:15.466833803Z,1,1,2669815,T,A,0,34.750000000,2,0,13122,10515068,34.750000000,35.000000000,2,250,1,2,UD:1V: VT 2669815
2026-05-18T04:23:15.834696519Z,2026-05-18T04:23:15.829121179Z,1,1,2674569,T,A,0,111.500000000,1,0,15394,10529118,111.500000000,112.500000000,1,39,1,1,UD:1V: BO 2674569
2026-05-18T04:27:07.701881868Z,2026-05-18T04:27:07.701503565Z,1,1,42366511,T,B,0,43.750000000,5,0,13117,46728514,43.250000000,43.750000000,51,5,4,1,ESM6 C7600
2026-05-18T04:28:41.822601924Z,2026-05-18T04:28:41.822217581Z,1,1,42404366,T,A,0,9.700000000,2,0,13018,46815879,9.700000000,10.600000000,93,107,2,2,ESM6 C7800
2026-05-18T04:29:27.064689072Z,2026-05-18T04:29:27.064318739Z,1,1,42384729,T,A,0,4.300000000,2,0,13217,46874224,4.300000000,4.900000000,208,208,2,2,ESM6 C7900
2026-05-18T04:30:55.441542381Z,2026-05-18T04:30:55.441132297Z,1,1,42372981,T,A,0,2.050000000,2,0,14775,46977640,2.050000000,2.450000000,276,330,3,4,ESM6 C8000
2026-05-18T04:31:16.276747055Z,2026-05-18T04:31:16.276386249Z,1,1,42372981,T,A,0,2.050000000,2,0,15965,46996981,2.050000000,2.450000000,274,330,3,4,ESM6 C8000
2026-05-18T04:32:53.225774227Z,2026-05-18T04:32:53.196864621Z,1,1,42404374,T,A,0,47.250000000,1,0,14981,47100842,47.250000000,47.750000000,1,49,1,2,ESM6 P7000
2026-05-18T04:33:31.320320423Z,2026-05-18T04:33:31.319793359Z,1,1,2674766,T,A,0,-18.600000000,1,0,13875,10712541,-18.600000000,-18.000000000,1,7,1,1,UD:1V: 12 2674766
2026-05-18T04:34:19.228391206Z,2026-05-18T04:34:19.227841413Z,1,1,2674775,T,A,0,19.700000000,1,0,14274,10720483,19.700000000,19.900000000,1,576,1,3,UD:1V: VT 2674775
2026-05-18T04:34:20.452702971Z,2026-05-18T04:34:20.436277565Z,1,1,42510079,T,A,0,158.000000000,1,0,14369,47182691,158.000000000,159.000000000,1,29,1,2,ESM6 C7350
2026-05-18T04:37:39.796776927Z,2026-05-18T04:37:39.796479511Z,1,1,42990303,T,A,0,19.400000000,2,0,14441,47423568,19.400000000,19.700000000,2,56,1,2,ESM6 C7720
2026-05-18T04:38:46.222971907Z,2026-05-18T04:38:46.222642285Z,1,1,42366523,T,A,0,62.250000000,1,0,12932,47473080,62.250000000,62.750000000,1,42,1,2,ESM6 P7100
2026-05-18T04:38:58.367167364Z,2026-05-18T04:38:58.366763925Z,1,1,42366523,T,A,0,62.250000000,1,0,12685,47479427,62.250000000,62.750000000,1,42,1,2,ESM6 P7100
2026-05-18T04:43:20.859797927Z,2026-05-18T04:43:20.852657581Z,1,1,42899801,T,A,0,135.500000000,1,0,14337,47779079,135.500000000,136.500000000,1,26,1,1,ESM6 P7375
2026-05-18T04:43:46.198147454Z,2026-05-18T04:43:46.197270139Z,1,1,2674849,T,A,0,143.500000000,153,0,14306,10882276,143.500000000,144.000000000,50,169,1,2,UD:1V:CDG 2674849
2026-05-18T04:43:46.198282748Z,2026-05-18T04:43:46.197314931Z,1,1,2674849,T,A,0,143.500000000,73,0,13343,10882278,143.500000000,144.000000000,47,169,1,2,UD:1V:CDG 2674849
2026-05-18T04:44:00.264978742Z,2026-05-18T04:44:00.264322347Z,1,1,2674849,T,A,0,143.500000000,24,0,12865,10885903,143.500000000,144.500000000,24,213,1,2,UD:1V:CDG 2674849
2026-05-18T04:44:32.181115212Z,2026-05-18T04:44:32.180438857Z,1,1,2674849,T,A,0,143.500000000,50,0,14378,10901367,143.500000000,144.500000000,50,163,1,2,UD:1V:CDG 2674849
2026-05-18T04:50:30.661072467Z,2026-05-18T04:50:30.660447897Z,1,1,2674909,T,A,0,-12.000000000,39,0,14653,10998014,-12.000000000,-11.400000000,25,13,1,1,UD:1V: 12 2674909
2026-05-18T04:51:31.294357300Z,2026-05-18T04:51:31.293733439Z,1,1,2674909,T,A,0,-12.000000000,11,0,13514,11015203,-12.000000000,-11.400000000,11,13,1,1,UD:1V: 12 2674909
2026-05-18T04:51:31.353294971Z,2026-05-18T04:51:31.350995473Z,1,1,2674909,T,A,0,-12.000000000,14,0,13698,11015243,-12.000000000,-11.400000000,25,13,1,1,UD:1V: 12 2674909
2026-05-18T04:56:23.279986665Z,2026-05-18T04:56:23.279308173Z,1,1,2674909,T,A,0,-12.000000000,25,0,14778,11089235,-12.000000000,-11.400000000,11,14,1,1,UD:1V: 12 2674909
2026-05-18T04:59:51.463489892Z,2026-05-18T04:59:51.463205679Z,1,1,42429065,T,A,0,41.000000000,1,0,13110,48955360,41.000000000,41.250000000,1,51,1,2,ESM6 P6950
2026-05-18T05:00:08.574584428Z,2026-05-18T05:00:08.573818113Z,1,1,2675009,T,A,0,-102.000000000,75,0,13384,11135034,-102.000000000,-101.500000000,25,174,1,1,UD:1V:CRR 2675009
2026-05-18T05:00:23.166496798Z,2026-05-18T05:00:23.150684091Z,1,1,42384731,T,A,0,107.500000000,1,0,13105,49026402,107.500000000,108.500000000,1,28,1,2,ESM6 P7300
2026-05-18T05:00:45.252120029Z,2026-05-18T05:00:45.251392761Z,1,1,2674909,T,A,0,-11.800000000,16,0,15605,11156052,-11.800000000,-11.400000000,11,13,1,1,UD:1V: 12 2674909
2026-05-18T05:00:55.341339971Z,2026-05-18T05:00:55.340678817Z,1,1,2674909,T,A,0,-11.700000000,21,0,14332,11160745,-11.700000000,-10.900000000,20,13,1,1,UD:1V: 12 2674909
2026-05-18T05:01:08.436538412Z,2026-05-18T05:01:08.435438471Z,1,1,2674937,T,A,0,105.000000000,25,0,13339,11167185,105.000000000,105.500000000,25,235,1,2,UD:1V:CVT 2674937
2026-05-18T05:01:08.436822481Z,2026-05-18T05:01:08.435510973Z,1,1,2674937,T,A,0,105.000000000,414,0,15445,11167187,105.000000000,105.500000000,25,235,1,2,UD:1V:CVT 2674937
2026-05-18T05:01:08.851365296Z,2026-05-18T05:01:08.850683577Z,1,1,2675009,T,A,0,-102.000000000,49,0,13700,11167597,-102.000000000,-101.000000000,25,174,1,1,UD:1V:CRR 2675009
2026-05-18T05:01:08.980284596Z,2026-05-18T05:01:08.979970855Z,1,1,42973070,T,B,0,79.500000000,2,0,13267,49122722,78.750000000,79.500000000,7,2,1,1,ESH7 C8700
2026-05-18T05:01:22.967374708Z,2026-05-18T05:01:22.966505349Z,1,1,2674937,T,A,0,105.000000000,61,0,13384,11171726,105.000000000,105.500000000,11,28,1,1,UD:1V:CVT 2674937
2026-05-18T05:01:47.050161945Z,2026-05-18T05:01:47.049456751Z,1,1,2674909,T,A,0,-11.600000000,24,0,14462,11176559,-11.600000000,-10.300000000,24,13,1,1,UD:1V: 12 2674909
2026-05-18T05:01:54.590980070Z,2026-05-18T05:01:54.590238177Z,1,1,2675009,T,A,0,-102.000000000,37,0,19835,11182903,-102.000000000,-101.000000000,1,174,1,1,UD:1V:CRR 2675009
2026-05-18T05:06:53.103537613Z,2026-05-18T05:06:53.103089705Z,1,1,42366523,T,B,0,61.000000000,3,0,13248,49702438,59.750000000,61.000000000,42,42,2,2,ESM6 P7100
2026-05-18T05:07:48.942910188Z,2026-05-18T05:07:48.942572235Z,1,1,42384724,T,B,0,270.000000000,1,0,13939,49760653,267.000000000,270.000000000,13,12,3,2,ESM6 C7200
2026-05-18T05:09:28.387596281Z,2026-05-18T05:09:28.386760279Z,1,1,2675009,T,A,0,-102.000000000,38,0,13952,11344431,-102.000000000,-101.000000000,14,135,1,1,UD:1V:CRR 2675009
2026-05-18T05:12:27.503410746Z,2026-05-18T05:12:27.503034669Z,1,1,42399646,T,B,0,23.000000000,1,0,13037,50147503,22.750000000,23.000000000,51,1,2,1,ESM6 C7700
2026-05-18T05:14:03.206777741Z,2026-05-18T05:14:03.206419317Z,1,1,42487843,T,A,0,70.250000000,4,0,13266,50256408,70.250000000,70.500000000,4,41,1,2,ESM6 P7150
2026-05-18T05:14:30.882406851Z,2026-05-18T05:14:30.881466113Z,1,1,2675009,T,A,0,-102.000000000,1,0,14181,11426564,-102.000000000,-101.000000000,1,159,1,1,UD:1V:CRR 2675009
2026-05-18T05:15:01.415293812Z,2026-05-18T05:15:01.414938601Z,1,1,42760606,T,B,0,18.400000000,6,0,13672,50330398,18.100000000,18.400000000,72,6,1,1,ESM6 P6625
2026-05-18T05:20:52.221000146Z,2026-05-18T05:20:52.151883285Z,1,1,2674909,T,A,0,-11.600000000,25,0,13849,11561467,-11.600000000,-10.300000000,25,13,1,1,UD:1V: 12 2674909
2026-05-18T05:21:14.338921588Z,2026-05-18T05:21:14.338029957Z,1,1,2674909,T,A,0,-11.600000000,25,0,15853,11573771,-11.600000000,-10.300000000,25,13,1,1,UD:1V: 12 2674909
2026-05-18T05:26:05.274917204Z,2026-05-18T05:26:05.274351263Z,1,1,2675357,T,A,0,50.250000000,6,0,14773,11673087,50.250000000,51.000000000,6,4,1,1,UD:1V: SG 2675357
2026-05-18T05:26:05.275254851Z,2026-05-18T05:26:05.274920481Z,1,1,2675357,T,B,0,50.000000000,12,0,14063,11673089,48.750000000,50.000000000,15,19,1,1,UD:1V: SG 2675357
2026-05-18T05:26:30.586154470Z,2026-05-18T05:26:30.541123627Z,1,1,42404370,T,A,0,11.900000000,1,0,13212,51484338,11.900000000,12.100000000,1,162,1,2,ESM6 P6400
2026-05-18T05:29:24.883982382Z,2026-05-18T05:29:24.883521473Z,1,1,2744049,T,A,0,54.000000000,37,0,13931,11727956,54.000000000,54.250000000,37,67,1,1,UD:1V: VT 2744049
2026-05-18T05:30:01.697430339Z,2026-05-18T05:30:01.601389829Z,1,1,42372931,T,A,0,2.150000000,25,0,11036,51752559,2.150000000,2.250000000,25,208,1,1,ESM6 P5100
2026-05-18T05:33:14.390434705Z,2026-05-18T05:33:14.350172253Z,1,1,42372949,T,B,0,611.500000000,1,0,14052,52151962,600.500000000,611.500000000,3,1,1,1,ESM6 C6800
2026-05-18T05:37:49.490261431Z,2026-05-18T05:37:49.445841903Z,1,1,42384731,T,B,0,106.000000000,5,0,14068,52652429,105.500000000,106.000000000,21,5,2,1,ESM6 P7300
2026-05-18T05:38:05.440834100Z,2026-05-18T05:38:05.440141499Z,1,1,2674909,T,A,0,-11.200000000,50,0,13472,11957454,-11.200000000,-10.100000000,25,46,1,2,UD:1V: 12 2674909
2026-05-18T05:38:49.315073249Z,2026-05-18T05:38:49.208217911Z,1,1,42366511,T,B,0,45.750000000,5,0,11325,52769684,45.250000000,45.750000000,29,5,2,1,ESM6 C7600
2026-05-18T05:40:37.600206798Z,2026-05-18T05:40:37.554499587Z,1,1,42377530,T,B,0,122.500000000,1,0,11140,52951753,122.000000000,122.500000000,32,1,2,1,ESU6 P6800
2026-05-18T05:40:52.080084916Z,2026-05-18T05:40:52.079739561Z,1,1,42372981,T,A,0,2.350000000,4,0,13809,52980905,2.350000000,2.500000000,4,259,1,3,ESM6 C8000
2026-05-18T05:41:03.391319316Z,2026-05-18T05:41:03.390906539Z,1,1,42506298,T,A,0,156.500000000,1,0,14260,53011878,156.500000000,157.500000000,1,37,1,3,ESU6 P7000
2026-05-18T05:41:03.823560515Z,2026-05-18T05:41:03.823095341Z,1,1,2500125,T,B,0,9.800000000,2,0,13711,12048461,9.300000000,9.800000000,111,2,1,1,UD:1V: VT 2500125
2026-05-18T05:41:13.001338299Z,2026-05-18T05:41:13.000656995Z,1,1,42378592,T,A,0,14.100000000,2,0,13478,53026583,14.100000000,14.300000000,2,53,1,2,ESM6 P6500
2026-05-18T05:41:34.977085641Z,2026-05-18T05:41:34.976607079Z,1,1,2500133,T,B,0,2.000000000,2,0,13460,12071063,1.750000000,2.000000000,114,25,1,1,UD:1V: VT 2500133
2026-05-18T05:42:36.478117971Z,2026-05-18T05:42:36.477573423Z,1,1,2500144,T,A,0,0.850000000,4,0,13385,12103653,0.850000000,1.100000000,179,25,1,1,UD:1V: VT 2500144
2026-05-18T05:50:55.254324021Z,2026-05-18T05:50:55.205441893Z,1,1,42366523,T,B,0,59.250000000,1,0,13740,53950579,59.000000000,59.250000000,28,1,1,1,ESM6 P7100
2026-05-18T05:52:17.738430692Z,2026-05-18T05:52:17.737996879Z,1,1,42836584,T,B,0,48.250000000,2,0,13544,54074826,48.000000000,48.250000000,31,2,1,1,ESM6 P7025
2026-05-18T05:52:32.673977487Z,2026-05-18T05:52:32.673537827Z,1,1,42902241,T,B,0,92.750000000,2,0,13456,54105043,92.250000000,92.750000000,19,2,1,1,ESM6 C7475
2026-05-18T05:53:19.621958623Z,2026-05-18T05:53:19.569964357Z,1,1,42366523,T,B,0,59.750000000,1,0,14469,54161560,59.250000000,59.750000000,28,1,1,1,ESM6 P7100
2026-05-18T05:57:52.052710298Z,2026-05-18T05:57:51.971094899Z,1,1,42458399,T,A,0,66.000000000,1,0,14014,54572392,66.000000000,66.500000000,1,31,1,1,ESU6 C8000
2026-05-18T05:59:16.341080380Z,2026-05-18T05:59:16.340261237Z,1,1,2500431,T,A,0,-35.250000000,89,0,14601,12502294,-35.250000000,-34.750000000,100,90,1,1,UD:1V:CRR 2500431
2026-05-18T05:59:16.341542116Z,2026-05-18T05:59:16.341117407Z,1,1,2500431,T,A,0,-35.250000000,5,0,13648,12502296,-35.250000000,-34.750000000,11,90,1,1,UD:1V:CRR 2500431
2026-05-18T06:00:00.379554428Z,2026-05-18T06:00:00.217101301Z,1,1,42404366,T,A,0,10.000000000,2,0,13840,54801829,10.000000000,10.400000000,2,64,1,1,ESM6 C7800
2026-05-18T06:00:27.053674841Z,2026-05-18T06:00:26.969394717Z,1,1,42899801,T,A,0,133.500000000,1,0,14023,54893346,133.500000000,134.500000000,1,17,1,1,ESM6 P7375
2026-05-18T06:00:51.567911749Z,2026-05-18T06:00:51.567466439Z,1,1,42378374,T,A,0,80.000000000,3,0,13065,54952256,80.000000000,81.250000000,29,29,2,2,ESM6 P7200
2026-05-18T06:01:16.357906530Z,2026-05-18T06:01:16.357164767Z,1,1,2500431,T,A,0,-35.000000000,63,0,13436,12582951,-35.000000000,-34.500000000,150,81,1,1,UD:1V:CRR 2500431
2026-05-18T06:01:23.189368182Z,2026-05-18T06:01:23.170440635Z,1,1,42899801,T,A,0,134.000000000,1,0,13337,55019156,134.000000000,134.500000000,1,17,1,1,ESM6 P7375
2026-05-18T06:02:29.389209055Z,2026-05-18T06:02:29.388767181Z,1,1,42366511,T,B,0,44.250000000,10,0,13482,55184746,43.750000000,44.250000000,34,10,3,1,ESM6 C7600
2026-05-18T06:03:02.708185760Z,2026-05-18T06:03:02.627374609Z,1,1,42899801,T,B,0,134.500000000,1,0,12422,55253965,134.000000000,134.500000000,17,1,1,1,ESM6 P7375
2026-05-18T06:03:35.224606958Z,2026-05-18T06:03:35.224207827Z,1,1,42384725,T,B,0,128.500000000,1,0,13950,55340726,127.500000000,128.500000000,33,1,4,1,ESM6 C7400
2026-05-18T06:05:01.198146683Z,2026-05-18T06:05:01.197804023Z,1,1,42611781,T,A,0,59.500000000,1,0,13844,55512410,59.500000000,59.750000000,1,25,1,1,ESM6 C7550
2026-05-18T06:05:16.715514006Z,2026-05-18T06:05:16.650005293Z,1,1,42899801,T,A,0,135.000000000,3,0,11442,55544420,135.000000000,135.500000000,3,17,1,1,ESM6 P7375
2026-05-18T06:05:59.026225905Z,2026-05-18T06:05:59.025630609Z,1,1,2668033,T,B,0,298.500000000,3,0,13651,12734832,,298.500000000,0,3,0,1,UD:1V: BX 2668033
2026-05-18T06:06:44.845541481Z,2026-05-18T06:06:44.845184781Z,1,1,42378592,T,A,0,14.200000000,2,0,12572,55686104,14.200000000,14.400000000,2,119,1,2,ESM6 P6500
2026-05-18T06:07:56.466865915Z,2026-05-18T06:07:56.272587523Z,1,1,42384725,T,B,0,129.500000000,3,0,14311,55824040,128.500000000,129.500000000,21,3,1,1,ESM6 C7400
2026-05-18T06:08:14.234597719Z,2026-05-18T06:08:14.200446657Z,1,1,2500554,T,B,0,13.800000000,3,0,13788,12796124,13.700000000,13.800000000,436,3,3,1,UD:1V: VT 2500554
2026-05-18T06:08:14.946023204Z,2026-05-18T06:08:14.943065331Z,1,1,2500610,T,A,0,144.500000000,10,0,13430,12797041,144.500000000,145.000000000,10,28,1,1,UD:1V:CFO 2500610
2026-05-18T06:08:14.950892896Z,2026-05-18T06:08:14.946026677Z,1,1,2500610,T,B,0,144.500000000,18,0,13871,12797131,144.000000000,144.500000000,17,18,1,1,UD:1V:CFO 2500610
2026-05-18T06:08:25.887379658Z,2026-05-18T06:08:25.883305687Z,1,1,2671231,T,B,0,23.000000000,1,0,14457,12802806,22.750000000,23.000000000,536,1,4,1,UD:1V: VT 2671231
2026-05-18T06:09:09.909746441Z,2026-05-18T06:09:09.909386867Z,1,1,42804679,T,A,0,3.700000000,40,0,12885,55999954,3.700000000,3.800000000,40,158,1,1,ESM6 P5575
2026-05-18T06:09:55.318928155Z,2026-05-18T06:09:55.271174783Z,1,1,42611781,T,A,0,60.250000000,1,0,13339,56087145,60.250000000,60.750000000,1,24,1,1,ESM6 C7550
2026-05-18T06:10:10.257971371Z,2026-05-18T06:10:10.248127779Z,1,1,42372983,T,B,0,6.700000000,28,0,13663,56136891,6.600000000,6.700000000,170,40,3,1,ESM6 P6050
2026-05-18T06:10:10.262114380Z,2026-05-18T06:10:10.257923865Z,1,1,42372983,T,B,0,6.700000000,12,0,13515,56136954,6.600000000,6.700000000,170,12,3,1,ESM6 P6050
2026-05-18T06:11:09.409578318Z,2026-05-18T06:11:09.409198935Z,1,1,42404374,T,B,0,45.500000000,1,0,13499,56243676,45.000000000,45.500000000,38,1,3,1,ESM6 P7000
2026-05-18T06:11:34.867711851Z,2026-05-18T06:11:34.867025971Z,1,1,2668034,T,B,0,199.000000000,3,0,14494,12892913,,199.000000000,0,3,0,1,UD:1V: BX 2668034
2026-05-18T06:11:53.519226368Z,2026-05-18T06:11:53.438751911Z,1,1,42366511,T,B,0,44.000000000,1,0,12834,56316237,43.500000000,44.000000000,34,1,3,1,ESM6 C7600
2026-05-18T06:15:55.092269732Z,2026-05-18T06:15:55.083188221Z,1,1,2500756,T,A,0,5.600000000,1,0,13416,13016770,5.600000000,5.700000000,1,278,1,1,UD:1V: VT 2500756
2026-05-18T06:16:45.327977313Z,2026-05-18T06:16:45.327554587Z,1,1,42372931,T,A,0,2.050000000,25,0,13855,56895937,2.050000000,2.200000000,25,193,1,2,ESM6 P5100
2026-05-18T06:17:08.217523638Z,2026-05-18T06:17:08.211775139Z,1,1,42472879,T,B,0,177.000000000,1,0,12372,56938678,176.500000000,177.000000000,30,1,2,1,ESU6 P7100
2026-05-18T06:20:00.222136435Z,2026-05-18T06:20:00.128005565Z,1,1,42439350,T,B,0,69.500000000,1,0,14719,57236236,68.750000000,69.500000000,67,1,3,1,ESU6 P6300
2026-05-18T06:21:02.776909795Z,2026-05-18T06:21:02.776463479Z,1,1,2556406,T,A,0,5.500000000,1,0,14156,13161319,5.500000000,6.300000000,3,244,1,1,UD:1V: SG 2556406
2026-05-18T06:22:01.369202699Z,2026-05-18T06:22:01.318698841Z,1,1,2556406,T,A,0,5.500000000,2,0,11816,13180919,5.500000000,5.900000000,2,40,1,1,UD:1V: SG 2556406
2026-05-18T06:24:17.447206430Z,2026-05-18T06:24:17.446669637Z,1,1,2500836,T,B,0,75.000000000,3,0,14550,13244195,74.250000000,75.000000000,7,7,1,1,UD:1V: VT 2500836
2026-05-18T06:27:21.472812382Z,2026-05-18T06:27:21.472086479Z,1,1,2500801,T,A,0,209.000000000,2,0,13160,13330897,209.000000000,211.500000000,2,29,1,3,UD:1V: SG 2500801
2026-05-18T06:27:45.618483801Z,2026-05-18T06:27:45.612489851Z,1,1,2500870,T,B,0,31.750000000,34,0,14124,13336209,31.000000000,31.750000000,121,34,3,2,UD:1V: GN 2500870
2026-05-18T06:27:45.628896321Z,2026-05-18T06:27:45.618535951Z,1,1,2500870,T,A,0,31.750000000,1,0,11338,13336416,31.750000000,32.250000000,416,31,1,1,UD:1V: GN 2500870
2026-05-18T06:27:56.784156414Z,2026-05-18T06:27:56.739732087Z,1,1,42429065,T,A,0,39.750000000,1,0,13784,58114825,39.750000000,40.250000000,1,40,1,2,ESM6 P6950
2026-05-18T06:27:59.410978131Z,2026-05-18T06:27:59.410434635Z,1,1,2500887,T,A,0,-11.600000000,2,0,13093,13339257,-11.600000000,-11.400000000,2,18,1,2,UD:1V: GN 2500887
2026-05-18T06:28:09.366408545Z,2026-05-18T06:28:09.365898239Z,1,1,2500870,T,A,0,31.750000000,77,0,14963,13343207,31.750000000,32.250000000,77,189,1,3,UD:1V: GN 2500870
2026-05-18T06:29:56.619243244Z,2026-05-18T06:29:56.618629273Z,1,1,2500920,T,B,0,78.250000000,1,0,14140,13393104,76.500000000,78.250000000,2,1,1,1,UD:1V: GN 2500920
2026-05-18T06:31:00.298209223Z,2026-05-18T06:31:00.296276195Z,1,1,2675332,T,A,0,-56.250000000,10,0,14686,13438269,-56.250000000,-55.500000000,10,37,1,2,UD:1V: 12 2675332
2026-05-18T06:31:00.348557529Z,2026-05-18T06:31:00.297826507Z,1,1,2668931,T,A,0,37.500000000,5,0,13469,13438492,37.500000000,38.000000000,5,93,1,1,UD:1V: VT 2668931
2026-05-18T06:31:17.547042039Z,2026-05-18T06:31:17.546693763Z,1,1,42510079,T,A,0,155.000000000,1,0,12678,58597499,155.000000000,155.500000000,1,29,1,3,ESM6 C7350
2026-05-18T06:31:53.329697647Z,2026-05-18T06:31:53.329297821Z,1,1,42902241,T,B,0,87.250000000,6,0,15246,58701209,87.000000000,87.250000000,19,10,1,1,ESM6 C7475
2026-05-18T06:31:53.329713735Z,2026-05-18T06:31:53.329298001Z,1,1,42902241,T,B,0,87.250000000,4,0,11649,58701210,87.000000000,87.250000000,19,4,1,1,ESM6 C7475
2026-05-18T06:33:52.721213547Z,2026-05-18T06:33:52.720787189Z,1,1,42372931,T,A,0,2.050000000,10,0,13538,59028167,2.050000000,2.250000000,25,195,1,2,ESM6 P5100
2026-05-18T06:36:41.430077983Z,2026-05-18T06:36:41.372313061Z,1,1,2500870,T,A,0,31.750000000,48,0,15079,13713746,31.750000000,32.500000000,77,140,1,3,UD:1V: GN 2500870
2026-05-18T06:36:41.430221995Z,2026-05-18T06:36:41.372313771Z,1,1,2523811,T,B,0,110.000000000,1,0,11631,13713748,107.500000000,110.000000000,57,1,2,1,UD:1V: DG 2523811
2026-05-18T06:38:28.642998359Z,2026-05-18T06:38:28.642503873Z,1,1,2500839,T,A,0,26.750000000,1,0,13223,13794936,26.750000000,27.250000000,1,143,1,3,UD:1V: GN 2500839
2026-05-18T06:38:47.701257147Z,2026-05-18T06:38:47.700750489Z,1,1,2500840,T,A,0,25.750000000,1,0,37766,13806429,25.750000000,26.250000000,1,147,1,3,UD:1V: GN 2500840
2026-05-18T06:38:52.051059287Z,2026-05-18T06:38:52.050585207Z,1,1,2500840,T,A,0,25.750000000,1,0,13730,13807525,25.750000000,26.250000000,1,147,1,3,UD:1V: GN 2500840
2026-05-18T06:38:55.453001935Z,2026-05-18T06:38:55.452491739Z,1,1,2500840,T,A,0,25.750000000,1,0,13321,13808057,25.750000000,26.250000000,1,147,1,3,UD:1V: GN 2500840
2026-05-18T06:39:47.164780603Z,2026-05-18T06:39:47.058999197Z,1,1,2500870,T,A,0,31.750000000,29,0,12192,13856064,31.750000000,32.500000000,29,155,1,4,UD:1V: GN 2500870
2026-05-18T06:40:37.538947711Z,2026-05-18T06:40:37.324378209Z,1,1,2672459,T,A,0,5.400000000,1,0,13692,13895816,5.400000000,5.500000000,1,98,1,1,UD:1V: IC 2672459
2026-05-18T06:44:49.920131236Z,2026-05-18T06:44:49.775371791Z,1,1,42902242,T,A,0,177.500000000,1,0,13665,60516936,177.500000000,179.000000000,1,17,1,1,ESM6 P7475
2026-05-18T06:44:50.181026091Z,2026-05-18T06:44:50.083967673Z,1,1,42399646,T,B,0,22.000000000,21,0,13763,60521272,21.500000000,22.000000000,30,20,1,1,ESM6 C7700
2026-05-18T06:44:50.181323157Z,2026-05-18T06:44:50.085378507Z,1,1,42399646,T,B,0,22.000000000,2,0,11201,60521280,21.500000000,22.000000000,30,19,1,1,ESM6 C7700
2026-05-18T06:45:00.086651116Z,2026-05-18T06:45:00.032525147Z,1,1,42399646,T,B,0,22.000000000,37,0,12999,60566342,21.750000000,22.000000000,30,17,1,1,ESM6 C7700
2026-05-18T06:45:24.602984084Z,2026-05-18T06:45:24.597066635Z,1,1,42372931,T,A,0,2.050000000,15,0,11163,60714632,2.050000000,2.150000000,15,196,1,2,ESM6 P5100
2026-05-18T06:50:53.820781828Z,2026-05-18T06:50:53.820408239Z,1,1,42429065,T,B,0,38.250000000,32,0,14566,61673062,38.000000000,38.250000000,46,32,4,1,ESM6 P6950
2026-05-18T06:54:58.895040718Z,2026-05-18T06:54:58.579115823Z,1,1,2501113,T,A,0,1.500000000,30,0,12889,14557540,1.500000000,1.950000000,30,19,1,2,UD:1V: 12 2501113
2026-05-18T06:56:23.185157501Z,2026-05-18T06:56:23.088575203Z,1,1,42899801,T,A,0,129.000000000,1,0,14036,62407830,129.000000000,130.000000000,1,49,1,6,ESM6 P7375
2026-05-18T06:58:01.074561942Z,2026-05-18T06:58:01.030745799Z,1,1,42366513,T,A,0,139.000000000,1,0,13065,62668420,139.000000000,139.500000000,1,14,1,2,ESM6 P7400
2026-05-18T06:59:31.341336411Z,2026-05-18T06:59:31.340949025Z,1,1,42372981,T,A,0,2.150000000,1,0,12315,62850655,2.150000000,2.300000000,1,31,1,2,ESM6 C8000
2026-05-18T06:59:44.612113579Z,2026-05-18T06:59:44.556564617Z,1,1,42899801,T,A,0,128.500000000,1,0,13333,62875726,128.500000000,129.000000000,1,22,1,3,ESM6 P7375
2026-05-18T06:59:54.232767617Z,2026-05-18T06:59:54.055971475Z,1,1,42384731,T,A,0,102.500000000,1,0,13065,62910467,102.500000000,103.000000000,1,14,1,2,ESM6 P7300
2026-05-18T06:59:56.143992861Z,2026-05-18T06:59:56.125177859Z,1,1,42899801,T,A,0,128.000000000,1,0,13653,62925202,128.000000000,129.000000000,1,48,1,6,ESM6 P7375
2026-05-18T07:02:20.643928571Z,2026-05-18T07:02:20.511508521Z,1,1,42366513,T,A,0,135.500000000,1,0,12642,63560549,135.500000000,136.500000000,1,35,1,3,ESM6 P7400
2026-05-18T07:02:30.625122720Z,2026-05-18T07:02:30.609735329Z,1,1,2671062,T,B,0,-6.000000000,1,0,14618,15017814,-7.100000000,-6.000000000,84,1,3,1,UD:1V: DG 2671062
2026-05-18T07:03:40.917064977Z,2026-05-18T07:03:40.915707811Z,1,1,2501637,T,A,0,322.000000000,85,0,16716,15110921,322.000000000,322.500000000,250,45,1,3,UD:1V: GN 2501637
2026-05-18T07:03:40.917118043Z,2026-05-18T07:03:40.915707987Z,1,1,2501637,T,A,0,322.000000000,25,0,12534,15110922,322.000000000,322.500000000,165,45,1,3,UD:1V: GN 2501637
2026-05-18T07:03:41.943794665Z,2026-05-18T07:03:41.943224447Z,1,1,2501637,T,A,0,322.000000000,14,0,15321,15112749,322.000000000,322.500000000,140,15,1,2,UD:1V: GN 2501637
2026-05-18T07:03:42.363329460Z,2026-05-18T07:03:42.362883667Z,1,1,2501637,T,A,0,322.000000000,14,0,16987,15112945,322.000000000,322.500000000,126,31,1,3,UD:1V: GN 2501637
2026-05-18T07:03:45.363814510Z,2026-05-18T07:03:45.363287241Z,1,1,2501637,T,A,0,322.000000000,14,0,18135,15113975,322.000000000,322.500000000,112,31,1,3,UD:1V: GN 2501637
2026-05-18T07:03:46.144116542Z,2026-05-18T07:03:46.143645541Z,1,1,2501637,T,A,0,322.000000000,10,0,13428,15114168,322.000000000,322.500000000,98,31,1,3,UD:1V: GN 2501637
2026-05-18T07:03:46.144234641Z,2026-05-18T07:03:46.143664611Z,1,1,2501637,T,A,0,322.000000000,1,0,15065,15114170,322.000000000,322.500000000,88,31,1,3,UD:1V: GN 2501637
2026-05-18T07:03:47.149076588Z,2026-05-18T07:03:47.120689369Z,1,1,2501637,T,A,0,322.000000000,11,0,13514,15115124,322.000000000,322.500000000,87,31,1,3,UD:1V: GN 2501637
2026-05-18T07:03:48.365722908Z,2026-05-18T07:03:48.363606445Z,1,1,2501637,T,A,0,322.000000000,8,0,14324,15116510,322.000000000,322.500000000,76,22,1,2,UD:1V: GN 2501637
2026-05-18T07:03:48.755157711Z,2026-05-18T07:03:48.754691893Z,1,1,2501637,T,A,0,322.000000000,8,0,13120,15117245,322.000000000,322.500000000,68,16,1,1,UD:1V: GN 2501637
2026-05-18T07:03:49.364378134Z,2026-05-18T07:03:49.363708637Z,1,1,2501637,T,A,0,322.000000000,8,0,14542,15118173,322.000000000,322.500000000,60,46,1,4,UD:1V: GN 2501637
2026-05-18T07:03:51.186193937Z,2026-05-18T07:03:51.185458455Z,1,1,2501637,T,A,0,322.000000000,52,0,14706,15125443,322.000000000,323.000000000,52,65,1,4,UD:1V: GN 2501637
2026-05-18T07:03:57.276392902Z,2026-05-18T07:03:57.275582299Z,1,1,2501638,T,B,0,88.750000000,35,0,13288,15130875,88.500000000,88.750000000,391,25,3,1,UD:1V:CVT 2501638
2026-05-18T07:04:15.808046084Z,2026-05-18T07:04:15.807196473Z,1,1,2500870,T,A,0,32.000000000,25,0,14713,15157719,32.000000000,32.250000000,250,113,1,2,UD:1V: GN 2500870
2026-05-18T07:04:18.642659121Z,2026-05-18T07:04:18.642276349Z,1,1,42378346,T,B,0,83.000000000,1,0,13539,64027057,82.000000000,83.000000000,31,28,3,2,ESM6 C7500
2026-05-18T07:04:21.680673118Z,2026-05-18T07:04:21.680106961Z,1,1,2500870,T,A,0,32.000000000,225,0,23224,15166711,32.000000000,32.500000000,225,206,1,4,UD:1V: GN 2500870
2026-05-18T07:04:36.046557499Z,2026-05-18T07:04:36.045746267Z,1,1,2501638,T,B,0,88.750000000,27,0,15622,15181567,88.500000000,88.750000000,206,15,2,1,UD:1V:CVT 2501638
2026-05-18T07:04:51.936641172Z,2026-05-18T07:04:51.936096911Z,1,1,2500839,T,A,0,26.750000000,1,0,13777,15193421,26.750000000,27.250000000,1,147,1,3,UD:1V: GN 2500839
2026-05-18T07:05:18.539010423Z,2026-05-18T07:05:18.459916765Z,1,1,42384731,T,A,0,100.500000000,1,0,13028,64181706,100.500000000,101.000000000,1,30,1,3,ESM6 P7300
2026-05-18T07:05:18.899060847Z,2026-05-18T07:05:18.812190933Z,1,1,2501639,T,B,0,102.500000000,22,0,14917,15209549,102.000000000,102.500000000,132,35,3,1,UD:1V: VT 2501639
2026-05-18T07:05:19.022821846Z,2026-05-18T07:05:18.906270475Z,1,1,2501639,T,B,0,102.500000000,13,0,14783,15210497,102.000000000,102.500000000,132,13,3,1,UD:1V: VT 2501639
2026-05-18T07:05:28.741256396Z,2026-05-18T07:05:28.713945723Z,1,1,42366513,T,A,0,135.500000000,1,0,11833,64213789,135.500000000,136.500000000,1,39,1,4,ESM6 P7400
2026-05-18T07:06:55.610052366Z,2026-05-18T07:06:55.399380625Z,1,1,42366513,T,A,0,135.500000000,1,0,15148,64500663,135.500000000,136.500000000,1,21,1,3,ESM6 P7400
2026-05-18T07:09:52.835212092Z,2026-05-18T07:09:52.834870457Z,1,1,42366513,T,A,0,137.000000000,25,0,14037,65048852,137.000000000,137.500000000,25,27,1,2,ESM6 P7400
2026-05-18T07:09:53.336040948Z,2026-05-18T07:09:53.335639851Z,1,1,42378374,T,B,0,75.750000000,1,0,14334,65051639,75.000000000,75.750000000,44,7,4,2,ESM6 P7200
2026-05-18T07:10:03.940054529Z,2026-05-18T07:10:03.876871647Z,1,1,2501638,T,B,0,88.750000000,100,0,15014,15518188,88.500000000,88.750000000,368,13,3,1,UD:1V:CVT 2501638
2026-05-18T07:11:35.998817630Z,2026-05-18T07:11:35.997120723Z,1,1,2501638,T,B,0,88.750000000,13,0,13565,15619210,88.500000000,88.750000000,598,13,5,1,UD:1V:CVT 2501638
2026-05-18T07:12:21.554518092Z,2026-05-18T07:12:21.553776075Z,1,1,2501638,T,B,0,88.750000000,25,0,14544,15650786,88.500000000,88.750000000,596,25,5,1,UD:1V:CVT 2501638
2026-05-18T07:12:33.560189086Z,2026-05-18T07:12:33.545539967Z,1,1,2668624,T,B,0,19.300000000,5,0,13005,15661622,19.200000000,19.300000000,482,6,4,1,UD:1V: VT 2668624
2026-05-18T07:12:44.186992832Z,2026-05-18T07:12:43.750997027Z,1,1,42384725,T,A,0,132.000000000,3,0,12784,65607004,132.000000000,133.000000000,3,41,1,4,ESM6 C7400
2026-05-18T07:13:36.180208747Z,2026-05-18T07:13:36.140503135Z,1,1,42627610,T,A,0,32.000000000,6,0,15797,65791692,32.000000000,32.750000000,12,60,2,4,ESM6 C7650
2026-05-18T07:14:07.809829741Z,2026-05-18T07:14:07.806188715Z,1,1,42366513,T,B,0,139.500000000,2,0,14019,65893617,138.500000000,139.500000000,40,2,5,1,ESM6 P7400
2026-05-18T07:14:14.723166157Z,2026-05-18T07:14:14.553786693Z,1,1,42378374,T,B,0,77.250000000,1,0,11587,65919613,76.750000000,77.250000000,43,7,4,2,ESM6 P7200
2026-05-18T07:14:20.141883348Z,2026-05-18T07:14:20.136831539Z,1,1,42404366,T,B,0,10.200000000,1,0,14423,65955607,9.900000000,10.200000000,105,1,4,1,ESM6 C7800
2026-05-18T07:15:14.007062178Z,2026-05-18T07:15:14.006202137Z,1,1,2501638,T,B,0,88.750000000,75,0,13571,15830276,88.500000000,88.750000000,566,75,5,1,UD:1V:CVT 2501638
2026-05-18T07:15:30.457473651Z,2026-05-18T07:15:30.434760995Z,1,1,42366513,T,B,0,140.000000000,1,0,12794,66182578,139.500000000,140.000000000,16,1,3,1,ESM6 P7400
2026-05-18T07:18:29.391787887Z,2026-05-18T07:18:29.202868941Z,1,1,42384731,T,B,0,104.000000000,3,0,14090,66799729,103.500000000,104.000000000,35,3,4,1,ESM6 P7300
2026-05-18T07:18:45.009720332Z,2026-05-18T07:18:45.009186351Z,1,1,2501778,T,B,0,-10.700000000,68,0,13888,16053320,-11.000000000,-10.700000000,238,100,3,1,UD:1V: GN 2501778
2026-05-18T07:20:26.478061603Z,2026-05-18T07:20:26.477224499Z,1,1,2501638,T,B,0,88.750000000,48,0,14464,16144988,88.500000000,88.750000000,753,75,4,1,UD:1V:CVT 2501638
2026-05-18T07:20:26.529986547Z,2026-05-18T07:20:26.529588489Z,1,1,2501778,T,B,0,-10.700000000,32,0,15954,16145004,-11.200000000,-10.700000000,343,32,5,1,UD:1V: GN 2501778
2026-05-18T07:20:27.584049007Z,2026-05-18T07:20:27.583326991Z,1,1,2501638,T,B,0,88.750000000,27,0,14810,16145777,88.500000000,88.750000000,753,27,4,1,UD:1V:CVT 2501638
2026-05-18T07:21:04.145574723Z,2026-05-18T07:21:03.784789427Z,1,1,43015616,T,A,0,1.700000000,3,0,14311,67363216,1.700000000,1.950000000,3,150,1,2,ESM6 C8025
2026-05-18T07:21:19.483964879Z,2026-05-18T07:21:19.483435439Z,1,1,2501778,T,B,0,-10.700000000,42,0,13990,16225840,-11.100000000,-10.700000000,272,100,4,1,UD:1V: GN 2501778
2026-05-18T07:22:06.846359799Z,2026-05-18T07:22:06.831985555Z,1,1,42384724,T,A,0,264.500000000,1,0,13100,67613257,264.500000000,265.500000000,1,13,1,4,ESM6 C7200
2026-05-18T07:22:15.865202299Z,2026-05-18T07:22:15.681547711Z,1,1,42378374,T,A,0,78.500000000,1,0,14321,67646566,78.500000000,79.000000000,1,51,1,5,ESM6 P7200
2026-05-18T07:22:37.876231055Z,2026-05-18T07:22:37.871659067Z,1,1,42487843,T,A,0,67.750000000,1,0,13794,67708953,67.750000000,68.250000000,1,57,1,5,ESM6 P7150
2026-05-18T07:22:40.663086726Z,2026-05-18T07:22:40.249626137Z,1,1,42919950,T,A,0,54.500000000,1,0,13594,67722558,54.500000000,55.000000000,1,65,1,4,ESM6 P7075
2026-05-18T07:22:40.719001417Z,2026-05-18T07:22:40.281072305Z,1,1,42366523,T,A,0,58.500000000,1,0,13718,67723534,58.500000000,59.000000000,1,28,1,1,ESM6 P7100
2026-05-18T07:24:50.464752918Z,2026-05-18T07:24:50.464381401Z,1,1,42602509,T,A,0,6.800000000,1,0,13124,68220205,6.800000000,7.000000000,1,78,1,3,ESM6 C7850
2026-05-18T07:25:00.487877569Z,2026-05-18T07:25:00.486901923Z,1,1,2500610,T,B,0,144.000000000,6,0,16986,16462551,143.500000000,144.000000000,16,6,2,1,UD:1V:CFO 2500610
2026-05-18T07:26:01.421121215Z,2026-05-18T07:26:01.152381311Z,1,1,42372931,T,A,0,1.950000000,25,0,11350,68615755,1.950000000,2.050000000,25,347,1,3,ESM6 P5100
2026-05-18T07:27:00.475674689Z,2026-05-18T07:27:00.422936081Z,1,1,4248491,T,A,0,216.500000000,27,0,14309,69035906,216.500000000,218.000000000,27,45,1,3,ESZ6 P6900
2026-05-18T07:27:48.425904473Z,2026-05-18T07:27:48.250767793Z,1,1,42413514,T,A,0,226.000000000,6,0,11475,69235611,226.000000000,227.000000000,6,25,1,2,ESU6 P7300
2026-05-18T07:27:52.965179340Z,2026-05-18T07:27:52.944492027Z,1,1,2501638,T,A,0,88.750000000,152,0,18991,16782907,88.750000000,89.000000000,152,39,2,2,UD:1V:CVT 2501638
2026-05-18T07:27:52.965179340Z,2026-05-18T07:27:52.944492027Z,1,1,2501638,T,A,0,88.500000000,486,0,18991,16782907,88.750000000,89.000000000,152,39,2,2,UD:1V:CVT 2501638
2026-05-18T07:27:52.986400151Z,2026-05-18T07:27:52.965001117Z,1,1,2501638,T,B,0,88.500000000,152,0,14242,16783325,88.000000000,88.500000000,29,362,1,1,UD:1V:CVT 2501638
2026-05-18T07:27:52.986542185Z,2026-05-18T07:27:52.965182799Z,1,1,2501638,T,B,0,88.500000000,23,0,13852,16783327,88.000000000,88.500000000,29,210,1,1,UD:1V:CVT 2501638
2026-05-18T07:27:53.055243915Z,2026-05-18T07:27:52.985646121Z,1,1,2501638,T,B,0,88.500000000,46,0,14827,16783852,88.000000000,88.500000000,29,187,1,1,UD:1V:CVT 2501638
2026-05-18T07:27:53.056576518Z,2026-05-18T07:27:52.986403819Z,1,1,2501638,T,B,0,88.500000000,141,0,11406,16783868,88.000000000,88.500000000,29,141,1,1,UD:1V:CVT 2501638
2026-05-18T07:28:10.790132026Z,2026-05-18T07:28:10.789635497Z,1,1,2502099,T,B,0,57.750000000,3,0,14084,16822940,57.500000000,57.750000000,272,3,5,1,UD:1V: VT 2502099
2026-05-18T07:29:30.620158299Z,2026-05-18T07:29:29.887216519Z,1,1,2501402,T,A,0,51.000000000,1,0,14214,16923122,51.000000000,59.500000000,1,23,1,1,UD:1V: 12 2501402
2026-05-18T07:29:34.512637676Z,2026-05-18T07:29:34.414442081Z,1,1,2654298,T,A,0,12.600000000,6,0,13177,16939891,12.600000000,12.700000000,6,98,1,3,UD:1V: VT 2654298
2026-05-18T07:32:18.703208143Z,2026-05-18T07:32:18.415440561Z,1,1,42366511,T,B,0,48.000000000,1,0,11370,70804748,47.500000000,48.000000000,27,1,1,1,ESM6 C7600
2026-05-18T07:32:34.233159444Z,2026-05-18T07:32:33.959835523Z,1,1,42399646,T,B,0,24.500000000,1,0,11751,70949704,24.000000000,24.500000000,54,1,2,1,ESM6 C7700
2026-05-18T07:32:34.299454895Z,2026-05-18T07:32:33.961249055Z,1,1,42366523,T,A,0,54.000000000,1,0,13365,70951110,54.000000000,54.500000000,1,30,1,1,ESM6 P7100
2026-05-18T07:32:47.461024391Z,2026-05-18T07:32:47.460626785Z,1,1,42439351,T,B,0,83.500000000,1,0,13825,71080531,83.250000000,83.500000000,30,1,2,1,ESU6 P6500
2026-05-18T07:33:46.232155154Z,2026-05-18T07:33:46.231260585Z,1,1,2500431,T,A,0,-35.000000000,87,0,18249,17441551,-35.000000000,-33.750000000,87,248,1,4,UD:1V:CRR 2500431
2026-05-18T07:34:32.924248011Z,2026-05-18T07:34:32.787895355Z,1,1,42458458,T,B,0,529.000000000,1,0,13347,71658842,527.500000000,529.000000000,14,1,2,1,ESU6 C7100
2026-05-18T07:34:58.829310444Z,2026-05-18T07:34:58.809120399Z,1,1,42378346,T,A,0,84.000000000,3,0,15130,71775593,84.000000000,84.500000000,3,43,1,4,ESM6 C7500
2026-05-18T07:35:01.040212009Z,2026-05-18T07:35:00.840931307Z,1,1,42378374,T,B,0,74.000000000,1,0,11525,71797432,73.500000000,74.000000000,26,1,1,1,ESM6 P7200
2026-05-18T07:35:33.872280203Z,2026-05-18T07:35:33.867585293Z,1,1,2502099,T,B,0,58.000000000,2,0,14588,17614976,57.500000000,58.000000000,532,2,8,1,UD:1V: VT 2502099
2026-05-18T07:36:14.382838183Z,2026-05-18T07:36:14.371848369Z,1,1,42899801,T,A,0,126.500000000,4,0,15059,72194964,126.500000000,127.000000000,4,32,1,4,ESM6 P7375
2026-05-18T07:37:31.494108135Z,2026-05-18T07:37:31.493724171Z,1,1,42378592,T,B,0,13.000000000,1,0,13361,72563575,12.800000000,13.000000000,191,1,5,1,ESM6 P6500
2026-05-18T07:37:39.118550562Z,2026-05-18T07:37:39.053487459Z,1,1,42378592,T,B,0,13.000000000,1,0,14411,72605860,12.800000000,13.000000000,191,1,5,1,ESM6 P6500
2026-05-18T07:40:42.894516499Z,2026-05-18T07:40:42.894058687Z,1,1,42384731,T,B,0,102.500000000,1,0,13539,73508169,102.000000000,102.500000000,39,1,5,1,ESM6 P7300
2026-05-18T07:41:00.046621695Z,2026-05-18T07:41:00.028779399Z,1,1,2675259,T,B,0,9.000000000,15,0,13796,18105655,7.800000000,9.000000000,10,15,1,1,UD:1V: GN 2675259
2026-05-18T07:41:09.226174737Z,2026-05-18T07:41:09.140721065Z,1,1,42378374,T,B,0,77.000000000,1,0,13186,73620587,76.500000000,77.000000000,35,1,3,1,ESM6 P7200
2026-05-18T07:41:52.905100953Z,2026-05-18T07:41:52.904334279Z,1,1,2502314,T,B,0,2.300000000,26,0,21383,18190651,2.100000000,2.300000000,116,26,1,1,UD:1V: 12 2502314
2026-05-18T07:42:07.264971825Z,2026-05-18T07:42:07.264574631Z,1,1,42366513,T,B,0,140.000000000,1,0,13060,73898482,139.500000000,140.000000000,16,1,3,1,ESM6 P7400
2026-05-18T07:43:55.131372084Z,2026-05-18T07:43:55.130942715Z,1,1,42378541,T,A,0,9.500000000,1,0,14492,74379279,9.500000000,9.600000000,1,6,1,1,ESM6 P6300
2026-05-18T07:45:51.938660207Z,2026-05-18T07:45:51.928598759Z,1,1,42506300,T,A,0,312.000000000,3,0,14347,74882683,312.000000000,313.000000000,3,42,1,6,ESU6 C7400
2026-05-18T07:45:55.578892316Z,2026-05-18T07:45:55.578454925Z,1,1,42439351,T,A,0,86.000000000,1,0,14126,74890581,86.000000000,86.500000000,3,53,1,4,ESU6 P6500
2026-05-18T07:45:56.242406276Z,2026-05-18T07:45:56.241878329Z,1,1,42413475,T,A,0,72.750000000,3,0,13497,74891454,72.750000000,73.250000000,3,50,1,3,ESU6 P6350
2026-05-18T07:45:57.231354302Z,2026-05-18T07:45:57.168039259Z,1,1,42429284,T,A,0,96.500000000,3,0,14328,74895982,96.500000000,96.750000000,3,39,1,2,ESU6 P6600
2026-05-18T07:45:57.777216739Z,2026-05-18T07:45:57.773784991Z,1,1,42439351,T,A,0,86.000000000,1,0,13291,74899320,86.000000000,86.500000000,3,53,1,4,ESU6 P6500
2026-05-18T07:46:02.247718039Z,2026-05-18T07:46:02.246619049Z,1,1,42413475,T,A,0,72.750000000,3,0,12250,74906850,72.750000000,73.250000000,3,80,1,4,ESU6 P6350
2026-05-18T07:46:02.885712537Z,2026-05-18T07:46:02.885240081Z,1,1,42429284,T,A,0,96.500000000,3,0,12984,74908350,96.500000000,96.750000000,3,39,1,2,ESU6 P6600
2026-05-18T07:46:09.932372823Z,2026-05-18T07:46:09.929828009Z,1,1,42372981,T,A,0,2.150000000,2,0,13733,74933393,2.150000000,2.250000000,2,6,1,1,ESM6 C8000
2026-05-18T07:46:10.515993119Z,2026-05-18T07:46:10.457490101Z,1,1,42506289,T,A,0,81.250000000,3,0,11156,74936266,81.250000000,81.750000000,3,59,1,4,ESU6 P6450
2026-05-18T07:46:16.567501577Z,2026-05-18T07:46:16.565776339Z,1,1,42372981,T,A,0,2.150000000,1,0,13858,74974645,2.150000000,2.250000000,1,6,1,1,ESM6 C8000
2026-05-18T07:46:18.720576860Z,2026-05-18T07:46:18.720148453Z,1,1,42429284,T,A,0,96.500000000,4,0,14211,74984429,96.500000000,96.750000000,4,39,1,2,ESU6 P6600
2026-05-18T07:46:19.817524420Z,2026-05-18T07:46:19.791410573Z,1,1,42740173,T,A,0,111.500000000,4,0,14066,74987639,111.500000000,112.000000000,4,37,1,2,ESU6 P6725
2026-05-18T07:46:24.338635961Z,2026-05-18T07:46:24.338100641Z,1,1,42413476,T,A,0,77.000000000,4,0,16518,75000966,77.000000000,77.500000000,4,54,1,4,ESU6 P6400
2026-05-18T07:46:31.970364467Z,2026-05-18T07:46:31.966919623Z,1,1,42377530,T,A,0,122.000000000,4,0,14347,75021479,122.000000000,122.500000000,4,40,1,3,ESU6 P6800
2026-05-18T07:46:35.639310248Z,2026-05-18T07:46:35.612531721Z,1,1,42429284,T,A,0,96.750000000,4,0,14175,75029102,96.750000000,97.000000000,4,51,1,3,ESU6 P6600
2026-05-18T07:46:40.925528647Z,2026-05-18T07:46:40.916338253Z,1,1,42506289,T,A,0,81.500000000,4,0,15014,75053042,81.500000000,82.000000000,4,38,1,2,ESU6 P6450
2026-05-18T07:46:46.461190129Z,2026-05-18T07:46:46.336186593Z,1,1,42429284,T,A,0,96.750000000,4,0,12565,75068580,96.750000000,97.000000000,4,51,1,3,ESU6 P6600
2026-05-18T07:46:55.370054910Z,2026-05-18T07:46:55.369547277Z,1,1,42396832,T,A,0,102.500000000,6,0,14134,75083859,102.500000000,103.000000000,6,38,1,2,ESU6 P6650
2026-05-18T07:46:55.899452675Z,2026-05-18T07:46:55.899008429Z,1,1,42396832,T,A,0,102.500000000,6,0,13499,75084640,102.500000000,103.000000000,6,42,1,3,ESU6 P6650
2026-05-18T07:46:56.429573033Z,2026-05-18T07:46:56.428994465Z,1,1,42429284,T,A,0,96.750000000,1,0,12986,75086087,96.750000000,97.000000000,6,51,1,3,ESU6 P6600
2026-05-18T07:46:58.775176255Z,2026-05-18T07:46:58.580159783Z,1,1,42471229,T,A,0,281.500000000,6,0,11480,75091238,281.500000000,282.500000000,6,41,1,4,ESU6 C7450
2026-05-18T07:46:59.840490342Z,2026-05-18T07:46:59.653685693Z,1,1,42396832,T,A,0,102.500000000,1,0,14478,75113044,102.500000000,103.000000000,6,38,1,2,ESU6 P6650
2026-05-18T07:46:59.840723495Z,2026-05-18T07:46:59.654028145Z,1,1,42413475,T,A,0,73.000000000,6,0,11697,75113047,73.000000000,73.250000000,6,16,1,1,ESU6 P6350
2026-05-18T07:47:00.463177304Z,2026-05-18T07:47:00.435818987Z,1,1,42506289,T,A,0,81.500000000,6,0,14204,75126433,81.500000000,82.000000000,6,38,1,2,ESU6 P6450
2026-05-18T07:47:00.999567332Z,2026-05-18T07:47:00.998959909Z,1,1,42458398,T,A,0,377.000000000,6,0,11049,75130690,377.000000000,378.000000000,6,28,1,3,ESU6 C7300
2026-05-18T07:47:01.535757796Z,2026-05-18T07:47:01.530936849Z,1,1,42413476,T,A,0,77.000000000,3,0,14229,75136512,77.000000000,77.500000000,6,47,1,3,ESU6 P6400
2026-05-18T07:47:01.536281622Z,2026-05-18T07:47:01.531366069Z,1,1,42397650,T,A,0,599.500000000,6,0,12444,75136529,599.500000000,,6,0,1,0,ESU6 C7000
2026-05-18T07:47:02.066524803Z,2026-05-18T07:47:02.066057641Z,1,1,42458458,T,A,0,521.500000000,6,0,13301,75139102,521.500000000,522.500000000,6,16,1,3,ESU6 C7100
2026-05-18T07:47:02.597229604Z,2026-05-18T07:47:02.596815701Z,1,1,42397650,T,A,0,599.500000000,2,0,13949,75143369,599.500000000,602.000000000,6,1,1,1,ESU6 C7000
2026-05-18T07:47:03.225831131Z,2026-05-18T07:47:03.211722901Z,1,1,42458458,T,A,0,521.500000000,6,0,16190,75145581,521.500000000,522.500000000,6,16,1,3,ESU6 C7100
2026-05-18T07:47:05.117096918Z,2026-05-18T07:47:05.116666819Z,1,1,42458458,T,A,0,521.000000000,1,0,16644,75154400,521.000000000,522.500000000,6,16,1,3,ESU6 C7100
2026-05-18T07:47:06.002265291Z,2026-05-18T07:47:06.001767397Z,1,1,42458458,T,A,0,521.500000000,6,0,14081,75156743,521.500000000,522.500000000,6,16,1,3,ESU6 C7100
2026-05-18T07:47:06.532193238Z,2026-05-18T07:47:06.531652275Z,1,1,42377432,T,A,0,61.750000000,6,0,14371,75158503,61.750000000,62.500000000,6,97,1,5,ESU6 P6200
2026-05-18T07:47:07.062413232Z,2026-05-18T07:47:07.061970911Z,1,1,42439351,T,A,0,86.250000000,2,0,13488,75160086,86.250000000,86.750000000,6,40,1,3,ESU6 P6500
2026-05-18T07:47:07.062785502Z,2026-05-18T07:47:07.062417215Z,1,1,42439351,T,A,0,86.250000000,4,0,11836,75160091,86.250000000,86.750000000,4,40,1,3,ESU6 P6500
2026-05-18T07:47:07.592153217Z,2026-05-18T07:47:07.591772949Z,1,1,42506289,T,A,0,81.500000000,1,0,14509,75162212,81.500000000,82.000000000,6,69,1,4,ESU6 P6450
2026-05-18T07:47:07.592555166Z,2026-05-18T07:47:07.592157191Z,1,1,42506289,T,A,0,81.500000000,5,0,12255,75162224,81.500000000,82.000000000,5,69,1,4,ESU6 P6450
2026-05-18T07:47:08.123911804Z,2026-05-18T07:47:08.123277737Z,1,1,42478360,T,A,0,484.000000000,6,0,14006,75163386,484.000000000,485.000000000,6,18,1,3,ESU6 C7150
2026-05-18T07:47:09.090606514Z,2026-05-18T07:47:09.088782017Z,1,1,42396824,T,A,0,91.250000000,6,0,11236,75166786,91.250000000,91.750000000,6,40,1,2,ESU6 P6550
2026-05-18T07:47:10.585806545Z,2026-05-18T07:47:10.486835381Z,1,1,42439350,T,A,0,68.750000000,6,0,14117,75195880,68.750000000,69.500000000,6,89,1,5,ESU6 P6300
2026-05-18T07:47:11.114776578Z,2026-05-18T07:47:11.114302045Z,1,1,42458458,T,A,0,522.500000000,6,0,14520,75200815,522.500000000,546.500000000,6,6,1,1,ESU6 C7100
2026-05-18T07:47:11.644278531Z,2026-05-18T07:47:11.643760841Z,1,1,42429284,T,A,0,96.500000000,6,0,13695,75202766,96.500000000,97.000000000,6,63,1,4,ESU6 P6600
2026-05-18T07:47:12.185436521Z,2026-05-18T07:47:12.183770619Z,1,1,42413475,T,A,0,72.750000000,6,0,14210,75208479,72.750000000,73.500000000,6,73,1,3,ESU6 P6350
2026-05-18T07:47:13.440908238Z,2026-05-18T07:47:13.279199553Z,1,1,42506289,T,A,0,81.500000000,6,0,14179,75223905,81.500000000,82.000000000,6,6,1,1,ESU6 P6450
2026-05-18T07:47:13.970894073Z,2026-05-18T07:47:13.970412047Z,1,1,42450434,T,A,0,188.000000000,6,0,13731,75227731,188.000000000,188.500000000,6,24,1,3,ESU6 P7150
2026-05-18T07:47:14.501798441Z,2026-05-18T07:47:14.501214913Z,1,1,42506289,T,A,0,81.500000000,6,0,14771,75229121,81.500000000,82.000000000,6,37,1,3,ESU6 P6450
2026-05-18T07:47:15.030596348Z,2026-05-18T07:47:15.030143899Z,1,1,42450434,T,A,0,188.000000000,6,0,14417,75230803,188.000000000,188.500000000,6,24,1,3,ESU6 P7150
2026-05-18T07:47:15.560211803Z,2026-05-18T07:47:15.559707661Z,1,1,42506289,T,A,0,81.500000000,6,0,13646,75232793,81.500000000,82.000000000,6,37,1,3,ESU6 P6450
2026-05-18T07:47:16.089698286Z,2026-05-18T07:47:16.089209563Z,1,1,42450434,T,A,0,188.000000000,6,0,16332,75235275,188.000000000,188.500000000,6,24,1,3,ESU6 P7150
2026-05-18T07:47:16.618749207Z,2026-05-18T07:47:16.618312029Z,1,1,42506289,T,A,0,81.500000000,2,0,13893,75235990,81.500000000,82.000000000,6,37,1,3,ESU6 P6450
2026-05-18T07:47:16.619341612Z,2026-05-18T07:47:16.618753099Z,1,1,42506289,T,A,0,81.500000000,4,0,11447,75236000,81.500000000,82.000000000,4,37,1,3,ESU6 P6450
2026-05-18T07:47:17.256390766Z,2026-05-18T07:47:17.254121929Z,1,1,42506289,T,A,0,81.500000000,1,0,11113,75236487,81.500000000,82.000000000,6,37,1,3,ESU6 P6450
2026-05-18T07:47:17.256431870Z,2026-05-18T07:47:17.254207461Z,1,1,42439351,T,A,0,86.250000000,6,0,11454,75236491,86.250000000,86.750000000,6,65,1,4,ESU6 P6500
2026-05-18T07:47:17.783516046Z,2026-05-18T07:47:17.783137423Z,1,1,42506289,T,A,0,81.500000000,1,0,13727,75237967,81.500000000,82.000000000,6,37,1,3,ESU6 P6450
2026-05-18T07:47:17.783881287Z,2026-05-18T07:47:17.783519995Z,1,1,42506289,T,A,0,81.500000000,5,0,13584,75237978,81.500000000,82.000000000,5,37,1,3,ESU6 P6450
2026-05-18T07:49:18.352902750Z,2026-05-18T07:49:18.346173949Z,1,1,42458458,T,A,0,525.000000000,1,0,13996,75760552,525.000000000,526.000000000,1,16,1,3,ESU6 C7100
2026-05-18T07:49:43.901760833Z,2026-05-18T07:49:43.901255519Z,1,1,2501637,T,A,0,323.000000000,12,0,13550,18806249,323.000000000,324.000000000,125,61,1,4,UD:1V: GN 2501637
2026-05-18T07:53:26.601758934Z,2026-05-18T07:53:26.592642531Z,1,1,42384724,T,B,0,268.500000000,1,0,17579,76728496,267.000000000,268.500000000,7,7,2,2,ESM6 C7200
2026-05-18T07:55:30.975883170Z,2026-05-18T07:55:30.975350933Z,1,1,42804684,T,A,0,109.500000000,1,0,13522,77126602,109.500000000,110.500000000,39,33,3,2,ESM6 P7325
2026-05-18T07:55:44.805687302Z,2026-05-18T07:55:44.313048085Z,1,1,2501637,T,A,0,323.000000000,18,0,12972,19198448,323.000000000,324.000000000,113,44,1,2,UD:1V: GN 2501637
2026-05-18T07:55:59.251315508Z,2026-05-18T07:55:59.250675113Z,1,1,2501637,T,A,0,323.000000000,26,0,17244,19213629,323.000000000,324.000000000,95,86,1,5,UD:1V: GN 2501637
2026-05-18T07:55:59.984152896Z,2026-05-18T07:55:59.983562321Z,1,1,2501637,T,A,0,323.000000000,43,0,20623,19213914,323.000000000,324.000000000,69,86,1,5,UD:1V: GN 2501637
2026-05-18T07:55:59.984232936Z,2026-05-18T07:55:59.983572399Z,1,1,2501637,T,A,0,323.000000000,26,0,14583,19213915,323.000000000,324.000000000,26,86,1,5,UD:1V: GN 2501637
2026-05-18T07:56:01.017671619Z,2026-05-18T07:56:01.017174497Z,1,1,42804684,T,B,0,110.500000000,1,0,19686,77238376,109.000000000,110.500000000,55,39,6,3,ESM6 P7325
2026-05-18T07:56:28.887850843Z,2026-05-18T07:56:27.812594309Z,1,1,42506293,T,B,0,1490.000000000,1,0,14119,77361722,,1490.000000000,0,1,0,1,ESU6 C6000
2026-05-18T07:56:31.238771641Z,2026-05-18T07:56:30.901926583Z,1,1,42439347,T,A,0,49.500000000,1,0,12714,77396959,49.500000000,49.750000000,1,65,1,3,ESU6 P6000
2026-05-18T07:57:30.554602675Z,2026-05-18T07:57:30.497252143Z,1,1,42883177,T,A,0,215.000000000,1,0,13969,77738059,215.000000000,216.000000000,1,12,1,3,ESM6 C7275
2026-05-18T07:58:09.230114427Z,2026-05-18T07:58:09.229411789Z,1,1,42212269,T,A,0,3.750000000,1,0,13025,77874119,3.750000000,3.850000000,1,316,1,2,ESU6 C8900
2026-05-18T08:00:00.381987987Z,2026-05-18T08:00:00.024543647Z,1,1,42384724,T,B,0,271.500000000,5,0,11739,78196059,270.000000000,271.500000000,17,10,3,1,ESM6 C7200
2026-05-18T08:00:00.617910478Z,2026-05-18T08:00:00.139533269Z,1,1,42384724,T,B,0,271.500000000,2,0,14153,78200537,270.500000000,271.500000000,7,5,1,1,ESM6 C7200
2026-05-18T08:00:00.755829182Z,2026-05-18T08:00:00.322309007Z,1,1,42384724,T,B,0,271.500000000,1,0,13365,78203300,270.500000000,271.500000000,7,3,1,1,ESM6 C7200
2026-05-18T08:00:00.757883899Z,2026-05-18T08:00:00.322410129Z,1,1,42384724,T,B,0,271.500000000,2,0,13424,78203334,270.500000000,271.500000000,7,2,1,1,ESM6 C7200
2026-05-18T08:00:14.386469276Z,2026-05-18T08:00:14.385969555Z,1,1,2502637,T,A,0,34.750000000,1,0,13806,19554858,34.750000000,35.000000000,1,328,1,5,UD:1V: IC 2502637
2026-05-18T08:00:42.138947857Z,2026-05-18T08:00:42.137692375Z,1,1,42366511,T,A,0,47.000000000,2,0,14096,78492679,47.000000000,47.250000000,2,46,1,3,ESM6 C7600
2026-05-18T08:00:58.146518997Z,2026-05-18T08:00:58.144559457Z,1,1,300898,T,B,0,150.000000000,1,0,13971,78547396,149.500000000,150.000000000,31,1,1,1,ESZ6 P6500
2026-05-18T08:01:55.000663076Z,2026-05-18T08:01:55.000250905Z,1,1,42394770,T,A,0,11.900000000,5,0,15234,78788987,11.900000000,12.000000000,5,6,1,1,ESM6 P6450
2026-05-18T08:03:37.333208035Z,2026-05-18T08:03:37.304764219Z,1,1,42384731,T,A,0,98.500000000,1,0,13327,79234636,98.500000000,99.000000000,1,39,1,4,ESM6 P7300
2026-05-18T08:04:52.310240881Z,2026-05-18T08:04:52.055585933Z,1,1,42366513,T,A,0,132.500000000,1,0,12935,79525377,132.500000000,135.000000000,1,7,1,1,ESM6 P7400
2026-05-18T08:05:02.586950632Z,2026-05-18T08:05:02.369867141Z,1,1,42396824,T,A,0,89.000000000,8,0,15149,79595744,89.000000000,89.250000000,8,13,1,1,ESU6 P6550
2026-05-18T08:05:14.039016390Z,2026-05-18T08:05:14.036947071Z,1,1,42396824,T,A,0,88.750000000,7,0,11198,79664356,88.750000000,89.250000000,7,12,1,2,ESU6 P6550
2026-05-18T08:05:24.526724822Z,2026-05-18T08:05:24.526156215Z,1,1,2502706,T,A,0,55.500000000,3,0,14458,19995634,55.500000000,,3,0,1,0,UD:1V: RR 2502706
2026-05-18T08:05:35.681924076Z,2026-05-18T08:05:35.453527545Z,1,1,42396824,T,A,0,89.000000000,6,0,11627,79748931,89.000000000,89.250000000,6,6,2,1,ESU6 P6550
2026-05-18T08:05:48.882483921Z,2026-05-18T08:05:48.882159421Z,1,1,42394733,T,A,0,2.400000000,40,0,13839,79826667,2.400000000,2.500000000,40,489,1,4,ESM6 P5300
2026-05-18T08:05:57.221433593Z,2026-05-18T08:05:57.165047549Z,1,1,42394812,T,B,0,24.250000000,10,0,14140,79852733,23.750000000,24.250000000,94,10,4,1,ESM6 P6800
2026-05-18T08:05:59.474056785Z,2026-05-18T08:05:59.470425123Z,1,1,42396824,T,A,0,89.000000000,1,0,13532,79865198,89.000000000,89.500000000,1,46,1,3,ESU6 P6550
2026-05-18T08:06:02.437871191Z,2026-05-18T08:06:02.381099873Z,1,1,42366513,T,A,0,132.000000000,1,0,14753,79891406,132.000000000,133.000000000,1,39,1,4,ESM6 P7400
2026-05-18T08:08:09.699680564Z,2026-05-18T08:08:09.699297157Z,1,1,42384725,T,B,0,137.000000000,1,0,13530,80388815,136.500000000,137.000000000,31,1,5,1,ESM6 C7400
2026-05-18T08:08:22.527901444Z,2026-05-18T08:08:22.303480505Z,1,1,42510079,T,B,0,168.500000000,1,0,11875,80423549,167.500000000,168.500000000,20,1,2,1,ESM6 C7350
2026-05-18T08:17:27.197831295Z,2026-05-18T08:17:27.197284839Z,1,1,2502890,T,B,0,0.600000000,1,0,13485,20747592,0.350000000,0.600000000,233,1,2,1,UD:1V: 23 2502890
2026-05-18T08:17:48.798372126Z,2026-05-18T08:17:48.797948107Z,1,1,42409672,T,A,0,5.200000000,1,0,16823,82199213,5.200000000,5.300000000,1,442,1,4,ESM6 P5900
2026-05-18T08:18:45.959296147Z,2026-05-18T08:18:45.958698103Z,1,1,2502595,T,A,0,11.700000000,88,0,13964,20803429,11.700000000,11.800000000,300,950,1,7,UD:1V: VT 2502595
2026-05-18T08:18:45.959330820Z,2026-05-18T08:18:45.958698281Z,1,1,2502595,T,A,0,11.700000000,104,0,12275,20803430,11.700000000,11.800000000,212,950,1,7,UD:1V: VT 2502595
2026-05-18T08:18:48.669454004Z,2026-05-18T08:18:48.624309071Z,1,1,2502595,T,A,0,11.700000000,108,0,14341,20805895,11.700000000,11.800000000,108,379,1,5,UD:1V: VT 2502595
2026-05-18T08:19:28.989837148Z,2026-05-18T08:19:28.989472615Z,1,1,42366512,T,B,0,3.900000000,1,0,13114,82453028,3.800000000,3.900000000,159,1,2,1,ESM6 P5700
2026-05-18T08:20:12.241494635Z,2026-05-18T08:20:12.216107591Z,1,1,42696853,T,A,0,40.250000000,1,0,13938,82569420,40.250000000,40.750000000,1,49,1,3,ESM6 C7625
2026-05-18T08:21:19.233130470Z,2026-05-18T08:21:19.232633017Z,1,1,42366512,T,B,0,3.900000000,1,0,14208,82832926,3.800000000,3.900000000,159,1,2,1,ESM6 P5700
2026-05-18T08:22:56.476417619Z,2026-05-18T08:22:56.468289247Z,1,1,2502857,T,A,0,-0.750000000,1,0,13538,21038233,-0.750000000,-0.350000000,1,42,1,2,UD:1V: 12 2502857
2026-05-18T08:26:25.378235863Z,2026-05-18T08:26:25.165309949Z,1,1,42600607,T,A,0,236.000000000,1,0,11300,83735323,236.000000000,237.000000000,1,22,1,1,ESH7 C8100
2026-05-18T08:27:18.011458969Z,2026-05-18T08:27:18.011177917Z,1,1,42394740,T,B,0,2.050000000,1,0,16146,83867839,2.000000000,2.050000000,35,1,2,1,ESM6 P5200
2026-05-18T08:27:42.017696150Z,2026-05-18T08:27:42.017289477Z,1,1,42372981,T,A,0,2.450000000,1,0,16425,83929717,2.450000000,2.500000000,1,38,1,2,ESM6 C8000
2026-05-18T08:28:15.334170939Z,2026-05-18T08:28:15.333535789Z,1,1,2501637,T,A,0,321.000000000,144,0,14108,21310891,321.000000000,322.000000000,144,81,1,5,UD:1V: GN 2501637
2026-05-18T08:28:21.386558391Z,2026-05-18T08:28:21.386046239Z,1,1,42372981,T,A,0,2.400000000,1,0,11635,84013419,2.400000000,2.500000000,1,39,1,2,ESM6 C8000
2026-05-18T08:28:27.143801458Z,2026-05-18T08:28:26.961043701Z,1,1,42384731,T,A,0,94.500000000,1,0,11060,84036107,94.500000000,95.000000000,1,35,1,3,ESM6 P7300
2026-05-18T08:28:27.144823171Z,2026-05-18T08:28:26.961058047Z,1,1,42450434,T,A,0,181.000000000,13,0,11455,84036139,181.000000000,182.000000000,13,40,2,3,ESU6 P7150
2026-05-18T08:28:30.329640745Z,2026-05-18T08:28:30.327843615Z,1,1,42450434,T,A,0,181.000000000,7,0,12837,84050176,181.000000000,182.000000000,7,43,1,4,ESU6 P7150
2026-05-18T08:28:33.328997494Z,2026-05-18T08:28:33.277636759Z,1,1,2501637,T,A,0,320.500000000,102,0,26103,21330349,320.500000000,321.000000000,155,101,2,2,UD:1V: GN 2501637
2026-05-18T08:28:37.135723551Z,2026-05-18T08:28:37.106949327Z,1,1,42899801,T,B,0,119.000000000,8,0,11109,84081718,118.500000000,119.000000000,27,8,3,1,ESM6 P7375
2026-05-18T08:28:56.155199532Z,2026-05-18T08:28:56.122762237Z,1,1,42672421,T,B,0,170.500000000,1,0,13222,84160088,169.500000000,170.500000000,26,1,1,1,ESH7 C8300
2026-05-18T08:29:25.886178919Z,2026-05-18T08:29:25.885751595Z,1,1,42372981,T,A,0,2.450000000,1,0,12979,84285628,2.450000000,2.500000000,1,39,1,2,ESM6 C8000
2026-05-18T08:30:28.209451059Z,2026-05-18T08:30:28.201650663Z,1,1,42372981,T,A,0,2.400000000,2,0,14068,84549683,2.400000000,2.500000000,2,39,1,2,ESM6 C8000
2026-05-18T08:31:16.569548158Z,2026-05-18T08:31:16.569163889Z,1,1,42366513,T,A,0,129.500000000,1,0,14022,84716415,129.500000000,130.000000000,1,48,1,5,ESM6 P7400
2026-05-18T08:31:25.980921059Z,2026-05-18T08:31:25.980567731Z,1,1,42893451,T,B,0,6.400000000,1,0,16268,84739794,6.100000000,6.400000000,70,6,2,1,ESM6 C7875
2026-05-18T08:31:31.502858556Z,2026-05-18T08:31:31.502432333Z,1,1,42366513,T,A,0,129.000000000,1,0,12874,84778069,129.000000000,129.500000000,1,30,1,3,ESM6 P7400
2026-05-18T08:32:14.094136630Z,2026-05-18T08:32:14.046637209Z,1,1,2501638,T,B,0,88.500000000,6,0,17357,21605376,88.250000000,88.500000000,6,6,1,1,UD:1V:CVT 2501638
2026-05-18T08:32:47.747386575Z,2026-05-18T08:32:47.692144139Z,1,1,42516900,T,A,0,110.000000000,1,0,12048,85042954,110.000000000,110.500000000,1,38,1,3,ESM6 P7350
2026-05-18T08:33:05.579412519Z,2026-05-18T08:33:04.950140093Z,1,1,42378374,T,A,0,69.250000000,1,0,12648,85146726,69.250000000,70.000000000,26,40,1,2,ESM6 P7200
2026-05-18T08:33:36.136003620Z,2026-05-18T08:33:36.118750329Z,1,1,42429065,T,A,0,34.000000000,18,0,13375,85291623,34.000000000,34.500000000,32,68,1,4,ESM6 P6950
2026-05-18T08:33:36.148918519Z,2026-05-18T08:33:36.136174395Z,1,1,42429065,T,A,0,34.000000000,14,0,13682,85291893,34.000000000,34.500000000,14,68,1,4,ESM6 P6950
2026-05-18T08:34:08.766850097Z,2026-05-18T08:34:08.766522717Z,1,1,42372981,T,A,0,2.500000000,5,0,13626,85417379,2.500000000,2.550000000,5,38,1,2,ESM6 C8000
2026-05-18T08:34:27.927111899Z,2026-05-18T08:34:27.720998463Z,1,1,42372981,T,A,0,2.450000000,1,0,11002,85478307,2.450000000,2.550000000,1,36,1,2,ESM6 C8000
2026-05-18T08:34:27.954506337Z,2026-05-18T08:34:27.722618347Z,1,1,42320751,T,B,0,80.750000000,1,0,12085,85479314,80.250000000,80.750000000,24,11,1,2,ESM6 P7250
2026-05-18T08:35:31.278624875Z,2026-05-18T08:35:31.275447823Z,1,1,42372981,T,A,0,2.400000000,5,0,13546,85689329,2.400000000,2.550000000,5,36,1,2,ESM6 C8000
2026-05-18T08:36:10.829891252Z,2026-05-18T08:36:10.428527055Z,1,1,2672553,T,A,0,89.000000000,1,0,14823,21902607,89.000000000,90.750000000,1,16,1,1,UD:1V: VT 2672553
2026-05-18T08:41:18.345302476Z,2026-05-18T08:41:18.342596647Z,1,1,4110424,T,B,0,163.000000000,1,0,14010,86621719,162.500000000,163.000000000,30,1,1,1,ESZ6 P6600
2026-05-18T08:42:06.233766843Z,2026-05-18T08:42:06.225281149Z,1,1,42366513,T,B,0,130.500000000,2,0,11564,86755986,130.000000000,130.500000000,43,2,5,1,ESM6 P7400
2026-05-18T08:42:18.115590588Z,2026-05-18T08:42:18.112546763Z,1,1,42366513,T,B,0,131.000000000,2,0,14072,86788945,130.500000000,131.000000000,47,2,5,1,ESM6 P7400
2026-05-18T08:42:20.477199929Z,2026-05-18T08:42:20.476657461Z,1,1,42372981,T,A,0,2.350000000,1,0,13899,86792806,2.350000000,2.500000000,1,370,1,4,ESM6 C8000
2026-05-18T08:43:49.670760676Z,2026-05-18T08:43:49.670399779Z,1,1,42672421,T,A,0,168.500000000,1,0,13114,86933044,168.500000000,169.500000000,1,26,1,1,ESH7 C8300
2026-05-18T08:44:32.539583838Z,2026-05-18T08:44:32.506783449Z,1,1,42636155,T,B,0,153.000000000,1,0,11157,87008690,152.000000000,153.000000000,26,1,1,1,ESZ6 C8050
2026-05-18T08:44:39.582161073Z,2026-05-18T08:44:39.572966003Z,1,1,42372979,T,B,0,204.000000000,2,0,14291,87031616,203.000000000,204.000000000,7,7,2,2,ESM6 C7300
2026-05-18T08:44:54.297422628Z,2026-05-18T08:44:54.285727631Z,1,1,42384755,T,A,0,178.000000000,2,0,14042,87048105,178.000000000,178.500000000,2,1,1,1,ESM6 P7500
2026-05-18T08:46:14.128905676Z,2026-05-18T08:46:14.128216291Z,1,1,42384731,T,A,0,95.250000000,1,0,15305,87207721,95.250000000,96.000000000,30,53,3,5,ESM6 P7300
2026-05-18T08:47:35.278172150Z,2026-05-18T08:47:35.277769899Z,1,1,42378547,T,B,0,30.750000000,1,0,13660,87390023,30.500000000,30.750000000,280,1,4,1,ESU6 P5550
2026-05-18T08:49:43.681244667Z,2026-05-18T08:49:43.528206395Z,1,1,42366511,T,B,0,49.250000000,1,0,13213,87691841,48.250000000,49.250000000,48,60,3,4,ESM6 C7600
2026-05-18T08:50:14.563468559Z,2026-05-18T08:50:14.389808749Z,1,1,42429363,T,A,0,194.000000000,6,0,14550,87758134,194.000000000,195.000000000,6,53,1,4,ESU6 P7200
2026-05-18T08:50:17.346047540Z,2026-05-18T08:50:17.230336601Z,1,1,42450434,T,A,0,181.500000000,6,0,13066,87776304,181.500000000,182.500000000,6,39,1,3,ESU6 P7150
2026-05-18T08:50:42.994417231Z,2026-05-18T08:50:42.994039381Z,1,1,42394825,T,A,0,1.300000000,6,0,13265,87867660,1.300000000,1.400000000,6,341,1,3,ESM6 C8100
2026-05-18T08:51:32.853887240Z,2026-05-18T08:51:32.567848201Z,1,1,42366513,T,A,0,128.000000000,1,0,11398,88037433,128.000000000,129.000000000,1,32,1,2,ESM6 P7400
2026-05-18T08:51:58.397961156Z,2026-05-18T08:51:58.397525467Z,1,1,42372981,T,B,0,2.550000000,3,0,13346,88137479,2.350000000,2.550000000,116,6,3,1,ESM6 C8000
2026-05-18T08:52:54.567864791Z,2026-05-18T08:52:54.567386697Z,1,1,2502788,T,B,0,-10.000000000,10,0,14230,22665405,-11.000000000,-10.000000000,22,10,3,1,UD:1V: 13 2502788
2026-05-18T08:53:44.567590943Z,2026-05-18T08:53:44.473876723Z,1,1,2503281,T,A,0,101.000000000,5,0,13267,22716036,101.000000000,101.500000000,5,12,1,2,UD:1V: 23 2503281
2026-05-18T08:53:50.040730583Z,2026-05-18T08:53:50.026793379Z,1,1,42465600,T,A,0,272.500000000,6,0,13548,88412047,272.500000000,273.500000000,6,24,1,2,ESU6 P7450
2026-05-18T08:53:51.159151920Z,2026-05-18T08:53:51.105958697Z,1,1,42450434,T,A,0,180.500000000,32,0,16034,88414101,180.500000000,181.500000000,32,31,3,3,ESU6 P7150
2026-05-18T08:54:11.235691289Z,2026-05-18T08:54:11.235060999Z,1,1,2503281,T,A,0,101.000000000,45,0,12773,22736483,101.000000000,102.000000000,5,62,1,5,UD:1V: 23 2503281
2026-05-18T08:54:13.476384407Z,2026-05-18T08:54:13.475952893Z,1,1,42378450,T,B,0,7.000000000,1,0,13224,88489354,6.900000000,7.000000000,146,68,3,1,ESM6 P6150
2026-05-18T08:54:42.310551523Z,2026-05-18T08:54:42.310179751Z,1,1,42378450,T,B,0,7.000000000,1,0,13129,88562918,6.900000000,7.000000000,146,67,3,1,ESM6 P6150
2026-05-18T08:54:42.310577979Z,2026-05-18T08:54:42.310179927Z,1,1,42378450,T,B,0,7.000000000,1,0,13083,88562919,6.900000000,7.000000000,146,66,3,1,ESM6 P6150
2026-05-18T08:54:42.310577979Z,2026-05-18T08:54:42.310180107Z,1,1,42378450,T,B,0,7.000000000,34,0,13083,88562919,6.900000000,7.000000000,146,65,3,1,ESM6 P6150
2026-05-18T08:54:47.071375878Z,2026-05-18T08:54:47.070990375Z,1,1,42378450,T,B,0,7.000000000,1,0,11411,88567875,6.900000000,7.000000000,243,31,4,1,ESM6 P6150
2026-05-18T08:55:35.014200591Z,2026-05-18T08:55:35.013752033Z,1,1,42399646,T,A,0,25.750000000,20,0,22061,88690603,25.750000000,26.000000000,20,43,1,3,ESM6 C7700
2026-05-18T08:55:55.739368071Z,2026-05-18T08:55:55.738959757Z,1,1,42372981,T,B,0,2.400000000,12,0,13181,88724262,2.350000000,2.400000000,115,20,3,1,ESM6 C8000
2026-05-18T08:56:19.558693829Z,2026-05-18T08:56:19.558356067Z,1,1,42394812,T,A,0,23.750000000,20,0,15381,88776154,23.750000000,24.000000000,20,96,1,4,ESM6 P6800
2026-05-18T08:56:22.377228344Z,2026-05-18T08:56:22.376890481Z,1,1,42378450,T,B,0,7.000000000,4,0,13904,88784436,6.900000000,7.000000000,170,4,4,1,ESM6 P6150
2026-05-18T08:56:33.386639628Z,2026-05-18T08:56:33.332340733Z,1,1,42372981,T,B,0,2.400000000,8,0,12877,88815974,2.350000000,2.400000000,106,8,2,1,ESM6 C8000
2026-05-18T08:56:44.078684759Z,2026-05-18T08:56:44.024525931Z,1,1,42404370,T,B,0,10.300000000,20,0,13046,88848621,10.200000000,10.300000000,38,20,3,1,ESM6 P6400
2026-05-18T08:57:51.488802295Z,2026-05-18T08:57:51.488397853Z,1,1,42804679,T,A,0,3.400000000,42,0,16199,88961404,3.400000000,3.450000000,42,461,1,4,ESM6 P5575
2026-05-18T08:58:27.009300255Z,2026-05-18T08:58:27.008442873Z,1,1,42378618,T,A,0,30.250000000,1,0,14445,89014313,30.250000000,30.750000000,1,76,1,4,ESM6 P6900
2026-05-18T09:00:11.452602516Z,2026-05-18T09:00:11.391537775Z,1,1,42404374,T,A,0,39.250000000,1,0,12829,89229964,39.250000000,39.750000000,1,63,1,4,ESM6 P7000
2026-05-18T09:00:22.223598259Z,2026-05-18T09:00:22.223231681Z,1,1,42378450,T,B,0,7.000000000,3,0,13391,89277023,6.900000000,7.000000000,33,3,3,1,ESM6 P6150
2026-05-18T09:02:26.395091273Z,2026-05-18T09:02:26.394823799Z,1,1,42804679,T,A,0,3.400000000,3,0,13219,89628395,3.400000000,3.450000000,3,461,1,4,ESM6 P5575
2026-05-18T09:02:47.408286236Z,2026-05-18T09:02:47.052831429Z,1,1,42378346,T,A,0,88.000000000,1,0,13006,89689017,88.000000000,88.500000000,1,19,1,1,ESM6 C7500
2026-05-18T09:06:40.853359928Z,2026-05-18T09:06:40.853015757Z,1,1,42378374,T,A,0,71.000000000,1,0,18798,90286918,71.000000000,71.250000000,1,63,1,5,ESM6 P7200
2026-05-18T09:11:14.785397156Z,2026-05-18T09:11:14.784997545Z,1,1,42372981,T,A,0,2.400000000,10,0,17880,90851380,2.400000000,2.500000000,10,372,1,4,ESM6 C8000
2026-05-18T09:12:48.602868385Z,2026-05-18T09:12:48.602442895Z,1,1,42372949,T,B,0,630.000000000,1,0,13788,91013734,622.000000000,630.000000000,1,1,1,1,ESM6 C6800
2026-05-18T09:13:59.025313079Z,2026-05-18T09:13:59.024916329Z,1,1,42397650,T,A,0,620.000000000,1,0,14247,91093504,620.000000000,634.000000000,1,1,1,1,ESU6 C7000
2026-05-18T09:14:24.440706367Z,2026-05-18T09:14:24.440156003Z,1,1,2500870,T,A,0,31.750000000,150,0,13260,23557921,31.750000000,32.250000000,150,53,1,2,UD:1V: GN 2500870
2026-05-18T09:14:32.601008235Z,2026-05-18T09:14:32.600504761Z,1,1,2500870,T,A,0,31.750000000,150,0,12936,23561361,31.750000000,32.250000000,150,295,1,4,UD:1V: GN 2500870
2026-05-18T09:14:55.130378207Z,2026-05-18T09:14:55.078968901Z,1,1,42384729,T,A,0,5.000000000,10,0,14157,91158044,5.000000000,5.300000000,10,315,1,4,ESM6 C7900
2026-05-18T09:15:43.559948596Z,2026-05-18T09:15:43.559541729Z,1,1,42378346,T,B,0,86.500000000,2,0,13330,91258453,85.500000000,86.500000000,44,44,4,4,ESM6 C7500
2026-05-18T09:23:20.835944866Z,2026-05-18T09:23:20.822044437Z,1,1,42439350,T,A,0,66.500000000,3,0,11594,92165710,66.500000000,67.000000000,5,30,1,3,ESU6 P6300
2026-05-18T09:23:21.000094790Z,2026-05-18T09:23:20.998862563Z,1,1,42439350,T,A,0,66.500000000,1,0,13685,92166443,66.500000000,67.000000000,2,30,1,3,ESU6 P6300
2026-05-18T09:23:21.003204585Z,2026-05-18T09:23:20.999083487Z,1,1,42439350,T,A,0,66.500000000,1,0,13974,92166509,66.500000000,67.000000000,1,30,1,3,ESU6 P6300
2026-05-18T09:24:49.262937487Z,2026-05-18T09:24:49.224768569Z,1,1,42760607,T,B,0,37.500000000,1,0,13559,92322777,37.250000000,37.500000000,62,1,3,1,ESM6 P6975
2026-05-18T09:25:29.444753457Z,2026-05-18T09:25:29.421124779Z,1,1,42366513,T,B,0,130.500000000,1,0,14115,92413408,130.000000000,130.500000000,50,1,6,1,ESM6 P7400
2026-05-18T09:26:05.070289033Z,2026-05-18T09:26:05.058515359Z,1,1,42399646,T,A,0,24.250000000,1,0,13368,92477456,24.250000000,24.500000000,1,46,1,3,ESM6 C7700
2026-05-18T09:26:22.020761724Z,2026-05-18T09:26:22.020388113Z,1,1,2670484,T,B,0,5.100000000,1,0,14729,24018544,4.900000000,5.100000000,692,490,4,4,UD:1V: VT 2670484
2026-05-18T09:26:47.870492006Z,2026-05-18T09:26:47.815133169Z,1,1,42366523,T,B,0,54.000000000,1,0,12180,92556966,53.750000000,54.000000000,11,1,2,1,ESM6 P7100
2026-05-18T09:27:56.991046235Z,2026-05-18T09:27:56.990546903Z,1,1,2503694,T,A,0,37.750000000,10,0,15672,24092630,37.750000000,38.000000000,10,153,1,4,UD:1V: BO 2503694
2026-05-18T09:28:00.529454371Z,2026-05-18T09:28:00.529109057Z,1,1,42439350,T,A,0,67.250000000,5,0,12890,92734458,67.250000000,67.500000000,5,53,1,3,ESU6 P6300
2026-05-18T09:28:10.866895913Z,2026-05-18T09:28:10.866127817Z,1,1,42366511,T,B,0,47.500000000,1,0,13668,92750044,47.250000000,47.500000000,35,1,4,1,ESM6 C7600
2026-05-18T09:28:49.718429388Z,2026-05-18T09:28:49.718057691Z,1,1,42372969,T,B,0,445.000000000,1,0,14079,92833215,444.000000000,445.000000000,1,1,1,1,ESM6 C7000
2026-05-18T09:29:56.070904862Z,2026-05-18T09:29:56.070526171Z,1,1,42397650,T,A,0,613.000000000,1,0,13648,92969471,613.000000000,620.000000000,1,7,1,2,ESU6 C7000
2026-05-18T09:35:00.831487737Z,2026-05-18T09:35:00.828857757Z,1,1,42804683,T,A,0,76.500000000,10,0,13589,93673343,76.500000000,77.000000000,10,57,1,4,ESM6 P7225
2026-05-18T09:44:33.290675316Z,2026-05-18T09:44:33.290287347Z,1,1,42372969,T,B,0,450.000000000,1,0,13523,94771787,447.000000000,450.000000000,1,1,1,1,ESM6 C7000
2026-05-18T09:45:11.358628695Z,2026-05-18T09:45:11.358231515Z,1,1,42378618,T,B,0,30.500000000,1,0,16367,94853856,30.000000000,30.500000000,87,1,5,1,ESM6 P6900
2026-05-18T09:45:57.052046735Z,2026-05-18T09:45:57.051616511Z,1,1,42397650,T,A,0,615.000000000,1,0,14119,95024252,615.000000000,626.500000000,1,1,1,1,ESU6 C7000
2026-05-18T09:54:50.197867847Z,2026-05-18T09:54:50.178903503Z,1,1,2673772,T,B,0,133.500000000,1,0,11282,25293266,131.000000000,133.500000000,7,1,1,1,UD:1V: VT 2673772
2026-05-18T09:57:54.505319850Z,2026-05-18T09:57:54.504926265Z,1,1,42212203,T,A,0,240.500000000,10,0,14295,96899122,240.500000000,241.000000000,10,24,1,5,ESM6 C7250
2026-05-18T10:03:29.148839198Z,2026-05-18T10:03:29.142081589Z,1,1,42378373,T,B,0,4.350000000,1,0,13284,97760192,4.250000000,4.350000000,192,1,3,1,ESM6 P5750
2026-05-18T10:06:16.125019315Z,2026-05-18T10:06:16.105903867Z,1,1,42384731,T,A,0,99.750000000,1,0,13680,98506775,99.750000000,100.500000000,1,37,1,4,ESM6 P7300
2026-05-18T10:07:04.402036340Z,2026-05-18T10:07:04.401625683Z,1,1,42378346,T,A,0,82.250000000,1,0,17012,98709684,82.250000000,83.000000000,30,20,4,1,ESM6 C7500
2026-05-18T10:07:25.286953836Z,2026-05-18T10:07:25.286391291Z,1,1,42330564,T,A,0,244.500000000,6,0,12952,98759709,244.500000000,245.500000000,20,29,1,3,ESZ6 C7800
2026-05-18T10:08:16.697882376Z,2026-05-18T10:08:16.496155223Z,1,1,42330564,T,A,0,244.500000000,14,0,14052,98941783,244.500000000,245.500000000,14,27,1,2,ESZ6 C7800
2026-05-18T10:09:11.054964031Z,2026-05-18T10:09:11.054517633Z,1,1,42696853,T,B,0,39.000000000,1,0,12840,99114756,38.750000000,39.000000000,30,1,3,1,ESM6 C7625
2026-05-18T10:09:25.442481527Z,2026-05-18T10:09:25.441983677Z,1,1,2673772,T,A,0,138.000000000,1,0,13454,26201976,138.000000000,139.000000000,1,19,1,2,UD:1V: VT 2673772
2026-05-18T10:09:52.645084479Z,2026-05-18T10:09:52.508827863Z,1,1,42804683,T,B,0,81.000000000,5,0,13848,99259474,80.500000000,81.000000000,24,5,1,1,ESM6 P7225
2026-05-18T10:12:00.379773175Z,2026-05-18T10:12:00.377565031Z,1,1,42384731,T,B,0,99.250000000,1,0,15289,99621116,99.000000000,99.250000000,23,1,3,1,ESM6 P7300
2026-05-18T10:12:47.073789567Z,2026-05-18T10:12:46.835269081Z,1,1,42804683,T,A,0,79.250000000,5,0,15492,99748059,79.250000000,79.750000000,5,55,1,4,ESM6 P7225
2026-05-18T10:15:27.933632436Z,2026-05-18T10:15:27.933253379Z,1,1,42378346,T,A,0,83.500000000,1,0,13688,100171485,83.500000000,83.750000000,1,34,1,2,ESM6 C7500
2026-05-18T10:15:41.012949271Z,2026-05-18T10:15:41.012547059Z,1,1,42384731,T,B,0,99.000000000,6,0,14373,100204182,98.500000000,99.000000000,44,6,4,1,ESM6 P7300
2026-05-18T10:15:42.122339763Z,2026-05-18T10:15:42.121949079Z,1,1,42397930,T,A,0,11.400000000,1,0,13974,100206453,11.400000000,11.600000000,1,271,1,2,ESU6 P4300
2026-05-18T10:16:55.316147231Z,2026-05-18T10:16:55.315771737Z,1,1,42366513,T,A,0,134.500000000,5,0,13286,100436075,134.500000000,135.000000000,5,51,1,5,ESM6 P7400
2026-05-18T10:22:05.490756136Z,2026-05-18T10:22:05.490171981Z,1,1,42378346,T,B,0,84.750000000,2,0,13402,101073838,84.000000000,84.750000000,33,20,4,1,ESM6 C7500
2026-05-18T10:23:11.029552542Z,2026-05-18T10:23:11.028251375Z,1,1,42378346,T,A,0,84.000000000,1,0,13516,101179557,84.000000000,84.250000000,1,20,1,1,ESM6 C7500
2026-05-18T10:27:01.909801190Z,2026-05-18T10:27:01.660570583Z,1,1,42560128,T,A,0,73.500000000,14,0,12201,101533044,73.500000000,74.000000000,14,37,2,2,ESM6 C7525
2026-05-18T10:27:29.702577975Z,2026-05-18T10:27:29.701914965Z,1,1,2672575,T,A,0,8.900000000,78,0,13485,26981302,8.900000000,9.100000000,241,363,2,3,UD:1V: VT 2672575
2026-05-18T10:27:29.702748598Z,2026-05-18T10:27:29.702417195Z,1,1,2672575,T,A,0,8.900000000,91,0,13919,26981304,8.900000000,9.100000000,163,363,1,3,UD:1V: VT 2672575
2026-05-18T10:27:29.703078840Z,2026-05-18T10:27:29.702782749Z,1,1,2672575,T,A,0,8.900000000,1,0,13388,26981307,8.900000000,9.100000000,72,363,1,3,UD:1V: VT 2672575
2026-05-18T10:32:40.033466721Z,2026-05-18T10:32:39.787507571Z,1,1,42320751,T,A,0,86.000000000,1,0,11645,102339472,86.000000000,86.500000000,1,23,1,1,ESM6 P7250
2026-05-18T10:33:08.439902135Z,2026-05-18T10:33:08.437455791Z,1,1,2504999,T,A,0,94.500000000,1,0,13920,27241200,94.500000000,95.000000000,100,35,1,2,UD:1V: GN 2504999
2026-05-18T10:34:32.742906247Z,2026-05-18T10:34:32.742295663Z,1,1,2504999,T,A,0,94.500000000,1,0,19628,27326649,94.500000000,95.250000000,99,42,1,2,UD:1V: GN 2504999
2026-05-18T10:34:40.750382761Z,2026-05-18T10:34:40.749742171Z,1,1,2504999,T,A,0,94.500000000,2,0,13846,27341174,94.500000000,95.250000000,98,160,1,4,UD:1V: GN 2504999
2026-05-18T10:35:45.628002267Z,2026-05-18T10:35:45.625133149Z,1,1,42399706,T,B,0,20.250000000,3,0,16007,102986529,19.900000000,20.250000000,98,3,4,1,ESM6 P6700
2026-05-18T10:35:47.600629001Z,2026-05-18T10:35:47.524123597Z,1,1,42919950,T,B,0,52.750000000,3,0,11256,102996235,52.250000000,52.750000000,50,3,3,1,ESM6 P7075
2026-05-18T10:36:09.899936315Z,2026-05-18T10:36:09.898083781Z,1,1,42919949,T,B,0,27.000000000,3,0,14597,103059611,26.750000000,27.000000000,49,3,2,1,ESM6 P6825
2026-05-18T10:36:10.497424559Z,2026-05-18T10:36:10.496670101Z,1,1,42300184,T,B,0,28.750000000,3,0,13988,103061545,28.250000000,28.750000000,63,3,4,1,ESM6 P6850
2026-05-18T10:36:11.859075763Z,2026-05-18T10:36:11.848137897Z,1,1,42919949,T,B,0,27.000000000,3,0,11559,103063061,26.750000000,27.000000000,56,3,3,1,ESM6 P6825
2026-05-18T10:36:13.948526686Z,2026-05-18T10:36:13.947881319Z,1,1,42394804,T,B,0,14.800000000,3,0,13144,103076085,14.700000000,14.800000000,7,3,2,1,ESM6 P6550
2026-05-18T10:36:20.373712631Z,2026-05-18T10:36:20.371106549Z,1,1,42919949,T,B,0,27.000000000,3,0,15409,103091602,26.500000000,27.000000000,71,3,4,1,ESM6 P6825
2026-05-18T10:36:20.911512927Z,2026-05-18T10:36:20.910921615Z,1,1,42919949,T,B,0,27.000000000,3,0,14264,103093285,26.500000000,27.000000000,71,3,4,1,ESM6 P6825
2026-05-18T10:37:13.831778548Z,2026-05-18T10:37:13.831143867Z,1,1,42429065,T,B,0,37.000000000,7,0,11462,103234243,36.750000000,37.000000000,40,7,2,1,ESM6 P6950
2026-05-18T10:37:46.039554054Z,2026-05-18T10:37:46.035924293Z,1,1,42760607,T,B,0,39.500000000,3,0,15319,103316059,39.250000000,39.500000000,67,3,4,1,ESM6 P6975
2026-05-18T10:37:54.208870239Z,2026-05-18T10:37:54.208439599Z,1,1,42404374,T,B,0,42.500000000,40,0,14396,103355724,42.250000000,42.500000000,39,40,2,1,ESM6 P7000
2026-05-18T10:38:21.067726311Z,2026-05-18T10:38:20.811855227Z,1,1,42429065,T,B,0,37.000000000,3,0,11294,103445399,36.750000000,37.000000000,7,3,1,1,ESM6 P6950
2026-05-18T10:38:40.702509743Z,2026-05-18T10:38:40.598004843Z,1,1,42300184,T,B,0,28.500000000,7,0,12865,103521579,28.000000000,28.500000000,95,7,5,1,ESM6 P6850
2026-05-18T10:38:56.423705430Z,2026-05-18T10:38:56.172716933Z,1,1,42783706,T,B,0,93.500000000,7,0,12816,103570697,93.000000000,93.500000000,35,7,2,1,ESM6 P7275
2026-05-18T10:39:14.223742771Z,2026-05-18T10:39:14.207101565Z,1,1,42760626,T,B,0,34.750000000,3,0,13711,103651550,34.250000000,34.750000000,78,3,5,1,ESM6 P6925
2026-05-18T10:39:21.790898814Z,2026-05-18T10:39:21.790303361Z,1,1,2504999,T,A,0,94.250000000,6,0,13745,27649067,94.250000000,94.750000000,100,48,1,2,UD:1V: GN 2504999
2026-05-18T10:39:35.202911038Z,2026-05-18T10:39:34.967899805Z,1,1,42366513,T,A,0,136.000000000,20,0,13576,103705427,136.000000000,137.000000000,20,33,1,3,ESM6 P7400
2026-05-18T10:40:01.018461121Z,2026-05-18T10:40:01.008946543Z,1,1,42804683,T,A,0,80.500000000,10,0,13174,103780318,80.500000000,81.000000000,10,44,1,3,ESM6 P7225
2026-05-18T10:40:33.805375428Z,2026-05-18T10:40:33.802827291Z,1,1,2667382,T,B,0,13.600000000,100,0,15054,27716004,13.400000000,13.600000000,425,475,4,4,UD:1V: VT 2667382
2026-05-18T10:40:36.714300419Z,2026-05-18T10:40:36.711493551Z,1,1,2503694,T,A,0,38.750000000,10,0,14441,27720766,38.750000000,39.250000000,10,230,1,6,UD:1V: BO 2503694
2026-05-18T10:42:58.228687858Z,2026-05-18T10:42:58.216308503Z,1,1,2505213,T,A,0,113.500000000,2,0,10574,27825227,113.500000000,114.500000000,2,79,1,3,UD:1V: GN 2505213
2026-05-18T10:43:54.609992207Z,2026-05-18T10:43:54.593951889Z,1,1,42366513,T,A,0,134.500000000,10,0,13468,104323194,134.500000000,135.500000000,10,51,1,5,ESM6 P7400
2026-05-18T10:44:52.965544321Z,2026-05-18T10:44:52.965265901Z,1,1,4110424,T,B,0,165.000000000,1,0,13886,104462967,163.000000000,165.000000000,72,30,3,1,ESZ6 P6600
2026-05-18T10:44:53.243533278Z,2026-05-18T10:44:53.243252083Z,1,1,42404374,T,B,0,41.500000000,20,0,12954,104463565,41.000000000,41.500000000,66,20,4,1,ESM6 P7000
2026-05-18T10:45:09.825159150Z,2026-05-18T10:45:09.824093485Z,1,1,42439350,T,B,0,67.250000000,1,0,13077,104495585,67.000000000,67.250000000,58,1,4,1,ESU6 P6300
2026-05-18T10:46:16.457369059Z,2026-05-18T10:46:16.319665163Z,1,1,42366513,T,A,0,133.000000000,9,0,11707,104676604,133.000000000,133.500000000,9,23,2,3,ESM6 P7400
2026-05-18T10:47:48.761786558Z,2026-05-18T10:47:48.738109745Z,1,1,42366513,T,A,0,132.000000000,16,0,13390,104905250,132.000000000,132.500000000,16,22,1,2,ESM6 P7400
2026-05-18T10:48:34.991164204Z,2026-05-18T10:48:34.990773957Z,1,1,42404374,T,B,0,41.000000000,50,0,14466,105016230,40.500000000,41.000000000,91,50,5,3,ESM6 P7000
2026-05-18T10:53:02.043060857Z,2026-05-18T10:53:02.042672177Z,1,1,42572477,T,B,0,15.800000000,2,0,13055,105519623,15.600000000,15.800000000,105,2,4,1,ESM6 C7750
2026-05-18T10:59:30.860450473Z,2026-05-18T10:59:30.811558765Z,1,1,42404374,T,B,0,41.750000000,1,0,13093,106191373,41.500000000,41.750000000,64,1,3,1,ESM6 P7000
2026-05-18T11:04:15.498603686Z,2026-05-18T11:04:15.498138717Z,1,1,42477876,T,A,0,120.500000000,1,0,15008,106960357,120.500000000,121.000000000,60,30,1,1,ESM7 C8800
2026-05-18T11:04:15.499205497Z,2026-05-18T11:04:15.498756679Z,1,1,42477876,T,A,0,120.500000000,60,0,13533,106960359,120.500000000,121.000000000,59,30,1,1,ESM7 C8800
2026-05-18T11:04:50.886468456Z,2026-05-18T11:04:50.758433461Z,1,1,42477876,T,A,0,120.500000000,59,0,15790,107017850,120.500000000,121.000000000,59,30,1,1,ESM7 C8800
2026-05-18T11:04:57.032255593Z,2026-05-18T11:04:57.031831277Z,1,1,42453651,T,A,0,163.000000000,34,0,13004,107038711,163.000000000,163.500000000,34,28,1,1,ESM7 C8600
2026-05-18T11:05:01.134149081Z,2026-05-18T11:05:01.122272229Z,1,1,42477876,T,A,0,120.500000000,94,0,13905,107050062,120.500000000,121.000000000,60,30,1,1,ESM7 C8800
2026-05-18T11:05:23.027394707Z,2026-05-18T11:05:23.026880321Z,1,1,42386430,T,A,0,218.000000000,28,0,13895,107088508,218.000000000,219.000000000,28,24,1,1,ESM7 C8400
2026-05-18T11:05:25.352420047Z,2026-05-18T11:05:25.351983685Z,1,1,42386430,T,A,0,218.000000000,28,0,11993,107094838,218.000000000,219.000000000,28,24,1,1,ESM7 C8400
2026-05-18T11:05:25.352949287Z,2026-05-18T11:05:25.352653009Z,1,1,42386430,T,A,0,218.000000000,44,0,15869,107094841,218.000000000,219.000000000,28,24,1,1,ESM7 C8400
2026-05-18T11:05:28.917473796Z,2026-05-18T11:05:28.860146315Z,1,1,42453651,T,A,0,163.000000000,66,0,14921,107106382,163.000000000,163.500000000,34,28,1,1,ESM7 C8600
2026-05-18T11:05:31.015765811Z,2026-05-18T11:05:31.005895475Z,1,1,42453651,T,A,0,163.000000000,114,0,12649,107112889,163.000000000,163.500000000,2,28,1,1,ESM7 C8600
2026-05-18T11:05:44.240377380Z,2026-05-18T11:05:44.172742467Z,1,1,42386430,T,A,0,218.000000000,114,0,13757,107137651,218.000000000,218.500000000,12,25,1,1,ESM7 C8400
2026-05-18T11:07:08.778763020Z,2026-05-18T11:07:08.769069813Z,1,1,42404374,T,B,0,42.500000000,50,0,17115,107398179,41.750000000,42.500000000,70,65,4,4,ESM6 P7000
2026-05-18T11:07:10.104425873Z,2026-05-18T11:07:10.079700729Z,1,1,42404374,T,B,0,42.500000000,50,0,14888,107400930,41.750000000,42.500000000,70,65,4,4,ESM6 P7000
2026-05-18T11:07:11.478711575Z,2026-05-18T11:07:11.469506531Z,1,1,42404374,T,B,0,42.750000000,50,0,14957,107405663,42.000000000,42.750000000,39,54,2,3,ESM6 P7000
2026-05-18T11:07:12.737721597Z,2026-05-18T11:07:12.730971451Z,1,1,42404374,T,B,0,42.750000000,50,0,16438,107408999,42.000000000,42.750000000,39,65,2,4,ESM6 P7000
2026-05-18T11:07:13.957617022Z,2026-05-18T11:07:13.943505459Z,1,1,42404374,T,B,0,42.750000000,45,0,17460,107412143,42.000000000,42.750000000,43,45,3,3,ESM6 P7000
2026-05-18T11:07:13.982520545Z,2026-05-18T11:07:13.957569779Z,1,1,42404374,T,A,0,42.750000000,5,0,11820,107412587,42.750000000,43.000000000,5,10,1,2,ESM6 P7000
2026-05-18T11:07:15.270135325Z,2026-05-18T11:07:15.269730697Z,1,1,42404374,T,A,0,42.750000000,50,0,14108,107415936,42.750000000,43.000000000,50,60,1,4,ESM6 P7000
2026-05-18T11:07:51.062489413Z,2026-05-18T11:07:51.062014211Z,1,1,42404374,T,A,0,42.750000000,14,0,13430,107511167,42.750000000,43.000000000,50,60,1,4,ESM6 P7000
2026-05-18T11:07:51.062502774Z,2026-05-18T11:07:51.062014387Z,1,1,42404374,T,A,0,42.750000000,36,0,11535,107511168,42.750000000,43.000000000,36,60,1,4,ESM6 P7000
2026-05-18T11:07:52.967285668Z,2026-05-18T11:07:52.966890963Z,1,1,42404374,T,A,0,42.750000000,50,0,13213,107514046,42.750000000,43.000000000,50,60,1,4,ESM6 P7000
2026-05-18T11:09:05.330751507Z,2026-05-18T11:09:05.312219785Z,1,1,2505913,T,A,0,-4.800000000,10,0,14663,28884889,-4.800000000,-4.450000000,10,6,1,1,UD:1V: 13 2505913
2026-05-18T11:09:23.325548230Z,2026-05-18T11:09:23.291209653Z,1,1,2505913,T,A,0,-4.700000000,10,0,13385,28893783,-4.700000000,-4.450000000,10,6,1,1,UD:1V: 13 2505913
2026-05-18T11:09:52.577531276Z,2026-05-18T11:09:52.116346443Z,1,1,42404374,T,B,0,43.000000000,1,0,13841,107797733,42.750000000,43.000000000,39,1,2,1,ESM6 P7000
2026-05-18T11:09:54.245716133Z,2026-05-18T11:09:53.208096839Z,1,1,2504999,T,A,0,94.250000000,11,0,11228,28922819,94.250000000,94.750000000,100,6,1,1,UD:1V: GN 2504999
2026-05-18T11:09:54.473359511Z,2026-05-18T11:09:53.380937459Z,1,1,2504999,T,A,0,94.250000000,14,0,11232,28924672,94.250000000,94.750000000,89,6,1,1,UD:1V: GN 2504999
2026-05-18T11:09:54.660639643Z,2026-05-18T11:09:53.407881619Z,1,1,2504999,T,A,0,94.250000000,11,0,14121,28926114,94.250000000,94.750000000,75,6,1,1,UD:1V: GN 2504999
2026-05-18T11:09:54.717178435Z,2026-05-18T11:09:53.419042633Z,1,1,2504999,T,A,0,94.250000000,12,0,11037,28926636,94.250000000,95.750000000,64,3,1,1,UD:1V: GN 2504999
2026-05-18T11:09:54.871442793Z,2026-05-18T11:09:53.589564365Z,1,1,42804683,T,B,0,82.000000000,5,0,12629,107834157,75.000000000,82.000000000,10,5,1,1,ESM6 P7225
2026-05-18T11:09:54.931349571Z,2026-05-18T11:09:53.624607635Z,1,1,2504999,T,A,0,94.250000000,8,0,13950,28928101,94.250000000,95.750000000,52,3,1,1,UD:1V: GN 2504999
2026-05-18T11:09:55.000126630Z,2026-05-18T11:09:53.752598383Z,1,1,2505913,T,A,0,-4.650000000,1,0,13898,28928570,-4.650000000,-3.500000000,10,45,1,1,UD:1V: 13 2505913
2026-05-18T11:09:56.354466968Z,2026-05-18T11:09:55.487845141Z,1,1,2502901,T,B,0,3.950000000,3,0,14710,28937483,3.500000000,3.950000000,257,8,2,1,UD:1V: 12 2502901
2026-05-18T11:09:59.582774327Z,2026-05-18T11:09:59.152132537Z,1,1,42378618,T,B,0,33.500000000,1,0,11348,107914304,28.250000000,33.500000000,4,1,1,1,ESM6 P6900
2026-05-18T11:09:59.606161953Z,2026-05-18T11:09:59.171862735Z,1,1,2502901,T,B,0,3.950000000,3,0,13240,28958695,3.700000000,3.950000000,166,5,2,1,UD:1V: 12 2502901
2026-05-18T11:09:59.667583457Z,2026-05-18T11:09:59.275807957Z,1,1,2502901,T,B,0,3.950000000,2,0,12589,28958985,3.700000000,3.950000000,166,2,2,1,UD:1V: 12 2502901
2026-05-18T11:09:59.918382155Z,2026-05-18T11:09:59.480929513Z,1,1,2672553,T,A,0,84.000000000,1,0,14103,28960593,84.000000000,85.000000000,99,64,2,1,UD:1V: VT 2672553
2026-05-18T11:10:01.565450220Z,2026-05-18T11:10:01.305772871Z,1,1,2505913,T,A,0,-4.600000000,9,0,14033,28969646,-4.600000000,-3.500000000,9,45,1,1,UD:1V: 13 2505913
2026-05-18T11:10:12.295687132Z,2026-05-18T11:10:12.157013587Z,1,1,42384725,T,A,0,128.000000000,4,0,11429,108112489,128.000000000,129.000000000,4,21,1,1,ESM6 C7400
2026-05-18T11:10:31.943166647Z,2026-05-18T11:10:31.942768083Z,1,1,42626389,T,A,0,366.000000000,1,0,13162,108308383,366.000000000,366.500000000,1,20,1,1,ESH7 P7250
2026-05-18T11:10:33.443228452Z,2026-05-18T11:10:33.442533223Z,1,1,2505913,T,A,0,-4.600000000,10,0,17688,29099936,-4.600000000,-3.150000000,10,46,1,2,UD:1V: 13 2505913
2026-05-18T11:11:06.699654035Z,2026-05-18T11:11:06.690037829Z,1,1,2504999,T,A,0,94.250000000,9,0,19933,29169632,94.250000000,95.000000000,100,6,1,1,UD:1V: GN 2504999
2026-05-18T11:11:07.325932489Z,2026-05-18T11:11:07.325297777Z,1,1,2505913,T,A,0,-4.600000000,10,0,12869,29170676,-4.600000000,-2.700000000,10,6,1,1,UD:1V: 13 2505913
2026-05-18T11:11:07.878179971Z,2026-05-18T11:11:07.877726143Z,1,1,2505985,T,B,0,0.400000000,3,0,13854,29171713,0.200000000,0.400000000,229,3,1,1,UD:1V: XT 2505985
2026-05-18T11:11:21.961524452Z,2026-05-18T11:11:21.900736687Z,1,1,2502706,T,B,0,41.000000000,3,0,14317,29193447,,41.000000000,0,3,0,1,UD:1V: RR 2502706
2026-05-18T11:12:33.572868494Z,2026-05-18T11:12:33.569274687Z,1,1,42366511,T,A,0,45.000000000,24,0,17607,108920128,45.000000000,45.500000000,35,18,5,1,ESM6 C7600
2026-05-18T11:12:33.580078679Z,2026-05-18T11:12:33.569275043Z,1,1,42871623,T,A,0,52.750000000,10,0,12381,108920276,52.750000000,53.250000000,10,17,1,1,ESM6 C7575
2026-05-18T11:12:39.206598088Z,2026-05-18T11:12:39.206018619Z,1,1,2505913,T,A,0,-4.550000000,10,0,13077,29279334,-4.550000000,-3.000000000,10,7,1,2,UD:1V: 13 2505913
2026-05-18T11:13:02.528620551Z,2026-05-18T11:13:02.516796171Z,1,1,2670133,T,B,0,47.750000000,69,0,16372,29305201,47.250000000,47.750000000,166,69,5,2,UD:1V: VT 2670133
2026-05-18T11:13:02.588198721Z,2026-05-18T11:13:02.549022199Z,1,1,42404374,T,A,0,43.000000000,1,0,13729,109040425,43.000000000,43.500000000,1,39,1,2,ESM6 P7000
2026-05-18T11:13:26.159198009Z,2026-05-18T11:13:26.142151663Z,1,1,42366523,T,A,0,56.500000000,1,0,12986,109150729,56.500000000,57.000000000,1,40,1,4,ESM6 P7100
2026-05-18T11:13:27.306758523Z,2026-05-18T11:13:27.302228565Z,1,1,2640178,T,B,0,20.250000000,218,0,14421,29338039,20.000000000,20.250000000,689,218,4,1,UD:1V: VT 2640178
2026-05-18T11:13:32.441804052Z,2026-05-18T11:13:32.441354627Z,1,1,42378346,T,B,0,81.750000000,12,0,13971,109185954,81.500000000,81.750000000,15,50,2,1,ESM6 C7500
2026-05-18T11:13:42.679873479Z,2026-05-18T11:13:42.677119867Z,1,1,42378346,T,A,0,81.500000000,15,0,15315,109198868,81.500000000,81.750000000,15,38,2,1,ESM6 C7500
2026-05-18T11:13:42.683149558Z,2026-05-18T11:13:42.679877029Z,1,1,42378346,T,B,0,81.500000000,23,0,14037,109198948,81.250000000,81.500000000,21,23,2,1,ESM6 C7500
2026-05-18T11:13:47.904334195Z,2026-05-18T11:13:47.900807391Z,1,1,2505913,T,A,0,-4.500000000,6,0,15392,29353085,-4.500000000,-3.200000000,10,7,1,2,UD:1V: 13 2505913
2026-05-18T11:13:48.504576156Z,2026-05-18T11:13:48.498806887Z,1,1,2505913,T,A,0,-4.500000000,4,0,13035,29353209,-4.500000000,-3.200000000,4,98,1,4,UD:1V: 13 2505913
2026-05-18T11:14:06.839099853Z,2026-05-18T11:14:06.838704463Z,1,1,42378346,T,B,0,81.500000000,50,0,14159,109253326,81.250000000,81.500000000,55,50,5,1,ESM6 C7500
2026-05-18T11:14:19.245575255Z,2026-05-18T11:14:19.238191247Z,1,1,42611781,T,A,0,61.750000000,1,0,11429,109319712,61.750000000,62.000000000,1,24,1,1,ESM6 C7550
2026-05-18T11:15:53.903763859Z,2026-05-18T11:15:53.903137607Z,1,1,2505913,T,A,0,-4.550000000,6,0,18717,29457478,-4.550000000,-3.200000000,10,7,1,2,UD:1V: 13 2505913
2026-05-18T11:15:55.462728854Z,2026-05-18T11:15:55.460860513Z,1,1,2505913,T,A,0,-4.550000000,4,0,13852,29458315,-4.550000000,-3.200000000,4,7,1,2,UD:1V: 13 2505913
2026-05-18T11:16:02.378805577Z,2026-05-18T11:16:02.378190481Z,1,1,2505913,T,A,0,-4.550000000,5,0,13784,29465137,-4.550000000,-3.200000000,10,7,1,2,UD:1V: 13 2505913
2026-05-18T11:16:02.574519983Z,2026-05-18T11:16:02.572806895Z,1,1,2505913,T,A,0,-4.550000000,5,0,14298,29465506,-4.550000000,-3.400000000,5,44,1,3,UD:1V: 13 2505913
2026-05-18T11:16:14.319517491Z,2026-05-18T11:16:14.296806677Z,1,1,2505913,T,A,0,-4.550000000,4,0,12917,29472650,-4.550000000,-3.500000000,10,114,1,4,UD:1V: 13 2505913
2026-05-18T11:16:14.947845921Z,2026-05-18T11:16:14.946807749Z,1,1,2505913,T,A,0,-4.550000000,4,0,13935,29472879,-4.550000000,-3.500000000,6,114,1,4,UD:1V: 13 2505913
2026-05-18T11:16:15.732593412Z,2026-05-18T11:16:15.700807357Z,1,1,2505913,T,A,0,-4.550000000,2,0,14954,29473154,-4.550000000,-3.500000000,2,114,1,4,UD:1V: 13 2505913
2026-05-18T11:16:31.082761511Z,2026-05-18T11:16:30.987641925Z,1,1,42384725,T,A,0,133.000000000,3,0,11370,109707314,133.000000000,134.000000000,3,37,1,5,ESM6 C7400
2026-05-18T11:17:12.767437606Z,2026-05-18T11:17:12.767059485Z,1,1,42506288,T,B,0,64.000000000,20,0,13912,109816451,63.750000000,64.000000000,119,20,5,1,ESU6 P6250
2026-05-18T11:18:23.724316867Z,2026-05-18T11:18:23.723694483Z,1,1,2506227,T,B,0,-2.850000000,3,0,11940,29547339,-3.300000000,-2.850000000,374,3,3,1,UD:1V: XT 2506227
2026-05-18T11:18:42.728499793Z,2026-05-18T11:18:42.728018877Z,1,1,42458399,T,B,0,67.000000000,15,0,13427,109997504,66.500000000,67.000000000,57,15,4,1,ESU6 C8000
2026-05-18T11:19:25.254793684Z,2026-05-18T11:19:25.018669183Z,1,1,42366511,T,B,0,46.000000000,1,0,12028,110134509,45.500000000,46.000000000,21,1,2,1,ESM6 C7600
2026-05-18T11:28:11.789163428Z,2026-05-18T11:28:11.788523273Z,1,1,2505303,T,B,0,2.250000000,3,0,14739,29953633,2.050000000,2.250000000,42,6,2,1,UD:1V: GN 2505303
2026-05-18T11:29:50.651304359Z,2026-05-18T11:29:50.650904533Z,1,1,42378374,T,B,0,74.250000000,50,0,13479,111634182,74.000000000,74.250000000,69,50,5,1,ESM6 P7200
2026-05-18T11:29:56.365954286Z,2026-05-18T11:29:56.345554145Z,1,1,42378374,T,B,0,74.250000000,15,0,13883,111647181,73.750000000,74.250000000,120,50,6,1,ESM6 P7200
2026-05-18T11:29:56.450460956Z,2026-05-18T11:29:56.366128033Z,1,1,42378374,T,B,0,74.250000000,35,0,11099,111648569,73.750000000,74.250000000,116,35,5,1,ESM6 P7200
2026-05-18T11:30:40.573750289Z,2026-05-18T11:30:40.546343125Z,1,1,42366523,T,A,0,55.250000000,4,0,15658,111772196,55.250000000,56.250000000,4,48,1,3,ESM6 P7100
2026-05-18T11:30:40.611516303Z,2026-05-18T11:30:40.546343125Z,1,1,42320751,T,A,0,85.250000000,15,0,14945,111772741,85.250000000,86.250000000,15,33,1,2,ESM6 P7250
2026-05-18T11:31:50.299090705Z,2026-05-18T11:31:50.089397567Z,1,1,42404374,T,A,0,41.500000000,1,0,12005,111970151,41.500000000,42.000000000,1,59,1,3,ESM6 P7000
2026-05-18T11:33:21.990233428Z,2026-05-18T11:33:21.711115767Z,1,1,2501399,T,A,0,-98.500000000,1,0,14685,30182508,-98.500000000,-98.250000000,1,10,1,1,UD:1V: GN 2501399
2026-05-18T11:33:36.150854063Z,2026-05-18T11:33:35.846233079Z,1,1,2506711,T,A,0,5.500000000,2,0,11233,30206530,5.500000000,6.400000000,10,6,1,1,UD:1V: 13 2506711
2026-05-18T11:33:43.044066428Z,2026-05-18T11:33:42.660426733Z,1,1,2506711,T,A,0,5.500000000,1,0,13660,30217408,5.500000000,6.400000000,8,7,1,2,UD:1V: 13 2506711
2026-05-18T11:33:44.728506561Z,2026-05-18T11:33:43.673012461Z,1,1,2506711,T,A,0,5.500000000,1,0,14866,30228082,5.500000000,6.400000000,7,6,1,1,UD:1V: 13 2506711
2026-05-18T11:33:45.156410118Z,2026-05-18T11:33:43.810560807Z,1,1,2503836,T,A,0,13.400000000,1,0,13988,30231296,13.400000000,13.600000000,1,82,1,1,UD:1V: IC 2503836
2026-05-18T11:33:48.081878018Z,2026-05-18T11:33:47.366412055Z,1,1,2596451,T,A,0,6.100000000,6,0,14129,30250134,6.100000000,6.200000000,6,6,1,1,UD:1V: VT 2596451
2026-05-18T11:34:08.596296958Z,2026-05-18T11:34:08.165433409Z,1,1,42899801,T,A,0,121.500000000,6,0,12675,112653942,121.500000000,122.000000000,6,17,1,1,ESM6 P7375
2026-05-18T11:34:35.398858182Z,2026-05-18T11:34:35.249636603Z,1,1,2506711,T,A,0,5.500000000,1,0,10760,30406783,5.500000000,6.400000000,6,7,1,2,UD:1V: 13 2506711
2026-05-18T11:34:43.489871625Z,2026-05-18T11:34:43.098313601Z,1,1,2506711,T,A,0,5.500000000,1,0,13249,30435733,5.500000000,6.400000000,5,7,1,2,UD:1V: 13 2506711
2026-05-18T11:34:43.594614305Z,2026-05-18T11:34:43.099320107Z,1,1,2503836,T,A,0,13.300000000,1,0,11218,30436415,13.300000000,13.500000000,1,394,1,4,UD:1V: IC 2503836
2026-05-18T11:35:00.534127721Z,2026-05-18T11:35:00.506217057Z,1,1,2506414,T,A,0,1500.000000000,1,0,14136,30500920,1500.000000000,,1,0,1,0,UD:1V: DG 2506414
2026-05-18T11:35:13.994265229Z,2026-05-18T11:35:13.993479907Z,1,1,42760607,T,B,0,37.500000000,32,0,17616,113243041,37.250000000,37.500000000,65,32,3,1,ESM6 P6975
2026-05-18T11:35:41.697359000Z,2026-05-18T11:35:41.408876583Z,1,1,42378346,T,A,0,83.250000000,1,0,11377,113396343,83.250000000,83.750000000,1,19,1,1,ESM6 C7500
2026-05-18T11:35:47.519057305Z,2026-05-18T11:35:47.190847141Z,1,1,2506711,T,A,0,5.500000000,3,0,16895,30586668,5.500000000,6.400000000,4,6,1,1,UD:1V: 13 2506711
2026-05-18T11:36:05.411911998Z,2026-05-18T11:36:05.120923535Z,1,1,2506711,T,A,0,5.500000000,1,0,12082,30623234,5.500000000,6.400000000,1,7,1,2,UD:1V: 13 2506711
2026-05-18T11:36:36.509274471Z,2026-05-18T11:36:36.508668779Z,1,1,2506711,T,A,0,5.500000000,10,0,13672,30721717,5.500000000,6.400000000,10,7,1,2,UD:1V: 13 2506711
2026-05-18T11:36:43.159461289Z,2026-05-18T11:36:43.158817365Z,1,1,2506711,T,A,0,5.500000000,5,0,12918,30739161,5.500000000,6.400000000,10,7,1,2,UD:1V: 13 2506711
2026-05-18T11:36:43.608373899Z,2026-05-18T11:36:43.571202585Z,1,1,2506711,T,A,0,5.500000000,5,0,14357,30741030,5.500000000,6.400000000,5,7,1,2,UD:1V: 13 2506711
2026-05-18T11:36:55.953233561Z,2026-05-18T11:36:55.872807177Z,1,1,2506840,T,A,0,77.250000000,1,0,14756,30754222,77.250000000,77.750000000,1,118,1,4,UD:1V: VT 2506840
2026-05-18T11:36:56.601389828Z,2026-05-18T11:36:56.600808481Z,1,1,2506840,T,A,0,77.250000000,1,0,16055,30755500,77.250000000,77.750000000,1,150,1,6,UD:1V: VT 2506840
2026-05-18T11:36:56.637054372Z,2026-05-18T11:36:56.635724423Z,1,1,2506840,T,A,0,77.250000000,1,0,14193,30755516,77.250000000,77.750000000,1,150,1,6,UD:1V: VT 2506840
2026-05-18T11:36:57.095114893Z,2026-05-18T11:36:57.092956245Z,1,1,2506840,T,A,0,77.250000000,1,0,13288,30755691,77.250000000,77.750000000,1,180,1,7,UD:1V: VT 2506840
2026-05-18T11:36:57.139484843Z,2026-05-18T11:36:57.138806655Z,1,1,2506840,T,A,0,77.250000000,1,0,15568,30755937,77.250000000,77.750000000,1,180,1,7,UD:1V: VT 2506840
2026-05-18T11:36:57.170329555Z,2026-05-18T11:36:57.168782719Z,1,1,2506840,T,A,0,77.250000000,1,0,13956,30755961,77.250000000,77.750000000,1,180,1,7,UD:1V: VT 2506840
2026-05-18T11:36:57.467860687Z,2026-05-18T11:36:57.454323151Z,1,1,2506840,T,A,0,77.250000000,1,0,14797,30756090,77.250000000,77.750000000,1,180,1,7,UD:1V: VT 2506840
2026-05-18T11:36:57.576471532Z,2026-05-18T11:36:57.502273569Z,1,1,2506840,T,A,0,77.250000000,1,0,14272,30756722,77.250000000,77.750000000,1,150,1,6,UD:1V: VT 2506840
2026-05-18T11:36:57.593989872Z,2026-05-18T11:36:57.540471807Z,1,1,2506840,T,A,0,77.250000000,1,0,14123,30756802,77.250000000,77.750000000,1,150,1,6,UD:1V: VT 2506840
2026-05-18T11:36:57.629744902Z,2026-05-18T11:36:57.576484815Z,1,1,2506840,T,A,0,77.250000000,6,0,14368,30757149,77.250000000,77.750000000,1,180,1,7,UD:1V: VT 2506840
2026-05-18T11:36:57.897494323Z,2026-05-18T11:36:57.891807493Z,1,1,2506840,T,A,0,77.250000000,1,0,14310,30757615,77.250000000,77.750000000,1,180,1,7,UD:1V: VT 2506840
2026-05-18T11:36:58.571468132Z,2026-05-18T11:36:58.481234381Z,1,1,2506711,T,A,0,5.500000000,4,0,15145,30760490,5.500000000,6.400000000,10,7,1,2,UD:1V: 13 2506711
2026-05-18T11:36:58.671970926Z,2026-05-18T11:36:58.663807349Z,1,1,2506711,T,A,0,5.500000000,4,0,13813,30761222,5.500000000,6.400000000,6,7,1,2,UD:1V: 13 2506711
2026-05-18T11:36:59.033935516Z,2026-05-18T11:36:58.863806947Z,1,1,2506711,T,A,0,5.500000000,2,0,14674,30762191,5.500000000,6.400000000,2,7,1,2,UD:1V: 13 2506711
2026-05-18T11:37:00.216652723Z,2026-05-18T11:37:00.158542897Z,1,1,2506840,T,A,0,77.250000000,1,0,11602,30765064,77.250000000,77.750000000,1,98,1,4,UD:1V: VT 2506840
2026-05-18T11:37:00.351493907Z,2026-05-18T11:37:00.237053107Z,1,1,2506840,T,A,0,77.250000000,1,0,14185,30765808,77.250000000,77.750000000,1,129,1,5,UD:1V: VT 2506840
2026-05-18T11:37:00.575148673Z,2026-05-18T11:37:00.527929187Z,1,1,2506840,T,A,0,77.250000000,22,0,14100,30766906,77.250000000,77.750000000,1,123,1,4,UD:1V: VT 2506840
2026-05-18T11:37:08.833893910Z,2026-05-18T11:37:08.833279889Z,1,1,2506711,T,A,0,5.500000000,4,0,15244,30781882,5.500000000,6.400000000,10,7,1,2,UD:1V: 13 2506711
2026-05-18T11:37:31.785966084Z,2026-05-18T11:37:31.785530527Z,1,1,2506883,T,A,0,575.500000000,1,0,23586,30811714,575.500000000,578.500000000,1,14,1,1,UD:1V: ST 2506883
2026-05-18T11:38:01.780236771Z,2026-05-18T11:38:01.579140709Z,1,1,42439351,T,A,0,83.500000000,1,0,14413,114299028,83.500000000,84.000000000,1,37,1,2,ESU6 P6500
2026-05-18T11:38:13.851793616Z,2026-05-18T11:38:13.851223753Z,1,1,2506711,T,A,0,5.600000000,6,0,12510,30867067,5.600000000,6.400000000,6,7,1,2,UD:1V: 13 2506711
2026-05-18T11:38:33.418076551Z,2026-05-18T11:38:33.000661541Z,1,1,2506711,T,A,0,5.600000000,7,0,15030,30900078,5.600000000,6.400000000,10,6,1,1,UD:1V: 13 2506711
2026-05-18T11:38:37.613225182Z,2026-05-18T11:38:37.612007609Z,1,1,2506711,T,A,0,5.600000000,3,0,15214,30917632,5.600000000,6.400000000,3,129,1,4,UD:1V: 13 2506711
2026-05-18T11:39:24.792880702Z,2026-05-18T11:39:23.481908297Z,1,1,2503836,T,A,0,13.200000000,1,0,12635,30990664,13.200000000,13.700000000,1,221,1,1,UD:1V: IC 2503836
2026-05-18T11:39:24.888032905Z,2026-05-18T11:39:23.502196087Z,1,1,42804683,T,A,0,75.000000000,10,0,11655,114746519,75.000000000,76.500000000,10,25,1,1,ESM6 P7225
2026-05-18T11:39:36.737330195Z,2026-05-18T11:39:35.981902759Z,1,1,42372979,T,B,0,207.000000000,2,0,12821,114927716,204.500000000,207.000000000,2,2,1,1,ESM6 C7300
2026-05-18T11:39:40.292343292Z,2026-05-18T11:39:39.875238005Z,1,1,42378374,T,A,0,69.000000000,1,0,12082,114985559,69.000000000,69.250000000,1,26,1,1,ESM6 P7200
2026-05-18T11:39:42.547458867Z,2026-05-18T11:39:41.953192941Z,1,1,2503857,T,A,0,51.250000000,1,0,13423,31085682,51.250000000,52.750000000,1,64,1,1,UD:1V: BO 2503857
2026-05-18T11:39:54.580918761Z,2026-05-18T11:39:54.538549863Z,1,1,2504999,T,A,0,94.250000000,26,0,15166,31151946,94.250000000,94.500000000,100,36,1,2,UD:1V: GN 2504999
2026-05-18T11:39:54.893418155Z,2026-05-18T11:39:54.848312895Z,1,1,2504999,T,A,0,94.250000000,74,0,14641,31153795,94.250000000,94.500000000,74,26,1,1,UD:1V: GN 2504999
2026-05-18T11:39:58.904552420Z,2026-05-18T11:39:58.376267299Z,1,1,2656006,T,B,0,14.000000000,3,0,13349,31175212,13.900000000,14.000000000,40,3,1,1,UD:1V: VT 2656006
2026-05-18T11:40:00.717599618Z,2026-05-18T11:40:00.357949377Z,1,1,2503857,T,A,0,50.750000000,1,0,13550,31188748,50.750000000,52.000000000,1,11,1,1,UD:1V: BO 2503857
2026-05-18T11:40:15.382884612Z,2026-05-18T11:40:15.155217633Z,1,1,2656006,T,B,0,14.100000000,3,0,20556,31255416,14.000000000,14.100000000,40,3,1,1,UD:1V: VT 2656006
2026-05-18T11:40:16.024589911Z,2026-05-18T11:40:15.966103595Z,1,1,42384731,T,A,0,88.750000000,1,0,11435,115544635,88.750000000,90.500000000,25,22,1,1,ESM6 P7300
2026-05-18T11:40:22.063965047Z,2026-05-18T11:40:21.872133755Z,1,1,42867406,T,B,0,131.500000000,3,0,12849,115626602,130.000000000,131.500000000,24,3,3,1,ESM6 C7425
2026-05-18T11:40:22.207599176Z,2026-05-18T11:40:21.917758053Z,1,1,2503857,T,A,0,50.250000000,1,0,15046,31288578,50.250000000,51.250000000,1,12,1,1,UD:1V: BO 2503857
2026-05-18T11:40:22.836644606Z,2026-05-18T11:40:22.408252441Z,1,1,42330564,T,B,0,254.500000000,1,0,11212,115642842,253.500000000,254.500000000,19,1,1,1,ESZ6 C7800
2026-05-18T11:40:31.084571716Z,2026-05-18T11:40:30.985810449Z,1,1,2656006,T,B,0,14.200000000,3,0,14512,31323234,14.100000000,14.200000000,152,3,2,1,UD:1V: VT 2656006
2026-05-18T11:40:31.809566067Z,2026-05-18T11:40:31.785007377Z,1,1,2671315,T,B,0,10.000000000,1,0,11470,31326239,9.900000000,10.000000000,63,1,1,1,UD:1V: IC 2671315
2026-05-18T11:41:02.668890043Z,2026-05-18T11:41:02.515774513Z,1,1,42378346,T,A,0,91.000000000,1,0,13772,116135917,91.000000000,91.250000000,1,19,1,1,ESM6 C7500
2026-05-18T11:41:17.841072871Z,2026-05-18T11:41:17.840374317Z,1,1,2506988,T,B,0,309.500000000,25,0,16382,31522855,309.000000000,309.500000000,140,25,3,1,UD:1V:CFO 2506988
2026-05-18T11:41:17.841275459Z,2026-05-18T11:41:17.840374523Z,1,1,2506988,T,B,0,309.500000000,83,0,11533,31522857,309.000000000,309.500000000,140,25,3,1,UD:1V:CFO 2506988
2026-05-18T11:41:17.842407547Z,2026-05-18T11:41:17.841324765Z,1,1,2506988,T,B,0,309.500000000,12,0,11689,31522859,309.000000000,309.500000000,140,17,3,1,UD:1V:CFO 2506988
2026-05-18T11:41:17.851769652Z,2026-05-18T11:41:17.851411183Z,1,1,2506988,T,B,0,309.500000000,5,0,15492,31522889,309.000000000,309.500000000,140,5,3,1,UD:1V:CFO 2506988
2026-05-18T11:41:18.100686657Z,2026-05-18T11:41:18.075574135Z,1,1,2506988,T,B,0,309.500000000,25,0,13147,31524337,309.000000000,309.500000000,133,25,4,1,UD:1V:CFO 2506988
2026-05-18T11:41:22.431910783Z,2026-05-18T11:41:22.171733969Z,1,1,42867406,T,B,0,133.500000000,3,0,20454,116421395,132.000000000,133.500000000,1,3,1,1,ESM6 C7425
2026-05-18T11:41:26.232230057Z,2026-05-18T11:41:26.231860499Z,1,1,42378346,T,B,0,93.000000000,1,0,13985,116478874,92.750000000,93.000000000,18,1,1,1,ESM6 C7500
2026-05-18T11:41:28.566339587Z,2026-05-18T11:41:28.505034673Z,1,1,42881512,T,B,0,4.500000000,15,0,12820,116503881,4.200000000,4.500000000,217,15,2,1,ESM6 C7925
2026-05-18T11:41:34.488545558Z,2026-05-18T11:41:34.464283941Z,1,1,2506988,T,A,0,308.500000000,51,0,22565,31594547,308.500000000,309.500000000,51,25,2,1,UD:1V:CFO 2506988
2026-05-18T11:41:34.503847334Z,2026-05-18T11:41:34.488435813Z,1,1,2506988,T,B,0,308.500000000,34,0,11221,31594814,307.000000000,308.500000000,94,24,2,1,UD:1V:CFO 2506988
2026-05-18T11:41:34.552511231Z,2026-05-18T11:41:34.503851011Z,1,1,2506988,T,B,0,308.500000000,141,0,15010,31595010,307.000000000,308.500000000,94,15,2,1,UD:1V:CFO 2506988
2026-05-18T11:41:34.552960564Z,2026-05-18T11:41:34.503908319Z,1,1,2506988,T,B,0,308.500000000,14,0,11878,31595012,307.000000000,308.500000000,94,24,2,1,UD:1V:CFO 2506988
2026-05-18T11:41:34.612404126Z,2026-05-18T11:41:34.595183089Z,1,1,2506988,T,B,0,308.500000000,10,0,15662,31595354,307.000000000,308.500000000,94,10,2,1,UD:1V:CFO 2506988
2026-05-18T11:41:36.076257662Z,2026-05-18T11:41:36.074502803Z,1,1,2673772,T,B,0,122.000000000,1,0,13603,31599735,121.000000000,122.000000000,22,1,2,1,UD:1V: VT 2673772
2026-05-18T11:41:39.464516903Z,2026-05-18T11:41:39.362624879Z,1,1,42602509,T,B,0,8.500000000,6,0,13414,116644046,8.200000000,8.500000000,38,6,1,1,ESM6 C7850
2026-05-18T11:41:39.464572215Z,2026-05-18T11:41:39.362725975Z,1,1,42791084,T,B,0,16.100000000,6,0,10280,116644052,15.800000000,16.100000000,45,6,1,1,ESU6 C8450
2026-05-18T11:41:42.942374038Z,2026-05-18T11:41:42.850272311Z,1,1,42893451,T,B,0,6.900000000,6,0,13064,116687104,6.600000000,6.900000000,126,6,3,1,ESM6 C7875
2026-05-18T11:41:44.147795179Z,2026-05-18T11:41:44.147340583Z,1,1,42404374,T,A,0,35.750000000,30,0,16451,116706303,35.750000000,36.500000000,59,40,2,2,ESM6 P7000
2026-05-18T11:41:48.216477036Z,2026-05-18T11:41:47.936489059Z,1,1,2503857,T,A,0,49.500000000,1,0,19457,31644842,49.500000000,51.250000000,1,28,1,1,UD:1V: BO 2503857
2026-05-18T11:41:50.136460675Z,2026-05-18T11:41:50.127636095Z,1,1,42384729,T,B,0,5.700000000,6,0,14279,116776584,5.400000000,5.700000000,138,6,3,1,ESM6 C7900
2026-05-18T11:41:50.666111289Z,2026-05-18T11:41:50.571249175Z,1,1,42496686,T,B,0,13.600000000,1,0,12090,116784028,13.200000000,13.600000000,52,6,2,1,ESU6 C8500
2026-05-18T11:41:50.666245990Z,2026-05-18T11:41:50.571249613Z,1,1,42496686,T,B,0,13.600000000,5,0,12568,116784030,13.200000000,13.600000000,52,5,2,1,ESU6 C8500
2026-05-18T11:41:50.800685113Z,2026-05-18T11:41:50.571258125Z,1,1,2506840,T,A,0,70.000000000,1,0,12397,31659121,70.000000000,71.750000000,1,19,1,2,UD:1V: VT 2506840
2026-05-18T11:41:50.808336740Z,2026-05-18T11:41:50.571270701Z,1,1,2506840,T,A,0,70.000000000,1,0,10572,31659232,70.000000000,71.750000000,1,13,1,1,UD:1V: VT 2506840
2026-05-18T11:41:50.893282086Z,2026-05-18T11:41:50.572702545Z,1,1,42472880,T,B,0,19.200000000,6,0,12754,116788860,18.700000000,19.200000000,40,6,1,1,ESU6 C8400
2026-05-18T11:41:51.018020401Z,2026-05-18T11:41:50.666699523Z,1,1,42881512,T,B,0,4.700000000,6,0,18852,116791693,4.400000000,4.700000000,127,6,2,1,ESM6 C7925
2026-05-18T11:41:51.028352721Z,2026-05-18T11:41:50.666699877Z,1,1,2668719,T,A,0,2.000000000,2,0,13904,31660356,2.000000000,5.500000000,2,6,1,1,UD:1V: GN 2668719
2026-05-18T11:41:51.094717106Z,2026-05-18T11:41:50.679916609Z,1,1,2656006,T,B,0,14.400000000,3,0,13592,31660717,14.300000000,14.400000000,113,3,1,1,UD:1V: VT 2656006
2026-05-18T11:41:51.193230846Z,2026-05-18T11:41:50.701155385Z,1,1,42416106,T,B,0,120.000000000,1,0,10256,116795218,118.500000000,120.000000000,3,1,2,1,ESM6 C7450
2026-05-18T11:41:52.227163694Z,2026-05-18T11:41:52.130384625Z,1,1,42458390,T,B,0,100.000000000,5,0,16746,116815247,99.000000000,100.000000000,24,38,2,2,ESU6 P6700
2026-05-18T11:41:58.983585465Z,2026-05-18T11:41:58.982885779Z,1,1,2506988,T,B,0,308.500000000,25,0,24334,31691132,307.000000000,308.500000000,58,25,2,1,UD:1V:CFO 2506988
2026-05-18T11:42:00.844243662Z,2026-05-18T11:42:00.650146443Z,1,1,2506840,T,A,0,70.000000000,1,0,13446,31699724,70.000000000,71.000000000,1,56,1,3,UD:1V: VT 2506840
2026-05-18T11:42:08.295798038Z,2026-05-18T11:42:08.215647959Z,1,1,2506988,T,B,0,308.000000000,45,0,17879,31731492,307.000000000,308.000000000,58,25,2,1,UD:1V:CFO 2506988
2026-05-18T11:42:08.313420244Z,2026-05-18T11:42:08.256273209Z,1,1,2506988,T,B,0,308.000000000,5,0,13110,31731675,307.000000000,308.000000000,58,5,2,1,UD:1V:CFO 2506988
2026-05-18T11:42:12.210247465Z,2026-05-18T11:42:12.203445555Z,1,1,2503694,T,B,0,35.250000000,12,0,15283,31749499,34.750000000,35.250000000,84,20,3,1,UD:1V: BO 2503694
2026-05-18T11:42:12.210269639Z,2026-05-18T11:42:12.203483011Z,1,1,2503694,T,B,0,35.250000000,8,0,11741,31749500,34.750000000,35.250000000,84,8,3,1,UD:1V: BO 2503694
2026-05-18T11:42:31.172673425Z,2026-05-18T11:42:31.094357957Z,1,1,42384731,T,A,0,88.000000000,1,0,15531,117308993,88.000000000,88.500000000,1,37,1,3,ESM6 P7300
2026-05-18T11:42:59.378061827Z,2026-05-18T11:42:59.377347295Z,1,1,42366513,T,A,0,120.000000000,1,0,14514,117648192,120.000000000,120.500000000,1,23,1,2,ESM6 P7400
2026-05-18T11:43:03.051230031Z,2026-05-18T11:43:03.041718257Z,1,1,2506988,T,A,0,307.500000000,55,0,18019,31946079,307.500000000,308.000000000,55,25,3,1,UD:1V:CFO 2506988
2026-05-18T11:43:03.060088777Z,2026-05-18T11:43:03.059451451Z,1,1,2506988,T,B,0,307.500000000,33,0,15479,31946253,307.000000000,307.500000000,19,20,1,1,UD:1V:CFO 2506988
2026-05-18T11:43:03.456089297Z,2026-05-18T11:43:03.428921769Z,1,1,2506988,T,B,0,307.500000000,10,0,21280,31947286,307.000000000,307.500000000,19,12,1,1,UD:1V:CFO 2506988
2026-05-18T11:43:24.152676670Z,2026-05-18T11:43:24.152142001Z,1,1,42760626,T,A,0,30.000000000,3,0,13865,117892512,30.000000000,30.500000000,3,63,1,4,ESM6 P6925
2026-05-18T11:43:26.631371041Z,2026-05-18T11:43:26.619009377Z,1,1,42366513,T,B,0,120.500000000,1,0,14512,117912637,119.000000000,120.500000000,17,42,1,4,ESM6 P7400
2026-05-18T11:43:41.502407931Z,2026-05-18T11:43:41.470261427Z,1,1,42429362,T,B,0,127.500000000,14,0,17064,117990669,126.500000000,127.500000000,41,14,2,2,ESU6 P6900
2026-05-18T11:43:52.510217617Z,2026-05-18T11:43:52.509588895Z,1,1,2507146,T,A,0,82.000000000,1,0,16236,32064520,82.000000000,82.250000000,1,15,1,2,UD:1V: VT 2507146
2026-05-18T11:44:00.386236985Z,2026-05-18T11:44:00.385508239Z,1,1,2506988,T,A,0,307.500000000,6,0,14320,32081596,307.500000000,308.000000000,6,2,1,1,UD:1V:CFO 2506988
2026-05-18T11:44:00.387318926Z,2026-05-18T11:44:00.386294871Z,1,1,2506988,T,B,0,307.500000000,15,0,13683,32081598,307.000000000,307.500000000,10,21,1,1,UD:1V:CFO 2506988
2026-05-18T11:44:00.413826391Z,2026-05-18T11:44:00.413300453Z,1,1,2506988,T,B,0,307.500000000,6,0,13856,32081623,307.000000000,307.500000000,10,6,1,1,UD:1V:CFO 2506988
2026-05-18T11:44:03.681462246Z,2026-05-18T11:44:03.681038249Z,1,1,42366513,T,A,0,120.500000000,1,0,15743,118190024,120.500000000,121.000000000,1,31,1,4,ESM6 P7400
2026-05-18T11:44:06.083919398Z,2026-05-18T11:44:05.686824587Z,1,1,42916927,T,A,0,129.500000000,2,0,14432,118214586,129.500000000,130.500000000,2,12,1,1,ESM6 P7425
2026-05-18T11:44:47.020905855Z,2026-05-18T11:44:47.020210411Z,1,1,2506988,T,A,0,307.500000000,100,0,19661,32181407,307.500000000,308.500000000,100,25,1,1,UD:1V:CFO 2506988
2026-05-18T11:44:47.021687196Z,2026-05-18T11:44:47.020926579Z,1,1,2506988,T,B,0,307.500000000,25,0,12646,32181409,307.000000000,307.500000000,126,25,3,1,UD:1V:CFO 2506988
2026-05-18T11:44:47.051880100Z,2026-05-18T11:44:47.051361313Z,1,1,2506988,T,B,0,307.500000000,25,0,15981,32181423,307.000000000,307.500000000,126,25,3,1,UD:1V:CFO 2506988
2026-05-18T11:44:47.055939151Z,2026-05-18T11:44:47.055595909Z,1,1,2506988,T,B,0,307.500000000,25,0,18131,32181429,307.000000000,307.500000000,126,25,3,1,UD:1V:CFO 2506988
2026-05-18T11:44:47.063665730Z,2026-05-18T11:44:47.063149949Z,1,1,2506988,T,B,0,307.500000000,25,0,13169,32181458,307.000000000,307.500000000,126,25,3,1,UD:1V:CFO 2506988
2026-05-18T11:44:47.812961377Z,2026-05-18T11:44:47.812390595Z,1,1,2506988,T,B,0,307.500000000,25,0,16122,32181878,307.000000000,307.500000000,10,25,1,1,UD:1V:CFO 2506988
2026-05-18T11:45:21.739309164Z,2026-05-18T11:45:21.708106213Z,1,1,42396824,T,A,0,84.250000000,26,0,16632,118723130,84.250000000,85.500000000,26,83,2,5,ESU6 P6550
2026-05-18T11:45:21.803941142Z,2026-05-18T11:45:21.747051149Z,1,1,42404374,T,A,0,37.000000000,5,0,11285,118724640,37.000000000,37.500000000,5,76,1,3,ESM6 P7000
2026-05-18T11:45:26.212276979Z,2026-05-18T11:45:26.155521079Z,1,1,2506988,T,A,0,307.500000000,37,0,14170,32262089,307.500000000,308.500000000,140,41,2,3,UD:1V:CFO 2506988
2026-05-18T11:45:34.402647910Z,2026-05-18T11:45:34.396682439Z,1,1,2506988,T,A,0,307.500000000,103,0,18506,32287642,307.500000000,308.500000000,103,41,2,3,UD:1V:CFO 2506988
2026-05-18T11:45:34.954846601Z,2026-05-18T11:45:34.947061923Z,1,1,42404374,T,B,0,37.500000000,40,0,23045,118862054,36.500000000,37.500000000,90,40,5,2,ESM6 P7000
2026-05-18T11:45:41.981338495Z,2026-05-18T11:45:41.980479883Z,1,1,2506988,T,B,0,307.500000000,150,0,17134,32306250,307.000000000,307.500000000,6,25,1,1,UD:1V:CFO 2506988
2026-05-18T11:45:45.460200247Z,2026-05-18T11:45:45.459620283Z,1,1,2506988,T,B,0,307.500000000,175,0,14413,32317481,307.000000000,307.500000000,6,25,1,1,UD:1V:CFO 2506988
2026-05-18T11:45:47.638955438Z,2026-05-18T11:45:47.607946285Z,1,1,2506905,T,A,0,-0.050000000,33,0,12561,32325185,-0.050000000,0.300000000,100,58,1,3,UD:1V: GN 2506905
2026-05-18T11:45:48.019363935Z,2026-05-18T11:45:48.016851127Z,1,1,2506905,T,A,0,-0.050000000,29,0,15193,32327533,-0.050000000,0.300000000,67,58,1,3,UD:1V: GN 2506905
2026-05-18T11:45:48.243814774Z,2026-05-18T11:45:48.199015683Z,1,1,2506905,T,A,0,-0.050000000,26,0,13811,32328233,-0.050000000,0.300000000,38,58,1,3,UD:1V: GN 2506905
2026-05-18T11:45:48.806789025Z,2026-05-18T11:45:48.804502869Z,1,1,2506905,T,A,0,-0.050000000,12,0,13544,32329836,-0.050000000,0.300000000,12,172,1,3,UD:1V: GN 2506905
2026-05-18T11:45:52.577965555Z,2026-05-18T11:45:52.216036271Z,1,1,42510079,T,A,0,174.000000000,1,0,21588,119028060,174.000000000,176.000000000,1,26,1,3,ESM6 C7350
2026-05-18T11:46:23.651783511Z,2026-05-18T11:46:23.599711449Z,1,1,42396824,T,A,0,85.750000000,2,0,14126,119257125,85.750000000,86.000000000,2,57,1,2,ESU6 P6550
2026-05-18T11:46:25.181143839Z,2026-05-18T11:46:25.174295391Z,1,1,42487843,T,B,0,58.000000000,1,0,13050,119275954,57.500000000,58.000000000,61,1,4,1,ESM6 P7150
2026-05-18T11:46:55.479578494Z,2026-05-18T11:46:55.479173895Z,1,1,42378346,T,B,0,88.500000000,2,0,17370,119455178,87.500000000,88.500000000,51,14,4,1,ESM6 C7500
2026-05-18T11:46:56.906285721Z,2026-05-18T11:46:56.521732501Z,1,1,42366513,T,B,0,123.000000000,1,0,13683,119476829,122.000000000,123.000000000,27,1,4,1,ESM6 P7400
2026-05-18T11:47:16.442406769Z,2026-05-18T11:47:16.441991209Z,1,1,42378346,T,B,0,87.750000000,2,0,23295,119622259,86.750000000,87.750000000,53,13,5,1,ESM6 C7500
2026-05-18T11:47:20.762059897Z,2026-05-18T11:47:20.761386997Z,1,1,2667408,T,B,0,50.000000000,1,0,13374,32517178,49.250000000,50.000000000,8,1,2,1,UD:1V: GN 2667408
2026-05-18T11:47:47.025290253Z,2026-05-18T11:47:47.024921893Z,1,1,42366513,T,B,0,123.000000000,1,0,13136,119772920,122.500000000,123.000000000,51,1,5,1,ESM6 P7400
2026-05-18T11:49:01.190090052Z,2026-05-18T11:49:01.189708389Z,1,1,42366513,T,B,0,124.000000000,1,0,17200,120157855,123.500000000,124.000000000,51,1,5,1,ESM6 P7400
2026-05-18T11:49:21.911550137Z,2026-05-18T11:49:21.910943607Z,1,1,2670133,T,B,0,49.750000000,2,0,13573,32690006,49.500000000,49.750000000,238,2,4,1,UD:1V: VT 2670133
2026-05-18T11:49:34.755094187Z,2026-05-18T11:49:34.754610289Z,1,1,2670133,T,B,0,50.000000000,1,0,14786,32713883,49.750000000,50.000000000,256,1,5,1,UD:1V: VT 2670133
2026-05-18T11:50:54.363600416Z,2026-05-18T11:50:54.330845097Z,1,1,42378346,T,A,0,86.500000000,5,0,14145,120724625,86.500000000,87.000000000,5,25,1,3,ESM6 C7500
2026-05-18T11:51:33.537346113Z,2026-05-18T11:51:33.536981633Z,1,1,42404374,T,B,0,38.000000000,10,0,13631,120868391,37.750000000,38.000000000,44,10,3,1,ESM6 P7000
2026-05-18T11:51:39.548666125Z,2026-05-18T11:51:39.320498453Z,1,1,2501637,T,B,0,319.000000000,33,0,14605,32860190,316.500000000,319.000000000,19,33,1,1,UD:1V: GN 2501637
2026-05-18T11:52:06.961120572Z,2026-05-18T11:52:06.960729543Z,1,1,42378346,T,A,0,86.250000000,1,0,15840,121051776,86.250000000,86.750000000,1,21,1,2,ESM6 C7500
2026-05-18T11:52:24.296493916Z,2026-05-18T11:52:24.296117931Z,1,1,42404374,T,B,0,38.250000000,2,0,13541,121105793,38.000000000,38.250000000,69,2,4,1,ESM6 P7000
2026-05-18T11:53:15.388726105Z,2026-05-18T11:53:15.323710467Z,1,1,2507645,T,A,0,20.250000000,5,0,16370,32968612,20.250000000,20.500000000,5,490,1,6,UD:1V: VT 2507645
2026-05-18T11:53:33.423830915Z,2026-05-18T11:53:33.423244803Z,1,1,2504999,T,A,0,93.250000000,4,0,13826,32999885,93.250000000,94.000000000,100,32,1,2,UD:1V: GN 2504999
2026-05-18T11:53:57.179005819Z,2026-05-18T11:53:57.138806723Z,1,1,2507749,T,A,0,40.750000000,5,0,15489,33022894,40.750000000,41.000000000,5,104,1,4,UD:1V: VT 2507749
2026-05-18T11:54:07.471100180Z,2026-05-18T11:54:07.470521629Z,1,1,42506288,T,A,0,61.500000000,3,0,14559,121548567,61.500000000,62.250000000,3,87,1,4,ESU6 P6250
2026-05-18T11:54:08.002302247Z,2026-05-18T11:54:08.001828441Z,1,1,42506295,T,A,0,108.500000000,3,0,13613,121549978,108.500000000,109.000000000,3,33,1,3,ESU6 P6750
2026-05-18T11:54:08.531249782Z,2026-05-18T11:54:08.530731429Z,1,1,42439350,T,A,0,65.000000000,3,0,14124,121551076,65.000000000,65.750000000,3,107,1,5,ESU6 P6300
2026-05-18T11:54:09.062070961Z,2026-05-18T11:54:09.061566557Z,1,1,42413475,T,A,0,68.750000000,3,0,14648,121551515,68.750000000,69.250000000,3,63,1,4,ESU6 P6350
2026-05-18T11:54:12.500810948Z,2026-05-18T11:54:12.496322859Z,1,1,42740173,T,A,0,105.500000000,3,0,19138,121563576,105.500000000,106.000000000,3,33,1,3,ESU6 P6725
2026-05-18T11:54:13.030782927Z,2026-05-18T11:54:13.030245849Z,1,1,42506289,T,A,0,77.000000000,3,0,14356,121565357,77.000000000,77.500000000,3,94,1,5,ESU6 P6450
2026-05-18T11:54:13.808870410Z,2026-05-18T11:54:13.808334803Z,1,1,42396832,T,A,0,96.750000000,3,0,14307,121568058,96.750000000,97.250000000,3,62,1,4,ESU6 P6650
2026-05-18T11:54:14.338805139Z,2026-05-18T11:54:14.338290531Z,1,1,42429284,T,A,0,91.250000000,3,0,16647,121569667,91.250000000,91.750000000,3,63,1,4,ESU6 P6600
2026-05-18T11:54:14.898789460Z,2026-05-18T11:54:14.895241339Z,1,1,42506289,T,A,0,77.000000000,3,0,14039,121573996,77.000000000,77.500000000,3,94,1,5,ESU6 P6450
2026-05-18T11:54:16.311527486Z,2026-05-18T11:54:16.310733069Z,1,1,42506289,T,A,0,77.000000000,3,0,14253,121575399,77.000000000,77.500000000,3,94,1,5,ESU6 P6450
2026-05-18T11:54:16.840717212Z,2026-05-18T11:54:16.840165153Z,1,1,42396832,T,A,0,96.750000000,3,0,13971,121576253,96.750000000,97.250000000,3,62,1,4,ESU6 P6650
2026-05-18T11:54:17.369911788Z,2026-05-18T11:54:17.369408853Z,1,1,42396832,T,A,0,96.750000000,3,0,13935,121577141,96.750000000,97.250000000,3,62,1,4,ESU6 P6650
2026-05-18T11:54:21.296162359Z,2026-05-18T11:54:21.275249197Z,1,1,42506295,T,A,0,108.500000000,3,0,13806,121586596,108.500000000,109.000000000,3,33,1,3,ESU6 P6750
2026-05-18T11:54:21.879841363Z,2026-05-18T11:54:21.874902759Z,1,1,42471229,T,A,0,291.500000000,3,0,15923,121590048,291.500000000,292.000000000,3,12,1,2,ESU6 C7450
2026-05-18T11:54:23.296021547Z,2026-05-18T11:54:23.277460271Z,1,1,42396832,T,A,0,96.750000000,3,0,12844,121596510,96.750000000,97.250000000,3,59,1,3,ESU6 P6650
2026-05-18T11:54:23.942891571Z,2026-05-18T11:54:23.940226481Z,1,1,42439351,T,A,0,81.500000000,3,0,13950,121598552,81.500000000,82.000000000,3,65,1,4,ESU6 P6500
2026-05-18T11:54:25.762358214Z,2026-05-18T11:54:25.761241139Z,1,1,42396832,T,A,0,96.750000000,3,0,13038,121605551,96.750000000,97.250000000,3,62,1,4,ESU6 P6650
2026-05-18T11:54:29.574699252Z,2026-05-18T11:54:29.574144449Z,1,1,42458390,T,A,0,102.500000000,3,0,16619,121617724,102.500000000,103.000000000,3,60,1,4,ESU6 P6700
2026-05-18T11:54:30.357386059Z,2026-05-18T11:54:30.356832169Z,1,1,42740173,T,A,0,105.500000000,3,0,19643,121619022,105.500000000,106.000000000,3,55,1,3,ESU6 P6725
2026-05-18T11:54:32.933010703Z,2026-05-18T11:54:32.915637637Z,1,1,42413476,T,A,0,72.750000000,3,0,14166,121626766,72.750000000,73.250000000,3,98,1,5,ESU6 P6400
2026-05-18T11:54:33.698605947Z,2026-05-18T11:54:33.661651549Z,1,1,42506295,T,A,0,108.500000000,3,0,11295,121629830,108.500000000,109.000000000,3,24,1,2,ESU6 P6750
2026-05-18T11:54:34.366973980Z,2026-05-18T11:54:34.366349817Z,1,1,2504999,T,A,0,93.250000000,1,0,12074,33054602,93.250000000,94.000000000,107,32,2,2,UD:1V: GN 2504999
2026-05-18T11:54:34.471837779Z,2026-05-18T11:54:34.467368871Z,1,1,42458390,T,A,0,102.500000000,3,0,12436,121633799,102.500000000,103.000000000,3,60,1,4,ESU6 P6700
2026-05-18T11:54:35.054170195Z,2026-05-18T11:54:35.053629715Z,1,1,42506295,T,A,0,108.500000000,3,0,19324,121635842,108.500000000,109.000000000,3,24,1,2,ESU6 P6750
2026-05-18T11:54:37.756807268Z,2026-05-18T11:54:37.756253973Z,1,1,42458390,T,A,0,102.500000000,3,0,14225,121651343,102.500000000,103.000000000,3,57,1,3,ESU6 P6700
2026-05-18T11:54:42.395459543Z,2026-05-18T11:54:42.394811163Z,1,1,2504999,T,A,0,93.250000000,6,0,11865,33064302,93.250000000,94.000000000,95,32,1,2,UD:1V: GN 2504999
2026-05-18T11:54:47.787364369Z,2026-05-18T11:54:47.776205843Z,1,1,42458390,T,A,0,102.500000000,6,0,14280,121691907,102.500000000,103.000000000,6,60,1,4,ESU6 P6700
2026-05-18T11:54:48.570330489Z,2026-05-18T11:54:48.569787597Z,1,1,42458390,T,A,0,102.500000000,6,0,14062,121694413,102.500000000,103.000000000,6,60,1,4,ESU6 P6700
2026-05-18T11:54:49.547694969Z,2026-05-18T11:54:49.475614101Z,1,1,42506172,T,A,0,423.500000000,6,0,13652,121699944,423.500000000,425.000000000,6,7,1,2,ESU6 C7250
2026-05-18T11:54:50.897960848Z,2026-05-18T11:54:50.897469095Z,1,1,42506289,T,A,0,77.000000000,6,0,16631,121704269,77.000000000,77.500000000,6,94,1,5,ESU6 P6450
2026-05-18T11:54:51.427007726Z,2026-05-18T11:54:51.426571917Z,1,1,42396824,T,A,0,86.250000000,6,0,13995,121705272,86.250000000,86.750000000,6,66,1,4,ESU6 P6550
2026-05-18T11:54:52.054549959Z,2026-05-18T11:54:52.054035931Z,1,1,42506289,T,A,0,77.000000000,6,0,13918,121706092,77.000000000,77.500000000,6,94,1,5,ESU6 P6450
2026-05-18T11:54:52.836237603Z,2026-05-18T11:54:52.835706077Z,1,1,42740173,T,A,0,105.500000000,6,0,14388,121707823,105.500000000,106.000000000,6,55,1,3,ESU6 P6725
2026-05-18T11:54:54.635138516Z,2026-05-18T11:54:54.622374891Z,1,1,42465600,T,A,0,269.500000000,6,0,14768,121712867,269.500000000,270.000000000,6,3,1,1,ESU6 P7450
2026-05-18T11:54:55.222630878Z,2026-05-18T11:54:55.221636577Z,1,1,42429284,T,A,0,91.500000000,6,0,14231,121714593,91.500000000,91.750000000,6,63,1,4,ESU6 P6600
2026-05-18T11:54:55.751607185Z,2026-05-18T11:54:55.751146767Z,1,1,42506289,T,A,0,77.250000000,6,0,15092,121717132,77.250000000,77.500000000,6,94,1,5,ESU6 P6450
2026-05-18T11:54:56.351425403Z,2026-05-18T11:54:56.311625335Z,1,1,42429284,T,A,0,91.500000000,6,0,12290,121723996,91.500000000,91.750000000,6,62,1,4,ESU6 P6600
2026-05-18T11:54:56.989675893Z,2026-05-18T11:54:56.989080093Z,1,1,42429363,T,A,0,190.500000000,6,0,14279,121727611,190.500000000,191.000000000,6,41,1,3,ESU6 P7200
2026-05-18T11:54:58.022393730Z,2026-05-18T11:54:58.021627061Z,1,1,42429363,T,A,0,190.500000000,6,0,14165,121731563,190.500000000,191.000000000,6,16,1,2,ESU6 P7200
2026-05-18T11:55:00.548314446Z,2026-05-18T11:55:00.335619669Z,1,1,42378346,T,A,0,85.000000000,1,0,13207,121748399,85.000000000,85.500000000,1,19,1,1,ESM6 C7500
2026-05-18T11:55:26.283886219Z,2026-05-18T11:55:26.282474465Z,1,1,42404374,T,B,0,38.250000000,4,0,15087,121832799,37.750000000,38.250000000,71,4,4,1,ESM6 P7000
2026-05-18T11:55:53.709986041Z,2026-05-18T11:55:53.655023497Z,1,1,42366513,T,A,0,124.500000000,2,0,11224,121925181,124.500000000,125.000000000,2,17,1,1,ESM6 P7400
2026-05-18T11:56:41.104207110Z,2026-05-18T11:56:41.036406337Z,1,1,2507814,T,A,0,39.750000000,2,0,14616,33195418,39.750000000,42.250000000,2,12,1,1,UD:1V: GN 2507814
2026-05-18T11:56:41.198806377Z,2026-05-18T11:56:41.053666387Z,1,1,42404374,T,B,0,38.250000000,4,0,11123,122122222,37.750000000,38.250000000,65,4,3,1,ESM6 P7000
2026-05-18T11:57:46.841210721Z,2026-05-18T11:57:46.833245801Z,1,1,2507915,T,A,0,-230.000000000,1,0,13472,33349038,-230.000000000,,1,0,1,0,UD:1V: GN 2507915
2026-05-18T11:57:49.037921401Z,2026-05-18T11:57:48.789316477Z,1,1,42366513,T,A,0,125.500000000,2,0,16753,122591455,125.500000000,126.000000000,2,17,1,1,ESM6 P7400
2026-05-18T11:59:01.116655137Z,2026-05-18T11:59:01.116075607Z,1,1,2673141,T,A,0,78.250000000,1,0,13416,33465684,78.250000000,79.250000000,1,113,1,4,UD:1V: SG 2673141
2026-05-18T11:59:45.763121284Z,2026-05-18T11:59:45.760095729Z,1,1,42366511,T,B,0,47.500000000,1,0,14271,123074143,47.000000000,47.500000000,38,1,4,1,ESM6 C7600
2026-05-18T12:01:00.354575343Z,2026-05-18T12:01:00.353616615Z,1,1,42378618,T,A,0,28.750000000,1,0,14827,123388176,28.750000000,29.250000000,1,104,1,6,ESM6 P6900
2026-05-18T12:03:36.938303536Z,2026-05-18T12:03:36.937633469Z,1,1,2508081,T,A,0,192.000000000,10,0,14617,33779691,192.000000000,192.500000000,10,222,1,6,UD:1V: IB 2508081
2026-05-18T12:03:49.378272426Z,2026-05-18T12:03:49.377583485Z,1,1,2508081,T,A,0,192.000000000,10,0,14208,33787160,192.000000000,192.500000000,10,247,1,7,UD:1V: IB 2508081
2026-05-18T12:04:00.841513513Z,2026-05-18T12:04:00.840852939Z,1,1,2508081,T,A,0,192.000000000,10,0,13397,33794345,192.000000000,192.500000000,10,247,1,7,UD:1V: IB 2508081
2026-05-18T12:04:10.096686096Z,2026-05-18T12:04:10.083875585Z,1,1,2508081,T,A,0,192.000000000,9,0,13803,33803451,192.000000000,192.500000000,11,230,2,7,UD:1V: IB 2508081
2026-05-18T12:04:11.209637098Z,2026-05-18T12:04:11.207716789Z,1,1,2508081,T,A,0,192.000000000,1,0,13598,33805644,192.000000000,192.500000000,2,230,2,7,UD:1V: IB 2508081
2026-05-18T12:04:20.612922980Z,2026-05-18T12:04:20.612281729Z,1,1,2508081,T,A,0,192.000000000,10,0,13218,33822041,192.000000000,192.500000000,10,230,1,7,UD:1V: IB 2508081
2026-05-18T12:04:31.913445345Z,2026-05-18T12:04:31.912810885Z,1,1,2508081,T,A,0,192.000000000,10,0,19613,33830640,192.000000000,192.500000000,10,230,1,7,UD:1V: IB 2508081
2026-05-18T12:04:38.553848888Z,2026-05-18T12:04:38.553178175Z,1,1,2508081,T,A,0,192.000000000,10,0,14323,33838868,192.000000000,192.500000000,10,362,1,8,UD:1V: IB 2508081
2026-05-18T12:05:29.378767647Z,2026-05-18T12:05:29.363346871Z,1,1,42384729,T,B,0,5.000000000,6,0,14463,124434329,4.800000000,5.000000000,220,6,6,1,ESM6 C7900
2026-05-18T12:05:52.522585867Z,2026-05-18T12:05:52.521947747Z,1,1,2673562,T,A,0,42.750000000,12,0,13078,33943617,42.750000000,43.000000000,60,376,1,3,UD:1V: BO 2673562
2026-05-18T12:06:03.752493991Z,2026-05-18T12:06:03.747890671Z,1,1,2670295,T,A,0,38.500000000,5,0,13623,33965587,38.500000000,38.750000000,5,96,1,3,UD:1V: VT 2670295
2026-05-18T12:06:04.511061508Z,2026-05-18T12:06:04.504034877Z,1,1,2508222,T,A,0,212.000000000,7,0,12511,33966336,212.000000000,212.500000000,10,90,1,6,UD:1V: IB 2508222
2026-05-18T12:06:04.564510124Z,2026-05-18T12:06:04.511076979Z,1,1,2508222,T,A,0,212.000000000,1,0,13381,33966594,212.000000000,212.500000000,3,90,1,6,UD:1V: IB 2508222
2026-05-18T12:06:04.760869972Z,2026-05-18T12:06:04.615758513Z,1,1,2508222,T,A,0,212.000000000,2,0,14684,33967559,212.000000000,212.500000000,2,84,1,5,UD:1V: IB 2508222
2026-05-18T12:06:10.757586014Z,2026-05-18T12:06:10.743802469Z,1,1,42377577,T,A,0,126.000000000,10,0,14546,124672720,126.000000000,126.500000000,10,29,2,2,ESU6 C7800
2026-05-18T12:06:23.250528086Z,2026-05-18T12:06:23.133321607Z,1,1,2508222,T,A,0,212.000000000,10,0,13084,34003738,212.000000000,212.500000000,10,94,1,6,UD:1V: IB 2508222
2026-05-18T12:06:48.291632619Z,2026-05-18T12:06:48.287960553Z,1,1,2672334,T,A,0,194.500000000,1,0,14425,34038676,194.500000000,195.000000000,10,38,1,5,UD:1V: IB 2672334
2026-05-18T12:06:58.815033166Z,2026-05-18T12:06:58.814316213Z,1,1,2672334,T,A,0,194.500000000,9,0,15129,34054830,194.500000000,195.000000000,9,74,1,6,UD:1V: IB 2672334
2026-05-18T12:07:41.394849564Z,2026-05-18T12:07:41.312061161Z,1,1,42629564,T,A,0,110.000000000,6,0,11093,125106361,110.000000000,110.500000000,6,55,1,4,ESU6 C7850
2026-05-18T12:07:53.632433439Z,2026-05-18T12:07:53.631472395Z,1,1,42384729,T,B,0,5.100000000,6,0,13598,125143529,4.900000000,5.100000000,212,6,6,1,ESM6 C7900
2026-05-18T12:08:00.518482489Z,2026-05-18T12:08:00.511207369Z,1,1,42300184,T,A,0,24.750000000,2,0,13737,125175128,24.750000000,25.000000000,2,49,1,4,ESM6 P6850
2026-05-18T12:08:14.516633507Z,2026-05-18T12:08:14.368203541Z,1,1,2508293,T,B,0,190.000000000,6,0,13156,34162172,189.500000000,190.000000000,2,6,1,1,UD:1V: IB 2508293
2026-05-18T12:08:14.572824852Z,2026-05-18T12:08:14.516645975Z,1,1,2508293,T,A,0,190.000000000,4,0,13373,34162741,190.000000000,190.500000000,4,247,1,5,UD:1V: IB 2508293
2026-05-18T12:08:28.044223582Z,2026-05-18T12:08:28.040988483Z,1,1,2508293,T,A,0,190.000000000,10,0,14645,34173669,190.000000000,190.500000000,10,264,1,7,UD:1V: IB 2508293
2026-05-18T12:08:36.008759604Z,2026-05-18T12:08:35.932582193Z,1,1,42300184,T,A,0,24.750000000,2,0,18117,125325622,24.750000000,25.000000000,2,49,1,4,ESM6 P6850
2026-05-18T12:08:37.952436367Z,2026-05-18T12:08:37.947579659Z,1,1,2670295,T,A,0,39.000000000,4,0,14362,34192216,39.000000000,39.250000000,4,205,1,5,UD:1V: VT 2670295
2026-05-18T12:08:51.802306071Z,2026-05-18T12:08:51.566229109Z,1,1,2506840,T,B,0,72.750000000,6,0,11458,34216313,72.250000000,72.750000000,81,6,3,1,UD:1V: VT 2506840
2026-05-18T12:09:49.566955593Z,2026-05-18T12:09:49.566531525Z,1,1,42663437,T,B,0,3.350000000,1,0,15320,125650014,3.300000000,3.350000000,147,1,4,1,ESM6 C7950
2026-05-18T12:10:07.746380588Z,2026-05-18T12:10:07.705537301Z,1,1,42871623,T,A,0,56.750000000,1,0,17077,125743136,56.750000000,57.250000000,1,51,1,5,ESM6 C7575
2026-05-18T12:10:36.651286470Z,2026-05-18T12:10:36.566515727Z,1,1,42332440,T,A,0,276.500000000,22,0,12580,125847820,276.500000000,278.500000000,22,46,1,4,ESZ6 P7200
2026-05-18T12:10:42.353667492Z,2026-05-18T12:10:42.353014873Z,1,1,2508389,T,A,0,164.000000000,10,0,14737,34359696,164.000000000,164.500000000,10,282,1,6,UD:1V: IB 2508389
2026-05-18T12:10:49.929056347Z,2026-05-18T12:10:49.928383039Z,1,1,2508389,T,A,0,164.000000000,10,0,13813,34371993,164.000000000,164.500000000,10,316,1,8,UD:1V: IB 2508389
2026-05-18T12:11:00.603866702Z,2026-05-18T12:11:00.541838221Z,1,1,42760605,T,A,0,11.200000000,25,0,11313,125937117,11.200000000,11.500000000,25,439,1,7,ESM6 P6475
2026-05-18T12:11:11.680765128Z,2026-05-18T12:11:11.676231131Z,1,1,42892714,T,A,0,20.000000000,1,0,14063,126017766,20.000000000,21.000000000,138,64,7,4,ESM6 C7725
2026-05-18T12:11:29.841447948Z,2026-05-18T12:11:29.841054089Z,1,1,42892714,T,A,0,20.250000000,1,0,13668,126138083,20.250000000,21.000000000,54,80,3,6,ESM6 C7725
2026-05-18T12:11:36.485639094Z,2026-05-18T12:11:36.485238355Z,1,1,42404366,T,B,0,11.400000000,1,0,21315,126170674,11.200000000,11.400000000,116,1,6,1,ESM6 C7800
2026-05-18T12:12:02.963067686Z,2026-05-18T12:12:02.703217221Z,1,1,2672334,T,A,0,194.500000000,6,0,11250,34492994,194.500000000,195.000000000,10,30,1,4,UD:1V: IB 2672334
2026-05-18T12:12:03.050899292Z,2026-05-18T12:12:02.704320933Z,1,1,42629564,T,A,0,109.500000000,6,0,15693,126273451,109.500000000,110.500000000,6,61,1,4,ESU6 C7850
2026-05-18T12:12:03.052145172Z,2026-05-18T12:12:02.704325443Z,1,1,2672334,T,A,0,194.500000000,4,0,13672,34493752,194.500000000,195.000000000,4,28,1,4,UD:1V: IB 2672334
2026-05-18T12:12:08.403350274Z,2026-05-18T12:12:08.402696865Z,1,1,42366511,T,B,0,49.000000000,1,0,13627,126310383,48.500000000,49.000000000,13,52,3,6,ESM6 C7600
2026-05-18T12:12:28.894539823Z,2026-05-18T12:12:28.890758013Z,1,1,2672334,T,A,0,194.500000000,1,0,15393,34539893,194.500000000,195.000000000,10,38,1,5,UD:1V: IB 2672334
2026-05-18T12:13:25.572329847Z,2026-05-18T12:13:25.571759449Z,1,1,2666430,T,A,0,93.000000000,1,0,14135,34632692,93.000000000,93.250000000,1,93,1,3,UD:1V: VT 2666430
2026-05-18T12:13:39.832720563Z,2026-05-18T12:13:39.832427243Z,1,1,42399646,T,A,0,24.750000000,2,0,17055,126685446,24.750000000,25.000000000,2,100,1,6,ESM6 C7700
2026-05-18T12:15:40.832952139Z,2026-05-18T12:15:40.832249193Z,1,1,2672334,T,A,0,194.500000000,1,0,14115,34777412,194.500000000,195.000000000,9,39,1,5,UD:1V: IB 2672334
2026-05-18T12:15:46.615758486Z,2026-05-18T12:15:46.578603163Z,1,1,2672334,T,A,0,194.500000000,8,0,11635,34784771,194.500000000,195.000000000,8,47,1,4,UD:1V: IB 2672334
2026-05-18T12:16:18.578160684Z,2026-05-18T12:16:18.573993693Z,1,1,42404374,T,B,0,37.500000000,12,0,17396,127260738,37.000000000,37.500000000,36,43,4,3,ESM6 P7000
2026-05-18T12:16:37.011954902Z,2026-05-18T12:16:37.011559429Z,1,1,42404366,T,B,0,11.200000000,3,0,14379,127322766,11.000000000,11.200000000,166,3,7,1,ESM6 C7800
2026-05-18T12:16:42.480299497Z,2026-05-18T12:16:41.921520653Z,1,1,42560128,T,A,0,76.500000000,9,0,13601,127375860,76.500000000,76.750000000,9,20,1,1,ESM6 C7525
2026-05-18T12:16:47.121573097Z,2026-05-18T12:16:45.931069313Z,1,1,42611781,T,A,0,65.250000000,10,0,11883,127461723,65.250000000,65.500000000,10,23,1,1,ESM6 C7550
2026-05-18T12:16:55.202257787Z,2026-05-18T12:16:55.006307525Z,1,1,42404374,T,B,0,37.500000000,3,0,14008,127599680,37.000000000,37.500000000,38,3,4,1,ESM6 P7000
2026-05-18T12:16:58.967005616Z,2026-05-18T12:16:58.966351685Z,1,1,2508669,T,A,0,1.300000000,7,0,17191,34989041,1.300000000,1.400000000,741,833,4,4,UD:1V: VT 2508669
2026-05-18T12:17:44.006042545Z,2026-05-18T12:17:44.005660511Z,1,1,42404374,T,B,0,37.250000000,1,0,13624,127861027,37.000000000,37.250000000,42,1,5,1,ESM6 P7000
2026-05-18T12:17:44.213583650Z,2026-05-18T12:17:44.213240971Z,1,1,42404374,T,B,0,37.250000000,1,0,11328,127861612,37.000000000,37.250000000,38,1,4,1,ESM6 P7000
2026-05-18T12:17:44.435190446Z,2026-05-18T12:17:44.434885425Z,1,1,42404374,T,B,0,37.250000000,1,0,13935,127861837,37.000000000,37.250000000,38,1,4,1,ESM6 P7000
2026-05-18T12:18:17.341733148Z,2026-05-18T12:18:17.341257207Z,1,1,42404374,T,B,0,37.250000000,1,0,14461,127996111,37.000000000,37.250000000,36,1,4,1,ESM6 P7000
2026-05-18T12:19:00.231925950Z,2026-05-18T12:19:00.192153857Z,1,1,2508694,T,A,0,200.500000000,10,0,16103,35164555,200.500000000,201.000000000,10,18,1,3,UD:1V: GN 2508694
2026-05-18T12:19:09.113777201Z,2026-05-18T12:19:09.113133769Z,1,1,2508694,T,A,0,200.500000000,10,0,13403,35176011,200.500000000,201.000000000,10,37,1,4,UD:1V: GN 2508694
2026-05-18T12:19:09.949821001Z,2026-05-18T12:19:09.943976123Z,1,1,4248491,T,A,0,210.000000000,27,0,13761,128186409,210.000000000,211.000000000,27,22,1,2,ESZ6 P6900
2026-05-18T12:19:48.020595489Z,2026-05-18T12:19:47.814386499Z,1,1,42366513,T,B,0,124.000000000,2,0,19622,128322182,123.000000000,124.000000000,76,2,6,1,ESM6 P7400
2026-05-18T12:19:48.068245321Z,2026-05-18T12:19:47.817278745Z,1,1,2668720,T,B,0,53.000000000,55,0,14058,35223554,52.500000000,53.000000000,58,167,3,2,UD:1V: VT 2668720
2026-05-18T12:20:12.482365668Z,2026-05-18T12:20:12.283326421Z,1,1,2668720,T,B,0,53.000000000,40,0,13650,35264081,52.750000000,53.000000000,93,45,2,1,UD:1V: VT 2668720
2026-05-18T12:20:12.537965740Z,2026-05-18T12:20:12.283329825Z,1,1,2668720,T,B,0,53.000000000,5,0,12719,35265040,52.750000000,53.000000000,6,5,1,1,UD:1V: VT 2668720
2026-05-18T12:20:12.995856716Z,2026-05-18T12:20:12.484120747Z,1,1,2668720,T,B,0,53.000000000,5,0,16751,35268063,52.750000000,53.000000000,6,61,1,1,UD:1V: VT 2668720
2026-05-18T12:20:13.043427031Z,2026-05-18T12:20:12.495815633Z,1,1,2668720,T,B,0,53.000000000,5,0,13666,35268194,52.750000000,53.000000000,36,56,2,1,UD:1V: VT 2668720
2026-05-18T12:20:19.636539694Z,2026-05-18T12:20:19.635853031Z,1,1,2508767,T,B,0,177.000000000,6,0,14419,35280756,176.500000000,177.000000000,10,6,1,1,UD:1V: GN 2508767
2026-05-18T12:20:19.636967198Z,2026-05-18T12:20:19.636543107Z,1,1,2508767,T,A,0,177.000000000,4,0,12864,35280758,177.000000000,177.500000000,4,14,1,2,UD:1V: GN 2508767
2026-05-18T12:21:25.859832740Z,2026-05-18T12:21:25.851990405Z,1,1,2508766,T,A,0,-11.400000000,1,0,13799,35355474,-11.400000000,-11.100000000,1,14,1,2,UD:1V: 12 2508766
2026-05-18T12:21:44.257341536Z,2026-05-18T12:21:44.162453253Z,1,1,42611781,T,B,0,66.500000000,2,0,12802,128766305,66.250000000,66.500000000,7,2,2,1,ESM6 C7550
2026-05-18T12:21:45.226600295Z,2026-05-18T12:21:45.116407697Z,1,1,42378346,T,B,0,88.000000000,1,0,12610,128781097,87.500000000,88.000000000,27,3,6,2,ESM6 C7500
2026-05-18T12:21:54.622188177Z,2026-05-18T12:21:54.461818749Z,1,1,2508809,T,A,0,187.000000000,10,0,11554,35395704,187.000000000,187.500000000,10,126,1,4,UD:1V: IB 2508809
2026-05-18T12:23:08.485078599Z,2026-05-18T12:23:08.273211967Z,1,1,2672334,T,B,0,195.000000000,10,0,19233,35496955,194.500000000,195.000000000,10,10,1,1,UD:1V: IB 2672334
2026-05-18T12:24:08.745293551Z,2026-05-18T12:24:08.733406467Z,1,1,2508880,T,A,0,156.000000000,10,0,13918,35593759,156.000000000,156.500000000,10,132,1,8,UD:1V: IB 2508880
2026-05-18T12:25:07.839166739Z,2026-05-18T12:25:07.838529431Z,1,1,2508669,T,A,0,1.300000000,7,0,16386,35677394,1.300000000,1.400000000,178,1156,3,6,UD:1V: VT 2508669
2026-05-18T12:26:01.098831693Z,2026-05-18T12:26:01.056546503Z,1,1,2672334,T,A,0,195.000000000,9,0,15967,35727799,195.000000000,195.500000000,10,78,1,5,UD:1V: IB 2672334
2026-05-18T12:26:01.116102303Z,2026-05-18T12:26:01.056799645Z,1,1,2672334,T,A,0,195.000000000,1,0,13850,35727882,195.000000000,195.500000000,1,78,1,5,UD:1V: IB 2672334
2026-05-18T12:26:26.846731637Z,2026-05-18T12:26:26.714986097Z,1,1,2672334,T,A,0,195.000000000,10,0,14699,35743180,195.000000000,195.500000000,10,50,1,4,UD:1V: IB 2672334
2026-05-18T12:26:40.358924284Z,2026-05-18T12:26:40.358209385Z,1,1,2672334,T,A,0,195.000000000,10,0,14176,35758974,195.000000000,195.500000000,10,50,1,4,UD:1V: IB 2672334
2026-05-18T12:26:46.223948287Z,2026-05-18T12:26:46.219683053Z,1,1,2672334,T,A,0,195.000000000,10,0,13557,35763782,195.000000000,195.500000000,10,69,1,5,UD:1V: IB 2672334
2026-05-18T12:27:36.711957923Z,2026-05-18T12:27:36.664449935Z,1,1,42611781,T,B,0,67.000000000,2,0,13867,130092968,66.750000000,67.000000000,1,2,1,1,ESM6 C7550
2026-05-18T12:28:45.032581675Z,2026-05-18T12:28:45.017476275Z,1,1,42871623,T,A,0,57.750000000,1,0,17595,130277211,57.750000000,58.000000000,1,29,1,3,ESM6 C7575
2026-05-18T12:28:47.835905195Z,2026-05-18T12:28:47.822460853Z,1,1,42366511,T,A,0,49.500000000,1,0,16092,130284702,49.500000000,49.750000000,1,10,1,3,ESM6 C7600
2026-05-18T12:28:50.310596371Z,2026-05-18T12:28:50.281412215Z,1,1,42378346,T,B,0,88.500000000,1,0,11723,130290023,88.250000000,88.500000000,19,1,4,1,ESM6 C7500
2026-05-18T12:30:21.783720590Z,2026-05-18T12:30:21.783300415Z,1,1,42378592,T,B,0,11.800000000,1,0,17674,130518582,11.700000000,11.800000000,65,1,5,1,ESM6 P6500
2026-05-18T12:30:37.751433744Z,2026-05-18T12:30:37.751035319Z,1,1,42404374,T,A,0,37.250000000,8,0,13052,130551535,37.250000000,37.500000000,8,81,1,7,ESM6 P7000
2026-05-18T12:30:46.124231803Z,2026-05-18T12:30:46.121551027Z,1,1,42404374,T,B,0,37.500000000,6,0,14576,130606225,37.000000000,37.500000000,90,9,6,2,ESM6 P7000
2026-05-18T12:30:59.189842242Z,2026-05-18T12:30:58.965323503Z,1,1,2500267,T,A,0,143.000000000,6,0,12898,35994162,143.000000000,143.500000000,6,9,1,2,UD:1V: VT 2500267
2026-05-18T12:31:01.522410945Z,2026-05-18T12:31:00.631235381Z,1,1,2670295,T,A,0,38.500000000,6,0,13762,36010091,38.500000000,39.000000000,6,93,1,3,UD:1V: VT 2670295
2026-05-18T12:31:21.440326155Z,2026-05-18T12:31:21.439893203Z,1,1,42366511,T,B,0,49.000000000,10,0,18379,130776650,48.750000000,49.000000000,79,10,6,1,ESM6 C7600
2026-05-18T12:31:45.357908058Z,2026-05-18T12:31:45.357322651Z,1,1,42377530,T,A,0,113.500000000,1,0,13054,130841510,113.500000000,114.500000000,51,49,5,4,ESU6 P6800
2026-05-18T12:31:45.511865070Z,2026-05-18T12:31:45.511555011Z,1,1,42378592,T,B,0,12.100000000,1,0,13975,130841583,11.800000000,12.100000000,61,139,5,4,ESM6 P6500
2026-05-18T12:32:20.070394211Z,2026-05-18T12:32:20.062122591Z,1,1,42902242,T,B,0,156.000000000,1,0,13294,130984198,155.500000000,156.000000000,22,1,5,1,ESM6 P7475
2026-05-18T12:32:40.205533422Z,2026-05-18T12:32:40.171131919Z,1,1,42384731,T,B,0,90.000000000,2,0,11991,131030652,89.750000000,90.000000000,1,2,1,1,ESM6 P7300
2026-05-18T12:32:58.072963337Z,2026-05-18T12:32:58.048565473Z,1,1,42384731,T,B,0,89.750000000,2,0,14934,131092608,89.500000000,89.750000000,1,2,1,1,ESM6 P7300
2026-05-18T12:33:56.921340583Z,2026-05-18T12:33:56.921021619Z,1,1,42506296,T,B,0,1140.000000000,1,0,13902,131245963,1114.000000000,1140.000000000,1,1,1,1,ESU6 C6400
2026-05-18T12:34:15.726417462Z,2026-05-18T12:34:15.646422589Z,1,1,42602509,T,B,0,7.700000000,6,0,15229,131298656,7.400000000,7.700000000,168,6,6,1,ESM6 C7850
2026-05-18T12:34:16.144004000Z,2026-05-18T12:34:16.049044407Z,1,1,42893451,T,B,0,6.300000000,6,0,14104,131305137,6.000000000,6.300000000,135,6,4,1,ESM6 C7875
2026-05-18T12:34:16.167996819Z,2026-05-18T12:34:16.051650515Z,1,1,42902242,T,A,0,154.500000000,1,0,13685,131305711,154.500000000,155.500000000,1,31,1,4,ESM6 P7475
2026-05-18T12:34:22.485679967Z,2026-05-18T12:34:22.242452203Z,1,1,42893451,T,B,0,6.400000000,6,0,11153,131397635,6.200000000,6.400000000,6,6,1,1,ESM6 C7875
2026-05-18T12:35:21.566290946Z,2026-05-18T12:35:21.544328637Z,1,1,42404374,T,A,0,36.000000000,1,0,13126,132065040,36.000000000,36.250000000,1,40,1,2,ESM6 P7000
2026-05-18T12:35:26.258304059Z,2026-05-18T12:35:26.257642725Z,1,1,2673562,T,B,0,43.000000000,6,0,14569,36567385,42.750000000,43.000000000,70,6,1,1,UD:1V: BO 2673562
2026-05-18T12:35:29.508000457Z,2026-05-18T12:35:29.483094083Z,1,1,2673562,T,B,0,43.000000000,17,0,18394,36576717,42.750000000,43.000000000,70,17,1,1,UD:1V: BO 2673562
2026-05-18T12:35:47.750972801Z,2026-05-18T12:35:47.288806631Z,1,1,2506840,T,A,0,70.000000000,1,0,14821,36652173,70.000000000,70.500000000,1,32,1,1,UD:1V: VT 2506840
2026-05-18T12:35:47.894174434Z,2026-05-18T12:35:47.417753849Z,1,1,2506840,T,A,0,70.000000000,1,0,12051,36653611,70.000000000,70.500000000,1,32,1,1,UD:1V: VT 2506840
2026-05-18T12:35:47.896629769Z,2026-05-18T12:35:47.417774883Z,1,1,2506840,T,A,0,70.000000000,1,0,12495,36653629,70.000000000,70.500000000,1,32,1,1,UD:1V: VT 2506840
2026-05-18T12:35:47.928848209Z,2026-05-18T12:35:47.418073583Z,1,1,2506840,T,A,0,70.000000000,1,0,15136,36653830,70.000000000,70.500000000,1,32,1,1,UD:1V: VT 2506840
2026-05-18T12:35:48.097118670Z,2026-05-18T12:35:47.508713197Z,1,1,2506840,T,A,0,70.000000000,9,0,14086,36655149,70.000000000,70.750000000,1,97,1,3,UD:1V: VT 2506840
2026-05-18T12:35:48.273280239Z,2026-05-18T12:35:47.897926323Z,1,1,2506840,T,A,0,70.000000000,1,0,13361,36656766,70.000000000,70.500000000,1,131,1,2,UD:1V: VT 2506840
2026-05-18T12:35:48.280743543Z,2026-05-18T12:35:47.906508425Z,1,1,2506840,T,A,0,70.000000000,11,0,13217,36656845,70.000000000,70.500000000,1,131,1,2,UD:1V: VT 2506840
2026-05-18T12:35:48.292759836Z,2026-05-18T12:35:47.912146445Z,1,1,2506840,T,A,0,70.000000000,2,0,14137,36656995,70.000000000,70.500000000,1,131,1,2,UD:1V: VT 2506840
2026-05-18T12:35:48.294312535Z,2026-05-18T12:35:47.912809871Z,1,1,2506840,T,A,0,70.000000000,1,0,12260,36657005,70.000000000,70.500000000,1,131,1,2,UD:1V: VT 2506840
2026-05-18T12:35:48.502856332Z,2026-05-18T12:35:48.332531265Z,1,1,2506840,T,A,0,70.000000000,1,0,14543,36658917,70.000000000,70.500000000,1,65,1,1,UD:1V: VT 2506840
2026-05-18T12:35:48.822420117Z,2026-05-18T12:35:48.821806025Z,1,1,2506840,T,A,0,70.000000000,1,0,14100,36660393,70.000000000,70.250000000,1,82,1,2,UD:1V: VT 2506840
2026-05-18T12:35:48.926359678Z,2026-05-18T12:35:48.925806335Z,1,1,2506840,T,A,0,70.000000000,1,0,14183,36660694,70.000000000,70.250000000,1,120,1,3,UD:1V: VT 2506840
2026-05-18T12:35:49.030783532Z,2026-05-18T12:35:49.030221443Z,1,1,2506840,T,A,0,70.000000000,1,0,15448,36660961,70.000000000,70.250000000,1,120,1,3,UD:1V: VT 2506840
2026-05-18T12:35:49.326617215Z,2026-05-18T12:35:49.289850011Z,1,1,2506840,T,A,0,70.000000000,1,0,14918,36662115,70.000000000,70.250000000,1,79,1,1,UD:1V: VT 2506840
2026-05-18T12:35:49.646997550Z,2026-05-18T12:35:49.483373543Z,1,1,2506840,T,A,0,70.000000000,1,0,11931,36664407,70.000000000,72.500000000,1,34,1,1,UD:1V: VT 2506840
2026-05-18T12:35:49.647277683Z,2026-05-18T12:35:49.483386149Z,1,1,2506840,T,A,0,70.000000000,3,0,11513,36664416,70.000000000,72.500000000,1,34,1,1,UD:1V: VT 2506840
2026-05-18T12:36:31.413584289Z,2026-05-18T12:36:31.412809987Z,1,1,42611781,T,A,0,70.750000000,1,0,14214,132767182,70.750000000,71.250000000,2,50,1,3,ESM6 C7550
2026-05-18T12:36:54.136533777Z,2026-05-18T12:36:53.956297751Z,1,1,42416106,T,A,0,117.500000000,3,0,12865,132916193,117.500000000,118.500000000,8,63,2,4,ESM6 C7450
2026-05-18T12:37:09.036536401Z,2026-05-18T12:37:08.991776629Z,1,1,42573269,T,A,0,227.500000000,3,0,13344,133003979,227.500000000,228.500000000,3,28,1,1,ESH7 P6700
2026-05-18T12:38:17.817624382Z,2026-05-18T12:38:17.788868049Z,1,1,42378346,T,B,0,93.250000000,1,0,12556,133344144,92.750000000,93.250000000,59,1,7,1,ESM6 C7500
2026-05-18T12:38:30.595962683Z,2026-05-18T12:38:30.595586963Z,1,1,42413476,T,B,0,70.500000000,1,0,17417,133400122,70.250000000,70.500000000,78,1,4,1,ESU6 P6400
2026-05-18T12:38:33.589756705Z,2026-05-18T12:38:33.437100611Z,1,1,42446245,T,B,0,41.250000000,6,0,12901,133426315,40.750000000,41.250000000,86,6,6,1,ESM6 P7050
2026-05-18T12:38:46.559815079Z,2026-05-18T12:38:46.521903589Z,1,1,42510079,T,B,0,181.000000000,1,0,11267,133480860,180.500000000,181.000000000,3,1,2,1,ESM6 C7350
2026-05-18T12:39:51.934337827Z,2026-05-18T12:39:51.873027211Z,1,1,42458399,T,A,0,72.500000000,1,0,13350,133840979,72.500000000,72.750000000,10,30,2,1,ESU6 C8000
2026-05-18T12:40:02.067747740Z,2026-05-18T12:40:02.063412411Z,1,1,42366511,T,B,0,52.750000000,1,0,15290,133905179,52.500000000,52.750000000,1,1,1,1,ESM6 C7600
2026-05-18T12:40:29.700695728Z,2026-05-18T12:40:29.700305149Z,1,1,42404374,T,B,0,35.750000000,1,0,15176,134074666,35.500000000,35.750000000,30,1,2,1,ESM6 P7000
2026-05-18T12:40:42.094871489Z,2026-05-18T12:40:42.094507425Z,1,1,42404374,T,B,0,35.750000000,1,0,14807,134133111,35.500000000,35.750000000,88,1,6,1,ESM6 P7000
2026-05-18T12:40:51.667893240Z,2026-05-18T12:40:51.508726981Z,1,1,42366523,T,A,0,47.500000000,1,0,11784,134187654,47.500000000,47.750000000,1,3,1,1,ESM6 P7100
2026-05-18T12:40:53.583126102Z,2026-05-18T12:40:53.582547203Z,1,1,42404374,T,B,0,35.750000000,5,0,20924,134205239,35.500000000,35.750000000,70,5,6,1,ESM6 P7000
2026-05-18T12:41:02.687331060Z,2026-05-18T12:41:02.673206597Z,1,1,42399646,T,B,0,26.750000000,6,0,13606,134241585,26.250000000,26.750000000,64,6,5,1,ESM6 C7700
2026-05-18T12:41:05.283581158Z,2026-05-18T12:41:05.028999801Z,1,1,42404366,T,B,0,12.300000000,1,0,14425,134269255,12.100000000,12.300000000,66,1,4,1,ESM6 C7800
2026-05-18T12:41:17.969998702Z,2026-05-18T12:41:17.460061189Z,1,1,42384725,T,B,0,150.000000000,4,0,11451,134363669,149.000000000,150.000000000,4,4,1,1,ESM6 C7400
2026-05-18T12:41:18.066353675Z,2026-05-18T12:41:17.464675905Z,1,1,42404374,T,A,0,35.250000000,1,0,14012,134364983,35.250000000,35.750000000,1,54,1,2,ESM6 P7000
2026-05-18T12:41:21.504131541Z,2026-05-18T12:41:21.268689275Z,1,1,42366523,T,B,0,47.000000000,1,0,16591,134403698,46.250000000,47.000000000,72,10,4,2,ESM6 P7100
2026-05-18T12:41:33.381431148Z,2026-05-18T12:41:33.381098377Z,1,1,42366513,T,B,0,116.000000000,1,0,13312,134481084,115.500000000,116.000000000,57,1,6,1,ESM6 P7400
2026-05-18T12:41:40.034157934Z,2026-05-18T12:41:40.030225615Z,1,1,42919950,T,B,0,43.750000000,17,0,14047,134514438,43.250000000,43.750000000,83,17,5,2,ESM6 P7075
2026-05-18T12:41:57.215629449Z,2026-05-18T12:41:57.078473361Z,1,1,42399646,T,B,0,27.500000000,9,0,11508,134600647,27.000000000,27.500000000,68,9,4,2,ESM6 C7700
2026-05-18T12:42:02.730808054Z,2026-05-18T12:42:02.726826379Z,1,1,42404374,T,A,0,35.000000000,12,0,21092,134655617,35.000000000,35.500000000,12,48,3,4,ESM6 P7000
2026-05-18T12:42:02.737069999Z,2026-05-18T12:42:02.730811499Z,1,1,42404374,T,B,0,35.000000000,28,0,11229,134655759,34.750000000,35.000000000,83,28,4,1,ESM6 P7000
2026-05-18T12:42:21.773747444Z,2026-05-18T12:42:21.751784745Z,1,1,42404374,T,B,0,35.000000000,3,0,16505,134754786,34.750000000,35.000000000,83,3,4,1,ESM6 P7000
2026-05-18T12:42:30.660031982Z,2026-05-18T12:42:30.654927757Z,1,1,42384729,T,B,0,5.800000000,16,0,13926,134813720,5.600000000,5.800000000,90,16,2,2,ESM6 C7900
2026-05-18T12:42:38.281721179Z,2026-05-18T12:42:38.281333567Z,1,1,42384731,T,B,0,83.500000000,40,0,14117,134863339,83.250000000,83.500000000,9,40,3,1,ESM6 P7300
2026-05-18T12:42:40.369608163Z,2026-05-18T12:42:40.332818471Z,1,1,2673562,T,B,0,43.250000000,23,0,16766,37678452,42.750000000,43.250000000,346,23,5,2,UD:1V: BO 2673562
2026-05-18T12:42:41.881244718Z,2026-05-18T12:42:41.729781809Z,1,1,2510107,T,B,0,21.750000000,1,0,12942,37687030,21.000000000,21.750000000,1,3,1,1,UD:1V: GN 2510107
2026-05-18T12:42:45.393311958Z,2026-05-18T12:42:45.037461567Z,1,1,2500536,T,A,0,53.250000000,1,0,13464,37699501,53.250000000,54.250000000,1,9,1,2,UD:1V: 23 2500536
2026-05-18T12:42:50.728540772Z,2026-05-18T12:42:50.621836827Z,1,1,2622256,T,A,0,15.000000000,6,0,13303,37723135,15.000000000,15.200000000,6,158,1,3,UD:1V: VT 2622256
2026-05-18T12:43:07.139043988Z,2026-05-18T12:43:07.138654015Z,1,1,42384731,T,B,0,83.000000000,2,0,13256,135073520,82.750000000,83.000000000,30,2,4,1,ESM6 P7300
2026-05-18T12:43:15.896270055Z,2026-05-18T12:43:15.878505577Z,1,1,42668409,T,B,0,87.000000000,34,0,15504,135138549,86.000000000,87.000000000,54,34,4,2,ESU6 C7950
2026-05-18T12:43:16.937235055Z,2026-05-18T12:43:16.850191519Z,1,1,2503857,T,A,0,48.750000000,1,0,12954,37800436,48.750000000,49.250000000,1,147,1,7,UD:1V: BO 2503857
2026-05-18T12:43:23.353171129Z,2026-05-18T12:43:23.332198825Z,1,1,42394812,T,B,0,20.750000000,20,0,13745,135186044,20.500000000,20.750000000,154,20,7,1,ESM6 P6800
2026-05-18T12:43:53.151086451Z,2026-05-18T12:43:53.139111401Z,1,1,2509892,T,A,0,22.250000000,2,0,14344,37913115,22.250000000,22.500000000,2,41,1,3,UD:1V: 12 2509892
2026-05-18T12:43:57.459506097Z,2026-05-18T12:43:57.457909465Z,1,1,42384731,T,B,0,82.500000000,2,0,14659,135430952,82.000000000,82.500000000,72,2,5,1,ESM6 P7300
2026-05-18T12:44:07.272282575Z,2026-05-18T12:44:07.235613469Z,1,1,42366523,T,B,0,45.500000000,6,0,16449,135505770,45.000000000,45.500000000,108,6,7,1,ESM6 P7100
2026-05-18T12:44:08.665134239Z,2026-05-18T12:44:08.664765885Z,1,1,42366511,T,A,0,55.500000000,2,0,15850,135514423,55.500000000,56.250000000,39,75,5,6,ESM6 C7600
2026-05-18T12:44:16.434474762Z,2026-05-18T12:44:16.417300835Z,1,1,42366523,T,B,0,45.500000000,9,0,11347,135554146,45.000000000,45.500000000,85,9,6,2,ESM6 P7100
2026-05-18T12:44:35.592948201Z,2026-05-18T12:44:35.576254935Z,1,1,42378374,T,B,0,61.000000000,1,0,12616,135716719,60.500000000,61.000000000,78,1,6,1,ESM6 P7200
2026-05-18T12:44:46.405752958Z,2026-05-18T12:44:46.401747477Z,1,1,42378374,T,B,0,61.500000000,1,0,11628,135802587,60.750000000,61.500000000,94,46,7,6,ESM6 P7200
2026-05-18T12:45:03.078129849Z,2026-05-18T12:45:03.076168033Z,1,1,2510260,T,B,0,131.000000000,20,0,15116,38142773,130.500000000,131.000000000,250,20,1,2,UD:1V: GN 2510260
2026-05-18T12:45:03.080696793Z,2026-05-18T12:45:03.078133323Z,1,1,2510260,T,A,0,131.000000000,112,0,11217,38142822,131.000000000,131.500000000,230,140,1,3,UD:1V: GN 2510260
2026-05-18T12:45:03.080717815Z,2026-05-18T12:45:03.078133501Z,1,1,2510260,T,A,0,131.000000000,90,0,11023,38142824,131.000000000,131.500000000,118,140,1,3,UD:1V: GN 2510260
2026-05-18T12:45:03.081842244Z,2026-05-18T12:45:03.081409933Z,1,1,2510260,T,A,0,131.000000000,28,0,12954,38142840,131.000000000,131.500000000,28,140,1,3,UD:1V: GN 2510260
2026-05-18T12:45:37.805372540Z,2026-05-18T12:45:37.773254105Z,1,1,2675357,T,B,0,50.000000000,1,0,11312,38275089,49.000000000,50.000000000,21,7,4,1,UD:1V: SG 2675357
2026-05-18T12:45:38.418641798Z,2026-05-18T12:45:38.286180677Z,1,1,42366512,T,A,0,3.500000000,1,0,11526,136279484,3.500000000,3.600000000,1,172,1,2,ESM6 P5700
2026-05-18T12:45:38.451458881Z,2026-05-18T12:45:38.286165277Z,1,1,2675357,T,B,0,50.000000000,5,0,15050,38280540,49.000000000,50.000000000,15,6,3,1,UD:1V: SG 2675357
2026-05-18T12:45:38.842563333Z,2026-05-18T12:45:38.671565453Z,1,1,2675357,T,B,0,50.000000000,1,0,14061,38283252,49.000000000,50.000000000,22,1,3,1,UD:1V: SG 2675357
2026-05-18T12:45:45.885392820Z,2026-05-18T12:45:45.884758501Z,1,1,2673562,T,B,0,43.500000000,6,0,13801,38313687,43.000000000,43.500000000,113,6,4,1,UD:1V: BO 2673562
2026-05-18T12:45:50.303656548Z,2026-05-18T12:45:50.300992281Z,1,1,42399646,T,B,0,30.000000000,3,0,13689,136397803,29.750000000,30.000000000,25,3,1,1,ESM6 C7700
2026-05-18T12:45:52.066685163Z,2026-05-18T12:45:52.059400489Z,1,1,42668409,T,B,0,89.250000000,6,0,14910,136411868,88.500000000,89.250000000,37,28,4,1,ESU6 C7950
2026-05-18T12:46:02.984469824Z,2026-05-18T12:46:02.876571853Z,1,1,42627610,T,B,0,43.250000000,4,0,12847,136540645,42.750000000,43.250000000,37,4,4,1,ESM6 C7650
2026-05-18T12:46:16.982847827Z,2026-05-18T12:46:16.770914361Z,1,1,42836585,T,B,0,55.500000000,2,0,12555,136731579,55.000000000,55.500000000,29,2,1,1,ESM6 P7175
2026-05-18T12:46:25.771408839Z,2026-05-18T12:46:25.702861741Z,1,1,42416106,T,A,0,128.500000000,2,0,11360,136838656,128.500000000,129.500000000,2,33,1,6,ESM6 C7450
2026-05-18T12:46:36.500505985Z,2026-05-18T12:46:36.081021873Z,1,1,42506272,T,A,0,38.500000000,2,0,12620,136934844,38.500000000,38.750000000,2,6,2,1,ESU6 P5850
2026-05-18T12:46:36.570951987Z,2026-05-18T12:46:36.095001359Z,1,1,42366513,T,A,0,109.500000000,1,0,11270,136935654,109.500000000,110.000000000,1,36,1,2,ESM6 P7400
2026-05-18T12:46:36.666826374Z,2026-05-18T12:46:36.112929643Z,1,1,42783706,T,A,0,74.000000000,1,0,11260,136937240,74.000000000,74.500000000,1,50,1,2,ESM6 P7275
2026-05-18T12:46:45.513920836Z,2026-05-18T12:46:45.511685217Z,1,1,43015616,T,B,0,2.450000000,5,0,14081,137023079,2.250000000,2.450000000,99,6,5,1,ESM6 C8025
2026-05-18T12:46:49.092918335Z,2026-05-18T12:46:49.091460619Z,1,1,42416106,T,A,0,129.000000000,4,0,16354,137045727,129.000000000,130.000000000,57,7,6,3,ESM6 C7450
2026-05-18T12:46:49.915220790Z,2026-05-18T12:46:49.907203039Z,1,1,42441344,T,A,0,294.500000000,5,0,11299,137049398,294.500000000,295.500000000,5,68,1,6,ESU6 P7550
2026-05-18T12:46:51.919253136Z,2026-05-18T12:46:51.901442371Z,1,1,42627610,T,B,0,43.250000000,4,0,16630,137062801,43.000000000,43.250000000,34,4,3,1,ESM6 C7650
2026-05-18T12:46:54.953482937Z,2026-05-18T12:46:54.950717863Z,1,1,42458399,T,A,0,77.750000000,5,0,14767,137091524,77.750000000,78.000000000,6,29,2,1,ESU6 C8000
2026-05-18T12:46:55.497191023Z,2026-05-18T12:46:55.456402967Z,1,1,42627610,T,B,0,43.500000000,4,0,16391,137098266,43.000000000,43.500000000,155,4,8,1,ESM6 C7650
2026-05-18T12:46:55.716733614Z,2026-05-18T12:46:55.714625973Z,1,1,42439384,T,A,0,316.500000000,5,0,16666,137103356,316.500000000,317.500000000,5,34,1,4,ESU6 P7600
2026-05-18T12:46:56.697985777Z,2026-05-18T12:46:56.642560643Z,1,1,42441344,T,A,0,294.000000000,5,0,13624,137112120,294.000000000,295.000000000,5,64,1,5,ESU6 P7550
2026-05-18T12:46:57.201813462Z,2026-05-18T12:46:57.190723533Z,1,1,42399646,T,B,0,31.000000000,1,0,13997,137121793,30.750000000,31.000000000,82,1,5,1,ESM6 C7700
2026-05-18T12:46:57.527725836Z,2026-05-18T12:46:57.525206507Z,1,1,42439384,T,A,0,316.500000000,5,0,14933,137122905,316.500000000,317.500000000,5,59,1,4,ESU6 P7600
2026-05-18T12:46:58.394588185Z,2026-05-18T12:46:58.394042065Z,1,1,42441336,T,A,0,255.000000000,5,0,13892,137129624,255.000000000,256.000000000,5,58,1,4,ESU6 C7550
2026-05-18T12:47:00.094916131Z,2026-05-18T12:47:00.068120929Z,1,1,42429372,T,A,0,179.500000000,5,0,11993,137137632,179.500000000,180.000000000,5,26,1,2,ESU6 C7700
2026-05-18T12:47:00.802726828Z,2026-05-18T12:47:00.757152319Z,1,1,42439384,T,A,0,317.000000000,5,0,14184,137151862,317.000000000,317.500000000,5,4,1,2,ESU6 P7600
2026-05-18T12:47:01.332321302Z,2026-05-18T12:47:01.331740197Z,1,1,42647227,T,A,0,457.500000000,5,0,14015,137155601,457.500000000,458.000000000,5,1,1,1,ESU6 P7850
2026-05-18T12:47:01.902929622Z,2026-05-18T12:47:01.891693363Z,1,1,42611024,T,A,0,396.000000000,5,0,15312,137162081,396.000000000,396.500000000,5,2,1,1,ESU6 P7750
2026-05-18T12:47:02.443353315Z,2026-05-18T12:47:02.442120421Z,1,1,42647227,T,A,0,457.500000000,5,0,13907,137164862,457.500000000,458.500000000,5,1,1,1,ESU6 P7850
2026-05-18T12:47:02.986541243Z,2026-05-18T12:47:02.982754233Z,1,1,42611024,T,A,0,396.000000000,5,0,14897,137168399,396.000000000,397.000000000,5,58,1,6,ESU6 P7750
2026-05-18T12:47:03.734107732Z,2026-05-18T12:47:03.733596149Z,1,1,42413572,T,A,0,425.500000000,5,0,15220,137178435,425.500000000,426.500000000,5,13,1,2,ESU6 P7800
2026-05-18T12:47:04.385614060Z,2026-05-18T12:47:04.327800433Z,1,1,42604671,T,A,0,202.500000000,5,0,12842,137182159,202.500000000,203.500000000,5,49,1,4,ESU6 C7650
2026-05-18T12:47:05.392148275Z,2026-05-18T12:47:05.391088061Z,1,1,42940284,T,A,0,17.800000000,1,0,13432,137192466,17.800000000,18.000000000,2,10,1,2,ESM6 C7775
2026-05-18T12:47:05.397752830Z,2026-05-18T12:47:05.391287481Z,1,1,42940284,T,A,0,17.800000000,1,0,17185,137192590,17.800000000,18.000000000,1,10,1,2,ESM6 C7775
2026-05-18T12:47:06.686184342Z,2026-05-18T12:47:06.550591545Z,1,1,42378374,T,B,0,59.250000000,1,0,11521,137205452,58.750000000,59.250000000,68,1,4,1,ESM6 P7200
2026-05-18T12:47:08.189587295Z,2026-05-18T12:47:08.189068567Z,1,1,42441336,T,A,0,254.000000000,5,0,13866,137221081,254.000000000,255.000000000,5,4,1,2,ESU6 C7550
2026-05-18T12:47:09.141539329Z,2026-05-18T12:47:09.046158655Z,1,1,42441344,T,A,0,295.000000000,5,0,12746,137238734,295.000000000,296.000000000,5,54,1,3,ESU6 P7550
2026-05-18T12:47:09.981465659Z,2026-05-18T12:47:09.964909245Z,1,1,42712326,T,A,0,48.250000000,5,0,14508,137249204,48.250000000,48.500000000,5,34,1,1,ESU6 C8150
2026-05-18T12:47:13.468499175Z,2026-05-18T12:47:13.461822271Z,1,1,42439384,T,A,0,317.500000000,5,0,11825,137282172,317.500000000,318.000000000,5,2,1,1,ESU6 P7600
2026-05-18T12:47:15.270383046Z,2026-05-18T12:47:14.945974969Z,1,1,42516900,T,A,0,93.000000000,1,0,13195,137313459,93.000000000,93.250000000,1,40,1,2,ESM6 P7350
2026-05-18T12:47:17.249394613Z,2026-05-18T12:47:17.071274577Z,1,1,42598890,T,A,0,158.000000000,7,0,11583,137336457,158.000000000,158.500000000,7,20,1,1,ESU6 C7750
2026-05-18T12:47:17.878806416Z,2026-05-18T12:47:17.785991033Z,1,1,42981210,T,A,0,34.500000000,3,0,13052,137347763,34.500000000,35.000000000,3,48,1,2,ESU6 C8250
2026-05-18T12:47:18.463321607Z,2026-05-18T12:47:18.462175409Z,1,1,42458400,T,A,0,56.750000000,3,0,13202,137355378,56.750000000,57.000000000,3,32,1,1,ESU6 C8100
2026-05-18T12:47:19.048245337Z,2026-05-18T12:47:19.047617897Z,1,1,42712326,T,A,0,48.250000000,3,0,14492,137357879,48.250000000,48.500000000,3,34,1,1,ESU6 C8150
2026-05-18T12:47:19.588970066Z,2026-05-18T12:47:19.588407349Z,1,1,42458400,T,A,0,56.750000000,3,0,16575,137361980,56.750000000,57.000000000,3,32,1,1,ESU6 C8100
2026-05-18T12:47:20.127055255Z,2026-05-18T12:47:20.034499257Z,1,1,42404374,T,A,0,33.500000000,4,0,11249,137365548,33.500000000,33.750000000,11,62,1,4,ESM6 P7000
2026-05-18T12:47:20.127105633Z,2026-05-18T12:47:20.034499969Z,1,1,42404374,T,A,0,33.500000000,7,0,11900,137365552,33.500000000,33.750000000,7,62,1,4,ESM6 P7000
2026-05-18T12:47:21.676530547Z,2026-05-18T12:47:21.627209261Z,1,1,42366513,T,A,0,109.000000000,1,0,13882,137391434,109.000000000,109.500000000,1,55,1,5,ESM6 P7400
2026-05-18T12:47:22.765336455Z,2026-05-18T12:47:22.764775773Z,1,1,42458400,T,A,0,57.000000000,3,0,14341,137402200,57.000000000,57.250000000,3,32,1,1,ESU6 C8100
2026-05-18T12:47:24.190554410Z,2026-05-18T12:47:24.190301717Z,1,1,42404374,T,A,0,33.500000000,2,0,14312,137406900,33.500000000,33.750000000,2,150,1,7,ESM6 P7000
2026-05-18T12:47:24.744141878Z,2026-05-18T12:47:24.743601167Z,1,1,42458400,T,A,0,57.000000000,3,0,16301,137410361,57.000000000,57.250000000,3,32,1,1,ESU6 C8100
2026-05-18T12:47:25.822239066Z,2026-05-18T12:47:25.820996359Z,1,1,42458400,T,A,0,57.000000000,3,0,14190,137415029,57.000000000,57.250000000,3,32,1,1,ESU6 C8100
2026-05-18T12:47:39.727375003Z,2026-05-18T12:47:39.727038115Z,1,1,42366523,T,B,0,44.250000000,3,0,13391,137575673,43.750000000,44.250000000,108,3,6,1,ESM6 P7100
2026-05-18T12:47:42.046358462Z,2026-05-18T12:47:42.036139689Z,1,1,42337303,T,B,0,493.000000000,5,0,13783,137590501,491.500000000,493.000000000,25,5,2,1,ESZ6 C7400
2026-05-18T12:47:47.892937433Z,2026-05-18T12:47:47.555158977Z,1,1,42366523,T,B,0,44.500000000,1,0,14541,137645912,44.000000000,44.500000000,20,1,2,1,ESM6 P7100
2026-05-18T12:47:51.652124595Z,2026-05-18T12:47:51.620189977Z,1,1,42439351,T,B,0,77.500000000,2,0,13267,137680960,77.250000000,77.500000000,16,2,2,2,ESU6 P6500
2026-05-18T12:47:59.032656562Z,2026-05-18T12:47:59.032298987Z,1,1,43015616,T,B,0,2.300000000,5,0,14438,137730960,2.250000000,2.300000000,60,5,4,1,ESM6 C8025
2026-05-18T12:48:06.133381422Z,2026-05-18T12:48:06.126844773Z,1,1,42399646,T,B,0,30.500000000,1,0,13632,137802667,30.250000000,30.500000000,70,1,5,1,ESM6 C7700
2026-05-18T12:48:22.342452257Z,2026-05-18T12:48:22.090617037Z,1,1,42372982,T,A,0,207.500000000,1,0,13415,137919699,207.500000000,208.500000000,1,19,1,3,ESM6 P7600
2026-05-18T12:48:37.252776782Z,2026-05-18T12:48:37.252418231Z,1,1,42404374,T,A,0,33.750000000,4,0,15754,138020519,33.750000000,34.000000000,11,129,1,6,ESM6 P7000
2026-05-18T12:48:37.253013083Z,2026-05-18T12:48:37.252789793Z,1,1,42404374,T,A,0,33.750000000,4,0,11174,138020522,33.750000000,34.000000000,7,82,1,4,ESM6 P7000
2026-05-18T12:48:37.420360720Z,2026-05-18T12:48:37.420001215Z,1,1,42404374,T,A,0,33.750000000,2,0,17145,138021341,33.750000000,34.000000000,3,82,1,4,ESM6 P7000
2026-05-18T12:48:37.421952817Z,2026-05-18T12:48:37.420307961Z,1,1,42404374,T,A,0,33.750000000,1,0,11263,138021373,33.750000000,34.000000000,1,82,1,4,ESM6 P7000
2026-05-18T12:48:41.429013487Z,2026-05-18T12:48:41.237350071Z,1,1,42372981,T,A,0,2.900000000,5,0,13485,138049495,2.900000000,3.000000000,5,54,1,4,ESM6 C8000
2026-05-18T12:48:47.977952886Z,2026-05-18T12:48:47.547097099Z,1,1,2562146,T,A,0,116.500000000,14,0,13106,38945240,116.500000000,117.500000000,14,121,1,4,UD:1V: VT 2562146
2026-05-18T12:48:48.428286679Z,2026-05-18T12:48:48.365549233Z,1,1,42378346,T,B,0,101.500000000,2,0,14356,138131324,100.500000000,101.500000000,78,17,6,1,ESM6 C7500
2026-05-18T12:48:51.025798076Z,2026-05-18T12:48:50.834909899Z,1,1,42404374,T,A,0,33.750000000,1,0,17427,138158516,33.750000000,34.000000000,1,44,1,4,ESM6 P7000
2026-05-18T12:48:59.003382158Z,2026-05-18T12:48:58.999049735Z,1,1,42378346,T,B,0,101.500000000,2,0,12968,138227861,100.500000000,101.500000000,79,35,7,3,ESM6 C7500
2026-05-18T12:49:04.617280747Z,2026-05-18T12:49:04.052181511Z,1,1,42404374,T,A,0,33.750000000,1,0,13415,138271457,33.750000000,34.000000000,1,41,1,3,ESM6 P7000
2026-05-18T12:49:11.279225841Z,2026-05-18T12:49:11.113367631Z,1,1,42378346,T,A,0,102.500000000,2,0,12564,138348906,102.500000000,103.000000000,2,42,1,4,ESM6 C7500
2026-05-18T12:50:20.729344905Z,2026-05-18T12:50:20.726493557Z,1,1,42366523,T,B,0,44.500000000,5,0,14457,138919025,44.000000000,44.500000000,3,85,1,5,ESM6 P7100
2026-05-18T12:50:29.557714801Z,2026-05-18T12:50:29.549799623Z,1,1,42378346,T,B,0,103.000000000,1,0,17457,139003837,102.500000000,103.000000000,75,1,7,1,ESM6 C7500
2026-05-18T12:50:33.482558324Z,2026-05-18T12:50:33.482245319Z,1,1,42366523,T,B,0,44.500000000,5,0,12867,139041240,43.750000000,44.500000000,56,69,2,4,ESM6 P7100
2026-05-18T12:50:35.693799502Z,2026-05-18T12:50:35.693016943Z,1,1,42366511,T,B,0,60.000000000,1,0,11837,139052965,59.500000000,60.000000000,103,1,8,1,ESM6 C7600
2026-05-18T12:50:38.016844380Z,2026-05-18T12:50:38.002256311Z,1,1,42611781,T,B,0,80.000000000,1,0,22643,139064530,79.250000000,80.000000000,67,45,5,4,ESM6 C7550
2026-05-18T12:51:10.485692063Z,2026-05-18T12:51:10.308796957Z,1,1,42384872,T,B,0,18.000000000,1,0,16215,139287901,17.700000000,18.000000000,77,1,5,1,ESM6 P6750
2026-05-18T12:51:19.537699241Z,2026-05-18T12:51:19.328328663Z,1,1,2673459,T,B,0,7.000000000,2,0,17283,39355186,6.800000000,7.000000000,325,2,5,2,UD:1V: VT 2673459
2026-05-18T12:52:09.627956257Z,2026-05-18T12:52:09.505727343Z,1,1,42366513,T,A,0,111.000000000,1,0,13840,139860335,111.000000000,111.500000000,1,50,1,6,ESM6 P7400
2026-05-18T12:52:17.970118182Z,2026-05-18T12:52:17.969633041Z,1,1,42611781,T,B,0,78.000000000,1,0,12885,139909681,77.750000000,78.000000000,9,1,3,1,ESM6 C7550
2026-05-18T12:52:27.116843646Z,2026-05-18T12:52:27.114788649Z,1,1,42941972,T,A,0,247.000000000,2,0,16861,139963107,247.000000000,272.500000000,2,30,1,1,ESZ0 C12000
2026-05-18T12:52:42.108952033Z,2026-05-18T12:52:42.108155915Z,1,1,42378592,T,A,0,11.100000000,2,0,12572,140100885,11.100000000,11.200000000,2,6,1,1,ESM6 P6500
2026-05-18T12:53:28.180627062Z,2026-05-18T12:53:28.180244437Z,1,1,42892714,T,A,0,25.250000000,1,0,13186,140512540,25.250000000,26.000000000,110,88,6,6,ESM6 C7725
2026-05-18T12:53:28.393378212Z,2026-05-18T12:53:28.392883135Z,1,1,42366513,T,B,0,111.000000000,2,0,13595,140513399,110.500000000,111.000000000,58,2,6,2,ESM6 P7400
2026-05-18T12:53:33.174269804Z,2026-05-18T12:53:33.173937097Z,1,1,42366513,T,B,0,111.000000000,1,0,16154,140542158,110.000000000,111.000000000,132,18,9,1,ESM6 P7400
2026-05-18T12:53:56.891037385Z,2026-05-18T12:53:56.886993613Z,1,1,42366513,T,B,0,111.500000000,1,0,13887,140698730,111.000000000,111.500000000,16,1,4,1,ESM6 P7400
2026-05-18T12:54:03.829519924Z,2026-05-18T12:54:03.824757849Z,1,1,42572477,T,A,0,21.000000000,3,0,14477,140748322,21.000000000,21.500000000,85,10,5,2,ESM6 C7750
2026-05-18T12:54:06.729750691Z,2026-05-18T12:54:06.721984039Z,1,1,42366513,T,A,0,111.500000000,1,0,13425,140769250,111.500000000,112.000000000,1,89,1,8,ESM6 P7400
2026-05-18T12:55:36.904629579Z,2026-05-18T12:55:36.784232367Z,1,1,42384731,T,B,0,81.750000000,16,0,11727,141374262,81.250000000,81.750000000,81,16,4,2,ESM6 P7300
2026-05-18T12:55:58.146497812Z,2026-05-18T12:55:58.118758287Z,1,1,42516900,T,B,0,95.750000000,15,0,11539,141519701,95.250000000,95.750000000,30,15,4,2,ESM6 P7350
2026-05-18T12:56:01.506990659Z,2026-05-18T12:56:01.470632923Z,1,1,42627610,T,B,0,42.500000000,3,0,14213,141552938,42.000000000,42.500000000,112,3,7,1,ESM6 C7650
2026-05-18T12:56:16.177141710Z,2026-05-18T12:56:16.144556675Z,1,1,2511057,T,A,0,3.750000000,1,0,16479,40186325,3.750000000,4.600000000,1,113,1,4,UD:1V: 3W 2511057
2026-05-18T12:56:22.539762422Z,2026-05-18T12:56:22.537168365Z,1,1,2562146,T,A,0,116.500000000,69,0,14989,40209986,116.500000000,117.000000000,69,214,1,6,UD:1V: VT 2562146
2026-05-18T12:57:08.136155934Z,2026-05-18T12:57:08.089412031Z,1,1,42516900,T,B,0,94.500000000,15,0,13284,142014668,94.000000000,94.500000000,29,15,3,2,ESM6 P7350
2026-05-18T12:57:21.419911707Z,2026-05-18T12:57:21.044050215Z,1,1,42404370,T,A,0,9.300000000,9,0,11404,142089795,9.300000000,9.500000000,9,250,2,4,ESM6 P6400
2026-05-18T12:57:30.930232528Z,2026-05-18T12:57:30.810874629Z,1,1,42372969,T,A,0,482.500000000,1,0,11449,142150913,482.500000000,483.500000000,1,6,1,3,ESM6 C7000
2026-05-18T12:57:42.249077226Z,2026-05-18T12:57:42.248730187Z,1,1,42378541,T,A,0,7.900000000,1,0,14377,142214881,7.900000000,8.100000000,40,7,3,2,ESM6 P6300
2026-05-18T12:58:17.932171883Z,2026-05-18T12:58:17.850549847Z,1,1,42506288,T,B,0,58.750000000,2,0,14566,142411278,58.250000000,58.750000000,108,2,4,1,ESU6 P6250
2026-05-18T12:58:28.338500771Z,2026-05-18T12:58:28.338170727Z,1,1,42394743,T,B,0,2.400000000,4,0,13423,142479744,2.350000000,2.400000000,44,4,3,1,ESM6 P5400
2026-05-18T12:59:08.223591804Z,2026-05-18T12:59:08.102702267Z,1,1,42592967,T,B,0,7.200000000,1,0,12081,142725874,7.000000000,7.200000000,77,1,1,1,ESZ6 C9400
2026-05-18T12:59:45.214641847Z,2026-05-18T12:59:45.214281571Z,1,1,42404374,T,A,0,33.750000000,11,0,13448,143052601,33.750000000,34.000000000,11,99,1,6,ESM6 P7000
2026-05-18T12:59:50.542466555Z,2026-05-18T12:59:50.542083283Z,1,1,42372981,T,A,0,2.850000000,6,0,14662,143072750,2.850000000,3.050000000,197,7,5,2,ESM6 C8000
2026-05-18T13:00:01.712186460Z,2026-05-18T13:00:01.564748625Z,1,1,42378592,T,A,0,10.900000000,1,0,13454,143158199,10.900000000,11.100000000,99,2,5,2,ESM6 P6500
2026-05-18T13:00:09.591747534Z,2026-05-18T13:00:09.587124155Z,1,1,42366511,T,B,0,59.000000000,1,0,13988,143246726,58.750000000,59.000000000,9,1,2,1,ESM6 C7600
2026-05-18T13:00:11.558079141Z,2026-05-18T13:00:11.551415649Z,1,1,42378592,T,A,0,10.900000000,1,0,15547,143261913,10.900000000,11.100000000,99,8,5,3,ESM6 P6500
2026-05-18T13:00:32.504515379Z,2026-05-18T13:00:32.491417699Z,1,1,2511057,T,A,0,3.250000000,1,0,13635,40824915,3.250000000,4.150000000,1,124,1,4,UD:1V: 3W 2511057
2026-05-18T13:01:03.953961290Z,2026-05-18T13:01:03.940074803Z,1,1,2511495,T,B,0,0.850000000,1,0,21918,40925336,0.800000000,0.850000000,6,512,1,2,UD:1V: VT 2511495
2026-05-18T13:01:09.888843529Z,2026-05-18T13:01:09.699099545Z,1,1,42516900,T,B,0,93.750000000,9,0,12059,143767998,93.250000000,93.750000000,53,9,3,1,ESM6 P7350
2026-05-18T13:01:18.074195028Z,2026-05-18T13:01:18.003206383Z,1,1,42899801,T,B,0,101.500000000,13,0,11490,143839245,101.000000000,101.500000000,51,14,3,2,ESM6 P7375
2026-05-18T13:01:22.320214852Z,2026-05-18T13:01:20.961150873Z,1,1,42378592,T,B,0,11.100000000,2,0,13470,143907881,10.800000000,11.100000000,133,2,2,2,ESM6 P6500
2026-05-18T13:01:44.271542211Z,2026-05-18T13:01:44.271210385Z,1,1,42510079,T,A,0,192.000000000,1,0,13470,144128113,192.000000000,193.500000000,11,35,3,6,ESM6 C7350
2026-05-18T13:02:43.410010781Z,2026-05-18T13:02:42.173627409Z,1,1,42366513,T,B,0,113.500000000,3,0,12014,144618769,110.500000000,113.500000000,6,9,1,3,ESM6 P7400
2026-05-18T13:02:44.403864891Z,2026-05-18T13:02:43.637828867Z,1,1,42378541,T,B,0,8.100000000,1,0,11728,144635725,7.900000000,8.100000000,33,1,2,1,ESM6 P6300
2026-05-18T13:04:21.031693427Z,2026-05-18T13:04:20.862819963Z,1,1,42378450,T,A,0,6.500000000,6,0,13506,145706033,6.500000000,6.700000000,6,429,1,6,ESM6 P6150
2026-05-18T13:05:15.192343436Z,2026-05-18T13:05:14.747562133Z,1,1,42366523,T,B,0,45.750000000,1,0,13287,146073467,45.250000000,45.750000000,48,1,2,1,ESM6 P7100
2026-05-18T13:06:53.023342431Z,2026-05-18T13:06:52.965401147Z,1,1,42760607,T,A,0,32.500000000,10,0,13352,146641731,32.500000000,32.750000000,32,15,1,3,ESM6 P6975
2026-05-18T13:06:53.060577267Z,2026-05-18T13:06:53.023509613Z,1,1,42760607,T,A,0,32.500000000,22,0,11517,146642569,32.500000000,32.750000000,22,15,1,3,ESM6 P6975
2026-05-18T13:07:21.218990505Z,2026-05-18T13:07:19.878584379Z,1,1,42804680,T,A,0,9.800000000,6,0,11491,146841218,9.800000000,10.100000000,6,68,1,3,ESM6 P6425
2026-05-18T13:07:43.837732982Z,2026-05-18T13:07:43.661824721Z,1,1,2562146,T,A,0,117.000000000,71,0,19586,42144753,117.000000000,118.000000000,72,198,2,4,UD:1V: VT 2562146
2026-05-18T13:07:54.415579945Z,2026-05-18T13:07:54.409562563Z,1,1,2511847,T,A,0,-24.000000000,1,0,15239,42169892,-24.000000000,-23.750000000,1,12,1,2,UD:1V: GN 2511847
2026-05-18T13:08:06.299231411Z,2026-05-18T13:08:06.203141363Z,1,1,42516900,T,B,0,96.000000000,15,0,15747,147152219,95.500000000,96.000000000,57,15,4,2,ESM6 P7350
2026-05-18T13:11:15.951725702Z,2026-05-18T13:11:15.785907173Z,1,1,42394812,T,A,0,20.750000000,11,0,12406,148359734,20.750000000,21.000000000,11,23,1,3,ESM6 P6800
2026-05-18T13:11:24.429862111Z,2026-05-18T13:11:24.410488791Z,1,1,42645052,T,B,0,65.750000000,9,0,14836,148425389,65.000000000,65.750000000,56,25,4,1,ESU6 C8050
2026-05-18T13:11:59.473009476Z,2026-05-18T13:11:59.372773393Z,1,1,42804684,T,B,0,89.750000000,15,0,12310,148625937,89.000000000,89.750000000,63,15,3,2,ESM6 P7325
2026-05-18T13:12:03.603797663Z,2026-05-18T13:12:03.603448595Z,1,1,42404374,T,A,0,34.750000000,5,0,14099,148657074,34.750000000,35.000000000,9,69,1,5,ESM6 P7000
2026-05-18T13:12:03.603954129Z,2026-05-18T13:12:03.603476709Z,1,1,42404374,T,A,0,34.750000000,2,0,13314,148657081,34.750000000,35.000000000,4,69,1,5,ESM6 P7000
2026-05-18T13:12:03.605405734Z,2026-05-18T13:12:03.603808963Z,1,1,42404374,T,A,0,34.750000000,2,0,11227,148657122,34.750000000,35.000000000,2,69,1,5,ESM6 P7000
2026-05-18T13:12:11.865298935Z,2026-05-18T13:12:11.652274965Z,1,1,42516900,T,B,0,97.250000000,9,0,12648,148693106,96.500000000,97.250000000,20,9,1,1,ESM6 P7350
2026-05-18T13:12:15.156096903Z,2026-05-18T13:12:15.150968337Z,1,1,42404374,T,B,0,35.000000000,2,0,16042,148722320,34.500000000,35.000000000,96,9,6,2,ESM6 P7000
2026-05-18T13:12:19.287387431Z,2026-05-18T13:12:19.287034037Z,1,1,42404374,T,A,0,35.000000000,5,0,13940,148734331,35.000000000,35.250000000,5,178,1,8,ESM6 P7000
2026-05-18T13:13:47.089204809Z,2026-05-18T13:13:47.088669567Z,1,1,2512062,T,B,0,470.000000000,36,0,13356,42861315,468.500000000,470.000000000,78,50,4,1,UD:1V: GN 2512062
2026-05-18T13:14:22.309053472Z,2026-05-18T13:14:22.115562903Z,1,1,2512062,T,B,0,470.000000000,12,0,13084,42900089,469.000000000,470.000000000,24,100,2,1,UD:1V: GN 2512062
2026-05-18T13:14:38.542226444Z,2026-05-18T13:14:38.382637233Z,1,1,42366515,T,A,0,8.700000000,6,0,13609,149300174,8.700000000,8.900000000,6,178,1,5,ESM6 P6350
2026-05-18T13:15:37.646767185Z,2026-05-18T13:15:37.612535093Z,1,1,42583278,T,A,0,24.000000000,1,0,13501,149590218,24.000000000,24.250000000,1,384,1,4,ESZ6 P4350
2026-05-18T13:15:44.368960617Z,2026-05-18T13:15:44.230461033Z,1,1,42892714,T,A,0,24.500000000,1,0,11197,149628388,24.500000000,24.750000000,1,42,1,3,ESM6 C7725
2026-05-18T13:16:04.544457878Z,2026-05-18T13:16:04.446937399Z,1,1,42627610,T,A,0,41.000000000,25,0,11383,149717937,41.000000000,41.500000000,25,190,1,9,ESM6 C7650
2026-05-18T13:16:24.313347990Z,2026-05-18T13:16:24.298041513Z,1,1,42320751,T,B,0,72.000000000,1,0,16849,149807215,71.500000000,72.000000000,106,1,7,1,ESM6 P7250
2026-05-18T13:16:24.347383135Z,2026-05-18T13:16:24.313300599Z,1,1,42320751,T,A,0,72.000000000,2,0,11232,149807832,72.000000000,72.250000000,34,58,1,5,ESM6 P7250
2026-05-18T13:16:24.350474347Z,2026-05-18T13:16:24.347520129Z,1,1,42320751,T,A,0,72.000000000,34,0,11118,149808044,72.000000000,72.250000000,32,58,1,5,ESM6 P7250
2026-05-18T13:16:29.259480548Z,2026-05-18T13:16:29.256707595Z,1,1,2666430,T,B,0,98.000000000,1,0,14242,43137848,97.750000000,98.000000000,3,1,1,1,UD:1V: VT 2666430
2026-05-18T13:16:37.864902122Z,2026-05-18T13:16:37.847131189Z,1,1,42384729,T,B,0,6.100000000,6,0,13725,149908120,5.900000000,6.100000000,190,6,6,1,ESM6 C7900
2026-05-18T13:16:55.106503505Z,2026-05-18T13:16:54.690340019Z,1,1,42320751,T,A,0,72.000000000,63,0,13412,149968026,72.000000000,72.250000000,33,44,1,4,ESM6 P7250
2026-05-18T13:16:55.316647787Z,2026-05-18T13:16:54.743999723Z,1,1,42320751,T,A,0,72.000000000,21,0,14374,149970802,72.000000000,72.250000000,5,14,1,3,ESM6 P7250
2026-05-18T13:16:55.320552306Z,2026-05-18T13:16:54.745148431Z,1,1,42320751,T,A,0,72.000000000,9,0,13240,149970857,72.000000000,72.250000000,13,14,1,3,ESM6 P7250
2026-05-18T13:16:55.645950691Z,2026-05-18T13:16:55.004506955Z,1,1,2669066,T,A,0,70.750000000,1,0,17019,43173769,70.750000000,71.500000000,1,37,1,3,UD:1V: SG 2669066
2026-05-18T13:16:55.743277031Z,2026-05-18T13:16:55.106507053Z,1,1,42320751,T,A,0,72.000000000,4,0,13988,149977647,72.000000000,72.250000000,4,14,1,3,ESM6 P7250
2026-05-18T13:16:56.161598654Z,2026-05-18T13:16:55.727377273Z,1,1,2622256,T,A,0,15.200000000,6,0,14276,43176871,15.200000000,15.300000000,6,236,1,4,UD:1V: VT 2622256
2026-05-18T13:17:05.647089708Z,2026-05-18T13:17:05.646485665Z,1,1,2512062,T,B,0,469.500000000,26,0,15310,43189647,468.500000000,469.500000000,79,100,4,1,UD:1V: GN 2512062
2026-05-18T13:17:12.734806940Z,2026-05-18T13:17:12.734205485Z,1,1,2512062,T,B,0,469.500000000,1,0,15774,43199355,468.500000000,469.500000000,79,100,4,1,UD:1V: GN 2512062
2026-05-18T13:17:12.843984118Z,2026-05-18T13:17:12.843406589Z,1,1,2512062,T,B,0,469.500000000,1,0,14534,43199578,468.500000000,469.500000000,79,99,4,1,UD:1V: GN 2512062
2026-05-18T13:17:15.019850076Z,2026-05-18T13:17:15.019504797Z,1,1,42366511,T,A,0,56.500000000,1,0,16048,150050378,56.500000000,56.750000000,1,121,1,7,ESM6 C7600
2026-05-18T13:17:27.396756052Z,2026-05-18T13:17:27.362299843Z,1,1,42804683,T,B,0,66.750000000,1,0,17054,150093914,66.250000000,66.750000000,88,1,6,1,ESM6 P7225
2026-05-18T13:17:40.227903076Z,2026-05-18T13:17:40.215560739Z,1,1,42378374,T,A,0,61.750000000,3,0,11251,150157215,61.750000000,62.000000000,3,66,1,3,ESM6 P7200
2026-05-18T13:17:45.907224871Z,2026-05-18T13:17:45.636544523Z,1,1,2512062,T,B,0,469.500000000,14,0,11110,43247935,468.500000000,469.500000000,79,98,4,1,UD:1V: GN 2512062
2026-05-18T13:18:09.086695111Z,2026-05-18T13:18:09.086072681Z,1,1,2512062,T,B,0,469.500000000,1,0,17415,43292440,468.500000000,469.500000000,79,100,4,1,UD:1V: GN 2512062
2026-05-18T13:18:09.087092262Z,2026-05-18T13:18:09.086697971Z,1,1,2512062,T,B,0,469.500000000,2,0,11317,43292442,468.500000000,469.500000000,79,99,4,1,UD:1V: GN 2512062
2026-05-18T13:18:23.814658330Z,2026-05-18T13:18:23.790374531Z,1,1,42404374,T,A,0,34.500000000,1,0,14198,150368574,34.500000000,35.000000000,105,12,6,3,ESM6 P7000
2026-05-18T13:19:08.682137997Z,2026-05-18T13:19:08.580768371Z,1,1,42366511,T,B,0,56.750000000,6,0,12929,150562496,56.250000000,56.750000000,42,6,4,1,ESM6 C7600
2026-05-18T13:19:14.066297436Z,2026-05-18T13:19:14.065904141Z,1,1,42449915,T,B,0,113.000000000,1,0,13911,150626158,112.500000000,113.000000000,57,1,2,1,ESZ6 P6250
2026-05-18T13:20:53.985862716Z,2026-05-18T13:20:53.869275545Z,1,1,42366513,T,B,0,114.000000000,6,0,11722,151056409,113.500000000,114.000000000,31,6,3,1,ESM6 P7400
2026-05-18T13:22:08.071079266Z,2026-05-18T13:22:08.070771263Z,1,1,42320751,T,B,0,72.000000000,1,0,13930,151327618,71.500000000,72.000000000,1,116,1,9,ESM6 P7250
2026-05-18T13:22:32.623751735Z,2026-05-18T13:22:32.623204327Z,1,1,42836584,T,B,0,37.750000000,1,0,13482,151414357,37.000000000,37.750000000,162,59,5,3,ESM6 P7025
2026-05-18T13:22:38.414754788Z,2026-05-18T13:22:38.392888701Z,1,1,42404374,T,A,0,35.000000000,4,0,13651,151442706,35.000000000,35.250000000,9,114,1,6,ESM6 P7000
2026-05-18T13:22:38.416474347Z,2026-05-18T13:22:38.392929725Z,1,1,42404374,T,A,0,35.000000000,5,0,11377,151442753,35.000000000,35.250000000,5,114,1,6,ESM6 P7000
2026-05-18T13:22:42.011230251Z,2026-05-18T13:22:42.010876185Z,1,1,42404374,T,A,0,35.000000000,1,0,13339,151458552,35.000000000,35.250000000,1,164,1,8,ESM6 P7000
2026-05-18T13:27:04.054025172Z,2026-05-18T13:27:04.053678219Z,1,1,42675705,T,A,0,2.000000000,1,0,13302,152729888,2.000000000,2.050000000,1,271,1,3,ESM6 C8050
2026-05-18T13:27:22.564395086Z,2026-05-18T13:27:22.557002579Z,1,1,42366511,T,A,0,56.000000000,25,0,16025,152850866,56.000000000,56.500000000,48,3,5,1,ESM6 C7600
2026-05-18T13:28:05.095580024Z,2026-05-18T13:28:05.024519465Z,1,1,42404374,T,B,0,35.000000000,8,0,14862,153099616,34.750000000,35.000000000,36,8,3,1,ESM6 P7000
2026-05-18T13:28:11.558645327Z,2026-05-18T13:28:11.247181865Z,1,1,42404374,T,B,0,35.000000000,5,0,12762,153166544,34.750000000,35.000000000,244,5,9,1,ESM6 P7000
2026-05-18T13:28:13.210390043Z,2026-05-18T13:28:13.210028199Z,1,1,42836584,T,B,0,37.500000000,34,0,16104,153193718,37.250000000,37.500000000,16,34,2,1,ESM6 P7025
2026-05-18T13:28:19.924590020Z,2026-05-18T13:28:19.924012345Z,1,1,42404374,T,B,0,35.000000000,10,0,13595,153228839,34.750000000,35.000000000,253,10,9,1,ESM6 P7000
2026-05-18T13:28:30.492389792Z,2026-05-18T13:28:30.447022387Z,1,1,42404374,T,B,0,35.000000000,2,0,12918,153280074,34.750000000,35.000000000,79,3,5,1,ESM6 P7000
2026-05-18T13:28:30.519757228Z,2026-05-18T13:28:30.447107377Z,1,1,42404374,T,B,0,35.000000000,1,0,15530,153280529,34.750000000,35.000000000,79,1,5,1,ESM6 P7000
2026-05-18T13:28:35.718354371Z,2026-05-18T13:28:35.717809313Z,1,1,42404374,T,B,0,35.000000000,2,0,14413,153316349,34.750000000,35.000000000,222,2,8,1,ESM6 P7000
2026-05-18T13:28:51.873003134Z,2026-05-18T13:28:51.872557293Z,1,1,2512785,T,A,0,4.400000000,1,0,14848,44333837,4.400000000,4.450000000,1,291,1,4,UD:1V: BO 2512785
2026-05-18T13:29:05.733277075Z,2026-05-18T13:29:05.675938923Z,1,1,42572477,T,B,0,20.000000000,50,0,15025,153461560,19.900000000,20.000000000,27,50,2,1,ESM6 C7750
2026-05-18T13:29:05.754161539Z,2026-05-18T13:29:05.751315491Z,1,1,42572477,T,B,0,20.000000000,50,0,14028,153462422,19.900000000,20.000000000,27,50,2,1,ESM6 C7750
2026-05-18T13:29:39.045393878Z,2026-05-18T13:29:39.044823239Z,1,1,42572477,T,B,0,20.000000000,3,0,12786,153679299,19.900000000,20.000000000,25,25,1,1,ESM6 C7750
2026-05-18T13:29:39.045420622Z,2026-05-18T13:29:39.044823415Z,1,1,42572477,T,B,0,20.000000000,22,0,12620,153679300,19.900000000,20.000000000,25,22,1,1,ESM6 C7750
2026-05-18T13:29:39.047997226Z,2026-05-18T13:29:39.047736793Z,1,1,42572477,T,B,0,20.000000000,13,0,13796,153679322,19.900000000,20.000000000,25,25,1,1,ESM6 C7750
2026-05-18T13:29:39.048055457Z,2026-05-18T13:29:39.047736971Z,1,1,42572477,T,B,0,20.000000000,12,0,13256,153679323,19.900000000,20.000000000,25,12,1,1,ESM6 C7750
2026-05-18T13:29:46.980915799Z,2026-05-18T13:29:46.961876469Z,1,1,42572477,T,B,0,20.000000000,25,0,14457,153727989,19.800000000,20.000000000,250,25,9,1,ESM6 C7750
2026-05-18T13:29:47.067666526Z,2026-05-18T13:29:47.045921239Z,1,1,42572477,T,B,0,20.000000000,2,0,13574,153729851,19.800000000,20.000000000,276,25,10,1,ESM6 C7750
2026-05-18T13:29:47.067689028Z,2026-05-18T13:29:47.045921419Z,1,1,42572477,T,B,0,20.000000000,23,0,12967,153729852,19.800000000,20.000000000,276,23,10,1,ESM6 C7750
2026-05-18T13:29:47.076108327Z,2026-05-18T13:29:47.074687223Z,1,1,42572477,T,B,0,20.000000000,25,0,13487,153730189,19.800000000,20.000000000,276,25,10,1,ESM6 C7750
2026-05-18T13:30:02.200073543Z,2026-05-18T13:30:01.311952417Z,1,1,42404367,T,B,0,6.100000000,2,0,14653,153923145,6.000000000,6.100000000,155,2,2,1,ESM6 P6100
2026-05-18T13:30:07.652256737Z,2026-05-18T13:30:06.186071409Z,1,1,42378346,T,A,0,95.750000000,1,0,11191,154008879,95.750000000,97.000000000,23,7,3,2,ESM6 C7500
2026-05-18T13:30:10.466446727Z,2026-05-18T13:30:09.052117349Z,1,1,42572477,T,B,0,19.800000000,25,0,11296,154056743,19.400000000,19.800000000,33,25,1,1,ESM6 C7750
2026-05-18T13:30:10.721373521Z,2026-05-18T13:30:09.207554931Z,1,1,42916927,T,A,0,124.500000000,1,0,15167,154061190,124.500000000,125.000000000,1,17,1,1,ESM6 P7425
2026-05-18T13:30:12.635348972Z,2026-05-18T13:30:11.102767861Z,1,1,42572477,T,B,0,19.800000000,25,0,11090,154093823,19.700000000,19.800000000,78,25,2,1,ESM6 C7750
2026-05-18T13:30:14.183807156Z,2026-05-18T13:30:12.676875283Z,1,1,42572477,T,B,0,19.800000000,25,0,14623,154118353,19.700000000,19.800000000,185,25,2,1,ESM6 C7750
2026-05-18T13:30:17.287976412Z,2026-05-18T13:30:15.789942345Z,1,1,42572477,T,B,0,19.800000000,8,0,10177,154169097,19.600000000,19.800000000,53,25,2,1,ESM6 C7750
2026-05-18T13:30:18.223875433Z,2026-05-18T13:30:16.796470183Z,1,1,42572477,T,B,0,19.800000000,17,0,11436,154182463,19.500000000,19.800000000,118,17,3,1,ESM6 C7750
2026-05-18T13:30:23.353616111Z,2026-05-18T13:30:22.148303789Z,1,1,2674534,T,B,0,22.500000000,6,0,13733,44708096,22.250000000,22.500000000,202,6,3,1,UD:1V: VT 2674534
2026-05-18T13:30:26.880268116Z,2026-05-18T13:30:25.484220641Z,1,1,42572477,T,B,0,19.500000000,15,0,11232,154329783,19.300000000,19.500000000,85,25,4,1,ESM6 C7750
2026-05-18T13:30:28.251923633Z,2026-05-18T13:30:26.995332041Z,1,1,42572477,T,B,0,19.500000000,10,0,13232,154355886,19.300000000,19.500000000,2,10,1,1,ESM6 C7750
2026-05-18T13:30:30.193892997Z,2026-05-18T13:30:29.352422841Z,1,1,42572477,T,B,0,19.500000000,16,0,21295,154390226,19.300000000,19.500000000,83,25,3,1,ESM6 C7750
2026-05-18T13:30:32.414025034Z,2026-05-18T13:30:31.773424423Z,1,1,42572477,T,B,0,19.500000000,6,0,19947,154432233,19.300000000,19.500000000,33,9,1,1,ESM6 C7750
2026-05-18T13:30:32.414053679Z,2026-05-18T13:30:31.773424601Z,1,1,42572477,T,B,0,19.500000000,3,0,16062,154432234,19.300000000,19.500000000,33,3,1,1,ESM6 C7750
2026-05-18T13:30:35.202829235Z,2026-05-18T13:30:34.302654261Z,1,1,42572477,T,B,0,19.500000000,10,0,17505,154478824,19.400000000,19.500000000,25,25,1,1,ESM6 C7750
2026-05-18T13:30:35.204211006Z,2026-05-18T13:30:34.302729599Z,1,1,42572477,T,B,0,19.500000000,3,0,11256,154478862,19.400000000,19.500000000,25,15,1,1,ESM6 C7750
2026-05-18T13:30:35.233135203Z,2026-05-18T13:30:34.377644073Z,1,1,42572477,T,B,0,19.500000000,4,0,11889,154479528,19.400000000,19.500000000,25,12,1,1,ESM6 C7750
2026-05-18T13:30:36.867117519Z,2026-05-18T13:30:35.548613053Z,1,1,42572477,T,B,0,19.500000000,8,0,16968,154505797,19.300000000,19.500000000,92,8,3,1,ESM6 C7750
2026-05-18T13:30:37.172949627Z,2026-05-18T13:30:35.811818949Z,1,1,2550781,T,B,0,8.700000000,6,0,20087,44819416,8.500000000,8.700000000,403,6,3,1,UD:1V: BO 2550781
2026-05-18T13:30:38.461738982Z,2026-05-18T13:30:37.800969695Z,1,1,42572477,T,B,0,19.500000000,25,0,18965,154533355,19.300000000,19.500000000,147,25,7,1,ESM6 C7750
2026-05-18T13:30:40.804040387Z,2026-05-18T13:30:40.687915069Z,1,1,2550781,T,B,0,8.700000000,6,0,16668,44853335,8.500000000,8.700000000,1036,6,4,1,UD:1V: BO 2550781
2026-05-18T13:30:42.520242439Z,2026-05-18T13:30:42.255537187Z,1,1,42572477,T,B,0,19.500000000,15,0,12520,154613970,19.300000000,19.500000000,88,15,3,1,ESM6 C7750
2026-05-18T13:30:45.996261662Z,2026-05-18T13:30:45.768082143Z,1,1,2550781,T,B,0,8.700000000,6,0,15273,44899228,8.500000000,8.700000000,1042,6,5,1,UD:1V: BO 2550781
2026-05-18T13:30:49.345629705Z,2026-05-18T13:30:49.044274693Z,1,1,42378618,T,B,0,27.000000000,1,0,11349,154736792,26.750000000,27.000000000,127,1,6,1,ESM6 P6900
2026-05-18T13:30:49.658772947Z,2026-05-18T13:30:49.468967309Z,1,1,2550781,T,B,0,8.700000000,6,0,19552,44926339,8.500000000,8.700000000,1177,6,6,1,UD:1V: BO 2550781
2026-05-18T13:30:54.010131993Z,2026-05-18T13:30:53.867299415Z,1,1,2550781,T,B,0,8.700000000,6,0,20517,44962696,8.500000000,8.700000000,1161,6,6,1,UD:1V: BO 2550781
2026-05-18T13:30:57.779249118Z,2026-05-18T13:30:57.571690623Z,1,1,2550781,T,B,0,8.700000000,6,0,21196,44991183,8.500000000,8.700000000,1161,6,6,1,UD:1V: BO 2550781
2026-05-18T13:31:03.738392470Z,2026-05-18T13:31:02.602199129Z,1,1,2622256,T,B,0,15.100000000,25,0,13979,45038986,14.900000000,15.100000000,499,25,4,1,UD:1V: VT 2622256
2026-05-18T13:31:06.154085751Z,2026-05-18T13:31:04.466235329Z,1,1,2669920,T,B,0,40.750000000,6,0,16966,45058912,40.500000000,40.750000000,466,6,4,1,UD:1V: VT 2669920
2026-05-18T13:31:06.638119511Z,2026-05-18T13:31:05.305511053Z,1,1,2622256,T,A,0,15.000000000,6,0,17389,45062167,15.000000000,15.200000000,6,266,1,4,UD:1V: VT 2622256
2026-05-18T13:31:11.579298238Z,2026-05-18T13:31:10.827250901Z,1,1,2550781,T,B,0,8.700000000,6,0,12889,45104020,8.500000000,8.700000000,566,6,6,1,UD:1V: BO 2550781
2026-05-18T13:31:14.002357084Z,2026-05-18T13:31:13.070613655Z,1,1,42836584,T,A,0,37.250000000,3,0,14325,155179384,37.250000000,38.000000000,60,10,3,1,ESM6 P7025
2026-05-18T13:31:16.239058663Z,2026-05-18T13:31:15.438559011Z,1,1,2550781,T,B,0,8.700000000,6,0,16225,45146360,8.500000000,8.700000000,1199,6,7,1,UD:1V: BO 2550781
2026-05-18T13:31:17.727579614Z,2026-05-18T13:31:17.093017895Z,1,1,2674775,T,A,0,23.750000000,6,0,13394,45159400,23.750000000,24.000000000,6,235,1,4,UD:1V: VT 2674775
2026-05-18T13:31:21.964615095Z,2026-05-18T13:31:21.331219111Z,1,1,2550781,T,B,0,8.700000000,6,0,13571,45192480,8.500000000,8.700000000,1204,6,7,1,UD:1V: BO 2550781
2026-05-18T13:31:26.052849901Z,2026-05-18T13:31:25.611042871Z,1,1,2550781,T,B,0,8.700000000,6,0,18762,45224737,8.500000000,8.700000000,1204,6,7,1,UD:1V: BO 2550781
2026-05-18T13:31:30.014383363Z,2026-05-18T13:31:29.612048599Z,1,1,2550781,T,B,0,8.700000000,6,0,14002,45256203,8.500000000,8.700000000,1204,6,7,1,UD:1V: BO 2550781
2026-05-18T13:31:34.685533300Z,2026-05-18T13:31:33.923378335Z,1,1,2550781,T,B,0,8.700000000,6,0,14216,45290168,8.500000000,8.700000000,1042,6,6,1,UD:1V: BO 2550781
2026-05-18T13:31:39.009591767Z,2026-05-18T13:31:38.550946637Z,1,1,2550781,T,B,0,8.700000000,6,0,13793,45322914,8.500000000,8.700000000,1003,6,5,1,UD:1V: BO 2550781
2026-05-18T13:31:42.473582886Z,2026-05-18T13:31:42.333913791Z,1,1,2550781,T,B,0,8.700000000,6,0,12096,45347548,8.500000000,8.700000000,805,6,5,1,UD:1V: BO 2550781
2026-05-18T13:31:46.197872607Z,2026-05-18T13:31:45.927700189Z,1,1,2550781,T,B,0,8.700000000,6,0,17246,45374306,8.500000000,8.700000000,1030,6,6,1,UD:1V: BO 2550781
2026-05-18T13:31:49.387960588Z,2026-05-18T13:31:49.367482277Z,1,1,2550781,T,B,0,8.700000000,6,0,17059,45395663,8.500000000,8.700000000,1030,6,6,1,UD:1V: BO 2550781
2026-05-18T13:31:53.213484868Z,2026-05-18T13:31:52.956132565Z,1,1,2550781,T,B,0,8.700000000,6,0,14298,45421751,8.500000000,8.700000000,397,6,5,1,UD:1V: BO 2550781
2026-05-18T13:31:56.036405267Z,2026-05-18T13:31:55.613723127Z,1,1,2622256,T,B,0,14.900000000,1,0,13238,45440356,14.800000000,14.900000000,544,25,5,1,UD:1V: VT 2622256
2026-05-18T13:31:56.040597697Z,2026-05-18T13:31:55.614008025Z,1,1,2622256,T,B,0,14.900000000,1,0,13079,45440381,14.800000000,14.900000000,544,24,5,1,UD:1V: VT 2622256
2026-05-18T13:31:56.125319667Z,2026-05-18T13:31:55.616195231Z,1,1,2622256,T,B,0,14.900000000,1,0,11892,45441405,14.800000000,14.900000000,375,23,4,1,UD:1V: VT 2622256
2026-05-18T13:31:56.366728572Z,2026-05-18T13:31:55.807744915Z,1,1,2622256,T,B,0,14.900000000,1,0,16911,45443088,14.800000000,14.900000000,544,22,5,1,UD:1V: VT 2622256
2026-05-18T13:31:57.478848963Z,2026-05-18T13:31:57.081493541Z,1,1,2550781,T,B,0,8.700000000,6,0,15449,45450663,8.500000000,8.700000000,1100,6,7,1,UD:1V: BO 2550781
2026-05-18T13:32:04.943954340Z,2026-05-18T13:32:03.312612463Z,1,1,42341500,T,B,0,75.750000000,1,0,16564,156022768,75.500000000,75.750000000,14,32,1,1,ESZ6 C8400
2026-05-18T13:32:04.949300903Z,2026-05-18T13:32:03.312613883Z,1,1,42341500,T,B,0,75.750000000,31,0,17277,156022770,75.500000000,75.750000000,14,31,1,1,ESZ6 C8400
2026-05-18T13:32:05.249170713Z,2026-05-18T13:32:03.588456221Z,1,1,792621,T,A,0,60.000000000,16,0,18329,156026895,60.000000000,60.750000000,16,34,1,1,ESZ6 C8500
2026-05-18T13:32:11.677670057Z,2026-05-18T13:32:10.520113051Z,1,1,2550781,T,B,0,8.700000000,6,0,12860,45557522,8.500000000,8.700000000,1248,6,8,1,UD:1V: BO 2550781
2026-05-18T13:32:11.679393379Z,2026-05-18T13:32:10.523148503Z,1,1,2674775,T,A,0,23.750000000,6,0,14102,45557538,23.750000000,24.000000000,6,724,1,7,UD:1V: VT 2674775
2026-05-18T13:32:18.017407497Z,2026-05-18T13:32:17.855157737Z,1,1,2669920,T,B,0,40.750000000,6,0,11033,45609264,40.500000000,40.750000000,1313,6,8,1,UD:1V: VT 2669920
2026-05-18T13:32:27.286678278Z,2026-05-18T13:32:26.256314113Z,1,1,2550781,T,B,0,8.700000000,6,0,12948,45680813,8.500000000,8.700000000,549,6,6,1,UD:1V: BO 2550781
2026-05-18T13:32:31.994163387Z,2026-05-18T13:32:31.030749621Z,1,1,2669920,T,B,0,41.000000000,6,0,14742,45718343,40.750000000,41.000000000,1164,6,7,1,UD:1V: VT 2669920
2026-05-18T13:32:32.319074919Z,2026-05-18T13:32:31.370541839Z,1,1,2550781,T,B,0,8.700000000,6,0,16272,45720472,8.500000000,8.700000000,1144,6,6,1,UD:1V: BO 2550781
2026-05-18T13:32:38.546640515Z,2026-05-18T13:32:37.207240663Z,1,1,2550781,T,B,0,8.700000000,6,0,12978,45764856,8.500000000,8.700000000,938,6,5,1,UD:1V: BO 2550781
2026-05-18T13:33:03.685832713Z,2026-05-18T13:33:03.034432101Z,1,1,42643037,T,B,0,321.000000000,50,0,16907,156940572,318.500000000,321.000000000,11,50,1,1,ESM7 C8150
2026-05-18T13:33:13.399960483Z,2026-05-18T13:33:12.332889811Z,1,1,42637001,T,B,0,138.000000000,15,0,13383,157115930,137.500000000,138.000000000,55,15,6,1,ESM6 P7450
2026-05-18T13:33:15.360504331Z,2026-05-18T13:33:14.938800353Z,1,1,42295873,T,B,0,305.000000000,17,0,13741,157153951,304.500000000,305.000000000,48,17,2,1,ESZ6 C7700
2026-05-18T13:33:16.498735063Z,2026-05-18T13:33:16.449774051Z,1,1,42502483,T,B,0,280.000000000,3,0,21886,157179111,279.500000000,280.000000000,17,3,1,1,ESZ6 C7750
2026-05-18T13:33:21.296600880Z,2026-05-18T13:33:21.296320123Z,1,1,42295873,T,B,0,305.000000000,20,0,12253,157264026,304.500000000,305.000000000,44,20,2,1,ESZ6 C7700
2026-05-18T13:33:21.303443711Z,2026-05-18T13:33:21.303197795Z,1,1,42502483,T,B,0,280.000000000,11,0,11377,157264048,279.500000000,280.000000000,45,20,2,1,ESZ6 C7750
2026-05-18T13:33:21.303780366Z,2026-05-18T13:33:21.303531361Z,1,1,42502483,T,B,0,280.000000000,9,0,15888,157264052,279.500000000,280.000000000,45,9,2,1,ESZ6 C7750
2026-05-18T13:33:24.290345675Z,2026-05-18T13:33:24.249808603Z,1,1,42384872,T,B,0,19.200000000,1,0,14370,157314910,19.000000000,19.200000000,316,1,7,1,ESM6 P6750
2026-05-18T13:33:24.756988875Z,2026-05-18T13:33:24.542815295Z,1,1,2669920,T,B,0,41.250000000,6,0,18844,46133628,41.000000000,41.250000000,1486,6,9,1,UD:1V: VT 2669920
2026-05-18T13:33:30.407267938Z,2026-05-18T13:33:30.034172179Z,1,1,42916927,T,A,0,127.500000000,3,0,13823,157427718,127.500000000,128.000000000,3,29,1,3,ESM6 P7425
2026-05-18T13:33:39.151942087Z,2026-05-18T13:33:39.089389707Z,1,1,42366511,T,B,0,53.250000000,1,0,19350,157588574,53.000000000,53.250000000,40,1,4,1,ESM6 C7600
2026-05-18T13:33:44.170632737Z,2026-05-18T13:33:44.170379351Z,1,1,42502483,T,B,0,279.500000000,20,0,12582,157679527,279.000000000,279.500000000,59,20,2,1,ESZ6 C7750
2026-05-18T13:33:44.647179658Z,2026-05-18T13:33:44.394169097Z,1,1,2669920,T,B,0,41.250000000,6,0,14677,46296926,41.000000000,41.250000000,1341,6,8,1,UD:1V: VT 2669920
2026-05-18T13:33:49.150384918Z,2026-05-18T13:33:48.753826999Z,1,1,42505875,T,B,0,262.000000000,10,0,15140,157766395,261.500000000,262.000000000,39,10,2,1,ESZ6 P7150
2026-05-18T13:33:51.505347437Z,2026-05-18T13:33:51.422648471Z,1,1,42623729,T,B,0,460.500000000,25,0,13833,157809874,459.500000000,460.500000000,32,25,3,1,ESM7 C7850
2026-05-18T13:33:57.243721580Z,2026-05-18T13:33:56.875242803Z,1,1,42583278,T,B,0,24.250000000,1,0,16099,157906941,23.750000000,24.250000000,176,324,3,3,ESZ6 P4350
2026-05-18T13:33:57.747148001Z,2026-05-18T13:33:57.391869839Z,1,1,42332440,T,B,0,274.500000000,10,0,14069,157917305,274.000000000,274.500000000,87,10,3,1,ESZ6 P7200
2026-05-18T13:34:05.963646393Z,2026-05-18T13:34:04.987355267Z,1,1,42332440,T,B,0,274.500000000,10,0,14621,158057062,274.000000000,274.500000000,72,10,1,1,ESZ6 P7200
2026-05-18T13:34:07.799582641Z,2026-05-18T13:34:07.082354587Z,1,1,42087841,T,B,0,250.000000000,10,0,14034,158089436,249.500000000,250.000000000,84,10,3,1,ESZ6 P7100
2026-05-18T13:34:10.569816382Z,2026-05-18T13:34:10.067738409Z,1,1,42560128,T,B,0,81.500000000,1,0,16443,158138913,81.000000000,81.500000000,87,1,5,1,ESM6 C7525
2026-05-18T13:34:17.474357534Z,2026-05-18T13:34:16.558591371Z,1,1,42332440,T,B,0,274.500000000,10,0,13586,158266982,274.000000000,274.500000000,128,10,4,1,ESZ6 P7200
2026-05-18T13:34:17.526950091Z,2026-05-18T13:34:16.632775403Z,1,1,42492708,T,B,0,288.000000000,9,0,16948,158267786,287.500000000,288.000000000,35,9,2,1,ESZ6 P7250
2026-05-18T13:34:30.748310046Z,2026-05-18T13:34:30.267842073Z,1,1,42366513,T,A,0,119.000000000,1,0,13024,158501198,119.000000000,120.000000000,66,25,6,5,ESM6 P7400
2026-05-18T13:34:36.391941519Z,2026-05-18T13:34:36.322533607Z,1,1,42492708,T,B,0,288.500000000,9,0,18280,158606160,288.000000000,288.500000000,134,9,3,1,ESZ6 P7250
2026-05-18T13:34:43.157770623Z,2026-05-18T13:34:42.806166479Z,1,1,42378346,T,A,0,92.000000000,1,0,24468,158706113,92.000000000,92.250000000,1,19,1,1,ESM6 C7500
2026-05-18T13:34:49.425124785Z,2026-05-18T13:34:49.213001207Z,1,1,42384731,T,B,0,88.000000000,6,0,12782,158818308,87.750000000,88.000000000,22,6,1,1,ESM6 P7300
2026-05-18T13:34:51.286838349Z,2026-05-18T13:34:51.270603697Z,1,1,2669920,T,B,0,41.500000000,6,0,11431,46849509,41.250000000,41.500000000,1061,6,7,1,UD:1V: VT 2669920
2026-05-18T13:34:55.080086188Z,2026-05-18T13:34:54.741281353Z,1,1,2669920,T,B,0,41.500000000,6,0,20924,46871349,41.250000000,41.500000000,1462,6,9,1,UD:1V: VT 2669920
2026-05-18T13:34:57.443353614Z,2026-05-18T13:34:57.442767751Z,1,1,42404374,T,B,0,37.000000000,1,0,16565,158930014,36.750000000,37.000000000,156,8,4,2,ESM6 P7000
2026-05-18T13:35:12.661885512Z,2026-05-18T13:35:12.050818831Z,1,1,42458399,T,B,0,72.000000000,1,0,11994,159198279,71.250000000,72.000000000,24,1,2,1,ESU6 C8000
2026-05-18T13:35:18.924268999Z,2026-05-18T13:35:18.797873883Z,1,1,2513170,T,A,0,0.200000000,10,0,13203,47069848,0.200000000,0.850000000,10,32,1,1,UD:1V: 13 2513170
2026-05-18T13:35:20.631168113Z,2026-05-18T13:35:20.423823343Z,1,1,42399646,T,A,0,26.250000000,1,0,13967,159344175,26.250000000,26.500000000,1,75,1,5,ESM6 C7700
2026-05-18T13:35:27.066730169Z,2026-05-18T13:35:26.416226597Z,1,1,42404366,T,A,0,12.100000000,1,0,16002,159459861,12.100000000,12.200000000,1,31,1,3,ESM6 C7800
2026-05-18T13:35:29.983079523Z,2026-05-18T13:35:29.848947893Z,1,1,42458399,T,B,0,71.500000000,1,0,17143,159513907,71.250000000,71.500000000,5,1,1,1,ESU6 C8000
2026-05-18T13:35:30.769129308Z,2026-05-18T13:35:30.601387057Z,1,1,42399646,T,B,0,26.250000000,9,0,16440,159529015,26.000000000,26.250000000,33,11,1,1,ESM6 C7700
2026-05-18T13:35:34.374147700Z,2026-05-18T13:35:34.048758621Z,1,1,2513170,T,A,0,0.200000000,10,0,13894,47197596,0.200000000,0.650000000,10,80,1,2,UD:1V: 13 2513170
2026-05-18T13:35:52.399036395Z,2026-05-18T13:35:52.281249133Z,1,1,42399646,T,B,0,26.750000000,17,0,12826,159920281,26.500000000,26.750000000,64,17,4,2,ESM6 C7700
2026-05-18T13:36:01.056900900Z,2026-05-18T13:36:00.197671949Z,1,1,2513218,T,B,0,59.500000000,10,0,14488,47427581,59.000000000,59.500000000,292,100,6,1,UD:1V: VT 2513218
2026-05-18T13:36:01.058372081Z,2026-05-18T13:36:00.197691705Z,1,1,2513218,T,B,0,59.500000000,3,0,14989,47427584,59.000000000,59.500000000,292,90,6,1,UD:1V: VT 2513218
2026-05-18T13:36:01.155926011Z,2026-05-18T13:36:00.248465833Z,1,1,2513218,T,B,0,59.500000000,61,0,11256,47428414,59.250000000,59.500000000,4,87,1,1,UD:1V: VT 2513218
2026-05-18T13:36:01.156180398Z,2026-05-18T13:36:00.248804759Z,1,1,2513218,T,B,0,59.500000000,5,0,11263,47428424,59.250000000,59.500000000,4,26,1,1,UD:1V: VT 2513218
2026-05-18T13:36:02.004367150Z,2026-05-18T13:36:01.189720361Z,1,1,2513218,T,B,0,59.500000000,3,0,11555,47436608,59.250000000,59.500000000,196,21,4,1,UD:1V: VT 2513218
2026-05-18T13:36:02.249950215Z,2026-05-18T13:36:01.540785221Z,1,1,2513218,T,B,0,59.500000000,1,0,17930,47438126,59.250000000,59.500000000,187,18,3,1,UD:1V: VT 2513218
2026-05-18T13:36:02.293414622Z,2026-05-18T13:36:01.543167773Z,1,1,2513218,T,B,0,59.500000000,1,0,14547,47438349,59.250000000,59.500000000,187,17,3,1,UD:1V: VT 2513218
2026-05-18T13:36:02.532309047Z,2026-05-18T13:36:01.869401255Z,1,1,2513218,T,B,0,59.500000000,21,0,15740,47440532,59.250000000,59.500000000,157,16,3,1,UD:1V: VT 2513218
2026-05-18T13:36:02.535954246Z,2026-05-18T13:36:01.869697661Z,1,1,2513218,T,B,0,59.500000000,1,0,13968,47440550,59.250000000,59.500000000,157,45,3,1,UD:1V: VT 2513218
2026-05-18T13:36:02.537628188Z,2026-05-18T13:36:01.869722929Z,1,1,2513218,T,B,0,59.500000000,1,0,11402,47440561,59.250000000,59.500000000,157,44,3,1,UD:1V: VT 2513218
2026-05-18T13:36:02.561887375Z,2026-05-18T13:36:01.879977511Z,1,1,2513218,T,B,0,59.500000000,21,0,15911,47440668,59.250000000,59.500000000,157,43,3,1,UD:1V: VT 2513218
2026-05-18T13:36:03.497374471Z,2026-05-18T13:36:02.851987251Z,1,1,42399646,T,B,0,27.000000000,10,0,10972,160115736,26.750000000,27.000000000,42,10,2,1,ESM6 C7700
2026-05-18T13:36:04.789686687Z,2026-05-18T13:36:03.894201781Z,1,1,2513218,T,B,0,59.500000000,20,0,13565,47460586,59.250000000,59.500000000,159,22,4,1,UD:1V: VT 2513218
2026-05-18T13:36:04.822153021Z,2026-05-18T13:36:03.901819833Z,1,1,2513218,T,B,0,59.500000000,2,0,10479,47460928,59.250000000,59.500000000,159,2,4,1,UD:1V: VT 2513218
2026-05-18T13:36:05.297912767Z,2026-05-18T13:36:04.184293423Z,1,1,42378618,T,B,0,28.500000000,3,0,14206,160148898,28.250000000,28.500000000,40,3,1,1,ESM6 P6900
2026-05-18T13:36:12.168561482Z,2026-05-18T13:36:11.248908027Z,1,1,42378618,T,B,0,28.750000000,3,0,14282,160268426,28.500000000,28.750000000,144,9,4,2,ESM6 P6900
2026-05-18T13:36:20.936377286Z,2026-05-18T13:36:19.839090757Z,1,1,42330564,T,A,0,253.000000000,4,0,13093,160418667,253.000000000,253.500000000,4,19,1,1,ESZ6 C7800
2026-05-18T13:36:23.325943668Z,2026-05-18T13:36:22.851833489Z,1,1,42560128,T,A,0,79.500000000,3,0,20179,160459855,79.500000000,79.750000000,10,23,1,4,ESM6 C7525
2026-05-18T13:36:23.398235855Z,2026-05-18T13:36:22.984892967Z,1,1,42404374,T,B,0,37.750000000,9,0,18679,160461554,37.500000000,37.750000000,34,9,1,2,ESM6 P7000
2026-05-18T13:36:23.523332844Z,2026-05-18T13:36:23.182249567Z,1,1,42404374,T,A,0,37.750000000,2,0,19668,160463911,37.750000000,38.000000000,4,198,1,6,ESM6 P7000
2026-05-18T13:36:23.706030656Z,2026-05-18T13:36:23.398197757Z,1,1,42404374,T,A,0,37.750000000,2,0,19026,160467373,37.750000000,38.000000000,2,198,1,6,ESM6 P7000
2026-05-18T13:36:23.826680233Z,2026-05-18T13:36:23.522610547Z,1,1,42366511,T,B,0,51.500000000,8,0,12566,160469520,51.000000000,51.500000000,83,21,5,3,ESM6 C7600
2026-05-18T13:36:24.781034827Z,2026-05-18T13:36:24.686369381Z,1,1,42696853,T,B,0,44.000000000,9,0,11702,160490207,43.500000000,44.000000000,82,15,3,2,ESM6 C7625
2026-05-18T13:36:28.367787551Z,2026-05-18T13:36:27.931725873Z,1,1,42399646,T,B,0,26.250000000,4,0,13861,160550721,26.000000000,26.250000000,160,6,4,1,ESM6 C7700
2026-05-18T13:36:28.938602580Z,2026-05-18T13:36:28.442043047Z,1,1,42399646,T,B,0,26.250000000,2,0,12823,160561883,26.000000000,26.250000000,131,10,3,1,ESM6 C7700
2026-05-18T13:36:29.151640220Z,2026-05-18T13:36:28.587344339Z,1,1,42399646,T,B,0,26.250000000,8,0,13606,160565856,26.000000000,26.250000000,60,8,3,1,ESM6 C7700
2026-05-18T13:36:31.605281826Z,2026-05-18T13:36:31.307058955Z,1,1,42366511,T,B,0,51.750000000,17,0,13987,160614708,51.250000000,51.750000000,126,19,8,1,ESM6 C7600
2026-05-18T13:36:33.987737243Z,2026-05-18T13:36:33.469451227Z,1,1,42378346,T,A,0,91.250000000,3,0,20124,160651543,91.250000000,91.500000000,10,34,1,4,ESM6 C7500
2026-05-18T13:36:35.055129977Z,2026-05-18T13:36:34.590203437Z,1,1,42560128,T,B,0,80.250000000,6,0,20001,160672838,80.000000000,80.250000000,7,6,1,1,ESM6 C7525
2026-05-18T13:36:39.797445091Z,2026-05-18T13:36:39.443719713Z,1,1,42902241,T,A,0,103.500000000,9,0,13229,160763828,103.500000000,104.000000000,9,89,1,7,ESM6 C7475
2026-05-18T13:36:42.833937455Z,2026-05-18T13:36:42.833419693Z,1,1,42902241,T,A,0,103.500000000,3,0,17251,160822005,103.500000000,104.000000000,6,54,1,6,ESM6 C7475
2026-05-18T13:36:43.013100153Z,2026-05-18T13:36:43.010506727Z,1,1,42902241,T,A,0,103.500000000,3,0,15840,160823183,103.500000000,104.000000000,3,54,1,6,ESM6 C7475
2026-05-18T13:36:57.519228537Z,2026-05-18T13:36:57.518671003Z,1,1,42378346,T,A,0,91.000000000,10,0,13249,161023186,91.000000000,91.250000000,10,36,1,5,ESM6 C7500
2026-05-18T13:36:59.142979911Z,2026-05-18T13:36:58.869213589Z,1,1,42560128,T,A,0,79.500000000,3,0,16247,161046814,79.500000000,79.750000000,7,23,1,4,ESM6 C7525
2026-05-18T13:37:00.133347710Z,2026-05-18T13:36:59.752532003Z,1,1,42465600,T,A,0,266.500000000,6,0,13556,161062923,266.500000000,267.000000000,41,21,1,2,ESU6 P7450
2026-05-18T13:37:03.612597147Z,2026-05-18T13:37:02.946961041Z,1,1,42560128,T,B,0,80.500000000,6,0,16334,161130516,80.250000000,80.500000000,7,6,1,1,ESM6 C7525
2026-05-18T13:37:05.761496219Z,2026-05-18T13:37:05.508503775Z,1,1,42853786,T,B,0,3.050000000,10,0,12996,161172232,2.850000000,3.050000000,686,227,8,2,ESM6 P5525
2026-05-18T13:37:06.886340126Z,2026-05-18T13:37:06.719096755Z,1,1,42696853,T,B,0,44.500000000,14,0,18262,161196085,44.250000000,44.500000000,43,15,2,2,ESM6 C7625
2026-05-18T13:37:14.034211086Z,2026-05-18T13:37:13.830628135Z,1,1,42413476,T,A,0,72.000000000,1,0,11090,161312029,72.000000000,72.250000000,1,144,1,5,ESU6 P6400
2026-05-18T13:37:19.665573455Z,2026-05-18T13:37:19.586347007Z,1,1,42902241,T,A,0,104.500000000,4,0,14049,161413600,104.500000000,105.000000000,4,69,1,8,ESM6 C7475
2026-05-18T13:37:22.544409185Z,2026-05-18T13:37:22.167366987Z,1,1,42378374,T,A,0,65.500000000,1,0,13743,161459598,65.500000000,65.750000000,3,22,1,5,ESM6 P7200
2026-05-18T13:37:27.964197137Z,2026-05-18T13:37:27.670143647Z,1,1,42378374,T,A,0,65.500000000,2,0,14095,161551274,65.500000000,65.750000000,2,49,1,6,ESM6 P7200
2026-05-18T13:37:34.711136804Z,2026-05-18T13:37:33.894823855Z,1,1,2513170,T,A,0,0.300000000,10,0,15053,48168941,0.300000000,0.900000000,10,52,1,1,UD:1V: 13 2513170
2026-05-18T13:37:39.398375120Z,2026-05-18T13:37:39.185126967Z,1,1,42384729,T,B,0,5.500000000,6,0,14243,161751180,5.400000000,5.500000000,227,6,4,1,ESM6 C7900
2026-05-18T13:37:39.551899612Z,2026-05-18T13:37:39.257672045Z,1,1,42378374,T,A,0,65.000000000,3,0,11244,161753956,65.000000000,65.250000000,3,39,1,5,ESM6 P7200
2026-05-18T13:37:39.667137279Z,2026-05-18T13:37:39.266382345Z,1,1,2513137,T,B,0,13.400000000,3,0,17123,48213454,13.300000000,13.400000000,824,3,5,1,UD:1V: VT 2513137
2026-05-18T13:37:41.872983028Z,2026-05-18T13:37:41.426130103Z,1,1,42487843,T,B,0,56.500000000,4,0,22405,161795951,56.000000000,56.500000000,85,4,4,1,ESM6 P7150
2026-05-18T13:37:41.877491548Z,2026-05-18T13:37:41.428409259Z,1,1,42853804,T,B,0,16.800000000,6,0,11271,161796063,16.700000000,16.800000000,59,6,1,1,ESM6 P6675
2026-05-18T13:37:42.012463882Z,2026-05-18T13:37:41.541180129Z,1,1,2666989,T,B,0,10.700000000,7,0,17225,48232384,10.600000000,10.700000000,122,7,1,1,UD:1V: VT 2666989
2026-05-18T13:37:42.018472036Z,2026-05-18T13:37:41.541586347Z,1,1,2673141,T,B,0,80.750000000,6,0,11701,48232485,80.000000000,80.750000000,20,6,2,1,UD:1V: SG 2673141
2026-05-18T13:37:42.045209370Z,2026-05-18T13:37:41.572144091Z,1,1,2621686,T,A,0,-61.000000000,18,0,17875,48232916,-61.000000000,-60.750000000,21,25,2,1,UD:1V: GN 2621686
2026-05-18T13:37:42.099093631Z,2026-05-18T13:37:41.645302855Z,1,1,2621686,T,A,0,-61.000000000,3,0,18793,48233665,-61.000000000,-60.750000000,3,25,1,1,UD:1V: GN 2621686
2026-05-18T13:37:42.147851932Z,2026-05-18T13:37:41.750304671Z,1,1,42366523,T,B,0,49.000000000,2,0,17924,161800019,48.500000000,49.000000000,28,2,2,1,ESM6 P7100
2026-05-18T13:37:42.159588281Z,2026-05-18T13:37:41.757257989Z,1,1,42320751,T,B,0,75.750000000,2,0,11318,161800285,75.250000000,75.750000000,37,4,3,1,ESM6 P7250
2026-05-18T13:38:05.701474519Z,2026-05-18T13:38:05.032995301Z,1,1,42320751,T,B,0,76.250000000,2,0,18381,162207590,76.000000000,76.250000000,8,2,1,1,ESM6 P7250
2026-05-18T13:38:16.610384278Z,2026-05-18T13:38:15.931819317Z,1,1,42378618,T,B,0,28.750000000,3,0,13423,162383750,28.500000000,28.750000000,100,3,4,1,ESM6 P6900
2026-05-18T13:38:16.936555902Z,2026-05-18T13:38:16.130489487Z,1,1,2669920,T,B,0,41.500000000,6,0,14322,48510200,41.250000000,41.500000000,986,6,7,1,UD:1V: VT 2669920
2026-05-18T13:38:19.900553239Z,2026-05-18T13:38:19.151764595Z,1,1,42378374,T,B,0,66.000000000,10,0,11441,162437769,65.750000000,66.000000000,52,10,5,1,ESM6 P7200
2026-05-18T13:38:22.462975720Z,2026-05-18T13:38:21.630227399Z,1,1,2673980,T,A,0,6.500000000,24,0,17613,48550466,6.500000000,6.600000000,72,1647,1,8,UD:1V: VT 2673980
2026-05-18T13:38:40.188675607Z,2026-05-18T13:38:39.131934573Z,1,1,2622597,T,B,0,7.000000000,1,0,12930,48684598,6.800000000,7.000000000,1491,1,9,1,UD:1V: VT 2622597
2026-05-18T13:38:41.384678097Z,2026-05-18T13:38:39.779348711Z,1,1,2666430,T,A,0,95.500000000,1,0,14172,48694644,95.500000000,95.750000000,1,144,1,3,UD:1V: VT 2666430
2026-05-18T13:38:56.689931609Z,2026-05-18T13:38:55.936061683Z,1,1,2513659,T,A,0,47.500000000,1,0,18165,48813229,47.500000000,47.750000000,1,91,1,2,UD:1V: IC 2513659
2026-05-18T13:38:57.011209735Z,2026-05-18T13:38:56.063879907Z,1,1,2640178,T,B,0,22.000000000,87,0,13602,48814724,21.750000000,22.000000000,1069,241,7,2,UD:1V: VT 2640178
2026-05-18T13:38:57.178841206Z,2026-05-18T13:38:56.219010961Z,1,1,2640178,T,B,0,22.000000000,25,0,11847,48816127,21.750000000,22.000000000,1069,154,7,1,UD:1V: VT 2640178
2026-05-18T13:38:57.183097008Z,2026-05-18T13:38:56.226738931Z,1,1,2640178,T,B,0,22.000000000,3,0,12505,48816160,21.750000000,22.000000000,1069,129,7,1,UD:1V: VT 2640178
2026-05-18T13:38:57.187715540Z,2026-05-18T13:38:56.227041919Z,1,1,2640178,T,B,0,22.000000000,7,0,10816,48816180,21.750000000,22.000000000,1069,126,7,1,UD:1V: VT 2640178
2026-05-18T13:38:57.202375302Z,2026-05-18T13:38:56.227367859Z,1,1,2640178,T,B,0,22.000000000,86,0,15117,48816199,21.750000000,22.000000000,1069,119,7,1,UD:1V: VT 2640178
2026-05-18T13:39:10.659778065Z,2026-05-18T13:39:10.638483495Z,1,1,42416106,T,A,0,119.000000000,2,0,27222,163248381,119.000000000,119.500000000,2,67,1,6,ESM6 C7450
2026-05-18T13:39:11.484478903Z,2026-05-18T13:39:11.401231705Z,1,1,42366511,T,A,0,52.750000000,3,0,12992,163262502,52.750000000,53.000000000,3,54,1,3,ESM6 C7600
2026-05-18T13:39:15.567687129Z,2026-05-18T13:39:15.540548625Z,1,1,42611781,T,A,0,70.500000000,7,0,13590,163334001,70.500000000,70.750000000,18,3,3,1,ESM6 C7550
2026-05-18T13:39:15.570387199Z,2026-05-18T13:39:15.540548945Z,1,1,42871623,T,A,0,61.000000000,6,0,11335,163334061,61.000000000,61.250000000,6,4,1,1,ESM6 C7575
2026-05-18T13:39:16.074026342Z,2026-05-18T13:39:15.967102197Z,1,1,42372979,T,A,0,215.000000000,3,0,10920,163342957,215.000000000,215.500000000,3,5,1,1,ESM6 C7300
2026-05-18T13:39:20.421162919Z,2026-05-18T13:39:20.348314655Z,1,1,42378618,T,A,0,28.750000000,19,0,16668,163412508,28.750000000,29.000000000,19,216,2,6,ESM6 P6900
2026-05-18T13:39:20.488913105Z,2026-05-18T13:39:20.351306851Z,1,1,42459576,T,B,0,323.500000000,50,0,21119,163413420,323.000000000,323.500000000,31,50,3,1,ESH7 C7900
2026-05-18T13:39:22.796625631Z,2026-05-18T13:39:22.741266585Z,1,1,2513635,T,B,0,53.500000000,5,0,19141,49016359,53.000000000,53.500000000,41,5,3,1,UD:1V: SG 2513635
2026-05-18T13:39:23.655397372Z,2026-05-18T13:39:23.645466763Z,1,1,42378374,T,A,0,65.750000000,9,0,14092,163461749,65.750000000,66.250000000,20,89,3,7,ESM6 P7200
2026-05-18T13:39:23.681258927Z,2026-05-18T13:39:23.666106715Z,1,1,42378374,T,A,0,65.750000000,2,0,19308,163462338,65.750000000,66.250000000,10,85,1,6,ESM6 P7200
2026-05-18T13:39:51.263632665Z,2026-05-18T13:39:51.101485843Z,1,1,42366523,T,A,0,49.250000000,6,0,14370,163862800,49.250000000,49.500000000,6,5,1,2,ESM6 P7100
2026-05-18T13:39:53.075942245Z,2026-05-18T13:39:52.962448593Z,1,1,42821844,T,A,0,6.600000000,6,0,16845,163895010,6.600000000,6.700000000,6,461,1,4,ESM6 P6125
2026-05-18T13:39:53.081461459Z,2026-05-18T13:39:52.962448771Z,1,1,42760606,T,A,0,15.200000000,6,0,14759,163895012,15.200000000,15.400000000,6,288,1,5,ESM6 P6625
2026-05-18T13:39:53.234151253Z,2026-05-18T13:39:52.978501113Z,1,1,42883306,T,A,0,52.750000000,6,0,17028,163897582,52.750000000,53.000000000,6,30,1,1,ESM6 P7125
2026-05-18T13:40:12.283436743Z,2026-05-18T13:40:10.767074347Z,1,1,42459576,T,B,0,323.500000000,13,0,14095,164200472,322.000000000,323.500000000,10,25,1,1,ESH7 C7900
2026-05-18T13:40:13.914164914Z,2026-05-18T13:40:12.737456635Z,1,1,42738868,T,B,0,32.500000000,1,0,14107,164230984,31.750000000,32.500000000,18,160,1,5,ESM6 C7675
2026-05-18T13:40:22.632746486Z,2026-05-18T13:40:20.945387977Z,1,1,637508,T,B,0,29.250000000,4,0,26046,164375695,29.000000000,29.250000000,4,486,1,5,ESZ6 P4600
2026-05-18T13:40:39.086194237Z,2026-05-18T13:40:38.507841347Z,1,1,42337303,T,B,0,478.000000000,5,0,23568,164630550,476.000000000,478.000000000,28,20,3,2,ESZ6 C7400
2026-05-18T13:40:42.340531790Z,2026-05-18T13:40:41.516097383Z,1,1,42378618,T,B,0,29.000000000,3,0,13607,164686201,28.750000000,29.000000000,111,3,5,1,ESM6 P6900
2026-05-18T13:40:44.001061265Z,2026-05-18T13:40:42.911709415Z,1,1,42871623,T,B,0,60.500000000,1,0,17968,164711806,60.250000000,60.500000000,32,1,2,1,ESM6 C7575
2026-05-18T13:40:47.973850956Z,2026-05-18T13:40:46.847307567Z,1,1,42366513,T,A,0,121.000000000,1,0,16734,164768106,121.000000000,122.000000000,32,71,4,6,ESM6 P7400
2026-05-18T13:40:55.542464654Z,2026-05-18T13:40:55.316607549Z,1,1,42804680,T,A,0,10.500000000,6,0,13647,164895514,10.500000000,10.700000000,6,435,1,8,ESM6 P6425
2026-05-18T13:41:03.405280167Z,2026-05-18T13:41:02.156666333Z,1,1,42404370,T,A,0,10.000000000,6,0,15161,165022245,10.000000000,10.100000000,6,113,1,1,ESM6 P6400
2026-05-18T13:41:13.090993315Z,2026-05-18T13:41:11.245987403Z,1,1,2670233,T,A,0,14.900000000,1,0,17406,49860251,14.900000000,15.000000000,1,515,1,6,UD:1V: VT 2670233
2026-05-18T13:41:16.624203367Z,2026-05-18T13:41:15.201508159Z,1,1,42439351,T,A,0,80.000000000,10,0,17688,165238194,80.000000000,80.500000000,16,226,2,6,ESU6 P6500
2026-05-18T13:41:19.903866200Z,2026-05-18T13:41:18.876659803Z,1,1,42439351,T,A,0,79.750000000,6,0,12434,165297794,79.750000000,80.500000000,42,87,2,5,ESU6 P6500
2026-05-18T13:41:27.554260692Z,2026-05-18T13:41:26.346226423Z,1,1,42416106,T,B,0,120.000000000,3,0,11300,165432673,119.000000000,120.000000000,45,3,3,1,ESM6 C7450
2026-05-18T13:41:27.554310302Z,2026-05-18T13:41:26.346227133Z,1,1,42378374,T,A,0,65.000000000,1,0,13228,165432675,65.000000000,65.500000000,3,37,1,3,ESM6 P7200
2026-05-18T13:41:27.642682819Z,2026-05-18T13:41:26.395744399Z,1,1,42378374,T,A,0,65.000000000,2,0,11494,165434152,65.000000000,65.250000000,2,27,1,1,ESM6 P7200
2026-05-18T13:41:28.054783631Z,2026-05-18T13:41:26.842335679Z,1,1,2513093,T,A,0,47.000000000,28,0,12486,49993276,47.000000000,47.500000000,30,24,1,3,UD:1V: GN 2513093
2026-05-18T13:41:42.852165113Z,2026-05-18T13:41:42.554820291Z,1,1,42439351,T,B,0,80.000000000,38,0,14222,165694853,79.750000000,80.000000000,183,38,6,1,ESU6 P6500
2026-05-18T13:41:44.447350175Z,2026-05-18T13:41:44.444921555Z,1,1,42439351,T,B,0,80.000000000,54,0,14014,165724964,79.750000000,80.000000000,198,54,7,1,ESU6 P6500
2026-05-18T13:41:48.264384009Z,2026-05-18T13:41:48.035128703Z,1,1,42439351,T,B,0,80.000000000,40,0,11740,165796660,79.750000000,80.000000000,10,40,1,1,ESU6 P6500
2026-05-18T13:41:51.308554947Z,2026-05-18T13:41:51.302543209Z,1,1,42439351,T,A,0,79.750000000,16,0,21384,165848954,79.750000000,80.250000000,16,200,2,4,ESU6 P6500
2026-05-18T13:41:53.855418879Z,2026-05-18T13:41:53.846030999Z,1,1,42439351,T,B,0,79.750000000,54,0,15426,165878545,79.500000000,79.750000000,268,54,6,1,ESU6 P6500
2026-05-18T13:41:54.847229086Z,2026-05-18T13:41:54.823423513Z,1,1,42394770,T,A,0,10.800000000,11,0,17872,165889763,10.800000000,11.000000000,11,322,2,6,ESM6 P6450
2026-05-18T13:41:56.477145934Z,2026-05-18T13:41:56.467190061Z,1,1,42439351,T,B,0,79.750000000,60,0,14414,165917054,79.500000000,79.750000000,326,60,6,1,ESU6 P6500
2026-05-18T13:41:58.422138550Z,2026-05-18T13:41:58.416916767Z,1,1,42439351,T,B,0,79.750000000,22,0,14210,165946351,79.500000000,79.750000000,261,22,4,1,ESU6 P6500
2026-05-18T13:42:00.467654660Z,2026-05-18T13:42:00.286899455Z,1,1,42394770,T,A,0,10.800000000,6,0,13160,165967558,10.800000000,11.000000000,6,322,1,6,ESM6 P6450
2026-05-18T13:42:00.467688316Z,2026-05-18T13:42:00.286899665Z,1,1,42836582,T,A,0,7.000000000,6,0,13534,165967559,7.000000000,7.100000000,6,399,1,4,ESM6 P6175
2026-05-18T13:42:00.476358163Z,2026-05-18T13:42:00.290541657Z,1,1,42378592,T,A,0,11.800000000,11,0,21147,165967628,11.800000000,12.000000000,11,336,2,6,ESM6 P6500
2026-05-18T13:42:21.396949287Z,2026-05-18T13:42:20.847809657Z,1,1,2513975,T,B,0,1.400000000,1,0,14053,50424784,1.350000000,1.400000000,2026,1,6,1,UD:1V: VT 2513975
2026-05-18T13:42:21.634074534Z,2026-05-18T13:42:20.916446629Z,1,1,42404366,T,A,0,12.100000000,1,0,11071,166361933,12.100000000,12.200000000,1,16,1,1,ESM6 C7800
2026-05-18T13:42:43.377969955Z,2026-05-18T13:42:43.047145019Z,1,1,2514047,T,B,0,2.200000000,1,0,16422,50614062,1.950000000,2.200000000,61,1,4,1,UD:1V: GN 2514047
2026-05-18T13:42:45.798133462Z,2026-05-18T13:42:45.308076195Z,1,1,42378374,T,A,0,67.000000000,11,0,14235,166787128,67.000000000,67.250000000,25,43,1,5,ESM6 P7200
2026-05-18T13:42:51.207878185Z,2026-05-18T13:42:50.952471247Z,1,1,42378346,T,B,0,90.500000000,6,0,17744,166880591,90.250000000,90.500000000,69,30,7,1,ESM6 C7500
2026-05-18T13:42:51.318729860Z,2026-05-18T13:42:51.042986703Z,1,1,42378346,T,B,0,90.500000000,24,0,16822,166881863,90.250000000,90.500000000,63,24,6,1,ESM6 C7500
2026-05-18T13:42:52.120846371Z,2026-05-18T13:42:51.741211577Z,1,1,42378374,T,A,0,67.000000000,7,0,17599,166890836,67.000000000,67.250000000,14,63,1,4,ESM6 P7200
2026-05-18T13:42:52.159411616Z,2026-05-18T13:42:51.743950903Z,1,1,42378374,T,A,0,67.000000000,4,0,13642,166891185,67.000000000,67.250000000,7,63,1,4,ESM6 P7200
2026-05-18T13:42:52.169007259Z,2026-05-18T13:42:51.744157237Z,1,1,42378374,T,A,0,67.000000000,2,0,17552,166891269,67.000000000,67.250000000,3,63,1,4,ESM6 P7200
2026-05-18T13:42:52.207173395Z,2026-05-18T13:42:51.745362293Z,1,1,42378374,T,A,0,67.000000000,1,0,11276,166891831,67.000000000,67.250000000,1,63,1,4,ESM6 P7200
2026-05-18T13:42:52.354168409Z,2026-05-18T13:42:51.867938015Z,1,1,42378374,T,A,0,67.000000000,18,0,12205,166893720,67.000000000,67.250000000,25,63,1,4,ESM6 P7200
2026-05-18T13:42:52.637579121Z,2026-05-18T13:42:52.275457181Z,1,1,42378374,T,A,0,67.000000000,17,0,14202,166899181,67.000000000,67.250000000,7,85,1,5,ESM6 P7200
2026-05-18T13:42:52.813891295Z,2026-05-18T13:42:52.436094469Z,1,1,42378374,T,A,0,67.000000000,16,0,17736,166903092,67.000000000,67.250000000,15,43,1,4,ESM6 P7200
2026-05-18T13:42:53.820113436Z,2026-05-18T13:42:53.769611359Z,1,1,42378374,T,A,0,67.000000000,6,0,15310,166924464,67.000000000,67.250000000,24,74,1,8,ESM6 P7200
2026-05-18T13:42:54.399882135Z,2026-05-18T13:42:54.388617319Z,1,1,42573269,T,A,0,229.000000000,1,0,16782,166933314,229.000000000,229.500000000,1,28,1,1,ESH7 P6700
2026-05-18T13:42:57.130802065Z,2026-05-18T13:42:56.992170965Z,1,1,42378374,T,A,0,67.000000000,12,0,14368,166978529,67.000000000,67.250000000,18,63,1,8,ESM6 P7200
2026-05-18T13:42:57.350441734Z,2026-05-18T13:42:56.994321511Z,1,1,42378374,T,A,0,67.000000000,27,0,12830,166979204,67.000000000,67.250000000,6,63,1,8,ESM6 P7200
2026-05-18T13:42:57.421008524Z,2026-05-18T13:42:57.130805689Z,1,1,42378374,T,A,0,67.000000000,25,0,11356,166981691,67.000000000,67.250000000,4,95,1,8,ESM6 P7200
2026-05-18T13:42:57.618830759Z,2026-05-18T13:42:57.350445561Z,1,1,42378374,T,A,0,67.000000000,12,0,18171,166986520,67.000000000,67.250000000,4,76,1,7,ESM6 P7200
2026-05-18T13:43:03.640522734Z,2026-05-18T13:43:02.937735905Z,1,1,42378374,T,A,0,67.000000000,30,0,12865,167084634,67.000000000,67.250000000,17,62,1,3,ESM6 P7200
2026-05-18T13:43:03.677907105Z,2026-05-18T13:43:02.954052809Z,1,1,42378374,T,A,0,67.000000000,2,0,18000,167085230,67.000000000,67.250000000,12,79,1,4,ESM6 P7200
2026-05-18T13:43:04.045806062Z,2026-05-18T13:43:03.280956295Z,1,1,42378374,T,A,0,67.000000000,1,0,17177,167090253,67.000000000,67.250000000,10,120,1,7,ESM6 P7200
2026-05-18T13:43:04.085866819Z,2026-05-18T13:43:03.297444013Z,1,1,42378374,T,A,0,67.000000000,1,0,17305,167090793,67.000000000,67.250000000,9,120,1,7,ESM6 P7200
2026-05-18T13:43:04.102043124Z,2026-05-18T13:43:03.308636441Z,1,1,42378374,T,A,0,67.000000000,2,0,13340,167091004,67.000000000,67.250000000,8,120,1,7,ESM6 P7200
2026-05-18T13:43:04.486710663Z,2026-05-18T13:43:03.625967219Z,1,1,42378374,T,A,0,67.000000000,5,0,18507,167096257,67.000000000,67.250000000,6,120,1,7,ESM6 P7200
2026-05-18T13:43:04.530718918Z,2026-05-18T13:43:03.640526383Z,1,1,42378374,T,A,0,67.000000000,31,0,17757,167096839,67.000000000,67.250000000,1,116,1,6,ESM6 P7200
2026-05-18T13:43:04.530932412Z,2026-05-18T13:43:03.640536865Z,1,1,42378374,T,A,0,67.000000000,3,0,11113,167096841,67.000000000,67.250000000,20,116,1,6,ESM6 P7200
2026-05-18T13:43:05.146767937Z,2026-05-18T13:43:04.045813789Z,1,1,42378374,T,A,0,67.000000000,9,0,18408,167103526,67.000000000,67.250000000,17,104,1,7,ESM6 P7200
2026-05-18T13:43:05.238837131Z,2026-05-18T13:43:04.206833531Z,1,1,42378374,T,A,0,67.000000000,10,0,12969,167104941,67.000000000,67.250000000,8,104,1,7,ESM6 P7200
2026-05-18T13:43:05.465109846Z,2026-05-18T13:43:04.530935965Z,1,1,42378374,T,A,0,67.000000000,40,0,15230,167108723,67.000000000,67.250000000,23,104,1,7,ESM6 P7200
2026-05-18T13:43:06.982785537Z,2026-05-18T13:43:06.129886095Z,1,1,42378374,T,A,0,67.000000000,27,0,18827,167135065,67.000000000,67.250000000,8,95,1,5,ESM6 P7200
2026-05-18T13:43:10.524161314Z,2026-05-18T13:43:09.619261393Z,1,1,42378374,T,A,0,67.000000000,4,0,19322,167192297,67.000000000,67.250000000,6,99,1,7,ESM6 P7200
2026-05-18T13:43:10.834960515Z,2026-05-18T13:43:09.922859561Z,1,1,42378374,T,A,0,67.000000000,27,0,18131,167197660,67.000000000,67.250000000,2,102,1,7,ESM6 P7200
2026-05-18T13:43:11.286847522Z,2026-05-18T13:43:10.356725315Z,1,1,42378374,T,A,0,67.000000000,6,0,17665,167203740,67.000000000,67.250000000,25,91,1,7,ESM6 P7200
2026-05-18T13:43:11.321870493Z,2026-05-18T13:43:10.357845291Z,1,1,42378374,T,A,0,67.000000000,7,0,21557,167204207,67.000000000,67.250000000,19,91,1,7,ESM6 P7200
2026-05-18T13:43:11.430208020Z,2026-05-18T13:43:10.384035469Z,1,1,42378374,T,A,0,67.000000000,1,0,14491,167206094,67.000000000,67.250000000,12,82,1,4,ESM6 P7200
2026-05-18T13:43:11.436998918Z,2026-05-18T13:43:10.384151511Z,1,1,42378374,T,A,0,67.000000000,1,0,13960,167206191,67.000000000,67.250000000,11,82,1,4,ESM6 P7200
2026-05-18T13:43:11.555049553Z,2026-05-18T13:43:10.501973889Z,1,1,42378374,T,A,0,67.000000000,1,0,13891,167207987,67.000000000,67.250000000,10,56,1,3,ESM6 P7200
2026-05-18T13:43:11.577770422Z,2026-05-18T13:43:10.518923411Z,1,1,42378374,T,A,0,67.000000000,1,0,13491,167208236,67.000000000,67.250000000,9,56,1,3,ESM6 P7200
2026-05-18T13:43:11.597573502Z,2026-05-18T13:43:10.524164923Z,1,1,42378374,T,A,0,67.000000000,30,0,13451,167208502,67.000000000,67.250000000,8,56,1,3,ESM6 P7200
2026-05-18T13:43:12.253590623Z,2026-05-18T13:43:11.321825397Z,1,1,42378374,T,A,0,67.000000000,6,0,12480,167218417,67.000000000,67.250000000,3,106,1,4,ESM6 P7200
2026-05-18T13:43:17.683896284Z,2026-05-18T13:43:15.927102701Z,1,1,42378618,T,B,0,29.250000000,3,0,25395,167297707,29.000000000,29.250000000,111,3,5,1,ESM6 P6900
2026-05-18T13:43:30.693558612Z,2026-05-18T13:43:30.623047829Z,1,1,42659189,T,B,0,581.500000000,3,0,23925,167508593,581.000000000,581.500000000,3,18,1,1,ESU7 P7650
2026-05-18T13:43:36.308240585Z,2026-05-18T13:43:35.543680079Z,1,1,42416106,T,B,0,116.000000000,31,0,12646,167603262,115.500000000,116.000000000,17,31,1,1,ESM6 C7450
2026-05-18T13:43:36.892645206Z,2026-05-18T13:43:35.612732073Z,1,1,42378374,T,A,0,67.000000000,1,0,13788,167612123,67.000000000,70.000000000,22,1,1,1,ESM6 P7200
2026-05-18T13:43:36.893034428Z,2026-05-18T13:43:35.612738447Z,1,1,42378374,T,A,0,67.000000000,2,0,11371,167612125,67.000000000,70.000000000,21,1,1,1,ESM6 P7200
2026-05-18T13:43:36.912522702Z,2026-05-18T13:43:35.619033749Z,1,1,42378374,T,A,0,67.000000000,5,0,13923,167612333,67.000000000,70.000000000,19,1,1,1,ESM6 P7200
2026-05-18T13:43:36.917459168Z,2026-05-18T13:43:35.619361729Z,1,1,42378374,T,A,0,67.000000000,2,0,11229,167612416,67.000000000,70.000000000,14,1,1,1,ESM6 P7200
2026-05-18T13:43:36.919575730Z,2026-05-18T13:43:35.619601297Z,1,1,42378374,T,A,0,67.000000000,2,0,14553,167612445,67.000000000,70.000000000,12,1,1,1,ESM6 P7200
2026-05-18T13:43:36.922875436Z,2026-05-18T13:43:35.619825513Z,1,1,42378374,T,A,0,67.000000000,10,0,19116,167612479,67.000000000,70.000000000,10,1,1,1,ESM6 P7200
2026-05-18T13:43:36.923306454Z,2026-05-18T13:43:35.619827425Z,1,1,42760605,T,A,0,11.400000000,1,0,13772,167612481,11.400000000,11.700000000,1,11,1,2,ESM6 P6475
2026-05-18T13:43:37.359725865Z,2026-05-18T13:43:35.833466947Z,1,1,42836582,T,A,0,7.000000000,3,0,23872,167618831,7.000000000,7.400000000,3,272,1,1,ESM6 P6175
2026-05-18T13:43:37.623329407Z,2026-05-18T13:43:36.050011559Z,1,1,42378374,T,A,0,67.000000000,4,0,13487,167622196,67.000000000,70.000000000,25,1,1,1,ESM6 P7200
2026-05-18T13:43:38.217496222Z,2026-05-18T13:43:36.375363119Z,1,1,42378374,T,A,0,67.000000000,97,0,13974,167629081,67.000000000,67.500000000,21,22,1,1,ESM6 P7200
2026-05-18T13:43:38.285728875Z,2026-05-18T13:43:36.421475073Z,1,1,42378374,T,A,0,67.000000000,27,0,11256,167630350,67.000000000,67.750000000,24,2,1,1,ESM6 P7200
2026-05-18T13:43:38.759849745Z,2026-05-18T13:43:36.693833263Z,1,1,42378374,T,A,0,67.000000000,22,0,18580,167636036,67.000000000,67.750000000,22,2,1,1,ESM6 P7200
2026-05-18T13:43:39.044159750Z,2026-05-18T13:43:36.892648775Z,1,1,42378374,T,A,0,67.000000000,38,0,12769,167639826,67.000000000,67.250000000,25,27,1,1,ESM6 P7200
2026-05-18T13:43:47.674904031Z,2026-05-18T13:43:45.903165407Z,1,1,42378374,T,A,0,67.000000000,10,0,15724,167765161,67.000000000,67.250000000,12,95,1,4,ESM6 P7200
2026-05-18T13:43:48.419635267Z,2026-05-18T13:43:46.792131631Z,1,1,42378374,T,A,0,67.000000000,10,0,11279,167776624,67.000000000,67.250000000,2,146,1,4,ESM6 P7200
2026-05-18T13:43:48.425629636Z,2026-05-18T13:43:46.792435183Z,1,1,42378374,T,A,0,67.000000000,2,0,14164,167776756,67.000000000,67.250000000,17,146,1,4,ESM6 P7200
2026-05-18T13:43:48.435676588Z,2026-05-18T13:43:46.792558525Z,1,1,42378374,T,A,0,67.000000000,2,0,11326,167776888,67.000000000,67.250000000,15,146,1,4,ESM6 P7200
2026-05-18T13:43:48.437235834Z,2026-05-18T13:43:46.792568511Z,1,1,42378374,T,A,0,67.000000000,6,0,14606,167776903,67.000000000,67.250000000,13,146,1,4,ESM6 P7200
2026-05-18T13:43:49.120476289Z,2026-05-18T13:43:46.919472627Z,1,1,42378374,T,A,0,67.000000000,15,0,11708,167787914,67.000000000,70.000000000,7,1,1,1,ESM6 P7200
2026-05-18T13:43:49.142795903Z,2026-05-18T13:43:46.919803759Z,1,1,42378374,T,A,0,67.000000000,2,0,11644,167788355,67.000000000,70.000000000,17,1,1,1,ESM6 P7200
2026-05-18T13:43:49.142869839Z,2026-05-18T13:43:46.919810071Z,1,1,42378374,T,A,0,67.000000000,12,0,11473,167788359,67.000000000,70.000000000,15,1,1,1,ESM6 P7200
2026-05-18T13:43:49.188075578Z,2026-05-18T13:43:46.922530291Z,1,1,42378374,T,A,0,67.000000000,11,0,11589,167789306,67.000000000,70.000000000,3,1,1,1,ESM6 P7200
2026-05-18T13:43:49.188106104Z,2026-05-18T13:43:46.922531021Z,1,1,42378374,T,A,0,67.000000000,5,0,11303,167789308,67.000000000,70.000000000,17,1,1,1,ESM6 P7200
2026-05-18T13:43:49.188125975Z,2026-05-18T13:43:46.922531691Z,1,1,42378374,T,A,0,67.000000000,4,0,11226,167789310,67.000000000,70.000000000,12,1,1,1,ESM6 P7200
2026-05-18T13:43:49.195155612Z,2026-05-18T13:43:46.924149481Z,1,1,42378374,T,A,0,67.000000000,2,0,11844,167789528,67.000000000,70.000000000,8,1,1,1,ESM6 P7200
2026-05-18T13:43:49.196647260Z,2026-05-18T13:43:46.924322863Z,1,1,42378374,T,A,0,67.000000000,16,0,11056,167789571,67.000000000,70.000000000,6,1,1,1,ESM6 P7200
2026-05-18T13:43:49.197767483Z,2026-05-18T13:43:46.924551813Z,1,1,42378374,T,A,0,67.000000000,2,0,13589,167789610,67.000000000,70.000000000,15,1,1,1,ESM6 P7200
2026-05-18T13:43:49.202782608Z,2026-05-18T13:43:46.925348963Z,1,1,42378374,T,A,0,67.000000000,5,0,14604,167789642,67.000000000,70.000000000,13,1,1,1,ESM6 P7200
2026-05-18T13:43:49.229551359Z,2026-05-18T13:43:46.927796363Z,1,1,42378374,T,A,0,67.000000000,283,0,11911,167789995,67.000000000,70.000000000,8,1,1,1,ESM6 P7200
2026-05-18T13:43:49.237392399Z,2026-05-18T13:43:46.928514911Z,1,1,42506272,T,A,0,40.000000000,2,0,11446,167790141,40.000000000,40.500000000,2,6,2,1,ESU6 P5850
2026-05-18T13:43:49.249300369Z,2026-05-18T13:43:46.929985279Z,1,1,2513093,T,A,0,47.000000000,2,0,13241,51105610,47.000000000,,2,0,1,0,UD:1V: GN 2513093
2026-05-18T13:43:53.082020053Z,2026-05-18T13:43:50.123907411Z,1,1,2513170,T,A,0,0.500000000,10,0,21588,51132675,0.500000000,1.550000000,10,148,1,2,UD:1V: 13 2513170
2026-05-18T13:44:14.099477543Z,2026-05-18T13:44:11.327820463Z,1,1,42458400,T,A,0,51.750000000,6,0,11518,168139130,51.750000000,52.000000000,6,33,1,1,ESU6 C8100
2026-05-18T13:44:24.530837694Z,2026-05-18T13:44:23.095400325Z,1,1,42404367,T,B,0,6.300000000,4,0,13527,168305409,6.200000000,6.300000000,231,4,5,1,ESM6 P6100
2026-05-18T13:44:26.338229734Z,2026-05-18T13:44:25.256751197Z,1,1,2622256,T,B,0,14.300000000,1,0,16243,51408133,14.200000000,14.300000000,256,59,2,1,UD:1V: VT 2622256
2026-05-18T13:44:26.349181228Z,2026-05-18T13:44:25.288043867Z,1,1,2622256,T,B,0,14.300000000,1,0,14739,51408202,14.200000000,14.300000000,256,58,2,1,UD:1V: VT 2622256
2026-05-18T13:44:26.638166751Z,2026-05-18T13:44:25.560607243Z,1,1,2622256,T,B,0,14.300000000,1,0,13901,51409930,14.200000000,14.300000000,25,59,1,1,UD:1V: VT 2622256
2026-05-18T13:44:26.662359433Z,2026-05-18T13:44:25.606347603Z,1,1,2622256,T,B,0,14.300000000,1,0,13465,51410058,14.200000000,14.300000000,25,58,1,1,UD:1V: VT 2622256
2026-05-18T13:44:26.693840207Z,2026-05-18T13:44:25.636234199Z,1,1,2622256,T,B,0,14.300000000,1,0,17223,51410314,14.200000000,14.300000000,25,57,1,1,UD:1V: VT 2622256
2026-05-18T13:44:30.500323769Z,2026-05-18T13:44:30.497447867Z,1,1,42378346,T,A,0,91.500000000,2,0,17154,168410180,91.500000000,91.750000000,2,19,1,1,ESM6 C7500
2026-05-18T13:44:35.310181258Z,2026-05-18T13:44:35.068736067Z,1,1,42366523,T,A,0,50.250000000,3,0,15045,168492820,50.250000000,50.500000000,3,38,1,3,ESM6 P7100
2026-05-18T13:44:35.313975193Z,2026-05-18T13:44:35.068736247Z,1,1,42487843,T,A,0,58.000000000,3,0,13361,168492895,58.000000000,58.250000000,3,38,1,4,ESM6 P7150
2026-05-18T13:44:37.385932471Z,2026-05-18T13:44:37.258417023Z,1,1,42583278,T,A,0,24.250000000,1,0,17522,168535951,24.250000000,24.500000000,1,329,1,4,ESZ6 P4350
2026-05-18T13:44:39.646543332Z,2026-05-18T13:44:39.611778853Z,1,1,42384725,T,A,0,146.000000000,2,0,11353,168564935,146.000000000,146.500000000,2,32,1,5,ESM6 C7400
2026-05-18T13:44:39.649841702Z,2026-05-18T13:44:39.611779563Z,1,1,42378346,T,A,0,91.250000000,2,0,10718,168565015,91.250000000,91.750000000,2,50,1,7,ESM6 C7500
2026-05-18T13:44:46.312098045Z,2026-05-18T13:44:45.275527071Z,1,1,2500133,T,A,0,2.200000000,1,0,12632,51563018,2.200000000,2.250000000,1,952,1,3,UD:1V: VT 2500133
2026-05-18T13:44:47.621952056Z,2026-05-18T13:44:46.540993475Z,1,1,42378618,T,B,0,29.500000000,3,0,13282,168695018,29.250000000,29.500000000,2,3,1,1,ESM6 P6900
2026-05-18T13:44:55.492835001Z,2026-05-18T13:44:55.388301651Z,1,1,2744049,T,A,0,44.750000000,5,0,14968,51642642,44.750000000,45.000000000,5,151,1,4,UD:1V: VT 2744049
2026-05-18T13:44:59.000732531Z,2026-05-18T13:44:58.971883741Z,1,1,42435431,T,B,0,606.000000000,25,0,17234,168891073,605.500000000,606.000000000,2,25,1,1,ESH7 P7900
2026-05-18T13:45:07.135040343Z,2026-05-18T13:45:06.292709341Z,1,1,42592967,T,A,0,6.400000000,1,0,17892,169033919,6.400000000,6.500000000,1,266,1,2,ESZ6 C9400
2026-05-18T13:45:09.384737215Z,2026-05-18T13:45:08.362109421Z,1,1,42394743,T,B,0,2.500000000,3,0,18178,169075908,2.450000000,2.500000000,164,3,1,1,ESM6 P5400
2026-05-18T13:45:16.206986423Z,2026-05-18T13:45:14.208689985Z,1,1,42378618,T,B,0,30.000000000,3,0,17119,169188457,29.750000000,30.000000000,39,9,1,2,ESM6 P6900
2026-05-18T13:45:26.287899364Z,2026-05-18T13:45:23.796801881Z,1,1,42404374,T,A,0,38.750000000,16,0,11667,169362108,38.750000000,39.000000000,50,34,1,1,ESM6 P7000
2026-05-18T13:45:26.292598319Z,2026-05-18T13:45:23.796871877Z,1,1,42404374,T,A,0,38.750000000,12,0,12814,169362191,38.750000000,39.000000000,34,34,1,1,ESM6 P7000
2026-05-18T13:45:26.392112697Z,2026-05-18T13:45:23.828605017Z,1,1,42404374,T,A,0,38.750000000,5,0,12977,169363633,38.750000000,39.000000000,22,34,1,1,ESM6 P7000
2026-05-18T13:45:26.422320387Z,2026-05-18T13:45:23.837588397Z,1,1,42404374,T,A,0,38.750000000,17,0,13091,169364121,38.750000000,39.000000000,17,34,1,1,ESM6 P7000
2026-05-18T13:45:35.296275006Z,2026-05-18T13:45:34.261606903Z,1,1,2514209,T,A,0,-60.250000000,2,0,14766,51971729,-60.250000000,-60.000000000,2,38,1,1,UD:1V: GN 2514209
2026-05-18T13:45:48.163497931Z,2026-05-18T13:45:46.235489697Z,1,1,42366513,T,A,0,123.500000000,1,0,15506,169730458,123.500000000,124.000000000,1,26,1,3,ESM6 P7400
2026-05-18T13:45:55.712076473Z,2026-05-18T13:45:54.186993563Z,1,1,42378374,T,A,0,67.000000000,19,0,11805,169862348,67.000000000,67.500000000,25,6,1,1,ESM6 P7200
2026-05-18T13:45:55.817271348Z,2026-05-18T13:45:54.190950387Z,1,1,42378374,T,A,0,67.000000000,6,0,11403,169864342,67.000000000,67.750000000,6,7,1,2,ESM6 P7200
2026-05-18T13:45:56.042251103Z,2026-05-18T13:45:54.448451979Z,1,1,42506300,T,B,0,329.000000000,1,0,12686,169868351,327.000000000,329.000000000,16,1,4,1,ESU6 C7400
2026-05-18T13:45:56.242342839Z,2026-05-18T13:45:54.652565577Z,1,1,42378374,T,A,0,67.000000000,27,0,17186,169871619,67.000000000,67.250000000,25,34,1,3,ESM6 P7200
2026-05-18T13:45:56.673379793Z,2026-05-18T13:45:55.141110979Z,1,1,42378374,T,A,0,67.000000000,25,0,13722,169879713,67.000000000,67.250000000,23,11,1,3,ESM6 P7200
2026-05-18T13:45:56.719959243Z,2026-05-18T13:45:55.194831681Z,1,1,42378374,T,A,0,67.000000000,31,0,17128,169880649,67.000000000,67.250000000,23,11,1,3,ESM6 P7200
2026-05-18T13:45:56.866969481Z,2026-05-18T13:45:55.362002543Z,1,1,42378374,T,A,0,67.000000000,5,0,16666,169883550,67.000000000,67.250000000,17,12,1,4,ESM6 P7200
2026-05-18T13:45:56.866983342Z,2026-05-18T13:45:55.362003233Z,1,1,42378374,T,A,0,67.000000000,1,0,11624,169883551,67.000000000,67.250000000,12,12,1,4,ESM6 P7200
2026-05-18T13:45:56.880243211Z,2026-05-18T13:45:55.362176141Z,1,1,42378374,T,A,0,67.000000000,4,0,18700,169883647,67.000000000,67.250000000,11,12,1,4,ESM6 P7200
2026-05-18T13:45:56.981292300Z,2026-05-18T13:45:55.487110169Z,1,1,42378374,T,A,0,67.000000000,25,0,13583,169885707,67.000000000,67.250000000,7,8,1,3,ESM6 P7200
2026-05-18T13:45:57.207136302Z,2026-05-18T13:45:55.720478779Z,1,1,42378374,T,A,0,67.000000000,31,0,12744,169889063,67.000000000,67.250000000,7,24,1,4,ESM6 P7200
2026-05-18T13:45:57.229886255Z,2026-05-18T13:45:55.766100435Z,1,1,42378374,T,A,0,67.000000000,31,0,18300,169889364,67.000000000,67.250000000,1,8,1,3,ESM6 P7200
2026-05-18T13:45:57.785548851Z,2026-05-18T13:45:56.327553105Z,1,1,42378374,T,A,0,67.000000000,6,0,11760,169898774,67.000000000,67.250000000,20,90,1,5,ESM6 P7200
2026-05-18T13:45:58.404388227Z,2026-05-18T13:45:56.950211523Z,1,1,42378374,T,A,0,67.000000000,132,0,12611,169910663,67.000000000,67.250000000,14,84,1,4,ESM6 P7200
2026-05-18T13:45:58.627290000Z,2026-05-18T13:45:57.060257877Z,1,1,42378374,T,A,0,67.000000000,4,0,13687,169914546,67.000000000,67.250000000,7,88,1,5,ESM6 P7200
2026-05-18T13:45:58.649953863Z,2026-05-18T13:45:57.065073939Z,1,1,42378374,T,A,0,67.000000000,12,0,11189,169915071,67.000000000,67.250000000,3,84,1,4,ESM6 P7200
2026-05-18T13:45:58.674802380Z,2026-05-18T13:45:57.075292461Z,1,1,42378374,T,A,0,67.000000000,17,0,12762,169915724,67.000000000,67.250000000,16,84,1,4,ESM6 P7200
2026-05-18T13:45:58.703878883Z,2026-05-18T13:45:57.084072553Z,1,1,42378374,T,A,0,67.000000000,5,0,12576,169916267,67.000000000,67.250000000,24,78,1,3,ESM6 P7200
2026-05-18T13:45:58.732347299Z,2026-05-18T13:45:57.092811031Z,1,1,42378374,T,A,0,67.000000000,1,0,12733,169916777,67.000000000,67.250000000,19,77,1,2,ESM6 P7200
2026-05-18T13:45:58.775141529Z,2026-05-18T13:45:57.096172035Z,1,1,42973069,T,B,0,9.800000000,9,0,12161,169917273,9.600000000,9.800000000,201,9,5,1,ESM6 C7825
2026-05-18T13:45:58.803076212Z,2026-05-18T13:45:57.096323565Z,1,1,42378374,T,A,0,67.000000000,1,0,11379,169917927,67.000000000,67.250000000,18,6,1,1,ESM6 P7200
2026-05-18T13:45:58.842349825Z,2026-05-18T13:45:57.100050053Z,1,1,42378374,T,A,0,67.000000000,1,0,13610,169918982,67.000000000,67.250000000,17,6,1,1,ESM6 P7200
2026-05-18T13:45:58.849859590Z,2026-05-18T13:45:57.106733449Z,1,1,42378374,T,A,0,67.000000000,1,0,15809,169919074,67.000000000,67.250000000,16,6,1,1,ESM6 P7200
2026-05-18T13:45:58.884456365Z,2026-05-18T13:45:57.115767157Z,1,1,42378374,T,A,0,67.000000000,4,0,13118,169919676,67.000000000,67.250000000,15,6,1,1,ESM6 P7200
2026-05-18T13:45:59.036618075Z,2026-05-18T13:45:57.185812831Z,1,1,42378374,T,A,0,67.000000000,5,0,11343,169922261,67.000000000,67.250000000,11,6,1,1,ESM6 P7200
2026-05-18T13:45:59.040134161Z,2026-05-18T13:45:57.186780621Z,1,1,42378374,T,A,0,67.000000000,1,0,13126,169922386,67.000000000,67.250000000,6,6,1,1,ESM6 P7200
2026-05-18T13:45:59.051912462Z,2026-05-18T13:45:57.188688727Z,1,1,42378374,T,A,0,67.000000000,6,0,17875,169922606,67.000000000,67.250000000,5,6,1,1,ESM6 P7200
2026-05-18T13:45:59.055854804Z,2026-05-18T13:45:57.188704157Z,1,1,42378374,T,A,0,67.000000000,7,0,15312,169922618,67.000000000,67.250000000,24,6,1,1,ESM6 P7200
2026-05-18T13:45:59.060991670Z,2026-05-18T13:45:57.188767209Z,1,1,42378374,T,A,0,67.000000000,6,0,15361,169922693,67.000000000,67.250000000,17,6,1,1,ESM6 P7200
2026-05-18T13:45:59.106219046Z,2026-05-18T13:45:57.195045533Z,1,1,42378374,T,A,0,67.000000000,6,0,12989,169923340,67.000000000,67.250000000,11,6,1,1,ESM6 P7200
2026-05-18T13:45:59.146983942Z,2026-05-18T13:45:57.203540317Z,1,1,42378374,T,A,0,67.000000000,7,0,11328,169924181,67.000000000,67.250000000,5,6,1,1,ESM6 P7200
2026-05-18T13:45:59.148182534Z,2026-05-18T13:45:57.207180065Z,1,1,42378374,T,A,0,67.000000000,8,0,14162,169924234,67.000000000,67.250000000,23,6,1,1,ESM6 P7200
2026-05-18T13:45:59.240727158Z,2026-05-18T13:45:57.327217567Z,1,1,42378374,T,A,0,67.000000000,1,0,15665,169926530,67.000000000,67.250000000,15,6,1,1,ESM6 P7200
2026-05-18T13:45:59.326581139Z,2026-05-18T13:45:57.408973775Z,1,1,42378374,T,A,0,67.000000000,16,0,12702,169928165,67.000000000,67.250000000,14,6,1,1,ESM6 P7200
2026-05-18T13:45:59.333278059Z,2026-05-18T13:45:57.409077661Z,1,1,42378374,T,A,0,67.000000000,1,0,12681,169928284,67.000000000,67.250000000,23,6,1,1,ESM6 P7200
2026-05-18T13:45:59.335120702Z,2026-05-18T13:45:57.409191455Z,1,1,42378374,T,A,0,67.000000000,1,0,12762,169928313,67.000000000,67.250000000,22,6,1,1,ESM6 P7200
2026-05-18T13:45:59.345677139Z,2026-05-18T13:45:57.410472311Z,1,1,42378374,T,A,0,67.000000000,1,0,12669,169928495,67.000000000,67.250000000,21,6,1,1,ESM6 P7200
2026-05-18T13:45:59.377611549Z,2026-05-18T13:45:57.430914205Z,1,1,42378374,T,A,0,67.000000000,4,0,12626,169929037,67.000000000,67.250000000,20,6,1,1,ESM6 P7200
2026-05-18T13:45:59.402564280Z,2026-05-18T13:45:57.443768667Z,1,1,42378374,T,A,0,67.000000000,6,0,12666,169929403,67.000000000,67.250000000,16,6,1,1,ESM6 P7200
2026-05-18T13:45:59.538327161Z,2026-05-18T13:45:57.571177263Z,1,1,42378374,T,A,0,67.000000000,27,0,13421,169931232,67.000000000,67.250000000,10,6,1,1,ESM6 P7200
2026-05-18T13:45:59.634127300Z,2026-05-18T13:45:57.754522073Z,1,1,42378374,T,A,0,67.000000000,1,0,12512,169932857,67.000000000,67.250000000,8,6,1,1,ESM6 P7200
2026-05-18T13:45:59.697466895Z,2026-05-18T13:45:57.848348337Z,1,1,42378374,T,A,0,67.000000000,7,0,13503,169933908,67.000000000,67.250000000,7,6,1,1,ESM6 P7200
2026-05-18T13:46:02.896061819Z,2026-05-18T13:46:00.997420601Z,1,1,42439347,T,B,0,46.750000000,12,0,23709,169981997,46.500000000,46.750000000,188,12,4,1,ESU6 P6000
2026-05-18T13:46:19.929521023Z,2026-05-18T13:46:18.642241435Z,1,1,42572477,T,A,0,17.700000000,13,0,12086,170275591,17.700000000,18.000000000,63,6,2,1,ESM6 C7750
2026-05-18T13:46:19.930475540Z,2026-05-18T13:46:18.642347511Z,1,1,42572477,T,A,0,17.700000000,1,0,11480,170275638,17.700000000,18.000000000,50,6,2,1,ESM6 C7750
2026-05-18T13:46:19.971896424Z,2026-05-18T13:46:18.675834689Z,1,1,42572477,T,A,0,17.700000000,11,0,18773,170276439,17.700000000,18.000000000,49,6,2,1,ESM6 C7750
2026-05-18T13:46:20.664176724Z,2026-05-18T13:46:19.574790471Z,1,1,42990303,T,A,0,22.250000000,10,0,17695,170288394,22.250000000,22.750000000,40,54,2,5,ESM6 C7720
2026-05-18T13:46:20.668185131Z,2026-05-18T13:46:19.574843729Z,1,1,42990303,T,A,0,22.250000000,1,0,11638,170288507,22.250000000,22.750000000,30,48,1,4,ESM6 C7720
2026-05-18T13:46:20.671016215Z,2026-05-18T13:46:19.575030825Z,1,1,42990303,T,A,0,22.250000000,2,0,18325,170288587,22.250000000,22.750000000,29,48,1,4,ESM6 C7720
2026-05-18T13:46:20.672838028Z,2026-05-18T13:46:19.575256883Z,1,1,42990303,T,A,0,22.250000000,2,0,14344,170288617,22.250000000,22.750000000,27,48,1,4,ESM6 C7720
2026-05-18T13:46:20.678879858Z,2026-05-18T13:46:19.575430245Z,1,1,42990303,T,A,0,22.250000000,4,0,18478,170288732,22.250000000,22.750000000,25,48,1,4,ESM6 C7720
2026-05-18T13:46:26.667461494Z,2026-05-18T13:46:25.363320443Z,1,1,42366513,T,A,0,122.000000000,2,0,22729,170390319,122.000000000,122.500000000,2,17,1,1,ESM6 P7400
2026-05-18T13:46:30.919343344Z,2026-05-18T13:46:30.032595771Z,1,1,42611781,T,A,0,69.250000000,4,0,11301,170471054,69.250000000,69.500000000,4,28,1,2,ESM6 C7550
2026-05-18T13:46:30.924140080Z,2026-05-18T13:46:30.032633247Z,1,1,42572477,T,A,0,17.800000000,7,0,13821,170471180,17.800000000,18.000000000,7,2,1,1,ESM6 C7750
2026-05-18T13:46:30.935242748Z,2026-05-18T13:46:30.032691187Z,1,1,42378346,T,A,0,91.000000000,4,0,10873,170471443,91.000000000,91.250000000,4,19,1,1,ESM6 C7500
2026-05-18T13:46:31.120639267Z,2026-05-18T13:46:30.092758203Z,1,1,42738868,T,A,0,31.000000000,11,0,13274,170474553,31.000000000,31.500000000,24,33,1,2,ESM6 C7675
2026-05-18T13:46:36.531507492Z,2026-05-18T13:46:35.780774909Z,1,1,42378374,T,B,0,67.250000000,3,0,17531,170567953,67.000000000,67.250000000,4,38,1,1,ESM6 P7200
2026-05-18T13:46:37.493627731Z,2026-05-18T13:46:37.119611535Z,1,1,42384731,T,A,0,90.250000000,2,0,13715,170587918,90.250000000,90.500000000,2,46,1,5,ESM6 P7300
2026-05-18T13:46:37.939078268Z,2026-05-18T13:46:37.707741447Z,1,1,42760607,T,A,0,35.500000000,3,0,18411,170597523,35.500000000,35.750000000,3,146,1,6,ESM6 P6975
2026-05-18T13:46:45.143956815Z,2026-05-18T13:46:44.398892485Z,1,1,2512143,T,A,0,65.000000000,3,0,13578,52567430,65.000000000,65.500000000,4,68,1,2,UD:1V: VT 2512143
2026-05-18T13:46:47.646236929Z,2026-05-18T13:46:46.917525887Z,1,1,42330564,T,A,0,252.500000000,6,0,13011,170781668,252.500000000,253.000000000,6,29,1,2,ESZ6 C7800
2026-05-18T13:46:56.013750891Z,2026-05-18T13:46:55.813728907Z,1,1,42366510,T,A,0,372.500000000,2,0,16222,170932244,372.500000000,373.500000000,2,3,1,2,ESM6 C7100
2026-05-18T13:46:59.740048456Z,2026-05-18T13:46:59.720923779Z,1,1,42394804,T,B,0,13.300000000,3,0,16256,171001193,13.100000000,13.300000000,480,6,8,1,ESM6 P6550
2026-05-18T13:46:59.879496871Z,2026-05-18T13:46:59.740198131Z,1,1,42394804,T,B,0,13.300000000,3,0,12863,171003893,13.100000000,13.300000000,473,3,7,1,ESM6 P6550
2026-05-18T13:47:00.451607503Z,2026-05-18T13:47:00.153932059Z,1,1,42366523,T,A,0,50.500000000,3,0,14829,171014344,50.500000000,51.000000000,3,79,1,5,ESM6 P7100
2026-05-18T13:47:00.517110211Z,2026-05-18T13:47:00.154005129Z,1,1,42487843,T,A,0,58.250000000,3,0,11298,171015196,58.250000000,58.750000000,3,68,1,5,ESM6 P7150
2026-05-18T13:47:02.664796345Z,2026-05-18T13:47:02.451222329Z,1,1,42394804,T,B,0,13.300000000,6,0,17557,171059418,13.200000000,13.300000000,75,6,3,1,ESM6 P6550
2026-05-18T13:47:07.215857729Z,2026-05-18T13:47:06.489934169Z,1,1,42366513,T,A,0,123.500000000,2,0,16722,171139541,123.500000000,124.000000000,3,95,1,5,ESM6 P7400
2026-05-18T13:47:07.252731631Z,2026-05-18T13:47:06.508174153Z,1,1,42366513,T,A,0,123.500000000,1,0,16498,171140194,123.500000000,124.000000000,1,114,1,7,ESM6 P7400
2026-05-18T13:47:09.894812412Z,2026-05-18T13:47:08.973101353Z,1,1,42439384,T,A,0,333.500000000,3,0,16867,171189244,333.500000000,334.000000000,7,38,1,3,ESU6 P7600
2026-05-18T13:47:13.601275577Z,2026-05-18T13:47:12.579434895Z,1,1,42472882,T,A,0,385.500000000,7,0,18284,171254085,385.500000000,386.000000000,7,20,1,3,ESU6 P7700
2026-05-18T13:47:14.889786212Z,2026-05-18T13:47:14.003483027Z,1,1,637508,T,B,0,29.250000000,4,0,17170,171276972,29.000000000,29.250000000,4,264,1,3,ESZ6 P4600
2026-05-18T13:47:17.108115244Z,2026-05-18T13:47:15.470625351Z,1,1,2507039,T,B,0,32.750000000,11,0,19661,52838125,32.500000000,32.750000000,6,11,1,2,UD:1V: VT 2507039
2026-05-18T13:47:22.897146558Z,2026-05-18T13:47:20.942758551Z,1,1,42867406,T,B,0,130.500000000,3,0,11299,171408252,130.000000000,130.500000000,21,3,1,1,ESM6 C7425
2026-05-18T13:47:25.755472985Z,2026-05-18T13:47:23.662066987Z,1,1,42506306,T,A,0,8.500000000,1,0,11706,171457183,8.500000000,8.600000000,1,176,1,2,ESU6 P4000
2026-05-18T13:47:29.331905818Z,2026-05-18T13:47:26.985280117Z,1,1,42377425,T,B,0,38.250000000,6,0,17874,171508371,37.750000000,38.250000000,341,8,4,1,ESU6 P5800
2026-05-18T13:47:29.346877028Z,2026-05-18T13:47:26.988809411Z,1,1,42506276,T,B,0,33.000000000,6,0,18921,171508407,32.750000000,33.000000000,307,9,4,1,ESU6 P5650
2026-05-18T13:47:49.820206671Z,2026-05-18T13:47:47.515366475Z,1,1,42429363,T,A,0,188.000000000,6,0,12603,171838943,188.000000000,188.500000000,6,73,1,3,ESU6 P7200
2026-05-18T13:47:52.952324927Z,2026-05-18T13:47:51.685007345Z,1,1,42627610,T,B,0,37.750000000,2,0,12651,171898107,37.500000000,37.750000000,29,2,1,1,ESM6 C7650
2026-05-18T13:47:54.042467585Z,2026-05-18T13:47:52.487430925Z,1,1,42487843,T,A,0,57.000000000,25,0,19645,171918098,57.000000000,57.500000000,25,28,1,1,ESM6 P7150
2026-05-18T13:47:54.569876326Z,2026-05-18T13:47:53.193000327Z,1,1,42602509,T,B,0,8.100000000,28,0,18733,171928062,7.900000000,8.100000000,297,28,4,1,ESM6 C7850
2026-05-18T13:47:54.697772102Z,2026-05-18T13:47:53.340023329Z,1,1,42397652,T,B,0,216.000000000,6,0,14350,171931041,215.500000000,216.000000000,33,17,2,1,ESU6 C7600
2026-05-18T13:47:57.853421161Z,2026-05-18T13:47:56.526342795Z,1,1,42397651,T,A,0,246.500000000,6,0,12764,171985337,246.500000000,247.000000000,6,22,1,2,ESU6 P7400
2026-05-18T13:47:58.312581457Z,2026-05-18T13:47:56.579433991Z,1,1,42458399,T,B,0,72.000000000,1,0,11333,171993297,71.500000000,72.000000000,30,1,1,1,ESU6 C8000
2026-05-18T13:48:01.334660695Z,2026-05-18T13:47:59.767172963Z,1,1,42465600,T,A,0,264.000000000,6,0,12995,172046002,264.000000000,264.500000000,6,30,1,5,ESU6 P7450
2026-05-18T13:48:02.317168329Z,2026-05-18T13:48:00.847969145Z,1,1,300898,T,A,0,143.500000000,1,0,12670,172065504,143.500000000,144.500000000,29,89,1,2,ESZ6 P6500
2026-05-18T13:48:02.323518724Z,2026-05-18T13:48:00.847972217Z,1,1,300898,T,A,0,143.500000000,28,0,17177,172065506,143.500000000,144.500000000,28,89,1,2,ESZ6 P6500
2026-05-18T13:48:05.376486079Z,2026-05-18T13:48:04.028629347Z,1,1,42465600,T,A,0,264.000000000,6,0,13909,172120710,264.000000000,264.500000000,6,37,1,4,ESU6 P7450
2026-05-18T13:48:08.592938271Z,2026-05-18T13:48:06.754385311Z,1,1,42378450,T,A,0,6.600000000,6,0,17138,172173311,6.600000000,6.700000000,6,6,1,1,ESM6 P6150
2026-05-18T13:48:08.598934273Z,2026-05-18T13:48:06.767072377Z,1,1,42394754,T,A,0,7.100000000,6,0,12716,172173436,7.100000000,7.200000000,6,6,1,1,ESM6 P6200
2026-05-18T13:48:08.617634983Z,2026-05-18T13:48:06.774715099Z,1,1,42398044,T,A,0,23.750000000,6,0,11892,172173608,23.750000000,24.000000000,6,456,1,6,ESU6 P5300
2026-05-18T13:48:09.465731321Z,2026-05-18T13:48:07.464424453Z,1,1,42853788,T,A,0,8.600000000,6,0,17153,172188417,8.600000000,8.800000000,6,228,1,3,ESM6 P6325
2026-05-18T13:48:17.031987412Z,2026-05-18T13:48:14.537564689Z,1,1,42320751,T,A,0,75.500000000,1,0,11200,172316014,75.500000000,76.500000000,25,26,1,1,ESM6 P7250
2026-05-18T13:48:17.058264447Z,2026-05-18T13:48:14.582152571Z,1,1,42413515,T,A,0,271.000000000,3,0,11749,172316341,271.000000000,272.000000000,3,60,1,3,ESU6 C7500
2026-05-18T13:48:20.002023647Z,2026-05-18T13:48:17.569165611Z,1,1,42602509,T,A,0,8.100000000,25,0,12760,172357329,8.100000000,8.300000000,134,25,1,1,ESM6 C7850
2026-05-18T13:48:20.286231591Z,2026-05-18T13:48:17.845841725Z,1,1,42377577,T,A,0,130.000000000,3,0,15380,172362138,130.000000000,130.500000000,3,36,1,2,ESU6 C7800
2026-05-18T13:48:25.837700740Z,2026-05-18T13:48:24.272079379Z,1,1,42384779,T,B,0,14.300000000,1,0,17544,172453671,14.100000000,14.300000000,219,6,5,1,ESM6 P6600
2026-05-18T13:48:27.312938439Z,2026-05-18T13:48:25.770202343Z,1,1,2669011,T,A,0,2.500000000,3,0,17461,53443666,2.500000000,2.600000000,6,729,1,3,UD:1V: VT 2669011
2026-05-18T13:48:35.985341492Z,2026-05-18T13:48:34.850736537Z,1,1,42604671,T,A,0,192.500000000,3,0,17073,172617985,192.500000000,193.000000000,3,35,1,3,ESU6 C7650
2026-05-18T13:48:41.299560304Z,2026-05-18T13:48:40.923256391Z,1,1,42377577,T,A,0,130.500000000,6,0,14434,172712023,130.500000000,131.000000000,6,60,1,5,ESU6 C7800
2026-05-18T13:48:49.087534150Z,2026-05-18T13:48:48.436984997Z,1,1,42404370,T,B,0,9.800000000,6,0,14472,172850320,9.700000000,9.800000000,34,6,2,1,ESM6 P6400
2026-05-18T13:48:49.180492889Z,2026-05-18T13:48:48.563534737Z,1,1,2669011,T,A,0,2.500000000,6,0,14168,53620600,2.500000000,2.600000000,6,1297,1,7,UD:1V: VT 2669011
2026-05-18T13:48:51.855276683Z,2026-05-18T13:48:50.446934841Z,1,1,42378592,T,B,0,11.700000000,6,0,14195,172889921,11.600000000,11.700000000,29,6,1,1,ESM6 P6500
2026-05-18T13:48:52.369254337Z,2026-05-18T13:48:51.217941765Z,1,1,42378547,T,B,0,29.750000000,3,0,11294,172899194,29.500000000,29.750000000,150,9,3,1,ESU6 P5550
2026-05-18T13:48:52.639923723Z,2026-05-18T13:48:51.438511195Z,1,1,42413476,T,A,0,71.250000000,1,0,15807,172903645,71.250000000,71.500000000,44,1,2,1,ESU6 P6400
2026-05-18T13:48:55.046044302Z,2026-05-18T13:48:54.055667247Z,1,1,42399646,T,B,0,27.000000000,1,0,13630,172948875,26.500000000,27.000000000,40,1,3,1,ESM6 C7700
2026-05-18T13:48:55.537831949Z,2026-05-18T13:48:54.701388091Z,1,1,42441344,T,A,0,305.000000000,6,0,20172,172957099,305.000000000,306.000000000,6,66,1,5,ESU6 P7550
2026-05-18T13:48:55.649169300Z,2026-05-18T13:48:54.891784887Z,1,1,2907534,T,A,0,3.850000000,6,0,13306,53673271,3.850000000,3.950000000,6,117,1,3,UD:1V: VT 2907534
2026-05-18T13:48:57.334575919Z,2026-05-18T13:48:56.750891253Z,1,1,42938486,T,A,0,753.500000000,17,0,24122,172991020,753.500000000,756.000000000,17,17,1,1,ESH8 P7950
2026-05-18T13:48:57.681790396Z,2026-05-18T13:48:57.209601589Z,1,1,42659190,T,A,0,677.500000000,2,0,26654,172997472,677.500000000,679.500000000,2,31,1,2,ESU7 P7900
2026-05-18T13:49:00.720022314Z,2026-05-18T13:49:00.091206229Z,1,1,42471229,T,A,0,300.500000000,6,0,25395,173051954,300.500000000,301.000000000,6,5,1,2,ESU6 C7450
2026-05-18T13:49:02.091239324Z,2026-05-18T13:49:00.983027551Z,1,1,2514570,T,B,0,-18.000000000,1,0,11638,53725813,-18.500000000,-18.000000000,4,92,2,2,UD:1V: XT 2514570
2026-05-18T13:49:02.842297740Z,2026-05-18T13:49:01.727787131Z,1,1,2622256,T,B,0,14.600000000,25,0,14316,53731997,14.500000000,14.600000000,241,25,2,1,UD:1V: VT 2622256
2026-05-18T13:49:03.326019326Z,2026-05-18T13:49:02.214650295Z,1,1,42399646,T,B,0,27.000000000,6,0,21297,173094253,26.750000000,27.000000000,65,6,4,1,ESM6 C7700
2026-05-18T13:49:05.148908539Z,2026-05-18T13:49:04.226152307Z,1,1,42439384,T,A,0,328.000000000,6,0,21225,173128411,328.000000000,328.500000000,6,2,1,1,ESU6 P7600
2026-05-18T13:49:07.228836543Z,2026-05-18T13:49:06.215934133Z,1,1,42377577,T,A,0,130.500000000,5,0,18723,173169527,130.500000000,131.000000000,6,5,1,1,ESU6 C7800
2026-05-18T13:49:15.905714428Z,2026-05-18T13:49:14.833672853Z,1,1,42366511,T,B,0,53.500000000,5,0,14797,173318594,53.250000000,53.500000000,26,5,1,1,ESM6 C7600
2026-05-18T13:49:22.396782226Z,2026-05-18T13:49:20.228250101Z,1,1,42712326,T,B,0,44.500000000,30,0,11249,173418953,44.000000000,44.500000000,89,30,2,1,ESU6 C8150
2026-05-18T13:49:23.423882364Z,2026-05-18T13:49:21.920521861Z,1,1,42441336,T,A,0,244.000000000,3,0,15846,173437745,244.000000000,244.500000000,3,77,1,6,ESU6 C7550
2026-05-18T13:49:24.428710203Z,2026-05-18T13:49:23.306083679Z,1,1,42429372,T,B,0,170.500000000,3,0,13613,173459029,169.500000000,170.500000000,83,19,5,1,ESU6 C7700
2026-05-18T13:49:29.458263356Z,2026-05-18T13:49:28.441535517Z,1,1,42465600,T,A,0,262.500000000,3,0,14237,173553702,262.500000000,263.000000000,3,25,1,3,ESU6 P7450
2026-05-18T13:49:36.469715086Z,2026-05-18T13:49:35.210943885Z,1,1,42413572,T,A,0,438.500000000,1,0,17467,173667382,438.500000000,439.000000000,3,12,1,2,ESU6 P7800
2026-05-18T13:49:36.494206214Z,2026-05-18T13:49:35.211565037Z,1,1,42413572,T,A,0,438.500000000,2,0,13105,173667894,438.500000000,439.000000000,2,11,1,1,ESU6 P7800
2026-05-18T13:49:38.553288188Z,2026-05-18T13:49:37.896923737Z,1,1,42471229,T,A,0,302.000000000,3,0,14943,173703027,302.000000000,302.500000000,3,6,1,1,ESU6 C7450
2026-05-18T13:49:39.256182716Z,2026-05-18T13:49:38.513095487Z,1,1,42458399,T,B,0,72.750000000,1,0,13684,173716352,72.250000000,72.750000000,10,55,2,2,ESU6 C8000
2026-05-18T13:49:40.988800878Z,2026-05-18T13:49:40.404676621Z,1,1,42604671,T,A,0,193.000000000,4,0,16653,173747673,193.000000000,193.500000000,4,47,1,3,ESU6 C7650
2026-05-18T13:49:42.077712617Z,2026-05-18T13:49:41.313483761Z,1,1,42598890,T,A,0,149.500000000,1,0,16760,173764217,149.500000000,150.000000000,1,11,1,2,ESU6 C7750
2026-05-18T13:49:47.480312822Z,2026-05-18T13:49:46.455875957Z,1,1,42441344,T,A,0,304.500000000,4,0,16960,173853501,304.500000000,305.000000000,4,27,1,3,ESU6 P7550
2026-05-18T13:49:49.667749131Z,2026-05-18T13:49:49.233382067Z,1,1,42404374,T,B,0,36.750000000,3,0,17809,173896425,36.500000000,36.750000000,94,3,4,1,ESM6 P7000
2026-05-18T13:49:50.158300982Z,2026-05-18T13:49:49.631555347Z,1,1,42760605,T,B,0,11.100000000,3,0,11444,173902797,10.900000000,11.100000000,425,3,7,1,ESM6 P6475
2026-05-18T13:49:50.165085353Z,2026-05-18T13:49:49.669937687Z,1,1,42404374,T,A,0,36.750000000,10,0,11209,173903167,36.750000000,37.000000000,10,70,1,5,ESM6 P7000
2026-05-18T13:49:51.877329473Z,2026-05-18T13:49:51.774958063Z,1,1,42413572,T,A,0,439.000000000,4,0,17928,173941789,439.000000000,440.000000000,4,21,1,3,ESU6 P7800
2026-05-18T13:49:52.837844339Z,2026-05-18T13:49:52.736058849Z,1,1,42472882,T,A,0,379.500000000,4,0,17596,173958781,379.500000000,380.000000000,4,9,1,2,ESU6 P7700
2026-05-18T13:49:55.025670094Z,2026-05-18T13:49:54.724268497Z,1,1,2669920,T,B,0,41.250000000,6,0,12004,54171688,41.000000000,41.250000000,894,6,7,1,UD:1V: VT 2669920
2026-05-18T13:49:55.386539703Z,2026-05-18T13:49:55.304757799Z,1,1,42472882,T,A,0,380.000000000,4,0,13163,174003101,380.000000000,380.500000000,4,11,1,3,ESU6 P7700
2026-05-18T13:49:56.198848353Z,2026-05-18T13:49:55.990625473Z,1,1,42378346,T,A,0,93.000000000,1,0,13315,174017730,93.000000000,93.500000000,1,15,1,5,ESM6 C7500
2026-05-18T13:49:56.876743033Z,2026-05-18T13:49:56.553885601Z,1,1,42472882,T,A,0,380.500000000,4,0,16886,174030712,380.500000000,381.000000000,4,37,1,2,ESU6 P7700
2026-05-18T13:49:59.892905959Z,2026-05-18T13:49:59.691452219Z,1,1,42804680,T,B,0,10.200000000,3,0,17817,174090870,10.000000000,10.200000000,470,3,6,1,ESM6 P6425
2026-05-18T13:50:06.428864143Z,2026-05-18T13:50:04.430412123Z,1,1,2514223,T,A,0,19.900000000,63,0,15274,54267241,19.900000000,20.000000000,396,63,1,1,UD:1V: VT 2514223
2026-05-18T13:50:07.730808474Z,2026-05-18T13:50:05.529547843Z,1,1,42472882,T,A,0,378.500000000,2,0,18328,174224592,378.500000000,379.000000000,4,2,1,1,ESU6 P7700
2026-05-18T13:50:10.032930938Z,2026-05-18T13:50:08.082522333Z,1,1,42378374,T,A,0,64.000000000,3,0,11451,174262145,64.000000000,64.500000000,3,29,1,2,ESM6 P7200
2026-05-18T13:50:21.226969480Z,2026-05-18T13:50:19.795288469Z,1,1,42572477,T,A,0,18.500000000,8,0,13689,174451657,18.500000000,18.800000000,140,8,3,2,ESM6 C7750
2026-05-18T13:50:21.232287893Z,2026-05-18T13:50:19.795573769Z,1,1,42572477,T,A,0,18.500000000,6,0,13172,174451746,18.500000000,18.800000000,132,8,3,2,ESM6 C7750
2026-05-18T13:50:21.248512182Z,2026-05-18T13:50:19.795640047Z,1,1,42572477,T,A,0,18.500000000,11,0,11119,174451973,18.500000000,18.800000000,126,8,3,2,ESM6 C7750
2026-05-18T13:50:32.879304435Z,2026-05-18T13:50:32.231625983Z,1,1,42337303,T,A,0,480.000000000,5,0,13205,174656177,480.000000000,482.000000000,8,8,1,1,ESZ6 C7400
2026-05-18T13:50:33.575054597Z,2026-05-18T13:50:32.724937867Z,1,1,42458400,T,B,0,53.000000000,25,0,11331,174670034,52.500000000,53.000000000,157,25,4,1,ESU6 C8100
2026-05-18T13:50:36.634791518Z,2026-05-18T13:50:35.985634607Z,1,1,42320751,T,A,0,73.750000000,3,0,11711,174722485,73.750000000,74.000000000,3,26,1,1,ESM6 P7250
2026-05-18T13:50:36.736696921Z,2026-05-18T13:50:36.021265773Z,1,1,42429065,T,A,0,31.250000000,1,0,15397,174724359,31.250000000,31.500000000,30,41,2,2,ESM6 P6950
2026-05-18T13:50:41.339980878Z,2026-05-18T13:50:41.277959125Z,1,1,42510079,T,A,0,184.000000000,2,0,15889,174812829,184.000000000,185.000000000,2,28,1,4,ESM6 C7350
2026-05-18T13:50:53.428204124Z,2026-05-18T13:50:53.281443671Z,1,1,2514223,T,A,0,19.800000000,1,0,11811,54658066,19.800000000,19.900000000,1,63,1,1,UD:1V: VT 2514223
2026-05-18T13:50:53.428217507Z,2026-05-18T13:50:53.281453109Z,1,1,2656006,T,B,0,14.500000000,1,0,13092,54658067,14.400000000,14.500000000,1118,3,7,1,UD:1V: VT 2656006
2026-05-18T13:50:53.496137414Z,2026-05-18T13:50:53.287807773Z,1,1,2656006,T,B,0,14.500000000,2,0,14643,54658443,14.400000000,14.500000000,1118,2,7,1,UD:1V: VT 2656006
2026-05-18T13:50:58.331664289Z,2026-05-18T13:50:57.955607067Z,1,1,42378373,T,A,0,3.700000000,1,0,14252,175106146,3.700000000,3.750000000,1,32,1,2,ESM6 P5750
2026-05-18T13:50:58.722673116Z,2026-05-18T13:50:58.363347421Z,1,1,42378374,T,A,0,63.000000000,3,0,12448,175113815,63.000000000,63.250000000,3,3,1,1,ESM6 P7200
2026-05-18T13:50:59.764330251Z,2026-05-18T13:50:59.708761411Z,1,1,42404370,T,B,0,9.400000000,7,0,14207,175135263,9.300000000,9.400000000,174,7,4,1,ESM6 P6400
2026-05-18T13:51:11.697048708Z,2026-05-18T13:51:11.351582981Z,1,1,42366511,T,A,0,55.250000000,3,0,16089,175354935,55.250000000,55.500000000,3,72,1,5,ESM6 C7600
2026-05-18T13:51:12.214176694Z,2026-05-18T13:51:11.973183193Z,1,1,42409672,T,A,0,4.500000000,1,0,11390,175366516,4.500000000,4.550000000,1,3,1,1,ESM6 P5900
2026-05-18T13:51:18.241767127Z,2026-05-18T13:51:17.966183043Z,1,1,2514731,T,A,0,2.000000000,2,0,15801,54868672,2.000000000,2.200000000,1705,185,3,1,UD:1V: VT 2514731
2026-05-18T13:51:21.836778399Z,2026-05-18T13:51:21.783992769Z,1,1,42366523,T,A,0,46.500000000,1,0,17149,175536577,46.500000000,47.000000000,64,36,4,3,ESM6 P7100
2026-05-18T13:51:21.864582183Z,2026-05-18T13:51:21.858781259Z,1,1,42760607,T,A,0,32.750000000,2,0,13709,175537393,32.750000000,33.250000000,151,112,4,5,ESM6 P6975
2026-05-18T13:51:21.897015807Z,2026-05-18T13:51:21.894200373Z,1,1,42399706,T,A,0,16.600000000,4,0,17410,175537947,16.600000000,16.800000000,8,10,1,2,ESM6 P6700
2026-05-18T13:51:21.927408115Z,2026-05-18T13:51:21.922320701Z,1,1,42883306,T,A,0,50.000000000,1,0,14988,175538551,50.000000000,50.500000000,30,53,1,3,ESM6 P7125
2026-05-18T13:51:21.996381913Z,2026-05-18T13:51:21.982616035Z,1,1,42487843,T,A,0,53.750000000,1,0,14262,175539668,53.750000000,54.250000000,36,46,3,5,ESM6 P7150
2026-05-18T13:51:22.069449283Z,2026-05-18T13:51:22.059426487Z,1,1,42404374,T,A,0,35.000000000,1,0,11521,175540969,35.000000000,35.500000000,188,71,6,4,ESM6 P7000
2026-05-18T13:51:22.402456395Z,2026-05-18T13:51:22.366422125Z,1,1,42446245,T,A,0,40.250000000,2,0,17352,175545918,40.250000000,40.750000000,156,73,6,5,ESM6 P7050
2026-05-18T13:51:22.441371427Z,2026-05-18T13:51:22.423255401Z,1,1,42493105,T,A,0,13.300000000,120,0,14491,175547113,13.300000000,13.400000000,181,162,1,1,ESM7 P2600
2026-05-18T13:51:22.443392987Z,2026-05-18T13:51:22.424711643Z,1,1,42836584,T,A,0,37.500000000,2,0,11550,175547146,37.500000000,38.000000000,181,40,5,2,ESM6 P7025
2026-05-18T13:51:22.457965163Z,2026-05-18T13:51:22.441377839Z,1,1,42493105,T,A,0,13.300000000,61,0,16746,175547437,13.300000000,13.400000000,61,162,1,1,ESM7 P2600
2026-05-18T13:51:22.473273679Z,2026-05-18T13:51:22.446456931Z,1,1,42394812,T,A,0,20.750000000,4,0,14222,175547646,20.750000000,21.250000000,479,135,9,5,ESM6 P6800
2026-05-18T13:51:29.802502628Z,2026-05-18T13:51:29.729769037Z,1,1,42446245,T,B,0,40.500000000,3,0,14570,175675832,40.250000000,40.500000000,66,3,4,1,ESM6 P7050
2026-05-18T13:51:35.077248575Z,2026-05-18T13:51:34.744389207Z,1,1,42378449,T,B,0,5.100000000,3,0,11219,175761658,5.000000000,5.100000000,243,3,6,1,ESM6 P6000
2026-05-18T13:51:36.124886734Z,2026-05-18T13:51:35.492745593Z,1,1,42384872,T,A,0,18.400000000,1,0,17363,175780148,18.400000000,18.800000000,69,140,3,6,ESM6 P6750
2026-05-18T13:51:36.401484276Z,2026-05-18T13:51:35.733064027Z,1,1,42378374,T,A,0,62.000000000,2,0,13079,175784845,62.000000000,62.250000000,3,2,1,1,ESM6 P7200
2026-05-18T13:51:36.401539531Z,2026-05-18T13:51:35.733065101Z,1,1,42378374,T,A,0,62.000000000,1,0,11249,175784848,62.000000000,62.250000000,1,2,1,1,ESM6 P7200
2026-05-18T13:51:38.928947771Z,2026-05-18T13:51:38.693497639Z,1,1,42366511,T,A,0,56.250000000,3,0,16224,175833640,56.250000000,56.500000000,3,4,1,1,ESM6 C7600
2026-05-18T13:51:45.129393945Z,2026-05-18T13:51:44.906901479Z,1,1,42366523,T,B,0,46.500000000,5,0,18393,175938988,46.000000000,46.500000000,64,45,4,4,ESM6 P7100
2026-05-18T13:51:46.184667748Z,2026-05-18T13:51:45.989151943Z,1,1,42320751,T,A,0,71.500000000,1,0,13111,175961422,71.500000000,72.250000000,75,47,5,3,ESM6 P7250
2026-05-18T13:51:48.431163855Z,2026-05-18T13:51:48.135788381Z,1,1,2674534,T,B,0,22.250000000,5,0,13246,55114631,22.000000000,22.250000000,134,6,3,1,UD:1V: VT 2674534
2026-05-18T13:51:51.259024380Z,2026-05-18T13:51:51.242350993Z,1,1,42611781,T,A,0,75.250000000,3,0,11010,176058093,75.250000000,75.750000000,3,27,1,4,ESM6 C7550
2026-05-18T13:51:57.805087097Z,2026-05-18T13:51:57.733990029Z,1,1,42366523,T,B,0,46.750000000,5,0,17131,176164864,46.250000000,46.750000000,173,38,8,3,ESM6 P7100
2026-05-18T13:52:04.360132009Z,2026-05-18T13:52:03.653394629Z,1,1,42366512,T,A,0,3.400000000,1,0,14379,176278122,3.400000000,3.500000000,1,226,1,4,ESM6 P5700
2026-05-18T13:52:07.356704226Z,2026-05-18T13:52:06.278682323Z,1,1,42404374,T,A,0,34.750000000,50,0,17292,176328351,34.750000000,35.000000000,54,2,2,1,ESM6 P7000
2026-05-18T13:52:10.141839535Z,2026-05-18T13:52:09.891066703Z,1,1,2514798,T,B,0,-0.150000000,4,0,11241,55291067,-0.200000000,-0.150000000,240,4,2,1,UD:1V: GN 2514798
2026-05-18T13:52:21.372177863Z,2026-05-18T13:52:21.309900599Z,1,1,2668516,T,A,0,7.800000000,2,0,15762,55376905,7.800000000,7.900000000,2,1507,1,8,UD:1V: VT 2668516
2026-05-18T13:52:26.097857492Z,2026-05-18T13:52:25.990481101Z,1,1,42366512,T,B,0,3.400000000,7,0,18858,176651298,3.300000000,3.400000000,527,7,7,1,ESM6 P5700
2026-05-18T13:52:27.659467457Z,2026-05-18T13:52:27.568578141Z,1,1,42919947,T,B,0,3.500000000,7,0,14559,176677206,3.450000000,3.500000000,161,7,2,1,ESM6 P5725
2026-05-18T13:52:32.191138474Z,2026-05-18T13:52:31.665953615Z,1,1,43024830,T,B,0,2.100000000,7,0,15418,176741644,2.050000000,2.100000000,208,7,3,1,ESM6 P5325
2026-05-18T13:52:39.440476659Z,2026-05-18T13:52:39.261303247Z,1,1,43024830,T,B,0,2.100000000,3,0,12760,176860280,2.050000000,2.100000000,3,3,1,1,ESM6 P5325
2026-05-18T13:52:48.261781902Z,2026-05-18T13:52:48.195250489Z,1,1,42378346,T,B,0,99.750000000,1,0,18991,176996756,99.000000000,99.750000000,73,37,5,3,ESM6 C7500
2026-05-18T13:52:58.562075460Z,2026-05-18T13:52:58.380260841Z,1,1,2674534,T,B,0,22.000000000,59,0,19186,55661262,21.750000000,22.000000000,842,150,7,1,UD:1V: VT 2674534
2026-05-18T13:52:58.829757483Z,2026-05-18T13:52:58.407046785Z,1,1,2640178,T,A,0,23.000000000,128,0,10309,55663314,23.000000000,23.250000000,128,923,1,8,UD:1V: VT 2640178
2026-05-18T13:53:13.477226857Z,2026-05-18T13:53:12.790374963Z,1,1,42394753,T,A,0,4.700000000,2,0,11155,177446382,4.700000000,4.800000000,2,243,1,4,ESM6 P5950
2026-05-18T13:53:13.540438611Z,2026-05-18T13:53:12.823194049Z,1,1,42378373,T,A,0,3.600000000,1,0,11491,177447571,3.600000000,3.700000000,1,489,1,7,ESM6 P5750
2026-05-18T13:53:16.594036949Z,2026-05-18T13:53:16.001206601Z,1,1,42366511,T,A,0,57.500000000,6,0,20265,177503278,57.500000000,57.750000000,25,4,1,1,ESM6 C7600
2026-05-18T13:53:34.894142740Z,2026-05-18T13:53:34.893510811Z,1,1,2514548,T,B,0,2.450000000,1,0,13858,55963945,2.400000000,2.450000000,1871,1,8,1,UD:1V: VT 2514548
2026-05-18T13:53:35.802617534Z,2026-05-18T13:53:35.560816549Z,1,1,42404366,T,A,0,13.800000000,19,0,11572,177835261,13.800000000,13.900000000,20,8,1,2,ESM6 C7800
2026-05-18T13:53:36.094521148Z,2026-05-18T13:53:35.802973973Z,1,1,42404366,T,A,0,13.800000000,1,0,13965,177840679,13.800000000,13.900000000,1,6,1,1,ESM6 C7800
2026-05-18T13:53:36.996256827Z,2026-05-18T13:53:36.606092361Z,1,1,42637001,T,B,0,132.000000000,1,0,15189,177856717,131.500000000,132.000000000,38,1,5,1,ESM6 P7450
2026-05-18T13:53:45.902083751Z,2026-05-18T13:53:45.668896923Z,1,1,42696853,T,A,0,49.000000000,7,0,18613,178011836,49.000000000,49.500000000,7,64,2,6,ESM6 C7625
2026-05-18T13:53:48.197325475Z,2026-05-18T13:53:48.022733273Z,1,1,2514223,T,B,0,19.600000000,63,0,13972,56077103,19.500000000,19.600000000,1270,63,3,1,UD:1V: VT 2514223
2026-05-18T13:53:50.394839628Z,2026-05-18T13:53:50.143158465Z,1,1,2514223,T,A,0,19.600000000,196,0,22400,56092363,19.600000000,19.700000000,196,63,2,1,UD:1V: VT 2514223
2026-05-18T13:53:50.415176650Z,2026-05-18T13:53:50.169845149Z,1,1,2514223,T,A,0,19.600000000,196,0,13222,56092581,19.600000000,19.700000000,400,63,1,1,UD:1V: VT 2514223
2026-05-18T13:53:50.513537814Z,2026-05-18T13:53:50.336638683Z,1,1,2514223,T,A,0,19.600000000,196,0,21875,56093361,19.600000000,19.700000000,204,63,1,1,UD:1V: VT 2514223
2026-05-18T13:53:50.872468195Z,2026-05-18T13:53:50.471131099Z,1,1,42378618,T,B,0,26.500000000,3,0,14405,178102875,26.250000000,26.500000000,112,3,5,1,ESM6 P6900
2026-05-18T13:53:51.350759439Z,2026-05-18T13:53:50.656267037Z,1,1,2672880,T,B,0,17.400000000,6,0,18563,56100126,17.200000000,17.400000000,743,115,5,1,UD:1V: VT 2672880
2026-05-18T13:53:51.476755652Z,2026-05-18T13:53:50.765677703Z,1,1,42696853,T,A,0,48.750000000,7,0,18081,178111567,48.750000000,49.250000000,27,59,1,3,ESM6 C7625
2026-05-18T13:53:54.774845657Z,2026-05-18T13:53:53.514001785Z,1,1,2514223,T,B,0,19.700000000,12,0,11625,56124644,19.600000000,19.700000000,94,63,1,1,UD:1V: VT 2514223
2026-05-18T13:53:54.817930006Z,2026-05-18T13:53:53.514934703Z,1,1,2514223,T,B,0,19.700000000,6,0,15212,56124951,19.600000000,19.700000000,94,51,1,1,UD:1V: VT 2514223
2026-05-18T13:53:55.046772723Z,2026-05-18T13:53:53.586295393Z,1,1,2514223,T,B,0,19.700000000,13,0,16512,56127009,19.600000000,19.700000000,192,45,2,1,UD:1V: VT 2514223
2026-05-18T13:53:55.067298758Z,2026-05-18T13:53:53.586428175Z,1,1,2514223,T,B,0,19.700000000,6,0,11583,56127324,19.600000000,19.700000000,192,32,2,1,UD:1V: VT 2514223
2026-05-18T13:53:55.221212996Z,2026-05-18T13:53:53.616300529Z,1,1,2514223,T,B,0,19.700000000,15,0,11482,56128713,19.600000000,19.700000000,192,26,2,1,UD:1V: VT 2514223
2026-05-18T13:53:55.360946124Z,2026-05-18T13:53:53.684277467Z,1,1,2514223,T,B,0,19.700000000,6,0,11445,56129937,19.600000000,19.700000000,192,11,2,1,UD:1V: VT 2514223
2026-05-18T13:53:55.363131201Z,2026-05-18T13:53:53.684298143Z,1,1,2514223,T,B,0,19.700000000,5,0,11250,56129945,19.600000000,19.700000000,192,5,2,1,UD:1V: VT 2514223
2026-05-18T13:54:09.746341303Z,2026-05-18T13:54:08.439712295Z,1,1,42472886,T,A,0,10.800000000,27,0,16210,178418013,10.800000000,10.900000000,54,154,2,1,ESU6 P4350
2026-05-18T13:54:09.857548763Z,2026-05-18T13:54:08.623516233Z,1,1,42472886,T,A,0,10.800000000,27,0,17477,178420082,10.800000000,10.900000000,27,154,1,1,ESU6 P4350
2026-05-18T13:54:11.474994078Z,2026-05-18T13:54:10.609474245Z,1,1,2674214,T,A,0,-14.000000000,1,0,19291,56271808,-14.000000000,-13.700000000,37,37,2,2,UD:1V: GN 2674214
2026-05-18T13:54:14.025739878Z,2026-05-18T13:54:13.066193795Z,1,1,2907534,T,A,0,3.600000000,6,0,17501,56293922,3.600000000,3.700000000,6,762,1,7,UD:1V: VT 2907534
2026-05-18T13:54:17.223752156Z,2026-05-18T13:54:17.223111349Z,1,1,2907534,T,A,0,3.600000000,6,0,17645,56318852,3.600000000,3.700000000,6,762,1,7,UD:1V: VT 2907534
2026-05-18T13:54:19.366536623Z,2026-05-18T13:54:19.281354481Z,1,1,42378449,T,A,0,5.000000000,1,0,11612,178584775,5.000000000,5.100000000,1,351,1,5,ESM6 P6000
2026-05-18T13:54:21.979391645Z,2026-05-18T13:54:21.976722201Z,1,1,42760624,T,A,0,24.500000000,1,0,12953,178624792,24.500000000,25.250000000,440,316,9,10,ESM6 P6875
2026-05-18T13:54:28.708850628Z,2026-05-18T13:54:28.145420945Z,1,1,42479380,T,B,0,15.700000000,100,0,17313,178733402,15.600000000,15.700000000,184,100,2,1,ESH7 P3200
2026-05-18T13:54:28.875789115Z,2026-05-18T13:54:28.276753227Z,1,1,42378618,T,A,0,26.250000000,2,0,19403,178736440,26.250000000,26.500000000,2,86,1,5,ESM6 P6900
2026-05-18T13:54:29.266931197Z,2026-05-18T13:54:28.839294501Z,1,1,2669616,T,B,0,49.250000000,1,0,18391,56403265,49.000000000,49.250000000,343,63,4,1,UD:1V: VT 2669616
2026-05-18T13:54:29.561649596Z,2026-05-18T13:54:29.206928909Z,1,1,2669616,T,B,0,49.250000000,1,0,10219,56406292,49.000000000,49.250000000,136,62,3,1,UD:1V: VT 2669616
2026-05-18T13:54:36.451788979Z,2026-05-18T13:54:36.451198205Z,1,1,42378592,T,B,0,10.800000000,6,0,18445,178859492,10.700000000,10.800000000,202,6,4,1,ESM6 P6500
2026-05-18T13:54:50.011385062Z,2026-05-18T13:54:50.002590211Z,1,1,42378346,T,A,0,101.500000000,1,0,12720,179081807,101.500000000,102.000000000,1,34,1,5,ESM6 C7500
2026-05-18T13:54:56.347790043Z,2026-05-18T13:54:56.347301805Z,1,1,42378374,T,A,0,60.250000000,2,0,20172,179157963,60.250000000,60.750000000,66,89,5,6,ESM6 P7200
2026-05-18T13:54:58.259013521Z,2026-05-18T13:54:58.190013561Z,1,1,42399646,T,B,0,30.250000000,1,0,20776,179177254,30.000000000,30.250000000,228,1,8,1,ESM6 C7700
2026-05-18T13:54:58.830964849Z,2026-05-18T13:54:58.730144861Z,1,1,42378374,T,A,0,60.250000000,2,0,17168,179185831,60.250000000,60.500000000,2,30,1,2,ESM6 P7200
2026-05-18T13:55:00.970924414Z,2026-05-18T13:55:00.409957927Z,1,1,42378374,T,A,0,60.000000000,3,0,18478,179224207,60.000000000,60.250000000,3,3,1,1,ESM6 P7200
2026-05-18T13:55:14.361220670Z,2026-05-18T13:55:14.066697161Z,1,1,42760606,T,B,0,13.600000000,7,0,18645,179467850,13.500000000,13.600000000,293,7,4,1,ESM6 P6625
2026-05-18T13:55:16.116108380Z,2026-05-18T13:55:16.085375659Z,1,1,42760606,T,B,0,13.600000000,7,0,16802,179493976,13.500000000,13.600000000,339,7,5,1,ESM6 P6625
2026-05-18T13:55:18.977598643Z,2026-05-18T13:55:18.815785941Z,1,1,42804680,T,A,0,9.300000000,6,0,12924,179533057,9.300000000,9.400000000,6,7,1,1,ESM6 P6425
2026-05-18T13:55:19.315292937Z,2026-05-18T13:55:18.905811457Z,1,1,42378373,T,A,0,3.500000000,1,0,11898,179536913,3.500000000,3.550000000,1,7,1,1,ESM6 P5750
2026-05-18T13:55:19.621848259Z,2026-05-18T13:55:18.956053319Z,1,1,2504502,T,B,0,-3.450000000,4,0,19057,56781509,-4.000000000,-3.450000000,45,4,3,1,UD:1V: RR 2504502
2026-05-18T13:55:19.687348460Z,2026-05-18T13:55:19.001262879Z,1,1,42854015,T,A,0,16.800000000,6,0,14265,179540449,16.800000000,16.900000000,6,58,1,1,ESM6 P6725
2026-05-18T13:55:19.700669928Z,2026-05-18T13:55:19.001489313Z,1,1,42384872,T,A,0,17.800000000,27,0,20291,179540499,17.800000000,17.900000000,27,56,1,1,ESM6 P6750
2026-05-18T13:55:19.989595644Z,2026-05-18T13:55:19.264763727Z,1,1,2669743,T,B,0,-5.600000000,4,0,19058,56784477,-6.200000000,-5.600000000,41,4,3,1,UD:1V: RR 2669743
2026-05-18T13:55:19.992733106Z,2026-05-18T13:55:19.264764081Z,1,1,42760625,T,A,0,11.100000000,6,0,13927,179546108,11.100000000,11.200000000,6,103,1,1,ESM6 P6525
2026-05-18T13:55:20.010225587Z,2026-05-18T13:55:19.264873921Z,1,1,42404370,T,A,0,8.900000000,6,0,17059,179546306,8.900000000,9.000000000,6,120,1,1,ESM6 P6400
2026-05-18T13:55:20.389951721Z,2026-05-18T13:55:19.693714681Z,1,1,2504502,T,B,0,-3.400000000,4,0,19467,56787903,-3.800000000,-3.400000000,98,30,1,1,UD:1V: RR 2504502
2026-05-18T13:55:31.660482738Z,2026-05-18T13:55:31.659967401Z,1,1,42399646,T,A,0,30.750000000,1,0,13768,179743784,30.750000000,31.000000000,1,167,1,9,ESM6 C7700
2026-05-18T13:55:31.893100406Z,2026-05-18T13:55:31.889625063Z,1,1,2622256,T,A,0,15.900000000,6,0,16364,56874252,15.900000000,16.000000000,6,55,1,1,UD:1V: VT 2622256
2026-05-18T13:55:35.808102081Z,2026-05-18T13:55:35.794102953Z,1,1,2622256,T,A,0,15.900000000,6,0,17501,56899926,15.900000000,16.000000000,6,152,1,3,UD:1V: VT 2622256
2026-05-18T13:55:37.930885459Z,2026-05-18T13:55:37.929851791Z,1,1,42378373,T,B,0,3.500000000,7,0,18019,179839223,3.400000000,3.500000000,997,7,9,1,ESM6 P5750
2026-05-18T13:55:43.508017481Z,2026-05-18T13:55:43.340826889Z,1,1,42384779,T,B,0,12.900000000,20,0,13729,179917016,12.800000000,12.900000000,102,20,4,1,ESM6 P6600
2026-05-18T13:55:46.219342950Z,2026-05-18T13:55:45.266203963Z,1,1,547283,T,B,0,37.750000000,10,0,11327,179962479,37.500000000,37.750000000,135,10,3,1,ESZ6 P5000
2026-05-18T13:55:56.717800487Z,2026-05-18T13:55:56.632121639Z,1,1,2507039,T,A,0,29.750000000,41,0,13744,57062642,29.750000000,30.000000000,66,363,1,6,UD:1V: VT 2507039
2026-05-18T13:55:56.831248750Z,2026-05-18T13:55:56.717834457Z,1,1,2507039,T,A,0,29.750000000,25,0,17188,57063379,29.750000000,30.000000000,67,322,1,5,UD:1V: VT 2507039
2026-05-18T13:55:56.841476287Z,2026-05-18T13:55:56.733246599Z,1,1,42378449,T,B,0,4.900000000,3,0,11639,180142388,4.850000000,4.900000000,154,3,2,1,ESM6 P6000
2026-05-18T13:55:57.772830269Z,2026-05-18T13:55:57.749546393Z,1,1,42378592,T,B,0,10.700000000,3,0,16414,180148798,10.600000000,10.700000000,65,3,2,1,ESM6 P6500
2026-05-18T13:56:00.963649441Z,2026-05-18T13:56:00.888833861Z,1,1,42384779,T,B,0,12.900000000,50,0,14134,180202138,12.800000000,12.900000000,457,50,7,1,ESM6 P6600
2026-05-18T13:56:02.661276871Z,2026-05-18T13:56:02.623492603Z,1,1,42760606,T,B,0,13.600000000,3,0,11361,180231551,13.500000000,13.600000000,6,3,1,1,ESM6 P6625
2026-05-18T13:56:05.801348910Z,2026-05-18T13:56:05.795603427Z,1,1,42378449,T,B,0,4.900000000,3,0,25737,180288683,4.850000000,4.900000000,154,3,2,1,ESM6 P6000
2026-05-18T13:56:07.759540337Z,2026-05-18T13:56:07.756590479Z,1,1,42378449,T,B,0,4.900000000,3,0,13477,180322481,4.850000000,4.900000000,151,3,1,1,ESM6 P6000
2026-05-18T13:56:09.070286898Z,2026-05-18T13:56:09.067683463Z,1,1,42378449,T,B,0,4.900000000,3,0,13356,180334760,4.850000000,4.900000000,191,3,3,1,ESM6 P6000
2026-05-18T13:56:09.398563144Z,2026-05-18T13:56:09.332983255Z,1,1,42458378,T,B,0,26.250000000,6,0,13032,180339127,26.000000000,26.250000000,303,10,4,1,ESU6 P5450
2026-05-18T13:56:09.522681671Z,2026-05-18T13:56:09.398567097Z,1,1,42458378,T,B,0,26.250000000,4,0,21329,180341296,26.000000000,26.250000000,303,4,4,1,ESU6 P5450
2026-05-18T13:56:09.634072993Z,2026-05-18T13:56:09.621063549Z,1,1,42760605,T,B,0,10.200000000,3,0,24585,180344432,10.100000000,10.200000000,152,3,3,1,ESM6 P6475
2026-05-18T13:56:12.827516348Z,2026-05-18T13:56:12.468960537Z,1,1,42378374,T,B,0,60.000000000,2,0,12562,180393568,59.750000000,60.000000000,152,2,6,1,ESM6 P7200
2026-05-18T13:56:23.011714563Z,2026-05-18T13:56:22.197366747Z,1,1,42399646,T,B,0,31.000000000,8,0,15919,180564889,30.750000000,31.000000000,58,20,3,1,ESM6 C7700
2026-05-18T13:56:23.796192511Z,2026-05-18T13:56:23.092345489Z,1,1,42399646,T,B,0,31.000000000,12,0,13136,180579741,30.750000000,31.000000000,2,12,1,1,ESM6 C7700
2026-05-18T13:56:25.195770057Z,2026-05-18T13:56:25.166122701Z,1,1,42404366,T,A,0,14.500000000,20,0,11148,180605120,14.500000000,14.600000000,20,36,1,4,ESM6 C7800
2026-05-18T13:56:29.311015329Z,2026-05-18T13:56:28.952137639Z,1,1,42413514,T,A,0,205.500000000,1,0,11661,180657184,205.500000000,206.000000000,1,43,1,3,ESU6 P7300
2026-05-18T13:56:29.570066412Z,2026-05-18T13:56:29.018174817Z,1,1,42378374,T,A,0,59.500000000,2,0,12335,180662535,59.500000000,59.750000000,2,28,1,1,ESM6 P7200
2026-05-18T13:56:30.055133739Z,2026-05-18T13:56:29.107395087Z,1,1,42394754,T,A,0,6.500000000,2,0,11598,180671912,6.500000000,6.600000000,2,82,1,4,ESM6 P6200
2026-05-18T13:56:40.113090715Z,2026-05-18T13:56:40.100538413Z,1,1,42378374,T,A,0,59.000000000,1,0,18875,180846236,59.000000000,59.500000000,8,71,2,6,ESM6 P7200
2026-05-18T13:56:40.115571124Z,2026-05-18T13:56:40.100605227Z,1,1,42378374,T,A,0,59.000000000,1,0,12679,180846280,59.000000000,59.500000000,7,71,2,6,ESM6 P7200
2026-05-18T13:56:41.124276964Z,2026-05-18T13:56:41.037738767Z,1,1,42366523,T,A,0,44.000000000,1,0,14250,180857415,44.000000000,44.250000000,7,3,2,1,ESM6 P7100
2026-05-18T13:56:43.653133723Z,2026-05-18T13:56:43.635601749Z,1,1,42366511,T,A,0,60.000000000,1,0,12793,180893490,60.000000000,60.250000000,1,27,1,2,ESM6 C7600
2026-05-18T13:57:05.159272406Z,2026-05-18T13:57:04.712285985Z,1,1,2513975,T,A,0,1.250000000,1,0,13151,57563098,1.250000000,1.300000000,1,3989,1,7,UD:1V: VT 2513975
2026-05-18T13:57:11.375744919Z,2026-05-18T13:57:11.187973099Z,1,1,42602509,T,A,0,9.700000000,1,0,16117,181300753,9.700000000,9.900000000,1,127,1,5,ESM6 C7850
2026-05-18T13:57:22.560448841Z,2026-05-18T13:57:22.198810337Z,1,1,42712326,T,B,0,47.500000000,34,0,16332,181470871,47.000000000,47.500000000,47,34,3,1,ESU6 C8150
2026-05-18T13:57:25.560535676Z,2026-05-18T13:57:25.548420385Z,1,1,42372979,T,A,0,231.500000000,2,0,13584,181518547,231.500000000,232.000000000,2,5,1,1,ESM6 C7300
2026-05-18T13:57:42.359914302Z,2026-05-18T13:57:41.638665011Z,1,1,2507039,T,A,0,29.750000000,41,0,19824,57842565,29.750000000,30.000000000,65,640,1,8,UD:1V: VT 2507039
2026-05-18T13:57:44.971158740Z,2026-05-18T13:57:44.327968399Z,1,1,42429065,T,A,0,29.250000000,6,0,22152,181851334,29.250000000,29.750000000,6,150,1,6,ESM6 P6950
2026-05-18T13:57:56.209216651Z,2026-05-18T13:57:56.160255743Z,1,1,42397712,T,B,0,103.500000000,20,0,21897,182017217,103.000000000,103.500000000,22,31,3,2,ESU6 C7900
2026-05-18T13:58:01.500566099Z,2026-05-18T13:58:01.403807047Z,1,1,42397712,T,A,0,103.000000000,10,0,13287,182105515,103.000000000,103.500000000,10,91,1,4,ESU6 C7900
2026-05-18T13:58:12.004196071Z,2026-05-18T13:58:11.693308955Z,1,1,42883306,T,A,0,47.750000000,1,0,15216,182285792,47.750000000,48.250000000,110,39,3,3,ESM6 P7125
2026-05-18T13:58:12.036374654Z,2026-05-18T13:58:11.698461289Z,1,1,42883306,T,A,0,47.750000000,1,0,11433,182286481,47.750000000,48.250000000,109,37,3,2,ESM6 P7125
2026-05-18T13:58:12.139665686Z,2026-05-18T13:58:11.855615733Z,1,1,42883306,T,A,0,47.750000000,1,0,11666,182288509,47.750000000,48.250000000,108,61,3,3,ESM6 P7125
2026-05-18T13:58:12.145919684Z,2026-05-18T13:58:11.855750361Z,1,1,42883306,T,A,0,47.750000000,1,0,17565,182288693,47.750000000,48.250000000,107,61,3,3,ESM6 P7125
2026-05-18T13:58:12.166351742Z,2026-05-18T13:58:11.857403985Z,1,1,42883306,T,A,0,47.750000000,1,0,13500,182289058,47.750000000,48.250000000,106,61,3,3,ESM6 P7125
2026-05-18T13:58:12.273829151Z,2026-05-18T13:58:11.929868083Z,1,1,42883306,T,A,0,47.750000000,1,0,17345,182290829,47.750000000,48.250000000,61,66,2,4,ESM6 P7125
2026-05-18T13:58:19.556897295Z,2026-05-18T13:58:19.537318977Z,1,1,42399646,T,B,0,30.750000000,4,0,18430,182392846,30.500000000,30.750000000,153,4,6,1,ESM6 C7700
2026-05-18T13:58:22.114993724Z,2026-05-18T13:58:21.732048303Z,1,1,2622256,T,A,0,15.900000000,6,0,14228,58135561,15.900000000,16.100000000,6,387,1,3,UD:1V: VT 2622256
2026-05-18T13:58:22.118375513Z,2026-05-18T13:58:21.732052063Z,1,1,2674775,T,A,0,25.250000000,26,0,16371,58135568,25.250000000,25.500000000,26,72,1,2,UD:1V: VT 2674775
2026-05-18T13:58:22.990049787Z,2026-05-18T13:58:22.067792145Z,1,1,42378618,T,B,0,26.000000000,3,0,14850,182443050,25.750000000,26.000000000,43,3,1,1,ESM6 P6900
2026-05-18T13:58:23.011633439Z,2026-05-18T13:58:22.068250179Z,1,1,42611781,T,A,0,78.000000000,1,0,11597,182443380,78.000000000,79.000000000,1,42,1,2,ESM6 C7550
2026-05-18T13:58:30.768083017Z,2026-05-18T13:58:30.132558077Z,1,1,42384779,T,A,0,12.900000000,20,0,13024,182564337,12.900000000,13.200000000,296,58,5,3,ESM6 P6600
2026-05-18T13:58:32.702890644Z,2026-05-18T13:58:32.632701617Z,1,1,42384779,T,A,0,13.000000000,5,0,18684,182602879,13.000000000,13.200000000,5,66,1,4,ESM6 P6600
2026-05-18T13:58:32.702890644Z,2026-05-18T13:58:32.632701617Z,1,1,42384779,T,A,0,12.900000000,15,0,18684,182602879,13.000000000,13.200000000,5,66,1,4,ESM6 P6600
2026-05-18T13:58:44.659742654Z,2026-05-18T13:58:43.343573107Z,1,1,2515070,T,B,0,49.000000000,1,0,17980,58335130,48.500000000,49.000000000,3,1,1,1,UD:1V: SG 2515070
2026-05-18T13:58:44.659964576Z,2026-05-18T13:58:43.343586603Z,1,1,42404366,T,A,0,14.000000000,1,0,16854,182813180,14.000000000,14.200000000,10,60,1,3,ESM6 C7800
2026-05-18T13:58:44.952720439Z,2026-05-18T13:58:43.931557635Z,1,1,42404366,T,A,0,14.000000000,9,0,15790,182817898,14.000000000,14.100000000,9,2,1,1,ESM6 C7800
2026-05-18T13:58:46.380157652Z,2026-05-18T13:58:45.496358695Z,1,1,42404366,T,B,0,14.000000000,5,0,15372,182843998,13.700000000,14.000000000,103,5,5,1,ESM6 C7800
2026-05-18T13:58:46.528219835Z,2026-05-18T13:58:45.796248799Z,1,1,42404366,T,A,0,14.000000000,15,0,13160,182846419,14.000000000,14.100000000,15,111,1,4,ESM6 C7800
2026-05-18T13:58:52.990923555Z,2026-05-18T13:58:52.950869109Z,1,1,42394733,T,B,0,2.100000000,2,0,13960,182945743,1.950000000,2.100000000,247,307,4,5,ESM6 P5300
2026-05-18T13:58:59.688611591Z,2026-05-18T13:58:59.665684615Z,1,1,42836584,T,A,0,36.750000000,13,0,12896,183048249,36.750000000,37.000000000,37,91,1,5,ESM6 P7025
2026-05-18T13:58:59.688648145Z,2026-05-18T13:58:59.665685267Z,1,1,42836584,T,A,0,36.750000000,1,0,14185,183048250,36.750000000,37.000000000,24,91,1,5,ESM6 P7025
2026-05-18T13:58:59.688648145Z,2026-05-18T13:58:59.665685919Z,1,1,42836584,T,A,0,36.750000000,1,0,14185,183048250,36.750000000,37.000000000,23,91,1,5,ESM6 P7025
2026-05-18T13:58:59.697424304Z,2026-05-18T13:58:59.688615483Z,1,1,42836584,T,A,0,36.750000000,22,0,14396,183048503,36.750000000,37.000000000,22,91,1,5,ESM6 P7025
2026-05-18T13:59:26.336387028Z,2026-05-18T13:59:25.994675559Z,1,1,42320751,T,A,0,70.500000000,3,0,17153,183486431,70.500000000,70.750000000,3,33,1,2,ESM6 P7250
2026-05-18T13:59:27.923308023Z,2026-05-18T13:59:27.822281059Z,1,1,42487843,T,A,0,52.250000000,1,0,14455,183506531,52.250000000,52.750000000,33,120,2,8,ESM6 P7150
2026-05-18T13:59:27.938602811Z,2026-05-18T13:59:27.822414061Z,1,1,42487843,T,A,0,52.250000000,1,0,13709,183506851,52.250000000,52.750000000,2,120,1,8,ESM6 P7150
2026-05-18T13:59:39.895404441Z,2026-05-18T13:59:39.560932983Z,1,1,42378346,T,A,0,101.000000000,1,0,21966,183697021,101.000000000,101.500000000,1,11,1,2,ESM6 C7500
2026-05-18T14:00:20.981352179Z,2026-05-18T14:00:17.765827107Z,1,1,42378618,T,B,0,27.000000000,3,0,13789,184307464,26.750000000,27.000000000,70,3,3,1,ESM6 P6900
2026-05-18T14:00:23.324061964Z,2026-05-18T14:00:20.054658077Z,1,1,42413476,T,B,0,70.250000000,1,0,14189,184338194,69.500000000,70.250000000,168,1,2,1,ESU6 P6400
2026-05-18T14:00:31.444869091Z,2026-05-18T14:00:28.684184029Z,1,1,42804683,T,B,0,68.000000000,1,0,21947,184445330,67.500000000,68.000000000,27,12,1,2,ESM6 P7225
2026-05-18T14:00:34.480788455Z,2026-05-18T14:00:32.388545279Z,1,1,42696853,T,B,0,48.500000000,6,0,11454,184486695,48.250000000,48.500000000,27,6,1,1,ESM6 C7625
2026-05-18T14:00:41.122815793Z,2026-05-18T14:00:38.986537611Z,1,1,2514223,T,B,0,19.700000000,63,0,12131,59211131,19.600000000,19.700000000,1147,63,3,1,UD:1V: VT 2514223
2026-05-18T14:00:45.904275223Z,2026-05-18T14:00:45.117908719Z,1,1,42696853,T,A,0,48.500000000,6,0,16263,184658164,48.500000000,48.750000000,6,7,1,1,ESM6 C7625
2026-05-18T14:00:46.528521065Z,2026-05-18T14:00:45.904278767Z,1,1,42696853,T,B,0,48.500000000,1,0,18640,184668241,48.250000000,48.500000000,81,1,3,1,ESM6 C7625
2026-05-18T14:00:51.843289280Z,2026-05-18T14:00:51.282721621Z,1,1,42384731,T,A,0,84.500000000,4,0,14122,184754008,84.500000000,84.750000000,6,28,1,2,ESM6 P7300
2026-05-18T14:00:51.862596548Z,2026-05-18T14:00:51.282868163Z,1,1,42378374,T,A,0,62.500000000,3,0,16852,184754176,62.500000000,63.000000000,75,105,4,7,ESM6 P7200
2026-05-18T14:00:52.594257689Z,2026-05-18T14:00:51.810733383Z,1,1,42378374,T,A,0,62.500000000,6,0,18223,184764325,62.500000000,62.750000000,6,27,1,1,ESM6 P7200
2026-05-18T14:00:55.407637744Z,2026-05-18T14:00:54.913643977Z,1,1,42696853,T,B,0,48.750000000,4,0,12867,184809679,48.500000000,48.750000000,57,7,4,1,ESM6 C7625
2026-05-18T14:00:55.408468831Z,2026-05-18T14:00:54.913652887Z,1,1,42696853,T,B,0,48.750000000,3,0,12800,184809681,48.500000000,48.750000000,57,3,4,1,ESM6 C7625
2026-05-18T14:00:59.802484431Z,2026-05-18T14:00:59.399447963Z,1,1,42836582,T,B,0,6.500000000,7,0,12791,184883816,6.400000000,6.500000000,198,7,3,1,ESM6 P6175
2026-05-18T14:01:10.609044486Z,2026-05-18T14:01:09.681571375Z,1,1,42404374,T,A,0,35.250000000,36,0,11234,185050499,35.250000000,35.500000000,74,57,2,3,ESM6 P7000
2026-05-18T14:01:15.635560476Z,2026-05-18T14:01:14.559489039Z,1,1,42645052,T,B,0,63.750000000,10,0,13058,185129659,63.250000000,63.750000000,44,10,3,1,ESU6 C8050
2026-05-18T14:01:36.824988100Z,2026-05-18T14:01:36.708902623Z,1,1,42836583,T,B,0,7.000000000,6,0,17300,185457749,6.900000000,7.000000000,308,6,3,1,ESM6 P6225
2026-05-18T14:01:37.434396344Z,2026-05-18T14:01:37.241950703Z,1,1,42611781,T,A,0,75.250000000,2,0,14442,185468724,75.250000000,75.750000000,4,56,1,5,ESM6 C7550
2026-05-18T14:01:37.442972442Z,2026-05-18T14:01:37.242117747Z,1,1,42611781,T,A,0,75.250000000,1,0,16106,185468840,75.250000000,75.750000000,2,56,1,5,ESM6 C7550
2026-05-18T14:01:37.453564006Z,2026-05-18T14:01:37.242311811Z,1,1,42611781,T,A,0,75.250000000,1,0,18328,185468962,75.250000000,75.750000000,1,56,1,5,ESM6 C7550
2026-05-18T14:01:38.164128407Z,2026-05-18T14:01:37.778647311Z,1,1,42394761,T,B,0,7.300000000,6,0,12349,185481517,7.200000000,7.300000000,215,6,3,1,ESM6 P6250
2026-05-18T14:02:12.723402662Z,2026-05-18T14:02:10.093037881Z,1,1,2622256,T,B,0,15.100000000,1,0,14288,59914042,15.000000000,15.100000000,25,84,1,2,UD:1V: VT 2622256
2026-05-18T14:02:12.901175673Z,2026-05-18T14:02:10.229223395Z,1,1,2622256,T,B,0,15.100000000,1,0,14641,59915355,15.000000000,15.100000000,25,24,1,1,UD:1V: VT 2622256
2026-05-18T14:02:12.916901441Z,2026-05-18T14:02:10.229617169Z,1,1,2622256,T,B,0,15.100000000,1,0,21044,59915435,15.000000000,15.100000000,25,23,1,1,UD:1V: VT 2622256
2026-05-18T14:02:12.919346664Z,2026-05-18T14:02:10.229719297Z,1,1,2622256,T,B,0,15.100000000,1,0,13817,59915452,15.000000000,15.100000000,25,22,1,1,UD:1V: VT 2622256
2026-05-18T14:02:20.092100758Z,2026-05-18T14:02:18.710992341Z,1,1,2666430,T,B,0,96.750000000,1,0,17562,59977497,96.500000000,96.750000000,92,1,2,1,UD:1V: VT 2666430
2026-05-18T14:02:43.545957289Z,2026-05-18T14:02:42.447436071Z,1,1,42990302,T,B,0,7.800000000,4,0,19263,186503176,7.700000000,7.800000000,205,25,2,1,ESM6 P6280
2026-05-18T14:02:45.372249961Z,2026-05-18T14:02:44.456435217Z,1,1,42760605,T,B,0,10.900000000,3,0,13548,186534183,10.800000000,10.900000000,134,3,2,1,ESM6 P6475
2026-05-18T14:02:46.143932774Z,2026-05-18T14:02:45.247023487Z,1,1,42883306,T,A,0,52.000000000,17,0,16247,186548177,52.000000000,52.500000000,63,70,2,5,ESM6 P7125
2026-05-18T14:02:49.703775447Z,2026-05-18T14:02:49.569670221Z,1,1,42396832,T,A,0,94.500000000,7,0,12844,186617767,94.500000000,94.750000000,7,70,1,3,ESU6 P6650
2026-05-18T14:02:51.577984941Z,2026-05-18T14:02:51.034339525Z,1,1,42378374,T,A,0,64.500000000,4,0,13642,186641978,64.500000000,65.000000000,4,139,1,10,ESM6 P7200
2026-05-18T14:02:52.184610935Z,2026-05-18T14:02:51.744780195Z,1,1,42377530,T,A,0,112.500000000,7,0,13888,186654486,112.500000000,113.000000000,7,74,1,5,ESU6 P6800
2026-05-18T14:02:54.557485836Z,2026-05-18T14:02:54.556712001Z,1,1,42429362,T,A,0,127.000000000,7,0,14068,186695559,127.000000000,127.500000000,7,87,1,6,ESU6 P6900
2026-05-18T14:02:56.776642489Z,2026-05-18T14:02:56.667209577Z,1,1,42598890,T,A,0,150.000000000,7,0,12943,186732109,150.000000000,150.500000000,7,97,1,6,ESU6 C7750
2026-05-18T14:02:59.171810102Z,2026-05-18T14:02:58.593301025Z,1,1,42604671,T,A,0,193.500000000,7,0,16130,186774166,193.500000000,194.000000000,7,66,1,5,ESU6 C7650
2026-05-18T14:03:04.038533646Z,2026-05-18T14:03:03.459410585Z,1,1,42760607,T,A,0,34.000000000,2,0,11182,186857658,34.000000000,34.500000000,6,163,1,7,ESM6 P6975
2026-05-18T14:03:04.054105226Z,2026-05-18T14:03:03.459434149Z,1,1,42760607,T,A,0,34.000000000,1,0,12143,186857940,34.000000000,34.500000000,4,163,1,7,ESM6 P6975
2026-05-18T14:03:04.168135172Z,2026-05-18T14:03:03.483160021Z,1,1,42760607,T,A,0,34.000000000,1,0,14330,186859977,34.000000000,34.500000000,3,163,1,7,ESM6 P6975
2026-05-18T14:03:05.726926548Z,2026-05-18T14:03:04.786420319Z,1,1,42377577,T,A,0,131.000000000,7,0,14081,186888831,131.000000000,131.500000000,7,47,1,4,ESU6 C7800
2026-05-18T14:03:08.899015317Z,2026-05-18T14:03:08.230184411Z,1,1,2907534,T,A,0,3.750000000,6,0,18348,60386872,3.750000000,3.850000000,6,166,1,4,UD:1V: VT 2907534
2026-05-18T14:03:09.359309590Z,2026-05-18T14:03:08.977829589Z,1,1,42441336,T,A,0,244.500000000,1,0,15293,186955976,244.500000000,245.000000000,7,52,1,4,ESU6 C7550
2026-05-18T14:03:09.359753751Z,2026-05-18T14:03:08.977829767Z,1,1,42441336,T,A,0,244.500000000,6,0,20979,186955978,244.500000000,245.000000000,6,52,1,4,ESU6 C7550
2026-05-18T14:03:15.817534185Z,2026-05-18T14:03:15.215452879Z,1,1,42487843,T,A,0,55.500000000,1,0,13327,187073222,55.500000000,56.000000000,6,52,1,6,ESM6 P7150
2026-05-18T14:03:15.818661187Z,2026-05-18T14:03:15.215487171Z,1,1,42487843,T,A,0,55.500000000,1,0,12717,187073242,55.500000000,56.000000000,5,52,1,6,ESM6 P7150
2026-05-18T14:03:15.827883964Z,2026-05-18T14:03:15.215529337Z,1,1,42487843,T,A,0,55.500000000,1,0,11678,187073376,55.500000000,56.000000000,4,52,1,6,ESM6 P7150
2026-05-18T14:03:15.831233499Z,2026-05-18T14:03:15.215638513Z,1,1,42487843,T,A,0,55.500000000,1,0,10950,187073499,55.500000000,56.000000000,3,52,1,6,ESM6 P7150
2026-05-18T14:03:19.534535723Z,2026-05-18T14:03:19.492504869Z,1,1,42450434,T,A,0,173.500000000,7,0,14397,187149280,173.500000000,174.000000000,7,55,1,3,ESU6 P7150
2026-05-18T14:03:20.892834317Z,2026-05-18T14:03:20.823600433Z,1,1,42377530,T,A,0,112.500000000,7,0,20303,187170130,112.500000000,113.000000000,7,141,1,6,ESU6 P6800
2026-05-18T14:03:22.909544622Z,2026-05-18T14:03:22.908670815Z,1,1,42413515,T,A,0,273.000000000,4,0,13860,187202071,273.000000000,273.500000000,7,26,1,3,ESU6 C7500
2026-05-18T14:03:23.327103416Z,2026-05-18T14:03:23.296517455Z,1,1,42441336,T,A,0,245.000000000,7,0,22226,187205365,245.000000000,245.500000000,7,75,1,5,ESU6 C7550
2026-05-18T14:03:24.259885707Z,2026-05-18T14:03:24.175199935Z,1,1,42413515,T,A,0,273.000000000,7,0,16908,187219261,273.000000000,273.500000000,7,24,1,2,ESU6 C7500
2026-05-18T14:03:26.907089514Z,2026-05-18T14:03:26.764999137Z,1,1,42396832,T,A,0,94.250000000,7,0,22755,187266797,94.250000000,94.500000000,7,45,1,2,ESU6 P6650
2026-05-18T14:03:28.722931631Z,2026-05-18T14:03:28.536727103Z,1,1,42804681,T,B,0,13.100000000,6,0,15256,187303274,13.000000000,13.100000000,146,6,3,1,ESM6 P6575
2026-05-18T14:03:30.100668308Z,2026-05-18T14:03:30.026968605Z,1,1,42429372,T,A,0,171.500000000,3,0,13219,187331701,171.500000000,172.000000000,3,54,1,4,ESU6 C7700
2026-05-18T14:03:31.216194806Z,2026-05-18T14:03:31.215517293Z,1,1,42429372,T,A,0,171.500000000,3,0,14536,187350326,171.500000000,172.000000000,3,49,1,3,ESU6 C7700
2026-05-18T14:03:31.747442333Z,2026-05-18T14:03:31.746642159Z,1,1,42611024,T,A,0,406.500000000,3,0,11662,187359096,406.500000000,407.000000000,3,3,1,1,ESU6 P7750
2026-05-18T14:03:32.350032572Z,2026-05-18T14:03:32.334969567Z,1,1,42611024,T,A,0,406.500000000,1,0,23612,187366265,406.500000000,407.000000000,3,31,1,1,ESU6 P7750
2026-05-18T14:03:32.383906990Z,2026-05-18T14:03:32.338346323Z,1,1,42396832,T,A,0,94.250000000,3,0,27972,187366869,94.250000000,94.500000000,3,76,1,3,ESU6 P6650
2026-05-18T14:03:32.938428472Z,2026-05-18T14:03:32.928054931Z,1,1,42397652,T,A,0,219.000000000,3,0,14015,187375672,219.000000000,219.500000000,3,76,1,5,ESU6 C7600
2026-05-18T14:03:33.629622941Z,2026-05-18T14:03:33.576201711Z,1,1,42441336,T,A,0,245.500000000,3,0,14357,187385918,245.500000000,246.000000000,3,59,1,5,ESU6 C7550
2026-05-18T14:03:38.010703546Z,2026-05-18T14:03:37.799517157Z,1,1,42598890,T,A,0,151.000000000,3,0,16880,187458974,151.000000000,151.500000000,3,109,1,6,ESU6 C7750
2026-05-18T14:03:38.477933569Z,2026-05-18T14:03:38.351709467Z,1,1,42510079,T,A,0,184.500000000,2,0,11405,187468920,184.500000000,185.000000000,2,10,1,2,ESM6 C7350
2026-05-18T14:03:38.776351995Z,2026-05-18T14:03:38.703132507Z,1,1,42396832,T,A,0,94.250000000,3,0,13802,187475926,94.250000000,94.500000000,3,97,1,4,ESU6 P6650
2026-05-18T14:03:39.899031279Z,2026-05-18T14:03:39.505120225Z,1,1,42441336,T,A,0,245.000000000,3,0,18563,187495125,245.000000000,245.500000000,3,10,1,1,ESU6 C7550
2026-05-18T14:03:43.653301974Z,2026-05-18T14:03:43.151565889Z,1,1,42506289,T,A,0,75.250000000,3,0,13101,187569094,75.250000000,75.500000000,3,129,1,3,ESU6 P6450
2026-05-18T14:03:44.183605238Z,2026-05-18T14:03:44.182948307Z,1,1,42396832,T,A,0,94.500000000,3,0,14168,187580887,94.500000000,94.750000000,3,215,1,5,ESU6 P6650
2026-05-18T14:03:44.714063714Z,2026-05-18T14:03:44.713398049Z,1,1,42429372,T,A,0,171.000000000,3,0,16386,187587192,171.000000000,171.500000000,3,56,1,4,ESU6 C7700
2026-05-18T14:03:46.007710059Z,2026-05-18T14:03:45.356860931Z,1,1,42598890,T,B,0,150.000000000,3,0,15914,187606699,149.000000000,150.000000000,58,5,2,1,ESU6 C7750
2026-05-18T14:03:48.165101990Z,2026-05-18T14:03:47.637461015Z,1,1,42441336,T,A,0,244.000000000,3,0,17600,187640141,244.000000000,244.500000000,3,85,1,5,ESU6 C7550
2026-05-18T14:03:50.928245140Z,2026-05-18T14:03:50.289098211Z,1,1,42377577,T,A,0,130.500000000,3,0,13121,187692179,130.500000000,131.000000000,3,46,1,5,ESU6 C7800
2026-05-18T14:03:53.326230604Z,2026-05-18T14:03:52.869542671Z,1,1,42611024,T,A,0,409.500000000,3,0,16389,187736965,409.500000000,410.000000000,3,23,1,3,ESU6 P7750
2026-05-18T14:03:56.472167811Z,2026-05-18T14:03:56.218688463Z,1,1,42429362,T,A,0,127.500000000,3,0,13601,187799341,127.500000000,128.000000000,3,129,1,6,ESU6 P6900
2026-05-18T14:03:57.789134223Z,2026-05-18T14:03:57.355582667Z,1,1,42760626,T,A,0,30.000000000,6,0,11400,187818256,30.000000000,30.250000000,6,4,1,1,ESM6 P6925
2026-05-18T14:03:57.852844996Z,2026-05-18T14:03:57.381245127Z,1,1,42506289,T,A,0,75.500000000,3,0,18956,187819475,75.500000000,75.750000000,3,162,1,4,ESU6 P6450
2026-05-18T14:03:58.984374292Z,2026-05-18T14:03:58.725283693Z,1,1,42413515,T,A,0,271.500000000,3,0,11213,187842826,271.500000000,272.000000000,3,15,1,3,ESU6 C7500
2026-05-18T14:03:59.060305682Z,2026-05-18T14:03:58.856159815Z,1,1,2669011,T,A,0,2.450000000,6,0,13498,60798973,2.450000000,2.500000000,6,148,1,2,UD:1V: VT 2669011
2026-05-18T14:03:59.515739179Z,2026-05-18T14:03:59.514539473Z,1,1,42506289,T,A,0,75.500000000,3,0,14441,187852379,75.500000000,75.750000000,3,163,1,4,ESU6 P6450
2026-05-18T14:04:00.329891535Z,2026-05-18T14:04:00.118135537Z,1,1,42506289,T,A,0,75.500000000,3,0,19499,187865419,75.500000000,75.750000000,3,163,1,4,ESU6 P6450
2026-05-18T14:04:00.931829268Z,2026-05-18T14:04:00.891795695Z,1,1,42441336,T,A,0,243.500000000,7,0,16868,187878980,243.500000000,244.000000000,7,28,1,2,ESU6 C7550
2026-05-18T14:04:02.804356481Z,2026-05-18T14:04:02.355537083Z,1,1,42396832,T,A,0,94.750000000,7,0,11263,187913124,94.750000000,95.000000000,7,12,1,1,ESU6 P6650
2026-05-18T14:04:03.016227820Z,2026-05-18T14:04:02.829543809Z,1,1,42902241,T,B,0,107.000000000,25,0,11475,187921513,106.500000000,107.000000000,24,25,3,1,ESM6 C7475
2026-05-18T14:04:06.651708831Z,2026-05-18T14:04:06.299988949Z,1,1,42471229,T,A,0,302.000000000,7,0,17635,187989098,302.000000000,302.500000000,7,30,1,3,ESU6 C7450
2026-05-18T14:04:08.587686195Z,2026-05-18T14:04:08.193032977Z,1,1,42399646,T,B,0,27.500000000,1,0,14030,188021700,27.250000000,27.500000000,102,1,7,1,ESM6 C7700
2026-05-18T14:04:08.611651769Z,2026-05-18T14:04:08.269482719Z,1,1,42429372,T,A,0,170.500000000,7,0,13016,188022287,170.500000000,171.000000000,7,37,1,3,ESU6 C7700
2026-05-18T14:04:10.392233071Z,2026-05-18T14:04:10.334122009Z,1,1,42471229,T,A,0,302.000000000,7,0,14757,188059667,302.000000000,302.500000000,7,75,1,4,ESU6 C7450
2026-05-18T14:04:10.933444494Z,2026-05-18T14:04:10.932641875Z,1,1,42377577,T,A,0,131.000000000,7,0,11535,188070342,131.000000000,131.500000000,7,67,1,5,ESU6 C7800
2026-05-18T14:04:11.729670729Z,2026-05-18T14:04:11.676823779Z,1,1,42472882,T,A,0,379.500000000,7,0,14682,188077545,379.500000000,380.000000000,7,21,1,3,ESU6 P7700
2026-05-18T14:04:12.701536571Z,2026-05-18T14:04:12.585260927Z,1,1,42506302,T,A,0,283.000000000,7,0,14473,188097966,283.000000000,283.500000000,7,52,1,4,ESU6 P7500
2026-05-18T14:04:15.033355091Z,2026-05-18T14:04:14.967396165Z,1,1,42429362,T,A,0,127.000000000,7,0,12959,188140241,127.000000000,127.500000000,7,77,1,5,ESU6 P6900
2026-05-18T14:04:16.901047775Z,2026-05-18T14:04:16.823603119Z,1,1,42611024,T,A,0,408.500000000,7,0,14854,188176518,408.500000000,409.000000000,7,25,1,5,ESU6 P7750
2026-05-18T14:04:17.618482694Z,2026-05-18T14:04:17.553592275Z,1,1,42611024,T,A,0,408.500000000,7,0,14986,188184614,408.500000000,409.000000000,7,10,1,3,ESU6 P7750
2026-05-18T14:04:18.149884297Z,2026-05-18T14:04:18.149280751Z,1,1,42472882,T,A,0,379.500000000,7,0,14576,188192744,379.500000000,380.000000000,7,35,1,2,ESU6 P7700
2026-05-18T14:04:22.186758120Z,2026-05-18T14:04:20.819507393Z,1,1,42487843,T,A,0,56.000000000,2,0,11474,188247326,56.000000000,56.500000000,6,81,1,6,ESM6 P7150
2026-05-18T14:04:24.604734302Z,2026-05-18T14:04:23.033523409Z,1,1,42377577,T,A,0,131.000000000,7,0,18124,188284198,131.000000000,131.500000000,7,58,1,4,ESU6 C7800
2026-05-18T14:04:27.817620721Z,2026-05-18T14:04:27.000345841Z,1,1,42413572,T,A,0,438.500000000,7,0,13943,188335662,438.500000000,439.500000000,7,18,1,3,ESU6 P7800
2026-05-18T14:04:33.947452846Z,2026-05-18T14:04:32.329700975Z,1,1,42441344,T,A,0,305.000000000,2,0,21402,188425289,305.000000000,305.500000000,7,34,1,5,ESU6 P7550
2026-05-18T14:04:34.084304663Z,2026-05-18T14:04:32.448489143Z,1,1,42441344,T,A,0,305.000000000,4,0,19312,188427417,305.000000000,305.500000000,5,32,1,4,ESU6 P7550
2026-05-18T14:04:36.436661949Z,2026-05-18T14:04:35.441494893Z,1,1,42441336,T,A,0,244.500000000,3,0,25241,188467237,244.500000000,245.000000000,5,30,1,3,ESU6 C7550
2026-05-18T14:04:36.514925985Z,2026-05-18T14:04:35.501457023Z,1,1,42441336,T,A,0,244.500000000,2,0,19250,188468530,244.500000000,245.000000000,2,27,1,2,ESU6 C7550
2026-05-18T14:04:38.296137413Z,2026-05-18T14:04:38.049044157Z,1,1,42465600,T,A,0,263.500000000,5,0,11532,188499045,263.500000000,264.000000000,5,100,1,6,ESU6 P7450
2026-05-18T14:04:39.929508958Z,2026-05-18T14:04:39.477870203Z,1,1,42429284,T,A,0,89.250000000,5,0,12123,188525992,89.250000000,89.500000000,5,59,1,2,ESU6 P6600
2026-05-18T14:04:41.197202315Z,2026-05-18T14:04:40.721077803Z,1,1,42399646,T,B,0,28.000000000,2,0,11786,188547071,27.500000000,28.000000000,246,20,10,3,ESM6 C7700
2026-05-18T14:04:41.558138334Z,2026-05-18T14:04:40.937585313Z,1,1,42396832,T,A,0,94.500000000,5,0,13876,188552703,94.500000000,94.750000000,5,70,1,3,ESU6 P6650
2026-05-18T14:04:44.204703091Z,2026-05-18T14:04:43.614569295Z,1,1,42472882,T,A,0,379.500000000,5,0,15441,188594369,379.500000000,380.000000000,5,27,1,4,ESU6 P7700
2026-05-18T14:04:45.977315455Z,2026-05-18T14:04:45.500461413Z,1,1,42611024,T,A,0,408.500000000,5,0,13665,188620400,408.500000000,409.000000000,5,23,1,3,ESU6 P7750
2026-05-18T14:04:47.244169373Z,2026-05-18T14:04:46.859428831Z,1,1,42429372,T,A,0,171.000000000,4,0,20587,188641546,171.000000000,171.500000000,5,103,1,8,ESU6 C7700
2026-05-18T14:04:47.329320171Z,2026-05-18T14:04:46.974747665Z,1,1,42441336,T,A,0,244.500000000,5,0,14036,188643252,244.500000000,245.000000000,5,71,1,5,ESU6 C7550
2026-05-18T14:04:48.956567254Z,2026-05-18T14:04:48.415405291Z,1,1,42441344,T,A,0,304.500000000,5,0,12726,188670696,304.500000000,305.000000000,5,4,1,1,ESU6 P7550
2026-05-18T14:04:50.004860900Z,2026-05-18T14:04:49.737252345Z,1,1,42404374,T,B,0,36.750000000,2,0,15887,188688682,36.250000000,36.750000000,156,2,8,1,ESM6 P7000
2026-05-18T14:04:50.487290263Z,2026-05-18T14:04:50.395104765Z,1,1,42404374,T,B,0,36.750000000,2,0,15425,188697455,36.250000000,36.750000000,156,2,8,1,ESM6 P7000
2026-05-18T14:04:54.996242367Z,2026-05-18T14:04:54.530639693Z,1,1,42404374,T,A,0,36.500000000,4,0,13757,188759260,36.500000000,36.750000000,7,47,1,4,ESM6 P7000
2026-05-18T14:04:54.996418020Z,2026-05-18T14:04:54.530647449Z,1,1,42404374,T,A,0,36.500000000,1,0,12875,188759268,36.500000000,36.750000000,3,47,1,4,ESM6 P7000
2026-05-18T14:04:55.010189310Z,2026-05-18T14:04:54.530940429Z,1,1,42404374,T,A,0,36.500000000,2,0,12661,188759508,36.500000000,36.750000000,2,47,1,4,ESM6 P7000
2026-05-18T14:05:03.997502535Z,2026-05-18T14:05:02.499447331Z,1,1,42560128,T,B,0,83.750000000,19,0,17308,188894311,83.500000000,83.750000000,32,25,3,1,ESM6 C7525
2026-05-18T14:05:04.016781771Z,2026-05-18T14:05:02.499669849Z,1,1,42560128,T,B,0,83.750000000,6,0,19231,188894648,83.500000000,83.750000000,13,6,2,1,ESM6 C7525
2026-05-18T14:05:04.142400535Z,2026-05-18T14:05:02.551397767Z,1,1,42378374,T,A,0,64.500000000,12,0,14187,188896739,64.500000000,64.750000000,25,10,1,2,ESM6 P7200
2026-05-18T14:05:04.151737395Z,2026-05-18T14:05:02.552825899Z,1,1,42378374,T,A,0,64.500000000,4,0,13463,188896870,64.500000000,64.750000000,13,10,1,2,ESM6 P7200
2026-05-18T14:05:04.155619356Z,2026-05-18T14:05:02.552846443Z,1,1,42378374,T,A,0,64.500000000,5,0,13320,188896928,64.500000000,64.750000000,9,10,1,2,ESM6 P7200
2026-05-18T14:05:04.195724787Z,2026-05-18T14:05:02.571384963Z,1,1,42378374,T,A,0,64.500000000,4,0,11316,188897613,64.500000000,64.750000000,4,10,1,2,ESM6 P7200
2026-05-18T14:05:11.263267636Z,2026-05-18T14:05:09.419200879Z,1,1,42378374,T,A,0,64.500000000,6,0,11536,189002342,64.500000000,64.750000000,25,21,1,2,ESM6 P7200
2026-05-18T14:05:11.263712419Z,2026-05-18T14:05:09.419213541Z,1,1,42378374,T,A,0,64.500000000,10,0,15826,189002358,64.500000000,64.750000000,19,21,1,2,ESM6 P7200
2026-05-18T14:05:11.265566006Z,2026-05-18T14:05:09.419234047Z,1,1,42378374,T,A,0,64.500000000,1,0,11299,189002391,64.500000000,64.750000000,9,21,1,2,ESM6 P7200
2026-05-18T14:05:11.271274003Z,2026-05-18T14:05:09.419289973Z,1,1,42378374,T,A,0,64.500000000,1,0,14431,189002497,64.500000000,64.750000000,8,21,1,2,ESM6 P7200
2026-05-18T14:05:11.543855684Z,2026-05-18T14:05:09.450123165Z,1,1,42378374,T,A,0,64.500000000,7,0,13265,189007380,64.500000000,64.750000000,7,13,1,1,ESM6 P7200
2026-05-18T14:05:11.549026398Z,2026-05-18T14:05:09.450223599Z,1,1,42378374,T,A,0,64.500000000,2,0,11235,189007541,64.500000000,64.750000000,25,13,1,1,ESM6 P7200
2026-05-18T14:05:11.551686170Z,2026-05-18T14:05:09.450505213Z,1,1,42378374,T,A,0,64.500000000,4,0,12775,189007641,64.500000000,64.750000000,23,13,1,1,ESM6 P7200
2026-05-18T14:05:12.088843308Z,2026-05-18T14:05:10.309355565Z,1,1,42378374,T,A,0,64.500000000,5,0,18192,189017998,64.500000000,64.750000000,19,23,1,3,ESM6 P7200
2026-05-18T14:05:12.175250297Z,2026-05-18T14:05:10.450350857Z,1,1,42378374,T,A,0,64.500000000,75,0,14182,189019495,64.500000000,64.750000000,14,37,1,5,ESM6 P7200
2026-05-18T14:05:12.676793684Z,2026-05-18T14:05:11.272358659Z,1,1,42378374,T,A,0,64.500000000,14,0,16322,189028265,64.500000000,64.750000000,14,58,1,6,ESM6 P7200
2026-05-18T14:05:20.911072269Z,2026-05-18T14:05:19.968537869Z,1,1,42366513,T,A,0,118.000000000,3,0,12659,189174132,118.000000000,118.500000000,3,17,1,1,ESM6 P7400
2026-05-18T14:05:20.920199376Z,2026-05-18T14:05:19.988851815Z,1,1,42366513,T,B,0,118.000000000,6,0,13143,189174503,117.500000000,118.000000000,90,10,5,1,ESM6 P7400
2026-05-18T14:05:21.045076033Z,2026-05-18T14:05:20.034336595Z,1,1,42366513,T,B,0,118.000000000,2,0,16073,189176990,117.500000000,118.000000000,78,4,3,1,ESM6 P7400
2026-05-18T14:05:21.122206521Z,2026-05-18T14:05:20.151187983Z,1,1,42366513,T,B,0,118.000000000,6,0,13328,189178655,117.500000000,118.000000000,78,2,3,1,ESM6 P7400
2026-05-18T14:05:21.141411282Z,2026-05-18T14:05:20.173676089Z,1,1,42902242,T,B,0,149.500000000,6,0,18038,189178945,149.000000000,149.500000000,60,3,3,1,ESM6 P7475
2026-05-18T14:05:21.531341348Z,2026-05-18T14:05:20.763212125Z,1,1,42366513,T,B,0,118.000000000,8,0,14135,189186718,117.500000000,118.000000000,78,8,3,1,ESM6 P7400
2026-05-18T14:05:27.732654139Z,2026-05-18T14:05:26.961038315Z,1,1,42378374,T,A,0,64.000000000,1,0,12837,189305792,64.000000000,64.250000000,11,56,3,3,ESM6 P7200
2026-05-18T14:05:28.604514358Z,2026-05-18T14:05:27.689344785Z,1,1,42378374,T,A,0,64.000000000,3,0,12501,189320365,64.000000000,64.250000000,6,31,1,3,ESM6 P7200
2026-05-18T14:05:33.653572879Z,2026-05-18T14:05:32.759751163Z,1,1,2550781,T,B,0,8.600000000,6,0,14497,61552986,8.400000000,8.600000000,505,6,6,1,UD:1V: BO 2550781
2026-05-18T14:05:44.164127373Z,2026-05-18T14:05:42.594828065Z,1,1,42404366,T,B,0,13.000000000,1,0,14493,189597168,12.800000000,13.000000000,28,1,1,1,ESM6 C7800
2026-05-18T14:05:51.556718894Z,2026-05-18T14:05:49.897074011Z,1,1,42404366,T,B,0,13.000000000,1,0,26457,189714872,12.900000000,13.000000000,2,1,1,1,ESM6 C7800
2026-05-18T14:05:54.580487633Z,2026-05-18T14:05:53.247761785Z,1,1,2668989,T,A,0,26.500000000,6,0,11495,61735389,26.500000000,27.000000000,6,6,1,1,UD:1V: VT 2668989
2026-05-18T14:05:55.199769339Z,2026-05-18T14:05:53.364123143Z,1,1,42404366,T,A,0,13.000000000,2,0,18522,189779054,13.000000000,13.800000000,20,204,1,1,ESM6 C7800
2026-05-18T14:05:55.244227134Z,2026-05-18T14:05:53.387734763Z,1,1,42404366,T,A,0,13.000000000,18,0,13629,189780080,13.000000000,13.800000000,18,204,1,1,ESM6 C7800
2026-05-18T14:05:55.360730782Z,2026-05-18T14:05:53.429958381Z,1,1,42804683,T,B,0,71.000000000,5,0,24593,189782038,69.250000000,71.000000000,71,5,1,1,ESM6 P7225
2026-05-18T14:05:56.307244331Z,2026-05-18T14:05:53.947323485Z,1,1,42384729,T,A,0,5.300000000,1,0,12998,189794962,5.300000000,5.600000000,6,122,1,2,ESM6 C7900
2026-05-18T14:06:10.785194369Z,2026-05-18T14:06:09.591724061Z,1,1,42871623,T,B,0,62.750000000,23,0,22366,190005798,62.500000000,62.750000000,29,25,2,1,ESM6 C7575
2026-05-18T14:06:44.099251072Z,2026-05-18T14:06:43.748077761Z,1,1,2622256,T,B,0,15.100000000,25,0,20354,62174498,15.000000000,15.100000000,1315,25,10,1,UD:1V: VT 2622256
2026-05-18T14:06:56.282510515Z,2026-05-18T14:06:55.807778209Z,1,1,42439381,T,B,0,38.750000000,6,0,17266,190775936,38.250000000,38.750000000,153,6,4,1,ESU6 C8200
2026-05-18T14:06:59.032702289Z,2026-05-18T14:06:58.587529453Z,1,1,42366511,T,A,0,56.250000000,5,0,14477,190822249,56.250000000,56.750000000,13,90,3,6,ESM6 C7600
2026-05-18T14:06:59.050555345Z,2026-05-18T14:06:58.587578007Z,1,1,42366513,T,A,0,115.500000000,2,0,12862,190822647,115.500000000,116.000000000,2,24,1,4,ESM6 P7400
2026-05-18T14:06:59.061138967Z,2026-05-18T14:06:58.587657205Z,1,1,42366511,T,A,0,56.250000000,8,0,11400,190822851,56.250000000,56.750000000,8,84,1,4,ESM6 C7600
2026-05-18T14:06:59.067623468Z,2026-05-18T14:06:58.598988787Z,1,1,42366511,T,B,0,56.250000000,6,0,11246,190823071,56.000000000,56.250000000,92,7,6,1,ESM6 C7600
2026-05-18T14:06:59.456740734Z,2026-05-18T14:06:58.925223131Z,1,1,42366511,T,B,0,56.250000000,18,0,14641,190830278,56.000000000,56.250000000,86,1,5,1,ESM6 C7600
2026-05-18T14:06:59.520191995Z,2026-05-18T14:06:59.010772829Z,1,1,42366511,T,B,0,56.250000000,6,0,18589,190831394,56.000000000,56.250000000,91,13,4,1,ESM6 C7600
2026-05-18T14:06:59.524225376Z,2026-05-18T14:06:59.019599395Z,1,1,42366511,T,B,0,56.250000000,12,0,11449,190831489,56.000000000,56.250000000,85,7,3,1,ESM6 C7600
2026-05-18T14:06:59.524879814Z,2026-05-18T14:06:59.026624519Z,1,1,2511983,T,B,0,260.000000000,4,0,17920,62291014,259.500000000,260.000000000,10,15,2,1,UD:1V: ST 2511983
2026-05-18T14:07:02.813608452Z,2026-05-18T14:07:02.152481239Z,1,1,42404366,T,B,0,13.600000000,2,0,19264,190894530,13.400000000,13.600000000,99,2,3,1,ESM6 C7800
2026-05-18T14:07:10.025130683Z,2026-05-18T14:07:10.013806451Z,1,1,42627610,T,B,0,41.000000000,3,0,14875,191019552,40.750000000,41.000000000,211,3,8,1,ESM6 C7650
2026-05-18T14:07:10.157601291Z,2026-05-18T14:07:10.128883011Z,1,1,42738868,T,B,0,34.750000000,3,0,17907,191021963,34.500000000,34.750000000,104,3,3,1,ESM6 C7675
2026-05-18T14:07:10.737549402Z,2026-05-18T14:07:10.698102769Z,1,1,42399646,T,B,0,29.250000000,18,0,18722,191028787,29.000000000,29.250000000,56,32,2,2,ESM6 C7700
2026-05-18T14:07:14.786919734Z,2026-05-18T14:07:14.786455171Z,1,1,42516900,T,B,0,98.750000000,8,0,16641,191089959,98.250000000,98.750000000,58,19,8,1,ESM6 P7350
2026-05-18T14:07:24.539266658Z,2026-05-18T14:07:24.303939383Z,1,1,42836585,T,A,0,58.500000000,30,0,24432,191255264,58.500000000,59.000000000,58,28,4,1,ESM6 P7175
2026-05-18T14:07:24.561507011Z,2026-05-18T14:07:24.303941323Z,1,1,42783706,T,A,0,79.000000000,8,0,14915,191255684,79.000000000,79.500000000,8,24,2,1,ESM6 P7275
2026-05-18T14:07:24.587063611Z,2026-05-18T14:07:24.303942933Z,1,1,42446245,T,A,0,40.750000000,26,0,11599,191256210,40.750000000,41.250000000,26,127,2,5,ESM6 P7050
2026-05-18T14:07:24.594481068Z,2026-05-18T14:07:24.303944239Z,1,1,42366523,T,A,0,47.000000000,23,0,11775,191256377,47.000000000,47.500000000,23,31,1,1,ESM6 P7100
2026-05-18T14:07:24.606034124Z,2026-05-18T14:07:24.308660561Z,1,1,42883306,T,A,0,50.500000000,14,0,14623,191256643,50.500000000,51.000000000,14,30,2,1,ESM6 P7125
2026-05-18T14:07:24.608498950Z,2026-05-18T14:07:24.308661773Z,1,1,42320751,T,A,0,73.250000000,5,0,12365,191256709,73.250000000,73.750000000,5,26,1,1,ESM6 P7250
2026-05-18T14:07:24.637197982Z,2026-05-18T14:07:24.322043273Z,1,1,42804682,T,A,0,19.800000000,4,0,11239,191257548,19.800000000,19.900000000,4,53,1,1,ESM6 P6775
2026-05-18T14:07:24.969466310Z,2026-05-18T14:07:24.594484671Z,1,1,42366523,T,B,0,47.000000000,1,0,13506,191263256,46.500000000,47.000000000,24,1,1,1,ESM6 P7100
2026-05-18T14:07:24.977164244Z,2026-05-18T14:07:24.606037715Z,1,1,42883306,T,B,0,50.500000000,1,0,12677,191263422,49.500000000,50.500000000,3,1,1,1,ESM6 P7125
2026-05-18T14:07:24.979618069Z,2026-05-18T14:07:24.608502681Z,1,1,42320751,T,B,0,73.250000000,5,0,13399,191263542,72.750000000,73.250000000,15,5,1,1,ESM6 P7250
2026-05-18T14:07:25.333358366Z,2026-05-18T14:07:24.955919009Z,1,1,42783706,T,B,0,79.000000000,2,0,12000,191270513,78.500000000,79.000000000,4,2,1,1,ESM6 P7275
2026-05-18T14:07:34.270187135Z,2026-05-18T14:07:34.267502495Z,1,1,42366511,T,B,0,56.000000000,3,0,20389,191406627,55.750000000,56.000000000,27,3,2,1,ESM6 C7600
2026-05-18T14:07:34.391473836Z,2026-05-18T14:07:34.322107011Z,1,1,42378346,T,B,0,97.750000000,2,0,13954,191408713,97.500000000,97.750000000,20,2,2,1,ESM6 C7500
2026-05-18T14:07:35.312877890Z,2026-05-18T14:07:35.285791685Z,1,1,42458400,T,B,0,54.250000000,33,0,22470,191424519,53.750000000,54.250000000,160,33,6,1,ESU6 C8100
2026-05-18T14:07:36.762073323Z,2026-05-18T14:07:36.562268105Z,1,1,42446245,T,A,0,40.000000000,2,0,18524,191452834,40.000000000,40.250000000,2,3,1,1,ESM6 P7050
2026-05-18T14:07:37.069659486Z,2026-05-18T14:07:36.958271317Z,1,1,42611781,T,B,0,75.500000000,3,0,19252,191459440,75.250000000,75.500000000,21,3,2,1,ESM6 C7550
2026-05-18T14:07:38.380202257Z,2026-05-18T14:07:38.188402813Z,1,1,42572477,T,B,0,20.250000000,2,0,21554,191485550,20.000000000,20.250000000,102,2,5,1,ESM6 C7750
2026-05-18T14:07:39.203749529Z,2026-05-18T14:07:38.829213657Z,1,1,42384725,T,B,0,156.000000000,3,0,11571,191500900,155.000000000,156.000000000,31,3,4,1,ESM6 C7400
2026-05-18T14:07:40.840875057Z,2026-05-18T14:07:40.503582739Z,1,1,2674775,T,A,0,24.500000000,63,0,18872,62632598,24.500000000,24.750000000,69,568,1,7,UD:1V: VT 2674775
2026-05-18T14:07:41.452318558Z,2026-05-18T14:07:41.102126477Z,1,1,42446245,T,B,0,39.750000000,3,0,19085,191544822,39.500000000,39.750000000,64,3,4,1,ESM6 P7050
2026-05-18T14:07:41.851900439Z,2026-05-18T14:07:41.612387383Z,1,1,42320751,T,B,0,71.500000000,3,0,11128,191551923,71.250000000,71.500000000,8,3,2,1,ESM6 P7250
2026-05-18T14:07:42.233234444Z,2026-05-18T14:07:42.067290533Z,1,1,42871623,T,B,0,66.000000000,23,0,22678,191560484,65.750000000,66.000000000,122,15,8,1,ESM6 C7575
2026-05-18T14:07:42.273262604Z,2026-05-18T14:07:42.103877939Z,1,1,2667460,T,B,0,255.000000000,15,0,14126,62646214,254.500000000,255.000000000,12,15,2,1,UD:1V: ST 2667460
2026-05-18T14:07:42.273500019Z,2026-05-18T14:07:42.103878139Z,1,1,2667460,T,B,0,255.000000000,16,0,13904,62646216,254.500000000,255.000000000,12,15,2,1,UD:1V: ST 2667460
2026-05-18T14:07:42.515626246Z,2026-05-18T14:07:42.345118729Z,1,1,42404325,T,A,0,0.400000000,1,0,13470,191566632,0.400000000,0.450000000,1,1048,1,6,ESM6 P3800
2026-05-18T14:07:47.685886834Z,2026-05-18T14:07:46.230624407Z,1,1,42384779,T,B,0,13.300000000,12,0,16419,191647930,13.200000000,13.300000000,92,20,1,1,ESM6 P6600
2026-05-18T14:07:47.698527950Z,2026-05-18T14:07:46.230638729Z,1,1,42384779,T,B,0,13.300000000,8,0,14630,191648094,13.200000000,13.300000000,92,8,1,1,ESM6 P6600
2026-05-18T14:08:01.302936516Z,2026-05-18T14:08:00.298132507Z,1,1,42899801,T,A,0,106.500000000,1,0,17249,191874751,106.500000000,107.500000000,27,27,3,3,ESM6 P7375
2026-05-18T14:08:06.153455983Z,2026-05-18T14:08:05.188362589Z,1,1,42804683,T,A,0,67.750000000,5,0,11274,191954955,67.750000000,68.000000000,5,35,1,3,ESM6 P7225
2026-05-18T14:08:09.247445842Z,2026-05-18T14:08:08.743140933Z,1,1,42399706,T,A,0,16.500000000,4,0,13502,192016752,16.500000000,16.700000000,5,6,1,1,ESM6 P6700
2026-05-18T14:08:09.301902075Z,2026-05-18T14:08:08.840026937Z,1,1,42399706,T,A,0,16.500000000,1,0,17540,192017985,16.500000000,16.700000000,1,11,1,2,ESM6 P6700
2026-05-18T14:08:14.725671473Z,2026-05-18T14:08:14.366173093Z,1,1,42404374,T,B,0,35.250000000,2,0,13245,192121331,35.000000000,35.250000000,63,22,4,2,ESM6 P7000
2026-05-18T14:08:14.742430376Z,2026-05-18T14:08:14.366415373Z,1,1,42404374,T,B,0,35.250000000,1,0,16775,192121473,35.000000000,35.250000000,63,20,4,2,ESM6 P7000
2026-05-18T14:08:30.971146567Z,2026-05-18T14:08:30.334575211Z,1,1,42804683,T,A,0,67.000000000,5,0,11262,192381013,67.000000000,67.250000000,5,34,1,2,ESM6 P7225
2026-05-18T14:08:34.243403001Z,2026-05-18T14:08:33.742622027Z,1,1,2669011,T,A,0,2.300000000,6,0,12961,63082690,2.300000000,2.400000000,6,6,1,1,UD:1V: VT 2669011
2026-05-18T14:08:47.368189951Z,2026-05-18T14:08:47.348726145Z,1,1,42366523,T,B,0,46.250000000,3,0,11663,192658378,46.000000000,46.250000000,56,3,2,1,ESM6 P7100
2026-05-18T14:09:00.891535367Z,2026-05-18T14:09:00.890916507Z,1,1,2514731,T,A,0,2.050000000,2,0,14654,63284837,2.050000000,2.150000000,6,796,1,7,UD:1V: VT 2514731
2026-05-18T14:09:08.640002966Z,2026-05-18T14:09:08.615634775Z,1,1,2622256,T,A,0,15.300000000,6,0,18390,63337652,15.300000000,15.400000000,6,466,1,6,UD:1V: VT 2622256
2026-05-18T14:09:14.685121351Z,2026-05-18T14:09:14.684597695Z,1,1,42899801,T,A,0,105.500000000,2,0,16990,193089633,105.500000000,106.500000000,68,156,5,11,ESM6 P7375
2026-05-18T14:09:25.413564179Z,2026-05-18T14:09:25.376824201Z,1,1,42366511,T,B,0,56.750000000,3,0,11771,193250839,56.500000000,56.750000000,68,3,5,1,ESM6 C7600
2026-05-18T14:09:25.700926814Z,2026-05-18T14:09:25.491459059Z,1,1,42899801,T,A,0,105.000000000,2,0,17268,193255686,105.000000000,106.000000000,55,134,5,10,ESM6 P7375
2026-05-18T14:09:29.595111542Z,2026-05-18T14:09:29.588658763Z,1,1,2508767,T,A,0,175.500000000,1,0,23733,63479635,175.500000000,176.000000000,1,62,1,2,UD:1V: GN 2508767
2026-05-18T14:09:50.168219317Z,2026-05-18T14:09:50.025610617Z,1,1,42378374,T,B,0,61.500000000,12,0,11708,193641663,61.250000000,61.500000000,98,25,7,1,ESM6 P7200
2026-05-18T14:09:50.170064839Z,2026-05-18T14:09:50.025642511Z,1,1,42378374,T,B,0,61.500000000,2,0,15362,193641693,61.250000000,61.500000000,98,13,7,1,ESM6 P7200
2026-05-18T14:09:50.186662262Z,2026-05-18T14:09:50.026071773Z,1,1,42378374,T,B,0,61.500000000,4,0,13591,193641966,61.250000000,61.500000000,98,11,7,1,ESM6 P7200
2026-05-18T14:09:50.204519311Z,2026-05-18T14:09:50.028488985Z,1,1,42378374,T,B,0,61.500000000,4,0,13350,193642277,61.250000000,61.500000000,98,7,7,1,ESM6 P7200
2026-05-18T14:09:50.208742900Z,2026-05-18T14:09:50.028650297Z,1,1,42378374,T,B,0,61.500000000,2,0,17337,193642365,61.250000000,61.500000000,98,3,7,1,ESM6 P7200
2026-05-18T14:09:50.223628596Z,2026-05-18T14:09:50.028819863Z,1,1,42378374,T,B,0,61.500000000,1,0,14519,193642569,61.250000000,61.500000000,98,1,7,1,ESM6 P7200
2026-05-18T14:09:59.889166228Z,2026-05-18T14:09:59.860977903Z,1,1,42378374,T,B,0,61.250000000,3,0,14281,193791289,61.000000000,61.250000000,113,3,7,1,ESM6 P7200
2026-05-18T14:10:01.478319790Z,2026-05-18T14:10:00.515170313Z,1,1,2548778,T,B,0,5.900000000,5,0,11614,63696309,5.800000000,5.900000000,542,5,5,1,UD:1V: VT 2548778
2026-05-18T14:10:01.728858473Z,2026-05-18T14:10:00.604170779Z,1,1,42366523,T,B,0,46.000000000,1,0,11178,193823027,45.750000000,46.000000000,31,1,1,1,ESM6 P7100
2026-05-18T14:10:03.470450463Z,2026-05-18T14:10:02.028597031Z,1,1,42439343,T,B,0,27.750000000,9,0,25010,193853617,27.500000000,27.750000000,288,9,5,1,ESU6 P5500
2026-05-18T14:10:08.916470595Z,2026-05-18T14:10:07.342819755Z,1,1,42760624,T,A,0,24.750000000,1,0,14372,193939727,24.750000000,25.250000000,6,291,1,10,ESM6 P6875
2026-05-18T14:10:35.592742001Z,2026-05-18T14:10:35.587552945Z,1,1,2503857,T,B,0,48.000000000,3,0,13670,63974258,47.500000000,48.000000000,219,3,7,1,UD:1V: BO 2503857
2026-05-18T14:10:39.151751794Z,2026-05-18T14:10:39.124505647Z,1,1,42404374,T,B,0,34.500000000,2,0,17923,194446279,34.250000000,34.500000000,231,3,9,1,ESM6 P7000
2026-05-18T14:10:56.730274812Z,2026-05-18T14:10:56.509791077Z,1,1,42409658,T,A,0,2.700000000,1,0,11755,194729767,2.700000000,2.750000000,1,272,1,4,ESM6 P5550
2026-05-18T14:10:59.526788283Z,2026-05-18T14:10:59.427756951Z,1,1,42899801,T,A,0,104.000000000,2,0,13959,194771795,104.000000000,104.500000000,2,58,1,7,ESM6 P7375
2026-05-18T14:11:27.601147945Z,2026-05-18T14:11:27.272524553Z,1,1,42366523,T,A,0,45.250000000,2,0,14855,195199565,45.250000000,45.500000000,5,96,1,4,ESM6 P7100
2026-05-18T14:11:27.686334262Z,2026-05-18T14:11:27.396223967Z,1,1,42366523,T,A,0,45.250000000,3,0,12747,195201017,45.250000000,45.500000000,3,101,1,5,ESM6 P7100
2026-05-18T14:11:31.789161591Z,2026-05-18T14:11:31.709753601Z,1,1,42366523,T,A,0,45.000000000,1,0,13646,195268814,45.000000000,45.250000000,1,59,1,6,ESM6 P7100
2026-05-18T14:11:45.731999415Z,2026-05-18T14:11:45.709080937Z,1,1,42366523,T,A,0,45.250000000,5,0,14700,195484271,45.250000000,45.500000000,5,139,1,8,ESM6 P7100
2026-05-18T14:12:09.975733590Z,2026-05-18T14:12:08.770224383Z,1,1,42366523,T,B,0,46.000000000,1,0,18049,195888691,45.500000000,46.000000000,27,1,2,1,ESM6 P7100
2026-05-18T14:12:24.867790945Z,2026-05-18T14:12:24.867218835Z,1,1,42536009,T,B,0,273.000000000,1,0,17656,196129854,272.000000000,273.000000000,59,26,4,1,ESH7 P6950
2026-05-18T14:12:24.873630802Z,2026-05-18T14:12:24.867220641Z,1,1,42536009,T,B,0,273.000000000,25,0,13894,196129856,272.000000000,273.000000000,59,25,4,1,ESH7 P6950
2026-05-18T14:12:27.064179100Z,2026-05-18T14:12:27.063649571Z,1,1,42715011,T,B,0,190.500000000,2,0,13252,196152411,190.000000000,190.500000000,24,2,1,1,ESH7 C8250
2026-05-18T14:12:33.856188012Z,2026-05-18T14:12:33.843677505Z,1,1,42611781,T,A,0,76.000000000,1,0,12548,196251323,76.000000000,76.250000000,2,20,1,1,ESM6 C7550
2026-05-18T14:12:46.614273167Z,2026-05-18T14:12:46.613910821Z,1,1,42439505,T,A,0,22.250000000,20,0,16820,196429995,22.250000000,22.500000000,20,444,1,5,ESU6 P5250
2026-05-18T14:12:56.214738526Z,2026-05-18T14:12:55.978500027Z,1,1,42366511,T,B,0,56.500000000,6,0,15411,196583899,56.250000000,56.500000000,57,21,3,1,ESM6 C7600
2026-05-18T14:12:56.214927215Z,2026-05-18T14:12:55.978500205Z,1,1,42366511,T,B,0,56.500000000,15,0,11527,196583901,56.250000000,56.500000000,57,15,3,1,ESM6 C7600
2026-05-18T14:13:04.765925742Z,2026-05-18T14:13:04.706434577Z,1,1,42378592,T,A,0,10.700000000,6,0,17836,196738126,10.700000000,10.900000000,6,197,1,7,ESM6 P6500
2026-05-18T14:13:04.944494825Z,2026-05-18T14:13:04.913605781Z,1,1,42439505,T,A,0,22.250000000,14,0,12663,196741882,22.250000000,22.500000000,20,630,1,7,ESU6 P5250
2026-05-18T14:13:04.946802123Z,2026-05-18T14:13:04.922812207Z,1,1,42626389,T,B,0,346.000000000,3,0,20502,196741949,345.500000000,346.000000000,37,3,2,1,ESH7 P7250
2026-05-18T14:13:04.972050098Z,2026-05-18T14:13:04.971547059Z,1,1,42439505,T,A,0,22.250000000,6,0,21010,196742334,22.250000000,22.500000000,6,630,1,7,ESU6 P5250
2026-05-18T14:13:06.248885795Z,2026-05-18T14:13:06.177684419Z,1,1,42366515,T,A,0,8.200000000,6,0,15206,196762708,8.200000000,8.400000000,6,350,1,9,ESM6 P6350
2026-05-18T14:13:06.266726026Z,2026-05-18T14:13:06.228760447Z,1,1,42821844,T,A,0,5.800000000,6,0,13592,196763015,5.800000000,5.900000000,6,31,1,2,ESM6 P6125
2026-05-18T14:13:24.756895012Z,2026-05-18T14:13:24.403455609Z,1,1,42804680,T,A,0,9.300000000,6,0,17879,197042074,9.300000000,9.500000000,6,326,1,10,ESM6 P6425
2026-05-18T14:13:24.815836793Z,2026-05-18T14:13:24.411833025Z,1,1,42404370,T,A,0,8.900000000,6,0,17529,197042717,8.900000000,9.100000000,6,253,1,9,ESM6 P6400
2026-05-18T14:13:31.834476174Z,2026-05-18T14:13:30.371105371Z,1,1,42416106,T,A,0,126.000000000,3,0,11403,197165461,126.000000000,127.500000000,3,30,1,1,ESM6 C7450
2026-05-18T14:13:33.957536465Z,2026-05-18T14:13:31.698494119Z,1,1,42626389,T,B,0,346.500000000,1,0,12995,197199471,344.000000000,346.500000000,38,1,1,1,ESH7 P7250
2026-05-18T14:13:34.065323379Z,2026-05-18T14:13:31.705591121Z,1,1,42399646,T,A,0,29.000000000,20,0,13645,197201207,29.000000000,31.750000000,20,1,1,1,ESM6 C7700
2026-05-18T14:13:40.302531715Z,2026-05-18T14:13:37.952378665Z,1,1,42916927,T,A,0,124.000000000,1,0,14791,197293881,124.000000000,125.500000000,1,1,1,1,ESM6 P7425
2026-05-18T14:13:40.973568340Z,2026-05-18T14:13:38.794606627Z,1,1,42916927,T,B,0,124.000000000,2,0,14347,197303737,112.500000000,124.000000000,21,2,1,1,ESM6 P7425
2026-05-18T14:13:43.392875016Z,2026-05-18T14:13:41.159197459Z,1,1,42760626,T,A,0,28.250000000,25,0,12054,197346231,28.250000000,28.750000000,40,46,1,2,ESM6 P6925
2026-05-18T14:14:13.086163833Z,2026-05-18T14:14:12.200985057Z,1,1,42990303,T,A,0,24.500000000,25,0,20342,197842020,24.500000000,24.750000000,25,39,1,2,ESM6 C7720
2026-05-18T14:14:27.703823902Z,2026-05-18T14:14:27.491071699Z,1,1,42559274,T,B,0,334.500000000,3,0,11407,198103964,333.500000000,334.500000000,41,3,3,1,ESH7 P7200
2026-05-18T14:14:28.022886907Z,2026-05-18T14:14:27.740668943Z,1,1,2516108,T,A,0,46.000000000,1,0,14832,65747624,46.000000000,46.250000000,1,757,1,6,UD:1V: VT 2516108
2026-05-18T14:14:35.242653203Z,2026-05-18T14:14:34.975794243Z,1,1,42404374,T,B,0,35.250000000,24,0,12808,198218669,35.000000000,35.250000000,206,24,7,1,ESM6 P7000
2026-05-18T14:15:15.421908852Z,2026-05-18T14:15:15.031045829Z,1,1,42529459,T,B,0,451.500000000,2,0,11151,198895957,447.500000000,451.500000000,25,2,2,1,ESZ6 C7450
2026-05-18T14:15:16.540670299Z,2026-05-18T14:15:16.218126209Z,1,1,42404374,T,B,0,34.750000000,3,0,11585,198918595,34.500000000,34.750000000,131,3,8,1,ESM6 P7000
2026-05-18T14:15:55.294400556Z,2026-05-18T14:15:55.182808333Z,1,1,2516168,T,A,0,44.500000000,3,0,11608,66429099,44.500000000,46.500000000,3,4,1,2,UD:1V: RR 2516168
2026-05-18T14:15:58.730313739Z,2026-05-18T14:15:58.728845705Z,1,1,42567954,T,B,0,251.500000000,1,0,13636,199582560,250.500000000,251.500000000,60,27,3,1,ESH7 P6850
2026-05-18T14:15:58.736012539Z,2026-05-18T14:15:58.728847125Z,1,1,42567954,T,B,0,251.500000000,26,0,11312,199582562,250.500000000,251.500000000,60,26,3,1,ESH7 P6850
2026-05-18T14:16:08.725047462Z,2026-05-18T14:16:08.716021699Z,1,1,42366523,T,A,0,45.000000000,1,0,16383,199723945,45.000000000,45.250000000,1,60,1,4,ESM6 P7100
2026-05-18T14:16:10.052675188Z,2026-05-18T14:16:09.736645793Z,1,1,42378618,T,A,0,25.750000000,1,0,12777,199743635,25.750000000,26.250000000,1,36,1,2,ESM6 P6900
2026-05-18T14:16:38.150951403Z,2026-05-18T14:16:37.311875583Z,1,1,2667335,T,B,0,-1.000000000,1,0,18588,66743430,-1.050000000,-1.000000000,81,1,1,1,UD:1V: GN 2667335
2026-05-18T14:16:49.327516042Z,2026-05-18T14:16:49.302197109Z,1,1,2500536,T,B,0,52.500000000,1,0,20204,66831296,51.500000000,52.500000000,42,1,4,1,UD:1V: 23 2500536
2026-05-18T14:16:49.405834974Z,2026-05-18T14:16:49.336223955Z,1,1,42399646,T,B,0,29.750000000,3,0,16613,200385185,29.500000000,29.750000000,106,3,5,1,ESM6 C7700
2026-05-18T14:16:49.671919876Z,2026-05-18T14:16:49.620678303Z,1,1,42696853,T,B,0,49.250000000,8,0,18662,200391239,49.000000000,49.250000000,15,8,1,2,ESM6 C7625
2026-05-18T14:16:55.116225466Z,2026-05-18T14:16:55.050016293Z,1,1,42404366,T,B,0,13.900000000,2,0,17212,200478344,13.600000000,13.900000000,275,2,7,1,ESM6 C7800
2026-05-18T14:16:55.211142239Z,2026-05-18T14:16:55.052198387Z,1,1,42611781,T,B,0,77.000000000,4,0,16616,200479875,76.500000000,77.000000000,69,4,7,1,ESM6 C7550
2026-05-18T14:17:36.978575513Z,2026-05-18T14:17:36.828472597Z,1,1,42404374,T,B,0,34.000000000,2,0,15313,201102259,33.750000000,34.000000000,116,2,3,1,ESM6 P7000
2026-05-18T14:17:44.675288443Z,2026-05-18T14:17:44.526108851Z,1,1,42404374,T,A,0,34.000000000,7,0,13221,201234090,34.000000000,34.250000000,80,33,2,4,ESM6 P7000
2026-05-18T14:17:44.690567872Z,2026-05-18T14:17:44.526480419Z,1,1,42404374,T,A,0,34.000000000,3,0,12721,201234384,34.000000000,34.250000000,73,33,2,4,ESM6 P7000
2026-05-18T14:17:44.987387243Z,2026-05-18T14:17:44.744519161Z,1,1,42404374,T,A,0,34.000000000,10,0,15336,201240095,34.000000000,34.250000000,10,72,1,6,ESM6 P7000
2026-05-18T14:17:48.913367123Z,2026-05-18T14:17:48.435917775Z,1,1,2516309,T,A,0,6.200000000,10,0,13609,67254538,6.200000000,6.600000000,10,32,1,1,UD:1V: 13 2516309
2026-05-18T14:18:14.678260673Z,2026-05-18T14:18:13.703957789Z,1,1,42366523,T,B,0,46.000000000,1,0,12134,201754835,45.750000000,46.000000000,31,1,1,1,ESM6 P7100
2026-05-18T14:18:30.783103495Z,2026-05-18T14:18:29.594197137Z,1,1,300898,T,A,0,140.500000000,1,0,19152,202014751,140.500000000,141.000000000,1,62,1,2,ESZ6 P6500
2026-05-18T14:18:45.624798814Z,2026-05-18T14:18:45.442042337Z,1,1,300898,T,A,0,140.500000000,1,0,11627,202244013,140.500000000,141.000000000,1,98,1,4,ESZ6 P6500
2026-05-18T14:18:55.702252583Z,2026-05-18T14:18:55.701666071Z,1,1,300898,T,B,0,140.500000000,1,0,13422,202408966,140.000000000,140.500000000,30,32,1,1,ESZ6 P6500
2026-05-18T14:19:15.105396951Z,2026-05-18T14:19:15.046555715Z,1,1,42646014,T,B,0,183.000000000,1,0,13836,202706263,182.500000000,183.000000000,7,1,2,1,ESM6 P7550
2026-05-18T14:19:32.896546065Z,2026-05-18T14:19:32.249541079Z,1,1,42366523,T,A,0,45.000000000,1,0,13973,202942321,45.000000000,45.250000000,1,33,1,2,ESM6 P7100
2026-05-18T14:19:41.557467436Z,2026-05-18T14:19:41.416904419Z,1,1,42804683,T,A,0,65.000000000,11,0,16392,203067432,65.000000000,65.500000000,11,91,2,6,ESM6 P7225
2026-05-18T14:20:11.512746527Z,2026-05-18T14:20:11.480487821Z,1,1,42397712,T,A,0,102.500000000,10,0,12837,203484468,102.500000000,103.000000000,10,176,1,9,ESU6 C7900
2026-05-18T14:20:15.361448563Z,2026-05-18T14:20:15.343962575Z,1,1,42458399,T,B,0,75.750000000,5,0,18681,203535772,75.500000000,75.750000000,43,5,3,1,ESU6 C8000
2026-05-18T14:20:37.976165904Z,2026-05-18T14:20:37.740984393Z,1,1,42378449,T,A,0,4.800000000,1,0,13271,203840705,4.800000000,4.850000000,1,40,1,2,ESM6 P6000
2026-05-18T14:20:57.681368139Z,2026-05-18T14:20:56.430537627Z,1,1,42397712,T,A,0,102.000000000,10,0,11199,204095976,102.000000000,102.500000000,10,76,1,2,ESU6 C7900
2026-05-18T14:21:12.712083057Z,2026-05-18T14:21:12.595556111Z,1,1,42510079,T,A,0,191.000000000,2,0,12871,204335654,191.000000000,191.500000000,2,21,1,2,ESM6 C7350
2026-05-18T14:22:37.921295555Z,2026-05-18T14:22:36.869497139Z,1,1,42384779,T,B,0,13.000000000,20,0,13141,205720547,12.900000000,13.000000000,166,20,4,1,ESM6 P6600
2026-05-18T14:22:53.803364847Z,2026-05-18T14:22:52.804647759Z,1,1,42366523,T,B,0,46.000000000,1,0,15631,205971002,45.750000000,46.000000000,31,1,1,1,ESM6 P7100
2026-05-18T14:23:09.800384457Z,2026-05-18T14:23:09.730482303Z,1,1,42399706,T,B,0,16.100000000,48,0,14365,206236100,16.000000000,16.100000000,340,50,8,1,ESM6 P6700
2026-05-18T14:23:09.802337572Z,2026-05-18T14:23:09.732591473Z,1,1,42399706,T,B,0,16.100000000,1,0,11730,206236138,16.000000000,16.100000000,340,2,8,1,ESM6 P6700
2026-05-18T14:23:09.851435353Z,2026-05-18T14:23:09.800438137Z,1,1,42399706,T,B,0,16.100000000,1,0,13947,206237228,16.000000000,16.100000000,311,1,7,1,ESM6 P6700
2026-05-18T14:23:28.498536029Z,2026-05-18T14:23:28.164153869Z,1,1,2516550,T,A,0,5.800000000,10,0,13329,69664425,5.800000000,6.300000000,10,13,1,1,UD:1V: GN 2516550
2026-05-18T14:23:44.855642211Z,2026-05-18T14:23:44.687737975Z,1,1,42399706,T,B,0,16.300000000,50,0,12576,206828752,16.200000000,16.300000000,221,50,2,1,ESM6 P6700
2026-05-18T14:23:54.433590344Z,2026-05-18T14:23:54.433034249Z,1,1,2516588,T,A,0,0.700000000,10,0,12986,69860970,0.700000000,1.050000000,10,32,1,1,UD:1V: 13 2516588
2026-05-18T14:24:04.710798694Z,2026-05-18T14:24:03.855592337Z,1,1,42416106,T,B,0,123.500000000,1,0,24367,207140795,123.000000000,123.500000000,10,1,3,1,ESM6 C7450
2026-05-18T14:24:46.065439527Z,2026-05-18T14:24:45.718478255Z,1,1,42529459,T,B,0,452.000000000,2,0,13185,207766929,451.000000000,452.000000000,27,2,2,1,ESZ6 C7450
2026-05-18T14:24:55.335399233Z,2026-05-18T14:24:54.600048201Z,1,1,2516588,T,A,0,0.700000000,10,0,15026,70292340,0.700000000,1.100000000,10,58,1,1,UD:1V: 13 2516588
2026-05-18T14:25:03.848349963Z,2026-05-18T14:25:03.228133683Z,1,1,2516588,T,B,0,0.700000000,30,0,15150,70361827,-0.100000000,0.700000000,57,48,1,1,UD:1V: 13 2516588
2026-05-18T14:25:22.483816585Z,2026-05-18T14:25:21.369772133Z,1,1,2516672,T,A,0,10.900000000,1,0,18348,70493987,10.900000000,11.200000000,202,121,2,1,UD:1V: BO 2516672
2026-05-18T14:25:29.290736870Z,2026-05-18T14:25:28.598362861Z,1,1,42394804,T,A,0,11.700000000,5,0,25173,208437825,11.700000000,11.900000000,11,283,2,7,ESM6 P6550
2026-05-18T14:25:29.321190135Z,2026-05-18T14:25:28.620663463Z,1,1,42394804,T,A,0,11.700000000,5,0,14053,208438393,11.700000000,11.900000000,6,283,1,7,ESM6 P6550
2026-05-18T14:25:39.224486702Z,2026-05-18T14:25:37.803471683Z,1,1,42853804,T,A,0,15.100000000,6,0,13937,208586650,15.100000000,15.300000000,6,95,1,2,ESM6 P6675
2026-05-18T14:25:39.590113856Z,2026-05-18T14:25:37.835593559Z,1,1,42384872,T,A,0,17.900000000,27,0,11805,208592075,17.900000000,18.100000000,27,72,1,2,ESM6 P6750
2026-05-18T14:25:59.561415915Z,2026-05-18T14:25:59.367199033Z,1,1,2669815,T,B,0,27.250000000,11,0,14998,70766852,27.000000000,27.250000000,356,69,6,1,UD:1V: VT 2669815
2026-05-18T14:26:15.405797713Z,2026-05-18T14:26:14.921152055Z,1,1,42506284,T,B,0,42.750000000,4,0,18253,209130473,42.250000000,42.750000000,194,110,4,3,ESU6 P5950
2026-05-18T14:26:37.028915643Z,2026-05-18T14:26:35.881293651Z,1,1,42332440,T,B,0,268.500000000,2,0,15510,209460106,268.000000000,268.500000000,37,2,2,1,ESZ6 P7200
2026-05-18T14:26:50.064177313Z,2026-05-18T14:26:49.000186967Z,1,1,2666430,T,B,0,98.000000000,1,0,16193,71123004,97.750000000,98.000000000,163,1,5,1,UD:1V: VT 2666430
2026-05-18T14:26:52.690338462Z,2026-05-18T14:26:52.510548413Z,1,1,2516309,T,A,0,6.300000000,10,0,15148,71144455,6.300000000,6.700000000,10,63,1,1,UD:1V: 13 2516309
2026-05-18T14:26:53.021361398Z,2026-05-18T14:26:52.955550005Z,1,1,4112315,T,B,0,169.500000000,1,0,12882,209707819,168.500000000,169.500000000,25,67,2,3,ESZ6 P6700
2026-05-18T14:27:39.753895254Z,2026-05-18T14:27:39.753311577Z,1,1,42394812,T,A,0,20.500000000,1,0,25125,210434457,20.500000000,20.750000000,1,318,1,8,ESM6 P6800
2026-05-18T14:27:52.730504022Z,2026-05-18T14:27:52.192155621Z,1,1,2516795,T,B,0,2.850000000,1,0,14140,71573815,2.800000000,2.850000000,1838,1,8,1,UD:1V: VT 2516795
2026-05-18T14:28:03.918811635Z,2026-05-18T14:28:02.685938585Z,1,1,4112315,T,B,0,169.000000000,2,0,21481,210816543,168.000000000,169.000000000,119,30,3,1,ESZ6 P6700
2026-05-18T14:28:21.440806935Z,2026-05-18T14:28:20.354914073Z,1,1,2516309,T,A,0,6.300000000,10,0,16732,71777481,6.300000000,6.700000000,10,63,1,1,UD:1V: 13 2516309
2026-05-18T14:28:52.123598052Z,2026-05-18T14:28:52.077319319Z,1,1,42366511,T,A,0,55.500000000,13,0,11502,211530391,55.500000000,56.000000000,13,134,4,8,ESM6 C7600
2026-05-18T14:28:52.141466563Z,2026-05-18T14:28:52.110640461Z,1,1,42366511,T,B,0,55.500000000,49,0,11129,211530837,55.250000000,55.500000000,111,15,8,1,ESM6 C7600
2026-05-18T14:28:52.141490254Z,2026-05-18T14:28:52.110642053Z,1,1,42366511,T,B,0,55.500000000,1,0,11182,211530839,55.250000000,55.500000000,111,1,8,1,ESM6 C7600
2026-05-18T14:29:02.414955387Z,2026-05-18T14:29:01.691764985Z,1,1,42404366,T,B,0,13.100000000,1,0,11746,211683786,12.900000000,13.100000000,174,1,7,1,ESM6 C7800
2026-05-18T14:29:08.252247809Z,2026-05-18T14:29:08.247949903Z,1,1,42404374,T,A,0,34.750000000,12,0,13746,211779604,34.750000000,35.000000000,12,145,1,7,ESM6 P7000
2026-05-18T14:29:38.819813219Z,2026-05-18T14:29:38.156963899Z,1,1,42384779,T,B,0,13.200000000,10,0,22963,212234073,13.100000000,13.200000000,331,10,6,1,ESM6 P6600
2026-05-18T14:29:43.194932234Z,2026-05-18T14:29:43.185393439Z,1,1,42384779,T,B,0,13.200000000,10,0,17364,212304340,13.100000000,13.200000000,437,10,8,1,ESM6 P6600
2026-05-18T14:29:43.640053104Z,2026-05-18T14:29:43.629696751Z,1,1,42883555,T,B,0,2.900000000,13,0,22687,212307885,2.800000000,2.900000000,335,13,6,1,ESM6 C7975
2026-05-18T14:29:52.719111089Z,2026-05-18T14:29:52.536926023Z,1,1,2666430,T,A,0,96.500000000,1,0,17855,72388475,96.500000000,97.000000000,39,175,3,4,UD:1V: VT 2666430
2026-05-18T14:30:25.121085572Z,2026-05-18T14:30:24.516278203Z,1,1,42399646,T,B,0,28.250000000,6,0,10967,212959905,28.000000000,28.250000000,27,6,2,1,ESM6 C7700
2026-05-18T14:30:30.515699187Z,2026-05-18T14:30:30.513772275Z,1,1,42404374,T,B,0,35.000000000,1,0,13745,213067656,34.750000000,35.000000000,176,1,9,1,ESM6 P7000
2026-05-18T14:30:41.078430908Z,2026-05-18T14:30:40.811040425Z,1,1,42516900,T,B,0,99.750000000,1,0,14436,213237090,99.500000000,99.750000000,19,2,1,1,ESM6 P7350
2026-05-18T14:30:44.701316932Z,2026-05-18T14:30:44.594920667Z,1,1,42384779,T,B,0,13.200000000,10,0,12768,213309523,13.100000000,13.200000000,126,10,5,1,ESM6 P6600
2026-05-18T14:31:00.095324079Z,2026-05-18T14:30:59.919733457Z,1,1,2622256,T,B,0,14.700000000,59,0,16186,72886350,14.600000000,14.700000000,914,59,5,1,UD:1V: VT 2622256
2026-05-18T14:31:00.408571435Z,2026-05-18T14:31:00.168362647Z,1,1,42804684,T,B,0,93.500000000,2,0,15437,213572050,93.250000000,93.500000000,20,2,1,1,ESM6 P7325
2026-05-18T14:31:05.511822412Z,2026-05-18T14:31:04.489142573Z,1,1,42377530,T,A,0,111.000000000,1,0,18068,213669279,111.000000000,111.500000000,1,98,1,4,ESU6 P6800
2026-05-18T14:31:49.960380248Z,2026-05-18T14:31:49.959779669Z,1,1,2516309,T,A,0,6.200000000,10,0,13939,73281856,6.200000000,6.700000000,10,63,1,1,UD:1V: 13 2516309
2026-05-18T14:31:54.806887878Z,2026-05-18T14:31:54.789025313Z,1,1,2666430,T,A,0,95.750000000,1,0,14824,73315490,95.750000000,96.250000000,138,103,6,3,UD:1V: VT 2666430
2026-05-18T14:32:00.662836436Z,2026-05-18T14:32:00.383134421Z,1,1,42673157,T,B,0,90.250000000,33,0,18025,214622930,90.000000000,90.250000000,5,33,1,1,ESM7 C9000
2026-05-18T14:32:19.219918096Z,2026-05-18T14:32:19.135826487Z,1,1,42399646,T,B,0,27.250000000,4,0,26601,214970865,27.000000000,27.250000000,93,4,6,1,ESM6 C7700
2026-05-18T14:32:37.551737332Z,2026-05-18T14:32:36.935340621Z,1,1,2606785,T,A,0,5.700000000,1,0,17388,73619307,5.700000000,6.200000000,1,5,1,2,UD:1V: SG 2606785
2026-05-18T14:32:45.798780687Z,2026-05-18T14:32:44.349348349Z,1,1,42516900,T,B,0,102.500000000,13,0,11580,215395467,102.000000000,102.500000000,19,32,1,2,ESM6 P7350
2026-05-18T14:32:45.892439214Z,2026-05-18T14:32:44.388962835Z,1,1,42516900,T,B,0,102.500000000,12,0,13723,215396920,102.000000000,102.500000000,19,12,1,1,ESM6 P7350
2026-05-18T14:32:47.683154668Z,2026-05-18T14:32:46.304698439Z,1,1,42804683,T,B,0,70.000000000,3,0,13880,215426521,69.750000000,70.000000000,6,5,1,1,ESM6 P7225
2026-05-18T14:32:47.683451561Z,2026-05-18T14:32:46.304785123Z,1,1,42804683,T,B,0,70.000000000,2,0,14987,215426524,69.750000000,70.000000000,6,2,1,1,ESM6 P7225
2026-05-18T14:32:50.443413514Z,2026-05-18T14:32:49.041483039Z,1,1,42836585,T,A,0,60.250000000,2,0,14037,215474255,60.250000000,60.750000000,28,34,1,2,ESM6 P7175
2026-05-18T14:32:51.722953831Z,2026-05-18T14:32:50.457331593Z,1,1,42404366,T,A,0,12.000000000,5,0,16546,215491613,12.000000000,12.200000000,5,86,1,4,ESM6 C7800
2026-05-18T14:32:52.320106261Z,2026-05-18T14:32:50.958013701Z,1,1,42404366,T,A,0,12.000000000,5,0,17977,215500852,12.000000000,12.200000000,25,75,1,3,ESM6 C7800
2026-05-18T14:33:37.076384885Z,2026-05-18T14:33:35.336596779Z,1,1,42990303,T,A,0,22.000000000,17,0,13871,216198147,22.000000000,22.250000000,25,41,1,2,ESM6 C7720
2026-05-18T14:33:37.594893563Z,2026-05-18T14:33:35.686239867Z,1,1,2503284,T,A,0,-9.800000000,2,0,10201,74093894,-9.800000000,-9.600000000,2,14,1,1,UD:1V: GN 2503284
2026-05-18T14:33:43.333414892Z,2026-05-18T14:33:41.556224985Z,1,1,42384779,T,B,0,14.000000000,10,0,14029,216296572,13.800000000,14.000000000,389,10,6,1,ESM6 P6600
2026-05-18T14:33:50.311657183Z,2026-05-18T14:33:47.491342261Z,1,1,2516168,T,B,0,16.500000000,3,0,13907,74187689,15.200000000,16.500000000,1,3,1,1,UD:1V: RR 2516168
2026-05-18T14:33:54.149269561Z,2026-05-18T14:33:52.194173143Z,1,1,42611781,T,A,0,67.000000000,1,0,14436,216452362,67.000000000,67.500000000,22,12,1,2,ESM6 C7550
2026-05-18T14:33:58.796483182Z,2026-05-18T14:33:57.464887761Z,1,1,42378374,T,B,0,67.750000000,7,0,11720,216522434,67.500000000,67.750000000,27,7,1,1,ESM6 P7200
2026-05-18T14:34:03.329644501Z,2026-05-18T14:34:02.204555429Z,1,1,2517080,T,A,0,3.600000000,8,0,12443,74290447,3.600000000,3.850000000,10,24,1,1,UD:1V: GN 2517080
2026-05-18T14:34:03.478221727Z,2026-05-18T14:34:02.242757065Z,1,1,42804683,T,B,0,73.500000000,6,0,11404,216609588,72.750000000,73.500000000,6,6,1,1,ESM6 P7225
2026-05-18T14:34:03.513448146Z,2026-05-18T14:34:02.253413825Z,1,1,2517080,T,A,0,3.600000000,2,0,14655,74292441,3.600000000,3.850000000,2,24,1,1,UD:1V: GN 2517080
2026-05-18T14:34:04.725670586Z,2026-05-18T14:34:03.512039581Z,1,1,42366523,T,A,0,50.500000000,5,0,13653,216631375,50.500000000,51.000000000,31,1,2,1,ESM6 P7100
2026-05-18T14:34:04.822652176Z,2026-05-18T14:34:03.582359411Z,1,1,42366523,T,B,0,51.000000000,1,0,13972,216633219,50.500000000,51.000000000,26,1,2,1,ESM6 P7100
2026-05-18T14:34:06.614482742Z,2026-05-18T14:34:05.383972913Z,1,1,42366463,T,B,0,1.100000000,3,0,18094,216666514,1.050000000,1.100000000,168,3,1,1,ESM6 P4750
2026-05-18T14:34:07.252437406Z,2026-05-18T14:34:05.878325595Z,1,1,42804683,T,B,0,74.000000000,5,0,13698,216678267,73.750000000,74.000000000,26,5,1,1,ESM6 P7225
2026-05-18T14:34:07.398241382Z,2026-05-18T14:34:05.893056721Z,1,1,42378374,T,B,0,68.750000000,6,0,11337,216681144,68.500000000,68.750000000,27,6,1,1,ESM6 P7200
2026-05-18T14:34:12.599281099Z,2026-05-18T14:34:10.773515561Z,1,1,42378374,T,B,0,68.250000000,6,0,14150,216758112,68.000000000,68.250000000,78,6,3,1,ESM6 P7200
2026-05-18T14:34:14.939649499Z,2026-05-18T14:34:13.588837753Z,1,1,42399646,T,A,0,25.000000000,1,0,14510,216801138,25.000000000,25.250000000,1,38,1,2,ESM6 C7700
2026-05-18T14:34:18.597342121Z,2026-05-18T14:34:17.942872541Z,1,1,42804683,T,B,0,74.000000000,6,0,15706,216872803,73.750000000,74.000000000,26,6,1,1,ESM6 P7225
2026-05-18T14:34:18.737628678Z,2026-05-18T14:34:18.142913899Z,1,1,42366523,T,A,0,51.000000000,5,0,18377,216875408,51.000000000,51.500000000,33,11,2,2,ESM6 P7100
2026-05-18T14:34:20.953706654Z,2026-05-18T14:34:19.945807831Z,1,1,2517080,T,A,0,3.600000000,1,0,23550,74442732,3.600000000,3.850000000,20,39,1,2,UD:1V: GN 2517080
2026-05-18T14:34:23.534841768Z,2026-05-18T14:34:22.731396043Z,1,1,42384731,T,B,0,93.000000000,6,0,15678,216950632,92.750000000,93.000000000,21,6,1,1,ESM6 P7300
2026-05-18T14:34:26.551545071Z,2026-05-18T14:34:25.975775201Z,1,1,42366513,T,A,0,126.000000000,2,0,14066,217001251,126.000000000,127.000000000,55,7,3,2,ESM6 P7400
2026-05-18T14:34:32.106084172Z,2026-05-18T14:34:31.108825509Z,1,1,2517080,T,A,0,3.600000000,2,0,14378,74533318,3.600000000,4.050000000,19,59,1,1,UD:1V: GN 2517080
2026-05-18T14:34:35.112829314Z,2026-05-18T14:34:34.168477711Z,1,1,42366513,T,A,0,127.000000000,3,0,18007,217132434,127.000000000,127.500000000,3,19,1,2,ESM6 P7400
2026-05-18T14:34:38.983861004Z,2026-05-18T14:34:37.375324177Z,1,1,2517080,T,A,0,3.600000000,3,0,17795,74583638,3.600000000,4.050000000,17,74,1,2,UD:1V: GN 2517080
2026-05-18T14:34:40.634735843Z,2026-05-18T14:34:38.985008141Z,1,1,42472884,T,B,0,4.700000000,1,0,17593,217215533,4.600000000,4.700000000,185,1,2,1,ESU6 P3300
2026-05-18T14:34:47.545438115Z,2026-05-18T14:34:46.793809133Z,1,1,2517080,T,A,0,3.600000000,1,0,14021,74654020,3.600000000,3.850000000,14,63,1,2,UD:1V: GN 2517080
2026-05-18T14:34:52.160426716Z,2026-05-18T14:34:52.020171977Z,1,1,42439354,T,A,0,122.000000000,9,0,16105,217404851,122.000000000,122.500000000,9,36,1,2,ESU6 P6850
2026-05-18T14:34:52.876175652Z,2026-05-18T14:34:52.476196833Z,1,1,42366511,T,B,0,49.000000000,1,0,13976,217419591,48.750000000,49.000000000,27,1,1,1,ESM6 C7600
2026-05-18T14:34:56.171138151Z,2026-05-18T14:34:55.580968719Z,1,1,42366523,T,A,0,51.250000000,5,0,18775,217476717,51.250000000,51.750000000,97,35,3,2,ESM6 P7100
2026-05-18T14:35:01.711270547Z,2026-05-18T14:35:00.491219579Z,1,1,2517080,T,A,0,3.600000000,1,0,14589,74774458,3.600000000,3.850000000,13,36,1,1,UD:1V: GN 2517080
2026-05-18T14:35:02.709071047Z,2026-05-18T14:35:01.327809525Z,1,1,2517080,T,A,0,3.600000000,1,0,16628,74782280,3.600000000,3.850000000,12,38,1,1,UD:1V: GN 2517080
2026-05-18T14:35:10.099891553Z,2026-05-18T14:35:08.050648415Z,1,1,2517080,T,A,0,3.600000000,1,0,11481,74844213,3.600000000,3.800000000,11,61,1,2,UD:1V: GN 2517080
2026-05-18T14:35:14.738371614Z,2026-05-18T14:35:12.613998997Z,1,1,42506314,T,B,0,21.000000000,20,0,13779,217780413,20.750000000,21.000000000,309,20,4,1,ESU6 P5150
2026-05-18T14:35:17.226883585Z,2026-05-18T14:35:15.357510365Z,1,1,42378374,T,B,0,70.000000000,1,0,11725,217817165,69.750000000,70.000000000,27,1,1,1,ESM6 P7200
2026-05-18T14:35:20.149448924Z,2026-05-18T14:35:18.286355373Z,1,1,42366523,T,B,0,51.750000000,5,0,13819,217864274,51.500000000,51.750000000,153,5,5,1,ESM6 P7100
2026-05-18T14:35:20.720970689Z,2026-05-18T14:35:18.842853561Z,1,1,2517080,T,A,0,3.600000000,1,0,19954,74930465,3.600000000,3.850000000,10,29,1,1,UD:1V: GN 2517080
2026-05-18T14:35:21.078732417Z,2026-05-18T14:35:19.378237039Z,1,1,42760624,T,A,0,27.750000000,6,0,18530,217880037,27.750000000,28.000000000,6,41,1,1,ESM6 P6875
2026-05-18T14:35:22.600351335Z,2026-05-18T14:35:20.772763729Z,1,1,42404366,T,B,0,11.100000000,1,0,13984,217906803,10.900000000,11.100000000,9,1,1,1,ESM6 C7800
2026-05-18T14:35:25.925594676Z,2026-05-18T14:35:24.350809025Z,1,1,2517080,T,A,0,3.600000000,1,0,13645,74973458,3.600000000,3.800000000,9,54,1,2,UD:1V: GN 2517080
2026-05-18T14:35:30.601926729Z,2026-05-18T14:35:30.189432439Z,1,1,42522844,T,B,0,601.000000000,2,0,21235,218047167,600.500000000,601.000000000,2,17,1,1,ESU7 P7700
2026-05-18T14:35:31.711950833Z,2026-05-18T14:35:31.194885121Z,1,1,2517080,T,A,0,3.600000000,8,0,29775,75021826,3.600000000,3.800000000,8,70,1,3,UD:1V: GN 2517080
2026-05-18T14:35:33.857778074Z,2026-05-18T14:35:33.280254909Z,1,1,42337303,T,A,0,465.000000000,5,0,14224,218108602,465.000000000,466.000000000,5,21,1,3,ESZ6 C7400
2026-05-18T14:35:36.159977724Z,2026-05-18T14:35:35.324311035Z,1,1,42573245,T,A,0,269.000000000,3,0,17028,218151834,269.000000000,270.500000000,3,40,1,2,ESH7 C8000
2026-05-18T14:35:36.449406347Z,2026-05-18T14:35:35.519158991Z,1,1,42378592,T,B,0,12.000000000,2,0,16131,218156859,11.900000000,12.000000000,6,2,1,1,ESM6 P6500
2026-05-18T14:35:48.674964222Z,2026-05-18T14:35:47.838847991Z,1,1,42883306,T,A,0,56.750000000,25,0,17865,218367691,56.750000000,57.250000000,25,35,1,2,ESM6 P7125
2026-05-18T14:35:56.151943662Z,2026-05-18T14:35:55.705015545Z,1,1,42378374,T,A,0,71.000000000,6,0,14260,218512172,71.000000000,71.500000000,25,12,1,3,ESM6 P7200
2026-05-18T14:36:06.116610099Z,2026-05-18T14:36:04.910370155Z,1,1,2673459,T,A,0,4.850000000,2,0,11450,75319733,4.850000000,4.950000000,2,6,2,1,UD:1V: VT 2673459
2026-05-18T14:36:09.652956084Z,2026-05-18T14:36:07.869947253Z,1,1,42366523,T,A,0,53.250000000,2,0,18066,218745301,53.250000000,53.750000000,25,6,1,1,ESM6 P7100
2026-05-18T14:36:10.869799430Z,2026-05-18T14:36:08.771914645Z,1,1,42378346,T,B,0,84.250000000,1,0,17554,218766557,83.250000000,84.250000000,26,1,1,1,ESM6 C7500
2026-05-18T14:36:13.306617814Z,2026-05-18T14:36:10.973223099Z,1,1,42399646,T,B,0,23.500000000,102,0,12140,218803503,23.250000000,23.500000000,6,102,1,1,ESM6 C7700
2026-05-18T14:36:16.699671727Z,2026-05-18T14:36:13.976241223Z,1,1,42760604,T,A,0,3.300000000,3,0,11976,218856774,3.300000000,3.350000000,3,159,1,1,ESM6 P5625
2026-05-18T14:36:21.730134835Z,2026-05-18T14:36:19.542889311Z,1,1,42320751,T,A,0,82.000000000,6,0,13466,218917887,82.000000000,82.750000000,6,47,1,2,ESM6 P7250
2026-05-18T14:36:21.864645420Z,2026-05-18T14:36:19.627893343Z,1,1,42853784,T,A,0,2.350000000,3,0,13500,218920136,2.350000000,2.400000000,3,164,1,1,ESM6 P5375
2026-05-18T14:36:22.194693833Z,2026-05-18T14:36:19.838983569Z,1,1,42973469,T,A,0,1.950000000,3,0,14495,218925131,1.950000000,2.000000000,3,166,1,1,ESM6 P5225
2026-05-18T14:36:22.872689517Z,2026-05-18T14:36:20.745090977Z,1,1,42853785,T,A,0,2.500000000,3,0,13476,218934699,2.500000000,2.550000000,3,163,1,1,ESM6 P5425
2026-05-18T14:36:23.919492143Z,2026-05-18T14:36:21.884026725Z,1,1,43024830,T,A,0,2.200000000,3,0,13434,218950569,2.200000000,2.250000000,3,165,1,1,ESM6 P5325
2026-05-18T14:36:27.850869203Z,2026-05-18T14:36:26.111348727Z,1,1,42378346,T,B,0,85.750000000,2,0,20999,219008194,85.250000000,85.750000000,16,2,1,1,ESM6 C7500
2026-05-18T14:36:28.365756924Z,2026-05-18T14:36:26.547841619Z,1,1,42439354,T,A,0,122.500000000,6,0,14089,219015966,122.500000000,123.500000000,6,70,1,3,ESU6 P6850
2026-05-18T14:36:36.928602727Z,2026-05-18T14:36:34.111088501Z,1,1,42337303,T,A,0,464.000000000,2,0,13177,219138154,464.000000000,464.500000000,2,2,1,1,ESZ6 C7400
2026-05-18T14:36:47.130312303Z,2026-05-18T14:36:46.130115115Z,1,1,42990303,T,B,0,20.750000000,5,0,20269,219289259,20.250000000,20.750000000,97,6,7,1,ESM6 C7720
2026-05-18T14:36:51.104406324Z,2026-05-18T14:36:50.294397465Z,1,1,42366511,T,A,0,47.750000000,3,0,12984,219355433,47.750000000,48.250000000,3,112,1,7,ESM6 C7600
2026-05-18T14:36:51.295838703Z,2026-05-18T14:36:50.405775539Z,1,1,42783705,T,A,0,8.000000000,6,0,18501,219358210,8.000000000,8.100000000,6,10,1,1,ESM6 P6275
2026-05-18T14:36:51.298335393Z,2026-05-18T14:36:50.409048697Z,1,1,42378450,T,A,0,6.600000000,6,0,15098,219358256,6.600000000,6.700000000,31,11,2,1,ESM6 P6150
2026-05-18T14:36:51.303679979Z,2026-05-18T14:36:50.411313243Z,1,1,42372983,T,A,0,5.700000000,6,0,12765,219358345,5.700000000,5.800000000,31,11,2,1,ESM6 P6050
2026-05-18T14:36:51.312793687Z,2026-05-18T14:36:50.414341475Z,1,1,42378541,T,A,0,8.300000000,6,0,17719,219358407,8.300000000,8.500000000,29,44,3,4,ESM6 P6300
2026-05-18T14:36:51.318154356Z,2026-05-18T14:36:50.417395473Z,1,1,42394770,T,A,0,10.800000000,6,0,17131,219358477,10.800000000,11.000000000,34,125,2,3,ESM6 P6450
2026-05-18T14:37:00.520080212Z,2026-05-18T14:36:58.814042869Z,1,1,42366511,T,A,0,48.000000000,1,0,17946,219495872,48.000000000,48.250000000,1,27,1,1,ESM6 C7600
2026-05-18T14:37:34.078892875Z,2026-05-18T14:37:33.365033657Z,1,1,42378346,T,B,0,87.500000000,1,0,17095,219997960,87.000000000,87.500000000,5,1,2,1,ESM6 C7500
2026-05-18T14:37:43.443935429Z,2026-05-18T14:37:42.224646437Z,1,1,2656006,T,B,0,13.900000000,3,0,18375,76088333,13.800000000,13.900000000,364,3,4,1,UD:1V: VT 2656006
2026-05-18T14:37:55.928396822Z,2026-05-18T14:37:55.706708445Z,1,1,42483063,T,A,0,155.500000000,1,0,12830,220350250,155.500000000,156.000000000,1,117,1,5,ESU6 P7050
2026-05-18T14:38:01.494401070Z,2026-05-18T14:38:01.105554011Z,1,1,42399706,T,B,0,17.800000000,1,0,17620,220433590,17.700000000,17.800000000,196,4,4,1,ESM6 P6700
2026-05-18T14:38:04.211359579Z,2026-05-18T14:38:03.378902307Z,1,1,42867406,T,B,0,127.500000000,2,0,11340,220478411,126.500000000,127.500000000,53,3,7,1,ESM6 C7425
2026-05-18T14:38:04.257457019Z,2026-05-18T14:38:03.418418893Z,1,1,42867406,T,B,0,127.500000000,1,0,12840,220479214,126.500000000,127.500000000,53,1,7,1,ESM6 C7425
2026-05-18T14:38:04.959134166Z,2026-05-18T14:38:04.009210389Z,1,1,2669815,T,B,0,30.250000000,1,0,14818,76242393,29.750000000,30.250000000,121,63,2,1,UD:1V: VT 2669815
2026-05-18T14:38:32.790140220Z,2026-05-18T14:38:32.003489825Z,1,1,2502647,T,B,0,15.900000000,9,0,13340,76463169,15.700000000,15.900000000,31,18,2,1,UD:1V: GN 2502647
2026-05-18T14:38:48.828312481Z,2026-05-18T14:38:47.824319057Z,1,1,2669616,T,A,0,46.750000000,6,0,14840,76585479,46.750000000,47.000000000,6,523,1,6,UD:1V: VT 2669616
2026-05-18T14:38:50.680841415Z,2026-05-18T14:38:49.694347157Z,1,1,42867406,T,A,0,128.000000000,1,0,19743,221196296,128.000000000,128.500000000,1,6,1,1,ESM6 C7425
2026-05-18T14:39:14.541525808Z,2026-05-18T14:39:13.805841319Z,1,1,2517515,T,B,0,4.750000000,35,0,13437,76780295,4.600000000,4.750000000,260,35,3,1,UD:1V: BO 2517515
2026-05-18T14:39:15.236046250Z,2026-05-18T14:39:14.541475793Z,1,1,2517515,T,A,0,4.750000000,121,0,16918,76785796,4.750000000,4.800000000,465,612,1,1,UD:1V: BO 2517515
2026-05-18T14:39:15.236595764Z,2026-05-18T14:39:14.541529147Z,1,1,2517515,T,A,0,4.750000000,10,0,14826,76785798,4.750000000,4.800000000,344,612,1,1,UD:1V: BO 2517515
2026-05-18T14:39:15.260470121Z,2026-05-18T14:39:14.567280981Z,1,1,2517515,T,A,0,4.750000000,198,0,14093,76785941,4.750000000,4.850000000,334,690,1,2,UD:1V: BO 2517515
2026-05-18T14:39:15.264052885Z,2026-05-18T14:39:14.572540567Z,1,1,2517515,T,A,0,4.750000000,136,0,19256,76785955,4.750000000,4.850000000,136,690,1,2,UD:1V: BO 2517515
2026-05-18T14:39:46.146509731Z,2026-05-18T14:39:45.483055905Z,1,1,42712326,T,B,0,42.750000000,6,0,12090,222081738,42.250000000,42.750000000,114,6,5,1,ESU6 C8150
2026-05-18T14:39:59.985265541Z,2026-05-18T14:39:59.984699581Z,1,1,42366523,T,B,0,50.500000000,2,0,15868,222320060,50.000000000,50.500000000,220,11,10,2,ESM6 P7100
2026-05-18T14:40:20.500399205Z,2026-05-18T14:40:19.766748645Z,1,1,2517080,T,A,0,3.600000000,6,0,13128,77324399,3.600000000,4.150000000,20,14,1,1,UD:1V: GN 2517080
2026-05-18T14:40:20.589550873Z,2026-05-18T14:40:19.784665177Z,1,1,2517080,T,A,0,3.600000000,2,0,11824,77324965,3.600000000,4.150000000,14,14,1,1,UD:1V: GN 2517080
2026-05-18T14:40:24.375208401Z,2026-05-18T14:40:24.036775675Z,1,1,2517080,T,A,0,3.600000000,6,0,11310,77353409,3.600000000,3.950000000,12,44,1,1,UD:1V: GN 2517080
2026-05-18T14:40:24.643927806Z,2026-05-18T14:40:24.041567101Z,1,1,2517080,T,A,0,3.600000000,3,0,17045,77356889,3.600000000,4.400000000,6,71,1,1,UD:1V: GN 2517080
2026-05-18T14:40:24.681467423Z,2026-05-18T14:40:24.043129529Z,1,1,2517080,T,A,0,3.600000000,1,0,14389,77357394,3.600000000,4.400000000,3,71,1,1,UD:1V: GN 2517080
2026-05-18T14:40:24.704146954Z,2026-05-18T14:40:24.044689871Z,1,1,2517080,T,A,0,3.600000000,1,0,13266,77357611,3.600000000,4.400000000,2,71,1,1,UD:1V: GN 2517080
2026-05-18T14:40:24.718403059Z,2026-05-18T14:40:24.046296111Z,1,1,2517080,T,A,0,3.600000000,1,0,11294,77357728,3.600000000,4.400000000,1,71,1,1,UD:1V: GN 2517080
2026-05-18T14:40:25.317641454Z,2026-05-18T14:40:24.465287963Z,1,1,42836582,T,B,0,6.800000000,2,0,14021,222753627,6.700000000,6.800000000,138,2,1,1,ESM6 P6175
2026-05-18T14:40:25.565079607Z,2026-05-18T14:40:24.585094321Z,1,1,42645052,T,A,0,58.250000000,10,0,11449,222755970,58.250000000,60.500000000,10,63,1,1,ESU6 C8050
2026-05-18T14:40:25.756452802Z,2026-05-18T14:40:24.724748171Z,1,1,2517666,T,A,0,-13.300000000,1,0,15000,77367317,-13.300000000,,1,0,1,0,UD:1V: GN 2517666
2026-05-18T14:40:38.316359678Z,2026-05-18T14:40:36.643602169Z,1,1,42459758,T,A,0,109.500000000,25,0,14620,222958579,109.500000000,110.000000000,25,20,1,1,ESZ6 C8200
2026-05-18T14:40:38.642852767Z,2026-05-18T14:40:37.093546357Z,1,1,539869,T,A,0,91.500000000,2,0,24106,222963506,91.500000000,91.750000000,2,45,1,1,ESZ6 P6000
2026-05-18T14:40:38.763871070Z,2026-05-18T14:40:37.311755649Z,1,1,2673980,T,A,0,6.900000000,31,0,19651,77488647,6.900000000,7.000000000,72,929,1,6,UD:1V: VT 2673980
2026-05-18T14:40:40.631534057Z,2026-05-18T14:40:39.925828471Z,1,1,2673980,T,A,0,6.900000000,37,0,13053,77508752,6.900000000,7.000000000,71,989,1,6,UD:1V: VT 2673980
2026-05-18T14:40:43.542426889Z,2026-05-18T14:40:43.492965751Z,1,1,42459758,T,A,0,109.500000000,25,0,14028,223058881,109.500000000,110.000000000,25,157,1,2,ESZ6 C8200
2026-05-18T14:40:50.139389575Z,2026-05-18T14:40:49.867108303Z,1,1,42459758,T,A,0,109.500000000,25,0,13646,223163561,109.500000000,110.000000000,25,157,1,2,ESZ6 C8200
2026-05-18T14:40:51.769712288Z,2026-05-18T14:40:51.734887801Z,1,1,42404374,T,A,0,38.750000000,8,0,14294,223195860,38.750000000,39.000000000,8,61,1,5,ESM6 P7000
2026-05-18T14:40:57.277503115Z,2026-05-18T14:40:55.904425917Z,1,1,42404374,T,B,0,38.750000000,2,0,11301,223280807,38.250000000,38.750000000,31,40,2,2,ESM6 P7000
2026-05-18T14:41:01.552887179Z,2026-05-18T14:41:00.546432941Z,1,1,42404374,T,A,0,38.500000000,1,0,17522,223349670,38.500000000,38.750000000,1,36,1,2,ESM6 P7000
2026-05-18T14:41:06.442121089Z,2026-05-18T14:41:06.026611457Z,1,1,2669616,T,A,0,46.500000000,6,0,15046,77729918,46.500000000,46.750000000,6,689,1,8,UD:1V: VT 2669616
2026-05-18T14:41:27.453515708Z,2026-05-18T14:41:26.678904435Z,1,1,42404366,T,B,0,11.300000000,5,0,16489,223808232,11.100000000,11.300000000,6,6,1,1,ESM6 C7800
2026-05-18T14:42:15.291042294Z,2026-05-18T14:42:14.707112713Z,1,1,42399706,T,B,0,17.700000000,6,0,23786,224607402,17.500000000,17.700000000,175,6,5,1,ESM6 P6700
2026-05-18T14:42:19.446961879Z,2026-05-18T14:42:19.233818313Z,1,1,42611781,T,B,0,67.750000000,22,0,18509,224680150,67.500000000,67.750000000,36,22,3,1,ESM6 C7550
2026-05-18T14:42:32.092743779Z,2026-05-18T14:42:31.679004613Z,1,1,42663437,T,A,0,3.100000000,6,0,16138,224858265,3.100000000,3.300000000,127,221,5,3,ESM6 C7950
2026-05-18T14:42:34.161112646Z,2026-05-18T14:42:34.031052297Z,1,1,42712326,T,B,0,42.750000000,5,0,12562,224898741,42.500000000,42.750000000,14,5,1,1,ESU6 C8150
2026-05-18T14:42:39.790411869Z,2026-05-18T14:42:38.822143151Z,1,1,42712326,T,B,0,43.000000000,5,0,17611,225001310,42.750000000,43.000000000,14,5,1,1,ESU6 C8150
2026-05-18T14:42:59.409219276Z,2026-05-18T14:42:59.176808079Z,1,1,42458400,T,B,0,51.250000000,5,0,17324,225323191,50.750000000,51.250000000,149,5,6,1,ESU6 C8100
2026-05-18T14:43:04.808617044Z,2026-05-18T14:43:03.576277825Z,1,1,42516900,T,B,0,104.000000000,1,0,13913,225411775,103.500000000,104.000000000,63,1,3,1,ESM6 P7350
2026-05-18T14:43:10.106163654Z,2026-05-18T14:43:09.741535331Z,1,1,42990303,T,A,0,22.500000000,11,0,12618,225511663,22.500000000,22.750000000,25,34,1,1,ESM6 C7720
2026-05-18T14:43:10.108809585Z,2026-05-18T14:43:09.741712731Z,1,1,42990303,T,A,0,22.500000000,2,0,11573,225511749,22.500000000,22.750000000,14,34,1,1,ESM6 C7720
2026-05-18T14:43:12.500034548Z,2026-05-18T14:43:12.379081891Z,1,1,42378618,T,A,0,28.000000000,24,0,11242,225554679,28.000000000,28.250000000,25,95,1,4,ESM6 P6900
2026-05-18T14:43:21.602341283Z,2026-05-18T14:43:20.644217383Z,1,1,42836585,T,A,0,61.250000000,2,0,11385,225712702,61.250000000,61.500000000,25,28,1,1,ESM6 P7175
2026-05-18T14:43:22.897497308Z,2026-05-18T14:43:22.119376473Z,1,1,2515268,T,A,0,1.200000000,6,0,15155,78844638,1.200000000,1.300000000,6,1800,1,8,UD:1V: VT 2515268
2026-05-18T14:43:29.318693316Z,2026-05-18T14:43:29.287938009Z,1,1,2666430,T,A,0,95.000000000,1,0,16283,78901713,95.000000000,95.250000000,1,221,1,5,UD:1V: VT 2666430
2026-05-18T14:43:31.137583947Z,2026-05-18T14:43:30.247015723Z,1,1,42902241,T,B,0,104.000000000,1,0,28505,225876189,103.500000000,104.000000000,26,1,2,1,ESM6 C7475
2026-05-18T14:43:34.384367867Z,2026-05-18T14:43:34.357861973Z,1,1,42712326,T,B,0,43.500000000,5,0,22996,225927900,43.000000000,43.500000000,160,5,7,1,ESU6 C8150
2026-05-18T14:43:36.813450767Z,2026-05-18T14:43:35.767873371Z,1,1,2674131,T,B,0,37.250000000,129,0,11488,78962342,37.000000000,37.250000000,421,234,3,1,UD:1V: VT 2674131
2026-05-18T14:43:36.813475285Z,2026-05-18T14:43:35.767873851Z,1,1,2674131,T,B,0,37.250000000,105,0,11458,78962344,37.000000000,37.250000000,421,105,3,1,UD:1V: VT 2674131
2026-05-18T14:43:39.505613265Z,2026-05-18T14:43:39.122457911Z,1,1,42413476,T,B,0,70.500000000,2,0,13927,226011268,70.250000000,70.500000000,107,2,5,1,ESU6 P6400
2026-05-18T14:43:55.143811987Z,2026-05-18T14:43:55.143145969Z,1,1,42366523,T,B,0,48.750000000,2,0,18291,226238968,48.500000000,48.750000000,82,3,7,1,ESM6 P7100
2026-05-18T14:44:00.224947257Z,2026-05-18T14:44:00.047608645Z,1,1,42366523,T,B,0,48.750000000,1,0,11357,226298107,48.500000000,48.750000000,103,1,7,1,ESM6 P7100
2026-05-18T14:44:00.286589145Z,2026-05-18T14:44:00.047639179Z,1,1,42429065,T,B,0,32.000000000,3,0,11134,226299075,31.750000000,32.000000000,44,3,5,1,ESM6 P6950
2026-05-18T14:44:06.154941027Z,2026-05-18T14:44:05.725601559Z,1,1,42330564,T,A,0,251.000000000,25,0,16963,226404020,251.000000000,251.500000000,25,30,1,2,ESZ6 C7800
2026-05-18T14:44:08.029171107Z,2026-05-18T14:44:07.632204989Z,1,1,42378374,T,B,0,65.500000000,3,0,12663,226442250,65.250000000,65.500000000,27,3,1,1,ESM6 P7200
2026-05-18T14:44:10.851968775Z,2026-05-18T14:44:10.755235515Z,1,1,42330564,T,A,0,250.500000000,17,0,17624,226498582,250.500000000,251.500000000,25,22,1,2,ESZ6 C7800
2026-05-18T14:44:11.002882896Z,2026-05-18T14:44:10.966556615Z,1,1,2669815,T,B,0,28.750000000,1,0,17695,79221760,28.500000000,28.750000000,360,1,6,1,UD:1V: VT 2669815
2026-05-18T14:44:11.971118710Z,2026-05-18T14:44:11.970346019Z,1,1,2666430,T,A,0,95.000000000,1,0,19640,79229470,95.000000000,95.250000000,1,267,1,6,UD:1V: VT 2666430
2026-05-18T14:44:12.892211405Z,2026-05-18T14:44:12.891833183Z,1,1,42330564,T,A,0,251.000000000,25,0,18107,226527666,251.000000000,251.500000000,25,38,1,3,ESZ6 C7800
2026-05-18T14:44:22.608123335Z,2026-05-18T14:44:22.321344017Z,1,1,42330564,T,A,0,251.000000000,25,0,13836,226656524,251.000000000,251.500000000,25,19,1,1,ESZ6 C7800
2026-05-18T14:44:24.326119635Z,2026-05-18T14:44:24.224495573Z,1,1,42378618,T,A,0,27.750000000,1,0,12649,226683876,27.750000000,28.000000000,1,106,1,6,ESM6 P6900
2026-05-18T14:44:24.726280123Z,2026-05-18T14:44:24.625346897Z,1,1,4246399,T,B,0,226.000000000,18,0,16782,226691611,225.000000000,226.000000000,92,18,4,1,ESZ6 P7000
2026-05-18T14:44:24.773290201Z,2026-05-18T14:44:24.726260901Z,1,1,4246399,T,A,0,226.000000000,7,0,13076,226692753,226.000000000,226.500000000,7,38,1,3,ESZ6 P7000
2026-05-18T14:44:25.751238093Z,2026-05-18T14:44:25.558309907Z,1,1,42378374,T,A,0,65.000000000,2,0,13588,226709135,65.000000000,65.250000000,2,17,1,3,ESM6 P7200
2026-05-18T14:44:30.303345658Z,2026-05-18T14:44:30.237301731Z,1,1,42458400,T,B,0,51.500000000,5,0,18809,226775521,51.250000000,51.500000000,29,5,3,1,ESU6 C8100
2026-05-18T14:44:35.857220779Z,2026-05-18T14:44:35.668321715Z,1,1,42384731,T,B,0,88.500000000,2,0,15186,226856998,88.250000000,88.500000000,23,2,2,1,ESM6 P7300
2026-05-18T14:45:07.905427324Z,2026-05-18T14:45:07.335944211Z,1,1,42627610,T,A,0,36.500000000,14,0,14965,227400557,36.500000000,36.750000000,36,31,3,2,ESM6 C7650
2026-05-18T14:45:07.910835356Z,2026-05-18T14:45:07.336708283Z,1,1,42627610,T,A,0,36.500000000,5,0,17788,227400641,36.500000000,36.750000000,22,31,3,2,ESM6 C7650
2026-05-18T14:45:07.918994624Z,2026-05-18T14:45:07.336905133Z,1,1,42627610,T,A,0,36.500000000,5,0,20933,227400749,36.500000000,36.750000000,17,31,3,2,ESM6 C7650
2026-05-18T14:45:08.023806826Z,2026-05-18T14:45:07.525665071Z,1,1,42627610,T,A,0,36.500000000,1,0,18391,227402654,36.500000000,36.750000000,5,40,1,4,ESM6 C7650
2026-05-18T14:45:26.369007930Z,2026-05-18T14:45:26.356877681Z,1,1,2506988,T,A,0,307.500000000,25,0,18714,79782983,307.500000000,308.000000000,25,10,1,1,UD:1V:CFO 2506988
2026-05-18T14:45:50.163422318Z,2026-05-18T14:45:49.769840503Z,1,1,2517080,T,A,0,3.600000000,1,0,15547,79988296,3.600000000,4.100000000,20,70,1,3,UD:1V: GN 2517080
2026-05-18T14:45:50.792209948Z,2026-05-18T14:45:50.393466765Z,1,1,2517080,T,A,0,3.600000000,1,0,13751,79994344,3.600000000,4.050000000,19,24,1,1,UD:1V: GN 2517080
2026-05-18T14:45:51.287525607Z,2026-05-18T14:45:51.042809939Z,1,1,2517080,T,A,0,3.600000000,1,0,13101,79998895,3.600000000,4.000000000,18,49,1,2,UD:1V: GN 2517080
2026-05-18T14:45:51.335634191Z,2026-05-18T14:45:51.140151145Z,1,1,42378618,T,B,0,28.750000000,1,0,16210,228104632,28.500000000,28.750000000,220,1,8,1,ESM6 P6900
2026-05-18T14:45:51.830881577Z,2026-05-18T14:45:51.536808635Z,1,1,2517080,T,A,0,3.600000000,1,0,18352,80002906,3.600000000,3.900000000,17,24,1,1,UD:1V: GN 2517080
2026-05-18T14:45:53.244958884Z,2026-05-18T14:45:53.101632071Z,1,1,2517080,T,A,0,3.600000000,1,0,17262,80016592,3.600000000,3.750000000,16,24,1,1,UD:1V: GN 2517080
2026-05-18T14:45:53.650494782Z,2026-05-18T14:45:53.459912105Z,1,1,2517080,T,A,0,3.600000000,1,0,14735,80020243,3.600000000,3.750000000,15,39,1,2,UD:1V: GN 2517080
2026-05-18T14:45:59.623347449Z,2026-05-18T14:45:59.426808457Z,1,1,2517080,T,A,0,3.600000000,1,0,13145,80075696,3.600000000,3.800000000,14,24,1,1,UD:1V: GN 2517080
2026-05-18T14:45:59.932593281Z,2026-05-18T14:45:59.931995181Z,1,1,2517080,T,A,0,3.600000000,1,0,13131,80078438,3.600000000,3.800000000,13,24,1,1,UD:1V: GN 2517080
2026-05-18T14:46:00.338811883Z,2026-05-18T14:46:00.028226291Z,1,1,2517080,T,A,0,3.600000000,1,0,18664,80081962,3.600000000,3.800000000,12,24,1,1,UD:1V: GN 2517080
2026-05-18T14:46:01.061206598Z,2026-05-18T14:46:00.600843917Z,1,1,2517080,T,A,0,3.600000000,1,0,14413,80088139,3.600000000,3.750000000,11,24,1,1,UD:1V: GN 2517080
2026-05-18T14:46:01.633181479Z,2026-05-18T14:46:01.284624701Z,1,1,2517080,T,A,0,3.600000000,1,0,14321,80094028,3.600000000,4.000000000,10,24,1,1,UD:1V: GN 2517080
2026-05-18T14:46:02.238144569Z,2026-05-18T14:46:01.830066073Z,1,1,2517080,T,A,0,3.600000000,1,0,22166,80100277,3.600000000,4.000000000,9,78,1,2,UD:1V: GN 2517080
2026-05-18T14:46:04.188752681Z,2026-05-18T14:46:03.696808383Z,1,1,2517080,T,A,0,3.600000000,1,0,17082,80117547,3.600000000,3.850000000,8,24,1,1,UD:1V: GN 2517080
2026-05-18T14:46:05.160139262Z,2026-05-18T14:46:04.510653017Z,1,1,2517080,T,A,0,3.600000000,1,0,22942,80125755,3.600000000,3.800000000,7,24,1,1,UD:1V: GN 2517080
2026-05-18T14:46:06.096612067Z,2026-05-18T14:46:05.363917659Z,1,1,2517080,T,A,0,3.600000000,1,0,11537,80133674,3.600000000,3.800000000,6,101,1,3,UD:1V: GN 2517080
2026-05-18T14:46:07.119220409Z,2026-05-18T14:46:06.351808417Z,1,1,2517080,T,A,0,3.600000000,1,0,17842,80143717,3.600000000,3.700000000,5,24,1,1,UD:1V: GN 2517080
2026-05-18T14:46:09.471297979Z,2026-05-18T14:46:08.490809741Z,1,1,2517080,T,A,0,3.600000000,1,0,11480,80161730,3.600000000,3.700000000,4,39,1,2,UD:1V: GN 2517080
2026-05-18T14:46:09.528387667Z,2026-05-18T14:46:08.493617663Z,1,1,2517080,T,A,0,3.600000000,1,0,11242,80162390,3.600000000,3.700000000,3,39,1,2,UD:1V: GN 2517080
2026-05-18T14:46:09.528695254Z,2026-05-18T14:46:08.493637043Z,1,1,2517080,T,A,0,3.600000000,1,0,15729,80162396,3.600000000,3.700000000,2,39,1,2,UD:1V: GN 2517080
2026-05-18T14:46:42.054992854Z,2026-05-18T14:46:42.048706551Z,1,1,2517706,T,A,0,0.550000000,1,0,17363,80441049,0.550000000,0.600000000,6,547,1,6,UD:1V: VT 2517706
2026-05-18T14:46:44.636630267Z,2026-05-18T14:46:44.214912511Z,1,1,2673980,T,A,0,6.700000000,5,0,14730,80461403,6.700000000,6.800000000,5,1482,1,10,UD:1V: VT 2673980
2026-05-18T14:46:56.660909551Z,2026-05-18T14:46:56.660345649Z,1,1,42397836,T,B,0,7.000000000,1,0,14677,229235104,6.900000000,7.000000000,588,1,6,1,ESU6 P3800
2026-05-18T14:47:00.747337763Z,2026-05-18T14:47:00.679646171Z,1,1,42611781,T,A,0,67.000000000,1,0,14000,229294665,67.000000000,67.250000000,1,28,1,2,ESM6 C7550
2026-05-18T14:47:16.952187022Z,2026-05-18T14:47:16.638117547Z,1,1,42397725,T,B,0,0.650000000,2,0,12768,229572303,0.600000000,0.650000000,266,2,1,1,ESU6 P1700
2026-05-18T14:47:20.536763702Z,2026-05-18T14:47:20.311055399Z,1,1,2670553,T,A,0,31.250000000,90,0,19372,80728145,31.250000000,31.500000000,90,468,1,3,UD:1V: VT 2670553
2026-05-18T14:47:26.488506730Z,2026-05-18T14:47:26.206102973Z,1,1,42378592,T,B,0,11.500000000,1,0,14790,229735798,11.400000000,11.500000000,343,1,8,1,ESM6 P6500
2026-05-18T14:47:29.352897494Z,2026-05-18T14:47:28.984455129Z,1,1,42378374,T,A,0,68.000000000,1,0,18709,229784293,68.000000000,68.250000000,1,29,1,2,ESM6 P7200
2026-05-18T14:47:30.064055124Z,2026-05-18T14:47:29.634681673Z,1,1,42378374,T,B,0,68.250000000,1,0,17125,229796186,68.000000000,68.250000000,27,10,1,2,ESM6 P7200
2026-05-18T14:47:33.114431470Z,2026-05-18T14:47:33.072627795Z,1,1,42404367,T,A,0,5.900000000,6,0,14920,229839296,5.900000000,6.000000000,6,8,1,2,ESM6 P6100
2026-05-18T14:47:47.786771204Z,2026-05-18T14:47:47.538964555Z,1,1,2583102,T,B,0,24.000000000,1,0,13825,80939117,23.500000000,24.000000000,122,71,4,2,UD:1V: VT 2583102
2026-05-18T14:47:56.500132806Z,2026-05-18T14:47:56.164589913Z,1,1,42836585,T,A,0,62.750000000,51,0,14051,230219982,62.750000000,63.250000000,51,89,1,6,ESM6 P7175
2026-05-18T14:48:22.198923751Z,2026-05-18T14:48:22.072600599Z,1,1,2514731,T,B,0,2.200000000,3,0,16197,81210293,2.150000000,2.200000000,1010,3,6,1,UD:1V: VT 2514731
2026-05-18T14:48:55.512287431Z,2026-05-18T14:48:54.324900903Z,1,1,2518203,T,A,0,-17.300000000,1,0,14330,81461093,-17.300000000,-8.600000000,1,47,1,1,UD:1V: GN 2518203
2026-05-18T14:48:59.178522404Z,2026-05-18T14:48:59.045970907Z,1,1,42404374,T,B,0,38.000000000,6,0,20622,231231217,37.750000000,38.000000000,45,6,3,1,ESM6 P7000
2026-05-18T14:48:59.178522404Z,2026-05-18T14:48:59.045970907Z,1,1,42404374,T,B,0,38.250000000,24,0,20622,231231217,37.750000000,38.000000000,45,6,3,1,ESM6 P7000
2026-05-18T14:49:25.266013465Z,2026-05-18T14:49:25.262694067Z,1,1,42836580,T,A,0,5.700000000,6,0,12103,231677676,5.700000000,5.800000000,6,19,1,3,ESM6 P6075
2026-05-18T14:49:25.267568469Z,2026-05-18T14:49:25.266014225Z,1,1,42990302,T,A,0,7.800000000,6,0,11887,231677714,7.800000000,7.900000000,6,10,1,1,ESM6 P6280
2026-05-18T14:49:25.273539492Z,2026-05-18T14:49:25.272979581Z,1,1,42404367,T,A,0,5.900000000,6,0,11423,231677858,5.900000000,6.000000000,6,11,1,1,ESM6 P6100
2026-05-18T14:49:25.283646787Z,2026-05-18T14:49:25.277133729Z,1,1,42853788,T,A,0,8.400000000,6,0,13204,231677916,8.400000000,8.500000000,6,10,1,1,ESM6 P6325
2026-05-18T14:49:28.729562549Z,2026-05-18T14:49:28.587647031Z,1,1,42378449,T,A,0,5.100000000,8,0,16170,231732948,5.100000000,5.200000000,8,18,1,2,ESM6 P6000
2026-05-18T14:49:28.766192618Z,2026-05-18T14:49:28.665750925Z,1,1,42836582,T,A,0,6.600000000,6,0,12844,231733929,6.600000000,6.700000000,6,11,1,1,ESM6 P6175
2026-05-18T14:49:28.781198273Z,2026-05-18T14:49:28.689170111Z,1,1,42990302,T,A,0,7.800000000,6,0,12846,231734244,7.800000000,7.900000000,6,10,1,1,ESM6 P6280
2026-05-18T14:49:28.782919655Z,2026-05-18T14:49:28.693618779Z,1,1,42853788,T,A,0,8.400000000,6,0,16573,231734289,8.400000000,8.600000000,6,166,1,5,ESM6 P6325
2026-05-18T14:49:28.790467668Z,2026-05-18T14:49:28.698966983Z,1,1,42836580,T,A,0,5.700000000,6,0,16393,231734346,5.700000000,5.800000000,6,19,1,3,ESM6 P6075
2026-05-18T14:49:34.460284219Z,2026-05-18T14:49:33.938823273Z,1,1,2517080,T,A,0,3.600000000,1,0,14678,81771898,3.600000000,4.000000000,1,14,1,1,UD:1V: GN 2517080
2026-05-18T14:49:37.156116444Z,2026-05-18T14:49:36.587094319Z,1,1,42378618,T,A,0,29.000000000,6,0,11099,231876947,29.000000000,29.250000000,6,18,1,2,ESM6 P6900
2026-05-18T14:49:38.906420795Z,2026-05-18T14:49:37.757023593Z,1,1,42804680,T,A,0,10.000000000,6,0,14629,231898817,10.000000000,10.200000000,6,192,1,4,ESM6 P6425
2026-05-18T14:49:38.914851901Z,2026-05-18T14:49:37.790911665Z,1,1,42836582,T,A,0,6.600000000,6,0,15641,231898917,6.600000000,6.700000000,6,6,1,1,ESM6 P6175
2026-05-18T14:49:38.915304383Z,2026-05-18T14:49:37.791271037Z,1,1,42404367,T,A,0,5.900000000,6,0,13569,231898920,5.900000000,6.000000000,6,6,1,1,ESM6 P6100
2026-05-18T14:49:40.014032263Z,2026-05-18T14:49:38.852309729Z,1,1,42783705,T,A,0,7.700000000,6,0,13007,231919740,7.700000000,7.900000000,6,147,1,4,ESM6 P6275
2026-05-18T14:49:43.827874283Z,2026-05-18T14:49:43.708855475Z,1,1,42394761,T,A,0,7.400000000,6,0,18251,231977498,7.400000000,7.500000000,6,6,1,1,ESM6 P6250
2026-05-18T14:49:46.667598831Z,2026-05-18T14:49:46.052795739Z,1,1,42892714,T,B,0,20.500000000,1,0,11409,232028170,20.250000000,20.500000000,168,1,6,1,ESM6 C7725
2026-05-18T14:49:51.870850597Z,2026-05-18T14:49:50.939984383Z,1,1,81352,T,A,0,16.000000000,14,0,14105,232109967,16.000000000,16.200000000,20,114,1,1,ESZ6 C9000
2026-05-18T14:49:55.998152212Z,2026-05-18T14:49:55.996484797Z,1,1,81352,T,A,0,16.000000000,6,0,13156,232183102,16.000000000,16.200000000,6,167,1,3,ESZ6 C9000
2026-05-18T14:50:37.081956273Z,2026-05-18T14:50:36.539431409Z,1,1,2518279,T,A,0,-1.250000000,1,0,20285,82255799,-1.250000000,-1.200000000,1,28,1,2,UD:1V: GN 2518279
2026-05-18T14:50:37.486406716Z,2026-05-18T14:50:36.625014053Z,1,1,2518134,T,A,0,71.500000000,17,0,12917,82258537,71.500000000,72.750000000,100,81,1,3,UD:1V:CGN 2518134
2026-05-18T14:50:42.288416716Z,2026-05-18T14:50:42.122885939Z,1,1,2518134,T,A,0,71.500000000,17,0,11204,82297548,71.500000000,72.750000000,83,81,1,3,UD:1V:CGN 2518134
2026-05-18T14:50:52.074881153Z,2026-05-18T14:50:50.760342439Z,1,1,2514466,T,A,0,0.800000000,31,0,27377,82371149,0.800000000,0.850000000,31,674,2,5,UD:1V: VT 2514466
2026-05-18T14:51:20.025156848Z,2026-05-18T14:51:18.773463177Z,1,1,42836582,T,A,0,6.400000000,6,0,18884,233539362,6.400000000,6.600000000,140,173,1,3,ESM6 P6175
2026-05-18T14:51:20.296699588Z,2026-05-18T14:51:18.875378101Z,1,1,42760605,T,A,0,10.600000000,6,0,17140,233541719,10.600000000,10.800000000,117,124,1,2,ESM6 P6475
2026-05-18T14:51:20.436879945Z,2026-05-18T14:51:18.896179653Z,1,1,42836582,T,A,0,6.400000000,6,0,17760,233543716,6.400000000,6.600000000,134,173,1,3,ESM6 P6175
2026-05-18T14:51:28.593182570Z,2026-05-18T14:51:27.780141725Z,1,1,42458399,T,B,0,70.500000000,5,0,18195,233688711,70.000000000,70.500000000,57,5,4,1,ESU6 C8000
2026-05-18T14:51:29.004296828Z,2026-05-18T14:51:28.262863759Z,1,1,42404374,T,A,0,36.500000000,9,0,13619,233696632,36.500000000,36.750000000,9,69,1,4,ESM6 P7000
2026-05-18T14:51:29.102319950Z,2026-05-18T14:51:28.376640125Z,1,1,42712326,T,B,0,43.250000000,4,0,16197,233698453,42.750000000,43.250000000,72,4,5,1,ESU6 C8150
2026-05-18T14:51:33.603763644Z,2026-05-18T14:51:32.878546725Z,1,1,42404374,T,B,0,36.500000000,2,0,16580,233774179,36.000000000,36.500000000,190,34,6,1,ESM6 P7000
2026-05-18T14:51:47.720998523Z,2026-05-18T14:51:47.686963335Z,1,1,42416106,T,A,0,117.000000000,3,0,12725,234011967,117.000000000,117.500000000,3,108,1,7,ESM6 C7450
2026-05-18T14:51:54.421811185Z,2026-05-18T14:51:53.801488555Z,1,1,42854015,T,A,0,17.800000000,31,0,11232,234128224,17.800000000,17.900000000,135,56,2,1,ESM6 P6725
2026-05-18T14:51:54.479577102Z,2026-05-18T14:51:53.818831481Z,1,1,42919950,T,A,0,45.000000000,3,0,20374,234129459,45.000000000,45.250000000,3,31,1,1,ESM6 P7075
2026-05-18T14:51:54.513353100Z,2026-05-18T14:51:53.842296613Z,1,1,42854015,T,A,0,17.800000000,31,0,13223,234130226,17.800000000,17.900000000,104,56,1,1,ESM6 P6725
2026-05-18T14:51:54.904132166Z,2026-05-18T14:51:54.249262729Z,1,1,42378346,T,A,0,91.000000000,2,0,12851,234138089,91.000000000,91.250000000,6,19,1,1,ESM6 C7500
2026-05-18T14:51:54.904350535Z,2026-05-18T14:51:54.249263651Z,1,1,42378346,T,A,0,91.000000000,2,0,12333,234138091,91.000000000,91.250000000,4,19,1,1,ESM6 C7500
2026-05-18T14:51:54.915191177Z,2026-05-18T14:51:54.261415633Z,1,1,42378346,T,A,0,91.000000000,2,0,19398,234138316,91.000000000,91.250000000,2,19,1,1,ESM6 C7500
2026-05-18T14:51:56.417872345Z,2026-05-18T14:51:56.320899725Z,1,1,2666430,T,A,0,94.750000000,1,0,19203,82918802,94.750000000,95.000000000,1,138,1,4,UD:1V: VT 2666430
2026-05-18T14:52:01.942183632Z,2026-05-18T14:52:01.640858707Z,1,1,42366523,T,B,0,48.750000000,5,0,13866,234263906,48.250000000,48.750000000,30,30,1,1,ESM6 P7100
2026-05-18T14:52:04.860604806Z,2026-05-18T14:52:04.400658105Z,1,1,2666430,T,B,0,94.750000000,1,0,14129,82986379,94.250000000,94.750000000,76,223,3,5,UD:1V: VT 2666430
2026-05-18T14:52:07.457677803Z,2026-05-18T14:52:07.306574069Z,1,1,42394754,T,B,0,6.700000000,2,0,17991,234367231,6.500000000,6.700000000,744,10,8,1,ESM6 P6200
2026-05-18T14:52:10.801617481Z,2026-05-18T14:52:10.798600457Z,1,1,42446245,T,B,0,42.000000000,5,0,18795,234416058,41.750000000,42.000000000,106,5,6,1,ESM6 P7050
2026-05-18T14:52:10.940843698Z,2026-05-18T14:52:10.902907531Z,1,1,42487843,T,B,0,56.250000000,3,0,17974,234417946,56.000000000,56.250000000,62,3,3,1,ESM6 P7150
2026-05-18T14:52:15.152425820Z,2026-05-18T14:52:15.142603567Z,1,1,42366523,T,B,0,48.500000000,5,0,17375,234494557,48.000000000,48.500000000,185,57,7,4,ESM6 P7100
2026-05-18T14:52:43.051736548Z,2026-05-18T14:52:42.565933291Z,1,1,42394754,T,A,0,6.600000000,6,0,12839,234959701,6.600000000,6.700000000,6,6,1,1,ESM6 P6200
2026-05-18T14:52:44.704898756Z,2026-05-18T14:52:44.498562285Z,1,1,42394743,T,A,0,2.250000000,150,0,17611,234990441,2.250000000,2.300000000,150,211,1,4,ESM6 P5400
2026-05-18T14:52:50.433666399Z,2026-05-18T14:52:50.105935145Z,1,1,42854015,T,B,0,17.900000000,4,0,13896,235069365,17.700000000,17.900000000,197,6,4,1,ESM6 P6725
2026-05-18T14:53:00.535680837Z,2026-05-18T14:53:00.319600713Z,1,1,42366515,T,A,0,8.400000000,6,0,14807,235200109,8.400000000,8.600000000,137,165,1,5,ESM6 P6350
2026-05-18T14:53:11.523040187Z,2026-05-18T14:53:11.345806203Z,1,1,42366511,T,A,0,51.250000000,4,0,10427,235380295,51.250000000,51.500000000,4,30,1,2,ESM6 C7600
2026-05-18T14:53:27.560357306Z,2026-05-18T14:53:25.654471189Z,1,1,42404374,T,B,0,36.750000000,2,0,21173,235621313,36.500000000,36.750000000,34,2,1,1,ESM6 P7000
2026-05-18T14:53:42.131841711Z,2026-05-18T14:53:41.827690619Z,1,1,42394761,T,A,0,7.200000000,6,0,11322,235856751,7.200000000,7.300000000,152,6,2,1,ESM6 P6250
2026-05-18T14:53:45.985396472Z,2026-05-18T14:53:45.488633751Z,1,1,2516108,T,A,0,44.750000000,1,0,13578,83752182,44.750000000,45.000000000,1,235,1,4,UD:1V: VT 2516108
2026-05-18T14:53:46.050812536Z,2026-05-18T14:53:45.489902351Z,1,1,42916927,T,B,0,132.000000000,2,0,18072,235926547,131.500000000,132.000000000,2,3,1,1,ESM6 P7425
2026-05-18T14:53:47.919594540Z,2026-05-18T14:53:47.622329871Z,1,1,42516900,T,B,0,104.000000000,1,0,17667,235963571,103.500000000,104.000000000,40,19,4,1,ESM6 P7350
2026-05-18T14:53:48.290927791Z,2026-05-18T14:53:48.290406281Z,1,1,42366513,T,A,0,121.500000000,3,0,16068,235970974,121.500000000,122.000000000,3,60,1,6,ESM6 P7400
2026-05-18T14:54:13.851571015Z,2026-05-18T14:54:13.537916923Z,1,1,42867406,T,B,0,130.500000000,3,0,11527,236349575,130.000000000,130.500000000,10,3,2,1,ESM6 C7425
2026-05-18T14:54:23.355961043Z,2026-05-18T14:54:22.649759397Z,1,1,42404370,T,A,0,9.200000000,6,0,18917,236507115,9.200000000,9.300000000,6,3,1,1,ESM6 P6400
2026-05-18T14:54:26.183110159Z,2026-05-18T14:54:25.560809323Z,1,1,2656006,T,B,0,14.200000000,3,0,16905,84056254,14.100000000,14.200000000,952,3,6,1,UD:1V: VT 2656006
2026-05-18T14:54:48.536752961Z,2026-05-18T14:54:48.361914789Z,1,1,489904,T,B,0,41.250000000,9,0,20199,236916019,41.000000000,41.250000000,101,9,3,1,ESZ6 P5100
2026-05-18T14:54:59.494522696Z,2026-05-18T14:54:58.883949809Z,1,1,42916927,T,B,0,132.000000000,1,0,13937,237103069,131.500000000,132.000000000,2,1,1,1,ESM6 P7425
2026-05-18T14:55:32.793985044Z,2026-05-18T14:55:32.650496605Z,1,1,42366523,T,B,0,49.250000000,1,0,13331,237682679,49.000000000,49.250000000,3,5,1,2,ESM6 P7100
2026-05-18T14:55:32.801510054Z,2026-05-18T14:55:32.650918969Z,1,1,42366523,T,B,0,49.250000000,1,0,13236,237682809,49.000000000,49.250000000,3,4,1,2,ESM6 P7100
2026-05-18T14:55:32.951560319Z,2026-05-18T14:55:32.900458117Z,1,1,42366523,T,B,0,49.250000000,2,0,15800,237686113,49.000000000,49.250000000,62,2,2,1,ESM6 P7100
2026-05-18T14:55:33.978669905Z,2026-05-18T14:55:33.703012761Z,1,1,42645052,T,A,0,59.000000000,10,0,18349,237705267,59.000000000,59.250000000,10,57,1,3,ESU6 C8050
2026-05-18T14:57:11.884980202Z,2026-05-18T14:57:11.816926017Z,1,1,2674541,T,A,0,27.500000000,6,0,17808,85342642,27.500000000,27.750000000,69,311,1,5,UD:1V: VT 2674541
2026-05-18T14:57:11.885304953Z,2026-05-18T14:57:11.816932775Z,1,1,2674541,T,A,0,27.500000000,6,0,11337,85342644,27.500000000,27.750000000,63,311,1,5,UD:1V: VT 2674541
2026-05-18T14:57:13.945842366Z,2026-05-18T14:57:13.827131433Z,1,1,2672679,T,A,0,40.000000000,63,0,17642,85356463,40.000000000,40.250000000,63,104,1,2,UD:1V: VT 2672679
2026-05-18T14:57:22.472916754Z,2026-05-18T14:57:22.472407599Z,1,1,42804683,T,B,0,71.000000000,1,0,25047,239424152,70.750000000,71.000000000,90,1,5,1,ESM6 P7225
2026-05-18T14:57:38.486899227Z,2026-05-18T14:57:38.159455241Z,1,1,2518502,T,B,0,39.500000000,150,0,17809,85532905,39.000000000,39.500000000,688,672,5,5,UD:1V:CVT 2518502
2026-05-18T14:57:46.926597975Z,2026-05-18T14:57:46.926070133Z,1,1,42394812,T,B,0,21.500000000,11,0,13361,239832608,21.250000000,21.500000000,273,11,9,1,ESM6 P6800
2026-05-18T14:57:47.127751462Z,2026-05-18T14:57:47.013594157Z,1,1,2622256,T,A,0,14.100000000,6,0,14609,85605258,14.100000000,14.200000000,6,393,1,5,UD:1V: VT 2622256
2026-05-18T14:58:07.042703139Z,2026-05-18T14:58:07.032915231Z,1,1,42377577,T,A,0,127.000000000,5,0,16950,240157646,127.000000000,127.500000000,5,94,1,6,ESU6 C7800
2026-05-18T14:58:08.583000148Z,2026-05-18T14:58:08.527481099Z,1,1,42397712,T,A,0,95.250000000,7,0,17211,240179329,95.250000000,95.500000000,7,58,1,4,ESU6 C7900
2026-05-18T14:58:15.953373351Z,2026-05-18T14:58:15.519228215Z,1,1,2622256,T,A,0,14.200000000,6,0,22615,85815732,14.200000000,14.300000000,6,483,1,5,UD:1V: VT 2622256
2026-05-18T14:58:18.837517394Z,2026-05-18T14:58:18.836994085Z,1,1,42378346,T,B,0,90.500000000,10,0,16495,240338849,90.250000000,90.500000000,47,10,5,1,ESM6 C7500
2026-05-18T14:59:35.372782128Z,2026-05-18T14:59:34.750736285Z,1,1,2641901,T,A,0,32.000000000,6,0,20016,86386379,32.000000000,32.250000000,6,212,1,6,UD:1V: VT 2641901
2026-05-18T14:59:47.824559643Z,2026-05-18T14:59:47.823527051Z,1,1,42366523,T,B,0,48.750000000,1,0,13245,241652091,48.500000000,48.750000000,147,1,7,1,ESM6 P7100
2026-05-18T14:59:48.827008759Z,2026-05-18T14:59:48.691065913Z,1,1,2518134,T,A,0,71.500000000,7,0,24990,86483696,71.500000000,73.000000000,66,87,1,3,UD:1V:CGN 2518134
2026-05-18T15:00:32.454601124Z,2026-05-18T15:00:32.251069975Z,1,1,42668409,T,B,0,82.000000000,5,0,17451,242301502,81.750000000,82.000000000,50,5,4,1,ESU6 C7950
2026-05-18T15:00:40.623844972Z,2026-05-18T15:00:39.192246085Z,1,1,42397712,T,A,0,95.500000000,7,0,16842,242426922,95.500000000,95.750000000,7,31,1,2,ESU6 C7900
2026-05-18T15:00:41.863647486Z,2026-05-18T15:00:40.623848703Z,1,1,42397712,T,B,0,95.500000000,4,0,17131,242444503,95.000000000,95.500000000,96,4,3,1,ESU6 C7900
2026-05-18T15:00:56.653401631Z,2026-05-18T15:00:56.023808135Z,1,1,2507146,T,B,0,82.500000000,1,0,14643,86985777,82.250000000,82.500000000,29,1,1,1,UD:1V: VT 2507146
2026-05-18T15:01:02.285131086Z,2026-05-18T15:01:01.187054825Z,1,1,2517069,T,B,0,-14.900000000,1,0,13214,87027417,-15.100000000,-14.900000000,10,1,2,1,UD:1V: 12 2517069
2026-05-18T15:01:03.012969659Z,2026-05-18T15:01:02.036270589Z,1,1,2514223,T,A,0,19.800000000,269,0,20032,87033688,19.800000000,19.900000000,392,63,1,1,UD:1V: VT 2514223
2026-05-18T15:01:03.018667769Z,2026-05-18T15:01:02.036270781Z,1,1,2514223,T,A,0,19.800000000,123,0,15466,87033690,19.800000000,19.900000000,123,63,1,1,UD:1V: VT 2514223
2026-05-18T15:01:04.369497003Z,2026-05-18T15:01:02.977846171Z,1,1,42506298,T,A,0,141.500000000,6,0,12689,242802542,141.500000000,142.500000000,6,49,1,2,ESU6 P7000
2026-05-18T15:01:08.227640112Z,2026-05-18T15:01:05.935760935Z,1,1,42366511,T,A,0,51.000000000,1,0,14017,242857318,51.000000000,56.500000000,1,4,1,1,ESM6 C7600
2026-05-18T15:01:08.324247372Z,2026-05-18T15:01:05.964671915Z,1,1,42483063,T,B,0,151.500000000,9,0,14259,242858203,143.500000000,151.500000000,3,9,1,1,ESU6 P7050
2026-05-18T15:01:12.022444138Z,2026-05-18T15:01:08.330584719Z,1,1,42506298,T,B,0,142.500000000,3,0,13305,242902710,141.500000000,142.500000000,32,3,1,1,ESU6 P7000
2026-05-18T15:01:17.733215591Z,2026-05-18T15:01:13.696890589Z,1,1,42366511,T,A,0,49.500000000,2,0,11824,242971425,49.500000000,52.750000000,2,71,1,1,ESM6 C7600
2026-05-18T15:02:10.619292134Z,2026-05-18T15:02:07.609320509Z,1,1,2518651,T,B,0,11.700000000,1,0,12467,87544933,11.600000000,11.700000000,4,3,1,1,UD:1V: SG 2518651
2026-05-18T15:02:22.641866262Z,2026-05-18T15:02:21.772638417Z,1,1,2518134,T,A,0,71.500000000,59,0,25703,87641412,71.500000000,73.500000000,59,68,1,2,UD:1V:CGN 2518134
2026-05-18T15:02:26.701160840Z,2026-05-18T15:02:25.623320699Z,1,1,2518651,T,B,0,11.700000000,1,0,15621,87673803,11.500000000,11.700000000,35,2,3,1,UD:1V: SG 2518651
2026-05-18T15:02:27.865281798Z,2026-05-18T15:02:26.502406727Z,1,1,2518651,T,B,0,11.700000000,1,0,14260,87681974,11.500000000,11.700000000,10,1,2,1,UD:1V: SG 2518651
2026-05-18T15:02:28.787164569Z,2026-05-18T15:02:27.382030679Z,1,1,2672371,T,A,0,407.000000000,10,0,19826,87689059,407.000000000,408.000000000,10,47,1,1,UD:1V: IB 2672371
2026-05-18T15:02:47.730760183Z,2026-05-18T15:02:46.319230481Z,1,1,42366523,T,B,0,51.250000000,5,0,20730,244240610,51.000000000,51.250000000,117,5,3,1,ESM6 P7100
2026-05-18T15:02:59.801649128Z,2026-05-18T15:02:58.505821057Z,1,1,42366523,T,B,0,50.750000000,2,0,14682,244444366,50.500000000,50.750000000,30,5,1,1,ESM6 P7100
2026-05-18T15:03:00.792303663Z,2026-05-18T15:02:59.801814157Z,1,1,42366523,T,B,0,50.750000000,3,0,11765,244458068,50.500000000,50.750000000,44,3,4,1,ESM6 P7100
2026-05-18T15:03:12.988770356Z,2026-05-18T15:03:11.259023711Z,1,1,42366513,T,A,0,125.500000000,1,0,18049,244630665,125.500000000,126.500000000,1,47,1,4,ESM6 P7400
2026-05-18T15:03:55.791857108Z,2026-05-18T15:03:54.000545851Z,1,1,2517374,T,A,0,-12.800000000,1,0,20775,88352698,-12.800000000,-12.300000000,1,28,1,1,UD:1V: GN 2517374
2026-05-18T15:04:00.232668465Z,2026-05-18T15:03:57.821147533Z,1,1,42384755,T,B,0,175.000000000,1,0,13145,245324451,174.500000000,175.000000000,17,1,1,1,ESM6 P7500
2026-05-18T15:04:07.431558020Z,2026-05-18T15:04:04.151616587Z,1,1,42378374,T,B,0,70.250000000,1,0,13805,245425198,69.750000000,70.250000000,1,31,1,2,ESM6 P7200
2026-05-18T15:04:08.188449926Z,2026-05-18T15:04:04.942328945Z,1,1,2518629,T,A,0,456.500000000,10,0,11210,88445238,456.500000000,457.500000000,10,35,1,1,UD:1V: IB 2518629
2026-05-18T15:04:09.971196113Z,2026-05-18T15:04:06.408701387Z,1,1,42378374,T,B,0,70.750000000,1,0,14936,245457540,69.750000000,70.750000000,1,71,1,3,ESM6 P7200
2026-05-18T15:04:10.874527151Z,2026-05-18T15:04:08.153237669Z,1,1,42378374,T,A,0,69.750000000,1,0,15338,245469737,69.750000000,70.500000000,1,10,1,1,ESM6 P7200
2026-05-18T15:04:19.518326513Z,2026-05-18T15:04:19.038746999Z,1,1,2669616,T,A,0,46.000000000,6,0,12906,88533857,46.000000000,46.250000000,6,106,1,3,UD:1V: VT 2669616
2026-05-18T15:04:25.687040505Z,2026-05-18T15:04:24.763843923Z,1,1,2673772,T,A,0,132.000000000,1,0,15581,88579843,132.000000000,132.500000000,1,22,1,1,UD:1V: VT 2673772
2026-05-18T15:04:43.830686790Z,2026-05-18T15:04:43.104973653Z,1,1,42492552,T,A,0,47.000000000,7,0,15572,245957014,47.000000000,47.250000000,7,91,1,1,ESZ6 P5250
2026-05-18T15:05:30.701477100Z,2026-05-18T15:05:29.872650781Z,1,1,42804680,T,A,0,10.100000000,6,0,11518,246668900,10.100000000,10.200000000,6,111,1,1,ESM6 P6425
2026-05-18T15:05:30.702517188Z,2026-05-18T15:05:29.876442949Z,1,1,42883305,T,A,0,9.200000000,6,0,13671,246668911,9.200000000,9.400000000,6,262,1,4,ESM6 P6375
2026-05-18T15:05:30.705860610Z,2026-05-18T15:05:29.892422293Z,1,1,42378541,T,A,0,8.100000000,6,0,19891,246668955,8.100000000,8.200000000,6,126,1,1,ESM6 P6300
2026-05-18T15:05:30.713121353Z,2026-05-18T15:05:29.895591831Z,1,1,42366515,T,A,0,8.800000000,6,0,22693,246668966,8.800000000,9.000000000,6,268,1,4,ESM6 P6350
2026-05-18T15:05:31.667722067Z,2026-05-18T15:05:31.127590325Z,1,1,42516900,T,A,0,108.500000000,25,0,24999,246686726,108.500000000,109.500000000,58,100,4,6,ESM6 P7350
2026-05-18T15:05:36.801542634Z,2026-05-18T15:05:36.690916853Z,1,1,42366513,T,A,0,127.500000000,3,0,14432,246775047,127.500000000,128.000000000,3,53,1,5,ESM6 P7400
2026-05-18T15:05:59.652805564Z,2026-05-18T15:05:59.603216515Z,1,1,525442,T,A,0,45.250000000,4,0,17607,247076838,45.250000000,45.500000000,4,186,1,3,ESZ6 P5200
2026-05-18T15:06:30.205027371Z,2026-05-18T15:06:29.979505611Z,1,1,2519165,T,A,0,7.000000000,10,0,14715,89511272,7.000000000,7.200000000,10,32,1,1,UD:1V: 13 2519165
2026-05-18T15:06:34.638990156Z,2026-05-18T15:06:34.638376413Z,1,1,2519165,T,A,0,7.000000000,1,0,17221,89553186,7.000000000,7.200000000,10,32,1,1,UD:1V: 13 2519165
2026-05-18T15:06:34.914378614Z,2026-05-18T15:06:34.845808725Z,1,1,2519165,T,A,0,7.000000000,1,0,12694,89555799,7.000000000,7.200000000,9,32,1,1,UD:1V: 13 2519165
2026-05-18T15:06:35.253539910Z,2026-05-18T15:06:35.134140219Z,1,1,2519165,T,A,0,7.000000000,1,0,13760,89559100,7.000000000,7.200000000,8,32,1,1,UD:1V: 13 2519165
2026-05-18T15:06:35.389314383Z,2026-05-18T15:06:35.217819041Z,1,1,2519165,T,A,0,7.000000000,1,0,13555,89560212,7.000000000,7.200000000,7,32,1,1,UD:1V: 13 2519165
2026-05-18T15:06:35.566651315Z,2026-05-18T15:06:35.551804223Z,1,1,2519165,T,A,0,7.000000000,1,0,12956,89561535,7.000000000,7.200000000,6,32,1,1,UD:1V: 13 2519165
2026-05-18T15:06:35.738056999Z,2026-05-18T15:06:35.736697957Z,1,1,2519165,T,A,0,7.000000000,1,0,14707,89562200,7.000000000,7.200000000,5,32,1,1,UD:1V: 13 2519165
2026-05-18T15:06:36.015411830Z,2026-05-18T15:06:35.990807909Z,1,1,2519165,T,A,0,7.000000000,1,0,13915,89564206,7.000000000,7.200000000,4,32,1,1,UD:1V: 13 2519165
2026-05-18T15:06:36.185439628Z,2026-05-18T15:06:36.182104789Z,1,1,2519165,T,A,0,7.000000000,1,0,15091,89565319,7.000000000,7.200000000,3,32,1,1,UD:1V: 13 2519165
2026-05-18T15:06:42.045401692Z,2026-05-18T15:06:40.895043955Z,1,1,42867406,T,B,0,125.500000000,2,0,13523,247756043,124.000000000,125.500000000,9,3,1,1,ESM6 C7425
2026-05-18T15:06:42.120604452Z,2026-05-18T15:06:40.931681481Z,1,1,42867406,T,B,0,125.500000000,1,0,13869,247757156,124.000000000,125.500000000,9,1,1,1,ESM6 C7425
2026-05-18T15:06:47.200439284Z,2026-05-18T15:06:47.148330943Z,1,1,42572477,T,A,0,16.300000000,1,0,13730,247848105,16.300000000,16.500000000,1,52,1,3,ESM6 C7750
2026-05-18T15:06:50.292736455Z,2026-05-18T15:06:50.155610553Z,1,1,42394812,T,B,0,22.750000000,4,0,17799,247891416,22.500000000,22.750000000,267,4,8,1,ESM6 P6800
2026-05-18T15:07:05.392495126Z,2026-05-18T15:07:05.383596263Z,1,1,42404374,T,B,0,38.750000000,3,0,20955,248110883,38.500000000,38.750000000,72,3,3,1,ESM6 P7000
2026-05-18T15:07:05.445787887Z,2026-05-18T15:07:05.445246325Z,1,1,42404374,T,A,0,38.750000000,8,0,21246,248111467,38.750000000,39.000000000,8,78,1,5,ESM6 P7000
2026-05-18T15:07:25.069291566Z,2026-05-18T15:07:24.835748961Z,1,1,42572477,T,A,0,16.200000000,1,0,14572,248373140,16.200000000,16.400000000,1,59,1,3,ESM6 C7750
2026-05-18T15:07:25.688287056Z,2026-05-18T15:07:25.352603919Z,1,1,2519165,T,A,0,7.000000000,2,0,14174,89916995,7.000000000,7.400000000,2,42,1,1,UD:1V: 13 2519165
2026-05-18T15:07:30.591830484Z,2026-05-18T15:07:30.210638513Z,1,1,42404374,T,B,0,39.000000000,2,0,18192,248470826,38.500000000,39.000000000,187,2,7,1,ESM6 P7000
2026-05-18T15:07:31.012330165Z,2026-05-18T15:07:30.591844001Z,1,1,42404374,T,A,0,39.000000000,6,0,13933,248476092,39.000000000,39.250000000,8,164,1,7,ESM6 P7000
2026-05-18T15:07:31.017967126Z,2026-05-18T15:07:30.601253915Z,1,1,42404374,T,A,0,39.000000000,2,0,14744,248476138,39.000000000,39.250000000,2,159,1,6,ESM6 P7000
2026-05-18T15:08:14.440186249Z,2026-05-18T15:08:14.436875697Z,1,1,205864,T,B,0,35.750000000,1,0,13623,249103528,35.500000000,35.750000000,76,10,2,1,ESZ6 P4900
2026-05-18T15:08:14.448699087Z,2026-05-18T15:08:14.436878097Z,1,1,205864,T,B,0,35.750000000,9,0,18074,249103530,35.500000000,35.750000000,76,9,2,1,ESZ6 P4900
2026-05-18T15:08:31.546019145Z,2026-05-18T15:08:31.052882267Z,1,1,2656006,T,B,0,13.800000000,3,0,17002,90369988,13.700000000,13.800000000,149,3,2,1,UD:1V: VT 2656006
2026-05-18T15:09:01.111398660Z,2026-05-18T15:09:01.056009561Z,1,1,42629564,T,A,0,107.500000000,6,0,15756,249790392,107.500000000,108.000000000,6,61,1,4,ESU6 C7850
2026-05-18T15:09:13.215190756Z,2026-05-18T15:09:12.646810773Z,1,1,2583102,T,B,0,24.250000000,7,0,13555,90675937,24.000000000,24.250000000,262,67,3,1,UD:1V: VT 2583102
2026-05-18T15:09:13.244557587Z,2026-05-18T15:09:12.647086135Z,1,1,42673157,T,A,0,86.750000000,6,0,16120,249975544,86.750000000,87.000000000,6,34,1,1,ESM7 C9000
2026-05-18T15:09:34.345616300Z,2026-05-18T15:09:34.319521967Z,1,1,42853788,T,B,0,8.500000000,9,0,11954,250276336,8.300000000,8.500000000,536,9,8,2,ESM6 P6325
2026-05-18T15:09:34.649106022Z,2026-05-18T15:09:34.604160755Z,1,1,42378374,T,A,0,69.000000000,4,0,16301,250282458,69.000000000,69.250000000,4,42,1,3,ESM6 P7200
2026-05-18T15:09:44.219750601Z,2026-05-18T15:09:43.865714251Z,1,1,42404374,T,A,0,39.000000000,1,0,14222,250439162,39.000000000,39.250000000,23,7,2,2,ESM6 P7000
2026-05-18T15:09:45.042287363Z,2026-05-18T15:09:44.796952993Z,1,1,315095,T,B,0,18.600000000,1,0,12135,250452245,18.400000000,18.600000000,150,114,4,1,ESZ6 P4000
2026-05-18T15:09:45.042440262Z,2026-05-18T15:09:44.796954875Z,1,1,315095,T,B,0,18.600000000,55,0,11205,250452247,18.400000000,18.600000000,150,113,4,1,ESZ6 P4000
2026-05-18T15:09:50.746044135Z,2026-05-18T15:09:50.046583489Z,1,1,2519321,T,B,0,156.000000000,1,0,19751,90953476,155.000000000,156.000000000,10,47,1,2,UD:1V: GN 2519321
2026-05-18T15:10:02.214292398Z,2026-05-18T15:10:02.065416465Z,1,1,42378618,T,B,0,30.000000000,2,0,13189,250742466,29.750000000,30.000000000,263,2,9,1,ESM6 P6900
2026-05-18T15:10:04.468142201Z,2026-05-18T15:10:04.458765549Z,1,1,2519207,T,A,0,425.500000000,10,0,15130,91067081,425.500000000,426.500000000,10,102,1,2,UD:1V: IB 2519207
2026-05-18T15:10:08.587666591Z,2026-05-18T15:10:08.164153979Z,1,1,42366523,T,A,0,52.500000000,2,0,13539,250847972,52.500000000,52.750000000,3,3,1,1,ESM6 P7100
2026-05-18T15:10:13.407093801Z,2026-05-18T15:10:13.350313671Z,1,1,2506183,T,A,0,48.000000000,6,0,12273,91138510,48.000000000,48.250000000,6,603,1,6,UD:1V: VT 2506183
2026-05-18T15:10:14.744159652Z,2026-05-18T15:10:14.688541037Z,1,1,42384731,T,A,0,95.500000000,3,0,13718,250956286,95.500000000,95.750000000,3,2,1,1,ESM6 P7300
2026-05-18T15:10:15.944140900Z,2026-05-18T15:10:15.936768535Z,1,1,2666427,T,B,0,83.500000000,68,0,26123,91163277,83.000000000,83.500000000,71,68,2,1,UD:1V: VT 2666427
2026-05-18T15:10:16.739576750Z,2026-05-18T15:10:16.734915011Z,1,1,2519341,T,B,0,31.500000000,3,0,14522,91168726,31.000000000,31.500000000,92,3,3,1,UD:1V: GN 2519341
2026-05-18T15:10:22.626986457Z,2026-05-18T15:10:21.946611703Z,1,1,42366523,T,B,0,52.250000000,2,0,17004,251076667,52.000000000,52.250000000,118,2,7,1,ESM6 P7100
2026-05-18T15:10:23.510653622Z,2026-05-18T15:10:22.708368997Z,1,1,2519350,T,B,0,52.250000000,1,0,13685,91218009,52.000000000,52.250000000,9,3,1,1,UD:1V: GN 2519350
2026-05-18T15:10:24.025519477Z,2026-05-18T15:10:23.205562947Z,1,1,2519350,T,B,0,52.250000000,2,0,14053,91222669,52.000000000,52.250000000,9,2,1,1,UD:1V: GN 2519350
2026-05-18T15:10:26.167902447Z,2026-05-18T15:10:25.944537469Z,1,1,42366523,T,A,0,52.500000000,4,0,11494,251138843,52.500000000,52.750000000,4,32,1,2,ESM6 P7100
2026-05-18T15:10:30.327985838Z,2026-05-18T15:10:30.327416819Z,1,1,2672371,T,A,0,407.000000000,10,0,15958,91277245,407.000000000,408.500000000,10,251,1,3,UD:1V: IB 2672371
2026-05-18T15:10:39.928898054Z,2026-05-18T15:10:39.086991807Z,1,1,2519357,T,B,0,30.750000000,3,0,14469,91344480,30.250000000,30.750000000,68,3,2,1,UD:1V: GN 2519357
2026-05-18T15:10:40.571183713Z,2026-05-18T15:10:39.867444315Z,1,1,42366513,T,B,0,130.000000000,2,0,16897,251347716,129.500000000,130.000000000,31,2,4,1,ESM6 P7400
2026-05-18T15:10:42.496854276Z,2026-05-18T15:10:41.964449587Z,1,1,42366513,T,A,0,130.000000000,1,0,17380,251384439,130.000000000,130.500000000,1,14,1,3,ESM6 P7400
2026-05-18T15:10:45.117751798Z,2026-05-18T15:10:43.041299621Z,1,1,2514223,T,A,0,20.250000000,63,0,17059,91387950,20.250000000,20.500000000,63,351,1,1,UD:1V: VT 2514223
2026-05-18T15:10:49.086984889Z,2026-05-18T15:10:47.418418147Z,1,1,42404370,T,A,0,9.700000000,6,0,14332,251480882,9.700000000,9.800000000,25,114,1,1,ESM6 P6400
2026-05-18T15:10:51.927529663Z,2026-05-18T15:10:51.401643763Z,1,1,42572477,T,A,0,15.800000000,1,0,13193,251529449,15.800000000,16.000000000,1,59,1,3,ESM6 C7750
2026-05-18T15:10:54.145611478Z,2026-05-18T15:10:53.205917013Z,1,1,2666430,T,B,0,91.000000000,1,0,15318,91464460,90.500000000,91.000000000,95,148,2,2,UD:1V: VT 2666430
2026-05-18T15:10:54.186466299Z,2026-05-18T15:10:53.307045641Z,1,1,42867406,T,B,0,123.500000000,3,0,13807,251564196,123.000000000,123.500000000,5,3,1,1,ESM6 C7425
2026-05-18T15:10:58.288883252Z,2026-05-18T15:10:58.288318377Z,1,1,2519318,T,A,0,15.200000000,1,0,21484,91500251,15.200000000,15.300000000,1,335,1,3,UD:1V: BO 2519318
2026-05-18T15:11:15.576210457Z,2026-05-18T15:11:15.518668915Z,1,1,42378374,T,B,0,68.750000000,1,0,12583,251895310,68.500000000,68.750000000,38,1,4,1,ESM6 P7200
2026-05-18T15:11:19.526206570Z,2026-05-18T15:11:19.290369871Z,1,1,42446245,T,A,0,44.500000000,1,0,13153,251954202,44.500000000,45.000000000,28,81,2,5,ESM6 P7050
2026-05-18T15:11:33.048953265Z,2026-05-18T15:11:33.041868971Z,1,1,42413514,T,A,0,217.000000000,5,0,16906,252139762,217.000000000,218.000000000,5,66,1,6,ESU6 P7300
2026-05-18T15:11:33.063686983Z,2026-05-18T15:11:33.041870239Z,1,1,42487847,T,A,0,202.500000000,4,0,13542,252140005,202.500000000,203.500000000,27,62,2,4,ESU6 P7250
2026-05-18T15:11:35.141785022Z,2026-05-18T15:11:34.738967083Z,1,1,42429363,T,A,0,189.000000000,6,0,19527,252165947,189.000000000,190.000000000,6,74,1,4,ESU6 P7200
2026-05-18T15:11:40.051246669Z,2026-05-18T15:11:40.050945141Z,1,1,42413514,T,B,0,217.000000000,9,0,15403,252250727,216.500000000,217.000000000,82,9,5,1,ESU6 P7300
2026-05-18T15:11:41.617405564Z,2026-05-18T15:11:41.611936029Z,1,1,42487847,T,B,0,202.500000000,4,0,13005,252268996,202.000000000,202.500000000,116,4,5,1,ESU6 P7250
2026-05-18T15:11:49.527428686Z,2026-05-18T15:11:49.438834409Z,1,1,42429363,T,A,0,189.000000000,10,0,15893,252367426,189.000000000,189.500000000,19,22,3,1,ESU6 P7200
2026-05-18T15:11:51.811243193Z,2026-05-18T15:11:51.283161411Z,1,1,42429363,T,B,0,189.000000000,6,0,13002,252403645,188.500000000,189.000000000,55,6,3,1,ESU6 P7200
2026-05-18T15:11:56.800928278Z,2026-05-18T15:11:56.798315585Z,1,1,42394754,T,B,0,6.900000000,6,0,14245,252491515,6.800000000,6.900000000,87,6,5,1,ESM6 P6200
2026-05-18T15:12:10.283556529Z,2026-05-18T15:12:10.273830223Z,1,1,42404374,T,B,0,38.500000000,5,0,17791,252667987,38.000000000,38.500000000,225,5,8,2,ESM6 P7000
2026-05-18T15:12:10.300591804Z,2026-05-18T15:12:10.283543043Z,1,1,42404374,T,A,0,38.500000000,15,0,11410,252668308,38.500000000,38.750000000,15,103,1,6,ESM6 P7000
2026-05-18T15:12:11.477084547Z,2026-05-18T15:12:11.381492603Z,1,1,42429363,T,A,0,188.500000000,4,0,17368,252688318,188.500000000,189.000000000,12,22,2,1,ESU6 P7200
2026-05-18T15:12:11.858569607Z,2026-05-18T15:12:11.767744141Z,1,1,2656006,T,B,0,13.800000000,3,0,11332,92005786,13.700000000,13.800000000,937,3,7,1,UD:1V: VT 2656006
2026-05-18T15:12:11.866783057Z,2026-05-18T15:12:11.767852295Z,1,1,2519426,T,A,0,33.250000000,1,0,17770,92005914,33.250000000,33.500000000,1,478,1,7,UD:1V: VT 2519426
2026-05-18T15:12:30.513992409Z,2026-05-18T15:12:30.381292319Z,1,1,42404374,T,A,0,38.250000000,10,0,14018,252946533,38.250000000,38.500000000,10,80,1,7,ESM6 P7000
2026-05-18T15:12:55.833397862Z,2026-05-18T15:12:55.809637759Z,1,1,2519165,T,A,0,7.000000000,64,0,13939,92288169,7.000000000,7.300000000,102,51,1,1,UD:1V: 13 2519165
2026-05-18T15:12:56.029501220Z,2026-05-18T15:12:56.023437333Z,1,1,2519165,T,A,0,7.000000000,11,0,15937,92289968,7.000000000,7.200000000,11,164,1,2,UD:1V: 13 2519165
2026-05-18T15:13:40.369732980Z,2026-05-18T15:13:39.852695455Z,1,1,42516900,T,A,0,107.500000000,1,0,14493,253833945,107.500000000,108.000000000,1,39,1,5,ESM6 P7350
2026-05-18T15:13:46.681281028Z,2026-05-18T15:13:46.680620303Z,1,1,42366511,T,B,0,47.500000000,7,0,16644,253905523,47.250000000,47.500000000,82,7,6,1,ESM6 C7600
2026-05-18T15:14:00.611715382Z,2026-05-18T15:14:00.348746561Z,1,1,42853788,T,B,0,8.400000000,6,0,16084,254060437,8.200000000,8.400000000,498,6,10,1,ESM6 P6325
2026-05-18T15:14:01.362150065Z,2026-05-18T15:14:00.887783371Z,1,1,42990302,T,B,0,7.800000000,6,0,14006,254073612,7.600000000,7.800000000,301,6,7,1,ESM6 P6280
2026-05-18T15:14:04.496037046Z,2026-05-18T15:14:04.495049485Z,1,1,42587343,T,B,0,372.500000000,10,0,21205,254123039,371.500000000,372.500000000,52,10,4,1,ESZ6 C7550
2026-05-18T15:14:08.597515988Z,2026-05-18T15:14:08.503941919Z,1,1,42471229,T,B,0,288.000000000,4,0,12699,254185561,287.500000000,288.000000000,53,16,4,1,ESU6 C7450
2026-05-18T15:14:08.597711453Z,2026-05-18T15:14:08.503942095Z,1,1,42471229,T,B,0,288.000000000,9,0,15511,254185563,287.500000000,288.000000000,53,12,4,1,ESU6 C7450
2026-05-18T15:14:08.598217231Z,2026-05-18T15:14:08.504020431Z,1,1,42471229,T,B,0,288.000000000,3,0,13430,254185568,287.500000000,288.000000000,53,3,4,1,ESU6 C7450
2026-05-18T15:14:27.169433243Z,2026-05-18T15:14:27.162115769Z,1,1,42330564,T,B,0,243.500000000,10,0,14720,254421263,243.000000000,243.500000000,22,10,2,1,ESZ6 C7800
2026-05-18T15:14:32.044390884Z,2026-05-18T15:14:32.035305271Z,1,1,42378715,T,A,0,335.500000000,2,0,17697,254488714,335.500000000,336.500000000,2,17,1,1,ESH7 C7850
2026-05-18T15:14:32.873949727Z,2026-05-18T15:14:32.870909799Z,1,1,42413514,T,B,0,217.000000000,14,0,12014,254498342,216.500000000,217.000000000,95,18,6,1,ESU6 P7300
2026-05-18T15:14:36.602227867Z,2026-05-18T15:14:36.599159127Z,1,1,42642925,T,B,0,451.000000000,10,0,11369,254549622,450.500000000,451.000000000,28,10,2,1,ESH7 P7550
2026-05-18T15:14:41.387618706Z,2026-05-18T15:14:41.386886805Z,1,1,42642925,T,B,0,451.000000000,10,0,13074,254605159,450.500000000,451.000000000,30,10,3,1,ESH7 P7550
2026-05-18T15:14:44.139599375Z,2026-05-18T15:14:44.101193467Z,1,1,42397652,T,B,0,205.500000000,11,0,13336,254636643,205.000000000,205.500000000,68,17,4,1,ESU6 C7600
2026-05-18T15:14:46.954054529Z,2026-05-18T15:14:46.951426247Z,1,1,42087841,T,B,0,251.500000000,10,0,11033,254662354,251.000000000,251.500000000,44,10,3,1,ESZ6 P7100
2026-05-18T15:14:54.240492053Z,2026-05-18T15:14:53.811202065Z,1,1,42471229,T,B,0,288.500000000,16,0,14654,254757150,288.000000000,288.500000000,39,16,4,1,ESU6 C7450
2026-05-18T15:14:54.246406339Z,2026-05-18T15:14:53.815055287Z,1,1,42668409,T,B,0,78.500000000,13,0,11473,254757349,78.250000000,78.500000000,85,13,3,1,ESU6 C7950
2026-05-18T15:14:56.329575551Z,2026-05-18T15:14:56.205947479Z,1,1,42521843,T,B,0,414.500000000,10,0,11313,254787019,414.000000000,414.500000000,30,10,2,1,ESH7 P7450
2026-05-18T15:15:12.661075483Z,2026-05-18T15:15:12.094764603Z,1,1,42471229,T,B,0,287.500000000,16,0,13919,255041901,287.000000000,287.500000000,39,16,4,1,ESU6 C7450
2026-05-18T15:15:20.888535038Z,2026-05-18T15:15:20.556992431Z,1,1,42516900,T,A,0,108.000000000,1,0,15284,255144247,108.000000000,108.500000000,1,36,1,5,ESM6 P7350
2026-05-18T15:15:46.246919531Z,2026-05-18T15:15:46.153992689Z,1,1,2501126,T,A,0,30.750000000,6,0,17413,93329127,30.750000000,31.000000000,6,1649,1,7,UD:1V: VT 2501126
2026-05-18T15:16:12.083906895Z,2026-05-18T15:16:11.292304823Z,1,1,42378541,T,A,0,8.000000000,3,0,17651,255854060,8.000000000,8.200000000,3,306,1,8,ESM6 P6300
2026-05-18T15:16:36.856002951Z,2026-05-18T15:16:36.735522427Z,1,1,42804683,T,B,0,75.000000000,5,0,28400,256200852,74.750000000,75.000000000,101,5,7,1,ESM6 P7225
2026-05-18T15:16:51.850528966Z,2026-05-18T15:16:50.509584749Z,1,1,2507039,T,B,0,33.750000000,10,0,13333,93796312,33.500000000,33.750000000,169,10,3,1,UD:1V: VT 2507039
2026-05-18T15:17:05.714416862Z,2026-05-18T15:17:05.539779737Z,1,1,2673459,T,A,0,4.750000000,6,0,12673,93901216,4.750000000,4.850000000,6,381,1,4,UD:1V: VT 2673459
2026-05-18T15:17:07.428831815Z,2026-05-18T15:17:07.409496265Z,1,1,42372979,T,A,0,203.000000000,1,0,18177,256668526,203.000000000,203.500000000,3,5,1,1,ESM6 C7300
2026-05-18T15:17:08.126506591Z,2026-05-18T15:17:07.773493743Z,1,1,42940284,T,A,0,12.700000000,11,0,18734,256676905,12.700000000,13.000000000,11,112,2,5,ESM6 C7775
2026-05-18T15:17:09.789726153Z,2026-05-18T15:17:09.713062423Z,1,1,2669616,T,A,0,46.000000000,6,0,17388,93926081,46.000000000,46.250000000,6,795,1,8,UD:1V: VT 2669616
2026-05-18T15:17:10.908871993Z,2026-05-18T15:17:10.553167217Z,1,1,42973069,T,A,0,8.300000000,6,0,17422,256719686,8.300000000,8.500000000,6,110,1,4,ESM6 C7825
2026-05-18T15:17:15.783458052Z,2026-05-18T15:17:15.772281739Z,1,1,2673459,T,A,0,4.700000000,6,0,13573,93975688,4.700000000,4.800000000,6,616,1,7,UD:1V: VT 2673459
2026-05-18T15:17:17.862545307Z,2026-05-18T15:17:17.860901163Z,1,1,42883555,T,A,0,2.300000000,15,0,15663,256834749,2.300000000,2.350000000,15,14,2,1,ESM6 C7975
2026-05-18T15:17:17.869649589Z,2026-05-18T15:17:17.860951045Z,1,1,42760625,T,B,0,12.300000000,6,0,14407,256834758,12.100000000,12.300000000,347,6,6,1,ESM6 P6525
2026-05-18T15:17:17.878212940Z,2026-05-18T15:17:17.861900847Z,1,1,42384779,T,B,0,14.400000000,5,0,19242,256834905,14.200000000,14.400000000,77,5,4,1,ESM6 P6600
2026-05-18T15:17:18.217401126Z,2026-05-18T15:17:18.188711955Z,1,1,42404374,T,B,0,39.000000000,3,0,12816,256838310,38.750000000,39.000000000,44,3,3,1,ESM6 P7000
2026-05-18T15:17:19.061607073Z,2026-05-18T15:17:19.035996699Z,1,1,2507749,T,B,0,40.250000000,5,0,17117,93999336,39.750000000,40.250000000,248,5,6,1,UD:1V: VT 2507749
2026-05-18T15:17:21.245748959Z,2026-05-18T15:17:21.179027381Z,1,1,2673459,T,A,0,4.700000000,6,0,14272,94013859,4.700000000,4.800000000,6,173,1,3,UD:1V: VT 2673459
2026-05-18T15:17:24.522158028Z,2026-05-18T15:17:24.521576095Z,1,1,42404374,T,A,0,39.000000000,11,0,12914,256915382,39.000000000,39.250000000,11,89,1,6,ESM6 P7000
2026-05-18T15:17:27.199551165Z,2026-05-18T15:17:27.199184571Z,1,1,42404374,T,A,0,39.000000000,1,0,13939,256948253,39.000000000,39.250000000,1,233,1,9,ESM6 P7000
2026-05-18T15:17:47.173787103Z,2026-05-18T15:17:46.773745703Z,1,1,42366523,T,A,0,51.750000000,2,0,17912,257185726,51.750000000,52.250000000,71,89,4,6,ESM6 P7100
2026-05-18T15:17:52.610944958Z,2026-05-18T15:17:51.901304935Z,1,1,42366513,T,A,0,128.000000000,3,0,16787,257270484,128.000000000,128.500000000,10,23,1,2,ESM6 P7400
2026-05-18T15:17:52.639974079Z,2026-05-18T15:17:51.901841869Z,1,1,42366513,T,A,0,128.000000000,7,0,11053,257270753,128.000000000,128.500000000,7,23,1,2,ESM6 P7400
2026-05-18T15:18:03.344883966Z,2026-05-18T15:18:03.344371433Z,1,1,42366523,T,A,0,52.000000000,2,0,15094,257442522,52.000000000,52.250000000,10,2,2,1,ESM6 P7100
2026-05-18T15:18:11.724018415Z,2026-05-18T15:18:11.645938933Z,1,1,42384646,T,B,0,0.900000000,1,0,12978,257556354,0.850000000,0.900000000,254,1,2,1,ESM6 P4650
2026-05-18T15:18:14.086138459Z,2026-05-18T15:18:13.885651211Z,1,1,2672880,T,B,0,18.300000000,6,0,11615,94364093,18.100000000,18.300000000,636,6,6,1,UD:1V: VT 2672880
2026-05-18T15:18:19.827954729Z,2026-05-18T15:18:19.821382109Z,1,1,2586265,T,B,0,27.500000000,66,0,22242,94401579,27.250000000,27.500000000,196,66,5,1,UD:1V: VT 2586265
2026-05-18T15:18:21.524656479Z,2026-05-18T15:18:21.354497791Z,1,1,42378618,T,B,0,30.000000000,9,0,12656,257692612,29.750000000,30.000000000,38,30,1,1,ESM6 P6900
2026-05-18T15:18:22.629239655Z,2026-05-18T15:18:22.551760941Z,1,1,42378618,T,B,0,30.000000000,9,0,14972,257711402,29.750000000,30.000000000,100,21,4,1,ESM6 P6900
2026-05-18T15:18:22.740556996Z,2026-05-18T15:18:22.636549725Z,1,1,42378618,T,B,0,30.000000000,12,0,11125,257713353,29.750000000,30.000000000,146,12,6,1,ESM6 P6900
2026-05-18T15:18:22.897780021Z,2026-05-18T15:18:22.636712525Z,1,1,2519631,T,A,0,3.800000000,2,0,17333,94423591,3.800000000,3.900000000,10,38,1,2,UD:1V: 13 2519631
2026-05-18T15:18:23.181932387Z,2026-05-18T15:18:22.803186153Z,1,1,42377432,T,B,0,58.000000000,1,0,20237,257722008,57.750000000,58.000000000,84,1,3,1,ESU6 P6200
2026-05-18T15:18:26.574600825Z,2026-05-18T15:18:26.488395327Z,1,1,2519631,T,A,0,3.800000000,8,0,14556,94451331,3.800000000,3.900000000,8,38,1,2,UD:1V: 13 2519631
2026-05-18T15:18:30.311256859Z,2026-05-18T15:18:30.263846505Z,1,1,2519134,T,A,0,-1.000000000,3,0,18328,94484859,-1.000000000,-0.700000000,3,153,1,2,UD:1V: GN 2519134
2026-05-18T15:18:35.950280977Z,2026-05-18T15:18:35.946344403Z,1,1,42366511,T,A,0,45.750000000,5,0,12900,257917826,45.750000000,46.000000000,5,206,1,8,ESM6 C7600
2026-05-18T15:18:45.851192502Z,2026-05-18T15:18:45.050721467Z,1,1,42377432,T,B,0,58.250000000,1,0,14678,258028085,58.000000000,58.250000000,164,1,3,1,ESU6 P6200
2026-05-18T15:18:45.954926817Z,2026-05-18T15:18:45.095819257Z,1,1,2514192,T,A,0,-38.500000000,1,0,14706,94574538,-38.500000000,-38.000000000,1,63,1,3,UD:1V: 12 2514192
2026-05-18T15:18:46.763639934Z,2026-05-18T15:18:45.870915523Z,1,1,2519408,T,B,0,1.000000000,20,0,14759,94580453,0.950000000,1.000000000,2950,20,8,1,UD:1V: VT 2519408
2026-05-18T15:18:59.416792374Z,2026-05-18T15:18:59.154133943Z,1,1,2519687,T,A,0,83.250000000,31,0,16393,94660521,83.250000000,83.500000000,50,167,1,3,UD:1V:CFO 2519687
2026-05-18T15:18:59.831134751Z,2026-05-18T15:18:59.416796045Z,1,1,2519687,T,A,0,83.250000000,19,0,15407,94663980,83.250000000,83.500000000,19,191,1,5,UD:1V:CFO 2519687
2026-05-18T15:19:00.366165567Z,2026-05-18T15:19:00.266962907Z,1,1,42394740,T,B,0,1.750000000,20,0,12724,258218500,1.700000000,1.750000000,243,20,4,1,ESM6 P5200
2026-05-18T15:19:01.875091817Z,2026-05-18T15:19:01.611297717Z,1,1,2586265,T,B,0,28.000000000,57,0,15856,94678594,27.750000000,28.000000000,432,69,7,1,UD:1V: VT 2586265
2026-05-18T15:19:12.046044318Z,2026-05-18T15:19:12.045549423Z,1,1,42366523,T,A,0,52.750000000,1,0,14810,258374915,52.750000000,53.250000000,130,152,6,9,ESM6 P7100
2026-05-18T15:19:13.192883583Z,2026-05-18T15:19:13.058615435Z,1,1,2510599,T,B,0,16.700000000,5,0,14795,94750822,16.000000000,16.700000000,255,5,2,1,UD:1V: HO 2510599
2026-05-18T15:19:13.622973024Z,2026-05-18T15:19:13.556324113Z,1,1,2519687,T,A,0,83.250000000,50,0,14785,94755335,83.250000000,83.500000000,50,262,1,4,UD:1V:CFO 2519687
2026-05-18T15:19:16.669595348Z,2026-05-18T15:19:16.157185217Z,1,1,2501126,T,A,0,30.500000000,6,0,13610,94779667,30.500000000,30.750000000,6,1525,1,7,UD:1V: VT 2501126
2026-05-18T15:19:17.380417246Z,2026-05-18T15:19:16.891429281Z,1,1,42378618,T,B,0,30.500000000,2,0,11687,258466161,30.250000000,30.500000000,42,2,3,1,ESM6 P6900
2026-05-18T15:19:24.211371215Z,2026-05-18T15:19:24.129069975Z,1,1,42378374,T,B,0,72.000000000,1,0,11169,258579227,71.750000000,72.000000000,34,1,3,1,ESM6 P7200
2026-05-18T15:19:24.942038132Z,2026-05-18T15:19:24.771166711Z,1,1,42366523,T,A,0,53.500000000,1,0,24113,258593420,53.500000000,54.000000000,147,47,5,5,ESM6 P7100
2026-05-18T15:19:27.512947046Z,2026-05-18T15:19:26.591309683Z,1,1,2519631,T,A,0,3.750000000,20,0,13234,94870011,3.750000000,3.900000000,20,6,1,1,UD:1V: 13 2519631
2026-05-18T15:19:27.615838701Z,2026-05-18T15:19:26.592072045Z,1,1,42384779,T,B,0,14.800000000,9,0,11141,258633623,14.600000000,14.800000000,6,10,1,1,ESM6 P6600
2026-05-18T15:19:27.635991700Z,2026-05-18T15:19:26.594549591Z,1,1,42384779,T,B,0,14.800000000,1,0,11450,258634216,14.600000000,14.800000000,6,1,1,1,ESM6 P6600
2026-05-18T15:19:33.216315816Z,2026-05-18T15:19:33.088966109Z,1,1,2673196,T,B,0,-49.750000000,3,0,22947,94924428,-50.250000000,-49.750000000,27,3,2,1,UD:1V: GN 2673196
2026-05-18T15:19:37.480970390Z,2026-05-18T15:19:37.480448809Z,1,1,42366512,T,A,0,3.450000000,5,0,13941,258785514,3.450000000,3.500000000,5,146,1,5,ESM6 P5700
2026-05-18T15:19:38.104236925Z,2026-05-18T15:19:38.097893807Z,1,1,42429065,T,B,0,35.250000000,3,0,20795,258794096,35.000000000,35.250000000,150,3,5,1,ESM6 P6950
2026-05-18T15:19:56.361630008Z,2026-05-18T15:19:55.897413683Z,1,1,42315459,T,B,0,162.000000000,1,0,13100,259053590,161.500000000,162.000000000,14,1,1,1,ESZ6 C8000
2026-05-18T15:19:58.245374459Z,2026-05-18T15:19:58.152569639Z,1,1,42611781,T,B,0,61.750000000,4,0,11165,259086218,61.250000000,61.750000000,63,4,7,1,ESM6 C7550
2026-05-18T15:20:08.437568579Z,2026-05-18T15:20:07.292077865Z,1,1,42384755,T,B,0,178.500000000,1,0,17896,259246890,177.500000000,178.500000000,35,1,5,1,ESM6 P7500
2026-05-18T15:20:09.987013217Z,2026-05-18T15:20:09.822150749Z,1,1,2668624,T,B,0,18.700000000,6,0,11040,95189503,18.600000000,18.700000000,313,6,5,1,UD:1V: VT 2668624
2026-05-18T15:20:18.021955382Z,2026-05-18T15:20:17.134520887Z,1,1,2501126,T,A,0,30.500000000,6,0,16797,95250733,30.500000000,30.750000000,6,1822,1,9,UD:1V: VT 2501126
2026-05-18T15:20:23.007872114Z,2026-05-18T15:20:22.965120659Z,1,1,42170618,T,A,0,198.000000000,25,0,16224,259485433,198.000000000,198.500000000,25,33,1,2,ESZ6 C7900
2026-05-18T15:20:38.176943385Z,2026-05-18T15:20:36.925697729Z,1,1,2517741,T,A,0,-0.150000000,4,0,16814,95398788,-0.150000000,-0.100000000,7,103,2,1,UD:1V: GN 2517741
2026-05-18T15:20:38.230464633Z,2026-05-18T15:20:36.927511763Z,1,1,2517741,T,A,0,-0.150000000,3,0,14697,95399193,-0.150000000,-0.100000000,3,103,2,1,UD:1V: GN 2517741
2026-05-18T15:20:42.663732836Z,2026-05-18T15:20:40.710438013Z,1,1,2519854,T,B,0,84.250000000,5,0,22035,95435946,84.000000000,84.250000000,381,5,4,1,UD:1V: VT 2519854
2026-05-18T15:20:42.663969446Z,2026-05-18T15:20:40.710447025Z,1,1,2519854,T,B,0,84.250000000,26,0,12507,95435948,84.000000000,84.250000000,381,5,4,1,UD:1V: VT 2519854
2026-05-18T15:20:42.682435833Z,2026-05-18T15:20:40.726758915Z,1,1,2519854,T,B,0,84.250000000,44,0,11835,95436104,84.000000000,84.250000000,381,4,4,1,UD:1V: VT 2519854
2026-05-18T15:21:02.649777043Z,2026-05-18T15:21:02.626101301Z,1,1,2501126,T,A,0,30.500000000,6,0,10950,95616295,30.500000000,30.750000000,6,2016,1,10,UD:1V: VT 2501126
2026-05-18T15:21:07.135047903Z,2026-05-18T15:21:06.817489233Z,1,1,42366511,T,A,0,44.750000000,30,0,14420,260158832,44.750000000,45.250000000,111,96,6,6,ESM6 C7600
2026-05-18T15:21:08.364450127Z,2026-05-18T15:21:08.344690607Z,1,1,2501126,T,A,0,30.500000000,6,0,13544,95660213,30.500000000,30.750000000,6,2148,1,11,UD:1V: VT 2501126
2026-05-18T15:21:13.413944969Z,2026-05-18T15:21:13.402894437Z,1,1,42378618,T,B,0,31.000000000,4,0,11525,260248801,30.750000000,31.000000000,72,9,4,3,ESM6 P6900
2026-05-18T15:21:15.088944823Z,2026-05-18T15:21:14.905777871Z,1,1,42384779,T,B,0,14.900000000,10,0,14215,260275241,14.800000000,14.900000000,86,10,5,1,ESM6 P6600
2026-05-18T15:21:25.418411326Z,2026-05-18T15:21:24.781152541Z,1,1,42394812,T,A,0,23.750000000,7,0,14795,260452668,23.750000000,24.000000000,20,111,1,5,ESM6 P6800
2026-05-18T15:21:25.426690575Z,2026-05-18T15:21:24.781283385Z,1,1,42394812,T,A,0,23.750000000,3,0,11353,260452799,23.750000000,24.000000000,13,111,1,5,ESM6 P6800
2026-05-18T15:21:25.430123567Z,2026-05-18T15:21:24.781316141Z,1,1,42394812,T,A,0,23.750000000,3,0,14711,260452862,23.750000000,24.000000000,10,111,1,5,ESM6 P6800
2026-05-18T15:21:25.465010899Z,2026-05-18T15:21:24.784118837Z,1,1,42394812,T,A,0,23.750000000,3,0,17549,260453444,23.750000000,24.000000000,7,111,1,5,ESM6 P6800
2026-05-18T15:21:25.474123071Z,2026-05-18T15:21:24.784218865Z,1,1,42394812,T,A,0,23.750000000,4,0,11585,260453581,23.750000000,24.000000000,4,111,1,5,ESM6 P6800
2026-05-18T15:21:26.674221241Z,2026-05-18T15:21:26.045978391Z,1,1,2501126,T,A,0,30.500000000,6,0,11565,95807947,30.500000000,30.750000000,6,1982,1,11,UD:1V: VT 2501126
2026-05-18T15:21:29.787193929Z,2026-05-18T15:21:28.880698017Z,1,1,42366511,T,B,0,45.250000000,2,0,14191,260525207,45.000000000,45.250000000,35,2,2,2,ESM6 C7600
2026-05-18T15:21:32.362068551Z,2026-05-18T15:21:31.825204217Z,1,1,2671345,T,A,0,8.800000000,6,0,16982,95856172,8.800000000,8.900000000,6,824,1,4,UD:1V: VT 2671345
2026-05-18T15:21:46.688596018Z,2026-05-18T15:21:46.598509957Z,1,1,42366513,T,B,0,130.500000000,1,0,12728,260809715,129.500000000,130.500000000,70,13,9,3,ESM6 P7400
2026-05-18T15:21:46.968823057Z,2026-05-18T15:21:46.897523707Z,1,1,42394754,T,B,0,7.000000000,10,0,12520,260814820,6.900000000,7.000000000,399,10,8,1,ESM6 P6200
2026-05-18T15:21:50.853458183Z,2026-05-18T15:21:49.907229095Z,1,1,42378541,T,A,0,8.200000000,10,0,13239,260869818,8.200000000,8.300000000,27,10,1,1,ESM6 P6300
2026-05-18T15:22:18.118319327Z,2026-05-18T15:22:18.023251801Z,1,1,2501126,T,A,0,30.500000000,6,0,10352,96214284,30.500000000,30.750000000,6,2035,1,11,UD:1V: VT 2501126
2026-05-18T15:22:23.486729406Z,2026-05-18T15:22:23.467811051Z,1,1,42366511,T,B,0,45.250000000,7,0,22556,261341272,44.750000000,45.250000000,161,7,8,2,ESM6 C7600
2026-05-18T15:22:28.125184030Z,2026-05-18T15:22:27.993761959Z,1,1,42681742,T,A,0,179.500000000,50,0,13915,261415224,179.500000000,180.000000000,50,36,1,2,ESZ6 C7950
2026-05-18T15:22:37.108892956Z,2026-05-18T15:22:37.086221385Z,1,1,525442,T,A,0,45.750000000,2,0,19522,261511477,45.750000000,46.000000000,2,100,1,2,ESZ6 P5200
2026-05-18T15:22:46.943749341Z,2026-05-18T15:22:46.934157263Z,1,1,2673835,T,B,0,73.500000000,67,0,23990,96382391,73.250000000,73.500000000,60,67,4,1,UD:1V: VT 2673835
2026-05-18T15:22:50.074096981Z,2026-05-18T15:22:50.046399427Z,1,1,42611781,T,B,0,62.000000000,2,0,17938,261650684,61.750000000,62.000000000,19,2,5,1,ESM6 C7550
2026-05-18T15:22:52.865085944Z,2026-05-18T15:22:52.859168649Z,1,1,42429065,T,B,0,35.250000000,2,0,17266,261686670,35.000000000,35.250000000,158,2,7,1,ESM6 P6950
2026-05-18T15:23:06.994885513Z,2026-05-18T15:23:06.740037129Z,1,1,42404374,T,B,0,40.500000000,2,0,17371,261890338,40.250000000,40.500000000,80,2,3,1,ESM6 P7000
2026-05-18T15:23:07.888949422Z,2026-05-18T15:23:07.871884859Z,1,1,42487843,T,B,0,62.250000000,2,0,18264,261906856,62.000000000,62.250000000,123,2,7,1,ESM6 P7150
2026-05-18T15:23:13.149382702Z,2026-05-18T15:23:12.421239957Z,1,1,42611781,T,A,0,61.250000000,1,0,14873,261995963,61.250000000,61.500000000,1,58,1,4,ESM6 C7550
2026-05-18T15:23:15.481694245Z,2026-05-18T15:23:14.369190801Z,1,1,2672880,T,B,0,18.600000000,6,0,15596,96575822,18.500000000,18.600000000,148,6,1,1,UD:1V: VT 2672880
2026-05-18T15:23:19.575684971Z,2026-05-18T15:23:18.613994309Z,1,1,42378346,T,B,0,81.750000000,2,0,16852,262089253,81.500000000,81.750000000,20,2,1,1,ESM6 C7500
2026-05-18T15:23:21.587917350Z,2026-05-18T15:23:21.563412189Z,1,1,42611781,T,B,0,61.500000000,2,0,12808,262121311,61.000000000,61.500000000,90,2,8,1,ESM6 C7550
2026-05-18T15:23:23.787983415Z,2026-05-18T15:23:23.759106433Z,1,1,42611781,T,B,0,61.500000000,2,0,16376,262143680,61.000000000,61.500000000,101,2,7,1,ESM6 C7550
2026-05-18T15:23:30.855235883Z,2026-05-18T15:23:30.738758529Z,1,1,42611781,T,B,0,61.750000000,2,0,19821,262227025,61.500000000,61.750000000,9,2,2,1,ESM6 C7550
2026-05-18T15:23:58.254250783Z,2026-05-18T15:23:58.253670937Z,1,1,2669815,T,A,0,31.750000000,1,0,27475,96844106,31.750000000,32.000000000,1,413,1,8,UD:1V: VT 2669815
2026-05-18T15:24:06.206096607Z,2026-05-18T15:24:06.094669101Z,1,1,42378592,T,A,0,12.100000000,1,0,16622,262660456,12.100000000,12.300000000,5,238,1,6,ESM6 P6500
2026-05-18T15:24:13.264975999Z,2026-05-18T15:24:13.247255301Z,1,1,42611781,T,B,0,61.250000000,2,0,15720,262757490,60.750000000,61.250000000,116,2,9,1,ESM6 C7550
2026-05-18T15:24:40.382528555Z,2026-05-18T15:24:40.026444053Z,1,1,42505828,T,A,0,44.000000000,1,0,14245,263095037,44.000000000,44.250000000,1,9,1,1,ESZ6 P5150
2026-05-18T15:24:42.785382691Z,2026-05-18T15:24:42.784749031Z,1,1,2669616,T,A,0,45.500000000,6,0,13987,97125671,45.500000000,45.750000000,6,629,1,8,UD:1V: VT 2669616
2026-05-18T15:25:05.168685918Z,2026-05-18T15:25:04.953550329Z,1,1,2669616,T,A,0,45.500000000,6,0,15197,97271737,45.500000000,45.750000000,6,612,1,8,UD:1V: VT 2669616
2026-05-18T15:25:05.472434107Z,2026-05-18T15:25:05.147922567Z,1,1,42394812,T,B,0,24.000000000,4,0,17797,263435911,23.750000000,24.000000000,120,4,6,1,ESM6 P6800
2026-05-18T15:25:06.347974064Z,2026-05-18T15:25:06.129871969Z,1,1,2672880,T,B,0,18.600000000,6,0,20858,97283357,18.500000000,18.600000000,185,27,2,1,UD:1V: VT 2672880
2026-05-18T15:25:17.286548219Z,2026-05-18T15:25:17.271033527Z,1,1,42384725,T,B,0,134.500000000,1,0,13646,263585151,134.000000000,134.500000000,44,1,6,1,ESM6 C7400
2026-05-18T15:25:32.164999118Z,2026-05-18T15:25:31.222921483Z,1,1,2506183,T,A,0,47.750000000,6,0,16872,97443518,47.750000000,48.000000000,6,607,1,7,UD:1V: VT 2506183
2026-05-18T15:25:35.594379611Z,2026-05-18T15:25:34.823620401Z,1,1,42394825,T,A,0,1.000000000,50,0,14149,263830644,1.000000000,1.050000000,50,251,1,3,ESM6 C8100
2026-05-18T15:25:37.837237148Z,2026-05-18T15:25:37.543881369Z,1,1,2672371,T,A,0,407.000000000,10,0,18204,97496492,407.000000000,408.000000000,10,114,1,2,UD:1V: IB 2672371
2026-05-18T15:25:54.689064381Z,2026-05-18T15:25:54.579149143Z,1,1,2672371,T,A,0,407.000000000,10,0,16572,97616956,407.000000000,408.000000000,10,114,1,2,UD:1V: IB 2672371
2026-05-18T15:26:03.599100811Z,2026-05-18T15:26:02.336541963Z,1,1,2671345,T,A,0,8.800000000,6,0,15425,97689108,8.800000000,8.900000000,6,217,1,3,UD:1V: VT 2671345
2026-05-18T15:26:13.619134463Z,2026-05-18T15:26:13.181690339Z,1,1,2673459,T,A,0,4.550000000,6,0,16249,97770289,4.550000000,4.650000000,6,179,1,3,UD:1V: VT 2673459
2026-05-18T15:26:15.827929841Z,2026-05-18T15:26:15.784684577Z,1,1,42394812,T,B,0,23.750000000,4,0,11253,264412952,23.500000000,23.750000000,165,4,8,1,ESM6 P6800
2026-05-18T15:26:30.562908487Z,2026-05-18T15:26:30.515976603Z,1,1,42506314,T,B,0,21.000000000,20,0,13198,264664278,20.750000000,21.000000000,320,20,7,1,ESU6 P5150
2026-05-18T15:27:02.489225715Z,2026-05-18T15:27:02.457616823Z,1,1,42366513,T,B,0,129.500000000,1,0,14235,265042270,129.000000000,129.500000000,2,33,1,5,ESM6 P7400
2026-05-18T15:27:07.087060700Z,2026-05-18T15:27:06.977841775Z,1,1,42627610,T,A,0,33.250000000,5,0,13070,265113412,33.250000000,33.500000000,5,51,1,3,ESM6 C7650
2026-05-18T15:27:11.605275172Z,2026-05-18T15:27:11.395585465Z,1,1,2669815,T,B,0,31.000000000,1,0,13670,98156603,30.750000000,31.000000000,267,3,5,1,UD:1V: VT 2669815
2026-05-18T15:27:11.605401463Z,2026-05-18T15:27:11.395591019Z,1,1,2669815,T,B,0,31.000000000,2,0,11325,98156610,30.750000000,31.000000000,267,2,5,1,UD:1V: VT 2669815
2026-05-18T15:27:15.148590451Z,2026-05-18T15:27:14.959976023Z,1,1,2605284,T,A,0,9.500000000,1,0,14530,98184124,9.500000000,9.700000000,471,1151,5,9,UD:1V: VT 2605284
2026-05-18T15:27:15.867894502Z,2026-05-18T15:27:15.326691157Z,1,1,2519631,T,A,0,3.700000000,2,0,18158,98189010,3.700000000,3.950000000,20,22,1,2,UD:1V: 13 2519631
2026-05-18T15:27:17.335117273Z,2026-05-18T15:27:17.297821409Z,1,1,2519631,T,A,0,3.700000000,2,0,18078,98202500,3.700000000,3.750000000,18,48,1,2,UD:1V: 13 2519631
2026-05-18T15:27:17.683528988Z,2026-05-18T15:27:17.557185271Z,1,1,2519631,T,A,0,3.700000000,1,0,15818,98205071,3.700000000,3.750000000,16,48,1,2,UD:1V: 13 2519631
2026-05-18T15:27:17.720126334Z,2026-05-18T15:27:17.577810147Z,1,1,2519631,T,A,0,3.700000000,1,0,16658,98205393,3.700000000,3.750000000,15,48,1,2,UD:1V: 13 2519631
2026-05-18T15:27:17.970443276Z,2026-05-18T15:27:17.958362645Z,1,1,2519631,T,A,0,3.700000000,2,0,14610,98206887,3.700000000,3.750000000,14,48,1,2,UD:1V: 13 2519631
2026-05-18T15:27:18.385683724Z,2026-05-18T15:27:18.339807159Z,1,1,2519631,T,A,0,3.700000000,2,0,14733,98208478,3.700000000,3.750000000,12,48,1,2,UD:1V: 13 2519631
2026-05-18T15:27:30.273765911Z,2026-05-18T15:27:29.285672591Z,1,1,2519631,T,A,0,3.700000000,1,0,17996,98275310,3.700000000,3.800000000,10,6,1,1,UD:1V: 13 2519631
2026-05-18T15:27:30.285015623Z,2026-05-18T15:27:29.286360605Z,1,1,2519631,T,A,0,3.700000000,2,0,17127,98275372,3.700000000,3.800000000,9,6,1,1,UD:1V: 13 2519631
2026-05-18T15:27:30.508118866Z,2026-05-18T15:27:29.324133255Z,1,1,2519631,T,A,0,3.700000000,3,0,14131,98277305,3.700000000,3.800000000,7,6,1,1,UD:1V: 13 2519631
2026-05-18T15:27:30.510620707Z,2026-05-18T15:27:29.324262763Z,1,1,2519631,T,A,0,3.700000000,2,0,12703,98277314,3.700000000,3.800000000,4,6,1,1,UD:1V: 13 2519631
2026-05-18T15:27:30.528795460Z,2026-05-18T15:27:29.326055347Z,1,1,2519631,T,A,0,3.700000000,1,0,14772,98277435,3.700000000,3.800000000,2,6,1,1,UD:1V: 13 2519631
2026-05-18T15:27:30.589598416Z,2026-05-18T15:27:29.341409639Z,1,1,2519631,T,A,0,3.700000000,1,0,12808,98277861,3.700000000,3.800000000,1,6,1,1,UD:1V: 13 2519631
2026-05-18T15:27:34.769772282Z,2026-05-18T15:27:32.670916895Z,1,1,42804682,T,A,0,22.000000000,1,0,17744,265475070,22.000000000,22.500000000,25,28,1,2,ESM6 P6775
2026-05-18T15:27:38.654037958Z,2026-05-18T15:27:36.957707129Z,1,1,42853804,T,A,0,17.300000000,25,0,18641,265529238,17.300000000,17.500000000,25,92,1,3,ESM6 P6675
2026-05-18T15:27:43.643624689Z,2026-05-18T15:27:42.233594767Z,1,1,2520258,T,B,0,10.400000000,1,0,13532,98379652,10.100000000,10.400000000,111,24,2,1,UD:1V: GN 2520258
2026-05-18T15:28:01.225275251Z,2026-05-18T15:28:01.180690373Z,1,1,42404374,T,B,0,40.000000000,2,0,21587,265834672,39.750000000,40.000000000,118,2,6,1,ESM6 P7000
2026-05-18T15:28:20.624456574Z,2026-05-18T15:28:20.524734621Z,1,1,2672371,T,A,0,407.000000000,10,0,14236,98638696,407.000000000,408.000000000,10,109,1,2,UD:1V: IB 2672371
2026-05-18T15:28:29.258472052Z,2026-05-18T15:28:29.229091425Z,1,1,2672371,T,A,0,407.000000000,10,0,13101,98674783,407.000000000,408.000000000,10,109,1,2,UD:1V: IB 2672371
2026-05-18T15:28:30.905095824Z,2026-05-18T15:28:30.858814931Z,1,1,42409666,T,A,0,3.800000000,30,0,18722,266198037,3.800000000,3.900000000,40,458,1,7,ESM6 P5800
2026-05-18T15:28:34.789575883Z,2026-05-18T15:28:34.732707239Z,1,1,42378346,T,B,0,83.500000000,2,0,19443,266256999,83.250000000,83.500000000,19,2,1,1,ESM6 C7500
2026-05-18T15:28:38.772962212Z,2026-05-18T15:28:38.772428891Z,1,1,42378541,T,A,0,8.100000000,12,0,18581,266318289,8.100000000,8.300000000,41,267,3,6,ESM6 P6300
2026-05-18T15:28:43.069799179Z,2026-05-18T15:28:43.069318429Z,1,1,42636155,T,A,0,147.000000000,25,0,14869,266349663,147.000000000,147.500000000,25,41,1,2,ESZ6 C8050
2026-05-18T15:28:45.858616796Z,2026-05-18T15:28:45.726010879Z,1,1,2672371,T,A,0,407.000000000,10,0,12620,98775343,407.000000000,408.000000000,10,109,1,2,UD:1V: IB 2672371
2026-05-18T15:28:49.400256874Z,2026-05-18T15:28:49.399890557Z,1,1,42636155,T,A,0,147.000000000,25,0,13496,266426987,147.000000000,147.500000000,25,41,1,2,ESZ6 C8050
2026-05-18T15:28:56.026984364Z,2026-05-18T15:28:56.024073039Z,1,1,42394825,T,A,0,1.000000000,50,0,13289,266505781,1.000000000,1.050000000,50,386,1,6,ESM6 C8100
2026-05-18T15:28:56.135761055Z,2026-05-18T15:28:56.076539479Z,1,1,2672371,T,A,0,407.000000000,10,0,15417,98835445,407.000000000,408.000000000,10,109,1,2,UD:1V: IB 2672371
2026-05-18T15:29:00.352597139Z,2026-05-18T15:29:00.066273763Z,1,1,2508817,T,A,0,9.000000000,4,0,14771,98865944,9.000000000,9.300000000,4,11,1,3,UD:1V: SG 2508817
2026-05-18T15:29:02.363005291Z,2026-05-18T15:29:01.997145833Z,1,1,42409666,T,A,0,3.850000000,10,0,18606,266600063,3.850000000,3.900000000,10,375,1,7,ESM6 P5800
2026-05-18T15:29:06.028366029Z,2026-05-18T15:29:05.581580283Z,1,1,2672371,T,A,0,407.000000000,10,0,13445,98914794,407.000000000,408.000000000,10,109,1,2,UD:1V: IB 2672371
2026-05-18T15:29:07.011359573Z,2026-05-18T15:29:06.685134251Z,1,1,42378449,T,B,0,5.100000000,1,0,11462,266688930,5.000000000,5.100000000,558,1,9,1,ESM6 P6000
2026-05-18T15:29:09.227770364Z,2026-05-18T15:29:08.716760965Z,1,1,2501126,T,A,0,30.500000000,6,0,21322,98944178,30.500000000,30.750000000,6,2239,1,10,UD:1V: VT 2501126
2026-05-18T15:29:11.431357382Z,2026-05-18T15:29:11.313954601Z,1,1,42366511,T,B,0,45.000000000,2,0,26138,266772520,44.750000000,45.000000000,59,2,3,1,ESM6 C7600
2026-05-18T15:29:12.185444135Z,2026-05-18T15:29:12.184148391Z,1,1,42404374,T,A,0,40.750000000,9,0,13900,266783312,40.750000000,41.000000000,9,13,1,3,ESM6 P7000
2026-05-18T15:29:12.456323665Z,2026-05-18T15:29:12.455455837Z,1,1,42378374,T,B,0,72.750000000,1,0,23799,266786015,72.250000000,72.750000000,131,14,8,4,ESM6 P7200
2026-05-18T15:29:13.460410915Z,2026-05-18T15:29:13.212978605Z,1,1,42416106,T,B,0,106.000000000,2,0,20438,266799071,105.500000000,106.000000000,40,2,5,1,ESM6 C7450
2026-05-18T15:29:14.561151004Z,2026-05-18T15:29:14.484260975Z,1,1,42377432,T,B,0,59.000000000,2,0,14608,266816119,58.750000000,59.000000000,39,2,3,1,ESU6 P6200
2026-05-18T15:29:14.971070209Z,2026-05-18T15:29:14.970462213Z,1,1,2672371,T,A,0,407.000000000,10,0,16200,98989731,407.000000000,408.000000000,10,212,1,3,UD:1V: IB 2672371
2026-05-18T15:29:15.081552394Z,2026-05-18T15:29:15.061739357Z,1,1,42611781,T,B,0,61.500000000,2,0,11271,266822056,61.000000000,61.500000000,112,2,8,1,ESM6 C7550
2026-05-18T15:29:16.282157019Z,2026-05-18T15:29:16.066207083Z,1,1,42404374,T,B,0,40.750000000,1,0,11248,266843233,40.500000000,40.750000000,104,2,6,1,ESM6 P7000
2026-05-18T15:29:18.791224382Z,2026-05-18T15:29:18.763705345Z,1,1,42429065,T,B,0,35.500000000,2,0,11364,266873197,35.250000000,35.500000000,69,2,4,1,ESM6 P6950
2026-05-18T15:29:24.833527367Z,2026-05-18T15:29:24.573328307Z,1,1,42458390,T,B,0,104.000000000,5,0,16298,266965042,103.500000000,104.000000000,182,5,6,1,ESU6 P6700
2026-05-18T15:29:25.211231682Z,2026-05-18T15:29:24.678017037Z,1,1,2501126,T,A,0,30.500000000,6,0,14444,99068545,30.500000000,30.750000000,6,2340,1,11,UD:1V: VT 2501126
2026-05-18T15:29:37.452425425Z,2026-05-18T15:29:37.358188235Z,1,1,2670553,T,A,0,30.500000000,120,0,24194,99151932,30.500000000,30.750000000,234,295,2,2,UD:1V: VT 2670553
2026-05-18T15:29:37.459882892Z,2026-05-18T15:29:37.358188647Z,1,1,2670553,T,A,0,30.500000000,75,0,11494,99152065,30.500000000,30.750000000,75,295,1,2,UD:1V: VT 2670553
2026-05-18T15:29:41.957797558Z,2026-05-18T15:29:41.806450193Z,1,1,2668624,T,B,0,18.900000000,6,0,17677,99189678,18.800000000,18.900000000,849,6,6,1,UD:1V: VT 2668624
2026-05-18T15:29:46.397570556Z,2026-05-18T15:29:45.911053925Z,1,1,2517885,T,A,0,-7.000000000,1,0,12547,99233049,-7.000000000,-6.700000000,47,273,2,4,UD:1V: GN 2517885
2026-05-18T15:29:50.716224740Z,2026-05-18T15:29:49.409867381Z,1,1,2506183,T,A,0,47.250000000,1,0,14337,99272292,47.250000000,47.500000000,1,176,1,3,UD:1V: VT 2506183
2026-05-18T15:29:55.383552326Z,2026-05-18T15:29:54.420039599Z,1,1,42384725,T,B,0,131.000000000,1,0,11496,267437607,130.500000000,131.000000000,11,1,2,1,ESM6 C7400
2026-05-18T15:29:55.923042701Z,2026-05-18T15:29:55.014875875Z,1,1,42394825,T,A,0,1.000000000,500,0,12638,267446496,1.000000000,1.050000000,50,749,1,7,ESM6 C8100
2026-05-18T15:29:55.942748787Z,2026-05-18T15:29:55.023307415Z,1,1,42330564,T,B,0,237.500000000,5,0,15394,267446817,237.000000000,237.500000000,19,5,1,1,ESZ6 C7800
2026-05-18T15:29:56.901162626Z,2026-05-18T15:29:55.923089183Z,1,1,42394825,T,A,0,1.000000000,38,0,13081,267463303,1.000000000,1.050000000,50,560,1,6,ESM6 C8100
2026-05-18T15:29:59.280343073Z,2026-05-18T15:29:58.343256353Z,1,1,42394825,T,A,0,1.000000000,362,0,13673,267499875,1.000000000,1.050000000,12,749,1,7,ESM6 C8100
2026-05-18T15:29:59.439601283Z,2026-05-18T15:29:58.672792213Z,1,1,42940284,T,B,0,11.500000000,1,0,16575,267502816,11.400000000,11.500000000,135,1,6,1,ESM6 C7775
2026-05-18T15:30:03.169701755Z,2026-05-18T15:30:01.812455675Z,1,1,2668624,T,B,0,19.100000000,6,0,19506,99369773,19.000000000,19.100000000,716,6,4,1,UD:1V: VT 2668624
2026-05-18T15:30:06.569874110Z,2026-05-18T15:30:05.624007705Z,1,1,42899801,T,A,0,125.000000000,3,0,16312,267623730,125.000000000,125.500000000,3,25,1,3,ESM6 P7375
2026-05-18T15:30:08.187670646Z,2026-05-18T15:30:07.271509551Z,1,1,42472884,T,B,0,4.650000000,1,0,13777,267654861,4.550000000,4.650000000,27,1,1,1,ESU6 P3300
2026-05-18T15:30:08.480825660Z,2026-05-18T15:30:07.379471175Z,1,1,42366513,T,A,0,134.500000000,1,0,11383,267659086,134.500000000,135.000000000,1,5,1,1,ESM6 P7400
2026-05-18T15:30:09.117912588Z,2026-05-18T15:30:08.132452187Z,1,1,42394731,T,B,0,1.400000000,4,0,16162,267671438,1.200000000,1.400000000,150,4,1,1,ESM6 P5000
2026-05-18T15:30:21.869315351Z,2026-05-18T15:30:21.837374071Z,1,1,42404374,T,A,0,42.000000000,1,0,11418,267877176,42.000000000,42.250000000,1,67,1,5,ESM6 P7000
2026-05-18T15:30:24.327302583Z,2026-05-18T15:30:24.199473193Z,1,1,42899801,T,B,0,125.500000000,3,0,14339,267906666,125.000000000,125.500000000,67,3,6,1,ESM6 P7375
2026-05-18T15:30:30.071881577Z,2026-05-18T15:30:29.380937669Z,1,1,42394804,T,A,0,13.800000000,5,0,28451,267991852,13.800000000,14.000000000,5,49,1,3,ESM6 P6550
2026-05-18T15:30:30.719592788Z,2026-05-18T15:30:30.025474713Z,1,1,42377530,T,B,0,118.500000000,4,0,13708,268001953,118.000000000,118.500000000,107,5,5,1,ESU6 P6800
2026-05-18T15:30:34.433224370Z,2026-05-18T15:30:32.802219855Z,1,1,42510079,T,A,0,160.000000000,1,0,11332,268056928,160.000000000,160.500000000,1,5,1,1,ESM6 C7350
2026-05-18T15:30:36.666613145Z,2026-05-18T15:30:34.909017113Z,1,1,42560128,T,A,0,68.000000000,1,0,11353,268087241,68.000000000,68.500000000,1,61,1,3,ESM6 C7525
2026-05-18T15:30:39.032598343Z,2026-05-18T15:30:37.484783939Z,1,1,42404366,T,B,0,9.300000000,20,0,18019,268123851,9.000000000,9.300000000,79,179,4,7,ESM6 C7800
2026-05-18T15:30:50.682685577Z,2026-05-18T15:30:50.596282265Z,1,1,42404366,T,A,0,9.200000000,20,0,12587,268305164,9.200000000,9.300000000,20,221,1,7,ESM6 C7800
2026-05-18T15:30:57.025891191Z,2026-05-18T15:30:56.994890979Z,1,1,42378346,T,A,0,78.750000000,2,0,14642,268395265,78.750000000,79.000000000,8,20,2,1,ESM6 C7500
2026-05-18T15:30:57.149352948Z,2026-05-18T15:30:57.098357925Z,1,1,2519318,T,A,0,15.000000000,29,0,13300,99808250,15.000000000,15.100000000,29,471,1,5,UD:1V: BO 2519318
2026-05-18T15:30:57.227739940Z,2026-05-18T15:30:57.211000153Z,1,1,2519318,T,B,0,15.000000000,43,0,11344,99808791,14.700000000,15.000000000,863,43,6,1,UD:1V: BO 2519318
2026-05-18T15:30:57.260873980Z,2026-05-18T15:30:57.250389215Z,1,1,2519318,T,A,0,15.000000000,29,0,23805,99808951,15.000000000,15.100000000,29,641,1,7,UD:1V: BO 2519318
2026-05-18T15:30:59.859329719Z,2026-05-18T15:30:59.274686853Z,1,1,42366523,T,B,0,56.250000000,1,0,13885,268435705,55.750000000,56.250000000,29,36,1,2,ESM6 P7100
2026-05-18T15:31:11.774390716Z,2026-05-18T15:31:11.062231133Z,1,1,42366523,T,A,0,55.750000000,1,0,11345,268633918,55.750000000,56.000000000,1,82,1,5,ESM6 P7100
2026-05-18T15:31:22.123154541Z,2026-05-18T15:31:21.536780893Z,1,1,42384731,T,B,0,99.500000000,44,0,17195,268810256,99.000000000,99.500000000,6,44,1,4,ESM6 P7300
2026-05-18T15:31:22.123154541Z,2026-05-18T15:31:21.536780893Z,1,1,42384731,T,B,0,99.750000000,14,0,17195,268810256,99.000000000,99.500000000,6,44,1,4,ESM6 P7300
2026-05-18T15:31:22.123154541Z,2026-05-18T15:31:21.536780893Z,1,1,42384731,T,B,0,100.000000000,42,0,17195,268810256,99.000000000,99.500000000,6,44,1,4,ESM6 P7300
2026-05-18T15:31:22.945918233Z,2026-05-18T15:31:21.851197135Z,1,1,2514223,T,A,0,20.500000000,232,0,19727,100026817,20.500000000,20.750000000,232,444,1,2,UD:1V: VT 2514223
2026-05-18T15:31:26.290851140Z,2026-05-18T15:31:26.184242485Z,1,1,2671345,T,A,0,8.900000000,6,0,13277,100061041,8.900000000,9.000000000,6,205,1,3,UD:1V: VT 2671345
2026-05-18T15:31:28.899421889Z,2026-05-18T15:31:28.878792631Z,1,1,42378374,T,A,0,74.000000000,2,0,13880,268919562,74.000000000,74.250000000,2,42,1,3,ESM6 P7200
2026-05-18T15:31:29.131912677Z,2026-05-18T15:31:29.015712183Z,1,1,42516900,T,A,0,115.500000000,3,0,15521,268923559,115.500000000,116.000000000,3,64,1,7,ESM6 P7350
2026-05-18T15:31:51.120174076Z,2026-05-18T15:31:50.947317657Z,1,1,42394812,T,B,0,24.250000000,2,0,17482,269230644,24.000000000,24.250000000,160,2,7,1,ESM6 P6800
2026-05-18T15:31:57.104669960Z,2026-05-18T15:31:57.097320697Z,1,1,2622597,T,A,0,5.500000000,1,0,13286,100279938,5.500000000,5.700000000,231,949,4,7,UD:1V: VT 2622597
2026-05-18T15:32:04.844102753Z,2026-05-18T15:32:04.831077403Z,1,1,42836585,T,A,0,68.250000000,2,0,18343,269412743,68.250000000,68.500000000,3,82,1,4,ESM6 P7175
2026-05-18T15:32:06.951651403Z,2026-05-18T15:32:06.802084299Z,1,1,42487843,T,A,0,63.250000000,4,0,11328,269451555,63.250000000,63.500000000,4,29,1,2,ESM6 P7150
2026-05-18T15:32:27.348456902Z,2026-05-18T15:32:27.136383131Z,1,1,42384725,T,B,0,133.000000000,3,0,14852,269710207,132.500000000,133.000000000,67,3,6,1,ESM6 C7400
2026-05-18T15:32:32.172535297Z,2026-05-18T15:32:32.036957677Z,1,1,42366511,T,A,0,44.500000000,3,0,13616,269784987,44.500000000,44.750000000,3,9,1,2,ESM6 C7600
2026-05-18T15:32:40.461202631Z,2026-05-18T15:32:40.046159379Z,1,1,2500554,T,B,0,14.300000000,3,0,13402,100585651,14.200000000,14.300000000,480,3,5,1,UD:1V: VT 2500554
2026-05-18T15:32:42.231284750Z,2026-05-18T15:32:41.204403791Z,1,1,42572477,T,B,0,14.800000000,1,0,18239,269938518,14.600000000,14.800000000,48,1,1,1,ESM6 C7750
2026-05-18T15:32:49.688269871Z,2026-05-18T15:32:49.538302863Z,1,1,2668624,T,B,0,18.800000000,6,0,13350,100666825,18.700000000,18.800000000,455,6,4,1,UD:1V: VT 2668624
2026-05-18T15:32:59.895034715Z,2026-05-18T15:32:59.884493037Z,1,1,2520495,T,A,0,38.000000000,1,0,14860,100731717,38.000000000,40.000000000,21,82,1,3,UD:1V: 12 2520495
2026-05-18T15:33:17.793247025Z,2026-05-18T15:33:17.759810503Z,1,1,2668624,T,B,0,18.800000000,6,0,14737,100827817,18.700000000,18.800000000,420,6,6,1,UD:1V: VT 2668624
2026-05-18T15:33:40.782284715Z,2026-05-18T15:33:40.377845037Z,1,1,2669616,T,A,0,45.250000000,6,0,13654,100990099,45.250000000,45.500000000,6,566,1,7,UD:1V: VT 2669616
2026-05-18T15:33:46.233779770Z,2026-05-18T15:33:46.228427187Z,1,1,42384731,T,A,0,98.000000000,8,0,14664,270799641,98.000000000,98.500000000,8,68,2,7,ESM6 P7300
2026-05-18T15:33:48.652710799Z,2026-05-18T15:33:48.466169073Z,1,1,42572477,T,B,0,14.700000000,1,0,15084,270841185,14.500000000,14.700000000,13,1,2,1,ESM6 C7750
2026-05-18T15:33:54.542809215Z,2026-05-18T15:33:54.317102441Z,1,1,2500144,T,B,0,1.050000000,4,0,14358,101089295,0.900000000,1.050000000,1984,1616,6,6,UD:1V: VT 2500144
2026-05-18T15:34:03.860996472Z,2026-05-18T15:34:03.761158711Z,1,1,42394812,T,A,0,23.750000000,7,0,20656,271017565,23.750000000,24.000000000,7,141,1,6,ESM6 P6800
2026-05-18T15:34:09.282860047Z,2026-05-18T15:34:09.278369847Z,1,1,42378592,T,B,0,12.100000000,10,0,13812,271095398,12.000000000,12.100000000,216,10,7,1,ESM6 P6500
2026-05-18T15:34:13.914517721Z,2026-05-18T15:34:13.883088749Z,1,1,2506183,T,A,0,47.750000000,6,0,13152,101197561,47.750000000,48.000000000,6,722,1,8,UD:1V: VT 2506183
2026-05-18T15:34:16.587064222Z,2026-05-18T15:34:16.470761727Z,1,1,42516900,T,B,0,113.500000000,15,0,11369,271181349,113.000000000,113.500000000,50,18,5,1,ESM6 P7350
2026-05-18T15:34:16.662741310Z,2026-05-18T15:34:16.470992669Z,1,1,42404370,T,B,0,10.000000000,10,0,11482,271182880,9.900000000,10.000000000,60,10,2,1,ESM6 P6400
2026-05-18T15:34:34.255303996Z,2026-05-18T15:34:33.860211459Z,1,1,42572477,T,B,0,14.600000000,1,0,14203,271422655,14.400000000,14.600000000,274,1,5,1,ESM6 C7750
2026-05-18T15:34:53.287857899Z,2026-05-18T15:34:52.901077613Z,1,1,2520549,T,B,0,10.000000000,1,0,16266,101469035,9.900000000,10.000000000,567,1,5,1,UD:1V: VT 2520549
2026-05-18T15:35:00.442481183Z,2026-05-18T15:35:00.196329157Z,1,1,42458400,T,B,0,47.250000000,34,0,19253,271801028,46.750000000,47.250000000,195,34,5,1,ESU6 C8100
2026-05-18T15:35:13.587416862Z,2026-05-18T15:35:13.583676007Z,1,1,2520516,T,B,0,12.000000000,1,0,12861,101615800,11.900000000,12.000000000,21,1,1,1,UD:1V: 12 2520516
2026-05-18T15:35:21.311365614Z,2026-05-18T15:35:21.105524599Z,1,1,2669616,T,A,0,45.750000000,6,0,13570,101663185,45.750000000,46.000000000,6,671,1,8,UD:1V: VT 2669616
2026-05-18T15:35:31.297494259Z,2026-05-18T15:35:30.121206025Z,1,1,2520587,T,B,0,23.500000000,1,0,14052,101744185,23.250000000,23.500000000,3427,1,2,1,UD:1V: VT 2520587
2026-05-18T15:35:31.517353313Z,2026-05-18T15:35:30.341947039Z,1,1,2514223,T,A,0,20.250000000,236,0,17177,101746449,20.250000000,20.500000000,236,731,2,4,UD:1V: VT 2514223
2026-05-18T15:35:46.314484091Z,2026-05-18T15:35:45.911276433Z,1,1,42384779,T,A,0,14.400000000,10,0,12589,272492381,14.400000000,14.700000000,87,160,4,4,ESM6 P6600
2026-05-18T15:35:49.149343990Z,2026-05-18T15:35:48.984381883Z,1,1,2520564,T,B,0,197.000000000,1,0,14726,101889797,195.000000000,197.000000000,32,1,3,1,UD:1V: GN 2520564
2026-05-18T15:35:49.330675127Z,2026-05-18T15:35:49.002665471Z,1,1,2520564,T,B,0,197.000000000,42,0,13563,101891263,195.000000000,197.000000000,32,1,3,1,UD:1V: GN 2520564
2026-05-18T15:35:49.392307566Z,2026-05-18T15:35:49.022263823Z,1,1,2520564,T,B,0,197.000000000,1,0,13708,101891716,195.500000000,197.000000000,8,1,1,1,UD:1V: GN 2520564
2026-05-18T15:35:49.392693907Z,2026-05-18T15:35:49.022815725Z,1,1,2520564,T,B,0,197.000000000,4,0,16105,101891718,195.500000000,197.000000000,8,1,1,1,UD:1V: GN 2520564
2026-05-18T15:35:49.405983454Z,2026-05-18T15:35:49.051049671Z,1,1,2520564,T,B,0,197.000000000,1,0,15115,101891828,195.500000000,197.000000000,8,1,1,1,UD:1V: GN 2520564
2026-05-18T15:35:49.406516034Z,2026-05-18T15:35:49.051053933Z,1,1,2520564,T,B,0,197.000000000,1,0,13956,101891830,195.500000000,197.000000000,8,1,1,1,UD:1V: GN 2520564
2026-05-18T15:35:50.745161668Z,2026-05-18T15:35:50.102139177Z,1,1,42384729,T,B,0,4.100000000,27,0,11515,272560945,3.950000000,4.100000000,24,27,1,2,ESM6 C7900
2026-05-18T15:35:51.223811615Z,2026-05-18T15:35:50.963401573Z,1,1,42384779,T,B,0,14.500000000,10,0,14140,272571924,14.400000000,14.500000000,271,10,7,1,ESM6 P6600
2026-05-18T15:36:43.167415958Z,2026-05-18T15:36:43.166803215Z,1,1,42404366,T,A,0,10.000000000,10,0,13715,273275600,10.000000000,10.100000000,10,101,1,5,ESM6 C7800
2026-05-18T15:36:44.726825300Z,2026-05-18T15:36:44.723727887Z,1,1,42366523,T,B,0,52.750000000,3,0,14950,273289667,52.250000000,52.750000000,219,3,9,1,ESM6 P7100
2026-05-18T15:36:44.730928048Z,2026-05-18T15:36:44.726828863Z,1,1,42366523,T,A,0,52.750000000,7,0,12764,273289747,52.750000000,53.000000000,7,128,1,9,ESM6 P7100
2026-05-18T15:36:45.654761998Z,2026-05-18T15:36:45.650648131Z,1,1,42399646,T,A,0,22.750000000,1,0,17295,273299052,22.750000000,23.000000000,1,140,1,9,ESM6 C7700
2026-05-18T15:37:05.653224156Z,2026-05-18T15:37:05.119540191Z,1,1,42366523,T,A,0,52.750000000,10,0,13571,273560167,52.750000000,53.000000000,10,73,1,5,ESM6 P7100
2026-05-18T15:37:08.217265554Z,2026-05-18T15:37:07.962594237Z,1,1,42487847,T,B,0,205.000000000,39,0,11251,273599100,204.000000000,205.000000000,106,39,4,3,ESU6 P7250
2026-05-18T15:37:08.618931851Z,2026-05-18T15:37:07.983198031Z,1,1,42487847,T,A,0,205.000000000,13,0,15224,273602962,205.000000000,205.500000000,9,2,1,1,ESU6 P7250
2026-05-18T15:37:50.214129033Z,2026-05-18T15:37:50.023301875Z,1,1,42399704,T,B,0,16.200000000,6,0,14723,274152709,16.000000000,16.200000000,149,6,4,1,ESM6 P6650
2026-05-18T15:38:01.641302223Z,2026-05-18T15:38:01.542982447Z,1,1,42404374,T,B,0,39.000000000,5,0,13265,274314095,38.750000000,39.000000000,153,5,9,1,ESM6 P7000
2026-05-18T15:38:05.871827966Z,2026-05-18T15:38:05.092403237Z,1,1,42511762,T,A,0,74.250000000,3,0,15973,274380136,74.250000000,74.750000000,3,145,1,5,ESH7 P5300
2026-05-18T15:38:07.725250196Z,2026-05-18T15:38:07.724573427Z,1,1,2669616,T,A,0,46.500000000,6,0,17690,102807881,46.500000000,46.750000000,6,831,1,8,UD:1V: VT 2669616
2026-05-18T15:38:08.204495854Z,2026-05-18T15:38:08.154553241Z,1,1,42804680,T,A,0,10.100000000,6,0,14480,274419538,10.100000000,10.300000000,6,370,1,9,ESM6 P6425
2026-05-18T15:38:08.205489767Z,2026-05-18T15:38:08.158315363Z,1,1,42883305,T,A,0,9.200000000,6,0,11592,274419562,9.200000000,9.400000000,6,380,1,8,ESM6 P6375
2026-05-18T15:38:08.213842215Z,2026-05-18T15:38:08.161851875Z,1,1,42990302,T,A,0,7.800000000,6,0,17438,274419595,7.800000000,7.900000000,6,10,1,1,ESM6 P6280
2026-05-18T15:38:17.735459404Z,2026-05-18T15:38:17.684517703Z,1,1,42973069,T,A,0,8.100000000,36,0,13526,274558011,8.100000000,8.300000000,172,48,2,3,ESM6 C7825
2026-05-18T15:38:17.859185781Z,2026-05-18T15:38:17.735419541Z,1,1,42973069,T,A,0,8.100000000,56,0,14620,274559499,8.100000000,8.300000000,70,108,1,5,ESM6 C7825
2026-05-18T15:38:20.909302593Z,2026-05-18T15:38:20.687497677Z,1,1,2514223,T,B,0,20.250000000,61,0,13933,102903859,20.000000000,20.250000000,1577,61,6,1,UD:1V: VT 2514223
2026-05-18T15:38:20.960859420Z,2026-05-18T15:38:20.698129485Z,1,1,2669616,T,A,0,46.250000000,6,0,13709,102904315,46.250000000,46.500000000,6,982,1,10,UD:1V: VT 2669616
2026-05-18T15:38:32.320472063Z,2026-05-18T15:38:32.031687499Z,1,1,2669616,T,A,0,46.250000000,6,0,17974,102988579,46.250000000,46.500000000,6,1018,1,10,UD:1V: VT 2669616
2026-05-18T15:38:45.218916380Z,2026-05-18T15:38:45.008072221Z,1,1,2669616,T,A,0,46.250000000,6,0,19212,103066165,46.250000000,46.500000000,6,887,1,9,UD:1V: VT 2669616
2026-05-18T15:39:18.878600007Z,2026-05-18T15:39:18.834831839Z,1,1,2506183,T,A,0,48.500000000,6,0,12112,103260098,48.500000000,48.750000000,6,819,1,8,UD:1V: VT 2506183
2026-05-18T15:39:31.133109275Z,2026-05-18T15:39:30.937635095Z,1,1,42404366,T,A,0,10.000000000,5,0,12432,275536245,10.000000000,10.100000000,5,264,1,9,ESM6 C7800
2026-05-18T15:40:01.544451134Z,2026-05-18T15:40:01.538519387Z,1,1,2518134,T,A,0,72.500000000,27,0,18173,103508166,72.500000000,72.750000000,100,48,1,2,UD:1V:CGN 2518134
2026-05-18T15:40:15.628957452Z,2026-05-18T15:40:15.572876327Z,1,1,2514223,T,B,0,20.250000000,61,0,11062,103614057,20.000000000,20.250000000,1578,61,6,1,UD:1V: VT 2514223
2026-05-18T15:40:17.098879791Z,2026-05-18T15:40:17.026150891Z,1,1,42404366,T,B,0,10.100000000,5,0,22082,276134169,9.900000000,10.100000000,17,145,3,6,ESM6 C7800
2026-05-18T15:40:19.392999487Z,2026-05-18T15:40:18.724017701Z,1,1,2669616,T,A,0,46.250000000,6,0,11250,103639940,46.250000000,46.500000000,6,690,1,8,UD:1V: VT 2669616
2026-05-18T15:40:26.475061019Z,2026-05-18T15:40:26.462643145Z,1,1,42361394,T,B,0,338.500000000,1,0,14612,276243788,337.000000000,338.500000000,65,39,3,4,ESZ6 P7400
2026-05-18T15:40:27.695274487Z,2026-05-18T15:40:27.661157561Z,1,1,42372979,T,A,0,203.000000000,2,0,17248,276255615,203.000000000,203.500000000,2,13,1,3,ESM6 C7300
2026-05-18T15:40:28.387929403Z,2026-05-18T15:40:28.387400477Z,1,1,42404366,T,A,0,10.000000000,5,0,22961,276265498,10.000000000,10.100000000,5,149,1,5,ESM6 C7800
2026-05-18T15:41:05.665243636Z,2026-05-18T15:41:05.604074613Z,1,1,2520785,T,B,0,5.700000000,1,0,13241,103902805,5.600000000,5.700000000,1,528,1,5,UD:1V: IC 2520785
2026-05-18T15:41:11.262812646Z,2026-05-18T15:41:11.173403317Z,1,1,42404366,T,B,0,10.300000000,5,0,14096,276766422,10.200000000,10.300000000,5,54,1,2,ESM6 C7800
2026-05-18T15:41:14.017509778Z,2026-05-18T15:41:14.001316737Z,1,1,42404366,T,B,0,10.300000000,5,0,14189,276801722,10.200000000,10.300000000,5,95,1,4,ESM6 C7800
2026-05-18T15:41:17.421094875Z,2026-05-18T15:41:17.420598069Z,1,1,42404366,T,B,0,10.300000000,5,0,15545,276833448,10.200000000,10.300000000,5,55,1,3,ESM6 C7800
2026-05-18T15:41:20.105871067Z,2026-05-18T15:41:20.104080547Z,1,1,42404366,T,A,0,10.300000000,5,0,18167,276874451,10.300000000,10.400000000,5,118,1,4,ESM6 C7800
2026-05-18T15:41:24.604770425Z,2026-05-18T15:41:24.604195099Z,1,1,42378346,T,B,0,85.750000000,1,0,18066,276939954,85.250000000,85.750000000,45,56,6,4,ESM6 C7500
2026-05-18T15:41:28.620225204Z,2026-05-18T15:41:28.619647611Z,1,1,42404366,T,A,0,10.300000000,5,0,13069,276987996,10.300000000,10.400000000,5,218,1,8,ESM6 C7800
2026-05-18T15:41:30.862320838Z,2026-05-18T15:41:30.593444283Z,1,1,42404366,T,A,0,10.200000000,5,0,11446,277019983,10.200000000,10.400000000,5,279,1,9,ESM6 C7800
2026-05-18T15:41:44.611643034Z,2026-05-18T15:41:44.503977283Z,1,1,42404366,T,A,0,10.200000000,5,0,13817,277215150,10.200000000,10.300000000,5,132,1,4,ESM6 C7800
2026-05-18T15:41:47.648937129Z,2026-05-18T15:41:47.648340089Z,1,1,2520825,T,A,0,41.000000000,1,0,14096,104191443,41.000000000,41.500000000,76,304,3,6,UD:1V: VT 2520825
2026-05-18T15:42:00.823984604Z,2026-05-18T15:42:00.547650851Z,1,1,42404374,T,B,0,39.000000000,5,0,19426,277380518,38.750000000,39.000000000,109,5,5,1,ESM6 P7000
2026-05-18T15:42:01.205307710Z,2026-05-18T15:42:00.798549575Z,1,1,42404366,T,A,0,10.100000000,5,0,14065,277387415,10.100000000,10.200000000,5,126,1,3,ESM6 C7800
2026-05-18T15:42:04.591805676Z,2026-05-18T15:42:04.591226691Z,1,1,637508,T,B,0,29.000000000,4,0,17894,277438843,28.750000000,29.000000000,4,383,1,6,ESZ6 P4600
2026-05-18T15:42:12.744714647Z,2026-05-18T15:42:12.390165237Z,1,1,42404366,T,A,0,10.100000000,5,0,16856,277529288,10.100000000,10.200000000,5,58,1,1,ESM6 C7800
2026-05-18T15:42:20.391755075Z,2026-05-18T15:42:20.363099791Z,1,1,42404366,T,A,0,10.100000000,4,0,11270,277623086,10.100000000,10.200000000,5,235,1,7,ESM6 C7800
2026-05-18T15:42:20.456626132Z,2026-05-18T15:42:20.383528857Z,1,1,42404366,T,A,0,10.100000000,1,0,14169,277624372,10.100000000,10.200000000,1,235,1,7,ESM6 C7800
2026-05-18T15:42:27.100346092Z,2026-05-18T15:42:27.045560461Z,1,1,42378374,T,A,0,69.250000000,18,0,11474,277704904,69.250000000,69.750000000,18,104,3,9,ESM6 P7200
2026-05-18T15:42:27.984008265Z,2026-05-18T15:42:27.978004189Z,1,1,42902241,T,B,0,96.500000000,6,0,13646,277713552,96.000000000,96.500000000,34,18,5,1,ESM6 C7475
2026-05-18T15:42:28.650622447Z,2026-05-18T15:42:28.632415963Z,1,1,42627610,T,A,0,33.000000000,3,0,12667,277725855,33.000000000,33.250000000,3,41,1,3,ESM6 C7650
2026-05-18T15:42:32.051204908Z,2026-05-18T15:42:31.981687989Z,1,1,2586265,T,B,0,27.250000000,1,0,13694,104443220,27.000000000,27.250000000,305,1,5,1,UD:1V: VT 2586265
2026-05-18T15:42:37.418108580Z,2026-05-18T15:42:37.373316193Z,1,1,42404366,T,B,0,10.100000000,5,0,13408,277864562,9.800000000,10.100000000,212,92,7,3,ESM6 C7800
2026-05-18T15:43:07.924446420Z,2026-05-18T15:43:07.576648921Z,1,1,2669616,T,A,0,46.250000000,6,0,11588,104649275,46.250000000,46.500000000,6,842,1,8,UD:1V: VT 2669616
2026-05-18T15:43:18.720287423Z,2026-05-18T15:43:18.703451725Z,1,1,2510939,T,B,0,22.750000000,5,0,13976,104730325,22.500000000,22.750000000,771,6,5,1,UD:1V: VT 2510939
2026-05-18T15:43:48.042017459Z,2026-05-18T15:43:47.956887693Z,1,1,42611781,T,A,0,62.000000000,50,0,14403,278750559,62.000000000,62.250000000,50,117,1,7,ESM6 C7550
2026-05-18T15:43:48.187706135Z,2026-05-18T15:43:48.149704281Z,1,1,42384779,T,B,0,14.700000000,6,0,13754,278753739,14.500000000,14.700000000,345,6,8,1,ESM6 P6600
2026-05-18T15:43:49.068441865Z,2026-05-18T15:43:49.025682325Z,1,1,42399706,T,B,0,18.400000000,6,0,14473,278765523,18.200000000,18.400000000,215,6,7,1,ESM6 P6700
2026-05-18T15:43:49.072588964Z,2026-05-18T15:43:49.025770837Z,1,1,42611781,T,A,0,61.750000000,16,0,11617,278765596,61.750000000,62.000000000,50,30,1,4,ESM6 C7550
2026-05-18T15:43:49.092370539Z,2026-05-18T15:43:49.026745745Z,1,1,42611781,T,A,0,61.750000000,11,0,15507,278765936,61.750000000,62.000000000,34,30,1,4,ESM6 C7550
2026-05-18T15:43:49.149374948Z,2026-05-18T15:43:49.030455113Z,1,1,42611781,T,A,0,61.750000000,10,0,13765,278766918,61.750000000,62.000000000,23,62,1,6,ESM6 C7550
2026-05-18T15:43:51.235160612Z,2026-05-18T15:43:51.234219715Z,1,1,42853804,T,B,0,17.400000000,6,0,13452,278793652,17.200000000,17.400000000,243,6,8,1,ESM6 P6675
2026-05-18T15:43:51.669915668Z,2026-05-18T15:43:51.610093027Z,1,1,42804681,T,B,0,14.000000000,6,0,17595,278798920,13.800000000,14.000000000,274,6,6,1,ESM6 P6575
2026-05-18T15:43:51.902650388Z,2026-05-18T15:43:51.614629781Z,1,1,42760606,T,B,0,15.600000000,6,0,11359,278803531,15.400000000,15.600000000,114,6,3,1,ESM6 P6625
2026-05-18T15:43:51.937139187Z,2026-05-18T15:43:51.614668023Z,1,1,42378592,T,B,0,12.000000000,6,0,11803,278804262,11.800000000,12.000000000,215,6,4,1,ESM6 P6500
2026-05-18T15:44:00.458414863Z,2026-05-18T15:44:00.130413393Z,1,1,2672256,T,A,0,-52.500000000,1,0,14479,105017474,-52.500000000,-51.750000000,1,78,1,3,UD:1V: GN 2672256
2026-05-18T15:44:18.346663327Z,2026-05-18T15:44:18.300449615Z,1,1,42404374,T,A,0,40.250000000,10,0,15301,279184352,40.250000000,40.500000000,10,12,1,3,ESM6 P7000
2026-05-18T15:44:21.894119554Z,2026-05-18T15:44:21.802219755Z,1,1,42903306,T,A,0,149.000000000,36,0,13630,279237442,149.000000000,149.500000000,36,35,1,5,ESM6 C7375
2026-05-18T15:44:23.666883318Z,2026-05-18T15:44:23.665768291Z,1,1,42404374,T,A,0,40.250000000,2,0,14848,279257985,40.250000000,40.500000000,2,113,1,8,ESM6 P7000
2026-05-18T15:44:37.588259526Z,2026-05-18T15:44:37.126975793Z,1,1,2518134,T,A,0,72.500000000,20,0,12222,105259431,72.500000000,74.000000000,73,70,1,3,UD:1V:CGN 2518134
2026-05-18T15:44:41.203920401Z,2026-05-18T15:44:41.189755249Z,1,1,2557311,T,B,0,5.200000000,6,0,18232,105283065,5.100000000,5.200000000,1772,6,6,1,UD:1V: VT 2557311
2026-05-18T15:44:41.939209135Z,2026-05-18T15:44:41.912201133Z,1,1,42366511,T,A,0,44.500000000,10,0,13175,279507625,44.500000000,44.750000000,10,62,1,4,ESM6 C7600
2026-05-18T15:45:00.215957131Z,2026-05-18T15:45:00.134162885Z,1,1,42853787,T,B,0,4.400000000,38,0,21472,279726396,4.300000000,4.400000000,152,38,1,3,ESM6 P5875
2026-05-18T15:45:00.235582113Z,2026-05-18T15:45:00.134808259Z,1,1,42394753,T,B,0,4.900000000,31,0,13277,279726835,4.750000000,4.900000000,704,31,7,2,ESM6 P5950
2026-05-18T15:45:09.503429089Z,2026-05-18T15:45:09.376185679Z,1,1,2520935,T,A,0,-4.000000000,10,0,14219,105454014,-4.000000000,-3.450000000,10,55,1,1,UD:1V: 12 2520935
2026-05-18T15:45:19.797800940Z,2026-05-18T15:45:19.797455259Z,1,1,2520935,T,A,0,-4.000000000,10,0,14168,105507710,-4.000000000,-3.450000000,10,55,1,1,UD:1V: 12 2520935
2026-05-18T15:45:47.101073513Z,2026-05-18T15:45:46.769025385Z,1,1,2520965,T,A,0,-3.700000000,2,0,18110,105705975,-3.700000000,-3.500000000,3,57,1,3,UD:1V: GN 2520965
2026-05-18T15:46:02.804875809Z,2026-05-18T15:46:02.615810437Z,1,1,42404370,T,A,0,10.000000000,3,0,27700,280554259,10.000000000,10.200000000,3,371,1,8,ESM6 P6400
2026-05-18T15:46:06.187090289Z,2026-05-18T15:46:06.091524379Z,1,1,42465600,T,B,0,273.500000000,17,0,26570,280593184,273.000000000,273.500000000,47,17,3,1,ESU6 P7450
2026-05-18T15:46:06.765648947Z,2026-05-18T15:46:06.753137503Z,1,1,42394812,T,A,0,23.500000000,20,0,16891,280605267,23.500000000,24.000000000,233,146,10,5,ESM6 P6800
2026-05-18T15:46:07.603823993Z,2026-05-18T15:46:07.543644697Z,1,1,2520965,T,A,0,-3.700000000,1,0,20436,105813560,-3.700000000,-3.500000000,1,60,1,1,UD:1V: GN 2520965
2026-05-18T15:46:28.024943318Z,2026-05-18T15:46:27.766723257Z,1,1,2669616,T,A,0,45.750000000,6,0,13818,105948036,45.750000000,46.000000000,6,939,1,9,UD:1V: VT 2669616
2026-05-18T15:46:29.304313220Z,2026-05-18T15:46:29.216785737Z,1,1,2520935,T,A,0,-3.900000000,10,0,14921,105958955,-3.900000000,-3.500000000,10,65,1,1,UD:1V: 12 2520935
2026-05-18T15:46:50.745117492Z,2026-05-18T15:46:50.743209711Z,1,1,42404366,T,A,0,9.600000000,10,0,18035,281164369,9.600000000,9.700000000,10,81,1,4,ESM6 C7800
2026-05-18T15:47:02.869202700Z,2026-05-18T15:47:02.551792799Z,1,1,42404374,T,A,0,40.000000000,10,0,13789,281296265,40.000000000,40.500000000,144,141,7,7,ESM6 P7000
2026-05-18T15:47:48.119761515Z,2026-05-18T15:47:47.875474401Z,1,1,42506307,T,A,0,15.900000000,2,0,12402,281848463,15.900000000,16.000000000,25,307,1,4,ESU6 P4800
2026-05-18T15:47:57.775028902Z,2026-05-18T15:47:57.678657489Z,1,1,2521014,T,A,0,57.750000000,1,0,13578,106469519,57.750000000,58.250000000,1,19,1,2,UD:1V: GN 2521014
2026-05-18T15:48:22.262586164Z,2026-05-18T15:48:22.056847219Z,1,1,2520965,T,A,0,-3.400000000,2,0,12505,106617493,-3.400000000,-3.250000000,2,7,1,2,UD:1V: GN 2520965
2026-05-18T15:48:24.419091084Z,2026-05-18T15:48:24.351404915Z,1,1,2668720,T,A,0,55.500000000,4,0,16219,106633046,55.500000000,55.750000000,4,72,1,2,UD:1V: VT 2668720
2026-05-18T15:48:32.338013993Z,2026-05-18T15:48:31.935692581Z,1,1,42506307,T,A,0,15.900000000,23,0,12044,282399569,15.900000000,16.000000000,23,365,1,5,ESU6 P4800
2026-05-18T15:49:06.868227723Z,2026-05-18T15:49:06.867591549Z,1,1,2521062,T,A,0,138.500000000,1,0,16190,106862880,138.500000000,141.000000000,35,34,1,1,UD:1V: VT 2521062
2026-05-18T15:49:16.471800113Z,2026-05-18T15:49:16.463147101Z,1,1,42404366,T,A,0,10.000000000,1,0,13635,282938061,10.000000000,10.100000000,1,231,1,9,ESM6 C7800
2026-05-18T15:49:30.177407693Z,2026-05-18T15:49:30.142101833Z,1,1,42506307,T,A,0,15.900000000,25,0,13155,283088781,15.900000000,16.000000000,25,472,1,6,ESU6 P4800
2026-05-18T15:49:38.921543910Z,2026-05-18T15:49:38.914355777Z,1,1,42506307,T,A,0,15.900000000,25,0,12693,283193848,15.900000000,16.000000000,25,538,1,7,ESU6 P4800
2026-05-18T15:49:54.308356271Z,2026-05-18T15:49:54.056968821Z,1,1,42429065,T,B,0,34.750000000,3,0,21338,283359908,34.500000000,34.750000000,102,3,6,1,ESM6 P6950
2026-05-18T15:49:59.601750964Z,2026-05-18T15:49:59.250224541Z,1,1,2670553,T,A,0,30.750000000,122,0,14632,107178468,30.750000000,31.000000000,230,283,2,2,UD:1V: VT 2670553
2026-05-18T15:49:59.609375675Z,2026-05-18T15:49:59.250226759Z,1,1,2670553,T,A,0,30.750000000,68,0,13608,107178609,30.750000000,31.000000000,68,283,1,2,UD:1V: VT 2670553
2026-05-18T15:50:12.884793885Z,2026-05-18T15:50:12.884175339Z,1,1,2521021,T,B,0,2818.500000000,7,0,14577,107283118,2815.000000000,2818.500000000,28,7,1,1,UD:1V:CFO 2521021
2026-05-18T15:50:42.091403609Z,2026-05-18T15:50:41.998855265Z,1,1,42300184,T,B,0,27.000000000,3,0,13483,283984384,26.750000000,27.000000000,153,3,8,1,ESM6 P6850
2026-05-18T15:50:42.099611968Z,2026-05-18T15:50:41.998870727Z,1,1,2506183,T,A,0,48.000000000,6,0,11194,107444896,48.000000000,48.250000000,6,661,1,8,UD:1V: VT 2506183
2026-05-18T15:50:57.014182474Z,2026-05-18T15:50:57.013583625Z,1,1,2521021,T,B,0,2818.500000000,10,0,13777,107524387,2815.000000000,2818.500000000,28,10,1,1,UD:1V:CFO 2521021
2026-05-18T15:51:23.732678865Z,2026-05-18T15:51:23.684936265Z,1,1,2521136,T,B,0,18.200000000,37,0,13067,107698291,18.100000000,18.200000000,29,50,2,1,UD:1V: XT 2521136
2026-05-18T15:51:23.756641332Z,2026-05-18T15:51:23.732602445Z,1,1,2521136,T,B,0,18.200000000,32,0,12885,107698543,18.100000000,18.200000000,29,13,2,1,UD:1V: XT 2521136
2026-05-18T15:51:40.271209612Z,2026-05-18T15:51:39.993848583Z,1,1,2521136,T,B,0,18.200000000,31,0,15146,107780026,18.100000000,18.200000000,31,31,1,1,UD:1V: XT 2521136
2026-05-18T15:51:46.359483168Z,2026-05-18T15:51:46.303871881Z,1,1,42372979,T,A,0,198.500000000,2,0,12825,284786345,198.500000000,199.000000000,2,13,1,3,ESM6 C7300
2026-05-18T15:51:49.492476740Z,2026-05-18T15:51:49.270026295Z,1,1,2668624,T,B,0,18.700000000,6,0,13020,107855246,18.600000000,18.700000000,642,6,6,1,UD:1V: VT 2668624
2026-05-18T15:51:49.928066591Z,2026-05-18T15:51:49.411427945Z,1,1,42372981,T,A,0,1.750000000,1,0,14662,284846429,1.750000000,1.800000000,1,39,1,3,ESM6 C8000
2026-05-18T15:51:53.674007695Z,2026-05-18T15:51:53.573405085Z,1,1,42377425,T,B,0,38.750000000,6,0,15511,284900228,38.250000000,38.750000000,353,6,8,1,ESU6 P5800
2026-05-18T15:51:57.798930135Z,2026-05-18T15:51:57.719115071Z,1,1,263905,T,A,0,31.250000000,17,0,13418,284947524,31.250000000,31.500000000,17,415,1,5,ESZ6 P4700
2026-05-18T15:52:04.449836465Z,2026-05-18T15:52:04.449093409Z,1,1,42404366,T,A,0,9.400000000,20,0,17151,285031903,9.400000000,9.500000000,20,213,1,6,ESM6 C7800
2026-05-18T15:53:03.362201031Z,2026-05-18T15:53:03.361690397Z,1,1,42384729,T,A,0,3.750000000,6,0,13792,285695292,3.750000000,3.900000000,392,44,6,3,ESM6 C7900
2026-05-18T15:53:48.851433871Z,2026-05-18T15:53:48.850812517Z,1,1,2521208,T,B,0,-6.300000000,1,0,13254,108578893,-6.500000000,-6.300000000,2092,113,11,2,UD:1V: GN 2521208
2026-05-18T15:53:49.413617421Z,2026-05-18T15:53:49.407640215Z,1,1,42372979,T,A,0,201.000000000,2,0,16360,286295685,201.000000000,202.000000000,2,39,1,6,ESM6 C7300
2026-05-18T15:53:57.758617966Z,2026-05-18T15:53:57.745313655Z,1,1,42378107,T,A,0,2.800000000,5,0,14472,286392122,2.800000000,2.950000000,26,388,2,3,ESU6 P2800
2026-05-18T15:54:09.040995592Z,2026-05-18T15:54:08.879005817Z,1,1,2514223,T,A,0,20.250000000,220,0,16794,108696883,20.250000000,20.500000000,220,568,1,4,UD:1V: VT 2514223
2026-05-18T15:54:12.436521336Z,2026-05-18T15:54:12.435812375Z,1,1,2520954,T,B,0,49.750000000,75,0,15311,108721007,49.500000000,49.750000000,25,323,1,1,UD:1V: VT 2520954
2026-05-18T15:54:38.044527006Z,2026-05-18T15:54:37.247911527Z,1,1,42867406,T,A,0,122.000000000,3,0,12612,286927573,122.000000000,122.500000000,3,16,1,4,ESM6 C7425
2026-05-18T15:55:00.435988607Z,2026-05-18T15:55:00.052949189Z,1,1,42366513,T,B,0,128.000000000,3,0,15699,287131090,127.500000000,128.000000000,41,3,8,1,ESM6 P7400
2026-05-18T15:55:18.121068785Z,2026-05-18T15:55:18.059497061Z,1,1,2669815,T,B,0,30.500000000,1,0,12830,109107976,30.250000000,30.500000000,490,1,8,1,UD:1V: VT 2669815
2026-05-18T15:55:31.735267094Z,2026-05-18T15:55:31.620939407Z,1,1,42366523,T,A,0,51.750000000,2,0,15975,287497477,51.750000000,52.250000000,2,132,1,8,ESM6 P7100
2026-05-18T15:55:43.326374164Z,2026-05-18T15:55:42.892661681Z,1,1,2669616,T,A,0,46.250000000,6,0,13263,109262618,46.250000000,46.500000000,6,406,1,6,UD:1V: VT 2669616
2026-05-18T15:55:52.357487259Z,2026-05-18T15:55:52.180116533Z,1,1,42559340,T,B,0,6.300000000,2,0,13714,287795396,6.200000000,6.300000000,168,2,1,1,ESH7 P2200
2026-05-18T15:56:20.723344463Z,2026-05-18T15:56:20.534561275Z,1,1,2521169,T,B,0,80.250000000,86,0,17192,109464123,80.000000000,80.250000000,159,100,5,1,UD:1V:CFO 2521169
2026-05-18T15:56:20.812202166Z,2026-05-18T15:56:20.723418483Z,1,1,2521169,T,B,0,80.250000000,5,0,13149,109465100,80.000000000,80.250000000,164,14,6,1,UD:1V:CFO 2521169
2026-05-18T15:56:20.978231180Z,2026-05-18T15:56:20.810717127Z,1,1,42377425,T,B,0,38.250000000,6,0,14128,288076009,37.750000000,38.250000000,304,6,8,1,ESU6 P5800
2026-05-18T15:56:21.045075252Z,2026-05-18T15:56:20.906496867Z,1,1,2521169,T,B,0,80.250000000,9,0,20069,109467495,80.000000000,80.250000000,266,9,7,1,UD:1V:CFO 2521169
2026-05-18T15:56:45.583079767Z,2026-05-18T15:56:45.469913963Z,1,1,2669616,T,A,0,46.000000000,1,0,14405,109607982,46.000000000,46.250000000,7,636,2,7,UD:1V: VT 2669616
2026-05-18T15:57:15.918868348Z,2026-05-18T15:57:15.516386279Z,1,1,42404374,T,A,0,39.750000000,11,0,16878,288721495,39.750000000,40.000000000,11,45,1,4,ESM6 P7000
2026-05-18T15:57:19.824447342Z,2026-05-18T15:57:19.493207835Z,1,1,2521169,T,B,0,80.250000000,100,0,13143,109814517,80.000000000,80.250000000,68,100,4,1,UD:1V:CFO 2521169
2026-05-18T15:57:30.602874403Z,2026-05-18T15:57:30.492339587Z,1,1,2514223,T,A,0,20.250000000,286,0,11210,109884373,20.250000000,20.500000000,522,1283,2,6,UD:1V: VT 2514223
2026-05-18T15:57:30.611056556Z,2026-05-18T15:57:30.492340145Z,1,1,2514223,T,A,0,20.250000000,223,0,18676,109884441,20.250000000,20.500000000,223,897,1,5,UD:1V: VT 2514223
2026-05-18T15:57:43.945366534Z,2026-05-18T15:57:43.235183739Z,1,1,42627610,T,B,0,32.750000000,5,0,11358,289081662,32.500000000,32.750000000,86,5,4,1,ESM6 C7650
2026-05-18T15:57:53.952782287Z,2026-05-18T15:57:53.928355871Z,1,1,42372979,T,A,0,203.000000000,2,0,11245,289194833,203.000000000,203.500000000,2,11,1,2,ESM6 C7300
2026-05-18T15:58:04.342510535Z,2026-05-18T15:58:04.335211275Z,1,1,42409666,T,A,0,3.700000000,2,0,14007,289331291,3.700000000,3.850000000,415,294,7,4,ESM6 P5800
2026-05-18T15:58:28.316927595Z,2026-05-18T15:58:28.162179373Z,1,1,42404366,T,B,0,9.800000000,10,0,14833,289591428,9.500000000,9.800000000,315,135,6,7,ESM6 C7800
2026-05-18T15:58:43.320885414Z,2026-05-18T15:58:43.320192005Z,1,1,2520517,T,B,0,0.150000000,10,0,26992,110322361,0.100000000,0.150000000,6,10,1,1,UD:1V: GN 2520517
2026-05-18T15:59:14.646222588Z,2026-05-18T15:59:14.644724655Z,1,1,42472888,T,B,0,17.300000000,6,0,11378,290206818,17.100000000,17.300000000,180,6,5,1,ESU6 P4900
2026-05-18T15:59:15.020000176Z,2026-05-18T15:59:14.968691983Z,1,1,42506295,T,A,0,110.000000000,31,0,16347,290213324,110.000000000,110.500000000,31,41,1,3,ESU6 P6750
2026-05-18T16:00:06.797731113Z,2026-05-18T16:00:06.125984961Z,1,1,2521476,T,A,0,2.200000000,14,0,15603,110803425,2.200000000,2.250000000,53,14,2,1,UD:1V: VT 2521476
2026-05-18T16:00:12.188899664Z,2026-05-18T16:00:12.040474493Z,1,1,2521465,T,B,0,2.150000000,27,0,13036,110855562,2.100000000,2.150000000,1099,27,8,1,UD:1V: VT 2521465
2026-05-18T16:00:38.491321463Z,2026-05-18T16:00:38.248574801Z,1,1,42458398,T,B,0,380.000000000,3,0,10491,291239147,379.000000000,380.000000000,34,3,3,1,ESU6 C7300
2026-05-18T16:00:44.162979676Z,2026-05-18T16:00:44.115965895Z,1,1,42783706,T,A,0,89.750000000,10,0,16604,291311905,89.750000000,90.000000000,10,58,1,5,ESM6 P7275
2026-05-18T16:00:44.646777463Z,2026-05-18T16:00:44.646200293Z,1,1,42384731,T,A,0,96.750000000,10,0,16444,291314926,96.750000000,97.000000000,10,71,1,9,ESM6 P7300
2026-05-18T16:00:51.252101516Z,2026-05-18T16:00:51.012797039Z,1,1,42384731,T,A,0,97.000000000,5,0,13012,291412321,97.000000000,97.250000000,10,90,1,6,ESM6 P7300
2026-05-18T16:00:52.329364392Z,2026-05-18T16:00:52.317209265Z,1,1,42804684,T,A,0,104.500000000,4,0,13496,291424249,104.500000000,105.000000000,4,112,1,11,ESM6 P7325
2026-05-18T16:00:55.195684595Z,2026-05-18T16:00:55.105338591Z,1,1,42804684,T,A,0,105.000000000,9,0,11325,291478159,105.000000000,105.500000000,9,141,1,8,ESM6 P7325
2026-05-18T16:00:56.926160664Z,2026-05-18T16:00:56.899684503Z,1,1,42804684,T,A,0,105.000000000,4,0,13069,291505393,105.000000000,105.500000000,9,97,1,8,ESM6 P7325
2026-05-18T16:00:56.926374403Z,2026-05-18T16:00:56.899684679Z,1,1,42804684,T,A,0,105.000000000,5,0,11297,291505395,105.000000000,105.500000000,5,97,1,8,ESM6 P7325
2026-05-18T16:01:04.647368457Z,2026-05-18T16:01:04.261292007Z,1,1,2501126,T,A,0,30.500000000,6,0,11908,111206318,30.500000000,30.750000000,6,1453,1,7,UD:1V: VT 2501126
2026-05-18T16:01:19.397230113Z,2026-05-18T16:01:19.248305077Z,1,1,42602509,T,A,0,5.800000000,1,0,11157,291837564,5.800000000,6.000000000,1,342,1,9,ESM6 C7850
2026-05-18T16:01:38.616513998Z,2026-05-18T16:01:38.611502487Z,1,1,2518338,T,A,0,7.000000000,2,0,22325,111472331,7.000000000,7.100000000,235,59,5,2,UD:1V: VT 2518338
2026-05-18T16:01:45.314986543Z,2026-05-18T16:01:45.063204371Z,1,1,2670133,T,B,0,48.250000000,67,0,18455,111509425,48.000000000,48.250000000,113,67,2,1,UD:1V: VT 2670133
2026-05-18T16:01:46.171542070Z,2026-05-18T16:01:45.528253485Z,1,1,42366513,T,A,0,132.500000000,1,0,11658,292202865,132.500000000,133.000000000,1,90,1,4,ESM6 P7400
2026-05-18T16:01:55.267629611Z,2026-05-18T16:01:55.168180067Z,1,1,2673196,T,B,0,-49.500000000,3,0,17220,111569871,-50.000000000,-49.500000000,56,3,5,1,UD:1V: GN 2673196
2026-05-18T16:02:29.913253097Z,2026-05-18T16:02:29.658093427Z,1,1,2521564,T,B,0,2.700000000,2,0,14768,111788606,2.550000000,2.700000000,519,25,3,1,UD:1V: VT 2521564
2026-05-18T16:03:00.477672850Z,2026-05-18T16:03:00.227978511Z,1,1,2506183,T,A,0,47.750000000,6,0,14347,111941517,47.750000000,48.000000000,6,706,1,7,UD:1V: VT 2506183
2026-05-18T16:03:12.074016142Z,2026-05-18T16:03:11.962997161Z,1,1,2506183,T,A,0,47.750000000,6,0,11149,112008332,47.750000000,48.000000000,6,695,1,7,UD:1V: VT 2506183
2026-05-18T16:03:51.872557851Z,2026-05-18T16:03:50.849988389Z,1,1,42366523,T,A,0,54.250000000,2,0,17394,293717375,54.250000000,54.750000000,2,8,1,2,ESM6 P7100
2026-05-18T16:03:51.889194076Z,2026-05-18T16:03:50.899940867Z,1,1,42366523,T,B,0,54.250000000,3,0,11276,293717823,54.000000000,54.250000000,65,3,3,1,ESM6 P7100
2026-05-18T16:04:00.514116054Z,2026-05-18T16:04:00.213600967Z,1,1,2506183,T,A,0,47.500000000,6,0,18394,112326602,47.500000000,47.750000000,6,841,1,9,UD:1V: VT 2506183
2026-05-18T16:04:06.911798838Z,2026-05-18T16:04:06.805236583Z,1,1,42899801,T,A,0,123.000000000,3,0,13225,293914201,123.000000000,123.500000000,3,58,1,7,ESM6 P7375
2026-05-18T16:04:10.448605420Z,2026-05-18T16:04:10.442318629Z,1,1,42366523,T,A,0,54.250000000,5,0,16793,293961115,54.250000000,54.750000000,110,117,7,8,ESM6 P7100
2026-05-18T16:04:35.616058404Z,2026-05-18T16:04:35.610561135Z,1,1,42902241,T,A,0,91.250000000,12,0,14021,294219532,91.250000000,91.500000000,12,19,2,1,ESM6 C7475
2026-05-18T16:04:37.331295489Z,2026-05-18T16:04:37.313158925Z,1,1,42627610,T,A,0,30.500000000,5,0,16255,294240704,30.500000000,30.750000000,5,59,1,5,ESM6 C7650
2026-05-18T16:06:05.694548879Z,2026-05-18T16:06:05.418150661Z,1,1,42384725,T,B,0,132.500000000,3,0,13228,295182032,132.000000000,132.500000000,44,3,4,1,ESM6 C7400
2026-05-18T16:06:13.280365971Z,2026-05-18T16:06:12.969791335Z,1,1,2500554,T,B,0,14.400000000,3,0,13412,113042463,14.300000000,14.400000000,826,3,7,1,UD:1V: VT 2500554
2026-05-18T16:06:46.264870321Z,2026-05-18T16:06:46.108071177Z,1,1,42522934,T,B,0,464.000000000,2,0,19650,295741106,463.000000000,464.000000000,31,2,3,1,ESH7 C7600
2026-05-18T16:07:06.643082665Z,2026-05-18T16:07:06.621186059Z,1,1,42404374,T,A,0,40.500000000,12,0,15143,295988351,40.500000000,40.750000000,12,155,1,8,ESM6 P7000
2026-05-18T16:07:45.807067179Z,2026-05-18T16:07:45.618625443Z,1,1,42458398,T,B,0,380.000000000,1,0,11620,296413799,379.500000000,380.000000000,2,1,1,1,ESU6 C7300
2026-05-18T16:07:51.960181899Z,2026-05-18T16:07:51.910561621Z,1,1,2673459,T,A,0,4.200000000,6,0,14095,113602637,4.200000000,4.300000000,6,193,1,3,UD:1V: VT 2673459
2026-05-18T16:07:53.264781749Z,2026-05-18T16:07:52.765975485Z,1,1,2673459,T,B,0,4.250000000,98,0,11324,113611727,4.150000000,4.250000000,1164,98,7,1,UD:1V: VT 2673459
2026-05-18T16:07:55.412362238Z,2026-05-18T16:07:54.691680689Z,1,1,42384726,T,A,0,2.450000000,1,0,15930,296554563,2.450000000,2.550000000,119,3,4,1,ESM6 P5500
2026-05-18T16:07:57.078242529Z,2026-05-18T16:07:57.044002533Z,1,1,2557311,T,B,0,5.200000000,6,0,12231,113643762,5.100000000,5.200000000,2002,6,7,1,UD:1V: VT 2557311
2026-05-18T16:08:13.751350985Z,2026-05-18T16:08:13.666588463Z,1,1,42439388,T,B,0,3.500000000,2,0,13767,296824390,3.450000000,3.500000000,212,2,4,1,ESU6 P3000
2026-05-18T16:08:18.377410547Z,2026-05-18T16:08:18.359252061Z,1,1,42413515,T,A,0,253.500000000,3,0,12758,296872895,253.500000000,254.000000000,3,50,1,6,ESU6 C7500
2026-05-18T16:08:25.614084293Z,2026-05-18T16:08:25.421029805Z,1,1,2506183,T,A,0,47.750000000,6,0,13908,113825543,47.750000000,48.000000000,6,713,1,8,UD:1V: VT 2506183
2026-05-18T16:08:51.109650247Z,2026-05-18T16:08:51.019837703Z,1,1,42384731,T,A,0,97.000000000,50,0,13585,297180575,97.000000000,97.250000000,50,43,1,6,ESM6 P7300
2026-05-18T16:09:23.572009772Z,2026-05-18T16:09:23.413715771Z,1,1,2669616,T,A,0,45.500000000,6,0,15171,114075923,45.500000000,45.750000000,6,696,1,8,UD:1V: VT 2669616
2026-05-18T16:09:37.262504903Z,2026-05-18T16:09:36.194171931Z,1,1,42487847,T,B,0,206.000000000,3,0,13647,297701433,205.500000000,206.000000000,3,20,1,1,ESU6 P7250
2026-05-18T16:09:54.505092159Z,2026-05-18T16:09:54.504707341Z,1,1,42548953,T,B,0,196.000000000,4,0,13217,297908984,195.500000000,196.000000000,64,4,3,1,ESH7 P6500
2026-05-18T16:10:30.394327158Z,2026-05-18T16:10:30.371613127Z,1,1,42598890,T,B,0,137.000000000,22,0,16005,298295414,136.500000000,137.000000000,95,22,5,1,ESU6 C7750
2026-05-18T16:10:38.215385629Z,2026-05-18T16:10:37.856087275Z,1,1,2672575,T,B,0,8.400000000,1,0,13242,114498421,8.300000000,8.400000000,425,1,5,1,UD:1V: VT 2672575
2026-05-18T16:10:38.227922845Z,2026-05-18T16:10:37.856181551Z,1,1,42295873,T,B,0,287.500000000,1,0,15924,298380182,286.500000000,287.500000000,101,1,6,1,ESZ6 C7700
2026-05-18T16:10:41.423799174Z,2026-05-18T16:10:41.224344073Z,1,1,42523078,T,A,0,493.000000000,2,0,16804,298436550,493.000000000,494.500000000,2,21,1,1,ESU7 C7950
2026-05-18T16:11:06.013890595Z,2026-05-18T16:11:05.833765809Z,1,1,42368129,T,B,0,468.000000000,1,0,11223,298754652,467.000000000,468.000000000,17,1,1,1,ESZ7 C8200
2026-05-18T16:11:06.056729811Z,2026-05-18T16:11:05.833909273Z,1,1,2512143,T,B,0,60.500000000,20,0,10776,114680561,60.000000000,60.500000000,77,20,3,1,UD:1V: VT 2512143
2026-05-18T16:11:07.114971307Z,2026-05-18T16:11:06.790342907Z,1,1,42349759,T,B,0,515.500000000,3,0,14392,298774295,514.000000000,515.500000000,17,3,1,1,ESZ7 C8100
2026-05-18T16:11:22.547293046Z,2026-05-18T16:11:22.541587147Z,1,1,42572477,T,A,0,14.500000000,5,0,15836,298972918,14.500000000,14.700000000,5,94,1,6,ESM6 C7750
2026-05-18T16:11:33.671518960Z,2026-05-18T16:11:33.670955813Z,1,1,42404374,T,A,0,39.000000000,1,0,19018,299122493,39.000000000,39.500000000,112,99,8,6,ESM6 P7000
2026-05-18T16:11:36.733577285Z,2026-05-18T16:11:36.139737481Z,1,1,43019018,T,A,0,205.000000000,16,0,13633,299158331,205.000000000,205.500000000,16,27,1,1,ESZ7 C8950
2026-05-18T16:12:18.813624257Z,2026-05-18T16:12:18.623067773Z,1,1,2515070,T,A,0,48.000000000,1,0,11200,115136427,48.000000000,48.500000000,1,4,1,1,UD:1V: SG 2515070
2026-05-18T16:12:24.219992891Z,2026-05-18T16:12:24.106389849Z,1,1,42366523,T,B,0,52.000000000,5,0,16813,299728646,51.500000000,52.000000000,169,5,7,1,ESM6 P7100
2026-05-18T16:12:45.208264687Z,2026-05-18T16:12:45.202648487Z,1,1,42366523,T,B,0,52.250000000,5,0,20168,299986786,51.750000000,52.250000000,169,131,8,7,ESM6 P7100
2026-05-18T16:12:51.744182483Z,2026-05-18T16:12:51.743834419Z,1,1,42409666,T,A,0,3.800000000,1,0,15707,300066792,3.800000000,3.850000000,1,412,1,7,ESM6 P5800
2026-05-18T16:12:54.471175486Z,2026-05-18T16:12:54.413027563Z,1,1,42601526,T,B,0,390.000000000,2,0,18331,300094809,389.500000000,390.000000000,2,100,1,1,ESM7 C7950
2026-05-18T16:13:48.920309240Z,2026-05-18T16:13:48.627875515Z,1,1,2521173,T,B,0,-15.000000000,8,0,13781,115636058,-15.800000000,-15.000000000,24,10,2,1,UD:1V: 12 2521173
2026-05-18T16:13:51.567460868Z,2026-05-18T16:13:51.504324759Z,1,1,42629564,T,B,0,103.000000000,6,0,11215,300753285,102.500000000,103.000000000,68,6,4,1,ESU6 C7850
2026-05-18T16:13:52.365034565Z,2026-05-18T16:13:52.213051309Z,1,1,42366512,T,A,0,3.250000000,50,0,11361,300766538,3.250000000,3.300000000,50,378,1,6,ESM6 P5700
2026-05-18T16:13:56.921121242Z,2026-05-18T16:13:56.920595039Z,1,1,42394754,T,A,0,6.700000000,16,0,14445,300815394,6.700000000,6.900000000,453,214,7,5,ESM6 P6200
2026-05-18T16:14:01.167397415Z,2026-05-18T16:14:01.015589403Z,1,1,2521173,T,B,0,-15.000000000,2,0,15022,115703769,-15.300000000,-15.000000000,67,2,2,1,UD:1V: 12 2521173
2026-05-18T16:14:32.271540287Z,2026-05-18T16:14:32.176799235Z,1,1,2513137,T,A,0,12.800000000,1,0,14306,115876366,12.800000000,12.900000000,1,785,1,6,UD:1V: VT 2513137
2026-05-18T16:14:54.671744209Z,2026-05-18T16:14:54.652615425Z,1,1,42601526,T,A,0,389.500000000,2,0,15402,301450207,389.500000000,390.500000000,2,27,1,2,ESM7 C7950
2026-05-18T16:14:59.781280571Z,2026-05-18T16:14:59.510099819Z,1,1,42668409,T,B,0,76.000000000,3,0,16913,301501220,75.500000000,76.000000000,152,3,6,1,ESU6 C7950
2026-05-18T16:15:01.472332158Z,2026-05-18T16:15:01.160233687Z,1,1,42366513,T,A,0,126.500000000,2,0,11706,301535889,126.500000000,127.000000000,2,25,1,5,ESM6 P7400
2026-05-18T16:15:18.165541255Z,2026-05-18T16:15:18.058368947Z,1,1,42386411,T,A,0,366.000000000,3,0,14514,301767627,366.000000000,367.000000000,3,18,1,1,ESM7 C8000
2026-05-18T16:15:20.063342902Z,2026-05-18T16:15:20.049698651Z,1,1,42672443,T,A,0,466.500000000,2,0,14051,301793355,466.500000000,468.000000000,2,26,1,2,ESU7 C8000
2026-05-18T16:15:25.266754820Z,2026-05-18T16:15:25.168265899Z,1,1,42601526,T,A,0,389.500000000,2,0,20172,301845768,389.500000000,390.500000000,2,17,1,1,ESM7 C7950
2026-05-18T16:15:26.066487535Z,2026-05-18T16:15:26.065937003Z,1,1,42366511,T,A,0,45.000000000,1,0,11232,301857611,45.000000000,45.250000000,1,218,1,10,ESM6 C7600
2026-05-18T16:15:26.942481159Z,2026-05-18T16:15:26.926243061Z,1,1,42590331,T,A,0,414.000000000,2,0,17684,301865403,414.000000000,415.000000000,2,17,1,1,ESM7 C7900
2026-05-18T16:15:30.796575982Z,2026-05-18T16:15:30.747142235Z,1,1,42693567,T,A,0,261.500000000,3,0,14974,301915073,261.500000000,262.500000000,3,22,1,1,ESM7 C8250
2026-05-18T16:15:43.073507835Z,2026-05-18T16:15:43.012290809Z,1,1,42397712,T,B,0,88.750000000,6,0,13422,302054155,88.250000000,88.750000000,55,6,4,1,ESU6 C7900
2026-05-18T16:15:43.150387747Z,2026-05-18T16:15:43.087454807Z,1,1,2667409,T,A,0,15.800000000,6,0,13016,116291480,15.800000000,16.200000000,6,953,1,7,UD:1V: VT 2667409
2026-05-18T16:15:43.176878988Z,2026-05-18T16:15:43.097636777Z,1,1,2521990,T,B,0,0.900000000,2,0,13633,116291756,0.750000000,0.900000000,256,512,1,3,UD:1V: VT 2521990
2026-05-18T16:15:44.817410289Z,2026-05-18T16:15:44.713004211Z,1,1,42445515,T,A,0,343.000000000,3,0,15755,302069924,343.000000000,344.000000000,3,18,1,1,ESM7 C8050
2026-05-18T16:15:52.916770846Z,2026-05-18T16:15:52.890636357Z,1,1,42693567,T,A,0,261.500000000,3,0,14353,302135926,261.500000000,262.500000000,3,22,1,1,ESM7 C8250
2026-05-18T16:15:59.084290712Z,2026-05-18T16:15:59.025741579Z,1,1,42386401,T,A,0,402.500000000,22,0,17465,302192843,402.500000000,404.000000000,22,22,1,1,ESM7 P7250
2026-05-18T16:16:05.207242795Z,2026-05-18T16:16:05.085591651Z,1,1,2670170,T,B,0,3.400000000,1,0,13374,116396599,3.150000000,3.400000000,73,1,3,1,UD:1V: DG 2670170
2026-05-18T16:16:21.275312520Z,2026-05-18T16:16:21.249676313Z,1,1,42563550,T,A,0,618.000000000,2,0,16235,302494859,618.000000000,620.000000000,2,31,1,2,ESM7 P7850
2026-05-18T16:16:22.148930675Z,2026-05-18T16:16:22.134859239Z,1,1,42657903,T,A,0,534.500000000,17,0,16343,302501451,534.500000000,536.000000000,17,28,1,2,ESM7 P7650
2026-05-18T16:16:24.471329263Z,2026-05-18T16:16:24.418993095Z,1,1,42608139,T,A,0,554.000000000,2,0,14447,302523597,554.000000000,555.500000000,2,17,1,1,ESM7 P7700
2026-05-18T16:16:25.056135347Z,2026-05-18T16:16:24.890118077Z,1,1,42453646,T,A,0,416.000000000,21,0,17822,302531901,416.000000000,417.500000000,21,21,1,1,ESM7 P7300
2026-05-18T16:16:28.052751337Z,2026-05-18T16:16:28.036308665Z,1,1,2549802,T,A,0,13.300000000,6,0,13048,116556273,13.300000000,13.500000000,6,583,1,5,UD:1V: VT 2549802
2026-05-18T16:16:29.685329008Z,2026-05-18T16:16:29.525806183Z,1,1,42648811,T,A,0,244.500000000,6,0,14573,302588769,244.500000000,245.500000000,6,23,1,1,ESM7 C8300
2026-05-18T16:16:30.441726855Z,2026-05-18T16:16:30.420692841Z,1,1,42423838,T,A,0,361.000000000,24,0,16495,302598249,361.000000000,362.500000000,24,24,1,1,ESM7 P7100
2026-05-18T16:16:30.528539356Z,2026-05-18T16:16:30.464541395Z,1,1,42608139,T,A,0,553.500000000,2,0,14063,302600079,553.500000000,555.000000000,2,17,1,1,ESM7 P7700
2026-05-18T16:16:31.545101907Z,2026-05-18T16:16:31.544480673Z,1,1,2549802,T,A,0,13.300000000,6,0,18196,116577424,13.300000000,13.500000000,6,652,1,5,UD:1V: VT 2549802
2026-05-18T16:16:32.616562563Z,2026-05-18T16:16:32.553222927Z,1,1,42608139,T,A,0,553.500000000,17,0,13975,302631614,553.500000000,555.000000000,17,17,1,1,ESM7 P7700
2026-05-18T16:16:33.246683721Z,2026-05-18T16:16:33.063921573Z,1,1,42423844,T,A,0,466.500000000,2,0,11397,302642106,466.500000000,468.500000000,2,30,1,2,ESM7 C7800
2026-05-18T16:16:36.677186699Z,2026-05-18T16:16:36.552577927Z,1,1,2669616,T,A,0,46.500000000,6,0,14329,116611124,46.500000000,46.750000000,6,496,1,7,UD:1V: VT 2669616
2026-05-18T16:16:37.113458390Z,2026-05-18T16:16:36.817154159Z,1,1,42648811,T,A,0,244.000000000,5,0,16874,302696795,244.000000000,245.500000000,28,27,2,2,ESM7 C8300
2026-05-18T16:16:37.843401258Z,2026-05-18T16:16:37.696738701Z,1,1,42693567,T,A,0,262.000000000,22,0,14738,302713208,262.000000000,263.500000000,22,22,1,1,ESM7 C8250
2026-05-18T16:16:47.941165315Z,2026-05-18T16:16:47.892139649Z,1,1,42876291,T,A,0,227.000000000,6,0,14528,302819058,227.000000000,228.000000000,6,24,1,1,ESM7 C8350
2026-05-18T16:16:49.849452076Z,2026-05-18T16:16:49.794662367Z,1,1,2622256,T,A,0,13.200000000,6,0,12203,116688566,13.200000000,13.300000000,6,209,1,4,UD:1V: VT 2622256
2026-05-18T16:16:52.501481623Z,2026-05-18T16:16:52.239300267Z,1,1,42560912,T,A,0,320.500000000,19,0,13992,302904910,320.500000000,322.000000000,19,19,1,1,ESM7 C8100
2026-05-18T16:16:53.427925199Z,2026-05-18T16:16:53.321451935Z,1,1,42378346,T,B,0,82.500000000,1,0,13386,302923735,82.250000000,82.500000000,40,1,5,1,ESM6 C7500
2026-05-18T16:16:55.103615822Z,2026-05-18T16:16:55.078560383Z,1,1,42467057,T,A,0,280.000000000,20,0,16837,302948715,280.000000000,281.500000000,20,20,1,1,ESM7 C8200
2026-05-18T16:16:56.078857227Z,2026-05-18T16:16:56.001895087Z,1,1,42649304,T,A,0,549.000000000,2,0,16881,302960988,549.000000000,551.000000000,2,20,1,1,ESM7 C7650
2026-05-18T16:16:58.990346927Z,2026-05-18T16:16:58.981936719Z,1,1,42423838,T,A,0,361.000000000,24,0,17927,303007421,361.000000000,362.000000000,24,24,1,1,ESM7 P7100
2026-05-18T16:16:59.257257299Z,2026-05-18T16:16:59.201794385Z,1,1,42657903,T,A,0,534.000000000,17,0,14880,303011275,534.000000000,535.500000000,17,17,1,1,ESM7 P7650
2026-05-18T16:17:00.113249240Z,2026-05-18T16:17:00.081904443Z,1,1,42477743,T,A,0,515.000000000,17,0,15552,303018060,515.000000000,516.500000000,17,17,1,1,ESM7 P7600
2026-05-18T16:17:01.564835383Z,2026-05-18T16:17:01.564279339Z,1,1,42366523,T,B,0,50.750000000,5,0,15378,303026923,50.250000000,50.750000000,228,108,8,6,ESM6 P7100
2026-05-18T16:17:06.207549900Z,2026-05-18T16:17:06.042486499Z,1,1,42386401,T,A,0,401.000000000,25,0,11085,303066915,401.000000000,402.500000000,25,22,2,1,ESM7 P7250
2026-05-18T16:17:07.963634428Z,2026-05-18T16:17:07.948593427Z,1,1,42876291,T,A,0,227.000000000,6,0,16127,303095150,227.000000000,228.000000000,6,24,1,1,ESM7 C8350
2026-05-18T16:17:10.083105810Z,2026-05-18T16:17:10.081176525Z,1,1,42459577,T,A,0,611.000000000,50,0,13695,303120426,611.000000000,611.500000000,50,19,1,1,ESM7 C7550
2026-05-18T16:17:10.105829092Z,2026-05-18T16:17:10.098737585Z,1,1,42453646,T,A,0,415.500000000,21,0,15864,303120896,415.500000000,416.500000000,21,21,1,1,ESM7 P7300
2026-05-18T16:17:13.428417179Z,2026-05-18T16:17:13.427961183Z,1,1,42459577,T,A,0,611.000000000,50,0,13322,303143422,611.000000000,611.500000000,50,19,1,1,ESM7 C7550
2026-05-18T16:17:14.247572405Z,2026-05-18T16:17:14.187090495Z,1,1,2669616,T,A,0,46.500000000,6,0,14886,116831565,46.500000000,46.750000000,6,637,1,8,UD:1V: VT 2669616
2026-05-18T16:17:14.280387070Z,2026-05-18T16:17:14.187282063Z,1,1,42648811,T,A,0,244.000000000,23,0,14881,303153220,244.000000000,245.500000000,23,27,1,2,ESM7 C8300
2026-05-18T16:17:17.582924182Z,2026-05-18T16:17:17.582122767Z,1,1,42366523,T,A,0,50.500000000,1,0,14688,303176103,50.500000000,50.750000000,2,71,1,5,ESM6 P7100
2026-05-18T16:17:17.793516294Z,2026-05-18T16:17:17.738997867Z,1,1,42546550,T,A,0,430.500000000,20,0,15930,303178154,430.500000000,432.000000000,20,20,1,1,ESM7 P7350
2026-05-18T16:17:17.953285755Z,2026-05-18T16:17:17.933654955Z,1,1,42386399,T,A,0,446.000000000,19,0,16400,303181838,446.000000000,447.500000000,19,19,1,1,ESM7 P7400
2026-05-18T16:17:18.898804795Z,2026-05-18T16:17:18.841800791Z,1,1,42453647,T,A,0,479.000000000,19,0,17896,303188220,479.000000000,480.500000000,19,19,1,1,ESM7 P7500
2026-05-18T16:17:18.910008966Z,2026-05-18T16:17:18.841825941Z,1,1,42416106,T,A,0,108.000000000,2,0,11236,303188383,108.000000000,108.500000000,27,93,4,8,ESM6 C7450
2026-05-18T16:17:18.959507690Z,2026-05-18T16:17:18.905150313Z,1,1,42416106,T,A,0,108.000000000,2,0,16492,303189571,108.000000000,108.500000000,2,93,1,8,ESM6 C7450
2026-05-18T16:17:21.120337198Z,2026-05-18T16:17:21.095459377Z,1,1,42608139,T,A,0,553.000000000,17,0,16219,303215593,553.000000000,554.500000000,17,17,1,1,ESM7 P7700
2026-05-18T16:17:23.326392203Z,2026-05-18T16:17:23.325795839Z,1,1,42573252,T,B,0,50.000000000,1,0,14055,303231844,49.750000000,50.000000000,72,9,2,1,ESH7 P4800
2026-05-18T16:17:23.334092173Z,2026-05-18T16:17:23.325797971Z,1,1,42573252,T,B,0,50.000000000,8,0,13596,303231846,49.750000000,50.000000000,72,8,2,1,ESH7 P4800
2026-05-18T16:17:23.794443569Z,2026-05-18T16:17:23.732901801Z,1,1,42366511,T,B,0,45.500000000,4,0,16952,303239339,45.250000000,45.500000000,117,4,7,1,ESM6 C7600
2026-05-18T16:17:25.465509250Z,2026-05-18T16:17:25.463641091Z,1,1,42366523,T,B,0,50.750000000,5,0,16261,303260712,50.250000000,50.750000000,127,194,7,9,ESM6 P7100
2026-05-18T16:17:31.118511043Z,2026-05-18T16:17:31.073416187Z,1,1,2669616,T,A,0,46.500000000,6,0,12998,116907579,46.500000000,46.750000000,6,856,1,10,UD:1V: VT 2669616
2026-05-18T16:18:09.554147420Z,2026-05-18T16:18:09.548798801Z,1,1,42740173,T,B,0,104.000000000,4,0,12680,303720080,103.500000000,104.000000000,117,5,5,1,ESU6 P6725
2026-05-18T16:18:26.666098190Z,2026-05-18T16:18:26.665530181Z,1,1,42404366,T,A,0,9.600000000,1,0,14859,303915693,9.600000000,9.700000000,1,158,1,6,ESM6 C7800
2026-05-18T16:18:32.342634615Z,2026-05-18T16:18:31.881575691Z,1,1,42755129,T,B,0,444.000000000,1,0,12887,303962622,443.500000000,444.000000000,21,1,2,1,ESZ7 C8250
2026-05-18T16:19:21.609526865Z,2026-05-18T16:19:21.604231647Z,1,1,2563474,T,B,0,11.100000000,6,0,12924,117424530,11.000000000,11.100000000,835,6,4,1,UD:1V: VT 2563474
2026-05-18T16:19:22.477624524Z,2026-05-18T16:19:22.477073175Z,1,1,42755128,T,B,0,539.000000000,2,0,15528,304420920,538.500000000,539.000000000,2,2,1,1,ESZ7 C8050
2026-05-18T16:19:24.764277049Z,2026-05-18T16:19:24.749136399Z,1,1,42389905,T,A,0,368.500000000,7,0,14472,304440406,368.500000000,369.000000000,7,2,1,1,ESZ6 P7500
2026-05-18T16:19:25.510602366Z,2026-05-18T16:19:25.510079479Z,1,1,42361394,T,A,0,333.000000000,7,0,13038,304452050,333.000000000,333.500000000,7,21,1,2,ESZ6 P7400
2026-05-18T16:19:28.215035828Z,2026-05-18T16:19:28.210303719Z,1,1,540367,T,A,0,98.750000000,3,0,14209,304481803,98.750000000,99.250000000,3,127,1,3,ESZ6 P6100
2026-05-18T16:19:29.835885219Z,2026-05-18T16:19:29.822812729Z,1,1,42439384,T,A,0,332.000000000,3,0,14446,304493937,332.000000000,332.500000000,3,10,1,3,ESU6 P7600
2026-05-18T16:19:30.207159201Z,2026-05-18T16:19:30.173116931Z,1,1,42389905,T,A,0,368.500000000,3,0,14126,304501482,368.500000000,369.000000000,3,2,1,1,ESZ6 P7500
2026-05-18T16:19:30.738639561Z,2026-05-18T16:19:30.738109341Z,1,1,540367,T,A,0,98.750000000,3,0,14147,304504096,98.750000000,99.250000000,3,179,1,5,ESZ6 P6100
2026-05-18T16:19:31.331908374Z,2026-05-18T16:19:31.305375613Z,1,1,42287163,T,A,0,388.000000000,3,0,11671,304513350,388.000000000,389.000000000,3,64,1,4,ESZ6 P7550
2026-05-18T16:19:31.863110779Z,2026-05-18T16:19:31.862497603Z,1,1,42529461,T,A,0,180.000000000,3,0,13672,304516999,180.000000000,180.500000000,3,63,1,4,ESZ6 P6750
2026-05-18T16:19:32.395375837Z,2026-05-18T16:19:32.394094949Z,1,1,233533,T,A,0,75.250000000,3,0,14315,304519809,75.250000000,75.500000000,3,49,1,1,ESZ6 P5800
2026-05-18T16:19:32.926070124Z,2026-05-18T16:19:32.925591841Z,1,1,42287163,T,A,0,388.000000000,3,0,13543,304521918,388.000000000,388.500000000,3,2,1,1,ESZ6 P7550
2026-05-18T16:19:33.456424437Z,2026-05-18T16:19:33.455873497Z,1,1,42587343,T,A,0,370.500000000,3,0,13519,304528904,370.500000000,371.000000000,3,2,1,1,ESZ6 C7550
2026-05-18T16:19:33.986748809Z,2026-05-18T16:19:33.986180699Z,1,1,42389905,T,A,0,368.500000000,3,0,17755,304536049,368.500000000,369.000000000,3,2,1,1,ESZ6 P7500
2026-05-18T16:19:34.517209665Z,2026-05-18T16:19:34.516651915Z,1,1,42287163,T,A,0,388.000000000,3,0,14967,304539095,388.000000000,388.500000000,3,2,1,1,ESZ6 P7550
2026-05-18T16:19:35.178326638Z,2026-05-18T16:19:35.115928027Z,1,1,42529462,T,A,0,164.000000000,3,0,11633,304547606,164.000000000,164.500000000,3,35,1,2,ESZ6 P6650
2026-05-18T16:19:35.709626267Z,2026-05-18T16:19:35.709073415Z,1,1,540367,T,A,0,98.750000000,3,0,13832,304551467,98.750000000,99.250000000,3,261,1,6,ESZ6 P6100
2026-05-18T16:19:37.013995702Z,2026-05-18T16:19:37.005355973Z,1,1,233533,T,A,0,75.250000000,3,0,13946,304563595,75.250000000,75.500000000,3,49,1,1,ESZ6 P5800
2026-05-18T16:19:39.138282564Z,2026-05-18T16:19:38.932334939Z,1,1,540367,T,A,0,98.750000000,3,0,13531,304578124,98.750000000,99.250000000,3,261,1,6,ESZ6 P6100
2026-05-18T16:19:41.026303467Z,2026-05-18T16:19:41.022965309Z,1,1,233533,T,A,0,75.250000000,3,0,12770,304593058,75.250000000,75.500000000,3,49,1,1,ESZ6 P5800
2026-05-18T16:19:42.376974578Z,2026-05-18T16:19:42.130436731Z,1,1,42433294,T,A,0,78.750000000,3,0,11477,304606653,78.750000000,79.000000000,3,134,1,2,ESZ6 P5850
2026-05-18T16:19:42.908424897Z,2026-05-18T16:19:42.907870179Z,1,1,42529461,T,A,0,180.000000000,3,0,13816,304614444,180.000000000,180.500000000,3,56,1,3,ESZ6 P6750
2026-05-18T16:19:43.439943457Z,2026-05-18T16:19:43.439412173Z,1,1,42433294,T,A,0,78.750000000,3,0,14295,304617506,78.750000000,79.000000000,3,134,1,2,ESZ6 P5850
2026-05-18T16:19:43.971237209Z,2026-05-18T16:19:43.970657323Z,1,1,42529462,T,A,0,164.000000000,3,0,13611,304619019,164.000000000,164.500000000,3,35,1,2,ESZ6 P6650
2026-05-18T16:19:44.502208187Z,2026-05-18T16:19:44.501673823Z,1,1,42479833,T,A,0,317.000000000,3,0,12772,304620961,317.000000000,317.500000000,3,22,1,2,ESZ6 P7350
2026-05-18T16:19:45.033113996Z,2026-05-18T16:19:45.032541213Z,1,1,42492548,T,A,0,350.500000000,3,0,17140,304625714,350.500000000,351.000000000,3,32,1,3,ESZ6 P7450
2026-05-18T16:19:45.565024150Z,2026-05-18T16:19:45.564177053Z,1,1,539869,T,A,0,90.250000000,3,0,14135,304629388,90.250000000,90.500000000,3,74,1,2,ESZ6 P6000
2026-05-18T16:19:46.219087012Z,2026-05-18T16:19:46.193218145Z,1,1,42529461,T,A,0,180.000000000,3,0,13928,304640767,180.000000000,180.500000000,3,56,1,3,ESZ6 P6750
2026-05-18T16:19:46.749977044Z,2026-05-18T16:19:46.749464961Z,1,1,4112315,T,A,0,172.000000000,3,0,14428,304643583,172.000000000,172.500000000,3,91,1,5,ESZ6 P6700
2026-05-18T16:19:47.426479083Z,2026-05-18T16:19:47.387069435Z,1,1,42433262,T,A,0,103.500000000,3,0,13737,304654126,103.500000000,104.000000000,3,174,1,5,ESZ6 P6150
2026-05-18T16:19:47.833558230Z,2026-05-18T16:19:47.832979017Z,1,1,42384755,T,B,0,171.000000000,1,0,12330,304655928,170.500000000,171.000000000,33,1,6,1,ESM6 P7500
2026-05-18T16:19:47.979558963Z,2026-05-18T16:19:47.973177103Z,1,1,4112315,T,A,0,172.000000000,1,0,11670,304657520,172.000000000,172.500000000,3,90,1,5,ESZ6 P6700
2026-05-18T16:19:47.983927521Z,2026-05-18T16:19:47.982366997Z,1,1,4112315,T,A,0,172.000000000,2,0,13650,304657607,172.000000000,172.500000000,2,90,1,5,ESZ6 P6700
2026-05-18T16:19:49.115218382Z,2026-05-18T16:19:49.099512087Z,1,1,42433262,T,A,0,103.500000000,3,0,13915,304664654,103.500000000,104.000000000,3,174,1,5,ESZ6 P6150
2026-05-18T16:19:49.646720633Z,2026-05-18T16:19:49.646207471Z,1,1,4112315,T,A,0,172.000000000,1,0,13770,304667590,172.000000000,172.500000000,3,66,1,4,ESZ6 P6700
2026-05-18T16:19:49.646948564Z,2026-05-18T16:19:49.646207651Z,1,1,4112315,T,A,0,172.000000000,2,0,11296,304667592,172.000000000,172.500000000,2,66,1,4,ESZ6 P6700
2026-05-18T16:19:56.541327385Z,2026-05-18T16:19:56.540737157Z,1,1,2672366,T,A,0,7.000000000,1,0,13795,117572326,7.000000000,7.100000000,1,893,1,6,UD:1V: VT 2672366
2026-05-18T16:20:01.671433566Z,2026-05-18T16:20:01.314287515Z,1,1,300898,T,A,0,143.000000000,4,0,13866,304777521,143.000000000,143.500000000,4,130,1,5,ESZ6 P6500
2026-05-18T16:20:02.334308156Z,2026-05-18T16:20:02.310316435Z,1,1,42529461,T,A,0,180.000000000,4,0,14172,304792049,180.000000000,180.500000000,4,56,1,3,ESZ6 P6750
2026-05-18T16:20:02.972388115Z,2026-05-18T16:20:02.941410449Z,1,1,540367,T,A,0,98.750000000,4,0,13993,304801041,98.750000000,99.250000000,4,137,1,5,ESZ6 P6100
2026-05-18T16:20:03.503151534Z,2026-05-18T16:20:03.502625135Z,1,1,42529462,T,A,0,164.000000000,4,0,13160,304809896,164.000000000,164.500000000,4,55,1,2,ESZ6 P6650
2026-05-18T16:20:03.737493345Z,2026-05-18T16:20:03.714425803Z,1,1,42384726,T,A,0,2.400000000,20,0,12657,304812224,2.400000000,2.450000000,20,235,1,3,ESM6 P5500
2026-05-18T16:20:04.179885040Z,2026-05-18T16:20:04.105961029Z,1,1,540367,T,A,0,98.750000000,4,0,13939,304821002,98.750000000,99.250000000,4,221,1,6,ESZ6 P6100
2026-05-18T16:20:04.710772609Z,2026-05-18T16:20:04.710252389Z,1,1,42506003,T,A,0,149.500000000,4,0,13046,304830465,149.500000000,150.000000000,4,66,1,3,ESZ6 P6550
2026-05-18T16:20:05.223803174Z,2026-05-18T16:20:05.217212923Z,1,1,42378618,T,A,0,28.500000000,1,0,13438,304833544,28.500000000,28.750000000,3,167,2,6,ESM6 P6900
2026-05-18T16:20:05.457350514Z,2026-05-18T16:20:05.440941189Z,1,1,42404374,T,B,0,37.750000000,5,0,15131,304835877,37.500000000,37.750000000,14,5,3,1,ESM6 P7000
2026-05-18T16:20:06.391398174Z,2026-05-18T16:20:06.390861587Z,1,1,42404374,T,B,0,37.750000000,6,0,16191,304845317,37.500000000,37.750000000,14,34,3,1,ESM6 P7000
2026-05-18T16:20:07.304705777Z,2026-05-18T16:20:07.304182211Z,1,1,42378449,T,B,0,4.800000000,5,0,15978,304848247,4.750000000,4.800000000,727,5,9,1,ESM6 P6000
2026-05-18T16:20:08.248168465Z,2026-05-18T16:20:08.111893715Z,1,1,42777414,T,B,0,591.000000000,2,0,13043,304856544,588.500000000,591.000000000,24,2,1,1,ESZ7 C7950
2026-05-18T16:20:08.259304366Z,2026-05-18T16:20:08.112135459Z,1,1,42529462,T,A,0,164.000000000,4,0,12103,304856955,164.000000000,164.500000000,4,63,1,3,ESZ6 P6650
2026-05-18T16:20:08.521161075Z,2026-05-18T16:20:08.233030127Z,1,1,2563474,T,B,0,11.100000000,98,0,11371,117636594,11.000000000,11.100000000,695,98,4,1,UD:1V: VT 2563474
2026-05-18T16:20:08.953303315Z,2026-05-18T16:20:08.898719215Z,1,1,4110424,T,A,0,156.500000000,4,0,14496,304870753,156.500000000,157.000000000,4,70,1,4,ESZ6 P6600
2026-05-18T16:20:09.484262211Z,2026-05-18T16:20:09.483832671Z,1,1,42529462,T,A,0,164.000000000,4,0,14400,304873709,164.000000000,164.500000000,4,68,1,4,ESZ6 P6650
2026-05-18T16:20:10.092144036Z,2026-05-18T16:20:10.091608117Z,1,1,4112315,T,A,0,171.500000000,4,0,11652,304883722,171.500000000,172.000000000,4,59,1,3,ESZ6 P6700
2026-05-18T16:20:13.214720758Z,2026-05-18T16:20:13.214105689Z,1,1,42359891,T,A,0,301.500000000,4,0,16368,304926564,301.500000000,302.000000000,4,42,1,4,ESZ6 P7300
2026-05-18T16:20:13.745773222Z,2026-05-18T16:20:13.745209999Z,1,1,42529462,T,A,0,164.000000000,4,0,13894,304930446,164.000000000,164.500000000,4,101,1,4,ESZ6 P6650
2026-05-18T16:20:14.481378155Z,2026-05-18T16:20:14.474390869Z,1,1,42479831,T,A,0,197.000000000,4,0,13611,304939701,197.000000000,197.500000000,4,48,1,2,ESZ6 P6850
2026-05-18T16:20:15.011798169Z,2026-05-18T16:20:15.011135231Z,1,1,42529462,T,A,0,164.000000000,4,0,14610,304943693,164.000000000,164.500000000,4,160,1,5,ESZ6 P6650
2026-05-18T16:20:15.543081829Z,2026-05-18T16:20:15.542486611Z,1,1,42506003,T,A,0,149.500000000,4,0,16599,304946518,149.500000000,150.000000000,4,72,1,4,ESZ6 P6550
2026-05-18T16:20:16.081245318Z,2026-05-18T16:20:16.080119357Z,1,1,42506003,T,A,0,149.500000000,4,0,14056,304950226,149.500000000,150.000000000,4,72,1,4,ESZ6 P6550
2026-05-18T16:20:17.959157478Z,2026-05-18T16:20:17.566686785Z,1,1,42366523,T,B,0,50.250000000,5,0,16402,304974226,49.750000000,50.250000000,28,154,2,7,ESM6 P7100
2026-05-18T16:20:21.926568588Z,2026-05-18T16:20:21.905064719Z,1,1,42366512,T,A,0,3.150000000,40,0,11812,305022186,3.150000000,3.250000000,40,519,2,8,ESM6 P5700
2026-05-18T16:20:21.926595639Z,2026-05-18T16:20:21.905065429Z,1,1,42378592,T,A,0,11.200000000,2,0,11546,305022188,11.200000000,11.300000000,2,181,1,4,ESM6 P6500
2026-05-18T16:20:35.109524302Z,2026-05-18T16:20:34.744705301Z,1,1,2519318,T,B,0,15.600000000,6,0,13179,117818738,15.500000000,15.600000000,47,6,2,1,UD:1V: BO 2519318
2026-05-18T16:20:38.044777910Z,2026-05-18T16:20:38.009333459Z,1,1,42394754,T,A,0,6.500000000,5,0,14845,305260898,6.500000000,6.600000000,6,9,1,2,ESM6 P6200
2026-05-18T16:20:41.060086137Z,2026-05-18T16:20:41.053352793Z,1,1,42366523,T,B,0,49.750000000,5,0,13194,305291864,49.250000000,49.750000000,152,129,8,7,ESM6 P7100
2026-05-18T16:20:45.314467345Z,2026-05-18T16:20:45.313843617Z,1,1,42394754,T,B,0,6.500000000,5,0,13329,305331127,6.400000000,6.500000000,759,5,9,1,ESM6 P6200
2026-05-18T16:20:50.474853583Z,2026-05-18T16:20:50.381571343Z,1,1,42399646,T,A,0,22.750000000,10,0,11830,305376575,22.750000000,23.000000000,10,136,1,7,ESM6 C7700
2026-05-18T16:20:53.157409545Z,2026-05-18T16:20:53.137245961Z,1,1,42384725,T,B,0,139.500000000,14,0,17400,305402665,139.000000000,139.500000000,6,33,2,8,ESM6 C7400
2026-05-18T16:20:57.076498735Z,2026-05-18T16:20:57.041524863Z,1,1,2501126,T,A,0,31.000000000,6,0,12038,117924311,31.000000000,31.250000000,6,1466,1,8,UD:1V: VT 2501126
2026-05-18T16:21:03.080766579Z,2026-05-18T16:21:02.951568663Z,1,1,2501126,T,A,0,31.000000000,6,0,15005,117960831,31.000000000,31.250000000,6,2112,1,11,UD:1V: VT 2501126
2026-05-18T16:21:06.504626689Z,2026-05-18T16:21:06.468718029Z,1,1,2501126,T,A,0,31.000000000,6,0,14049,117976882,31.000000000,31.250000000,6,2067,1,11,UD:1V: VT 2501126
2026-05-18T16:21:12.156492180Z,2026-05-18T16:21:11.962520783Z,1,1,2622256,T,B,0,13.600000000,25,0,11381,118019429,13.500000000,13.600000000,405,25,4,1,UD:1V: VT 2622256
2026-05-18T16:21:19.649977374Z,2026-05-18T16:21:19.561803853Z,1,1,42399597,T,A,0,0.700000000,1,0,14296,305729019,0.700000000,0.750000000,1,468,1,5,ESM6 P4450
2026-05-18T16:21:24.797647047Z,2026-05-18T16:21:24.785699585Z,1,1,42496686,T,B,0,11.300000000,25,0,14015,305811569,11.100000000,11.300000000,211,25,4,1,ESU6 C8500
2026-05-18T16:21:25.203286871Z,2026-05-18T16:21:24.799524235Z,1,1,42439505,T,A,0,22.250000000,6,0,11302,305819694,22.250000000,22.500000000,6,242,1,3,ESU6 P5250
2026-05-18T16:21:27.971899658Z,2026-05-18T16:21:27.674187565Z,1,1,42892714,T,A,0,18.900000000,1,0,13456,305871762,18.900000000,19.100000000,1,88,1,5,ESM6 C7725
2026-05-18T16:21:30.711241851Z,2026-05-18T16:21:30.710705097Z,1,1,42404366,T,A,0,10.000000000,10,0,12791,305910420,10.000000000,10.100000000,10,44,1,4,ESM6 C7800
2026-05-18T16:21:32.077504699Z,2026-05-18T16:21:31.962735085Z,1,1,42394770,T,B,0,10.200000000,5,0,13932,305926036,9.900000000,10.200000000,326,224,8,7,ESM6 P6450
2026-05-18T16:21:34.775983790Z,2026-05-18T16:21:34.021170561Z,1,1,42399646,T,A,0,22.750000000,2,0,15342,305964016,22.750000000,23.000000000,2,39,1,2,ESM6 C7700
2026-05-18T16:21:35.097081746Z,2026-05-18T16:21:34.117301397Z,1,1,42394812,T,B,0,21.750000000,10,0,14221,305969839,21.500000000,21.750000000,254,10,6,1,ESM6 P6800
2026-05-18T16:21:38.802337059Z,2026-05-18T16:21:38.184533423Z,1,1,42560128,T,B,0,74.000000000,1,0,15226,306037267,73.750000000,74.000000000,36,1,4,1,ESM6 C7525
2026-05-18T16:22:01.603253937Z,2026-05-18T16:22:01.499068361Z,1,1,42378541,T,A,0,7.600000000,10,0,13217,306279076,7.600000000,7.700000000,242,10,6,1,ESM6 P6300
2026-05-18T16:22:19.615456052Z,2026-05-18T16:22:17.902864637Z,1,1,42548953,T,B,0,192.000000000,4,0,11068,306510912,190.000000000,192.000000000,2,4,1,1,ESH7 P6500
2026-05-18T16:22:22.045562805Z,2026-05-18T16:22:19.760093313Z,1,1,2521888,T,A,0,-1.500000000,1,0,13603,118469247,-1.500000000,-1.250000000,1,89,1,2,UD:1V: GN 2521888
2026-05-18T16:22:40.552029515Z,2026-05-18T16:22:40.468201179Z,1,1,42871623,T,B,0,53.500000000,1,0,17294,306830984,53.250000000,53.500000000,46,1,5,1,ESM6 C7575
2026-05-18T16:22:42.792959099Z,2026-05-18T16:22:42.785763483Z,1,1,42465600,T,A,0,267.000000000,4,0,16560,306869964,267.000000000,267.500000000,4,58,1,3,ESU6 P7450
2026-05-18T16:22:53.429121992Z,2026-05-18T16:22:53.351272119Z,1,1,42506302,T,A,0,287.000000000,4,0,17952,307017848,287.000000000,288.000000000,4,103,1,6,ESU6 P7500
2026-05-18T16:22:54.988068015Z,2026-05-18T16:22:54.897704227Z,1,1,42384725,T,A,0,137.000000000,1,0,12899,307037466,137.000000000,137.500000000,1,31,1,5,ESM6 C7400
2026-05-18T16:22:57.000628226Z,2026-05-18T16:22:56.950564401Z,1,1,42397651,T,B,0,249.000000000,9,0,15769,307073709,248.500000000,249.000000000,4,19,1,2,ESU6 P7400
2026-05-18T16:23:00.134234955Z,2026-05-18T16:23:00.036815579Z,1,1,42366511,T,A,0,45.250000000,5,0,20788,307111408,45.250000000,45.500000000,5,81,1,3,ESM6 C7600
2026-05-18T16:23:05.939898522Z,2026-05-18T16:23:05.939369937Z,1,1,42453646,T,A,0,417.500000000,1,0,14725,307220490,417.500000000,418.500000000,50,3,1,1,ESM7 P7300
2026-05-18T16:23:07.446980922Z,2026-05-18T16:23:07.424944489Z,1,1,42465600,T,A,0,267.500000000,4,0,24898,307234766,267.500000000,268.000000000,4,47,1,4,ESU6 P7450
2026-05-18T16:23:12.639292436Z,2026-05-18T16:23:12.619362585Z,1,1,42465600,T,A,0,267.500000000,4,0,18812,307296510,267.500000000,268.000000000,4,74,1,7,ESU6 P7450
2026-05-18T16:23:26.719254188Z,2026-05-18T16:23:26.029280815Z,1,1,42384725,T,A,0,134.500000000,1,0,12537,307513584,134.500000000,135.000000000,1,7,1,2,ESM6 C7400
2026-05-18T16:23:27.843461036Z,2026-05-18T16:23:27.505636867Z,1,1,2501126,T,A,0,30.750000000,6,0,11962,118970569,30.750000000,31.000000000,6,1908,1,9,UD:1V: VT 2501126
2026-05-18T16:23:34.297127172Z,2026-05-18T16:23:34.215968271Z,1,1,2501126,T,A,0,30.750000000,6,0,14311,119023307,30.750000000,31.000000000,6,1958,1,9,UD:1V: VT 2501126
2026-05-18T16:23:34.673641012Z,2026-05-18T16:23:34.672316113Z,1,1,42397651,T,B,0,250.500000000,8,0,11308,307654274,250.000000000,250.500000000,4,28,1,3,ESU6 P7400
2026-05-18T16:23:39.006679908Z,2026-05-18T16:23:38.952630483Z,1,1,42384731,T,A,0,93.250000000,3,0,14067,307720064,93.250000000,93.750000000,3,107,1,8,ESM6 P7300
2026-05-18T16:23:41.547113356Z,2026-05-18T16:23:41.542908519Z,1,1,42516900,T,A,0,109.000000000,9,0,14080,307761400,109.000000000,109.500000000,9,96,1,9,ESM6 P7350
2026-05-18T16:23:41.641514483Z,2026-05-18T16:23:41.613237967Z,1,1,2522438,T,B,0,-4.500000000,1,0,16785,119076329,-4.700000000,-4.500000000,2,1,1,1,UD:1V: GN 2522438
2026-05-18T16:23:48.336795384Z,2026-05-18T16:23:48.238163441Z,1,1,42804684,T,A,0,100.500000000,10,0,18323,307838158,100.500000000,101.000000000,10,134,1,9,ESM6 P7325
2026-05-18T16:23:49.226976465Z,2026-05-18T16:23:49.218615199Z,1,1,42804684,T,A,0,100.500000000,10,0,16601,307852954,100.500000000,101.000000000,10,172,1,10,ESM6 P7325
2026-05-18T16:23:49.295297852Z,2026-05-18T16:23:49.294824659Z,1,1,42516900,T,A,0,108.500000000,6,0,13456,307853498,108.500000000,109.000000000,6,123,1,10,ESM6 P7350
2026-05-18T16:23:50.107322447Z,2026-05-18T16:23:50.101587539Z,1,1,42611781,T,B,0,61.500000000,3,0,14169,307859087,61.250000000,61.500000000,21,3,5,1,ESM6 C7550
2026-05-18T16:23:50.258617903Z,2026-05-18T16:23:50.254945401Z,1,1,42378346,T,B,0,82.250000000,2,0,17234,307860234,81.750000000,82.250000000,98,2,7,1,ESM6 C7500
2026-05-18T16:24:07.738741187Z,2026-05-18T16:24:07.704549441Z,1,1,2501126,T,A,0,30.750000000,6,0,15005,119246764,30.750000000,31.000000000,6,2006,1,10,UD:1V: VT 2501126
2026-05-18T16:24:14.398097788Z,2026-05-18T16:24:14.096808189Z,1,1,2506883,T,A,0,565.500000000,1,0,19104,119296568,565.500000000,568.000000000,1,116,1,4,UD:1V: ST 2506883
2026-05-18T16:24:14.843764124Z,2026-05-18T16:24:14.315361049Z,1,1,42548953,T,B,0,194.000000000,4,0,11585,308205021,193.500000000,194.000000000,26,4,1,1,ESH7 P6500
2026-05-18T16:24:26.205154323Z,2026-05-18T16:24:26.192717463Z,1,1,42506295,T,B,0,108.500000000,5,0,15509,308386845,108.000000000,108.500000000,47,5,3,1,ESU6 P6750
2026-05-18T16:24:53.073165803Z,2026-05-18T16:24:53.070238733Z,1,1,42459576,T,B,0,307.500000000,10,0,17123,308751929,307.000000000,307.500000000,33,10,2,1,ESH7 C7900
2026-05-18T16:24:57.666320468Z,2026-05-18T16:24:57.321715095Z,1,1,2669815,T,B,0,30.500000000,6,0,11534,119589758,30.250000000,30.500000000,133,6,3,1,UD:1V: VT 2669815
2026-05-18T16:25:10.323316195Z,2026-05-18T16:25:10.298839969Z,1,1,42675176,T,B,0,243.000000000,10,0,14257,308981935,242.500000000,243.000000000,21,10,1,1,ESH7 C8050
2026-05-18T16:25:19.914243111Z,2026-05-18T16:25:19.913706099Z,1,1,42676519,T,B,0,206.000000000,10,0,13461,309088949,205.500000000,206.000000000,23,10,1,1,ESH7 C8150
2026-05-18T16:25:21.130726151Z,2026-05-18T16:25:21.119126133Z,1,1,42626389,T,B,0,352.000000000,10,0,16188,309103266,351.000000000,352.000000000,38,10,3,1,ESH7 P7250
2026-05-18T16:25:21.135512615Z,2026-05-18T16:25:21.132902797Z,1,1,42522934,T,B,0,463.500000000,10,0,11283,309103454,462.500000000,463.500000000,31,10,3,1,ESH7 C7600
2026-05-18T16:26:02.970500428Z,2026-05-18T16:26:02.058183841Z,1,1,42372981,T,A,0,1.650000000,1,0,12839,309720681,1.650000000,1.750000000,1,550,1,7,ESM6 C8000
2026-05-18T16:26:05.828605563Z,2026-05-18T16:26:04.412967261Z,1,1,2501126,T,B,0,30.500000000,6,0,14131,120064571,30.250000000,30.500000000,1901,38,8,1,UD:1V: VT 2501126
2026-05-18T16:26:07.373055956Z,2026-05-18T16:26:05.475788965Z,1,1,42384731,T,A,0,96.750000000,5,0,11351,309788718,96.750000000,97.000000000,5,31,1,1,ESM6 P7300
2026-05-18T16:26:10.783764651Z,2026-05-18T16:26:10.035224087Z,1,1,2668624,T,B,0,18.700000000,6,0,13713,120110437,18.600000000,18.700000000,144,6,3,1,UD:1V: VT 2668624
2026-05-18T16:26:10.864955405Z,2026-05-18T16:26:10.150167937Z,1,1,2669616,T,A,0,45.500000000,6,0,14707,120111418,45.500000000,45.750000000,6,380,1,5,UD:1V: VT 2669616
2026-05-18T16:26:15.717856865Z,2026-05-18T16:26:14.346389123Z,1,1,2501126,T,B,0,30.500000000,6,0,18051,120149133,30.250000000,30.500000000,1694,38,8,1,UD:1V: VT 2501126
2026-05-18T16:26:18.556450587Z,2026-05-18T16:26:17.711218291Z,1,1,42366523,T,A,0,53.250000000,10,0,16047,309986799,53.250000000,53.750000000,35,94,2,8,ESM6 P7100
2026-05-18T16:26:19.392399670Z,2026-05-18T16:26:18.844434793Z,1,1,42384731,T,A,0,96.500000000,5,0,13089,310002587,96.500000000,96.750000000,5,8,1,2,ESM6 P7300
2026-05-18T16:26:19.470753759Z,2026-05-18T16:26:18.949204585Z,1,1,42783706,T,A,0,89.500000000,4,0,12894,310004174,89.500000000,89.750000000,5,6,1,1,ESM6 P7275
2026-05-18T16:26:19.475943385Z,2026-05-18T16:26:18.949415757Z,1,1,42783706,T,A,0,89.500000000,1,0,15686,310004277,89.500000000,89.750000000,1,6,1,1,ESM6 P7275
2026-05-18T16:26:20.710291273Z,2026-05-18T16:26:20.276102111Z,1,1,42804684,T,A,0,104.000000000,4,0,13541,310027472,104.000000000,104.500000000,4,49,1,8,ESM6 P7325
2026-05-18T16:26:20.981698716Z,2026-05-18T16:26:20.517864997Z,1,1,2669920,T,B,0,43.000000000,6,0,15427,120201732,42.750000000,43.000000000,395,6,4,1,UD:1V: VT 2669920
2026-05-18T16:26:21.829229071Z,2026-05-18T16:26:21.585000985Z,1,1,42804684,T,A,0,104.000000000,4,0,14154,310049708,104.000000000,104.500000000,4,120,1,9,ESM6 P7325
2026-05-18T16:26:26.250525684Z,2026-05-18T16:26:26.173232259Z,1,1,2669920,T,B,0,43.000000000,6,0,14180,120239444,42.750000000,43.000000000,693,6,6,1,UD:1V: VT 2669920
2026-05-18T16:26:27.776866043Z,2026-05-18T16:26:27.360379957Z,1,1,2501126,T,A,0,30.500000000,6,0,15947,120248815,30.500000000,30.750000000,6,2042,1,11,UD:1V: VT 2501126
2026-05-18T16:26:34.935323880Z,2026-05-18T16:26:34.925293817Z,1,1,42366523,T,A,0,53.500000000,10,0,13093,310268156,53.500000000,54.000000000,111,50,7,6,ESM6 P7100
2026-05-18T16:26:36.440000572Z,2026-05-18T16:26:36.439434133Z,1,1,2673459,T,A,0,3.950000000,1,0,16650,120328715,3.950000000,4.050000000,239,273,1,5,UD:1V: VT 2673459
2026-05-18T16:26:44.390461451Z,2026-05-18T16:26:44.363612967Z,1,1,2507749,T,A,0,38.000000000,1,0,11386,120379790,38.000000000,38.250000000,65,162,2,5,UD:1V: VT 2507749
2026-05-18T16:26:50.572135394Z,2026-05-18T16:26:50.548770469Z,1,1,42627610,T,A,0,29.750000000,10,0,15162,310497740,29.750000000,30.250000000,43,189,3,9,ESM6 C7650
2026-05-18T16:26:53.291693659Z,2026-05-18T16:26:52.534705029Z,1,1,2518809,T,B,0,3.600000000,20,0,15595,120437418,3.500000000,3.600000000,6,20,1,1,UD:1V: BO 2518809
2026-05-18T16:26:56.881711148Z,2026-05-18T16:26:56.754829705Z,1,1,42366523,T,A,0,53.750000000,5,0,15508,310601559,53.750000000,54.250000000,203,19,8,3,ESM6 P7100
2026-05-18T16:27:06.187969844Z,2026-05-18T16:27:05.583529127Z,1,1,42804680,T,A,0,10.400000000,6,0,18615,310770491,10.400000000,10.600000000,6,212,1,6,ESM6 P6425
2026-05-18T16:27:07.621639723Z,2026-05-18T16:27:07.032053983Z,1,1,42394770,T,A,0,10.900000000,6,0,13970,310798985,10.900000000,11.100000000,6,242,1,6,ESM6 P6450
2026-05-18T16:27:10.391160811Z,2026-05-18T16:27:10.224627163Z,1,1,42366523,T,B,0,54.250000000,5,0,14443,310846840,54.000000000,54.250000000,188,5,7,1,ESM6 P7100
2026-05-18T16:27:14.771768899Z,2026-05-18T16:27:14.718875607Z,1,1,42804680,T,A,0,10.400000000,6,0,11426,310907740,10.400000000,10.600000000,6,191,1,6,ESM6 P6425
2026-05-18T16:27:15.299410579Z,2026-05-18T16:27:15.067726153Z,1,1,42902241,T,B,0,89.000000000,25,0,15844,310917095,88.750000000,89.000000000,54,25,5,1,ESM6 C7475
2026-05-18T16:27:23.964271831Z,2026-05-18T16:27:23.344469489Z,1,1,42627610,T,A,0,29.500000000,2,0,12511,311069688,29.500000000,29.750000000,6,31,1,3,ESM6 C7650
2026-05-18T16:27:32.307743193Z,2026-05-18T16:27:32.190511373Z,1,1,42804680,T,A,0,10.300000000,6,0,15643,311208523,10.300000000,10.500000000,6,196,1,6,ESM6 P6425
2026-05-18T16:27:32.637677969Z,2026-05-18T16:27:32.636557893Z,1,1,42366513,T,A,0,132.000000000,3,0,13837,311214243,132.000000000,132.500000000,3,93,1,8,ESM6 P7400
2026-05-18T16:27:32.954315657Z,2026-05-18T16:27:32.686034603Z,1,1,42429065,T,A,0,35.000000000,6,0,15991,311219640,35.000000000,35.250000000,6,5,1,1,ESM6 P6950
2026-05-18T16:28:05.274697962Z,2026-05-18T16:28:04.014135845Z,1,1,42384725,T,A,0,128.000000000,4,0,16158,311717139,128.000000000,130.000000000,4,3,1,1,ESM6 C7400
2026-05-18T16:28:07.009478730Z,2026-05-18T16:28:05.175372991Z,1,1,42372981,T,A,0,1.600000000,2,0,11247,311740038,1.600000000,1.700000000,2,371,1,4,ESM6 C8000
2026-05-18T16:28:07.017047803Z,2026-05-18T16:28:05.177734453Z,1,1,42883555,T,A,0,1.900000000,1,0,12994,311740117,1.900000000,2.000000000,1,324,1,3,ESM6 C7975
2026-05-18T16:28:11.868269918Z,2026-05-18T16:28:09.164616457Z,1,1,42804683,T,B,0,79.500000000,5,0,13136,311809230,79.250000000,79.500000000,4,5,1,1,ESM6 P7225
2026-05-18T16:28:13.812275132Z,2026-05-18T16:28:11.331636695Z,1,1,2501126,T,A,0,30.250000000,6,0,14329,121071976,30.250000000,30.500000000,6,1407,1,6,UD:1V: VT 2501126
2026-05-18T16:28:14.419603222Z,2026-05-18T16:28:12.086867545Z,1,1,42384731,T,B,0,100.000000000,4,0,15647,311847217,99.500000000,100.000000000,8,4,2,2,ESM6 P7300
2026-05-18T16:28:17.376013662Z,2026-05-18T16:28:15.173423615Z,1,1,42384725,T,A,0,125.500000000,2,0,15281,311897632,125.500000000,127.500000000,2,7,1,2,ESM6 C7400
2026-05-18T16:28:17.376013662Z,2026-05-18T16:28:15.173423615Z,1,1,42384725,T,A,0,125.000000000,6,0,15281,311897632,125.500000000,127.500000000,2,7,1,2,ESM6 C7400
2026-05-18T16:28:17.871259075Z,2026-05-18T16:28:15.640346805Z,1,1,42384725,T,B,0,125.000000000,2,0,16138,311906146,122.000000000,125.000000000,68,8,3,1,ESM6 C7400
2026-05-18T16:28:17.926287353Z,2026-05-18T16:28:15.788812867Z,1,1,42384725,T,B,0,125.000000000,6,0,12414,311907277,122.000000000,125.000000000,68,6,3,1,ESM6 C7400
2026-05-18T16:28:18.937361615Z,2026-05-18T16:28:16.972391369Z,1,1,2501126,T,B,0,30.250000000,6,0,12868,121109983,30.000000000,30.250000000,1227,39,6,1,UD:1V: VT 2501126
2026-05-18T16:28:24.417140622Z,2026-05-18T16:28:22.941181779Z,1,1,2501126,T,B,0,30.250000000,6,0,14121,121149895,30.000000000,30.250000000,1664,39,8,1,UD:1V: VT 2501126
2026-05-18T16:28:25.746815774Z,2026-05-18T16:28:24.790735601Z,1,1,42366523,T,B,0,55.250000000,2,0,16035,312029223,55.000000000,55.250000000,44,2,4,1,ESM6 P7100
2026-05-18T16:28:26.009744830Z,2026-05-18T16:28:25.014236937Z,1,1,2673459,T,A,0,3.750000000,6,0,13690,121164648,3.750000000,3.900000000,234,324,1,2,UD:1V: VT 2673459
2026-05-18T16:28:26.038420050Z,2026-05-18T16:28:25.017015975Z,1,1,2673459,T,A,0,3.750000000,6,0,12978,121164778,3.750000000,3.900000000,228,324,1,2,UD:1V: VT 2673459
2026-05-18T16:28:28.771974241Z,2026-05-18T16:28:28.617050863Z,1,1,2673459,T,A,0,3.750000000,98,0,15146,121188773,3.750000000,3.800000000,230,198,1,2,UD:1V: VT 2673459
2026-05-18T16:28:32.414169694Z,2026-05-18T16:28:31.664991063Z,1,1,42384779,T,B,0,15.300000000,10,0,12895,312146429,15.100000000,15.300000000,284,10,7,1,ESM6 P6600
2026-05-18T16:28:33.247474391Z,2026-05-18T16:28:32.344162939Z,1,1,42404366,T,A,0,8.200000000,1,0,12643,312157413,8.200000000,8.300000000,1,75,1,2,ESM6 C7800
2026-05-18T16:28:41.651810463Z,2026-05-18T16:28:41.241809501Z,1,1,2517706,T,B,0,0.600000000,10,0,17588,121291743,0.550000000,0.600000000,3402,10,5,1,UD:1V: VT 2517706
2026-05-18T16:28:42.180721620Z,2026-05-18T16:28:42.042792989Z,1,1,42366523,T,B,0,55.750000000,2,0,14961,312315046,55.500000000,55.750000000,49,2,3,1,ESM6 P7100
2026-05-18T16:28:55.554982209Z,2026-05-18T16:28:55.034400433Z,1,1,2669920,T,B,0,43.750000000,38,0,14016,121393454,43.500000000,43.750000000,487,237,4,1,UD:1V: VT 2669920
2026-05-18T16:28:58.555554935Z,2026-05-18T16:28:57.285631573Z,1,1,81584,T,A,0,100.000000000,1,0,11640,312577121,100.000000000,100.500000000,1,34,1,1,ESZ7 C9500
2026-05-18T16:28:58.648494832Z,2026-05-18T16:28:57.334285159Z,1,1,42372981,T,A,0,1.550000000,1,0,13741,312578783,1.550000000,1.600000000,1,387,1,4,ESM6 C8000
2026-05-18T16:28:59.844802412Z,2026-05-18T16:28:59.068288681Z,1,1,42372969,T,A,0,428.000000000,1,0,16681,312601794,428.000000000,429.000000000,2,4,2,2,ESM6 C7000
2026-05-18T16:29:00.591846222Z,2026-05-18T16:29:00.036829591Z,1,1,42372969,T,A,0,428.000000000,1,0,15734,312615846,428.000000000,428.500000000,1,1,1,1,ESM6 C7000
2026-05-18T16:29:00.658901590Z,2026-05-18T16:29:00.051351855Z,1,1,2520549,T,A,0,8.900000000,75,0,11698,121438907,8.900000000,9.000000000,75,12,1,1,UD:1V: VT 2520549
2026-05-18T16:29:01.085108561Z,2026-05-18T16:29:00.121198809Z,1,1,42378374,T,B,0,75.750000000,1,0,11531,312623888,75.250000000,75.750000000,31,1,2,1,ESM6 P7200
2026-05-18T16:29:01.798750820Z,2026-05-18T16:29:00.827156329Z,1,1,42384731,T,B,0,102.000000000,4,0,14380,312637415,101.500000000,102.000000000,10,4,3,2,ESM6 P7300
2026-05-18T16:29:05.842367252Z,2026-05-18T16:29:04.003245523Z,1,1,42384731,T,B,0,102.000000000,4,0,15767,312700927,101.500000000,102.000000000,23,4,3,2,ESM6 P7300
2026-05-18T16:29:07.289769839Z,2026-05-18T16:29:05.771529747Z,1,1,2520549,T,B,0,8.900000000,120,0,15206,121493266,8.800000000,8.900000000,444,212,4,1,UD:1V: VT 2520549
2026-05-18T16:29:07.554123080Z,2026-05-18T16:29:05.964938153Z,1,1,42404366,T,B,0,8.100000000,9,0,12890,312731808,7.900000000,8.100000000,222,10,4,1,ESM6 C7800
2026-05-18T16:29:07.568566142Z,2026-05-18T16:29:05.965170261Z,1,1,42404366,T,B,0,8.100000000,1,0,11305,312732063,7.900000000,8.100000000,222,1,4,1,ESM6 C7800
2026-05-18T16:29:07.880800785Z,2026-05-18T16:29:06.423548859Z,1,1,42366523,T,A,0,56.250000000,1,0,11428,312737804,56.250000000,57.000000000,6,104,1,6,ESM6 P7100
2026-05-18T16:29:15.617702107Z,2026-05-18T16:29:15.555421881Z,1,1,42377530,T,B,0,118.500000000,5,0,19163,312879815,118.000000000,118.500000000,122,5,5,1,ESU6 P6800
2026-05-18T16:29:20.045212553Z,2026-05-18T16:29:18.706068179Z,1,1,2501126,T,B,0,30.250000000,6,0,13070,121612163,30.000000000,30.250000000,1134,39,4,1,UD:1V: VT 2501126
2026-05-18T16:29:21.920167600Z,2026-05-18T16:29:21.122584103Z,1,1,42366523,T,B,0,55.750000000,1,0,13441,312980548,55.500000000,55.750000000,66,1,6,1,ESM6 P7100
2026-05-18T16:29:23.427628059Z,2026-05-18T16:29:22.435844967Z,1,1,42399646,T,B,0,19.400000000,10,0,13267,313008748,19.200000000,19.400000000,2,17,1,2,ESM6 C7700
2026-05-18T16:29:33.020009669Z,2026-05-18T16:29:32.929819981Z,1,1,2563474,T,A,0,11.600000000,75,0,15568,121718801,11.600000000,11.700000000,75,1503,1,7,UD:1V: VT 2563474
2026-05-18T16:29:33.738373363Z,2026-05-18T16:29:33.645511947Z,1,1,2506183,T,A,0,46.750000000,6,0,13347,121723925,46.750000000,47.000000000,6,529,1,6,UD:1V: VT 2506183
2026-05-18T16:29:34.999122510Z,2026-05-18T16:29:34.849049419Z,1,1,42510079,T,B,0,156.000000000,1,0,14947,313192560,155.000000000,156.000000000,84,14,6,4,ESM6 C7350
2026-05-18T16:29:36.923587887Z,2026-05-18T16:29:36.920630497Z,1,1,42627610,T,B,0,28.250000000,4,0,13354,313226991,28.000000000,28.250000000,49,4,5,1,ESM6 C7650
2026-05-18T16:29:45.912600975Z,2026-05-18T16:29:45.832080253Z,1,1,2506183,T,A,0,46.750000000,6,0,17175,121811841,46.750000000,47.000000000,6,532,1,6,UD:1V: VT 2506183
2026-05-18T16:30:06.342455352Z,2026-05-18T16:30:04.565486349Z,1,1,42783706,T,B,0,95.000000000,1,0,12687,313672963,94.500000000,95.000000000,6,1,1,1,ESM6 P7275
2026-05-18T16:30:06.571963190Z,2026-05-18T16:30:04.839624077Z,1,1,42394743,T,B,0,2.250000000,3,0,12879,313676541,2.150000000,2.250000000,429,3,5,1,ESM6 P5400
2026-05-18T16:30:12.114000898Z,2026-05-18T16:30:10.976856997Z,1,1,42366523,T,A,0,56.500000000,2,0,14982,313780397,56.500000000,57.000000000,81,18,7,3,ESM6 P7100
2026-05-18T16:30:19.606747189Z,2026-05-18T16:30:17.756232737Z,1,1,42883555,T,A,0,1.800000000,2,0,17658,313898786,1.800000000,1.850000000,2,189,1,1,ESM6 C7975
2026-05-18T16:30:21.798554892Z,2026-05-18T16:30:20.261226871Z,1,1,42394812,T,A,0,25.250000000,10,0,13079,313936090,25.250000000,25.500000000,10,18,1,2,ESM6 P6800
2026-05-18T16:30:24.376408859Z,2026-05-18T16:30:23.058049117Z,1,1,42366523,T,B,0,57.250000000,2,0,12740,313980422,57.000000000,57.250000000,60,2,3,1,ESM6 P7100
2026-05-18T16:30:29.916293479Z,2026-05-18T16:30:28.271705113Z,1,1,2516108,T,A,0,41.250000000,1,0,13040,122185015,41.250000000,41.500000000,11,444,2,6,UD:1V: VT 2516108
2026-05-18T16:30:30.263542350Z,2026-05-18T16:30:28.991726411Z,1,1,2516108,T,A,0,41.250000000,1,0,13261,122189114,41.250000000,41.500000000,10,393,2,4,UD:1V: VT 2516108
2026-05-18T16:30:34.207101740Z,2026-05-18T16:30:34.202659127Z,1,1,42378346,T,B,0,73.250000000,3,0,18486,314149518,73.000000000,73.250000000,3,3,1,1,ESM6 C7500
2026-05-18T16:30:44.050612692Z,2026-05-18T16:30:43.896028897Z,1,1,42506295,T,B,0,112.500000000,5,0,14345,314315708,112.000000000,112.500000000,145,5,5,1,ESU6 P6750
2026-05-18T16:30:45.359759155Z,2026-05-18T16:30:45.339049227Z,1,1,42378449,T,B,0,5.300000000,5,0,16148,314337168,5.200000000,5.300000000,648,5,10,1,ESM6 P6000
2026-05-18T16:30:47.628989364Z,2026-05-18T16:30:47.574048315Z,1,1,42372981,T,A,0,1.500000000,1,0,14082,314368314,1.500000000,1.550000000,1,189,1,3,ESM6 C8000
2026-05-18T16:30:48.106762739Z,2026-05-18T16:30:48.093902343Z,1,1,42377530,T,B,0,119.500000000,5,0,17127,314372458,119.000000000,119.500000000,120,5,6,1,ESU6 P6800
2026-05-18T16:31:04.239631038Z,2026-05-18T16:31:03.838611353Z,1,1,2666428,T,B,0,51.750000000,58,0,10228,122463901,51.250000000,51.750000000,233,58,5,1,UD:1V: VT 2666428
2026-05-18T16:31:05.709719681Z,2026-05-18T16:31:05.090706935Z,1,1,2667368,T,A,0,22.500000000,6,0,26743,122478641,22.500000000,22.750000000,65,326,1,5,UD:1V: VT 2667368
2026-05-18T16:31:33.009534438Z,2026-05-18T16:31:32.935930785Z,1,1,2522868,T,A,0,35.000000000,1,0,12630,122699184,35.000000000,35.250000000,1,607,1,4,UD:1V: VT 2522868
2026-05-18T16:31:38.715750481Z,2026-05-18T16:31:38.545956759Z,1,1,42611781,T,B,0,55.250000000,1,0,17539,315215724,54.750000000,55.250000000,72,6,6,2,ESM6 C7550
2026-05-18T16:31:43.187704786Z,2026-05-18T16:31:42.703776157Z,1,1,42384725,T,A,0,124.500000000,1,0,14718,315294963,124.500000000,125.000000000,1,17,1,5,ESM6 C7400
2026-05-18T16:31:48.427858975Z,2026-05-18T16:31:48.372934701Z,1,1,42399646,T,A,0,19.200000000,2,0,18080,315387967,19.200000000,19.300000000,2,60,1,5,ESM6 C7700
2026-05-18T16:32:08.128630343Z,2026-05-18T16:32:07.365426443Z,1,1,42378346,T,B,0,75.500000000,1,0,14073,315723727,75.000000000,75.500000000,4,6,1,1,ESM6 C7500
2026-05-18T16:32:09.227270206Z,2026-05-18T16:32:08.428998119Z,1,1,2668931,T,A,0,35.500000000,10,0,16698,123000471,35.500000000,36.000000000,10,99,1,1,UD:1V: VT 2668931
2026-05-18T16:32:15.093230555Z,2026-05-18T16:32:15.090112507Z,1,1,42404374,T,A,0,42.000000000,3,0,15987,315839657,42.000000000,42.500000000,36,97,2,7,ESM6 P7000
2026-05-18T16:32:25.979426783Z,2026-05-18T16:32:25.903094271Z,1,1,42372969,T,B,0,430.500000000,1,0,18476,316008952,429.500000000,430.500000000,1,1,1,1,ESM6 C7000
2026-05-18T16:32:35.665094084Z,2026-05-18T16:32:35.317517881Z,1,1,42378374,T,A,0,74.000000000,3,0,15472,316170020,74.000000000,74.500000000,3,77,1,6,ESM6 P7200
2026-05-18T16:32:36.002728799Z,2026-05-18T16:32:35.612811041Z,1,1,2522780,T,B,0,7.800000000,1,0,21313,123208059,7.700000000,7.800000000,740,1,8,1,UD:1V: VT 2522780
2026-05-18T16:32:41.581921169Z,2026-05-18T16:32:41.167043993Z,1,1,2674534,T,A,0,26.250000000,63,0,22428,123259603,26.250000000,26.500000000,63,511,1,6,UD:1V: VT 2674534
2026-05-18T16:32:53.914556241Z,2026-05-18T16:32:53.815255937Z,1,1,42429065,T,A,0,35.750000000,2,0,13716,316477054,35.750000000,36.250000000,36,96,4,6,ESM6 P6950
2026-05-18T16:33:03.909107302Z,2026-05-18T16:33:03.612574589Z,1,1,42372969,T,B,0,435.000000000,1,0,14101,316625239,433.000000000,435.000000000,4,12,1,2,ESM6 C7000
2026-05-18T16:33:08.515758934Z,2026-05-18T16:33:08.502158507Z,1,1,42404374,T,A,0,41.250000000,10,0,16129,316703519,41.250000000,41.500000000,10,72,1,7,ESM6 P7000
2026-05-18T16:33:12.236858471Z,2026-05-18T16:33:12.235973529Z,1,1,42404374,T,B,0,41.250000000,2,0,16523,316760271,40.750000000,41.250000000,252,16,9,2,ESM6 P7000
2026-05-18T16:34:31.489447239Z,2026-05-18T16:34:31.432445827Z,1,1,2666430,T,A,0,87.500000000,60,0,17540,124066654,87.500000000,88.000000000,69,215,2,5,UD:1V: VT 2666430
2026-05-18T16:34:31.519992641Z,2026-05-18T16:34:31.446559331Z,1,1,2666430,T,A,0,87.500000000,6,0,17677,124066980,87.500000000,88.000000000,6,150,1,4,UD:1V: VT 2666430
2026-05-18T16:34:50.682293476Z,2026-05-18T16:34:50.065725321Z,1,1,2521409,T,B,0,2750.000000000,17,0,13408,124203860,2742.500000000,2750.000000000,72,17,1,1,UD:1V:CFO 2521409
2026-05-18T16:35:12.057962142Z,2026-05-18T16:35:11.592445341Z,1,1,42366513,T,A,0,133.000000000,1,0,15434,318541214,133.000000000,133.500000000,1,59,1,5,ESM6 P7400
2026-05-18T16:35:12.093326799Z,2026-05-18T16:35:11.643995191Z,1,1,42413943,T,B,0,14.800000000,6,0,11469,318541788,14.700000000,14.800000000,17,6,1,1,ESU6 P4700
2026-05-18T16:35:18.240125719Z,2026-05-18T16:35:18.094092483Z,1,1,42404366,T,A,0,8.500000000,1,0,15534,318623369,8.500000000,8.600000000,1,133,1,6,ESM6 C7800
2026-05-18T16:35:26.333765086Z,2026-05-18T16:35:26.061353067Z,1,1,42572477,T,B,0,13.200000000,1,0,12168,318747682,13.000000000,13.200000000,116,1,7,1,ESM6 C7750
2026-05-18T16:35:35.293676022Z,2026-05-18T16:35:34.655813137Z,1,1,42413943,T,A,0,14.800000000,11,0,12986,318903588,14.800000000,14.900000000,11,415,1,5,ESU6 P4700
2026-05-18T16:35:59.046094504Z,2026-05-18T16:35:59.023498143Z,1,1,42366511,T,B,0,42.250000000,9,0,14223,319219868,42.000000000,42.250000000,102,9,5,2,ESM6 C7600
2026-05-18T16:36:06.454190422Z,2026-05-18T16:36:06.299196643Z,1,1,42867406,T,B,0,116.000000000,3,0,11609,319338948,115.500000000,116.000000000,59,3,6,1,ESM6 C7425
2026-05-18T16:36:23.868706268Z,2026-05-18T16:36:23.823267265Z,1,1,2656006,T,B,0,13.400000000,3,0,15001,124875258,13.300000000,13.400000000,601,3,7,1,UD:1V: VT 2656006
2026-05-18T16:36:23.927868791Z,2026-05-18T16:36:23.827938119Z,1,1,42572477,T,B,0,13.500000000,1,0,12517,319569648,13.300000000,13.500000000,150,1,7,1,ESM6 C7750
2026-05-18T16:36:38.872038326Z,2026-05-18T16:36:38.674698411Z,1,1,42760625,T,A,0,12.500000000,35,0,12015,319746998,12.500000000,12.700000000,107,226,1,5,ESM6 P6525
2026-05-18T16:36:38.932130565Z,2026-05-18T16:36:38.731337603Z,1,1,42760625,T,A,0,12.500000000,1,0,16789,319748432,12.500000000,12.700000000,72,226,1,5,ESM6 P6525
2026-05-18T16:36:38.983889403Z,2026-05-18T16:36:38.776342619Z,1,1,42760625,T,A,0,12.500000000,1,0,12840,319749570,12.500000000,12.700000000,71,226,1,5,ESM6 P6525
2026-05-18T16:36:39.030932595Z,2026-05-18T16:36:38.871996003Z,1,1,42760625,T,A,0,12.500000000,34,0,17138,319750647,12.500000000,12.700000000,70,226,1,5,ESM6 P6525
2026-05-18T16:36:40.850687311Z,2026-05-18T16:36:40.849288611Z,1,1,42548953,T,A,0,194.500000000,2,0,16811,319774434,194.500000000,195.500000000,48,36,2,2,ESH7 P6500
2026-05-18T16:36:44.821633940Z,2026-05-18T16:36:44.784479465Z,1,1,42372981,T,B,0,1.550000000,75,0,16531,319824517,1.500000000,1.550000000,336,75,4,1,ESM6 C8000
2026-05-18T16:37:12.221276788Z,2026-05-18T16:37:12.205938939Z,1,1,42548953,T,B,0,194.500000000,2,0,12134,320167852,194.000000000,194.500000000,64,2,3,1,ESH7 P6500
2026-05-18T16:37:35.821712284Z,2026-05-18T16:37:35.659033511Z,1,1,42548953,T,A,0,194.500000000,2,0,14719,320475562,194.500000000,195.000000000,125,2,3,1,ESH7 P6500
2026-05-18T16:37:39.687388492Z,2026-05-18T16:37:39.402934703Z,1,1,42366523,T,B,0,54.000000000,1,0,12731,320536471,53.750000000,54.000000000,90,1,4,1,ESM6 P7100
2026-05-18T16:37:45.778950659Z,2026-05-18T16:37:45.603453181Z,1,1,42384731,T,B,0,97.750000000,2,0,12020,320618278,97.250000000,97.750000000,59,4,5,1,ESM6 P7300
2026-05-18T16:38:12.447386935Z,2026-05-18T16:38:12.266990147Z,1,1,2501126,T,A,0,30.500000000,6,0,13784,125561602,30.500000000,30.750000000,6,1984,1,9,UD:1V: VT 2501126
2026-05-18T16:38:16.387872956Z,2026-05-18T16:38:16.387258061Z,1,1,2501126,T,A,0,30.500000000,6,0,19758,125583278,30.500000000,30.750000000,6,2298,1,10,UD:1V: VT 2501126
2026-05-18T16:38:22.189956911Z,2026-05-18T16:38:22.160076269Z,1,1,42384731,T,B,0,96.750000000,1,0,14651,321065760,96.250000000,96.750000000,2,56,1,7,ESM6 P7300
2026-05-18T16:38:41.161921036Z,2026-05-18T16:38:41.073360417Z,1,1,42458399,T,A,0,63.000000000,1,0,13589,321318072,63.000000000,63.250000000,1,79,1,5,ESU6 C8000
2026-05-18T16:38:57.205453521Z,2026-05-18T16:38:57.204834475Z,1,1,2523169,T,B,0,-25.250000000,1,0,14916,125835359,-25.500000000,-25.250000000,25,3,1,1,UD:1V: GN 2523169
2026-05-18T16:39:25.350234335Z,2026-05-18T16:39:25.003809779Z,1,1,2673459,T,A,0,3.900000000,1,0,18237,125999848,3.900000000,4.000000000,72,272,2,4,UD:1V: VT 2673459
2026-05-18T16:39:25.453380343Z,2026-05-18T16:39:25.024125179Z,1,1,2673459,T,A,0,3.900000000,71,0,18645,126000644,3.900000000,4.000000000,71,272,2,4,UD:1V: VT 2673459
2026-05-18T16:39:26.311599451Z,2026-05-18T16:39:26.065809641Z,1,1,2673459,T,A,0,3.900000000,1,0,13251,126008360,3.900000000,3.950000000,1,179,1,2,UD:1V: VT 2673459
2026-05-18T16:39:28.887199863Z,2026-05-18T16:39:28.864576029Z,1,1,2673459,T,B,0,3.900000000,98,0,13783,126030140,3.850000000,3.900000000,452,98,6,1,UD:1V: VT 2673459
2026-05-18T16:39:30.380405070Z,2026-05-18T16:39:30.335091227Z,1,1,42384731,T,A,0,97.500000000,1,0,14049,321942319,97.500000000,97.750000000,1,26,1,2,ESM6 P7300
2026-05-18T16:39:50.031394661Z,2026-05-18T16:39:50.030822123Z,1,1,42378346,T,A,0,78.000000000,1,0,14636,322153405,78.000000000,78.250000000,1,81,1,6,ESM6 C7500
2026-05-18T16:41:05.475419233Z,2026-05-18T16:41:05.316150939Z,1,1,42366513,T,A,0,132.500000000,1,0,14230,323207228,132.500000000,133.000000000,1,66,1,8,ESM6 P7400
2026-05-18T16:41:58.600676331Z,2026-05-18T16:41:58.199847465Z,1,1,2521136,T,B,0,18.900000000,2,0,13350,126912135,18.700000000,18.900000000,6,50,1,1,UD:1V: XT 2521136
2026-05-18T16:41:58.762526058Z,2026-05-18T16:41:58.225813421Z,1,1,2521136,T,B,0,18.900000000,1,0,13514,126914033,18.700000000,18.900000000,22,48,2,1,UD:1V: XT 2521136
2026-05-18T16:41:58.916251249Z,2026-05-18T16:41:58.281289659Z,1,1,2521136,T,B,0,18.900000000,1,0,12790,126915242,18.700000000,18.900000000,22,47,2,1,UD:1V: XT 2521136
2026-05-18T16:41:59.612632868Z,2026-05-18T16:41:59.098558789Z,1,1,2521136,T,B,0,18.900000000,1,0,12750,126922351,18.800000000,18.900000000,34,46,1,1,UD:1V: XT 2521136
2026-05-18T16:41:59.727362372Z,2026-05-18T16:41:59.186653353Z,1,1,2668624,T,B,0,19.000000000,6,0,11306,126923644,18.900000000,19.000000000,541,6,5,1,UD:1V: VT 2668624
2026-05-18T16:41:59.783248820Z,2026-05-18T16:41:59.186831623Z,1,1,2521136,T,B,0,18.900000000,1,0,11364,126924227,18.800000000,18.900000000,34,45,1,1,UD:1V: XT 2521136
2026-05-18T16:41:59.787243846Z,2026-05-18T16:41:59.186864685Z,1,1,2521136,T,B,0,18.900000000,1,0,11098,126924283,18.800000000,18.900000000,34,44,1,1,UD:1V: XT 2521136
2026-05-18T16:41:59.897071347Z,2026-05-18T16:41:59.187928879Z,1,1,2521136,T,B,0,18.900000000,46,0,11442,126925038,18.800000000,18.900000000,34,43,1,1,UD:1V: XT 2521136
2026-05-18T16:42:00.294912531Z,2026-05-18T16:41:59.684965945Z,1,1,2521136,T,B,0,18.900000000,1,0,16827,126928599,18.800000000,18.900000000,40,47,2,1,UD:1V: XT 2521136
2026-05-18T16:42:00.518811009Z,2026-05-18T16:41:59.862810465Z,1,1,2521136,T,B,0,18.900000000,1,0,13797,126930490,18.800000000,18.900000000,40,46,2,1,UD:1V: XT 2521136
2026-05-18T16:42:00.590084748Z,2026-05-18T16:41:59.979788095Z,1,1,2521136,T,B,0,18.900000000,2,0,14017,126931217,18.800000000,18.900000000,127,45,3,1,UD:1V: XT 2521136
2026-05-18T16:42:00.637080582Z,2026-05-18T16:42:00.029200075Z,1,1,2521136,T,B,0,18.900000000,35,0,13667,126931659,18.800000000,18.900000000,225,43,4,1,UD:1V: XT 2521136
2026-05-18T16:42:00.644260682Z,2026-05-18T16:42:00.032028309Z,1,1,2521136,T,B,0,18.900000000,1,0,13167,126931716,18.800000000,18.900000000,127,8,3,1,UD:1V: XT 2521136
2026-05-18T16:42:00.646174649Z,2026-05-18T16:42:00.034638899Z,1,1,2521136,T,B,0,18.900000000,7,0,12082,126931731,18.800000000,18.900000000,127,7,3,1,UD:1V: XT 2521136
2026-05-18T16:42:09.703040478Z,2026-05-18T16:42:09.681398841Z,1,1,2523282,T,A,0,18.000000000,1,0,13786,127001157,18.000000000,18.200000000,6,159,1,2,UD:1V: VT 2523282
2026-05-18T16:42:47.758031383Z,2026-05-18T16:42:47.665198445Z,1,1,42548953,T,B,0,195.500000000,4,0,11239,324319067,195.000000000,195.500000000,79,4,3,1,ESH7 P6500
2026-05-18T16:43:23.243672886Z,2026-05-18T16:43:22.746827287Z,1,1,42378449,T,B,0,5.100000000,5,0,13487,324735541,5.000000000,5.100000000,610,5,8,1,ESM6 P6000
2026-05-18T16:43:24.740202293Z,2026-05-18T16:43:24.002940723Z,1,1,42378618,T,B,0,31.500000000,2,0,13184,324764031,31.250000000,31.500000000,69,8,4,2,ESM6 P6900
2026-05-18T16:43:29.323080094Z,2026-05-18T16:43:29.152332199Z,1,1,42366523,T,B,0,55.250000000,2,0,16701,324847083,55.000000000,55.250000000,39,2,3,1,ESM6 P7100
2026-05-18T16:43:29.418246046Z,2026-05-18T16:43:29.315296745Z,1,1,2505970,T,B,0,261.500000000,1,0,14291,127441396,260.500000000,261.500000000,13,1,2,1,UD:1V: ST 2505970
2026-05-18T16:43:31.746420467Z,2026-05-18T16:43:31.708986449Z,1,1,2501126,T,A,0,30.250000000,6,0,15506,127458919,30.250000000,30.500000000,6,1725,1,8,UD:1V: VT 2501126
2026-05-18T16:43:32.342157540Z,2026-05-18T16:43:32.150997479Z,1,1,42384731,T,A,0,99.500000000,1,0,11423,324893471,99.500000000,99.750000000,1,20,1,1,ESM6 P7300
2026-05-18T16:43:45.710669525Z,2026-05-18T16:43:45.710113239Z,1,1,42384725,T,A,0,127.000000000,1,0,14139,325046489,127.000000000,127.500000000,1,132,1,10,ESM6 C7400
2026-05-18T16:43:59.212654809Z,2026-05-18T16:43:59.211744749Z,1,1,2523252,T,B,0,266.500000000,1,0,13891,127604296,265.500000000,266.500000000,25,1,5,1,UD:1V: ST 2523252
2026-05-18T16:44:21.894915769Z,2026-05-18T16:44:21.894114567Z,1,1,2501126,T,A,0,30.250000000,6,0,13098,127713450,30.250000000,30.500000000,6,1988,1,10,UD:1V: VT 2501126
2026-05-18T16:44:22.269211806Z,2026-05-18T16:44:22.119905055Z,1,1,2506183,T,A,0,47.000000000,6,0,13487,127715768,47.000000000,47.250000000,6,689,1,7,UD:1V: VT 2506183
2026-05-18T16:44:22.504287239Z,2026-05-18T16:44:22.495283879Z,1,1,2671231,T,A,0,22.500000000,1,0,12769,127718179,22.500000000,22.750000000,699,689,7,6,UD:1V: VT 2671231
2026-05-18T16:44:27.469763734Z,2026-05-18T16:44:27.375401129Z,1,1,2523368,T,B,0,13.600000000,1,0,11711,127740530,13.500000000,13.600000000,215,1,5,1,UD:1V: VT 2523368
2026-05-18T16:44:37.440433598Z,2026-05-18T16:44:37.337240061Z,1,1,42366513,T,B,0,135.500000000,1,0,16992,325621538,134.500000000,135.500000000,44,92,8,9,ESM6 P7400
2026-05-18T16:44:41.740674271Z,2026-05-18T16:44:41.740075027Z,1,1,2501126,T,A,0,30.250000000,6,0,13425,127827939,30.250000000,30.500000000,6,1989,1,10,UD:1V: VT 2501126
2026-05-18T16:44:41.892918798Z,2026-05-18T16:44:41.830807831Z,1,1,2506183,T,A,0,47.000000000,6,0,11064,127828841,47.000000000,47.250000000,6,742,1,8,UD:1V: VT 2506183
2026-05-18T16:44:44.737499252Z,2026-05-18T16:44:44.736681749Z,1,1,42899801,T,A,0,125.500000000,3,0,14541,325693293,125.500000000,126.000000000,3,126,1,10,ESM6 P7375
2026-05-18T16:44:54.484078480Z,2026-05-18T16:44:54.420601767Z,1,1,2501126,T,A,0,30.250000000,6,0,18195,127877399,30.250000000,30.500000000,6,1989,1,10,UD:1V: VT 2501126
2026-05-18T16:45:04.087735723Z,2026-05-18T16:45:03.864708701Z,1,1,2521465,T,A,0,2.100000000,17,0,16191,127927679,2.100000000,2.250000000,1532,1281,8,7,UD:1V: VT 2521465
2026-05-18T16:45:11.565443991Z,2026-05-18T16:45:11.486314519Z,1,1,42404374,T,A,0,41.250000000,14,0,13419,326001141,41.250000000,41.500000000,14,135,1,7,ESM6 P7000
2026-05-18T16:45:18.395353943Z,2026-05-18T16:45:18.394757513Z,1,1,42404374,T,A,0,41.500000000,2,0,12744,326094039,41.500000000,41.750000000,2,141,1,8,ESM6 P7000
2026-05-18T16:45:30.579493534Z,2026-05-18T16:45:30.177138123Z,1,1,42384725,T,B,0,127.500000000,3,0,13869,326229626,127.000000000,127.500000000,35,3,6,1,ESM6 C7400
2026-05-18T16:46:26.612216847Z,2026-05-18T16:46:26.611669809Z,1,1,42366513,T,B,0,134.000000000,1,0,20071,326869817,133.500000000,134.000000000,148,1,9,1,ESM6 P7400
2026-05-18T16:46:54.242018654Z,2026-05-18T16:46:54.154524017Z,1,1,2673459,T,A,0,3.700000000,11,0,18764,128554454,3.700000000,3.800000000,425,305,3,5,UD:1V: VT 2673459
2026-05-18T16:46:54.302466459Z,2026-05-18T16:46:54.174812963Z,1,1,2673459,T,A,0,3.700000000,1,0,12998,128555012,3.700000000,3.800000000,414,305,3,5,UD:1V: VT 2673459
2026-05-18T16:46:58.106062607Z,2026-05-18T16:46:58.102607361Z,1,1,2673459,T,A,0,3.700000000,11,0,13115,128567346,3.700000000,3.750000000,389,359,3,3,UD:1V: VT 2673459
2026-05-18T16:46:58.354244145Z,2026-05-18T16:46:58.229811805Z,1,1,2673459,T,A,0,3.700000000,1,0,14172,128568933,3.700000000,3.750000000,96,261,1,2,UD:1V: VT 2673459
2026-05-18T16:47:00.297837860Z,2026-05-18T16:47:00.193455077Z,1,1,2673459,T,B,0,3.700000000,98,0,15142,128578321,3.650000000,3.700000000,793,98,6,1,UD:1V: VT 2673459
2026-05-18T16:47:48.077946077Z,2026-05-18T16:47:48.013220299Z,1,1,42871623,T,B,0,48.750000000,2,0,17271,327766135,48.250000000,48.750000000,74,107,5,6,ESM6 C7575
2026-05-18T16:48:01.159014188Z,2026-05-18T16:48:01.055455251Z,1,1,42378618,T,A,0,31.000000000,1,0,14731,327924526,31.000000000,31.250000000,1,132,1,6,ESM6 P6900
2026-05-18T16:48:52.746006318Z,2026-05-18T16:48:52.739240143Z,1,1,42384731,T,B,0,99.250000000,2,0,16762,328510213,98.500000000,99.250000000,84,63,6,8,ESM6 P7300
2026-05-18T16:49:09.223145631Z,2026-05-18T16:49:09.222593215Z,1,1,42378374,T,B,0,73.500000000,2,0,19280,328688190,73.250000000,73.500000000,52,3,2,1,ESM6 P7200
2026-05-18T16:50:34.677852318Z,2026-05-18T16:50:34.585142619Z,1,1,2523192,T,A,0,234.000000000,1,0,16235,129706518,234.000000000,235.000000000,1,35,1,5,UD:1V: SG 2523192
2026-05-18T16:50:56.324952202Z,2026-05-18T16:50:55.926313957Z,1,1,2500554,T,B,0,14.200000000,3,0,17148,129836691,14.100000000,14.200000000,516,3,6,1,UD:1V: VT 2500554
2026-05-18T16:50:58.017263749Z,2026-05-18T16:50:57.291822505Z,1,1,42611781,T,B,0,58.250000000,1,0,16199,329935087,57.750000000,58.250000000,13,5,3,2,ESM6 C7550
2026-05-18T16:50:58.065274615Z,2026-05-18T16:50:57.337209513Z,1,1,42439381,T,B,0,31.500000000,7,0,16123,329936056,31.250000000,31.500000000,18,7,1,1,ESU6 C8200
2026-05-18T16:51:13.856049518Z,2026-05-18T16:51:13.855529987Z,1,1,42572477,T,B,0,13.500000000,1,0,13505,330171554,13.200000000,13.500000000,13,182,3,8,ESM6 C7750
2026-05-18T16:51:14.618943274Z,2026-05-18T16:51:14.106649023Z,1,1,2522780,T,B,0,8.100000000,6,0,16685,129978469,8.000000000,8.100000000,6,6,1,1,UD:1V: VT 2522780
2026-05-18T16:51:25.152291116Z,2026-05-18T16:51:25.025874929Z,1,1,2501126,T,A,0,30.500000000,6,0,13393,130075057,30.500000000,30.750000000,6,2225,1,10,UD:1V: VT 2501126
2026-05-18T16:51:50.379564546Z,2026-05-18T16:51:50.233803041Z,1,1,42378346,T,A,0,79.000000000,1,0,14155,330666120,79.000000000,79.250000000,1,42,1,3,ESM6 C7500
2026-05-18T16:51:53.089761033Z,2026-05-18T16:51:53.019987087Z,1,1,42506751,T,B,0,301.500000000,24,0,15230,330701899,300.500000000,301.500000000,47,24,3,1,ESH7 P7050
2026-05-18T16:51:59.293160972Z,2026-05-18T16:51:59.172099329Z,1,1,2506183,T,A,0,47.750000000,6,0,14993,130280491,47.750000000,48.000000000,6,791,1,8,UD:1V: VT 2506183
2026-05-18T16:52:06.041579062Z,2026-05-18T16:52:06.040796435Z,1,1,42394812,T,B,0,23.250000000,10,0,13431,330861963,23.000000000,23.250000000,384,10,11,1,ESM6 P6800
2026-05-18T16:52:06.233126039Z,2026-05-18T16:52:06.232602271Z,1,1,42366513,T,A,0,130.000000000,1,0,15406,330862592,130.000000000,131.000000000,84,54,8,9,ESM6 P7400
2026-05-18T16:52:11.968621039Z,2026-05-18T16:52:10.856384247Z,1,1,2522588,T,A,0,-0.500000000,1,0,16031,130343420,-0.500000000,-0.100000000,1,1,1,1,UD:1V: GN 2522588
2026-05-18T16:52:36.123469534Z,2026-05-18T16:52:35.940547749Z,1,1,42404366,T,B,0,9.000000000,1,0,14378,331218143,8.800000000,9.000000000,12,162,2,7,ESM6 C7800
2026-05-18T16:53:36.860546477Z,2026-05-18T16:53:36.860115411Z,1,1,2514873,T,B,0,0.100000000,2,0,18637,130818818,0.050000000,0.100000000,146,2,3,1,UD:1V: GN 2514873
2026-05-18T16:53:54.102644331Z,2026-05-18T16:53:54.101928919Z,1,1,42366523,T,A,0,52.250000000,10,0,13404,332134957,52.250000000,52.500000000,10,122,1,7,ESM6 P7100
2026-05-18T16:54:08.203670382Z,2026-05-18T16:54:07.278608647Z,1,1,42366523,T,B,0,52.000000000,2,0,15593,332304054,51.500000000,52.000000000,155,2,7,1,ESM6 P7100
2026-05-18T16:54:08.387564100Z,2026-05-18T16:54:07.675192447Z,1,1,42366523,T,A,0,52.000000000,8,0,13996,332307728,52.000000000,52.250000000,8,69,1,5,ESM6 P7100
2026-05-18T16:54:19.840770279Z,2026-05-18T16:54:19.797474623Z,1,1,2506183,T,A,0,48.250000000,6,0,18232,131096896,48.250000000,48.500000000,6,821,1,8,UD:1V: VT 2506183
2026-05-18T16:54:27.107956759Z,2026-05-18T16:54:27.091964355Z,1,1,2672506,T,A,0,67.750000000,68,0,16029,131135583,67.750000000,68.250000000,76,179,3,6,UD:1V: VT 2672506
2026-05-18T16:54:39.305304223Z,2026-05-18T16:54:39.288323093Z,1,1,42904544,T,B,0,9.100000000,6,0,14955,332672173,8.900000000,9.100000000,258,6,5,1,ESU6 C8550
2026-05-18T16:54:39.988552673Z,2026-05-18T16:54:39.689418103Z,1,1,42496686,T,B,0,10.900000000,6,0,13703,332681407,10.700000000,10.900000000,238,6,5,1,ESU6 C8500
2026-05-18T16:54:44.440684891Z,2026-05-18T16:54:44.142699261Z,1,1,2522696,T,B,0,2.000000000,1,0,12888,131249650,1.950000000,2.000000000,736,2,5,2,UD:1V: VT 2522696
2026-05-18T16:55:21.028558633Z,2026-05-18T16:55:20.954251885Z,1,1,42366511,T,B,0,44.750000000,4,0,15954,333178337,44.500000000,44.750000000,52,4,6,1,ESM6 C7600
2026-05-18T16:55:21.097682393Z,2026-05-18T16:55:21.066306207Z,1,1,42404374,T,B,0,38.500000000,3,0,13688,333179995,38.250000000,38.500000000,3,86,1,6,ESM6 P7000
2026-05-18T16:55:25.189440494Z,2026-05-18T16:55:25.186278571Z,1,1,42378374,T,A,0,68.500000000,3,0,16134,333229630,68.500000000,68.750000000,3,64,1,6,ESM6 P7200
2026-05-18T16:55:27.768427019Z,2026-05-18T16:55:27.767914895Z,1,1,42438256,T,A,0,83.750000000,33,0,13112,333248772,83.750000000,84.000000000,50,60,1,3,ESZ6 C8300
2026-05-18T16:55:28.795378291Z,2026-05-18T16:55:28.698763237Z,1,1,42450434,T,B,0,176.500000000,6,0,14853,333261130,176.000000000,176.500000000,4,6,1,1,ESU6 P7150
2026-05-18T16:55:30.832003587Z,2026-05-18T16:55:30.831399721Z,1,1,42438256,T,A,0,83.750000000,17,0,16027,333274995,83.750000000,84.000000000,17,125,1,3,ESZ6 C8300
2026-05-18T16:55:34.169277473Z,2026-05-18T16:55:34.039478847Z,1,1,42883305,T,A,0,8.900000000,6,0,11547,333306265,8.900000000,9.100000000,6,239,1,7,ESM6 P6375
2026-05-18T16:55:39.211270425Z,2026-05-18T16:55:39.120262607Z,1,1,2666430,T,B,0,91.000000000,1,0,14064,131553128,90.750000000,91.000000000,71,1,2,1,UD:1V: VT 2666430
2026-05-18T16:55:45.785357103Z,2026-05-18T16:55:45.563128253Z,1,1,42378288,T,A,0,1.700000000,1,0,13975,333477456,1.700000000,1.750000000,1,171,1,2,ESM6 P5250
2026-05-18T16:55:51.366899985Z,2026-05-18T16:55:51.202608849Z,1,1,42627610,T,B,0,32.250000000,5,0,16143,333563650,32.000000000,32.250000000,66,5,4,1,ESM6 C7650
2026-05-18T16:55:57.393020116Z,2026-05-18T16:55:57.048761877Z,1,1,42791084,T,B,0,13.300000000,6,0,14698,333661597,13.100000000,13.300000000,180,6,3,1,ESU6 C8450
2026-05-18T16:55:59.178828939Z,2026-05-18T16:55:59.148750119Z,1,1,2622256,T,A,0,13.300000000,6,0,15118,131722980,13.300000000,13.400000000,6,152,1,3,UD:1V: VT 2622256
2026-05-18T16:56:02.047902313Z,2026-05-18T16:56:02.034033363Z,1,1,42791084,T,B,0,13.300000000,6,0,15575,333739771,13.100000000,13.300000000,205,6,4,1,ESU6 C8450
2026-05-18T16:56:12.673839052Z,2026-05-18T16:56:12.579157647Z,1,1,42536009,T,B,0,275.000000000,26,0,16570,333903564,274.500000000,275.000000000,6,26,1,1,ESH7 P6950
2026-05-18T16:56:15.941361097Z,2026-05-18T16:56:15.395801919Z,1,1,2642789,T,A,0,3.700000000,1,0,13418,131863818,3.700000000,4.050000000,1,297,1,1,UD:1V: GN 2642789
2026-05-18T16:56:32.339778484Z,2026-05-18T16:56:32.263734057Z,1,1,42450434,T,B,0,175.500000000,12,0,11892,334137520,175.000000000,175.500000000,37,12,2,2,ESU6 P7150
2026-05-18T16:56:33.030113687Z,2026-05-18T16:56:32.923406227Z,1,1,42366523,T,A,0,50.500000000,10,0,13573,334151088,50.500000000,50.750000000,10,92,1,7,ESM6 P7100
2026-05-18T16:56:43.995735940Z,2026-05-18T16:56:43.989678803Z,1,1,42366523,T,B,0,50.500000000,10,0,18059,334260405,50.000000000,50.500000000,171,21,10,3,ESM6 P7100
2026-05-18T16:56:45.199036545Z,2026-05-18T16:56:45.092931645Z,1,1,42712326,T,B,0,39.250000000,34,0,15278,334278403,39.000000000,39.250000000,95,34,2,1,ESU6 C8150
2026-05-18T16:56:53.030350950Z,2026-05-18T16:56:53.004090727Z,1,1,42300184,T,A,0,25.000000000,35,0,15518,334364898,25.000000000,25.250000000,35,24,3,4,ESM6 P6850
2026-05-18T16:56:53.034385044Z,2026-05-18T16:56:53.004090727Z,1,1,42760606,T,A,0,14.500000000,6,0,20742,334364899,14.500000000,14.700000000,6,151,1,5,ESM6 P6625
2026-05-18T16:56:53.034395865Z,2026-05-18T16:56:53.004090727Z,1,1,42399706,T,A,0,17.200000000,6,0,14876,334364900,17.200000000,17.400000000,35,13,3,2,ESM6 P6700
2026-05-18T16:56:53.034405299Z,2026-05-18T16:56:53.004090727Z,1,1,42378618,T,A,0,28.500000000,39,0,14592,334364901,28.500000000,29.000000000,85,168,6,7,ESM6 P6900
2026-05-18T16:56:53.064131900Z,2026-05-18T16:56:53.004674883Z,1,1,42366511,T,B,0,45.250000000,23,0,11155,334365568,45.000000000,45.250000000,80,27,4,1,ESM6 C7600
2026-05-18T16:56:53.064831627Z,2026-05-18T16:56:53.005601993Z,1,1,42836585,T,A,0,62.750000000,27,0,11575,334365593,62.750000000,63.250000000,62,51,3,4,ESM6 P7175
2026-05-18T16:56:53.089181604Z,2026-05-18T16:56:53.012194287Z,1,1,42366511,T,B,0,45.250000000,1,0,11273,334366231,45.000000000,45.250000000,53,4,3,1,ESM6 C7600
2026-05-18T16:56:53.091957147Z,2026-05-18T16:56:53.013919585Z,1,1,42871623,T,B,0,53.250000000,19,0,13026,334366343,53.000000000,53.250000000,40,26,4,1,ESM6 C7575
2026-05-18T16:56:53.111528724Z,2026-05-18T16:56:53.031547715Z,1,1,42378618,T,A,0,28.500000000,3,0,11192,334366927,28.500000000,29.000000000,83,49,1,3,ESM6 P6900
2026-05-18T16:56:53.130644479Z,2026-05-18T16:56:53.039206525Z,1,1,42404370,T,A,0,9.200000000,31,0,15700,334367327,9.200000000,9.300000000,31,116,2,1,ESM6 P6400
2026-05-18T16:56:53.141668238Z,2026-05-18T16:56:53.040218783Z,1,1,42384731,T,A,0,91.500000000,8,0,12593,334367511,91.500000000,92.000000000,8,45,1,3,ESM6 P7300
2026-05-18T16:56:53.145197418Z,2026-05-18T16:56:53.040997925Z,1,1,42804681,T,A,0,13.000000000,6,0,12560,334367578,13.000000000,13.100000000,6,92,1,1,ESM6 P6575
2026-05-18T16:56:53.147415344Z,2026-05-18T16:56:53.041582217Z,1,1,42637001,T,A,0,146.000000000,6,0,11418,334367638,146.000000000,146.500000000,6,22,1,2,ESM6 P7450
2026-05-18T16:56:53.148252534Z,2026-05-18T16:56:53.041730989Z,1,1,42378373,T,A,0,3.300000000,2,0,11287,334367664,3.300000000,3.350000000,2,158,1,1,ESM6 P5750
2026-05-18T16:56:53.201107367Z,2026-05-18T16:56:53.111551181Z,1,1,42760624,T,B,0,26.750000000,1,0,13828,334369363,26.500000000,26.750000000,172,1,4,1,ESM6 P6875
2026-05-18T16:56:53.368819319Z,2026-05-18T16:56:53.210677493Z,1,1,2520516,T,A,0,13.700000000,15,0,14588,132066340,13.700000000,14.000000000,22,18,1,1,UD:1V: 12 2520516
2026-05-18T16:57:07.882937804Z,2026-05-18T16:57:07.876816641Z,1,1,42668409,T,B,0,76.250000000,30,0,16389,334524262,75.750000000,76.250000000,136,40,3,3,ESU6 C7950
2026-05-18T16:57:13.704182696Z,2026-05-18T16:57:13.674662647Z,1,1,42429065,T,B,0,32.750000000,3,0,15933,334602445,32.500000000,32.750000000,199,3,6,1,ESM6 P6950
2026-05-18T16:58:26.114969872Z,2026-05-18T16:58:25.647321025Z,1,1,42548953,T,B,0,192.000000000,4,0,16130,335434501,191.500000000,192.000000000,58,4,2,1,ESH7 P6500
2026-05-18T16:58:50.001944435Z,2026-05-18T16:58:49.849750593Z,1,1,42611781,T,B,0,62.000000000,4,0,16399,335722332,61.500000000,62.000000000,106,8,7,3,ESM6 C7550
2026-05-18T16:58:50.074959986Z,2026-05-18T16:58:50.020471489Z,1,1,42378346,T,B,0,82.750000000,2,0,15906,335724109,82.500000000,82.750000000,7,2,2,1,ESM6 C7500
2026-05-18T16:58:52.509804269Z,2026-05-18T16:58:52.368100005Z,1,1,42320751,T,B,0,79.500000000,6,0,13008,335745815,79.000000000,79.500000000,111,8,6,1,ESM6 P7250
2026-05-18T16:58:52.510773205Z,2026-05-18T16:58:52.368124705Z,1,1,42320751,T,B,0,79.500000000,1,0,11037,335745853,79.000000000,79.500000000,111,2,6,1,ESM6 P7250
2026-05-18T16:58:52.644148351Z,2026-05-18T16:58:52.475489345Z,1,1,42320751,T,B,0,79.500000000,1,0,11401,335748606,79.000000000,79.500000000,111,1,6,1,ESM6 P7250
2026-05-18T16:58:53.637084759Z,2026-05-18T16:58:53.464328783Z,1,1,42377425,T,B,0,37.500000000,8,0,19410,335761932,37.250000000,37.500000000,99,8,4,1,ESU6 P5800
2026-05-18T16:59:14.427615880Z,2026-05-18T16:59:14.168114971Z,1,1,42320751,T,B,0,79.750000000,2,0,17055,336013889,79.500000000,79.750000000,24,2,1,1,ESM6 P7250
2026-05-18T16:59:14.830964852Z,2026-05-18T16:59:14.754366249Z,1,1,42893451,T,A,0,4.700000000,1,0,13982,336021843,4.700000000,4.750000000,1,42,1,3,ESM6 C7875
2026-05-18T16:59:18.928317724Z,2026-05-18T16:59:18.878225091Z,1,1,42320751,T,A,0,79.750000000,9,0,13560,336082716,79.750000000,80.000000000,9,81,1,7,ESM6 P7250
2026-05-18T16:59:23.294826457Z,2026-05-18T16:59:22.776370817Z,1,1,42459576,T,A,0,305.500000000,50,0,17772,336124726,305.500000000,307.500000000,50,36,1,2,ESH7 C7900
2026-05-18T16:59:27.476296327Z,2026-05-18T16:59:26.179767783Z,1,1,42320751,T,A,0,80.250000000,9,0,14167,336191385,80.250000000,80.500000000,9,72,1,4,ESM6 P7250
2026-05-18T16:59:29.895488421Z,2026-05-18T16:59:29.353062001Z,1,1,2501126,T,A,0,30.750000000,6,0,14356,132985534,30.750000000,31.000000000,6,1581,1,8,UD:1V: VT 2501126
2026-05-18T16:59:34.398352391Z,2026-05-18T16:59:34.282396559Z,1,1,42320751,T,A,0,80.500000000,9,0,13684,336310798,80.500000000,80.750000000,9,52,1,3,ESM6 P7250
2026-05-18T16:59:52.195971244Z,2026-05-18T16:59:52.102946241Z,1,1,42396832,T,B,0,96.000000000,5,0,14452,336550605,95.500000000,96.000000000,211,5,5,1,ESU6 P6650
2026-05-18T16:59:53.801702025Z,2026-05-18T16:59:53.694688523Z,1,1,42378374,T,B,0,70.000000000,3,0,13577,336567130,69.500000000,70.000000000,116,4,8,1,ESM6 P7200
2026-05-18T16:59:53.826196304Z,2026-05-18T16:59:53.694854903Z,1,1,42378374,T,B,0,70.000000000,1,0,14423,336567436,69.500000000,70.000000000,116,1,8,1,ESM6 P7200
2026-05-18T17:00:17.648729827Z,2026-05-18T17:00:17.481418599Z,1,1,2669616,T,A,0,45.750000000,6,0,16417,133357519,45.750000000,46.000000000,6,620,1,8,UD:1V: VT 2669616
2026-05-18T17:00:19.347302903Z,2026-05-18T17:00:19.346745523Z,1,1,2523956,T,A,0,-1.000000000,3,0,12782,133371288,-1.000000000,0.500000000,3,1,1,1,UD:1V: GN 2523956
2026-05-18T17:00:42.710501254Z,2026-05-18T17:00:42.710124797Z,1,1,42853788,T,B,0,8.300000000,3,0,13183,337333275,8.200000000,8.300000000,386,3,7,1,ESM6 P6325
2026-05-18T17:01:08.717139387Z,2026-05-18T17:01:08.624347821Z,1,1,42404370,T,A,0,9.600000000,6,0,11944,337737949,9.600000000,9.700000000,6,31,1,2,ESM6 P6400
2026-05-18T17:01:33.784655515Z,2026-05-18T17:01:33.108962531Z,1,1,539869,T,B,0,91.000000000,3,0,12466,338104513,90.750000000,91.000000000,55,3,2,1,ESZ6 P6000
2026-05-18T17:01:54.408915183Z,2026-05-18T17:01:53.956232927Z,1,1,547283,T,B,0,38.750000000,3,0,16489,338416121,38.500000000,38.750000000,45,9,2,1,ESZ6 P5000
2026-05-18T17:01:59.171584849Z,2026-05-18T17:01:59.140003413Z,1,1,42366513,T,A,0,129.000000000,3,0,14011,338461599,129.000000000,129.500000000,3,63,1,8,ESM6 P7400
2026-05-18T17:02:16.365450143Z,2026-05-18T17:02:16.312388861Z,1,1,42867406,T,B,0,119.500000000,2,0,14183,338672130,119.000000000,119.500000000,60,3,7,1,ESM6 C7425
2026-05-18T17:02:16.420704025Z,2026-05-18T17:02:16.366131777Z,1,1,42867406,T,B,0,119.500000000,1,0,14635,338673077,119.000000000,119.500000000,60,1,7,1,ESM6 C7425
2026-05-18T17:02:24.649903527Z,2026-05-18T17:02:24.649124515Z,1,1,42439525,T,A,0,190.000000000,8,0,16695,338784557,190.000000000,190.500000000,8,64,1,2,ESM7 P6200
2026-05-18T17:02:29.091819574Z,2026-05-18T17:02:29.056316845Z,1,1,42366511,T,B,0,44.250000000,4,0,15414,338818316,44.000000000,44.250000000,160,4,7,1,ESM6 C7600
2026-05-18T17:02:41.046123715Z,2026-05-18T17:02:41.040224341Z,1,1,2524003,T,B,0,-0.850000000,1,0,12822,134398733,-0.950000000,-0.850000000,227,1,3,1,UD:1V: 12 2524003
2026-05-18T17:02:49.553874499Z,2026-05-18T17:02:49.553293993Z,1,1,2666430,T,B,0,89.250000000,1,0,14826,134453959,88.750000000,89.250000000,164,231,4,5,UD:1V: VT 2666430
2026-05-18T17:04:03.503706324Z,2026-05-18T17:04:03.076104753Z,1,1,2656006,T,B,0,13.700000000,3,0,14362,134866849,13.600000000,13.700000000,117,3,2,1,UD:1V: VT 2656006
2026-05-18T17:04:03.567494660Z,2026-05-18T17:04:03.076105063Z,1,1,42366511,T,B,0,45.000000000,1,0,11680,339919615,44.500000000,45.000000000,27,1,1,1,ESM6 C7600
2026-05-18T17:04:11.316975489Z,2026-05-18T17:04:11.316456737Z,1,1,42439525,T,B,0,190.000000000,4,0,20822,340016329,189.000000000,190.000000000,63,33,2,1,ESM7 P6200
2026-05-18T17:04:31.631706932Z,2026-05-18T17:04:31.270648223Z,1,1,2524073,T,A,0,155.500000000,92,0,17512,135009304,155.500000000,156.000000000,92,594,2,7,UD:1V:CVT 2524073
2026-05-18T17:04:31.631706932Z,2026-05-18T17:04:31.270648223Z,1,1,2524073,T,A,0,155.000000000,8,0,17512,135009304,155.500000000,156.000000000,92,594,2,7,UD:1V:CVT 2524073
2026-05-18T17:04:51.017884028Z,2026-05-18T17:04:50.986020869Z,1,1,42611024,T,A,0,417.000000000,3,0,14020,340406894,417.000000000,418.000000000,3,23,1,5,ESU6 P7750
2026-05-18T17:05:02.394631984Z,2026-05-18T17:05:02.156183131Z,1,1,42404374,T,B,0,38.500000000,1,0,11308,340511894,38.250000000,38.500000000,119,1,8,1,ESM6 P7000
2026-05-18T17:05:24.153748423Z,2026-05-18T17:05:23.928390807Z,1,1,42804684,T,B,0,101.000000000,10,0,13716,340740795,100.500000000,101.000000000,44,10,5,1,ESM6 P7325
2026-05-18T17:05:56.881806651Z,2026-05-18T17:05:56.881277251Z,1,1,42366513,T,B,0,127.000000000,1,0,15147,341067440,126.000000000,127.000000000,137,48,11,7,ESM6 P7400
2026-05-18T17:06:23.558541401Z,2026-05-18T17:06:22.426794141Z,1,1,2522653,T,B,0,1.000000000,2,0,12888,135640930,0.950000000,1.000000000,630,2,4,1,UD:1V: VT 2522653
2026-05-18T17:06:47.241178461Z,2026-05-18T17:06:47.189282917Z,1,1,42611781,T,A,0,62.250000000,4,0,13965,341843826,62.250000000,62.750000000,4,111,1,8,ESM6 C7550
2026-05-18T17:06:49.808604558Z,2026-05-18T17:06:49.731818201Z,1,1,42548953,T,B,0,192.500000000,4,0,11697,341882546,192.000000000,192.500000000,58,4,2,1,ESH7 P6500
2026-05-18T17:07:06.700273891Z,2026-05-18T17:07:06.592684385Z,1,1,2666430,T,B,0,91.000000000,1,0,13158,135976314,90.750000000,91.000000000,205,1,5,1,UD:1V: VT 2666430
2026-05-18T17:07:09.384742199Z,2026-05-18T17:07:09.376352315Z,1,1,42975695,T,B,0,123.000000000,5,0,18616,342132899,122.500000000,123.000000000,29,5,1,1,ESH7 C8450
2026-05-18T17:08:33.046239375Z,2026-05-18T17:08:33.045881637Z,1,1,42821844,T,A,0,5.800000000,2,0,13816,343038121,5.800000000,5.900000000,2,334,1,7,ESM6 P6125
2026-05-18T17:09:35.859846119Z,2026-05-18T17:09:35.859244397Z,1,1,2524255,T,B,0,3.050000000,1,0,19094,136799205,2.900000000,3.050000000,1389,949,7,6,UD:1V: VT 2524255
2026-05-18T17:10:06.805087660Z,2026-05-18T17:10:06.775824667Z,1,1,42459576,T,B,0,308.500000000,41,0,17673,343939870,307.000000000,308.500000000,32,59,3,5,ESH7 C7900
2026-05-18T17:11:05.231085993Z,2026-05-18T17:11:05.158648047Z,1,1,2669616,T,A,0,46.500000000,6,0,14031,137205883,46.500000000,46.750000000,6,845,1,8,UD:1V: VT 2669616
2026-05-18T17:12:03.252616457Z,2026-05-18T17:12:03.017864129Z,1,1,42377879,T,A,0,23.250000000,1,0,12664,345127065,23.250000000,23.500000000,1,204,1,5,ESU6 C8300
2026-05-18T17:12:12.460580902Z,2026-05-18T17:12:12.460071439Z,1,1,42377432,T,A,0,56.750000000,1,0,13847,345198479,56.750000000,57.250000000,165,71,6,4,ESU6 P6200
2026-05-18T17:12:17.362669015Z,2026-05-18T17:12:17.362331341Z,1,1,42366523,T,A,0,50.500000000,5,0,13673,345247477,50.500000000,50.750000000,5,93,1,7,ESM6 P7100
2026-05-18T17:12:20.197784310Z,2026-05-18T17:12:20.190765031Z,1,1,2517080,T,B,0,3.650000000,37,0,14623,137595494,3.200000000,3.650000000,23,37,2,2,UD:1V: GN 2517080
2026-05-18T17:12:53.001239052Z,2026-05-18T17:12:52.676192013Z,1,1,42548953,T,B,0,193.000000000,4,0,14202,345547582,192.500000000,193.000000000,31,4,1,1,ESH7 P6500
2026-05-18T17:12:53.206726254Z,2026-05-18T17:12:52.902314195Z,1,1,2517080,T,A,0,3.550000000,3,0,16959,137729012,3.550000000,3.600000000,3,14,1,1,UD:1V: GN 2517080
2026-05-18T17:12:57.789133871Z,2026-05-18T17:12:57.488865551Z,1,1,42396832,T,B,0,95.500000000,5,0,16272,345606166,95.250000000,95.500000000,33,5,1,1,ESU6 P6650
2026-05-18T17:13:02.591164145Z,2026-05-18T17:13:02.543241887Z,1,1,42366523,T,A,0,51.000000000,5,0,12733,345668724,51.000000000,51.250000000,5,151,1,8,ESM6 P7100
2026-05-18T17:13:14.359766617Z,2026-05-18T17:13:14.193718029Z,1,1,2524369,T,A,0,-10.800000000,4,0,13523,137843764,-10.800000000,-10.700000000,4,49,1,3,UD:1V: 12 2524369
2026-05-18T17:15:02.774290609Z,2026-05-18T17:15:02.761473677Z,1,1,42399646,T,B,0,22.000000000,1,0,13956,346737446,21.500000000,22.000000000,66,177,4,10,ESM6 C7700
2026-05-18T17:15:18.365038735Z,2026-05-18T17:15:18.312935227Z,1,1,2666430,T,B,0,90.000000000,1,0,14258,138392971,89.750000000,90.000000000,212,1,6,1,UD:1V: VT 2666430
2026-05-18T17:15:53.532343175Z,2026-05-18T17:15:53.368379839Z,1,1,42439354,T,B,0,121.500000000,6,0,12917,347168596,121.000000000,121.500000000,103,6,4,1,ESU6 P6850
2026-05-18T17:15:54.691201910Z,2026-05-18T17:15:54.113731403Z,1,1,42548953,T,B,0,193.500000000,4,0,12795,347190083,193.000000000,193.500000000,65,4,3,1,ESH7 P6500
2026-05-18T17:16:21.848562459Z,2026-05-18T17:16:21.268453599Z,1,1,42394761,T,A,0,7.100000000,6,0,13349,347514129,7.100000000,7.300000000,6,213,1,7,ESM6 P6250
2026-05-18T17:16:22.086655043Z,2026-05-18T17:16:21.297163607Z,1,1,42783705,T,A,0,7.400000000,6,0,13251,347517441,7.400000000,7.600000000,6,194,1,6,ESM6 P6275
2026-05-18T17:16:22.129264022Z,2026-05-18T17:16:21.297209381Z,1,1,42836583,T,A,0,6.800000000,6,0,13325,347518187,6.800000000,7.000000000,6,179,1,5,ESM6 P6225
2026-05-18T17:16:48.500142191Z,2026-05-18T17:16:48.498682063Z,1,1,81352,T,A,0,15.000000000,10,0,14230,347839294,15.000000000,15.200000000,10,137,1,2,ESZ6 C9000
2026-05-18T17:17:18.344996457Z,2026-05-18T17:17:18.344441705Z,1,1,42399646,T,A,0,22.000000000,1,0,15984,348061838,22.000000000,22.500000000,117,139,6,9,ESM6 C7700
2026-05-18T17:17:32.431915807Z,2026-05-18T17:17:32.420537497Z,1,1,43024830,T,A,0,1.850000000,1,0,13683,348200069,1.850000000,1.900000000,1,353,1,4,ESM6 P5325
2026-05-18T17:17:34.961688257Z,2026-05-18T17:17:34.907787001Z,1,1,42867406,T,A,0,122.000000000,3,0,11253,348225867,122.000000000,122.500000000,3,31,1,8,ESM6 C7425
2026-05-18T17:17:45.966093646Z,2026-05-18T17:17:45.830669681Z,1,1,42366513,T,B,0,125.500000000,3,0,13743,348321004,125.000000000,125.500000000,86,3,8,1,ESM6 P7400
2026-05-18T17:17:48.898947743Z,2026-05-18T17:17:48.279940711Z,1,1,42548953,T,B,0,193.000000000,4,0,14032,348364071,192.500000000,193.000000000,84,4,3,1,ESH7 P6500
2026-05-18T17:19:13.549532758Z,2026-05-18T17:19:13.549090029Z,1,1,42394732,T,A,0,1.900000000,1,0,13149,349106158,1.900000000,1.950000000,1,169,1,2,ESM6 P5350
2026-05-18T17:19:35.297214058Z,2026-05-18T17:19:35.125775445Z,1,1,42548953,T,B,0,192.500000000,4,0,11281,349318394,192.000000000,192.500000000,107,4,3,1,ESH7 P6500
2026-05-18T17:21:02.231485734Z,2026-05-18T17:21:02.045032297Z,1,1,2669616,T,A,0,46.250000000,1,0,13807,139963698,46.250000000,46.500000000,7,520,2,8,UD:1V: VT 2669616
2026-05-18T17:21:25.845293921Z,2026-05-18T17:21:25.836449407Z,1,1,42536256,T,B,0,209.000000000,4,0,12611,350340944,208.500000000,209.000000000,55,4,2,1,ESH7 P6600
2026-05-18T17:21:30.780892359Z,2026-05-18T17:21:30.559440513Z,1,1,42548953,T,B,0,193.000000000,2,0,11491,350388478,192.500000000,193.000000000,107,2,3,1,ESH7 P6500
2026-05-18T17:22:14.846462542Z,2026-05-18T17:22:14.846121713Z,1,1,42536256,T,B,0,209.500000000,4,0,13018,350870532,209.000000000,209.500000000,55,4,2,1,ESH7 P6600
2026-05-18T17:22:18.682646291Z,2026-05-18T17:22:18.682064963Z,1,1,2592667,T,B,0,6.500000000,99,0,13890,140371009,6.400000000,6.500000000,494,233,5,1,UD:1V: VT 2592667
2026-05-18T17:22:18.694766467Z,2026-05-18T17:22:18.682065139Z,1,1,2592667,T,B,0,6.500000000,116,0,17262,140371011,6.400000000,6.500000000,494,134,5,1,UD:1V: VT 2592667
2026-05-18T17:23:32.876224400Z,2026-05-18T17:23:32.809678493Z,1,1,42871623,T,A,0,52.000000000,2,0,16684,351717376,52.000000000,52.500000000,31,108,5,8,ESM6 C7575
2026-05-18T17:23:43.230457934Z,2026-05-18T17:23:42.880212921Z,1,1,42536256,T,B,0,209.500000000,4,0,13176,351814762,209.000000000,209.500000000,55,4,2,1,ESH7 P6600
2026-05-18T17:24:11.750963199Z,2026-05-18T17:24:11.750618973Z,1,1,42536256,T,B,0,209.500000000,4,0,13544,352108481,209.000000000,209.500000000,88,4,2,1,ESH7 P6600
2026-05-18T17:24:49.817885916Z,2026-05-18T17:24:49.817508067Z,1,1,42536256,T,B,0,209.000000000,1,0,11381,352459183,208.500000000,209.000000000,55,1,2,1,ESH7 P6600
2026-05-18T17:24:59.853350243Z,2026-05-18T17:24:59.825287917Z,1,1,42459577,T,A,0,609.500000000,1,0,13376,352541847,609.500000000,610.500000000,1,21,1,2,ESM7 C7550
2026-05-18T17:25:06.966489128Z,2026-05-18T17:25:06.965250755Z,1,1,42867406,T,A,0,120.500000000,2,0,13868,352624719,120.500000000,121.000000000,3,81,1,8,ESM6 C7425
2026-05-18T17:25:06.985294031Z,2026-05-18T17:25:06.973422125Z,1,1,42867406,T,A,0,120.500000000,1,0,13419,352625100,120.500000000,121.000000000,1,81,1,8,ESM6 C7425
2026-05-18T17:25:13.562106297Z,2026-05-18T17:25:13.443186327Z,1,1,42536282,T,B,0,201.000000000,4,0,14251,352694592,200.500000000,201.000000000,56,4,2,1,ESH7 P6550
2026-05-18T17:25:13.847224011Z,2026-05-18T17:25:13.543760965Z,1,1,42366513,T,B,0,127.000000000,3,0,14129,352699478,126.500000000,127.000000000,36,3,7,1,ESM6 P7400
2026-05-18T17:25:38.139613108Z,2026-05-18T17:25:38.099345963Z,1,1,2669616,T,A,0,46.000000000,1,0,14213,141294253,46.000000000,46.250000000,1,1050,1,10,UD:1V: VT 2669616
2026-05-18T17:25:41.817926164Z,2026-05-18T17:25:41.813983871Z,1,1,42439347,T,B,0,46.500000000,1,0,13981,352940223,46.000000000,46.500000000,209,137,5,5,ESU6 P6000
2026-05-18T17:25:56.523278696Z,2026-05-18T17:25:56.522718809Z,1,1,42439347,T,B,0,46.500000000,3,0,13361,353074601,46.000000000,46.500000000,241,304,6,8,ESU6 P6000
2026-05-18T17:26:00.375317758Z,2026-05-18T17:26:00.263016801Z,1,1,42384725,T,A,0,134.500000000,1,0,11325,353097407,134.500000000,135.000000000,1,76,1,9,ESM6 C7400
2026-05-18T17:26:34.262489673Z,2026-05-18T17:26:34.225327963Z,1,1,81352,T,A,0,14.900000000,20,0,14128,353431644,14.900000000,15.200000000,20,238,1,4,ESZ6 C9000
2026-05-18T17:26:43.677354924Z,2026-05-18T17:26:43.535426783Z,1,1,42740173,T,B,0,104.000000000,5,0,16928,353560094,103.500000000,104.000000000,169,5,5,1,ESU6 P6725
2026-05-18T17:27:15.496267292Z,2026-05-18T17:27:15.479957531Z,1,1,42506298,T,B,0,145.500000000,50,0,15649,353861510,144.500000000,145.500000000,142,116,7,7,ESU6 P7000
2026-05-18T17:27:19.452888015Z,2026-05-18T17:27:19.441309611Z,1,1,42522934,T,B,0,466.000000000,2,0,11508,353899133,465.000000000,466.000000000,57,2,5,1,ESH7 C7600
2026-05-18T17:27:23.247398087Z,2026-05-18T17:27:22.859317921Z,1,1,42398044,T,A,0,23.500000000,6,0,11106,353939711,23.500000000,23.750000000,6,294,1,6,ESU6 P5300
2026-05-18T17:27:28.791203065Z,2026-05-18T17:27:28.790563241Z,1,1,2524778,T,A,0,-63.500000000,4,0,15440,141831207,-63.500000000,-63.000000000,4,435,1,5,UD:1V: GN 2524778
2026-05-18T17:27:33.733045462Z,2026-05-18T17:27:33.732386271Z,1,1,42522934,T,B,0,465.500000000,2,0,13537,354046303,465.000000000,465.500000000,53,2,2,1,ESH7 C7600
2026-05-18T17:27:52.428687319Z,2026-05-18T17:27:52.428179535Z,1,1,42522934,T,B,0,465.000000000,2,0,16246,354219662,464.000000000,465.000000000,55,2,3,1,ESH7 C7600
2026-05-18T17:28:00.651464575Z,2026-05-18T17:28:00.552357881Z,1,1,42496686,T,A,0,11.000000000,6,0,13834,354302226,11.000000000,11.200000000,6,169,1,4,ESU6 C8500
2026-05-18T17:29:18.918596593Z,2026-05-18T17:29:18.915427789Z,1,1,42366511,T,A,0,45.250000000,3,0,13819,354978763,45.250000000,45.500000000,3,15,1,3,ESM6 C7600
2026-05-18T17:29:18.985718907Z,2026-05-18T17:29:18.918600147Z,1,1,42366511,T,B,0,45.250000000,24,0,11136,354980029,45.000000000,45.250000000,35,24,3,1,ESM6 C7600
2026-05-18T17:29:19.029205831Z,2026-05-18T17:29:18.953967799Z,1,1,2519687,T,A,0,81.750000000,6,0,13257,142286569,81.750000000,82.000000000,6,18,1,1,UD:1V:CFO 2519687
2026-05-18T17:30:48.258040241Z,2026-05-18T17:30:48.257413015Z,1,1,2524866,T,B,0,-64.750000000,2,0,15799,142760785,-65.000000000,-64.750000000,2,38,1,2,UD:1V: GN 2524866
2026-05-18T17:30:52.308056038Z,2026-05-18T17:30:52.140829139Z,1,1,42366523,T,B,0,50.250000000,5,0,16491,355981651,49.750000000,50.250000000,235,34,8,2,ESM6 P7100
2026-05-18T17:31:14.403519567Z,2026-05-18T17:31:14.142209285Z,1,1,42668409,T,B,0,76.750000000,12,0,13913,356196137,76.000000000,76.750000000,155,29,8,1,ESU6 C7950
2026-05-18T17:31:19.643334736Z,2026-05-18T17:31:19.641455635Z,1,1,42366523,T,B,0,50.250000000,5,0,13826,356240089,49.750000000,50.250000000,230,114,9,6,ESM6 P7100
2026-05-18T17:31:25.022795331Z,2026-05-18T17:31:25.022274541Z,1,1,42458399,T,B,0,65.250000000,1,0,16232,356295823,65.000000000,65.250000000,69,1,4,1,ESU6 C8000
2026-05-18T17:31:42.184074796Z,2026-05-18T17:31:42.176524035Z,1,1,42751082,T,B,0,279.500000000,31,0,17415,356471744,277.500000000,279.500000000,31,31,1,1,ESZ7 P6350
2026-05-18T17:32:06.506768494Z,2026-05-18T17:32:06.500640285Z,1,1,42777412,T,B,0,262.500000000,31,0,16307,356701603,261.000000000,262.500000000,31,31,1,1,ESZ7 P6250
2026-05-18T17:32:31.240049691Z,2026-05-18T17:32:30.857061361Z,1,1,42394770,T,A,0,10.000000000,27,0,16416,356925568,10.000000000,10.100000000,27,124,1,4,ESM6 P6450
2026-05-18T17:32:51.344016420Z,2026-05-18T17:32:51.250332717Z,1,1,42429258,T,B,0,41.500000000,6,0,12429,357123415,41.250000000,41.500000000,98,6,3,1,ESU6 P5900
2026-05-18T17:32:54.971948489Z,2026-05-18T17:32:54.639916075Z,1,1,42506284,T,B,0,43.750000000,6,0,11568,357169877,43.500000000,43.750000000,81,6,2,1,ESU6 P5950
2026-05-18T17:32:55.456575894Z,2026-05-18T17:32:55.113049779Z,1,1,42428853,T,A,0,7.700000000,6,0,14573,357179350,7.700000000,7.900000000,6,179,1,3,ESU6 C8600
2026-05-18T17:33:11.436506225Z,2026-05-18T17:33:11.430294531Z,1,1,42623729,T,B,0,442.000000000,17,0,16503,357331964,440.500000000,442.000000000,9,17,1,1,ESM7 C7850
2026-05-18T17:33:11.447787614Z,2026-05-18T17:33:11.446024955Z,1,1,42623729,T,A,0,442.000000000,33,0,11192,357332125,442.000000000,442.500000000,33,2,1,1,ESM7 C7850
2026-05-18T17:33:18.587617785Z,2026-05-18T17:33:18.584923077Z,1,1,2666430,T,A,0,91.000000000,1,0,13936,143464191,91.000000000,91.250000000,1,166,1,4,UD:1V: VT 2666430
2026-05-18T17:33:23.006914873Z,2026-05-18T17:33:22.925401433Z,1,1,2672880,T,B,0,18.000000000,6,0,15737,143482138,17.700000000,18.000000000,943,6,6,1,UD:1V: VT 2672880
2026-05-18T17:33:23.383578217Z,2026-05-18T17:33:23.160156295Z,1,1,42479670,T,B,0,134.000000000,1,0,13974,357437752,133.500000000,134.000000000,72,1,2,1,ESH7 P6050
2026-05-18T17:33:30.363260505Z,2026-05-18T17:33:30.101422673Z,1,1,2524806,T,B,0,42.250000000,1,0,11537,143531410,41.750000000,42.250000000,30,2,1,1,UD:1V: 23 2524806
2026-05-18T17:33:30.402460336Z,2026-05-18T17:33:30.101520591Z,1,1,2524806,T,B,0,42.250000000,1,0,12475,143531804,41.750000000,42.250000000,30,1,1,1,UD:1V: 23 2524806
2026-05-18T17:33:33.466126403Z,2026-05-18T17:33:32.576547077Z,1,1,2501126,T,A,0,30.750000000,6,0,19153,143553721,30.750000000,31.000000000,6,1606,1,7,UD:1V: VT 2501126
2026-05-18T17:33:50.726901388Z,2026-05-18T17:33:50.726360129Z,1,1,42384731,T,A,0,93.000000000,6,0,12856,357830139,93.000000000,93.250000000,10,97,1,6,ESM6 P7300
2026-05-18T17:33:50.727404153Z,2026-05-18T17:33:50.726915985Z,1,1,42384731,T,A,0,93.000000000,1,0,12877,357830141,93.000000000,93.250000000,4,97,1,6,ESM6 P7300
2026-05-18T17:33:55.042153686Z,2026-05-18T17:33:55.018383875Z,1,1,42804684,T,A,0,100.500000000,1,0,14274,357877988,100.500000000,101.000000000,3,81,1,7,ESM6 P7325
2026-05-18T17:33:55.064623739Z,2026-05-18T17:33:55.027844509Z,1,1,42804684,T,A,0,100.500000000,2,0,14296,357878351,100.500000000,101.000000000,2,81,1,7,ESM6 P7325
2026-05-18T17:33:56.788418055Z,2026-05-18T17:33:56.754009535Z,1,1,42378346,T,B,0,81.750000000,1,0,13323,357889453,81.000000000,81.750000000,40,84,6,7,ESM6 C7500
2026-05-18T17:34:00.583084442Z,2026-05-18T17:34:00.582273565Z,1,1,42384731,T,A,0,93.000000000,5,0,15730,357937133,93.000000000,93.250000000,10,96,1,6,ESM6 P7300
2026-05-18T17:34:00.967937924Z,2026-05-18T17:34:00.954116311Z,1,1,42384731,T,A,0,93.000000000,5,0,14264,357938956,93.000000000,93.250000000,5,72,1,5,ESM6 P7300
2026-05-18T17:34:02.603602394Z,2026-05-18T17:34:02.592682815Z,1,1,42623729,T,B,0,440.000000000,17,0,15943,357965362,438.500000000,440.000000000,26,17,2,1,ESM7 C7850
2026-05-18T17:34:05.051995387Z,2026-05-18T17:34:04.914025297Z,1,1,42446245,T,B,0,44.250000000,2,0,11213,357994225,44.000000000,44.250000000,88,2,5,1,ESM6 P7050
2026-05-18T17:34:11.440059503Z,2026-05-18T17:34:11.439540119Z,1,1,42404374,T,B,0,38.500000000,1,0,14036,358067010,38.250000000,38.500000000,52,2,4,1,ESM6 P7000
2026-05-18T17:34:12.173894067Z,2026-05-18T17:34:12.157604631Z,1,1,42399646,T,B,0,21.250000000,1,0,17766,358074469,21.000000000,21.250000000,160,1,6,1,ESM6 C7700
2026-05-18T17:34:14.579201310Z,2026-05-18T17:34:14.578637207Z,1,1,2505581,T,B,0,10.900000000,1,0,16948,143805006,10.800000000,10.900000000,466,208,5,1,UD:1V: VT 2505581
2026-05-18T17:34:20.296864618Z,2026-05-18T17:34:20.273845417Z,1,1,42384731,T,A,0,93.000000000,10,0,16188,358149109,93.000000000,93.250000000,10,100,1,7,ESM6 P7300
2026-05-18T17:34:40.616101383Z,2026-05-18T17:34:40.522898601Z,1,1,42366513,T,A,0,126.500000000,3,0,12990,358318314,126.500000000,127.000000000,3,73,1,8,ESM6 P7400
2026-05-18T17:34:42.436686681Z,2026-05-18T17:34:42.408911595Z,1,1,42404370,T,A,0,9.300000000,6,0,11176,358335963,9.300000000,9.500000000,6,309,1,9,ESM6 P6400
2026-05-18T17:34:42.962795085Z,2026-05-18T17:34:42.942711077Z,1,1,42602509,T,A,0,5.800000000,6,0,11129,358344769,5.800000000,5.900000000,6,51,1,2,ESM6 C7850
2026-05-18T17:34:44.658630326Z,2026-05-18T17:34:44.642033401Z,1,1,2673459,T,A,0,4.150000000,5,0,12793,143934165,4.150000000,4.300000000,718,479,6,5,UD:1V: VT 2673459
2026-05-18T17:34:44.808548145Z,2026-05-18T17:34:44.807873275Z,1,1,42529459,T,B,0,428.000000000,2,0,13609,358357233,427.000000000,428.000000000,31,2,2,1,ESZ6 C7450
2026-05-18T17:34:45.575523523Z,2026-05-18T17:34:45.574956853Z,1,1,42404370,T,A,0,9.300000000,6,0,13699,358359979,9.300000000,9.500000000,6,270,1,7,ESM6 P6400
2026-05-18T17:34:52.619570246Z,2026-05-18T17:34:52.543708737Z,1,1,42602509,T,A,0,5.800000000,6,0,13243,358412973,5.800000000,5.900000000,6,51,1,2,ESM6 C7850
2026-05-18T17:34:54.259825716Z,2026-05-18T17:34:54.209764325Z,1,1,42404370,T,A,0,9.300000000,6,0,11353,358427466,9.300000000,9.400000000,6,54,1,3,ESM6 P6400
2026-05-18T17:35:02.736489671Z,2026-05-18T17:35:02.736147947Z,1,1,726498,T,B,0,14.900000000,1,0,13402,358518526,14.800000000,14.900000000,323,1,3,1,ESZ6 P3700
2026-05-18T17:35:23.421708636Z,2026-05-18T17:35:23.298098839Z,1,1,42973069,T,A,0,7.200000000,6,0,12833,358715548,7.200000000,7.400000000,6,103,1,5,ESM6 C7825
2026-05-18T17:35:28.982055436Z,2026-05-18T17:35:28.671130085Z,1,1,42378592,T,B,0,11.400000000,1,0,13312,358794481,11.300000000,11.400000000,338,1,7,1,ESM6 P6500
2026-05-18T17:35:39.840779674Z,2026-05-18T17:35:39.753514055Z,1,1,42937560,T,A,0,6.400000000,6,0,15472,358930354,6.400000000,6.500000000,6,163,1,1,ESU6 C8650
2026-05-18T17:35:43.766872089Z,2026-05-18T17:35:43.612131113Z,1,1,42366513,T,A,0,128.000000000,3,0,16885,358997586,128.000000000,128.500000000,3,60,1,6,ESM6 P7400
2026-05-18T17:35:47.944140687Z,2026-05-18T17:35:47.943517655Z,1,1,42529459,T,B,0,426.000000000,2,0,13469,359049653,425.000000000,426.000000000,59,2,5,1,ESZ6 C7450
2026-05-18T17:36:01.623530734Z,2026-05-18T17:36:01.426209557Z,1,1,42602509,T,A,0,5.700000000,7,0,15632,359175702,5.700000000,5.800000000,7,91,1,3,ESM6 C7850
2026-05-18T17:36:02.010765188Z,2026-05-18T17:36:01.896668505Z,1,1,2666430,T,A,0,89.500000000,1,0,17559,144332649,89.500000000,89.750000000,1,105,1,4,UD:1V: VT 2666430
2026-05-18T17:36:08.727942114Z,2026-05-18T17:36:08.555095795Z,1,1,42867406,T,B,0,119.000000000,1,0,14301,359255334,118.500000000,119.000000000,54,3,8,1,ESM6 C7425
2026-05-18T17:36:08.768536950Z,2026-05-18T17:36:08.566132607Z,1,1,42867406,T,B,0,119.000000000,2,0,13484,359256034,118.500000000,119.000000000,63,2,9,1,ESM6 C7425
2026-05-18T17:36:09.017740716Z,2026-05-18T17:36:08.864826991Z,1,1,2673459,T,A,0,4.100000000,10,0,18516,144369528,4.100000000,4.200000000,10,291,1,2,UD:1V: VT 2673459
2026-05-18T17:36:23.055737751Z,2026-05-18T17:36:22.978786911Z,1,1,2673459,T,A,0,4.050000000,6,0,15889,144446792,4.050000000,4.100000000,6,215,1,2,UD:1V: VT 2673459
2026-05-18T17:36:33.906163287Z,2026-05-18T17:36:33.905666187Z,1,1,42505875,T,B,0,263.500000000,2,0,13953,359541416,263.000000000,263.500000000,45,2,4,1,ESZ6 P7150
2026-05-18T17:36:35.265770822Z,2026-05-18T17:36:35.039728495Z,1,1,42384731,T,B,0,94.000000000,4,0,11708,359552760,93.500000000,94.000000000,54,4,5,1,ESM6 P7300
2026-05-18T17:36:35.268623398Z,2026-05-18T17:36:35.039729559Z,1,1,42320751,T,B,0,80.750000000,8,0,11831,359552847,80.250000000,80.750000000,60,8,4,1,ESM6 P7250
2026-05-18T17:36:37.724944710Z,2026-05-18T17:36:37.711499721Z,1,1,42394770,T,A,0,10.300000000,6,0,14808,359589235,10.300000000,10.500000000,6,241,1,6,ESM6 P6450
2026-05-18T17:36:41.987754857Z,2026-05-18T17:36:41.981933275Z,1,1,42505875,T,B,0,263.500000000,2,0,14544,359633411,263.000000000,263.500000000,74,2,2,1,ESZ6 P7150
2026-05-18T17:36:44.547172863Z,2026-05-18T17:36:44.520645379Z,1,1,42394770,T,A,0,10.300000000,6,0,11399,359648050,10.300000000,10.500000000,6,270,1,7,ESM6 P6450
2026-05-18T17:36:44.821044913Z,2026-05-18T17:36:44.536618335Z,1,1,42394754,T,A,0,6.600000000,34,0,11737,359652647,6.600000000,6.800000000,34,352,2,8,ESM6 P6200
2026-05-18T17:36:44.833930072Z,2026-05-18T17:36:44.536619755Z,1,1,42378450,T,A,0,6.100000000,6,0,13722,359652871,6.100000000,6.200000000,6,256,1,6,ESM6 P6150
2026-05-18T17:36:44.859468496Z,2026-05-18T17:36:44.536730981Z,1,1,42804680,T,A,0,9.800000000,6,0,11937,359653302,9.800000000,10.000000000,6,271,1,7,ESM6 P6425
2026-05-18T17:36:45.016858836Z,2026-05-18T17:36:44.540055613Z,1,1,2656006,T,B,0,13.600000000,3,0,17007,144560893,13.500000000,13.600000000,456,3,3,1,UD:1V: VT 2656006
2026-05-18T17:36:48.098796621Z,2026-05-18T17:36:48.021762759Z,1,1,2673459,T,A,0,4.100000000,6,0,13484,144584231,4.100000000,4.200000000,6,395,1,5,UD:1V: VT 2673459
2026-05-18T17:37:03.883124018Z,2026-05-18T17:37:03.881963505Z,1,1,42366510,T,B,0,356.500000000,1,0,14086,359851243,356.000000000,356.500000000,13,1,2,1,ESM6 C7100
2026-05-18T17:37:11.497498591Z,2026-05-18T17:37:11.128051965Z,1,1,42973069,T,A,0,7.100000000,6,0,13201,359944174,7.100000000,7.300000000,6,45,1,2,ESM6 C7825
2026-05-18T17:37:54.360989849Z,2026-05-18T17:37:54.326921597Z,1,1,42973069,T,A,0,7.100000000,6,0,11176,360333382,7.100000000,7.300000000,6,137,1,6,ESM6 C7825
2026-05-18T17:37:59.969331702Z,2026-05-18T17:37:59.377054871Z,1,1,42602509,T,A,0,5.600000000,6,0,11341,360405741,5.600000000,5.700000000,6,32,1,2,ESM6 C7850
2026-05-18T17:38:03.047852745Z,2026-05-18T17:38:02.837290253Z,1,1,42404370,T,A,0,9.400000000,6,0,12996,360453857,9.400000000,9.600000000,6,282,1,9,ESM6 P6400
2026-05-18T17:38:03.214344701Z,2026-05-18T17:38:02.838446137Z,1,1,42394761,T,A,0,7.200000000,6,0,13642,360456803,7.200000000,7.300000000,6,57,1,3,ESM6 P6250
2026-05-18T17:38:31.043760878Z,2026-05-18T17:38:31.041675185Z,1,1,2667382,T,B,0,13.000000000,1,0,13989,145060410,12.900000000,13.000000000,590,1,7,1,UD:1V: VT 2667382
2026-05-18T17:38:58.279488036Z,2026-05-18T17:38:58.263560791Z,1,1,42404374,T,A,0,38.750000000,22,0,13833,361008764,38.750000000,39.000000000,39,11,2,3,ESM6 P7000
2026-05-18T17:39:14.502179342Z,2026-05-18T17:39:14.466490941Z,1,1,42458399,T,A,0,63.750000000,16,0,13263,361176599,63.750000000,64.000000000,20,37,2,2,ESU6 C8000
2026-05-18T17:39:15.468289278Z,2026-05-18T17:39:15.457752579Z,1,1,42458399,T,A,0,63.750000000,3,0,15287,361187407,63.750000000,64.000000000,4,37,1,2,ESU6 C8000
2026-05-18T17:39:21.694695751Z,2026-05-18T17:39:21.509572177Z,1,1,42458399,T,A,0,63.750000000,1,0,15045,361252081,63.750000000,64.000000000,1,46,1,3,ESU6 C8000
2026-05-18T17:40:58.915187638Z,2026-05-18T17:40:58.914659375Z,1,1,42836585,T,A,0,64.000000000,3,0,11400,362238187,64.000000000,64.250000000,3,91,1,7,ESM6 P7175
2026-05-18T17:41:03.943658199Z,2026-05-18T17:41:03.165647277Z,1,1,42398044,T,A,0,23.750000000,6,0,11743,362313571,23.750000000,24.000000000,6,264,1,4,ESU6 P5300
2026-05-18T17:41:06.746507396Z,2026-05-18T17:41:05.310710365Z,1,1,42404370,T,A,0,9.300000000,6,0,12900,362361527,9.300000000,9.500000000,6,255,1,8,ESM6 P6400
2026-05-18T17:41:29.999792007Z,2026-05-18T17:41:29.993680801Z,1,1,42477736,T,B,0,339.000000000,25,0,15870,362630942,338.000000000,339.000000000,22,26,2,1,ESM7 P7000
2026-05-18T17:42:17.830627715Z,2026-05-18T17:42:17.829707011Z,1,1,42404374,T,B,0,38.000000000,1,0,12789,363097121,37.750000000,38.000000000,174,1,8,1,ESM6 P7000
2026-05-18T17:42:23.732624086Z,2026-05-18T17:42:23.732080809Z,1,1,42404374,T,B,0,38.000000000,1,0,13820,363140887,37.750000000,38.000000000,175,1,8,1,ESM6 P7000
2026-05-18T17:42:30.491904169Z,2026-05-18T17:42:30.491395301Z,1,1,42384872,T,A,0,19.600000000,1,0,12928,363191363,19.600000000,19.700000000,1,18,1,3,ESM6 P6750
2026-05-18T17:42:55.009915761Z,2026-05-18T17:42:54.841247857Z,1,1,42416106,T,A,0,105.000000000,1,0,14757,363415021,105.000000000,105.500000000,1,67,1,8,ESM6 C7450
2026-05-18T17:43:04.333890972Z,2026-05-18T17:43:04.274321379Z,1,1,42836585,T,A,0,63.750000000,3,0,14389,363509976,63.750000000,64.000000000,3,55,1,6,ESM6 P7175
2026-05-18T17:43:07.072888117Z,2026-05-18T17:43:06.959064549Z,1,1,42384872,T,A,0,19.600000000,1,0,11403,363561699,19.600000000,19.800000000,1,172,1,8,ESM6 P6750
2026-05-18T17:43:12.288857265Z,2026-05-18T17:43:12.288248401Z,1,1,2643283,T,A,0,4.250000000,23,0,18079,146459430,4.250000000,4.300000000,23,1309,1,8,UD:1V: VT 2643283
2026-05-18T17:43:17.056102553Z,2026-05-18T17:43:16.541906675Z,1,1,2656006,T,B,0,13.700000000,3,0,21105,146485317,13.600000000,13.700000000,1110,3,8,1,UD:1V: VT 2656006
2026-05-18T17:43:18.239214818Z,2026-05-18T17:43:17.603280267Z,1,1,42867406,T,B,0,120.500000000,3,0,10320,363715230,119.500000000,120.500000000,37,3,1,1,ESM6 C7425
2026-05-18T17:43:47.349991028Z,2026-05-18T17:43:47.339381067Z,1,1,42366523,T,A,0,50.500000000,5,0,16619,364024458,50.500000000,50.750000000,5,118,1,7,ESM6 P7100
2026-05-18T17:43:59.977604052Z,2026-05-18T17:43:59.909489313Z,1,1,2516747,T,A,0,6.000000000,8,0,14445,146703164,6.000000000,6.400000000,8,48,1,3,UD:1V: SG 2516747
2026-05-18T17:44:09.590231511Z,2026-05-18T17:44:09.502404305Z,1,1,42429372,T,A,0,157.500000000,4,0,20794,364266142,157.500000000,158.000000000,4,107,1,6,ESU6 C7700
2026-05-18T17:44:11.614573974Z,2026-05-18T17:44:11.597371935Z,1,1,42441336,T,A,0,228.500000000,3,0,14829,364286402,228.500000000,229.000000000,3,51,1,4,ESU6 C7550
2026-05-18T17:44:29.474508580Z,2026-05-18T17:44:29.313443263Z,1,1,42465600,T,A,0,267.000000000,4,0,16849,364456122,267.000000000,267.500000000,4,53,1,4,ESU6 P7450
2026-05-18T17:44:48.239949004Z,2026-05-18T17:44:48.221033751Z,1,1,42598890,T,A,0,136.500000000,5,0,16082,364673181,136.500000000,137.000000000,5,108,1,7,ESU6 C7750
2026-05-18T17:44:48.299263242Z,2026-05-18T17:44:48.223363977Z,1,1,42903306,T,A,0,149.000000000,1,0,12660,364674371,149.000000000,149.500000000,1,40,1,6,ESM6 C7375
2026-05-18T17:44:50.183152555Z,2026-05-18T17:44:50.140236527Z,1,1,42598890,T,A,0,136.500000000,3,0,11278,364686231,136.500000000,137.000000000,5,114,1,6,ESU6 C7750
2026-05-18T17:45:58.262545850Z,2026-05-18T17:45:58.002644269Z,1,1,2666430,T,B,0,90.250000000,1,0,13340,147286592,89.750000000,90.250000000,252,69,7,2,UD:1V: VT 2666430
2026-05-18T17:45:59.705307639Z,2026-05-18T17:45:59.671647663Z,1,1,42377577,T,B,0,119.000000000,24,0,16624,365378558,118.500000000,119.000000000,83,24,6,1,ESU6 C7800
2026-05-18T17:46:01.700074094Z,2026-05-18T17:46:01.691492073Z,1,1,42598890,T,B,0,137.000000000,10,0,17871,365408326,136.500000000,137.000000000,67,22,5,1,ESU6 C7750
2026-05-18T17:46:10.571639990Z,2026-05-18T17:46:10.317125509Z,1,1,42594298,T,B,0,366.500000000,20,0,13470,365531789,365.500000000,366.500000000,20,20,1,1,ESH7 P7300
2026-05-18T17:46:40.353233004Z,2026-05-18T17:46:39.641812187Z,1,1,2525144,T,A,0,2.900000000,3,0,16530,147528542,2.900000000,3.100000000,10,19,1,2,UD:1V: GN 2525144
2026-05-18T17:47:23.855400456Z,2026-05-18T17:47:23.769229005Z,1,1,2525374,T,A,0,4.700000000,1,0,14818,147734026,4.700000000,4.950000000,1,2,1,1,UD:1V: GN 2525374
2026-05-18T17:47:25.952737138Z,2026-05-18T17:47:25.703577633Z,1,1,2525144,T,A,0,2.900000000,7,0,14626,147752711,2.900000000,3.050000000,7,61,1,4,UD:1V: GN 2525144
2026-05-18T17:48:44.222207562Z,2026-05-18T17:48:44.193940243Z,1,1,42627610,T,A,0,30.750000000,3,0,11559,367068148,30.750000000,31.000000000,3,14,1,3,ESM6 C7650
2026-05-18T17:49:02.507923342Z,2026-05-18T17:49:02.498102149Z,1,1,42399646,T,A,0,21.000000000,2,0,14326,367232293,21.000000000,21.250000000,2,97,1,6,ESM6 C7700
2026-05-18T17:49:17.150673721Z,2026-05-18T17:49:17.145901025Z,1,1,42404374,T,B,0,38.000000000,20,0,22134,367378648,37.500000000,38.000000000,248,93,10,6,ESM6 P7000
2026-05-18T17:49:23.466333209Z,2026-05-18T17:49:23.407377493Z,1,1,42399646,T,A,0,21.000000000,2,0,15727,367428264,21.000000000,21.250000000,2,131,1,7,ESM6 C7700
2026-05-18T17:49:32.208226627Z,2026-05-18T17:49:32.207089887Z,1,1,42404366,T,A,0,8.900000000,10,0,14002,367505743,8.900000000,9.100000000,27,220,1,8,ESM6 C7800
2026-05-18T17:49:32.263765879Z,2026-05-18T17:49:32.210534377Z,1,1,42404366,T,A,0,8.900000000,1,0,13824,367506719,8.900000000,9.100000000,17,220,1,8,ESM6 C7800
2026-05-18T17:50:00.638897320Z,2026-05-18T17:50:00.579709561Z,1,1,2669616,T,A,0,46.000000000,6,0,14549,148394882,46.000000000,46.250000000,6,651,1,6,UD:1V: VT 2669616
2026-05-18T17:51:40.653824020Z,2026-05-18T17:51:40.058109437Z,1,1,2525642,T,A,0,34.500000000,1,0,22735,148835581,34.500000000,34.750000000,1,340,1,8,UD:1V: VT 2525642
2026-05-18T17:52:33.951030692Z,2026-05-18T17:52:33.771858017Z,1,1,42472882,T,B,0,385.500000000,6,0,11407,369214720,384.500000000,385.500000000,6,6,1,1,ESU6 P7700
2026-05-18T17:53:27.227916412Z,2026-05-18T17:53:26.401386733Z,1,1,42378618,T,B,0,28.500000000,1,0,11391,369706270,28.250000000,28.500000000,128,1,6,1,ESM6 P6900
2026-05-18T17:53:29.985550395Z,2026-05-18T17:53:29.430465039Z,1,1,2501126,T,A,0,30.750000000,6,0,14971,149329200,30.750000000,31.000000000,6,1724,1,7,UD:1V: VT 2501126
2026-05-18T17:53:33.176015835Z,2026-05-18T17:53:33.175594887Z,1,1,2501126,T,A,0,30.750000000,6,0,17715,149344075,30.750000000,31.000000000,6,2291,1,10,UD:1V: VT 2501126
2026-05-18T17:53:36.376908358Z,2026-05-18T17:53:36.375837417Z,1,1,2501126,T,A,0,30.750000000,6,0,14669,149352617,30.750000000,31.000000000,6,2241,1,10,UD:1V: VT 2501126
2026-05-18T17:54:39.616499976Z,2026-05-18T17:54:39.616016925Z,1,1,2525706,T,B,0,2.450000000,3,0,17276,149602769,2.350000000,2.450000000,356,3,2,1,UD:1V: VT 2525706
2026-05-18T17:57:21.904316799Z,2026-05-18T17:57:21.848035685Z,1,1,42372969,T,A,0,446.500000000,1,0,14082,371665867,446.500000000,447.000000000,1,7,1,3,ESM6 C7000
2026-05-18T17:57:48.355268793Z,2026-05-18T17:57:48.244690565Z,1,1,42378346,T,A,0,80.750000000,8,0,11694,371900137,80.750000000,81.000000000,15,1,3,1,ESM6 C7500
2026-05-18T17:59:57.683242036Z,2026-05-18T17:59:57.652219133Z,1,1,42446245,T,B,0,43.000000000,2,0,16664,373006642,42.750000000,43.000000000,87,2,6,1,ESM6 P7050
2026-05-18T18:00:41.644268695Z,2026-05-18T18:00:41.601749623Z,1,1,2669616,T,A,0,46.250000000,6,0,11784,150994711,46.250000000,46.500000000,6,516,1,7,UD:1V: VT 2669616
2026-05-18T18:00:58.671082335Z,2026-05-18T18:00:58.110732671Z,1,1,2526046,T,A,0,6.500000000,2,0,11327,151083127,6.500000000,6.600000000,2,857,1,4,UD:1V: GN 2526046
2026-05-18T18:01:24.136981265Z,2026-05-18T18:01:23.826890451Z,1,1,42404374,T,B,0,38.000000000,2,0,17743,373863632,37.750000000,38.000000000,86,2,4,1,ESM6 P7000
2026-05-18T18:01:34.911112337Z,2026-05-18T18:01:34.368053081Z,1,1,42404355,T,B,0,2.150000000,1,0,13371,374031611,2.100000000,2.150000000,455,1,5,1,ESM6 P5450
2026-05-18T18:01:39.773279076Z,2026-05-18T18:01:39.620615033Z,1,1,2513167,T,A,0,5.200000000,2,0,12404,151345062,5.200000000,5.700000000,2,17,1,3,UD:1V: SG 2513167
2026-05-18T18:01:52.196241422Z,2026-05-18T18:01:52.177831835Z,1,1,42320751,T,B,0,80.500000000,1,0,11681,374249931,80.000000000,80.500000000,126,2,8,1,ESM6 P7250
2026-05-18T18:01:52.203687084Z,2026-05-18T18:01:52.177887897Z,1,1,42320751,T,B,0,80.500000000,1,0,15060,374250030,80.000000000,80.500000000,130,1,9,1,ESM6 P7250
2026-05-18T18:02:04.138010127Z,2026-05-18T18:02:03.880234291Z,1,1,2525144,T,A,0,2.800000000,3,0,19582,151478294,2.800000000,3.050000000,10,37,1,3,UD:1V: GN 2525144
2026-05-18T18:02:07.649598343Z,2026-05-18T18:02:07.343740251Z,1,1,42413698,T,B,0,6.500000000,2,0,13909,374455794,6.400000000,6.500000000,208,2,3,1,ESU6 P3700
2026-05-18T18:02:09.973473875Z,2026-05-18T18:02:09.777231715Z,1,1,2525144,T,A,0,2.800000000,2,0,12994,151528764,2.800000000,2.850000000,7,42,1,2,UD:1V: GN 2525144
2026-05-18T18:02:10.286406647Z,2026-05-18T18:02:10.199749339Z,1,1,2525144,T,A,0,2.800000000,2,0,13046,151531898,2.800000000,2.850000000,5,42,1,2,UD:1V: GN 2525144
2026-05-18T18:02:10.680510393Z,2026-05-18T18:02:10.629835787Z,1,1,2525144,T,A,0,2.800000000,2,0,13429,151535740,2.800000000,2.850000000,3,42,1,2,UD:1V: GN 2525144
2026-05-18T18:02:11.294999146Z,2026-05-18T18:02:11.030302693Z,1,1,2525144,T,A,0,2.800000000,1,0,13248,151540824,2.800000000,2.850000000,1,42,1,2,UD:1V: GN 2525144
2026-05-18T18:02:13.094601883Z,2026-05-18T18:02:12.463610337Z,1,1,2526093,T,A,0,-85.500000000,1,0,11699,151557709,-85.500000000,-85.000000000,1,126,1,2,UD:1V: GN 2526093
2026-05-18T18:02:14.076565270Z,2026-05-18T18:02:13.564064893Z,1,1,2673459,T,A,0,3.800000000,6,0,13402,151566889,3.800000000,3.950000000,6,260,1,4,UD:1V: VT 2673459
2026-05-18T18:02:14.078327105Z,2026-05-18T18:02:13.568681247Z,1,1,2501126,T,A,0,30.500000000,6,0,13354,151566918,30.500000000,30.750000000,6,1282,1,6,UD:1V: VT 2501126
2026-05-18T18:02:23.839292227Z,2026-05-18T18:02:23.624005551Z,1,1,2501126,T,A,0,30.500000000,6,0,15500,151631053,30.500000000,30.750000000,6,1380,1,7,UD:1V: VT 2501126
2026-05-18T18:02:23.940367091Z,2026-05-18T18:02:23.627262497Z,1,1,2525144,T,A,0,2.750000000,3,0,11221,151631910,2.750000000,2.850000000,10,24,1,1,UD:1V: GN 2525144
2026-05-18T18:02:29.422308111Z,2026-05-18T18:02:29.408458337Z,1,1,2501126,T,A,0,30.500000000,6,0,14159,151686265,30.500000000,30.750000000,6,1433,1,7,UD:1V: VT 2501126
2026-05-18T18:03:06.045721259Z,2026-05-18T18:03:05.874899541Z,1,1,2501126,T,A,0,30.500000000,6,0,20198,151888343,30.500000000,30.750000000,6,1238,1,6,UD:1V: VT 2501126
2026-05-18T18:03:07.849724554Z,2026-05-18T18:03:07.650503663Z,1,1,42899801,T,A,0,120.000000000,3,0,15699,375261603,120.000000000,120.500000000,3,31,1,4,ESM6 P7375
2026-05-18T18:03:12.911747159Z,2026-05-18T18:03:12.664550767Z,1,1,2501126,T,A,0,30.500000000,6,0,27552,151929426,30.500000000,30.750000000,6,1239,1,5,UD:1V: VT 2501126
2026-05-18T18:03:15.873591483Z,2026-05-18T18:03:15.471523765Z,1,1,42883306,T,B,0,56.500000000,6,0,11578,375364333,56.000000000,56.500000000,30,6,3,1,ESM6 P7125
2026-05-18T18:03:21.219661518Z,2026-05-18T18:03:21.112785195Z,1,1,2673435,T,B,0,14.600000000,1,0,13996,151998661,14.400000000,14.600000000,6,6,1,1,UD:1V: VT 2673435
2026-05-18T18:03:21.234226148Z,2026-05-18T18:03:21.150414337Z,1,1,2501126,T,A,0,30.500000000,6,0,11393,151998876,30.500000000,30.750000000,6,1470,1,7,UD:1V: VT 2501126
2026-05-18T18:03:31.929628186Z,2026-05-18T18:03:31.923970045Z,1,1,2673459,T,A,0,3.800000000,11,0,26532,152053731,3.800000000,3.900000000,11,183,1,3,UD:1V: VT 2673459
2026-05-18T18:03:33.421018065Z,2026-05-18T18:03:33.217771769Z,1,1,42627610,T,B,0,29.500000000,5,0,16526,375578042,29.250000000,29.500000000,61,6,3,1,ESM6 C7650
2026-05-18T18:03:58.459998503Z,2026-05-18T18:03:58.371092445Z,1,1,2501126,T,A,0,30.500000000,6,0,12741,152175899,30.500000000,30.750000000,6,1274,1,6,UD:1V: VT 2501126
2026-05-18T18:04:02.052634739Z,2026-05-18T18:04:02.047924159Z,1,1,2501126,T,A,0,30.500000000,6,0,11842,152200328,30.500000000,30.750000000,6,1466,1,7,UD:1V: VT 2501126
2026-05-18T18:04:05.389553823Z,2026-05-18T18:04:05.388983527Z,1,1,2501126,T,A,0,30.500000000,6,0,14267,152218581,30.500000000,30.750000000,6,1422,1,7,UD:1V: VT 2501126
2026-05-18T18:04:14.104918889Z,2026-05-18T18:04:14.100048417Z,1,1,42377425,T,B,0,38.250000000,6,0,15024,375990019,37.750000000,38.250000000,148,6,4,1,ESU6 P5800
2026-05-18T18:04:14.105156015Z,2026-05-18T18:04:14.100049051Z,1,1,42378547,T,B,0,30.000000000,6,0,13157,375990022,29.750000000,30.000000000,31,6,2,1,ESU6 P5550
2026-05-18T18:04:14.251779076Z,2026-05-18T18:04:14.250901117Z,1,1,42439347,T,B,0,47.000000000,6,0,13211,375991153,46.500000000,47.000000000,136,6,4,1,ESU6 P6000
2026-05-18T18:04:14.258743284Z,2026-05-18T18:04:14.250901753Z,1,1,42506272,T,B,0,40.250000000,6,0,13533,375991156,39.750000000,40.250000000,146,6,4,1,ESU6 P5850
2026-05-18T18:04:14.959823290Z,2026-05-18T18:04:14.905632649Z,1,1,42853804,T,B,0,16.900000000,4,0,11216,375997985,16.700000000,16.900000000,8,4,1,1,ESM6 P6675
2026-05-18T18:04:15.129364806Z,2026-05-18T18:04:14.919556905Z,1,1,42804682,T,B,0,21.500000000,5,0,11210,376000752,21.250000000,21.500000000,57,5,2,1,ESM6 P6775
2026-05-18T18:04:15.141513030Z,2026-05-18T18:04:14.926674795Z,1,1,42740173,T,B,0,106.000000000,5,0,11381,376001005,105.500000000,106.000000000,31,5,1,1,ESU6 P6725
2026-05-18T18:04:15.415442780Z,2026-05-18T18:04:15.086032089Z,1,1,42804682,T,A,0,21.500000000,9,0,12734,376006415,21.500000000,22.000000000,50,115,1,4,ESM6 P6775
2026-05-18T18:04:15.415744799Z,2026-05-18T18:04:15.086041689Z,1,1,42804682,T,A,0,21.500000000,5,0,13692,376006417,21.500000000,22.000000000,41,115,1,4,ESM6 P6775
2026-05-18T18:04:15.429347561Z,2026-05-18T18:04:15.111919479Z,1,1,2514192,T,B,0,-38.750000000,11,0,14156,152272270,-39.750000000,-38.750000000,42,42,1,1,UD:1V: 12 2514192
2026-05-18T18:04:15.454364300Z,2026-05-18T18:04:15.129368441Z,1,1,42804682,T,A,0,21.500000000,5,0,14547,376006944,21.500000000,22.000000000,36,115,1,4,ESM6 P6775
2026-05-18T18:04:17.362219836Z,2026-05-18T18:04:17.360948887Z,1,1,2673459,T,A,0,3.750000000,6,0,14122,152285387,3.750000000,3.850000000,6,230,1,2,UD:1V: VT 2673459
2026-05-18T18:04:17.378113492Z,2026-05-18T18:04:17.370858535Z,1,1,2622597,T,A,0,5.000000000,6,0,16815,152285672,5.000000000,5.100000000,6,6,1,1,UD:1V: VT 2622597
2026-05-18T18:04:17.392709687Z,2026-05-18T18:04:17.392060591Z,1,1,2501126,T,A,0,30.500000000,6,0,18702,152285742,30.500000000,30.750000000,6,994,1,6,UD:1V: VT 2501126
2026-05-18T18:04:20.096010255Z,2026-05-18T18:04:20.034450709Z,1,1,2524640,T,A,0,-24.000000000,1,0,11415,152298187,-24.000000000,-23.750000000,1,37,1,3,UD:1V: GN 2524640
2026-05-18T18:04:20.691819503Z,2026-05-18T18:04:20.691261901Z,1,1,2501126,T,A,0,30.500000000,6,0,13669,152302493,30.500000000,30.750000000,6,1268,1,6,UD:1V: VT 2501126
2026-05-18T18:04:24.070985473Z,2026-05-18T18:04:23.900766791Z,1,1,2501126,T,A,0,30.500000000,6,0,15487,152315897,30.500000000,30.750000000,6,1268,1,6,UD:1V: VT 2501126
2026-05-18T18:04:25.081811160Z,2026-05-18T18:04:25.065083807Z,1,1,42899801,T,A,0,121.000000000,3,0,13456,376114060,121.000000000,121.500000000,3,64,1,6,ESM6 P7375
2026-05-18T18:04:27.504457884Z,2026-05-18T18:04:27.503896161Z,1,1,2501126,T,A,0,30.500000000,6,0,13982,152339482,30.500000000,30.750000000,6,974,1,6,UD:1V: VT 2501126
2026-05-18T18:04:30.809721332Z,2026-05-18T18:04:30.802691491Z,1,1,2501126,T,A,0,30.500000000,6,0,16351,152348913,30.500000000,30.750000000,6,974,1,6,UD:1V: VT 2501126
2026-05-18T18:04:34.404622346Z,2026-05-18T18:04:34.236701537Z,1,1,2501126,T,A,0,30.500000000,6,0,13615,152366378,30.500000000,30.750000000,6,974,1,6,UD:1V: VT 2501126
2026-05-18T18:04:41.918629028Z,2026-05-18T18:04:41.727898497Z,1,1,42378618,T,A,0,29.750000000,3,0,12284,376294250,29.750000000,30.000000000,3,72,1,4,ESM6 P6900
2026-05-18T18:04:43.781190740Z,2026-05-18T18:04:43.763291623Z,1,1,42377530,T,B,0,116.000000000,5,0,11925,376325055,115.500000000,116.000000000,61,5,3,1,ESU6 P6800
2026-05-18T18:04:45.037574185Z,2026-05-18T18:04:45.008967407Z,1,1,2500554,T,B,0,14.300000000,3,0,13595,152429127,14.200000000,14.300000000,859,3,7,1,UD:1V: VT 2500554
2026-05-18T18:04:55.269995793Z,2026-05-18T18:04:55.119160541Z,1,1,2501126,T,A,0,30.500000000,6,0,22043,152477701,30.500000000,30.750000000,6,1290,1,8,UD:1V: VT 2501126
2026-05-18T18:05:05.121239654Z,2026-05-18T18:05:05.025551977Z,1,1,42429065,T,A,0,34.250000000,3,0,15656,376542204,34.250000000,34.500000000,3,69,1,5,ESM6 P6950
2026-05-18T18:05:48.851128146Z,2026-05-18T18:05:48.850585617Z,1,1,42394825,T,A,0,0.800000000,50,0,13952,376975210,0.800000000,0.900000000,50,837,1,9,ESM6 C8100
2026-05-18T18:05:49.860272193Z,2026-05-18T18:05:49.859753517Z,1,1,42394825,T,A,0,0.800000000,50,0,13320,376991189,0.800000000,0.900000000,50,837,1,9,ESM6 C8100
2026-05-18T18:05:50.978418804Z,2026-05-18T18:05:50.977879797Z,1,1,42394825,T,A,0,0.800000000,50,0,15156,377000213,0.800000000,0.900000000,50,837,1,9,ESM6 C8100
2026-05-18T18:05:51.095910411Z,2026-05-18T18:05:51.095190313Z,1,1,42394825,T,A,0,0.800000000,50,0,14055,377000895,0.800000000,0.900000000,50,837,1,9,ESM6 C8100
2026-05-18T18:05:51.257610191Z,2026-05-18T18:05:51.256880507Z,1,1,42394825,T,A,0,0.800000000,50,0,13677,377001473,0.800000000,0.900000000,50,837,1,9,ESM6 C8100
2026-05-18T18:05:51.452982763Z,2026-05-18T18:05:51.448721829Z,1,1,42394825,T,A,0,0.800000000,50,0,17285,377002372,0.800000000,0.900000000,50,837,1,9,ESM6 C8100
2026-05-18T18:05:51.604903818Z,2026-05-18T18:05:51.555720859Z,1,1,42394825,T,A,0,0.800000000,50,0,16028,377004767,0.800000000,0.900000000,50,837,1,9,ESM6 C8100
2026-05-18T18:05:51.747585659Z,2026-05-18T18:05:51.696756169Z,1,1,42394825,T,A,0,0.800000000,50,0,13767,377006690,0.800000000,0.900000000,50,837,1,9,ESM6 C8100
2026-05-18T18:05:54.703595303Z,2026-05-18T18:05:54.309098571Z,1,1,42384725,T,B,0,130.000000000,3,0,14019,377038065,129.500000000,130.000000000,35,3,4,1,ESM6 C7400
2026-05-18T18:06:00.748813830Z,2026-05-18T18:06:00.567760559Z,1,1,42377432,T,B,0,58.500000000,21,0,11233,377105741,58.250000000,58.500000000,278,21,5,1,ESU6 P6200
2026-05-18T18:06:06.900737809Z,2026-05-18T18:06:06.605276859Z,1,1,2510939,T,B,0,22.750000000,6,0,11057,152819730,22.500000000,22.750000000,765,6,5,1,UD:1V: VT 2510939
2026-05-18T18:06:09.199973376Z,2026-05-18T18:06:09.098616269Z,1,1,2501126,T,A,0,30.500000000,6,0,15592,152836010,30.500000000,30.750000000,6,1548,1,8,UD:1V: VT 2501126
2026-05-18T18:06:32.086887123Z,2026-05-18T18:06:32.047042339Z,1,1,42394825,T,A,0,0.800000000,135,0,16822,377495722,0.800000000,0.900000000,50,837,1,9,ESM6 C8100
2026-05-18T18:06:39.689380375Z,2026-05-18T18:06:39.488117151Z,1,1,42377530,T,B,0,116.500000000,5,0,17036,377572401,116.000000000,116.500000000,183,5,7,1,ESU6 P6800
2026-05-18T18:06:39.833401910Z,2026-05-18T18:06:39.497528537Z,1,1,2521062,T,A,0,137.500000000,2,0,13558,152999933,137.500000000,138.000000000,2,35,1,1,UD:1V: VT 2521062
2026-05-18T18:06:41.195163959Z,2026-05-18T18:06:40.760819165Z,1,1,2563474,T,B,0,11.400000000,6,0,14721,153008945,11.200000000,11.400000000,943,6,6,1,UD:1V: VT 2563474
2026-05-18T18:06:44.532461080Z,2026-05-18T18:06:43.599942485Z,1,1,42384725,T,A,0,127.000000000,1,0,13722,377653402,127.000000000,127.500000000,1,30,1,4,ESM6 C7400
2026-05-18T18:06:46.185696043Z,2026-05-18T18:06:45.573624373Z,1,1,2668101,T,B,0,1.600000000,1,0,16510,153057849,1.550000000,1.600000000,1601,1,4,1,UD:1V: VT 2668101
2026-05-18T18:06:46.803558473Z,2026-05-18T18:06:46.282358305Z,1,1,42394825,T,A,0,0.800000000,100,0,13549,377694371,0.800000000,0.850000000,15,620,1,7,ESM6 C8100
2026-05-18T18:06:47.019252377Z,2026-05-18T18:06:46.552364687Z,1,1,42611781,T,B,0,56.250000000,3,0,13684,377698623,55.750000000,56.250000000,41,3,4,1,ESM6 C7550
2026-05-18T18:06:47.218820087Z,2026-05-18T18:06:46.803606405Z,1,1,42394825,T,A,0,0.800000000,38,0,13808,377702073,0.800000000,0.850000000,15,620,1,7,ESM6 C8100
2026-05-18T18:06:52.061914652Z,2026-05-18T18:06:51.947560819Z,1,1,42378374,T,B,0,72.500000000,1,0,14734,377777449,72.000000000,72.500000000,34,17,3,4,ESM6 P7200
2026-05-18T18:06:56.274923481Z,2026-05-18T18:06:56.212424789Z,1,1,42377530,T,B,0,117.000000000,2,0,14766,377830752,116.500000000,117.000000000,171,5,6,1,ESU6 P6800
2026-05-18T18:06:56.290573699Z,2026-05-18T18:06:56.212615751Z,1,1,42377530,T,B,0,117.000000000,3,0,15607,377830897,116.500000000,117.000000000,171,3,6,1,ESU6 P6800
2026-05-18T18:06:59.141073639Z,2026-05-18T18:06:59.140590177Z,1,1,42611781,T,B,0,56.500000000,1,0,14011,377859733,56.000000000,56.500000000,106,39,9,3,ESM6 C7550
2026-05-18T18:07:02.698721247Z,2026-05-18T18:07:02.652805629Z,1,1,42394825,T,A,0,0.800000000,50,0,17098,377908013,0.800000000,0.850000000,27,631,1,7,ESM6 C8100
2026-05-18T18:07:02.710643749Z,2026-05-18T18:07:02.698767835Z,1,1,42394825,T,A,0,0.800000000,43,0,12245,377908364,0.800000000,0.850000000,27,631,1,7,ESM6 C8100
2026-05-18T18:07:03.813866467Z,2026-05-18T18:07:03.801539301Z,1,1,42394812,T,A,0,23.500000000,5,0,13827,377919665,23.500000000,23.750000000,10,97,1,6,ESM6 P6800
2026-05-18T18:07:03.824013983Z,2026-05-18T18:07:03.802058485Z,1,1,42394812,T,A,0,23.500000000,4,0,14579,377919840,23.500000000,23.750000000,5,97,1,6,ESM6 P6800
2026-05-18T18:07:03.837529543Z,2026-05-18T18:07:03.803451275Z,1,1,42394812,T,A,0,23.500000000,1,0,11247,377920116,23.500000000,23.750000000,1,97,1,6,ESM6 P6800
2026-05-18T18:07:13.275156722Z,2026-05-18T18:07:13.274670329Z,1,1,42394825,T,A,0,0.800000000,100,0,14468,378031767,0.800000000,0.850000000,34,540,1,6,ESM6 C8100
2026-05-18T18:07:18.952271622Z,2026-05-18T18:07:18.698529257Z,1,1,2521173,T,A,0,-15.500000000,1,0,13270,153259011,-15.500000000,-14.900000000,1,156,1,3,UD:1V: 12 2521173
2026-05-18T18:07:27.845776030Z,2026-05-18T18:07:27.791394813Z,1,1,42366523,T,B,0,54.000000000,5,0,15081,378198969,53.500000000,54.000000000,99,113,4,7,ESM6 P7100
2026-05-18T18:07:28.499966935Z,2026-05-18T18:07:28.376040173Z,1,1,42899801,T,A,0,122.500000000,3,0,16598,378209191,122.500000000,123.000000000,3,87,1,6,ESM6 P7375
2026-05-18T18:07:32.866357734Z,2026-05-18T18:07:32.865837073Z,1,1,42394825,T,A,0,0.800000000,100,0,14309,378267490,0.800000000,0.850000000,34,515,1,5,ESM6 C8100
2026-05-18T18:07:39.126861947Z,2026-05-18T18:07:38.913721283Z,1,1,42394825,T,A,0,0.800000000,34,0,13800,378340151,0.800000000,0.850000000,34,632,1,7,ESM6 C8100
2026-05-18T18:07:45.630583515Z,2026-05-18T18:07:45.262507567Z,1,1,2907534,T,A,0,4.000000000,6,0,14114,153417884,4.000000000,4.150000000,6,1357,1,9,UD:1V: VT 2907534
2026-05-18T18:07:49.083396797Z,2026-05-18T18:07:49.001701551Z,1,1,2907534,T,A,0,4.000000000,6,0,14277,153434063,4.000000000,4.100000000,6,1127,1,8,UD:1V: VT 2907534
2026-05-18T18:07:49.414129943Z,2026-05-18T18:07:49.091964237Z,1,1,42645052,T,B,0,53.000000000,10,0,12892,378456659,52.750000000,53.000000000,33,10,1,1,ESU6 C8050
2026-05-18T18:07:49.799704691Z,2026-05-18T18:07:49.695338535Z,1,1,42396832,T,B,0,97.750000000,5,0,14861,378464357,97.500000000,97.750000000,18,5,3,1,ESU6 P6650
2026-05-18T18:07:51.720912777Z,2026-05-18T18:07:51.686000527Z,1,1,42510079,T,A,0,159.500000000,2,0,16979,378488931,159.500000000,160.000000000,2,28,1,5,ESM6 C7350
2026-05-18T18:08:13.941728427Z,2026-05-18T18:08:13.797877451Z,1,1,2521049,T,B,0,17.200000000,1,0,19735,153570508,17.000000000,17.200000000,413,229,5,1,UD:1V: VT 2521049
2026-05-18T18:08:15.817424425Z,2026-05-18T18:08:15.681855345Z,1,1,42377432,T,B,0,59.000000000,21,0,14982,378779720,58.500000000,59.000000000,269,21,7,1,ESU6 P6200
2026-05-18T18:08:21.592455224Z,2026-05-18T18:08:21.581997601Z,1,1,42409648,T,B,0,715.500000000,1,0,13826,378850461,710.500000000,715.500000000,1,1,1,1,ESM6 C6700
2026-05-18T18:08:24.528502166Z,2026-05-18T18:08:24.527905831Z,1,1,2672220,T,B,0,15.800000000,1,0,13753,153628805,15.700000000,15.800000000,195,232,3,1,UD:1V: VT 2672220
2026-05-18T18:08:33.175963667Z,2026-05-18T18:08:33.128561955Z,1,1,42446245,T,B,0,46.250000000,2,0,11705,378962733,46.000000000,46.250000000,132,2,8,1,ESM6 P7050
2026-05-18T18:08:35.644740334Z,2026-05-18T18:08:35.644185427Z,1,1,2521049,T,B,0,17.300000000,1,0,15341,153683875,17.100000000,17.300000000,640,221,7,1,UD:1V: VT 2521049
2026-05-18T18:08:37.027507129Z,2026-05-18T18:08:37.026932129Z,1,1,2521049,T,B,0,17.300000000,1,0,16392,153691101,17.100000000,17.300000000,738,191,8,1,UD:1V: VT 2521049
2026-05-18T18:08:47.761910535Z,2026-05-18T18:08:47.563255009Z,1,1,42404370,T,A,0,9.700000000,6,0,11433,379116306,9.700000000,9.900000000,6,229,1,6,ESM6 P6400
2026-05-18T18:09:21.162247142Z,2026-05-18T18:09:21.117984027Z,1,1,42611781,T,A,0,57.250000000,5,0,11477,379457020,57.250000000,57.500000000,5,119,1,9,ESM6 C7550
2026-05-18T18:09:34.725901475Z,2026-05-18T18:09:34.698554795Z,1,1,42394812,T,B,0,23.250000000,10,0,17812,379570470,23.000000000,23.250000000,307,10,10,1,ESM6 P6800
2026-05-18T18:09:56.885912020Z,2026-05-18T18:09:56.885383815Z,1,1,42366523,T,A,0,53.500000000,20,0,14111,379777098,53.500000000,53.750000000,75,12,3,3,ESM6 P7100
2026-05-18T18:10:11.763809580Z,2026-05-18T18:10:11.429663007Z,1,1,42372981,T,A,0,1.450000000,1,0,16793,379935933,1.450000000,1.500000000,1,375,1,5,ESM6 C8000
2026-05-18T18:10:14.398997043Z,2026-05-18T18:10:14.389716397Z,1,1,42366523,T,A,0,53.750000000,12,0,15869,379981271,53.750000000,54.000000000,12,2,3,1,ESM6 P7100
2026-05-18T18:10:14.398997043Z,2026-05-18T18:10:14.389716397Z,1,1,42366523,T,A,0,53.500000000,8,0,15869,379981271,53.750000000,54.000000000,12,2,3,1,ESM6 P7100
2026-05-18T18:10:15.449892715Z,2026-05-18T18:10:15.279990299Z,1,1,42378393,T,B,0,325.000000000,3,0,12946,379999825,324.000000000,325.000000000,5,5,1,1,ESM6 P7700
2026-05-18T18:10:15.453854366Z,2026-05-18T18:10:15.280073379Z,1,1,42378393,T,B,0,325.000000000,2,0,11884,379999894,324.000000000,325.000000000,5,2,1,1,ESM6 P7700
2026-05-18T18:10:15.719644537Z,2026-05-18T18:10:15.374499285Z,1,1,2525966,T,A,0,22.000000000,1,0,11289,154142705,22.000000000,22.500000000,1,53,1,5,UD:1V: GN 2525966
2026-05-18T18:10:23.290373443Z,2026-05-18T18:10:22.967177967Z,1,1,42429065,T,B,0,35.250000000,3,0,17526,380125449,35.000000000,35.250000000,141,3,5,1,ESM6 P6950
2026-05-18T18:10:27.859664172Z,2026-05-18T18:10:27.824122311Z,1,1,42740173,T,B,0,107.500000000,5,0,16960,380175430,107.000000000,107.500000000,161,5,6,1,ESU6 P6725
2026-05-18T18:10:58.654849550Z,2026-05-18T18:10:58.580726235Z,1,1,42404370,T,A,0,9.700000000,6,0,11698,380566630,9.700000000,9.800000000,6,117,1,2,ESM6 P6400
2026-05-18T18:11:03.318145464Z,2026-05-18T18:11:03.279325457Z,1,1,42320751,T,A,0,83.500000000,2,0,13106,380650897,83.500000000,83.750000000,2,2,1,1,ESM6 P7250
2026-05-18T18:11:21.373436437Z,2026-05-18T18:11:21.372310057Z,1,1,42378393,T,B,0,323.000000000,5,0,15567,380820238,321.500000000,323.000000000,6,6,2,2,ESM6 P7700
2026-05-18T18:11:31.545704433Z,2026-05-18T18:11:31.427936051Z,1,1,42378346,T,A,0,76.500000000,4,0,15519,380911301,76.500000000,77.000000000,13,55,3,7,ESM6 C7500
2026-05-18T18:11:45.466408343Z,2026-05-18T18:11:45.451477677Z,1,1,42760624,T,A,0,28.250000000,6,0,17230,381042262,28.250000000,28.500000000,6,98,1,5,ESM6 P6875
2026-05-18T18:12:49.042634815Z,2026-05-18T18:12:48.451026155Z,1,1,42611781,T,A,0,56.500000000,1,0,15281,381699772,56.500000000,56.750000000,1,60,1,5,ESM6 C7550
2026-05-18T18:13:12.090516075Z,2026-05-18T18:13:12.014866101Z,1,1,42366523,T,A,0,53.750000000,5,0,16597,381952658,53.750000000,54.250000000,214,116,10,7,ESM6 P7100
2026-05-18T18:13:19.122962230Z,2026-05-18T18:13:19.084147105Z,1,1,2516615,T,A,0,-3.550000000,6,0,16407,155075614,-3.550000000,-3.400000000,6,14,1,1,UD:1V: GN 2516615
2026-05-18T18:13:19.193536588Z,2026-05-18T18:13:19.125323719Z,1,1,2516615,T,A,0,-3.550000000,17,0,26569,155076213,-3.550000000,-3.400000000,17,14,1,1,UD:1V: GN 2516615
2026-05-18T18:13:30.384121399Z,2026-05-18T18:13:30.383557359Z,1,1,42366523,T,A,0,53.750000000,5,0,17581,382112518,53.750000000,54.250000000,169,100,8,6,ESM6 P7100
2026-05-18T18:13:34.288748225Z,2026-05-18T18:13:34.231396243Z,1,1,2510939,T,B,0,23.000000000,6,0,14682,155147428,22.750000000,23.000000000,601,6,4,1,UD:1V: VT 2510939
2026-05-18T18:13:34.337008271Z,2026-05-18T18:13:34.265434189Z,1,1,42396832,T,B,0,98.500000000,5,0,12952,382158394,98.250000000,98.500000000,108,5,4,1,ESU6 P6650
2026-05-18T18:13:39.923817091Z,2026-05-18T18:13:39.920607759Z,1,1,42366511,T,B,0,40.250000000,3,0,16811,382206303,40.000000000,40.250000000,122,3,6,1,ESM6 C7600
2026-05-18T18:14:07.767857845Z,2026-05-18T18:14:07.749785955Z,1,1,2563474,T,B,0,11.500000000,143,0,16201,155278295,11.300000000,11.500000000,1160,143,5,2,UD:1V: VT 2563474
2026-05-18T18:14:07.809587507Z,2026-05-18T18:14:07.805028245Z,1,1,2516615,T,A,0,-3.550000000,3,0,14225,155279248,-3.550000000,-3.300000000,3,13,1,1,UD:1V: GN 2516615
2026-05-18T18:14:07.836906283Z,2026-05-18T18:14:07.836357305Z,1,1,2516615,T,B,0,-3.550000000,2,0,13698,155279526,-3.650000000,-3.550000000,17,14,1,1,UD:1V: GN 2516615
2026-05-18T18:14:10.426519909Z,2026-05-18T18:14:10.319660603Z,1,1,42384725,T,A,0,126.000000000,1,0,13985,382451377,126.000000000,126.500000000,1,46,1,8,ESM6 C7400
2026-05-18T18:14:11.282207956Z,2026-05-18T18:14:11.163173863Z,1,1,2563474,T,B,0,11.500000000,6,0,15170,155297097,11.400000000,11.500000000,6,6,1,1,UD:1V: VT 2563474
2026-05-18T18:14:29.924968339Z,2026-05-18T18:14:29.880427147Z,1,1,42378346,T,A,0,75.000000000,5,0,13044,382632377,75.000000000,75.250000000,5,43,1,6,ESM6 C7500
2026-05-18T18:14:37.312576731Z,2026-05-18T18:14:37.293177125Z,1,1,42394761,T,A,0,7.500000000,33,0,15862,382711933,7.500000000,7.600000000,33,9,2,2,ESM6 P6250
2026-05-18T18:14:53.783163707Z,2026-05-18T18:14:53.782662497Z,1,1,42899801,T,A,0,124.500000000,3,0,13685,382850182,124.500000000,125.000000000,3,67,1,7,ESM6 P7375
2026-05-18T18:14:56.951102681Z,2026-05-18T18:14:56.943605719Z,1,1,42760626,T,B,0,33.250000000,9,0,17034,382904402,33.000000000,33.250000000,43,9,3,2,ESM6 P6925
2026-05-18T18:15:02.169767409Z,2026-05-18T18:15:01.996143051Z,1,1,42384725,T,A,0,125.000000000,1,0,15191,382950377,125.000000000,125.500000000,1,14,1,4,ESM6 C7400
2026-05-18T18:15:02.232332409Z,2026-05-18T18:15:01.996531063Z,1,1,42883555,T,A,0,1.700000000,1,0,11373,382951252,1.700000000,1.750000000,1,278,1,3,ESM6 C7975
2026-05-18T18:15:03.062715729Z,2026-05-18T18:15:02.682698871Z,1,1,2501126,T,A,0,30.250000000,6,0,13462,155539651,30.250000000,30.500000000,6,1629,1,6,UD:1V: VT 2501126
2026-05-18T18:15:05.520553643Z,2026-05-18T18:15:04.968921157Z,1,1,42429372,T,A,0,150.000000000,3,0,13609,383013727,150.000000000,150.500000000,3,24,1,2,ESU6 C7700
2026-05-18T18:15:12.651898047Z,2026-05-18T18:15:12.444991587Z,1,1,42902242,T,B,0,172.000000000,1,0,13916,383124722,171.500000000,172.000000000,2,1,1,1,ESM6 P7475
2026-05-18T18:15:16.395796099Z,2026-05-18T18:15:16.375672639Z,1,1,42366513,T,A,0,136.000000000,1,0,13918,383182799,136.000000000,137.000000000,8,60,2,7,ESM6 P7400
2026-05-18T18:15:29.511656447Z,2026-05-18T18:15:29.489703001Z,1,1,42378346,T,B,0,74.250000000,2,0,16074,383333160,74.000000000,74.250000000,33,2,3,1,ESM6 C7500
2026-05-18T18:15:29.526213841Z,2026-05-18T18:15:29.489703193Z,1,1,42611781,T,B,0,55.000000000,1,0,14398,383333400,54.750000000,55.000000000,25,1,1,1,ESM6 C7550
2026-05-18T18:15:34.793558319Z,2026-05-18T18:15:34.676964491Z,1,1,42378346,T,B,0,74.250000000,2,0,16082,383389894,73.750000000,74.250000000,75,2,8,1,ESM6 C7500
2026-05-18T18:15:34.837825054Z,2026-05-18T18:15:34.700293175Z,1,1,42611781,T,B,0,55.000000000,7,0,16218,383390632,54.500000000,55.000000000,81,7,8,2,ESM6 C7550
2026-05-18T18:15:37.324465428Z,2026-05-18T18:15:37.323946995Z,1,1,42366523,T,A,0,55.000000000,2,0,15969,383411278,55.000000000,55.500000000,39,86,3,6,ESM6 P7100
2026-05-18T18:15:46.220428777Z,2026-05-18T18:15:46.051929453Z,1,1,42378346,T,B,0,74.250000000,2,0,16995,383480169,74.000000000,74.250000000,21,2,1,1,ESM6 C7500
2026-05-18T18:15:49.666702691Z,2026-05-18T18:15:48.919267777Z,1,1,2549802,T,A,0,14.000000000,6,0,16153,155814397,14.000000000,14.200000000,6,675,1,5,UD:1V: VT 2549802
2026-05-18T18:15:57.126097195Z,2026-05-18T18:15:57.125549303Z,1,1,42366523,T,A,0,54.500000000,2,0,16481,383639708,54.500000000,55.000000000,164,36,8,5,ESM6 P7100
2026-05-18T18:15:57.466476470Z,2026-05-18T18:15:57.267958843Z,1,1,2501126,T,A,0,30.250000000,6,0,13069,155869612,30.250000000,30.500000000,6,2144,1,10,UD:1V: VT 2501126
2026-05-18T18:16:01.440323062Z,2026-05-18T18:16:01.433290911Z,1,1,2501126,T,A,0,30.250000000,6,0,14014,155897324,30.250000000,30.500000000,6,2144,1,10,UD:1V: VT 2501126
2026-05-18T18:16:03.191159364Z,2026-05-18T18:16:03.170975121Z,1,1,42384725,T,B,0,125.000000000,1,0,13174,383720915,124.500000000,125.000000000,12,22,2,4,ESM6 C7400
2026-05-18T18:16:05.953339587Z,2026-05-18T18:16:05.861729877Z,1,1,2501126,T,A,0,30.250000000,6,0,12473,155920669,30.250000000,30.500000000,6,2144,1,10,UD:1V: VT 2501126
2026-05-18T18:16:17.833578488Z,2026-05-18T18:16:17.796331347Z,1,1,2501126,T,A,0,30.250000000,6,0,14122,155987348,30.250000000,30.500000000,6,2144,1,10,UD:1V: VT 2501126
2026-05-18T18:16:21.207820785Z,2026-05-18T18:16:20.438983861Z,1,1,42366513,T,B,0,136.500000000,1,0,11791,383941832,136.000000000,136.500000000,6,1,1,1,ESM6 P7400
2026-05-18T18:16:25.595151660Z,2026-05-18T18:16:24.578843915Z,1,1,2510939,T,B,0,23.250000000,6,0,10485,156054582,23.000000000,23.250000000,727,6,5,1,UD:1V: VT 2510939
2026-05-18T18:16:26.274972828Z,2026-05-18T18:16:25.431856005Z,1,1,2526660,T,A,0,1.200000000,1,0,19452,156061310,1.200000000,1.700000000,26,25,1,1,UD:1V: GN 2526660
2026-05-18T18:16:45.922847918Z,2026-05-18T18:16:45.718311557Z,1,1,2522959,T,A,0,30.250000000,6,0,15921,156189602,30.250000000,30.500000000,6,765,1,7,UD:1V: VT 2522959
2026-05-18T18:16:45.983185353Z,2026-05-18T18:16:45.812496679Z,1,1,42366523,T,A,0,55.750000000,2,0,13552,384292743,55.750000000,56.000000000,3,29,1,1,ESM6 P7100
2026-05-18T18:16:46.018097414Z,2026-05-18T18:16:45.891649079Z,1,1,2506183,T,A,0,46.500000000,6,0,14702,156190458,46.500000000,46.750000000,6,625,1,6,UD:1V: VT 2506183
2026-05-18T18:16:47.458516372Z,2026-05-18T18:16:47.457985451Z,1,1,42899801,T,A,0,127.000000000,3,0,12965,384318394,127.000000000,127.500000000,3,30,1,4,ESM6 P7375
2026-05-18T18:16:51.223608188Z,2026-05-18T18:16:51.223088391Z,1,1,42378374,T,A,0,74.750000000,1,0,14542,384348662,74.750000000,75.000000000,1,57,1,7,ESM6 P7200
2026-05-18T18:17:03.481535776Z,2026-05-18T18:17:02.342432447Z,1,1,42366523,T,A,0,55.500000000,2,0,13817,384530768,55.500000000,56.000000000,94,31,5,2,ESM6 P7100
2026-05-18T18:17:24.882309192Z,2026-05-18T18:17:24.881276113Z,1,1,2667936,T,B,0,13.900000000,6,0,14193,156422917,13.700000000,13.900000000,906,6,6,1,UD:1V: VT 2667936
2026-05-18T18:17:25.147296670Z,2026-05-18T18:17:25.077072339Z,1,1,42378346,T,B,0,73.000000000,2,0,15694,384775921,72.750000000,73.000000000,32,2,3,1,ESM6 C7500
2026-05-18T18:17:37.777778987Z,2026-05-18T18:17:37.276289043Z,1,1,42394770,T,A,0,11.000000000,112,0,16970,384976242,11.000000000,11.200000000,112,238,1,7,ESM6 P6450
2026-05-18T18:17:46.078693910Z,2026-05-18T18:17:45.740423031Z,1,1,42378346,T,B,0,73.500000000,2,0,18140,385085245,73.250000000,73.500000000,21,2,1,1,ESM6 C7500
2026-05-18T18:17:58.036733982Z,2026-05-18T18:17:58.036228275Z,1,1,42627610,T,A,0,27.000000000,10,0,15453,385216586,27.000000000,27.500000000,32,160,1,7,ESM6 C7650
2026-05-18T18:18:23.712296206Z,2026-05-18T18:18:23.587594873Z,1,1,2506183,T,A,0,46.500000000,6,0,12013,156730822,46.500000000,46.750000000,6,850,1,8,UD:1V: VT 2506183
2026-05-18T18:18:31.990749548Z,2026-05-18T18:18:31.990233125Z,1,1,42378374,T,B,0,75.000000000,1,0,14549,385532489,74.750000000,75.000000000,76,1,7,1,ESM6 P7200
2026-05-18T18:18:39.238507968Z,2026-05-18T18:18:39.055435075Z,1,1,42378618,T,B,0,31.750000000,1,0,17229,385612398,31.500000000,31.750000000,11,11,2,3,ESM6 P6900
2026-05-18T18:18:54.322666435Z,2026-05-18T18:18:54.303678389Z,1,1,42378346,T,B,0,73.000000000,2,0,13970,385796249,72.750000000,73.000000000,40,2,5,1,ESM6 C7500
2026-05-18T18:19:00.085896281Z,2026-05-18T18:19:00.024571745Z,1,1,42378618,T,B,0,32.000000000,3,0,11406,385851365,31.750000000,32.000000000,106,3,6,1,ESM6 P6900
2026-05-18T18:19:01.350472102Z,2026-05-18T18:19:01.008222809Z,1,1,141298,T,B,0,5.400000000,1,0,13393,385873497,5.300000000,5.400000000,207,1,3,1,ESZ6 P2500
2026-05-18T18:19:01.425391227Z,2026-05-18T18:19:01.012406063Z,1,1,42366523,T,B,0,56.500000000,2,0,15675,385874198,56.250000000,56.500000000,124,2,6,1,ESM6 P7100
2026-05-18T18:19:02.306031808Z,2026-05-18T18:19:01.142963915Z,1,1,42384725,T,A,0,122.000000000,1,0,13684,385883269,122.000000000,122.500000000,1,15,1,3,ESM6 C7400
2026-05-18T18:19:13.181726057Z,2026-05-18T18:19:13.109542627Z,1,1,2526528,T,B,0,48.500000000,20,0,17819,157010328,48.250000000,48.500000000,583,20,3,1,UD:1V: VT 2526528
2026-05-18T18:19:13.652517966Z,2026-05-18T18:19:13.652194977Z,1,1,559948,T,B,0,6.000000000,1,0,12966,386053118,5.900000000,6.000000000,209,1,3,1,ESZ6 P2600
2026-05-18T18:19:18.628932358Z,2026-05-18T18:19:18.615373885Z,1,1,42611781,T,B,0,53.750000000,2,0,13044,386108934,53.500000000,53.750000000,36,2,3,1,ESM6 C7550
2026-05-18T18:19:20.821259361Z,2026-05-18T18:19:20.692040457Z,1,1,42404370,T,A,0,10.100000000,6,0,12555,386141031,10.100000000,10.300000000,6,199,1,5,ESM6 P6400
2026-05-18T18:19:21.229064979Z,2026-05-18T18:19:21.228781069Z,1,1,42611781,T,A,0,53.750000000,50,0,14173,386148681,53.750000000,54.000000000,50,47,1,5,ESM6 C7550
2026-05-18T18:19:24.645198199Z,2026-05-18T18:19:24.644549905Z,1,1,42611781,T,A,0,53.750000000,15,0,13297,386191913,53.750000000,54.000000000,50,69,1,6,ESM6 C7550
2026-05-18T18:19:24.645610843Z,2026-05-18T18:19:24.644571829Z,1,1,42611781,T,A,0,53.750000000,2,0,13720,386191919,53.750000000,54.000000000,35,69,1,6,ESM6 C7550
2026-05-18T18:19:24.646257485Z,2026-05-18T18:19:24.645095161Z,1,1,42611781,T,A,0,53.750000000,2,0,13998,386191932,53.750000000,54.000000000,33,69,1,6,ESM6 C7550
2026-05-18T18:19:30.223371324Z,2026-05-18T18:19:30.063699365Z,1,1,42384731,T,B,0,102.500000000,4,0,11278,386249346,102.000000000,102.500000000,46,4,4,2,ESM6 P7300
2026-05-18T18:19:37.476465777Z,2026-05-18T18:19:37.475911137Z,1,1,2506183,T,A,0,46.250000000,3,0,16405,157134925,46.250000000,46.500000000,6,970,1,9,UD:1V: VT 2506183
2026-05-18T18:19:40.380131443Z,2026-05-18T18:19:40.379658397Z,1,1,42394754,T,A,0,7.100000000,1,0,14004,386370931,7.100000000,7.300000000,43,287,3,6,ESM6 P6200
2026-05-18T18:19:41.185505305Z,2026-05-18T18:19:40.954184693Z,1,1,42611781,T,A,0,53.250000000,31,0,14265,386379409,53.250000000,53.500000000,50,75,1,8,ESM6 C7550
2026-05-18T18:19:41.405997710Z,2026-05-18T18:19:41.001124641Z,1,1,42611781,T,A,0,53.250000000,19,0,13553,386383293,53.250000000,53.500000000,19,39,1,5,ESM6 C7550
2026-05-18T18:19:56.381681926Z,2026-05-18T18:19:56.166699955Z,1,1,42404370,T,A,0,10.100000000,14,0,11741,386592546,10.100000000,10.300000000,14,208,2,6,ESM6 P6400
2026-05-18T18:19:56.392926185Z,2026-05-18T18:19:56.166702057Z,1,1,42804680,T,A,0,10.600000000,6,0,11706,386592802,10.600000000,10.800000000,6,141,1,4,ESM6 P6425
2026-05-18T18:20:03.879042641Z,2026-05-18T18:20:03.099280839Z,1,1,42384731,T,B,0,102.500000000,1,0,16858,386705301,102.000000000,102.500000000,38,1,5,1,ESM6 P7300
2026-05-18T18:20:06.860411068Z,2026-05-18T18:20:05.526162623Z,1,1,42611781,T,A,0,53.500000000,2,0,15481,386753267,53.500000000,53.750000000,50,47,1,6,ESM6 C7550
2026-05-18T18:20:06.955328379Z,2026-05-18T18:20:05.678969603Z,1,1,42611781,T,A,0,53.500000000,26,0,16399,386754859,53.500000000,53.750000000,48,52,1,6,ESM6 C7550
2026-05-18T18:20:06.995414646Z,2026-05-18T18:20:05.683747855Z,1,1,42611781,T,A,0,53.500000000,8,0,16348,386755697,53.500000000,53.750000000,22,26,1,5,ESM6 C7550
2026-05-18T18:20:07.832170366Z,2026-05-18T18:20:06.471183483Z,1,1,42611781,T,A,0,53.500000000,14,0,13756,386769375,53.500000000,53.750000000,14,65,1,4,ESM6 C7550
2026-05-18T18:20:12.196938151Z,2026-05-18T18:20:12.123856069Z,1,1,42804680,T,A,0,10.700000000,6,0,16994,386841221,10.700000000,10.900000000,6,193,1,5,ESM6 P6425
2026-05-18T18:20:12.196967980Z,2026-05-18T18:20:12.123856251Z,1,1,42404370,T,A,0,10.200000000,6,0,14786,386841222,10.200000000,10.400000000,6,238,1,7,ESM6 P6400
2026-05-18T18:20:32.781329964Z,2026-05-18T18:20:32.769644921Z,1,1,2526843,T,A,0,19.500000000,1,0,14611,157493912,19.500000000,19.800000000,187,130,4,3,UD:1V: IC 2526843
2026-05-18T18:21:00.531401849Z,2026-05-18T18:21:00.406763011Z,1,1,2501126,T,A,0,30.000000000,6,0,13374,157648474,30.000000000,30.250000000,6,2144,1,9,UD:1V: VT 2501126
2026-05-18T18:21:00.831061135Z,2026-05-18T18:21:00.423875663Z,1,1,42492553,T,B,0,90.000000000,7,0,12715,387440543,89.500000000,90.000000000,48,7,2,1,ESZ6 P5950
2026-05-18T18:21:02.826724158Z,2026-05-18T18:21:02.812026829Z,1,1,42378346,T,B,0,72.250000000,2,0,16282,387474974,71.750000000,72.250000000,103,2,8,1,ESM6 C7500
2026-05-18T18:21:03.894476236Z,2026-05-18T18:21:03.836391395Z,1,1,2526831,T,A,0,0.050000000,55,0,13543,157675748,0.050000000,0.100000000,55,2607,1,1,UD:1V: BO 2526831
2026-05-18T18:21:15.276240692Z,2026-05-18T18:21:15.152726821Z,1,1,2673196,T,B,0,-52.750000000,2,0,16564,157747837,-53.250000000,-52.750000000,38,2,4,1,UD:1V: GN 2673196
2026-05-18T18:21:17.291153539Z,2026-05-18T18:21:17.133135809Z,1,1,42366523,T,A,0,57.000000000,5,0,12921,387675043,57.000000000,57.250000000,5,129,1,7,ESM6 P7100
2026-05-18T18:21:59.582821887Z,2026-05-18T18:21:59.484587825Z,1,1,42429372,T,B,0,148.500000000,21,0,12780,388183255,148.000000000,148.500000000,131,21,6,1,ESU6 C7700
2026-05-18T18:22:50.418751833Z,2026-05-18T18:22:50.396914853Z,1,1,42404374,T,B,0,42.750000000,5,0,17174,388847612,42.250000000,42.750000000,243,5,10,2,ESM6 P7000
2026-05-18T18:22:50.418751833Z,2026-05-18T18:22:50.396914853Z,1,1,42404374,T,B,0,43.000000000,5,0,17174,388847612,42.250000000,42.750000000,243,5,10,2,ESM6 P7000
2026-05-18T18:22:58.543525247Z,2026-05-18T18:22:58.393587327Z,1,1,42378346,T,B,0,72.250000000,4,0,14785,388925691,72.000000000,72.250000000,46,4,2,3,ESM6 C7500
2026-05-18T18:23:06.118958990Z,2026-05-18T18:23:06.118575941Z,1,1,42572477,T,B,0,11.800000000,1,0,13208,389016247,11.700000000,11.800000000,214,1,7,1,ESM6 C7750
2026-05-18T18:23:07.749871543Z,2026-05-18T18:23:07.743961083Z,1,1,42378346,T,A,0,72.250000000,1,0,16404,389031090,72.250000000,72.500000000,1,57,1,5,ESM6 C7500
2026-05-18T18:23:17.460769697Z,2026-05-18T18:23:17.453888753Z,1,1,42627610,T,B,0,26.750000000,2,0,15884,389136552,26.500000000,26.750000000,162,2,7,1,ESM6 C7650
2026-05-18T18:23:19.690240035Z,2026-05-18T18:23:19.689362341Z,1,1,42416106,T,B,0,95.500000000,1,0,13050,389172231,95.250000000,95.500000000,24,2,4,1,ESM6 C7450
2026-05-18T18:23:23.896146922Z,2026-05-18T18:23:23.328670469Z,1,1,42378346,T,A,0,72.500000000,25,0,12604,389237411,72.500000000,72.750000000,37,9,3,2,ESM6 C7500
2026-05-18T18:23:24.227843719Z,2026-05-18T18:23:23.678843913Z,1,1,42377432,T,B,0,60.500000000,20,0,16458,389242092,60.000000000,60.500000000,353,20,7,1,ESU6 P6200
2026-05-18T18:23:28.973379382Z,2026-05-18T18:23:28.963762557Z,1,1,42378346,T,A,0,72.250000000,25,0,14169,389316346,72.250000000,72.500000000,25,69,1,6,ESM6 C7500
2026-05-18T18:23:29.156964876Z,2026-05-18T18:23:29.113025643Z,1,1,42853804,T,A,0,18.100000000,1,0,14599,389319806,18.100000000,18.400000000,49,136,4,6,ESM6 P6675
2026-05-18T18:23:37.061506620Z,2026-05-18T18:23:37.060978543Z,1,1,42378346,T,A,0,72.250000000,25,0,14122,389418425,72.250000000,72.500000000,25,34,1,4,ESM6 C7500
2026-05-18T18:23:46.345251931Z,2026-05-18T18:23:46.333156581Z,1,1,42378346,T,A,0,72.250000000,25,0,12991,389529538,72.250000000,72.500000000,25,158,1,7,ESM6 C7500
2026-05-18T18:23:51.072999070Z,2026-05-18T18:23:50.877574061Z,1,1,2501126,T,A,0,30.000000000,6,0,16212,158659177,30.000000000,30.250000000,6,1951,1,8,UD:1V: VT 2501126
2026-05-18T18:23:57.767264560Z,2026-05-18T18:23:57.756632759Z,1,1,2666428,T,B,0,51.500000000,58,0,15992,158690989,51.250000000,51.500000000,86,58,3,1,UD:1V: VT 2666428
2026-05-18T18:24:02.873799623Z,2026-05-18T18:24:02.872083057Z,1,1,42404366,T,B,0,7.700000000,30,0,15491,389705743,7.400000000,7.700000000,166,206,5,6,ESM6 C7800
2026-05-18T18:24:16.197462576Z,2026-05-18T18:24:16.181542177Z,1,1,42378346,T,A,0,72.500000000,1,0,13596,389873583,72.500000000,73.000000000,14,50,4,7,ESM6 C7500
2026-05-18T18:24:17.212103235Z,2026-05-18T18:24:16.980731335Z,1,1,2654298,T,A,0,13.100000000,6,0,13483,158805058,13.100000000,13.200000000,6,503,1,5,UD:1V: VT 2654298
2026-05-18T18:24:27.621484615Z,2026-05-18T18:24:27.620871579Z,1,1,2527003,T,B,0,5.300000000,1,0,14438,158876547,5.000000000,5.300000000,497,82,2,2,UD:1V: GN 2527003
2026-05-18T18:24:32.228047812Z,2026-05-18T18:24:32.130599831Z,1,1,42439354,T,B,0,127.000000000,5,0,17937,390071253,126.500000000,127.000000000,144,5,6,1,ESU6 P6850
2026-05-18T18:24:48.266672939Z,2026-05-18T18:24:47.954305619Z,1,1,42394812,T,B,0,24.750000000,1,0,14241,390240893,24.500000000,24.750000000,284,1,9,1,ESM6 P6800
2026-05-18T18:24:51.226834000Z,2026-05-18T18:24:51.226208871Z,1,1,2514902,T,A,0,-89.000000000,1,0,17137,158994730,-89.000000000,-88.750000000,10,1,1,1,UD:1V: GN 2514902
2026-05-18T18:25:01.506875219Z,2026-05-18T18:25:01.491270073Z,1,1,42409657,T,A,0,2.900000000,1,0,12436,390387084,2.900000000,3.000000000,1,639,1,8,ESM6 P5600
2026-05-18T18:25:05.816781489Z,2026-05-18T18:25:05.569290761Z,1,1,2501126,T,A,0,30.000000000,6,0,15616,159062073,30.000000000,30.250000000,6,1786,1,7,UD:1V: VT 2501126
2026-05-18T18:25:09.247192131Z,2026-05-18T18:25:09.064993597Z,1,1,2501126,T,A,0,30.000000000,6,0,12958,159091665,30.000000000,30.250000000,6,2063,1,9,UD:1V: VT 2501126
2026-05-18T18:25:12.917247753Z,2026-05-18T18:25:12.909181223Z,1,1,2501126,T,A,0,30.000000000,6,0,13333,159114935,30.000000000,30.250000000,6,2038,1,9,UD:1V: VT 2501126
2026-05-18T18:25:52.689970524Z,2026-05-18T18:25:52.561077857Z,1,1,42404374,T,B,0,43.000000000,2,0,15564,391050874,42.750000000,43.000000000,118,2,8,1,ESM6 P7000
2026-05-18T18:25:53.005586654Z,2026-05-18T18:25:52.729111119Z,1,1,2501126,T,A,0,30.000000000,6,0,14365,159351544,30.000000000,30.250000000,6,1884,1,8,UD:1V: VT 2501126
2026-05-18T18:25:56.323383161Z,2026-05-18T18:25:56.322564463Z,1,1,2501126,T,A,0,30.000000000,6,0,13360,159379235,30.000000000,30.250000000,6,2062,1,9,UD:1V: VT 2501126
2026-05-18T18:25:59.344722739Z,2026-05-18T18:25:59.343995937Z,1,1,42883555,T,A,0,1.600000000,1,0,15371,391138406,1.600000000,1.700000000,1,455,1,7,ESM6 C7975
2026-05-18T18:25:59.572098449Z,2026-05-18T18:25:59.571552977Z,1,1,2501126,T,A,0,30.000000000,6,0,13931,159391391,30.000000000,30.250000000,6,2024,1,9,UD:1V: VT 2501126
2026-05-18T18:26:01.592930206Z,2026-05-18T18:26:01.055684949Z,1,1,2523192,T,B,0,235.000000000,1,0,12092,159407526,233.500000000,235.000000000,14,1,2,1,UD:1V: SG 2523192
2026-05-18T18:26:10.844660063Z,2026-05-18T18:26:10.685732623Z,1,1,2500887,T,A,0,-11.100000000,2,0,14559,159485706,-11.100000000,-10.900000000,2,91,1,2,UD:1V: GN 2500887
2026-05-18T18:26:13.144438679Z,2026-05-18T18:26:13.143840889Z,1,1,2523130,T,B,0,46.500000000,6,0,14885,159497581,46.250000000,46.500000000,328,6,5,1,UD:1V: VT 2523130
2026-05-18T18:26:13.715003287Z,2026-05-18T18:26:13.586715021Z,1,1,42378374,T,A,0,76.750000000,1,0,14877,391369708,76.750000000,77.000000000,1,30,1,3,ESM6 P7200
2026-05-18T18:26:13.802744415Z,2026-05-18T18:26:13.588641213Z,1,1,42378346,T,B,0,72.250000000,2,0,17085,391371111,72.000000000,72.250000000,22,2,1,1,ESM6 C7500
2026-05-18T18:26:16.198377440Z,2026-05-18T18:26:16.114046431Z,1,1,42378346,T,B,0,72.250000000,2,0,17835,391400712,72.000000000,72.250000000,75,2,2,1,ESM6 C7500
2026-05-18T18:26:27.143085910Z,2026-05-18T18:26:27.069785235Z,1,1,42378346,T,B,0,72.250000000,2,0,17214,391520332,72.000000000,72.250000000,22,2,1,1,ESM6 C7500
2026-05-18T18:26:28.727629943Z,2026-05-18T18:26:28.647764473Z,1,1,2525374,T,A,0,4.800000000,1,0,13602,159585222,4.800000000,5.200000000,1,76,1,3,UD:1V: GN 2525374
2026-05-18T18:26:56.140757374Z,2026-05-18T18:26:56.140306993Z,1,1,2527200,T,B,0,1.900000000,2,0,15673,159727777,1.850000000,1.900000000,1621,2,6,1,UD:1V: VT 2527200
2026-05-18T18:26:59.072714795Z,2026-05-18T18:26:58.683526307Z,1,1,2527185,T,B,0,26.250000000,1,0,14751,159745298,26.000000000,26.250000000,572,1,7,1,UD:1V: VT 2527185
2026-05-18T18:27:05.044873745Z,2026-05-18T18:27:04.349905277Z,1,1,42853785,T,B,0,2.300000000,3,0,13826,391988694,2.200000000,2.300000000,314,3,5,1,ESM6 P5425
2026-05-18T18:27:05.332263274Z,2026-05-18T18:27:04.440259923Z,1,1,42366523,T,B,0,57.750000000,2,0,14756,391992987,57.500000000,57.750000000,28,2,1,1,ESM6 P7100
2026-05-18T18:27:13.875154771Z,2026-05-18T18:27:13.172963991Z,1,1,2563474,T,B,0,11.800000000,6,0,13259,159852636,11.600000000,11.800000000,1021,6,5,1,UD:1V: VT 2563474
2026-05-18T18:27:14.413816035Z,2026-05-18T18:27:13.466538031Z,1,1,2563474,T,B,0,11.800000000,6,0,14110,159856731,11.600000000,11.800000000,1161,112,6,1,UD:1V: VT 2563474
2026-05-18T18:27:15.919768399Z,2026-05-18T18:27:14.941872369Z,1,1,42378618,T,B,0,33.000000000,2,0,18370,392143428,32.750000000,33.000000000,5,2,1,1,ESM6 P6900
2026-05-18T18:27:17.122915298Z,2026-05-18T18:27:15.228305429Z,1,1,2666428,T,A,0,51.000000000,6,0,14945,159876167,51.000000000,51.750000000,188,127,1,1,UD:1V: VT 2666428
2026-05-18T18:27:17.242669489Z,2026-05-18T18:27:15.375921207Z,1,1,2502706,T,B,0,27.500000000,3,0,13614,159876998,23.500000000,27.500000000,3,3,1,1,UD:1V: RR 2502706
2026-05-18T18:27:21.062441267Z,2026-05-18T18:27:19.903065969Z,1,1,42611781,T,A,0,52.000000000,8,0,11203,392227451,52.000000000,52.250000000,25,26,1,1,ESM6 C7550
2026-05-18T18:27:21.119456137Z,2026-05-18T18:27:19.912420223Z,1,1,42366513,T,B,0,142.000000000,2,0,14237,392228388,141.500000000,142.000000000,12,2,3,1,ESM6 P7400
2026-05-18T18:27:26.665969435Z,2026-05-18T18:27:25.722731389Z,1,1,42404374,T,B,0,43.750000000,2,0,15449,392321914,43.250000000,43.750000000,202,2,7,1,ESM6 P7000
2026-05-18T18:27:28.115662464Z,2026-05-18T18:27:27.659496165Z,1,1,2598103,T,A,0,0.150000000,5,0,18604,159973283,0.150000000,0.350000000,5,23,1,2,UD:1V: 13 2598103
2026-05-18T18:27:40.870179646Z,2026-05-18T18:27:40.520669791Z,1,1,2513635,T,A,0,52.250000000,5,0,11373,160067881,52.250000000,53.500000000,5,32,1,1,UD:1V: SG 2513635
2026-05-18T18:27:45.788326110Z,2026-05-18T18:27:45.034889799Z,1,1,2654298,T,A,0,13.300000000,6,0,13502,160108440,13.300000000,13.400000000,6,245,1,4,UD:1V: VT 2654298
2026-05-18T18:27:54.051072974Z,2026-05-18T18:27:54.050254911Z,1,1,2563474,T,B,0,11.800000000,6,0,15251,160162698,11.700000000,11.800000000,239,6,3,1,UD:1V: VT 2563474
2026-05-18T18:28:07.562979187Z,2026-05-18T18:28:06.908965717Z,1,1,2596451,T,A,0,6.200000000,6,0,17468,160256756,6.200000000,6.300000000,879,6,2,1,UD:1V: VT 2596451
2026-05-18T18:28:09.537682548Z,2026-05-18T18:28:09.168729077Z,1,1,2502706,T,A,0,31.500000000,3,0,13462,160273898,31.500000000,33.250000000,3,1,1,1,UD:1V: RR 2502706
2026-05-18T18:28:11.029378580Z,2026-05-18T18:28:10.900002839Z,1,1,2596451,T,A,0,6.200000000,6,0,13335,160288876,6.200000000,6.300000000,6,138,1,2,UD:1V: VT 2596451
2026-05-18T18:28:12.680839011Z,2026-05-18T18:28:12.361039199Z,1,1,42366523,T,B,0,57.500000000,10,0,16411,393016967,57.000000000,57.500000000,28,84,1,3,ESM6 P7100
2026-05-18T18:28:16.356171484Z,2026-05-18T18:28:15.721133613Z,1,1,2501126,T,A,0,30.000000000,6,0,14828,160334335,30.000000000,30.250000000,6,1982,1,8,UD:1V: VT 2501126
2026-05-18T18:28:29.672521628Z,2026-05-18T18:28:29.670342721Z,1,1,42378346,T,A,0,72.000000000,34,0,13850,393249214,72.000000000,72.250000000,50,52,1,6,ESM6 C7500
2026-05-18T18:28:29.673986550Z,2026-05-18T18:28:29.670358921Z,1,1,42378346,T,A,0,72.000000000,4,0,12886,393249220,72.000000000,72.250000000,16,52,1,6,ESM6 C7500
2026-05-18T18:28:29.681601143Z,2026-05-18T18:28:29.670419347Z,1,1,42378346,T,A,0,72.000000000,5,0,13884,393249348,72.000000000,72.250000000,12,52,1,6,ESM6 C7500
2026-05-18T18:28:29.701185950Z,2026-05-18T18:28:29.670504447Z,1,1,42378346,T,A,0,72.000000000,4,0,11857,393249554,72.000000000,72.250000000,7,52,1,6,ESM6 C7500
2026-05-18T18:28:29.778931790Z,2026-05-18T18:28:29.670712601Z,1,1,42378346,T,A,0,72.000000000,3,0,12118,393250903,72.000000000,72.250000000,3,42,1,4,ESM6 C7500
2026-05-18T18:28:34.274477214Z,2026-05-18T18:28:34.273842687Z,1,1,2500144,T,A,0,0.700000000,4,0,14074,160440781,0.700000000,0.800000000,2082,348,6,4,UD:1V: VT 2500144
2026-05-18T18:28:35.383549051Z,2026-05-18T18:28:35.247330637Z,1,1,42378346,T,A,0,71.750000000,50,0,11731,393317954,71.750000000,72.000000000,50,172,1,7,ESM6 C7500
2026-05-18T18:28:42.666278693Z,2026-05-18T18:28:42.201580165Z,1,1,42429372,T,B,0,148.000000000,3,0,18869,393425015,147.500000000,148.000000000,56,3,2,1,ESU6 C7700
2026-05-18T18:28:59.477439279Z,2026-05-18T18:28:59.423965699Z,1,1,539869,T,B,0,94.500000000,1,0,12743,393669132,93.750000000,94.500000000,79,119,2,3,ESZ6 P6000
2026-05-18T18:29:01.639053366Z,2026-05-18T18:29:01.067146049Z,1,1,2674534,T,A,0,27.000000000,6,0,21572,160631770,27.000000000,27.250000000,64,196,1,4,UD:1V: VT 2674534
2026-05-18T18:29:01.748362823Z,2026-05-18T18:29:01.071649037Z,1,1,2670170,T,B,0,3.550000000,49,0,17764,160632755,3.150000000,3.550000000,257,55,4,2,UD:1V: DG 2670170
2026-05-18T18:29:19.644661763Z,2026-05-18T18:29:19.504619917Z,1,1,42378346,T,B,0,73.250000000,2,0,12999,393979014,73.000000000,73.250000000,42,2,2,1,ESM6 C7500
2026-05-18T18:29:24.081989753Z,2026-05-18T18:29:24.002837875Z,1,1,42378346,T,B,0,73.250000000,2,0,16992,394026850,73.000000000,73.250000000,34,2,4,1,ESM6 C7500
2026-05-18T18:29:33.911980013Z,2026-05-18T18:29:33.906289521Z,1,1,2527185,T,B,0,27.000000000,29,0,17270,160854895,26.750000000,27.000000000,312,68,6,1,UD:1V: VT 2527185
2026-05-18T18:29:36.989112207Z,2026-05-18T18:29:36.973502805Z,1,1,42384725,T,B,0,124.000000000,2,0,12956,394208129,123.500000000,124.000000000,81,3,8,1,ESM6 C7400
2026-05-18T18:30:00.054115638Z,2026-05-18T18:30:00.011105133Z,1,1,42384725,T,B,0,124.000000000,1,0,12536,394426124,123.500000000,124.000000000,71,1,8,1,ESM6 C7400
2026-05-18T18:30:03.914869891Z,2026-05-18T18:30:03.012612363Z,1,1,42394731,T,B,0,1.250000000,1,0,16282,394488714,1.200000000,1.250000000,748,1,7,1,ESM6 P5000
2026-05-18T18:31:05.504080750Z,2026-05-18T18:31:05.497214507Z,1,1,42446245,T,B,0,48.250000000,9,0,17047,395352565,48.000000000,48.250000000,46,9,4,2,ESM6 P7050
2026-05-18T18:31:30.069281158Z,2026-05-18T18:31:30.064583505Z,1,1,42384731,T,A,0,100.000000000,2,0,15355,395585851,100.000000000,100.500000000,2,88,1,8,ESM6 P7300
2026-05-18T18:31:44.093823981Z,2026-05-18T18:31:44.050063515Z,1,1,2506183,T,A,0,46.750000000,6,0,13947,161575439,46.750000000,47.000000000,6,540,1,8,UD:1V: VT 2506183
2026-05-18T18:32:01.331124908Z,2026-05-18T18:32:01.269589029Z,1,1,42487847,T,A,0,209.000000000,1,0,14425,395931473,209.000000000,209.500000000,1,35,1,3,ESU6 P7250
2026-05-18T18:32:12.925744321Z,2026-05-18T18:32:12.921364615Z,1,1,2501126,T,A,0,30.250000000,6,0,16234,161769272,30.250000000,30.500000000,6,2208,1,9,UD:1V: VT 2501126
2026-05-18T18:32:12.934466676Z,2026-05-18T18:32:12.927415261Z,1,1,2596451,T,A,0,6.100000000,6,0,12224,161769440,6.100000000,6.200000000,6,6,1,1,UD:1V: VT 2596451
2026-05-18T18:32:16.306862105Z,2026-05-18T18:32:16.292001689Z,1,1,2596451,T,A,0,6.100000000,6,0,16959,161785696,6.100000000,6.200000000,6,1264,1,4,UD:1V: VT 2596451
2026-05-18T18:32:16.869030088Z,2026-05-18T18:32:16.554581551Z,1,1,2500554,T,B,0,14.000000000,3,0,11268,161789812,13.900000000,14.000000000,506,3,5,1,UD:1V: VT 2500554
2026-05-18T18:32:48.206505854Z,2026-05-18T18:32:47.928792027Z,1,1,2668624,T,B,0,19.300000000,6,0,11716,161926602,19.200000000,19.300000000,223,6,3,1,UD:1V: VT 2668624
2026-05-18T18:32:48.441505787Z,2026-05-18T18:32:47.944814481Z,1,1,2501126,T,A,0,30.250000000,6,0,14001,161928293,30.250000000,30.500000000,6,1922,1,8,UD:1V: VT 2501126
2026-05-18T18:32:49.413385065Z,2026-05-18T18:32:48.985522179Z,1,1,42602509,T,A,0,5.000000000,1,0,11721,396472378,5.000000000,5.100000000,1,265,1,6,ESM6 C7850
2026-05-18T18:32:58.526804513Z,2026-05-18T18:32:58.525811669Z,1,1,2907534,T,B,0,4.100000000,1,0,16775,161982953,4.050000000,4.100000000,6,219,1,1,UD:1V: VT 2907534
2026-05-18T18:32:58.817864234Z,2026-05-18T18:32:58.817287651Z,1,1,2907534,T,B,0,4.100000000,1,0,16887,161983487,4.050000000,4.100000000,6,235,1,1,UD:1V: VT 2907534
2026-05-18T18:32:59.080591249Z,2026-05-18T18:32:59.079439367Z,1,1,2907534,T,B,0,4.100000000,1,0,14510,161983765,4.050000000,4.100000000,6,217,1,1,UD:1V: VT 2907534
2026-05-18T18:32:59.835049751Z,2026-05-18T18:32:59.834504993Z,1,1,2907534,T,B,0,4.100000000,1,0,14151,161985646,4.050000000,4.100000000,6,223,1,1,UD:1V: VT 2907534
2026-05-18T18:33:00.176047611Z,2026-05-18T18:33:00.084302291Z,1,1,2501126,T,A,0,30.250000000,6,0,15290,161986663,30.250000000,30.500000000,6,2268,1,10,UD:1V: VT 2501126
2026-05-18T18:33:03.761472043Z,2026-05-18T18:33:03.707257491Z,1,1,2501126,T,A,0,30.250000000,6,0,14558,162005502,30.250000000,30.500000000,6,2237,1,10,UD:1V: VT 2501126
2026-05-18T18:33:05.042791856Z,2026-05-18T18:33:05.042210817Z,1,1,2907534,T,B,0,4.100000000,1,0,15880,162012296,4.050000000,4.100000000,6,221,1,1,UD:1V: VT 2907534
2026-05-18T18:33:11.765930462Z,2026-05-18T18:33:11.765366029Z,1,1,2592667,T,B,0,7.000000000,1,0,16758,162058815,6.900000000,7.000000000,911,217,7,1,UD:1V: VT 2592667
2026-05-18T18:33:42.041898699Z,2026-05-18T18:33:41.956690401Z,1,1,42378346,T,A,0,73.250000000,30,0,12511,397089069,73.250000000,73.500000000,30,64,1,5,ESM6 C7500
2026-05-18T18:33:48.625499132Z,2026-05-18T18:33:48.621796225Z,1,1,42384725,T,B,0,123.500000000,5,0,13991,397151283,123.000000000,123.500000000,113,5,10,1,ESM6 C7400
2026-05-18T18:33:55.171428083Z,2026-05-18T18:33:55.170728211Z,1,1,2586265,T,B,0,29.750000000,1,0,14119,162266080,29.250000000,29.750000000,215,171,5,4,UD:1V: VT 2586265
2026-05-18T18:34:15.468348367Z,2026-05-18T18:34:15.459880099Z,1,1,42366513,T,B,0,137.000000000,1,0,13446,397441616,136.500000000,137.000000000,79,1,8,1,ESM6 P7400
2026-05-18T18:34:15.762154740Z,2026-05-18T18:34:15.761612069Z,1,1,2907534,T,B,0,4.150000000,1,0,15770,162374234,4.050000000,4.150000000,713,231,6,1,UD:1V: VT 2907534
2026-05-18T18:34:26.793512065Z,2026-05-18T18:34:26.775183683Z,1,1,2907534,T,B,0,4.150000000,1,0,13196,162428732,4.050000000,4.150000000,1165,220,9,1,UD:1V: VT 2907534
2026-05-18T18:34:31.212906786Z,2026-05-18T18:34:31.187249595Z,1,1,42399646,T,B,0,18.200000000,10,0,12238,397602264,18.100000000,18.200000000,12,10,3,1,ESM6 C7700
2026-05-18T18:34:32.139747386Z,2026-05-18T18:34:32.041376067Z,1,1,42399706,T,A,0,19.000000000,10,0,12927,397615198,19.000000000,19.100000000,10,50,1,4,ESM6 P6700
2026-05-18T18:34:32.350969348Z,2026-05-18T18:34:32.343200109Z,1,1,42394732,T,A,0,2.000000000,2,0,13903,397617502,2.000000000,2.050000000,2,122,1,2,ESM6 P5350
2026-05-18T18:34:50.038405454Z,2026-05-18T18:34:50.038069527Z,1,1,521746,T,A,0,23.750000000,1,0,13810,397785331,23.750000000,24.000000000,1,416,1,5,ESZ6 P4300
2026-05-18T18:35:15.492809591Z,2026-05-18T18:35:15.468365715Z,1,1,2512143,T,B,0,55.500000000,66,0,18329,162639986,55.250000000,55.500000000,10,66,2,1,UD:1V: VT 2512143
2026-05-18T18:35:17.798118237Z,2026-05-18T18:35:17.159664325Z,1,1,2668989,T,B,0,20.750000000,1,0,15564,162662951,20.500000000,20.750000000,379,1,6,1,UD:1V: VT 2668989
2026-05-18T18:35:18.432638177Z,2026-05-18T18:35:18.221628867Z,1,1,2514223,T,A,0,20.500000000,119,0,13474,162669960,20.500000000,21.000000000,119,1686,1,5,UD:1V: VT 2514223
2026-05-18T18:35:18.771257515Z,2026-05-18T18:35:18.438047645Z,1,1,2514223,T,A,0,20.500000000,119,0,13457,162672844,20.500000000,21.000000000,291,1686,2,5,UD:1V: VT 2514223
2026-05-18T18:35:32.702218186Z,2026-05-18T18:35:32.696205901Z,1,1,2503857,T,B,0,54.500000000,2,0,16209,162735785,54.000000000,54.500000000,167,2,6,1,UD:1V: BO 2503857
2026-05-18T18:35:34.123409631Z,2026-05-18T18:35:33.703993907Z,1,1,2514223,T,A,0,20.500000000,275,0,17603,162743478,20.500000000,20.750000000,519,345,2,1,UD:1V: VT 2514223
2026-05-18T18:35:34.130357795Z,2026-05-18T18:35:33.704010745Z,1,1,2514223,T,A,0,20.500000000,244,0,12837,162743591,20.500000000,20.750000000,244,345,1,1,UD:1V: VT 2514223
2026-05-18T18:35:44.963789742Z,2026-05-18T18:35:44.942780283Z,1,1,42496686,T,B,0,10.300000000,54,0,16282,398357903,10.200000000,10.300000000,50,54,1,3,ESU6 C8500
2026-05-18T18:35:44.989866164Z,2026-05-18T18:35:44.963770329Z,1,1,42496686,T,A,0,10.300000000,54,0,15432,398358359,10.300000000,10.400000000,46,125,1,1,ESU6 C8500
2026-05-18T18:35:44.989882700Z,2026-05-18T18:35:44.963787607Z,1,1,42496686,T,A,0,10.300000000,142,0,11018,398358361,10.300000000,10.400000000,42,125,1,1,ESU6 C8500
2026-05-18T18:35:56.734943393Z,2026-05-18T18:35:56.734451365Z,1,1,42854015,T,B,0,19.900000000,1,0,14924,398473363,19.700000000,19.900000000,272,1,7,1,ESM6 P6725
2026-05-18T18:36:09.971114726Z,2026-05-18T18:36:09.970784727Z,1,1,42394732,T,A,0,2.000000000,2,0,16589,398618880,2.000000000,2.050000000,2,531,1,6,ESM6 P5350
2026-05-18T18:36:50.243146587Z,2026-05-18T18:36:50.170080437Z,1,1,2506183,T,A,0,46.750000000,6,0,12840,163097743,46.750000000,47.000000000,6,520,1,7,UD:1V: VT 2506183
2026-05-18T18:36:54.054582395Z,2026-05-18T18:36:54.054075077Z,1,1,42366513,T,B,0,136.500000000,4,0,13867,399046496,136.000000000,136.500000000,62,4,8,1,ESM6 P7400
2026-05-18T18:37:48.573790281Z,2026-05-18T18:37:48.567621135Z,1,1,42170618,T,B,0,190.000000000,25,0,16380,399651818,189.000000000,190.000000000,89,34,4,2,ESZ6 C7900
2026-05-18T18:37:52.197743742Z,2026-05-18T18:37:52.135143395Z,1,1,42404374,T,B,0,42.000000000,1,0,16411,399670680,41.750000000,42.000000000,97,10,6,3,ESM6 P7000
2026-05-18T18:37:52.402316564Z,2026-05-18T18:37:52.279138811Z,1,1,42404374,T,B,0,42.000000000,1,0,13810,399674264,41.750000000,42.000000000,97,3,6,1,ESM6 P7000
2026-05-18T18:37:52.427144406Z,2026-05-18T18:37:52.287365269Z,1,1,42404374,T,B,0,42.000000000,1,0,13898,399674609,41.750000000,42.000000000,97,2,6,1,ESM6 P7000
2026-05-18T18:37:52.432957518Z,2026-05-18T18:37:52.287486471Z,1,1,42404374,T,B,0,42.000000000,1,0,12910,399674715,41.750000000,42.000000000,97,1,6,1,ESM6 P7000
2026-05-18T18:38:51.064764498Z,2026-05-18T18:38:50.763638437Z,1,1,521746,T,A,0,23.750000000,1,0,15743,400207434,23.750000000,24.000000000,1,430,1,5,ESZ6 P4300
2026-05-18T18:39:26.173597647Z,2026-05-18T18:39:26.133962227Z,1,1,42377577,T,A,0,112.000000000,6,0,18614,400538773,112.000000000,112.500000000,6,102,1,7,ESU6 C7800
2026-05-18T18:39:29.705242550Z,2026-05-18T18:39:29.680895629Z,1,1,42366523,T,B,0,56.500000000,2,0,15638,400594799,56.250000000,56.500000000,98,2,5,1,ESM6 P7100
2026-05-18T18:39:34.416458337Z,2026-05-18T18:39:34.399870961Z,1,1,42645052,T,A,0,51.000000000,12,0,17046,400637227,51.000000000,51.500000000,12,135,1,6,ESU6 C8050
2026-05-18T18:39:37.379434433Z,2026-05-18T18:39:37.372257705Z,1,1,42377577,T,A,0,112.000000000,6,0,15800,400658839,112.000000000,112.500000000,6,94,1,8,ESU6 C7800
2026-05-18T18:39:39.725656177Z,2026-05-18T18:39:39.716552537Z,1,1,42384731,T,B,0,102.000000000,25,0,15104,400679624,101.500000000,102.000000000,53,42,7,3,ESM6 P7300
2026-05-18T18:39:46.167112460Z,2026-05-18T18:39:46.166588129Z,1,1,42404355,T,A,0,2.250000000,1,0,15865,400743910,2.250000000,2.400000000,79,426,4,6,ESM6 P5450
2026-05-18T18:39:51.096113289Z,2026-05-18T18:39:51.071708713Z,1,1,42645052,T,A,0,51.000000000,12,0,13836,400774971,51.000000000,51.250000000,12,93,1,3,ESU6 C8050
2026-05-18T18:39:56.450255670Z,2026-05-18T18:39:56.429766979Z,1,1,2598103,T,A,0,0.150000000,23,0,18016,163893386,0.150000000,0.400000000,24,151,2,4,UD:1V: 13 2598103
2026-05-18T18:40:00.552012550Z,2026-05-18T18:40:00.432614867Z,1,1,2527721,T,A,0,-10.000000000,1,0,16549,163915514,-10.000000000,-9.900000000,1,196,1,4,UD:1V: GN 2527721
2026-05-18T18:40:04.487559107Z,2026-05-18T18:40:04.025486117Z,1,1,2598103,T,B,0,0.200000000,12,0,11664,163935996,0.050000000,0.200000000,183,90,5,1,UD:1V: 13 2598103
2026-05-18T18:40:05.064086151Z,2026-05-18T18:40:04.851382405Z,1,1,2667936,T,B,0,14.000000000,6,0,13158,163940959,13.800000000,14.000000000,1121,6,7,1,UD:1V: VT 2667936
2026-05-18T18:40:10.843777488Z,2026-05-18T18:40:10.563537743Z,1,1,42738868,T,B,0,22.000000000,1,0,14338,400963118,21.750000000,22.000000000,120,1,6,1,ESM6 C7675
2026-05-18T18:40:20.398681940Z,2026-05-18T18:40:20.055317983Z,1,1,42404374,T,B,0,42.500000000,2,0,14769,401056122,42.250000000,42.500000000,74,2,4,1,ESM6 P7000
2026-05-18T18:40:30.294477063Z,2026-05-18T18:40:30.289278299Z,1,1,42378618,T,A,0,32.000000000,1,0,18057,401147741,32.000000000,32.250000000,57,8,3,2,ESM6 P6900
2026-05-18T18:40:40.312551929Z,2026-05-18T18:40:40.312069665Z,1,1,42492708,T,B,0,298.500000000,8,0,13590,401260084,297.500000000,298.500000000,57,20,3,1,ESZ6 P7250
2026-05-18T18:40:51.347624732Z,2026-05-18T18:40:51.030820071Z,1,1,42378346,T,A,0,72.000000000,25,0,11241,401365907,72.000000000,72.250000000,25,41,1,4,ESM6 C7500
2026-05-18T18:41:01.346465430Z,2026-05-18T18:41:01.257060539Z,1,1,42505875,T,B,0,271.500000000,22,0,13104,401467557,270.500000000,271.500000000,124,22,5,1,ESZ6 P7150
2026-05-18T18:41:01.414234367Z,2026-05-18T18:41:01.356381951Z,1,1,42505875,T,A,0,271.500000000,3,0,12755,401469037,271.500000000,272.000000000,3,11,1,2,ESZ6 P7150
2026-05-18T18:41:03.062133055Z,2026-05-18T18:41:02.746494361Z,1,1,42836585,T,A,0,70.500000000,1,0,15891,401488781,70.500000000,70.750000000,1,34,1,2,ESM6 P7175
2026-05-18T18:41:08.025433436Z,2026-05-18T18:41:07.493019731Z,1,1,42416106,T,A,0,95.250000000,10,0,14065,401568790,95.250000000,95.500000000,10,88,1,8,ESM6 C7450
2026-05-18T18:41:10.514562916Z,2026-05-18T18:41:09.829595315Z,1,1,42416106,T,A,0,95.000000000,10,0,12650,401604314,95.000000000,95.250000000,10,38,1,3,ESM6 C7450
2026-05-18T18:41:10.937391703Z,2026-05-18T18:41:10.399090523Z,1,1,42416106,T,B,0,95.250000000,10,0,13516,401609345,94.750000000,95.250000000,70,25,5,1,ESM6 C7450
2026-05-18T18:41:17.004450225Z,2026-05-18T18:41:16.935992673Z,1,1,42902241,T,B,0,83.250000000,7,0,12078,401652127,82.750000000,83.250000000,62,7,7,1,ESM6 C7475
2026-05-18T18:41:19.403237571Z,2026-05-18T18:41:19.388353441Z,1,1,42902241,T,A,0,83.250000000,3,0,14006,401669836,83.250000000,83.500000000,3,149,1,9,ESM6 C7475
2026-05-18T18:41:25.391570666Z,2026-05-18T18:41:25.289158701Z,1,1,2506183,T,A,0,46.250000000,6,0,11568,164326145,46.250000000,46.500000000,6,536,1,8,UD:1V: VT 2506183
2026-05-18T18:41:34.564929302Z,2026-05-18T18:41:33.971885565Z,1,1,2501126,T,A,0,30.000000000,6,0,14988,164358079,30.000000000,30.250000000,6,1960,1,8,UD:1V: VT 2501126
2026-05-18T18:41:37.607890854Z,2026-05-18T18:41:37.604259321Z,1,1,2673196,T,B,0,-52.750000000,2,0,18538,164382859,-53.250000000,-52.750000000,53,2,4,1,UD:1V: GN 2673196
2026-05-18T18:41:37.978067874Z,2026-05-18T18:41:37.885995603Z,1,1,42598876,T,A,0,293.500000000,2,0,14540,401858785,293.500000000,295.500000000,5,5,1,1,ESM6 P7650
2026-05-18T18:41:38.062887607Z,2026-05-18T18:41:37.920145283Z,1,1,2501126,T,A,0,30.000000000,6,0,14315,164386326,30.000000000,30.250000000,6,2058,1,9,UD:1V: VT 2501126
2026-05-18T18:41:40.115981227Z,2026-05-18T18:41:40.054522957Z,1,1,42663437,T,A,0,1.900000000,1,0,16429,401898250,1.900000000,2.000000000,1,448,1,8,ESM6 C7950
2026-05-18T18:41:41.243489782Z,2026-05-18T18:41:41.190691247Z,1,1,2501126,T,A,0,30.000000000,6,0,15930,164408108,30.000000000,30.250000000,6,2244,1,10,UD:1V: VT 2501126
2026-05-18T18:41:41.332225703Z,2026-05-18T18:41:41.285847131Z,1,1,42505875,T,A,0,272.000000000,25,0,13681,401909313,272.000000000,272.500000000,25,59,1,5,ESZ6 P7150
2026-05-18T18:41:44.475748767Z,2026-05-18T18:41:44.468139443Z,1,1,2501126,T,A,0,30.000000000,6,0,15610,164425601,30.000000000,30.250000000,6,2211,1,10,UD:1V: VT 2501126
2026-05-18T18:41:45.825432195Z,2026-05-18T18:41:45.825056893Z,1,1,2527964,T,A,0,0.000000000,1,0,14480,164428892,0.000000000,0.050000000,1,11,1,2,UD:1V: 12 2527964
2026-05-18T18:41:47.978743855Z,2026-05-18T18:41:47.877587939Z,1,1,2501126,T,A,0,30.000000000,6,0,13338,164437175,30.000000000,30.250000000,6,2162,1,10,UD:1V: VT 2501126
2026-05-18T18:41:52.510910481Z,2026-05-18T18:41:52.021040133Z,1,1,2506183,T,A,0,46.000000000,5,0,15563,164469367,46.000000000,46.250000000,6,705,1,7,UD:1V: VT 2506183
2026-05-18T18:41:52.521868063Z,2026-05-18T18:41:52.021086103Z,1,1,2506183,T,A,0,46.000000000,1,0,13292,164469463,46.000000000,46.250000000,1,705,1,7,UD:1V: VT 2506183
2026-05-18T18:42:04.824823695Z,2026-05-18T18:42:04.824245011Z,1,1,42212269,T,B,0,2.950000000,1,0,13429,402173146,2.900000000,2.950000000,1,190,1,2,ESU6 C8900
2026-05-18T18:42:33.614708140Z,2026-05-18T18:42:33.322521433Z,1,1,42366513,T,B,0,140.000000000,1,0,11701,402508379,139.500000000,140.000000000,12,10,2,3,ESM6 P7400
2026-05-18T18:42:38.949748828Z,2026-05-18T18:42:38.371607455Z,1,1,2527983,T,A,0,5.000000000,1,0,18172,164723627,5.000000000,5.100000000,1,1500,1,12,UD:1V: VT 2527983
2026-05-18T18:43:06.136242859Z,2026-05-18T18:43:06.135709881Z,1,1,42366463,T,A,0,0.900000000,2,0,15328,402842267,0.900000000,1.000000000,277,65,5,2,ESM6 P4750
2026-05-18T18:43:06.562055655Z,2026-05-18T18:43:06.510068349Z,1,1,2506183,T,A,0,46.250000000,6,0,12624,164854042,46.250000000,46.500000000,6,720,1,9,UD:1V: VT 2506183
2026-05-18T18:43:15.687253103Z,2026-05-18T18:43:15.568970143Z,1,1,42439354,T,B,0,127.500000000,5,0,17061,402935745,127.000000000,127.500000000,74,5,5,1,ESU6 P6850
2026-05-18T18:43:26.392295134Z,2026-05-18T18:43:26.382607277Z,1,1,42377530,T,A,0,120.000000000,25,0,13557,403039192,120.000000000,120.500000000,25,102,1,5,ESU6 P6800
2026-05-18T18:43:44.778971454Z,2026-05-18T18:43:44.765154233Z,1,1,42377530,T,B,0,120.000000000,14,0,17828,403251596,119.500000000,120.000000000,84,14,6,2,ESU6 P6800
2026-05-18T18:43:44.805121475Z,2026-05-18T18:43:44.778967849Z,1,1,42377530,T,A,0,120.000000000,11,0,11206,403252178,120.000000000,120.500000000,11,102,1,5,ESU6 P6800
2026-05-18T18:44:03.920473610Z,2026-05-18T18:44:03.913458593Z,1,1,42505875,T,A,0,271.000000000,50,0,13840,403465173,271.000000000,271.500000000,50,72,1,4,ESZ6 P7150
2026-05-18T18:44:38.688301086Z,2026-05-18T18:44:38.685574199Z,1,1,42598876,T,B,0,291.000000000,1,0,11258,403826899,290.500000000,291.000000000,1,1,1,1,ESM6 P7650
2026-05-18T18:44:54.336186020Z,2026-05-18T18:44:54.268528189Z,1,1,42384725,T,B,0,123.000000000,1,0,13071,403944940,122.500000000,123.000000000,44,1,6,1,ESM6 C7400
2026-05-18T18:44:54.842852110Z,2026-05-18T18:44:54.726390109Z,1,1,2528090,T,B,0,-37.000000000,1,0,16263,165310129,-37.250000000,-37.000000000,9,1,2,1,UD:1V: 12 2528090
2026-05-18T18:45:07.846608201Z,2026-05-18T18:45:07.580956665Z,1,1,42404374,T,A,0,41.750000000,5,0,13780,404108355,41.750000000,42.250000000,95,87,7,7,ESM6 P7000
2026-05-18T18:45:26.814896030Z,2026-05-18T18:45:26.814340969Z,1,1,2527939,T,A,0,46.500000000,20,0,13880,165475735,46.500000000,46.750000000,20,569,1,4,UD:1V: VT 2527939
2026-05-18T18:45:36.676142697Z,2026-05-18T18:45:36.675608065Z,1,1,42416106,T,A,0,95.750000000,2,0,16443,404432242,95.750000000,96.250000000,51,36,6,4,ESM6 C7450
2026-05-18T18:45:44.957399510Z,2026-05-18T18:45:44.951683319Z,1,1,2516615,T,A,0,-3.600000000,3,0,19420,165545355,-3.600000000,-3.500000000,3,14,1,1,UD:1V: GN 2516615
2026-05-18T18:45:45.015361384Z,2026-05-18T18:45:45.007903925Z,1,1,2516615,T,B,0,-3.600000000,14,0,16508,165545750,-3.650000000,-3.600000000,25,14,2,1,UD:1V: GN 2516615
2026-05-18T18:46:05.688042446Z,2026-05-18T18:46:05.687542759Z,1,1,42366513,T,A,0,138.000000000,1,0,15013,404704883,138.000000000,139.000000000,12,133,4,9,ESM6 P7400
2026-05-18T18:46:13.156822211Z,2026-05-18T18:46:13.152583479Z,1,1,42804678,T,A,0,240.500000000,1,0,14207,404758443,240.500000000,241.000000000,1,24,1,5,ESM6 C7225
2026-05-18T18:46:39.074882374Z,2026-05-18T18:46:39.028243521Z,1,1,2528138,T,A,0,179.500000000,1,0,17442,165772617,179.500000000,180.000000000,1,129,1,3,UD:1V: VT 2528138
2026-05-18T18:46:41.725244483Z,2026-05-18T18:46:41.724666947Z,1,1,2528138,T,B,0,180.000000000,1,0,17470,165779468,179.000000000,180.000000000,240,198,5,4,UD:1V: VT 2528138
2026-05-18T18:46:58.747677371Z,2026-05-18T18:46:58.746919013Z,1,1,42404374,T,A,0,42.000000000,1,0,13520,405178396,42.000000000,42.250000000,1,71,1,5,ESM6 P7000
2026-05-18T18:47:13.007793034Z,2026-05-18T18:47:12.997541399Z,1,1,42384726,T,A,0,2.450000000,27,0,16925,405294733,2.450000000,2.550000000,27,302,1,5,ESM6 P5500
2026-05-18T18:47:13.272218593Z,2026-05-18T18:47:13.271726893Z,1,1,42378449,T,A,0,5.100000000,5,0,13965,405297881,5.100000000,5.200000000,27,51,1,2,ESM6 P6000
2026-05-18T18:47:15.024758495Z,2026-05-18T18:47:15.009607673Z,1,1,2667936,T,B,0,14.000000000,53,0,21350,165886915,13.800000000,14.000000000,804,222,6,2,UD:1V: VT 2667936
2026-05-18T18:47:15.024995027Z,2026-05-18T18:47:15.009618725Z,1,1,2667936,T,B,0,14.000000000,2,0,13400,165886917,13.800000000,14.000000000,804,169,6,1,UD:1V: VT 2667936
2026-05-18T18:48:23.336996915Z,2026-05-18T18:48:23.286738287Z,1,1,42300184,T,B,0,28.000000000,3,0,11284,405950649,27.750000000,28.000000000,249,3,7,1,ESM6 P6850
2026-05-18T18:48:25.802536609Z,2026-05-18T18:48:25.801994079Z,1,1,42378346,T,A,0,72.250000000,1,0,13833,405980913,72.250000000,72.750000000,46,44,5,5,ESM6 C7500
2026-05-18T18:49:08.512038853Z,2026-05-18T18:49:08.398769545Z,1,1,42300184,T,B,0,28.000000000,2,0,12693,406330529,27.750000000,28.000000000,210,2,7,1,ESM6 P6850
2026-05-18T18:49:24.049928670Z,2026-05-18T18:49:23.887632595Z,1,1,2501126,T,A,0,30.000000000,6,0,17452,166386990,30.000000000,30.250000000,6,1630,1,6,UD:1V: VT 2501126
2026-05-18T18:49:36.674655149Z,2026-05-18T18:49:36.609261961Z,1,1,2501126,T,A,0,30.000000000,6,0,12847,166434946,30.000000000,30.250000000,6,1893,1,8,UD:1V: VT 2501126
2026-05-18T18:49:39.891053366Z,2026-05-18T18:49:39.890525657Z,1,1,2501126,T,A,0,30.000000000,6,0,14244,166457827,30.000000000,30.250000000,6,2243,1,10,UD:1V: VT 2501126
2026-05-18T18:49:57.457451665Z,2026-05-18T18:49:57.445614069Z,1,1,2514223,T,A,0,20.750000000,220,0,22844,166578630,20.750000000,21.000000000,220,1097,1,4,UD:1V: VT 2514223
2026-05-18T18:50:01.996328179Z,2026-05-18T18:50:01.981563633Z,1,1,2514223,T,A,0,20.750000000,317,0,18237,166598192,20.750000000,21.000000000,597,1109,2,4,UD:1V: VT 2514223
2026-05-18T18:50:02.003007070Z,2026-05-18T18:50:01.984774797Z,1,1,2514223,T,A,0,20.750000000,280,0,12480,166598293,20.750000000,21.000000000,280,874,1,3,UD:1V: VT 2514223
2026-05-18T18:50:02.097189855Z,2026-05-18T18:50:02.045933745Z,1,1,42378346,T,A,0,70.750000000,10,0,13108,406965912,70.750000000,71.000000000,10,62,1,4,ESM6 C7500
2026-05-18T18:50:07.469620006Z,2026-05-18T18:50:07.103641673Z,1,1,2527983,T,B,0,5.100000000,75,0,22860,166642290,5.000000000,5.100000000,875,376,7,2,UD:1V: VT 2527983
2026-05-18T18:50:07.508518873Z,2026-05-18T18:50:07.161969297Z,1,1,2527983,T,B,0,5.100000000,3,0,16339,166643099,5.000000000,5.100000000,733,234,6,1,UD:1V: VT 2527983
2026-05-18T18:50:07.559568097Z,2026-05-18T18:50:07.177504891Z,1,1,2527983,T,B,0,5.100000000,18,0,13215,166643483,5.000000000,5.100000000,733,231,6,1,UD:1V: VT 2527983
2026-05-18T18:50:16.484722125Z,2026-05-18T18:50:16.375532805Z,1,1,42378346,T,A,0,70.000000000,4,0,12725,407222293,70.000000000,70.250000000,5,64,1,6,ESM6 C7500
2026-05-18T18:50:16.486963129Z,2026-05-18T18:50:16.375568399Z,1,1,42378346,T,A,0,70.000000000,1,0,11620,407222349,70.000000000,70.250000000,1,64,1,6,ESM6 C7500
2026-05-18T18:50:19.091224188Z,2026-05-18T18:50:18.455801703Z,1,1,2528250,T,A,0,1.850000000,2,0,12832,166741745,1.850000000,1.950000000,2,347,1,8,UD:1V: IC 2528250
2026-05-18T18:50:19.178826563Z,2026-05-18T18:50:18.456105965Z,1,1,42378449,T,B,0,5.300000000,1,0,17044,407264863,5.200000000,5.300000000,257,1,7,1,ESM6 P6000
2026-05-18T18:50:19.709167819Z,2026-05-18T18:50:18.836410359Z,1,1,2520494,T,B,0,0.150000000,15,0,17525,166744366,0.100000000,0.150000000,6,15,1,1,UD:1V: GN 2520494
2026-05-18T18:50:35.220796372Z,2026-05-18T18:50:35.118718151Z,1,1,42384725,T,A,0,117.500000000,1,0,13165,407535499,117.500000000,119.000000000,176,124,11,9,ESM6 C7400
2026-05-18T18:50:44.619633684Z,2026-05-18T18:50:44.484500831Z,1,1,2528299,T,A,0,-66.750000000,2,0,14721,166945195,-66.750000000,-65.750000000,4,4,1,1,UD:1V: RR 2528299
2026-05-18T18:50:46.082124932Z,2026-05-18T18:50:46.034945959Z,1,1,42871623,T,A,0,43.750000000,8,0,14061,407696417,43.750000000,44.000000000,50,96,1,5,ESM6 C7575
2026-05-18T18:50:47.004483531Z,2026-05-18T18:50:46.603355227Z,1,1,42871623,T,A,0,43.750000000,23,0,12691,407713533,43.750000000,44.250000000,42,73,1,2,ESM6 C7575
2026-05-18T18:50:47.214552278Z,2026-05-18T18:50:46.770916875Z,1,1,42871623,T,A,0,43.750000000,17,0,12666,407716566,43.750000000,44.000000000,19,36,1,1,ESM6 C7575
2026-05-18T18:50:47.216847596Z,2026-05-18T18:50:46.773973885Z,1,1,42871623,T,A,0,43.750000000,2,0,15577,407716601,43.750000000,44.000000000,2,36,1,1,ESM6 C7575
2026-05-18T18:50:50.859703868Z,2026-05-18T18:50:50.859192339Z,1,1,42378374,T,A,0,78.250000000,1,0,15309,407757657,78.250000000,78.500000000,1,78,1,5,ESM6 P7200
2026-05-18T18:52:00.768899963Z,2026-05-18T18:52:00.517940457Z,1,1,42404374,T,B,0,43.250000000,1,0,18154,408575226,43.000000000,43.250000000,123,1,8,1,ESM6 P7000
2026-05-18T18:53:02.022868420Z,2026-05-18T18:53:01.963713231Z,1,1,42439347,T,B,0,49.000000000,1,0,15221,409205515,48.750000000,49.000000000,334,1,7,1,ESU6 P6000
2026-05-18T18:53:33.085506060Z,2026-05-18T18:53:33.029487061Z,1,1,42366513,T,B,0,141.000000000,1,0,12662,409511011,140.500000000,141.000000000,37,1,6,1,ESM6 P7400
2026-05-18T18:53:45.798015836Z,2026-05-18T18:53:45.791709289Z,1,1,42433356,T,A,0,30.500000000,1,0,11330,409638352,30.500000000,30.750000000,150,1,2,1,ESZ6 P4650
2026-05-18T18:53:53.331124318Z,2026-05-18T18:53:53.330589799Z,1,1,273382,T,B,0,27.750000000,1,0,13948,409686964,27.500000000,27.750000000,1,265,1,6,ESZ6 P4500
2026-05-18T18:53:55.634678681Z,2026-05-18T18:53:55.634084927Z,1,1,2527200,T,A,0,1.800000000,4,0,13550,167808562,1.800000000,1.950000000,1350,2263,7,9,UD:1V: VT 2527200
2026-05-18T18:54:02.565826071Z,2026-05-18T18:54:02.565302651Z,1,1,42404366,T,B,0,7.400000000,1,0,16112,409789170,7.100000000,7.400000000,381,202,9,7,ESM6 C7800
2026-05-18T18:54:07.359658447Z,2026-05-18T18:54:07.246878217Z,1,1,2527983,T,B,0,5.100000000,141,0,26281,167866601,5.000000000,5.100000000,1026,353,7,2,UD:1V: VT 2527983
2026-05-18T18:54:07.394440547Z,2026-05-18T18:54:07.246900291Z,1,1,2527983,T,B,0,5.100000000,143,0,13331,167867258,5.000000000,5.100000000,937,212,6,1,UD:1V: VT 2527983
2026-05-18T18:54:37.669360794Z,2026-05-18T18:54:37.607408413Z,1,1,2667878,T,A,0,24.500000000,4,0,17001,168011619,24.500000000,24.750000000,4,213,1,4,UD:1V: CO 2667878
2026-05-18T18:54:44.997791016Z,2026-05-18T18:54:44.980740921Z,1,1,42366511,T,B,0,37.000000000,3,0,15433,410223418,36.750000000,37.000000000,84,3,6,1,ESM6 C7600
2026-05-18T18:54:46.192712654Z,2026-05-18T18:54:46.185050411Z,1,1,42404355,T,A,0,2.400000000,1,0,14403,410236327,2.400000000,2.450000000,1,437,1,6,ESM6 P5450
2026-05-18T18:54:47.831119551Z,2026-05-18T18:54:47.768266467Z,1,1,42429065,T,A,0,37.750000000,3,0,12084,410252241,37.750000000,38.000000000,3,90,1,6,ESM6 P6950
2026-05-18T18:54:52.536968865Z,2026-05-18T18:54:52.522190549Z,1,1,42783706,T,A,0,97.000000000,9,0,14463,410282543,97.000000000,97.250000000,9,73,1,5,ESM6 P7275
2026-05-18T18:54:58.369805676Z,2026-05-18T18:54:58.360266809Z,1,1,42899801,T,B,0,131.500000000,1,0,13645,410329332,131.000000000,131.500000000,39,1,8,1,ESM6 P7375
2026-05-18T18:55:42.147204233Z,2026-05-18T18:55:42.146860659Z,1,1,229664,T,A,0,61.000000000,1,0,12385,410793844,61.000000000,61.250000000,1,207,1,5,ESZ6 P5500
2026-05-18T18:55:52.049170588Z,2026-05-18T18:55:52.014387883Z,1,1,2503694,T,A,0,40.250000000,5,0,13915,168331029,40.250000000,40.500000000,10,90,1,4,UD:1V: BO 2503694
2026-05-18T18:56:34.192632941Z,2026-05-18T18:56:33.669778825Z,1,1,2503694,T,A,0,40.250000000,5,0,12842,168488570,40.250000000,40.500000000,5,218,1,4,UD:1V: BO 2503694
2026-05-18T18:56:51.677303492Z,2026-05-18T18:56:51.616525239Z,1,1,461706,T,B,0,113.500000000,1,0,11410,411511338,113.000000000,113.500000000,143,1,4,1,ESZ6 P6200
2026-05-18T18:56:54.654402215Z,2026-05-18T18:56:54.654090611Z,1,1,42378373,T,B,0,3.550000000,20,0,12873,411533949,3.500000000,3.550000000,615,20,10,1,ESM6 P5750
2026-05-18T18:56:57.614566078Z,2026-05-18T18:56:57.614245351Z,1,1,42510079,T,A,0,150.000000000,1,0,11236,411551354,150.000000000,150.500000000,1,74,1,6,ESM6 C7350
2026-05-18T18:57:04.518624921Z,2026-05-18T18:57:04.292160825Z,1,1,42341500,T,A,0,62.000000000,11,0,18086,411603421,62.000000000,62.250000000,11,58,1,2,ESZ6 C8400
2026-05-18T18:57:20.095284658Z,2026-05-18T18:57:20.058253867Z,1,1,42611781,T,A,0,52.250000000,4,0,14398,411743915,52.250000000,52.500000000,5,132,1,7,ESM6 C7550
2026-05-18T18:57:48.801601937Z,2026-05-18T18:57:48.801070449Z,1,1,42611781,T,A,0,52.500000000,1,0,11159,412041355,52.500000000,52.750000000,1,181,1,12,ESM6 C7550
2026-05-18T18:57:49.829984905Z,2026-05-18T18:57:49.823676815Z,1,1,2673196,T,B,0,-53.000000000,2,0,18501,168771523,-53.500000000,-53.000000000,63,2,5,1,UD:1V: GN 2673196
2026-05-18T18:58:22.840321548Z,2026-05-18T18:58:20.389940473Z,1,1,42560128,T,B,0,61.000000000,1,0,16568,412454204,58.000000000,61.000000000,31,31,1,1,ESM6 C7525
2026-05-18T18:58:23.005314091Z,2026-05-18T18:58:20.652793049Z,1,1,42899801,T,B,0,132.000000000,1,0,11549,412457558,131.000000000,132.000000000,36,1,1,1,ESM6 P7375
2026-05-18T18:58:33.190091604Z,2026-05-18T18:58:32.926562029Z,1,1,42892714,T,A,0,13.600000000,2,0,16176,412628403,13.600000000,14.000000000,98,84,5,3,ESM6 C7725
2026-05-18T18:59:00.625718007Z,2026-05-18T18:59:00.354901943Z,1,1,81352,T,A,0,13.500000000,30,0,13209,412920257,13.500000000,13.700000000,30,184,2,3,ESZ6 C9000
2026-05-18T18:59:20.113561033Z,2026-05-18T18:59:20.081336059Z,1,1,42883555,T,A,0,1.500000000,1,0,13953,413149564,1.500000000,1.550000000,1,315,1,6,ESM6 C7975
2026-05-18T18:59:29.153271619Z,2026-05-18T18:59:29.090122883Z,1,1,42663437,T,A,0,1.800000000,1,0,13319,413236910,1.800000000,1.850000000,1,538,1,5,ESM6 C7950
2026-05-18T18:59:44.130474444Z,2026-05-18T18:59:44.039921053Z,1,1,2518307,T,B,0,26.250000000,6,0,14838,169348289,26.000000000,26.250000000,588,6,6,1,UD:1V: VT 2518307
2026-05-18T18:59:49.792110313Z,2026-05-18T18:59:49.785502759Z,1,1,42377530,T,B,0,121.000000000,1,0,11382,413492995,120.500000000,121.000000000,210,5,6,1,ESU6 P6800
2026-05-18T18:59:49.802116083Z,2026-05-18T18:59:49.792114205Z,1,1,42377530,T,B,0,121.000000000,4,0,16398,413493089,120.500000000,121.000000000,210,4,6,1,ESU6 P6800
2026-05-18T19:00:18.958923883Z,2026-05-18T19:00:18.958362875Z,1,1,2528606,T,B,0,-37.000000000,1,0,17443,169550564,-37.500000000,-37.000000000,136,225,2,3,UD:1V: GN 2528606
2026-05-18T19:00:35.198871247Z,2026-05-18T19:00:35.079818183Z,1,1,42429065,T,A,0,37.250000000,5,0,17449,414105573,37.250000000,37.500000000,5,138,1,7,ESM6 P6950
2026-05-18T19:00:39.966630910Z,2026-05-18T19:00:39.537427907Z,1,1,42506298,T,A,0,152.500000000,1,0,13007,414177464,152.500000000,153.500000000,138,45,4,4,ESU6 P7000
2026-05-18T19:00:44.412899323Z,2026-05-18T19:00:44.412342611Z,1,1,42366512,T,A,0,3.250000000,8,0,13963,414226898,3.250000000,3.300000000,161,8,6,1,ESM6 P5700
2026-05-18T19:00:56.927176503Z,2026-05-18T19:00:56.924409469Z,1,1,42409666,T,A,0,3.850000000,24,0,13792,414333933,3.850000000,3.950000000,24,585,1,9,ESM6 P5800
2026-05-18T19:01:15.118804934Z,2026-05-18T19:01:15.087309693Z,1,1,42429065,T,B,0,36.500000000,3,0,17113,414626173,36.250000000,36.500000000,132,3,4,1,ESM6 P6950
2026-05-18T19:01:22.627480847Z,2026-05-18T19:01:22.509763139Z,1,1,42378541,T,B,0,8.300000000,8,0,15391,414715657,8.200000000,8.300000000,523,8,8,1,ESM6 P6300
2026-05-18T19:01:26.339688796Z,2026-05-18T19:01:25.485605057Z,1,1,42394733,T,A,0,1.850000000,1,0,11223,414776577,1.850000000,1.950000000,1,221,1,3,ESM6 P5300
2026-05-18T19:01:27.326613193Z,2026-05-18T19:01:26.267124605Z,1,1,2528138,T,A,0,179.000000000,1,0,12791,169948640,179.000000000,,1,0,1,0,UD:1V: VT 2528138
2026-05-18T19:01:27.907149511Z,2026-05-18T19:01:26.806706999Z,1,1,42384725,T,B,0,126.500000000,3,0,11786,414801773,122.500000000,126.500000000,2,3,1,1,ESM6 C7400
2026-05-18T19:01:28.186813105Z,2026-05-18T19:01:27.154712951Z,1,1,2500554,T,B,0,14.100000000,3,0,15429,169954001,,14.100000000,0,3,0,1,UD:1V: VT 2500554
2026-05-18T19:01:29.634473126Z,2026-05-18T19:01:28.350591073Z,1,1,42663437,T,B,0,2.000000000,20,0,14280,414824971,1.850000000,2.000000000,107,20,1,1,ESM6 C7950
2026-05-18T19:01:30.616792080Z,2026-05-18T19:01:30.065164051Z,1,1,42738868,T,B,0,23.500000000,6,0,17057,414839879,23.250000000,23.500000000,34,6,1,1,ESM6 C7675
2026-05-18T19:01:30.864348831Z,2026-05-18T19:01:30.242152147Z,1,1,2666624,T,A,0,2.600000000,1,0,15618,169972476,2.600000000,,1,0,1,0,UD:1V: HO 2666624
2026-05-18T19:01:31.903593267Z,2026-05-18T19:01:31.121824015Z,1,1,42384725,T,B,0,129.000000000,1,0,13295,414859363,127.500000000,129.000000000,12,3,2,1,ESM6 C7400
2026-05-18T19:01:31.903651663Z,2026-05-18T19:01:31.121824323Z,1,1,42384725,T,B,0,129.000000000,1,0,11235,414859366,127.500000000,129.000000000,12,2,2,1,ESM6 C7400
2026-05-18T19:01:31.903682663Z,2026-05-18T19:01:31.121824857Z,1,1,42384725,T,B,0,129.000000000,1,0,12544,414859368,127.500000000,129.000000000,12,1,2,1,ESM6 C7400
2026-05-18T19:01:31.994310811Z,2026-05-18T19:01:31.139146049Z,1,1,42366513,T,A,0,130.500000000,1,0,11122,414861201,130.500000000,132.500000000,2,4,2,1,ESM6 P7400
2026-05-18T19:01:32.069067118Z,2026-05-18T19:01:31.272655109Z,1,1,42366513,T,A,0,130.500000000,1,0,11499,414862770,130.500000000,150.000000000,1,1,1,1,ESM6 P7400
2026-05-18T19:01:32.076574484Z,2026-05-18T19:01:31.272663459Z,1,1,2500554,T,B,0,14.300000000,3,0,11233,169980538,,14.300000000,0,3,0,1,UD:1V: VT 2500554
2026-05-18T19:01:32.120023054Z,2026-05-18T19:01:31.282179365Z,1,1,42378374,T,A,0,70.000000000,2,0,11408,414863513,70.000000000,84.750000000,2,1,1,1,ESM6 P7200
2026-05-18T19:01:32.170245338Z,2026-05-18T19:01:31.310923979Z,1,1,42384725,T,B,0,130.500000000,3,0,11945,414864214,105.000000000,130.500000000,4,3,1,1,ESM6 C7400
2026-05-18T19:01:32.188447201Z,2026-05-18T19:01:31.331152119Z,1,1,2500554,T,B,0,14.400000000,3,0,11442,169981067,13.800000000,14.400000000,250,3,1,1,UD:1V: VT 2500554
2026-05-18T19:01:43.226967751Z,2026-05-18T19:01:43.189104171Z,1,1,42366513,T,B,0,127.000000000,1,0,15659,415022897,126.000000000,127.000000000,2,1,1,1,ESM6 P7400
2026-05-18T19:02:05.578121633Z,2026-05-18T19:02:05.577852327Z,1,1,42378374,T,B,0,65.500000000,2,0,16269,415255092,64.750000000,65.500000000,9,2,2,1,ESM6 P7200
2026-05-18T19:02:22.041045912Z,2026-05-18T19:02:22.037665635Z,1,1,42378346,T,B,0,80.750000000,11,0,13258,415420023,78.250000000,80.750000000,2,19,1,1,ESM6 C7500
2026-05-18T19:02:22.046260553Z,2026-05-18T19:02:22.037782981Z,1,1,42560128,T,B,0,70.000000000,10,0,13812,415420027,66.500000000,70.000000000,3,21,2,1,ESM6 C7525
2026-05-18T19:02:30.016798889Z,2026-05-18T19:02:30.004640535Z,1,1,42804683,T,B,0,75.000000000,11,0,13985,415474082,71.500000000,75.000000000,4,26,2,1,ESM6 P7225
2026-05-18T19:02:30.026719199Z,2026-05-18T19:02:30.020110737Z,1,1,42783706,T,B,0,87.250000000,10,0,15480,415474322,83.500000000,87.250000000,4,22,2,1,ESM6 P7275
2026-05-18T19:02:30.531506529Z,2026-05-18T19:02:30.485544207Z,1,1,42958319,T,A,0,58.000000000,14,0,16572,415482723,58.000000000,59.250000000,34,34,1,1,ESZ6 C8450
2026-05-18T19:02:35.678478928Z,2026-05-18T19:02:35.668402387Z,1,1,42404374,T,A,0,38.000000000,2,0,15613,415528165,38.000000000,43.750000000,4,2,2,1,ESM6 P7000
2026-05-18T19:02:35.854483953Z,2026-05-18T19:02:35.683467887Z,1,1,42404374,T,A,0,38.000000000,2,0,12305,415531500,38.000000000,44.750000000,2,1,1,1,ESM6 P7000
2026-05-18T19:02:38.440405787Z,2026-05-18T19:02:38.439702937Z,1,1,42378374,T,B,0,68.500000000,1,0,14002,415553696,66.500000000,68.500000000,4,27,2,1,ESM6 P7200
2026-05-18T19:02:42.240411026Z,2026-05-18T19:02:42.228271349Z,1,1,42404374,T,A,0,37.500000000,6,0,17676,415590615,37.500000000,39.000000000,6,8,1,1,ESM6 P7000
2026-05-18T19:02:53.987154868Z,2026-05-18T19:02:53.977953997Z,1,1,42404374,T,A,0,37.000000000,2,0,15717,415709199,37.000000000,41.000000000,2,2,1,1,ESM6 P7000
2026-05-18T19:02:54.005503910Z,2026-05-18T19:02:53.987158405Z,1,1,42404374,T,B,0,37.000000000,38,0,11121,415709532,36.750000000,37.000000000,33,38,1,1,ESM6 P7000
2026-05-18T19:02:59.005824150Z,2026-05-18T19:02:58.834800917Z,1,1,42384725,T,B,0,138.000000000,1,0,14261,415767561,137.000000000,138.000000000,21,1,1,1,ESM6 C7400
2026-05-18T19:03:02.850953583Z,2026-05-18T19:03:02.850474873Z,1,1,42404374,T,B,0,37.000000000,1,0,15767,415817726,36.500000000,37.000000000,81,1,2,1,ESM6 P7000
2026-05-18T19:03:29.578141839Z,2026-05-18T19:03:29.330713307Z,1,1,42516900,T,B,0,105.500000000,36,0,15672,416181943,103.500000000,105.500000000,7,37,2,2,ESM6 P7350
2026-05-18T19:03:44.324918918Z,2026-05-18T19:03:44.132176003Z,1,1,42404374,T,A,0,37.000000000,1,0,18057,416425900,37.000000000,38.000000000,1,36,1,2,ESM6 P7000
2026-05-18T19:04:17.194236412Z,2026-05-18T19:04:16.971997849Z,1,1,42404374,T,A,0,38.250000000,33,0,15599,416955927,38.250000000,38.750000000,34,2,1,1,ESM6 P7000
2026-05-18T19:04:47.914118262Z,2026-05-18T19:04:47.901025363Z,1,1,42404374,T,A,0,38.500000000,33,0,16217,417435195,38.500000000,39.000000000,34,8,1,2,ESM6 P7000
2026-05-18T19:05:58.405873798Z,2026-05-18T19:05:58.235374683Z,1,1,42366523,T,A,0,51.250000000,15,0,12500,418512280,51.250000000,52.000000000,30,14,1,3,ESM6 P7100
2026-05-18T19:06:15.262912718Z,2026-05-18T19:06:15.221565115Z,1,1,42399646,T,A,0,21.000000000,1,0,14419,418809389,21.000000000,21.500000000,1,14,1,3,ESM6 C7700
2026-05-18T19:07:59.647671067Z,2026-05-18T19:07:58.491120167Z,1,1,42399646,T,A,0,19.700000000,6,0,12806,420419185,19.700000000,20.000000000,10,6,1,2,ESM6 C7700
2026-05-18T19:07:59.656817643Z,2026-05-18T19:07:58.491282901Z,1,1,42399646,T,A,0,19.700000000,3,0,12889,420419311,19.700000000,20.000000000,4,6,1,2,ESM6 C7700
2026-05-18T19:07:59.670001212Z,2026-05-18T19:07:58.492061485Z,1,1,42399646,T,A,0,19.700000000,1,0,14508,420419499,19.700000000,20.000000000,1,6,1,2,ESM6 C7700
2026-05-18T19:08:02.356565603Z,2026-05-18T19:08:01.711321313Z,1,1,42399706,T,B,0,18.100000000,10,0,12980,420462578,17.900000000,18.100000000,56,10,1,1,ESM6 P6700
2026-05-18T19:08:26.768879753Z,2026-05-18T19:08:26.670244253Z,1,1,42378541,T,B,0,8.000000000,10,0,17347,420784035,7.800000000,8.000000000,242,10,6,1,ESM6 P6300
2026-05-18T19:08:33.445881542Z,2026-05-18T19:08:33.430123619Z,1,1,42384725,T,B,0,130.000000000,1,0,15154,420891514,128.500000000,130.000000000,14,75,3,6,ESM6 C7400
2026-05-18T19:08:34.543458521Z,2026-05-18T19:08:34.540368045Z,1,1,42404366,T,A,0,8.300000000,10,0,14164,420900250,8.300000000,8.500000000,10,107,1,4,ESM6 C7800
2026-05-18T19:08:38.035263391Z,2026-05-18T19:08:37.333960599Z,1,1,42399646,T,B,0,19.900000000,1,0,13047,420945471,19.300000000,19.900000000,2,33,1,3,ESM6 C7700
2026-05-18T19:08:45.302883510Z,2026-05-18T19:08:45.142357815Z,1,1,42366523,T,A,0,53.250000000,5,0,15756,421069907,53.250000000,53.500000000,5,4,1,2,ESM6 P7100
2026-05-18T19:08:54.362782154Z,2026-05-18T19:08:54.351951105Z,1,1,42366523,T,B,0,53.000000000,10,0,17321,421192390,52.750000000,53.000000000,53,10,3,1,ESM6 P7100
2026-05-18T19:09:21.283939648Z,2026-05-18T19:09:20.019538401Z,1,1,2673459,T,A,0,3.700000000,12,0,23887,172936725,3.700000000,3.900000000,160,400,2,3,UD:1V: VT 2673459
2026-05-18T19:09:21.897180166Z,2026-05-18T19:09:20.833952923Z,1,1,2622597,T,A,0,4.950000000,6,0,14277,172942052,4.950000000,5.200000000,6,392,1,4,UD:1V: VT 2622597
2026-05-18T19:09:22.725150876Z,2026-05-18T19:09:22.076212711Z,1,1,42404366,T,A,0,8.200000000,6,0,12014,421586553,8.200000000,8.500000000,6,35,1,2,ESM6 C7800
2026-05-18T19:09:29.654660395Z,2026-05-18T19:09:29.604000907Z,1,1,2622597,T,A,0,5.000000000,6,0,10566,173005746,5.000000000,5.200000000,6,490,1,5,UD:1V: VT 2622597
2026-05-18T19:09:32.866726517Z,2026-05-18T19:09:32.846170405Z,1,1,2622597,T,A,0,5.000000000,6,0,11921,173028228,5.000000000,5.200000000,6,490,1,5,UD:1V: VT 2622597
2026-05-18T19:09:38.845959614Z,2026-05-18T19:09:38.810021115Z,1,1,2622597,T,A,0,5.000000000,6,0,14974,173061821,5.000000000,5.200000000,6,490,1,5,UD:1V: VT 2622597
2026-05-18T19:09:46.046517836Z,2026-05-18T19:09:45.932822473Z,1,1,2622597,T,A,0,5.000000000,6,0,13840,173101105,5.000000000,5.200000000,6,490,1,5,UD:1V: VT 2622597
2026-05-18T19:09:46.163151019Z,2026-05-18T19:09:46.046552881Z,1,1,2622597,T,A,0,5.000000000,13,0,13833,173102195,5.000000000,5.200000000,135,490,2,5,UD:1V: VT 2622597
2026-05-18T19:10:01.050086867Z,2026-05-18T19:10:00.962430885Z,1,1,2673459,T,A,0,3.850000000,6,0,11394,173193513,3.850000000,4.000000000,6,560,1,5,UD:1V: VT 2673459
2026-05-18T19:10:03.697857016Z,2026-05-18T19:10:03.550897639Z,1,1,42404366,T,A,0,8.400000000,6,0,11425,422142925,8.400000000,8.700000000,6,100,1,5,ESM6 C7800
2026-05-18T19:10:09.075811468Z,2026-05-18T19:10:09.013075997Z,1,1,2673459,T,A,0,3.850000000,6,0,15160,173250977,3.850000000,4.000000000,6,413,1,3,UD:1V: VT 2673459
2026-05-18T19:10:15.316940011Z,2026-05-18T19:10:15.307810859Z,1,1,2673459,T,A,0,3.850000000,6,0,14726,173278870,3.850000000,4.000000000,6,419,1,4,UD:1V: VT 2673459
2026-05-18T19:10:19.062488766Z,2026-05-18T19:10:18.802635503Z,1,1,2673459,T,A,0,3.800000000,6,0,13871,173301432,3.800000000,3.950000000,6,290,1,4,UD:1V: VT 2673459
2026-05-18T19:11:26.967740882Z,2026-05-18T19:11:25.728278585Z,1,1,42399646,T,B,0,20.500000000,25,0,16191,423200637,20.000000000,20.500000000,128,25,4,1,ESM6 C7700
2026-05-18T19:11:49.659220705Z,2026-05-18T19:11:49.534210729Z,1,1,42783706,T,A,0,86.500000000,15,0,11270,423509918,86.500000000,87.250000000,15,65,1,6,ESM6 P7275
2026-05-18T19:13:24.785462515Z,2026-05-18T19:13:24.480791885Z,1,1,42384725,T,B,0,132.000000000,1,0,15751,424649833,131.500000000,132.000000000,45,1,6,1,ESM6 C7400
2026-05-18T19:14:49.244267868Z,2026-05-18T19:14:48.795430291Z,1,1,2669815,T,B,0,31.250000000,19,0,18273,174778475,30.750000000,31.250000000,56,19,2,1,UD:1V: VT 2669815
2026-05-18T19:15:06.494839542Z,2026-05-18T19:15:06.087960875Z,1,1,42668409,T,A,0,74.000000000,26,0,12943,425894217,74.000000000,74.500000000,29,22,1,3,ESU6 C7950
2026-05-18T19:15:06.516916127Z,2026-05-18T19:15:06.088224315Z,1,1,42668409,T,A,0,74.000000000,2,0,17792,425894362,74.000000000,74.500000000,3,22,1,3,ESU6 C7950
2026-05-18T19:15:28.148742175Z,2026-05-18T19:15:28.066003033Z,1,1,2528618,T,A,0,-290.000000000,1,0,14281,175015737,-290.000000000,,1,0,1,0,UD:1V: GN 2528618
2026-05-18T19:15:44.457855660Z,2026-05-18T19:15:44.125529427Z,1,1,42378346,T,A,0,78.000000000,1,0,14029,426331143,78.000000000,78.250000000,1,42,1,4,ESM6 C7500
2026-05-18T19:15:48.951619355Z,2026-05-18T19:15:48.886097509Z,1,1,42366511,T,B,0,42.000000000,1,0,13025,426383496,41.500000000,42.000000000,110,7,7,2,ESM6 C7600
2026-05-18T19:16:19.121830311Z,2026-05-18T19:16:19.121328315Z,1,1,42394770,T,A,0,10.200000000,2,0,15670,426713447,10.200000000,10.500000000,146,177,6,7,ESM6 P6450
2026-05-18T19:16:31.436022945Z,2026-05-18T19:16:30.069730425Z,1,1,42892714,T,A,0,16.500000000,1,0,14331,426882082,16.500000000,16.700000000,1,50,1,2,ESM6 C7725
2026-05-18T19:16:48.140000832Z,2026-05-18T19:16:48.136097255Z,1,1,2525642,T,A,0,33.000000000,2,0,14386,175438971,33.000000000,33.500000000,2,205,1,4,UD:1V: VT 2525642
2026-05-18T19:16:52.427438387Z,2026-05-18T19:16:52.395794645Z,1,1,42404374,T,B,0,38.750000000,1,0,11695,427107082,38.500000000,38.750000000,84,1,5,1,ESM6 P7000
2026-05-18T19:17:04.439030964Z,2026-05-18T19:17:04.098114079Z,1,1,42892714,T,A,0,15.800000000,2,0,14267,427285417,15.800000000,16.300000000,17,111,3,6,ESM6 C7725
2026-05-18T19:17:24.446288579Z,2026-05-18T19:17:24.299005333Z,1,1,42892714,T,A,0,15.800000000,2,0,13188,427532674,15.800000000,16.200000000,24,35,3,3,ESM6 C7725
2026-05-18T19:17:36.398609997Z,2026-05-18T19:17:36.109453215Z,1,1,42399646,T,A,0,19.500000000,1,0,11387,427670462,19.500000000,19.600000000,1,4,1,1,ESM6 C7700
2026-05-18T19:17:55.033644460Z,2026-05-18T19:17:54.859031213Z,1,1,42404374,T,A,0,39.500000000,1,0,13849,427905087,39.500000000,39.750000000,1,70,1,4,ESM6 P7000
2026-05-18T19:17:56.724247364Z,2026-05-18T19:17:56.534532851Z,1,1,42975695,T,B,0,120.500000000,20,0,15904,427927517,120.000000000,120.500000000,29,20,1,1,ESH7 C8450
2026-05-18T19:18:07.451678454Z,2026-05-18T19:18:06.286996457Z,1,1,42378374,T,B,0,70.750000000,1,0,16115,428057867,70.500000000,70.750000000,26,1,1,1,ESM6 P7200
2026-05-18T19:18:19.334649381Z,2026-05-18T19:18:19.334146599Z,1,1,42404367,T,A,0,5.700000000,6,0,14505,428198793,5.700000000,5.900000000,6,397,1,6,ESM6 P6100
2026-05-18T19:18:27.499362814Z,2026-05-18T19:18:27.491906703Z,1,1,42404367,T,A,0,5.700000000,6,0,13117,428293360,5.700000000,5.900000000,6,397,1,6,ESM6 P6100
2026-05-18T19:18:27.499578265Z,2026-05-18T19:18:27.491906913Z,1,1,42836582,T,A,0,6.400000000,6,0,13812,428293362,6.400000000,6.500000000,6,139,1,1,ESM6 P6175
2026-05-18T19:18:27.524111305Z,2026-05-18T19:18:27.508725475Z,1,1,42398044,T,A,0,24.000000000,6,0,13841,428293814,24.000000000,24.250000000,6,148,1,3,ESU6 P5300
2026-05-18T19:18:28.780166172Z,2026-05-18T19:18:28.668832091Z,1,1,42404374,T,A,0,39.500000000,1,0,13519,428309469,39.500000000,40.000000000,1,104,1,6,ESM6 P7000
2026-05-18T19:18:30.759460497Z,2026-05-18T19:18:30.758946805Z,1,1,42398044,T,A,0,24.000000000,6,0,14198,428327445,24.000000000,24.250000000,6,148,1,3,ESU6 P5300
2026-05-18T19:18:39.700155662Z,2026-05-18T19:18:39.698210935Z,1,1,2506183,T,A,0,47.500000000,6,0,12759,176047722,47.500000000,47.750000000,6,719,1,6,UD:1V: VT 2506183
2026-05-18T19:18:40.997775726Z,2026-05-18T19:18:40.886519229Z,1,1,42572477,T,A,0,12.700000000,1,0,13996,428434844,12.700000000,13.000000000,104,2,5,1,ESM6 C7750
2026-05-18T19:18:55.057161394Z,2026-05-18T19:18:54.444219351Z,1,1,42404374,T,B,0,39.500000000,5,0,14724,428593324,39.000000000,39.500000000,38,36,4,2,ESM6 P7000
2026-05-18T19:18:57.661141763Z,2026-05-18T19:18:57.641951865Z,1,1,42416106,T,A,0,101.000000000,1,0,14307,428622963,101.000000000,102.000000000,83,43,8,6,ESM6 C7450
2026-05-18T19:19:12.938242889Z,2026-05-18T19:19:12.835815973Z,1,1,2525642,T,A,0,32.250000000,1,0,13937,176206221,32.250000000,32.500000000,1,73,1,2,UD:1V: VT 2525642
2026-05-18T19:19:13.262922852Z,2026-05-18T19:19:13.128200221Z,1,1,42416106,T,A,0,101.000000000,6,0,12574,428792127,101.000000000,102.000000000,6,67,1,8,ESM6 C7450
2026-05-18T19:19:13.518780785Z,2026-05-18T19:19:13.229251685Z,1,1,42516900,T,B,0,112.000000000,1,0,16551,428796104,111.500000000,112.000000000,18,1,2,1,ESM6 P7350
2026-05-18T19:19:39.223874486Z,2026-05-18T19:19:39.222953295Z,1,1,42366523,T,A,0,52.500000000,1,0,16799,429040890,52.500000000,53.000000000,92,3,5,1,ESM6 P7100
2026-05-18T19:19:54.021778735Z,2026-05-18T19:19:53.767921807Z,1,1,42366523,T,A,0,52.750000000,1,0,14996,429193977,52.750000000,53.250000000,69,48,4,4,ESM6 P7100
2026-05-18T19:19:59.284504508Z,2026-05-18T19:19:59.282806687Z,1,1,42404374,T,A,0,39.500000000,40,0,13827,429264784,39.500000000,39.750000000,40,136,1,7,ESM6 P7000
2026-05-18T19:20:26.208152430Z,2026-05-18T19:20:26.192137469Z,1,1,42399646,T,B,0,20.000000000,24,0,16285,429585253,19.600000000,20.000000000,116,27,7,2,ESM6 C7700
2026-05-18T19:20:26.213500619Z,2026-05-18T19:20:26.192236715Z,1,1,42399646,T,B,0,20.000000000,1,0,13118,429585371,19.600000000,20.000000000,116,2,7,1,ESM6 C7700
2026-05-18T19:20:26.769329120Z,2026-05-18T19:20:26.768976785Z,1,1,2586743,T,B,0,8.500000000,1,0,13779,176559628,8.300000000,8.500000000,765,1,5,1,UD:1V: VT 2586743
2026-05-18T19:21:10.276301148Z,2026-05-18T19:21:10.154282319Z,1,1,42404366,T,B,0,8.600000000,2,0,13871,430043116,8.300000000,8.600000000,262,145,6,6,ESM6 C7800
2026-05-18T19:21:30.081759583Z,2026-05-18T19:21:30.017341519Z,1,1,2501126,T,A,0,30.500000000,6,0,10296,176862658,30.500000000,30.750000000,6,1893,1,8,UD:1V: VT 2501126
2026-05-18T19:21:40.908598051Z,2026-05-18T19:21:40.436078255Z,1,1,42394770,T,B,0,10.400000000,2,0,14387,430394206,10.100000000,10.400000000,192,158,5,5,ESM6 P6450
2026-05-18T19:21:50.570241556Z,2026-05-18T19:21:50.523067097Z,1,1,42637001,T,B,0,153.500000000,1,0,13140,430487217,152.500000000,153.500000000,66,3,8,2,ESM6 P7450
2026-05-18T19:21:50.576517556Z,2026-05-18T19:21:50.523288425Z,1,1,42637001,T,B,0,153.500000000,1,0,13946,430487302,152.500000000,153.500000000,66,2,8,1,ESM6 P7450
2026-05-18T19:22:02.359521299Z,2026-05-18T19:22:02.008565133Z,1,1,2529370,T,A,0,25.500000000,1,0,14221,177022835,25.500000000,25.750000000,1,32,1,2,UD:1V: GN 2529370
2026-05-18T19:22:49.842341588Z,2026-05-18T19:22:49.625571327Z,1,1,42366513,T,B,0,131.500000000,2,0,16560,431119114,131.000000000,131.500000000,5,2,1,1,ESM6 P7400
2026-05-18T19:22:50.175613586Z,2026-05-18T19:22:49.846147199Z,1,1,42366513,T,B,0,131.500000000,2,0,14023,431124364,131.000000000,131.500000000,19,44,4,1,ESM6 P7400
2026-05-18T19:22:53.525503011Z,2026-05-18T19:22:53.508598353Z,1,1,42611781,T,B,0,57.250000000,2,0,14982,431152820,57.000000000,57.250000000,13,2,4,1,ESM6 C7550
2026-05-18T19:22:58.000414562Z,2026-05-18T19:22:57.954272025Z,1,1,42637001,T,B,0,154.000000000,2,0,13535,431196211,153.000000000,154.000000000,71,2,8,1,ESM6 P7450
2026-05-18T19:22:58.149351392Z,2026-05-18T19:22:57.976424175Z,1,1,42399646,T,A,0,19.500000000,1,0,13275,431198726,19.500000000,19.700000000,1,87,1,7,ESM6 C7700
2026-05-18T19:23:00.734024830Z,2026-05-18T19:23:00.052386215Z,1,1,2605284,T,B,0,9.800000000,91,0,16286,177294683,9.700000000,9.800000000,406,223,5,1,UD:1V: VT 2605284
2026-05-18T19:23:28.965157570Z,2026-05-18T19:23:28.833193397Z,1,1,42611781,T,B,0,56.750000000,2,0,16422,431577890,56.500000000,56.750000000,9,2,2,1,ESM6 C7550
2026-05-18T19:23:31.373320878Z,2026-05-18T19:23:31.354123287Z,1,1,42366513,T,B,0,132.000000000,2,0,16935,431595874,131.500000000,132.000000000,28,2,6,1,ESM6 P7400
2026-05-18T19:23:36.121651604Z,2026-05-18T19:23:36.080708203Z,1,1,42378374,T,B,0,71.750000000,2,0,17329,431637114,71.500000000,71.750000000,76,2,6,1,ESM6 P7200
2026-05-18T19:23:38.675849162Z,2026-05-18T19:23:38.661598473Z,1,1,42384755,T,B,0,181.000000000,2,0,16314,431656056,180.000000000,181.000000000,31,2,6,1,ESM6 P7500
2026-05-18T19:23:42.737614849Z,2026-05-18T19:23:42.688399811Z,1,1,42399646,T,B,0,19.500000000,1,0,17240,431694921,19.200000000,19.500000000,14,43,3,5,ESM6 C7700
2026-05-18T19:23:43.468929388Z,2026-05-18T19:23:43.425624551Z,1,1,42399646,T,B,0,19.500000000,1,0,13136,431702074,19.200000000,19.500000000,14,12,3,3,ESM6 C7700
2026-05-18T19:23:54.074076384Z,2026-05-18T19:23:54.035052797Z,1,1,42696853,T,A,0,34.500000000,1,0,14263,431801129,34.500000000,34.750000000,1,95,1,6,ESM6 C7625
2026-05-18T19:23:56.648419318Z,2026-05-18T19:23:56.453803569Z,1,1,2525374,T,A,0,4.300000000,14,0,16491,177558984,4.300000000,4.550000000,14,70,1,2,UD:1V: GN 2525374
2026-05-18T19:24:04.457125183Z,2026-05-18T19:24:04.451946761Z,1,1,42696853,T,A,0,34.500000000,1,0,14409,431910621,34.500000000,34.750000000,1,95,1,7,ESM6 C7625
2026-05-18T19:24:08.535244324Z,2026-05-18T19:24:08.534766841Z,1,1,42399646,T,B,0,19.500000000,1,0,11645,431948447,19.400000000,19.500000000,1,1,1,1,ESM6 C7700
2026-05-18T19:24:24.139513107Z,2026-05-18T19:24:24.056701105Z,1,1,42399646,T,A,0,19.400000000,1,0,13141,432051214,19.400000000,19.600000000,1,73,1,5,ESM6 C7700
2026-05-18T19:24:27.362131808Z,2026-05-18T19:24:27.062882001Z,1,1,2507146,T,A,0,76.250000000,6,0,18011,177650475,76.250000000,76.750000000,6,129,1,4,UD:1V: VT 2507146
2026-05-18T19:24:27.370257260Z,2026-05-18T19:24:27.062882895Z,1,1,2507039,T,B,0,35.250000000,73,0,17469,177650562,34.750000000,35.250000000,191,74,6,2,UD:1V: VT 2507039
2026-05-18T19:24:27.642689116Z,2026-05-18T19:24:27.062943361Z,1,1,2524031,T,A,0,151.500000000,2,0,11724,177653699,151.500000000,152.500000000,2,2,1,1,UD:1V: VT 2524031
2026-05-18T19:24:30.400775141Z,2026-05-18T19:24:29.071681035Z,1,1,42559340,T,B,0,6.500000000,1,0,11092,432139535,6.200000000,6.500000000,168,1,1,1,ESH7 P2200
2026-05-18T19:24:39.756059846Z,2026-05-18T19:24:39.739332357Z,1,1,42366513,T,B,0,133.500000000,5,0,15690,432279639,132.500000000,133.500000000,65,5,7,2,ESM6 P7400
2026-05-18T19:24:39.841062635Z,2026-05-18T19:24:39.764965545Z,1,1,42366513,T,B,0,133.500000000,5,0,13237,432281597,132.500000000,133.500000000,62,39,6,1,ESM6 P7400
2026-05-18T19:24:40.449752125Z,2026-05-18T19:24:40.446078121Z,1,1,42458399,T,B,0,62.000000000,1,0,17842,432293302,61.250000000,62.000000000,99,53,5,4,ESU6 C8000
2026-05-18T19:24:44.433319257Z,2026-05-18T19:24:44.426860621Z,1,1,42611781,T,B,0,56.250000000,2,0,15918,432331131,55.750000000,56.250000000,100,2,8,1,ESM6 C7550
2026-05-18T19:24:46.086341838Z,2026-05-18T19:24:46.075619021Z,1,1,42378346,T,B,0,76.000000000,2,0,15764,432348483,75.750000000,76.000000000,67,2,4,1,ESM6 C7500
2026-05-18T19:24:57.863242466Z,2026-05-18T19:24:57.845938227Z,1,1,42366513,T,B,0,133.500000000,8,0,16869,432448022,133.000000000,133.500000000,16,8,5,1,ESM6 P7400
2026-05-18T19:24:58.137198361Z,2026-05-18T19:24:57.854462233Z,1,1,42399646,T,A,0,19.000000000,1,0,11640,432452803,19.000000000,19.200000000,1,78,1,5,ESM6 C7700
2026-05-18T19:25:12.500221547Z,2026-05-18T19:25:12.153752743Z,1,1,2501126,T,A,0,30.250000000,6,0,13140,177912452,30.250000000,30.500000000,6,1921,1,8,UD:1V: VT 2501126
2026-05-18T19:25:15.501814248Z,2026-05-18T19:25:14.518431489Z,1,1,42404374,T,B,0,41.000000000,2,0,11418,432718988,40.750000000,41.000000000,33,2,1,1,ESM6 P7000
2026-05-18T19:25:24.365559183Z,2026-05-18T19:25:24.032046869Z,1,1,42320751,T,A,0,85.500000000,6,0,14577,432868751,85.500000000,86.000000000,6,19,1,5,ESM6 P7250
2026-05-18T19:26:00.176809643Z,2026-05-18T19:26:00.049511611Z,1,1,2529465,T,B,0,15.500000000,50,0,15136,178168450,15.300000000,15.500000000,34,50,3,1,UD:1V: GN 2529465
2026-05-18T19:26:00.181699071Z,2026-05-18T19:26:00.049705017Z,1,1,2529465,T,B,0,15.500000000,50,0,17585,178168468,15.300000000,15.500000000,34,50,3,1,UD:1V: GN 2529465
2026-05-18T19:26:00.234047259Z,2026-05-18T19:26:00.052798535Z,1,1,42429362,T,B,0,133.000000000,1,0,15196,433242863,132.500000000,133.000000000,92,1,4,1,ESU6 P6900
2026-05-18T19:26:12.368211123Z,2026-05-18T19:26:12.354989101Z,1,1,2514223,T,A,0,20.500000000,381,0,27816,178232186,20.500000000,21.000000000,606,1942,2,6,UD:1V: VT 2514223
2026-05-18T19:26:21.098374318Z,2026-05-18T19:26:21.034313001Z,1,1,42404374,T,A,0,40.750000000,2,0,13438,433469909,40.750000000,41.000000000,2,24,1,4,ESM6 P7000
2026-05-18T19:26:22.296324110Z,2026-05-18T19:26:22.289383701Z,1,1,42384725,T,B,0,125.500000000,1,0,11831,433489668,125.000000000,125.500000000,15,2,2,1,ESM6 C7400
2026-05-18T19:26:22.328819262Z,2026-05-18T19:26:22.328255989Z,1,1,2528618,T,A,0,-290.500000000,1,0,17159,178271116,-290.500000000,,3,0,1,0,UD:1V: GN 2528618
2026-05-18T19:27:10.931227431Z,2026-05-18T19:27:10.930712487Z,1,1,42738868,T,A,0,23.250000000,1,0,13884,433992853,23.250000000,23.500000000,1,111,1,7,ESM6 C7675
2026-05-18T19:27:24.624439433Z,2026-05-18T19:27:24.622211895Z,1,1,42981210,T,A,0,25.750000000,1,0,13144,434109833,25.750000000,26.000000000,1,82,1,3,ESU6 C8250
2026-05-18T19:27:36.840091185Z,2026-05-18T19:27:36.792437919Z,1,1,42378346,T,A,0,75.500000000,1,0,12893,434220144,75.500000000,75.750000000,1,76,1,7,ESM6 C7500
2026-05-18T19:27:37.495105535Z,2026-05-18T19:27:37.443203605Z,1,1,42738868,T,A,0,23.250000000,1,0,13952,434226406,23.250000000,23.500000000,1,124,1,7,ESM6 C7675
2026-05-18T19:28:50.537196769Z,2026-05-18T19:28:50.525436815Z,1,1,42738868,T,A,0,23.250000000,1,0,12732,434846722,23.250000000,23.500000000,1,54,1,5,ESM6 C7675
2026-05-18T19:29:05.861101150Z,2026-05-18T19:29:05.838695489Z,1,1,42416106,T,B,0,99.750000000,2,0,17147,434995515,99.250000000,99.750000000,64,2,8,1,ESM6 C7450
2026-05-18T19:29:40.764886398Z,2026-05-18T19:29:40.720207165Z,1,1,42738868,T,A,0,23.500000000,1,0,13940,435319001,23.500000000,23.750000000,1,77,1,6,ESM6 C7675
2026-05-18T19:29:42.028967963Z,2026-05-18T19:29:41.916190239Z,1,1,42378346,T,B,0,76.250000000,2,0,13735,435330810,76.000000000,76.250000000,70,2,4,1,ESM6 C7500
2026-05-18T19:30:03.050491503Z,2026-05-18T19:30:02.708749693Z,1,1,42981210,T,A,0,26.000000000,1,0,12962,435534286,26.000000000,26.250000000,1,100,1,3,ESU6 C8250
2026-05-18T19:30:03.596377766Z,2026-05-18T19:30:03.191020015Z,1,1,42738868,T,A,0,23.500000000,1,0,13146,435545888,23.500000000,23.750000000,1,53,1,4,ESM6 C7675
2026-05-18T19:30:45.259970809Z,2026-05-18T19:30:45.030615651Z,1,1,2669815,T,B,0,32.250000000,6,0,17503,179318146,31.750000000,32.250000000,344,6,4,1,UD:1V: VT 2669815
2026-05-18T19:31:01.145399781Z,2026-05-18T19:31:01.107067861Z,1,1,42378346,T,B,0,76.500000000,2,0,16059,436165781,76.000000000,76.500000000,115,2,7,1,ESM6 C7500
2026-05-18T19:31:07.008252348Z,2026-05-18T19:31:06.877046295Z,1,1,42611781,T,A,0,56.750000000,1,0,16617,436238066,56.750000000,57.000000000,1,3,1,2,ESM6 C7550
2026-05-18T19:31:13.602579534Z,2026-05-18T19:31:13.582791169Z,1,1,42377530,T,B,0,117.000000000,1,0,12571,436319384,116.000000000,117.000000000,191,91,6,5,ESU6 P6800
2026-05-18T19:31:18.547899758Z,2026-05-18T19:31:18.545067155Z,1,1,42366511,T,B,0,41.500000000,3,0,17251,436388607,41.250000000,41.500000000,56,3,2,1,ESM6 C7600
2026-05-18T19:31:18.606986430Z,2026-05-18T19:31:18.545238263Z,1,1,42378346,T,B,0,77.500000000,2,0,18720,436389178,77.000000000,77.500000000,99,2,4,1,ESM6 C7500
2026-05-18T19:31:29.796930215Z,2026-05-18T19:31:29.449692999Z,1,1,2527185,T,B,0,28.750000000,6,0,11662,179572769,28.500000000,28.750000000,80,6,4,1,UD:1V: VT 2527185
2026-05-18T19:32:10.545689959Z,2026-05-18T19:32:09.906939675Z,1,1,42738868,T,A,0,24.500000000,1,0,13426,437107563,24.500000000,25.000000000,1,72,1,6,ESM6 C7675
2026-05-18T19:32:34.584734815Z,2026-05-18T19:32:34.576290355Z,1,1,42366513,T,B,0,129.000000000,2,0,16138,437417628,128.000000000,129.000000000,57,2,8,1,ESM6 P7400
2026-05-18T19:32:46.788396585Z,2026-05-18T19:32:46.630054105Z,1,1,2668624,T,B,0,18.700000000,6,0,12676,180019762,18.500000000,18.700000000,839,6,6,1,UD:1V: VT 2668624
2026-05-18T19:32:47.246671276Z,2026-05-18T19:32:46.979308987Z,1,1,2669616,T,A,0,45.500000000,6,0,12674,180023904,45.500000000,45.750000000,6,624,1,5,UD:1V: VT 2669616
2026-05-18T19:33:01.524952780Z,2026-05-18T19:33:01.286300059Z,1,1,2668624,T,B,0,18.700000000,6,0,20196,180100204,18.500000000,18.700000000,1129,6,8,1,UD:1V: VT 2668624
2026-05-18T19:33:05.392504277Z,2026-05-18T19:33:05.366843319Z,1,1,2668624,T,B,0,18.700000000,6,0,15265,180118752,18.500000000,18.700000000,1227,6,9,1,UD:1V: VT 2668624
2026-05-18T19:33:13.408345604Z,2026-05-18T19:33:13.375739937Z,1,1,42384755,T,B,0,178.000000000,2,0,12419,437824768,177.000000000,178.000000000,32,2,6,1,ESM6 P7500
2026-05-18T19:33:13.685454953Z,2026-05-18T19:33:13.594500681Z,1,1,2506183,T,A,0,47.750000000,6,0,14085,180146858,47.750000000,48.000000000,6,389,1,5,UD:1V: VT 2506183
2026-05-18T19:33:53.960046981Z,2026-05-18T19:33:53.456351671Z,1,1,42696853,T,A,0,35.500000000,1,0,11914,438223521,35.500000000,35.750000000,1,9,1,1,ESM6 C7625
2026-05-18T19:34:02.820416239Z,2026-05-18T19:34:02.819852503Z,1,1,42399646,T,B,0,20.000000000,1,0,14112,438326946,19.800000000,20.000000000,86,1,7,1,ESM6 C7700
2026-05-18T19:34:05.359875622Z,2026-05-18T19:34:05.340466147Z,1,1,42378346,T,B,0,78.500000000,2,0,11659,438348686,78.000000000,78.500000000,96,2,7,1,ESM6 C7500
2026-05-18T19:34:05.738137266Z,2026-05-18T19:34:05.730104873Z,1,1,42378346,T,B,0,78.500000000,2,0,17896,438354112,78.000000000,78.500000000,96,2,7,1,ESM6 C7500
2026-05-18T19:34:17.047619217Z,2026-05-18T19:34:17.012810117Z,1,1,42378346,T,B,0,78.250000000,2,0,18054,438458341,78.000000000,78.250000000,8,2,2,1,ESM6 C7500
2026-05-18T19:34:42.586369858Z,2026-05-18T19:34:42.568279001Z,1,1,42378346,T,B,0,78.250000000,2,0,16643,438679281,77.750000000,78.250000000,130,2,8,1,ESM6 C7500
2026-05-18T19:34:52.830573516Z,2026-05-18T19:34:52.786644491Z,1,1,42378346,T,B,0,78.250000000,2,0,15177,438764584,77.750000000,78.250000000,130,2,8,1,ESM6 C7500
2026-05-18T19:35:55.287861551Z,2026-05-18T19:35:55.182220147Z,1,1,42472882,T,A,0,390.000000000,2,0,15003,439457686,390.000000000,391.000000000,3,16,1,2,ESU6 P7700
2026-05-18T19:35:59.412104070Z,2026-05-18T19:35:59.386164017Z,1,1,42429065,T,A,0,32.750000000,29,0,11469,439491039,32.750000000,33.250000000,29,89,4,6,ESM6 P6950
2026-05-18T19:35:59.550287552Z,2026-05-18T19:35:59.398573005Z,1,1,42394761,T,A,0,6.900000000,3,0,11413,439493772,6.900000000,7.100000000,3,344,1,6,ESM6 P6250
2026-05-18T19:35:59.550560465Z,2026-05-18T19:35:59.398776951Z,1,1,42883305,T,A,0,8.600000000,6,0,12615,439493783,8.600000000,8.700000000,6,87,1,1,ESM6 P6375
2026-05-18T19:35:59.558095075Z,2026-05-18T19:35:59.403778595Z,1,1,42506315,T,A,0,24.750000000,6,0,11683,439494064,24.750000000,25.000000000,6,204,1,3,ESU6 P5350
2026-05-18T19:35:59.616789894Z,2026-05-18T19:35:59.422666907Z,1,1,42883306,T,A,0,54.500000000,22,0,15190,439495438,54.500000000,55.250000000,22,51,1,2,ESM6 P7125
2026-05-18T19:35:59.649975846Z,2026-05-18T19:35:59.433873867Z,1,1,2509892,T,B,0,25.750000000,18,0,19919,180869313,25.000000000,25.750000000,44,18,2,1,UD:1V: 12 2509892
2026-05-18T19:35:59.697208382Z,2026-05-18T19:35:59.436768899Z,1,1,2605284,T,A,0,9.300000000,79,0,12840,180870300,9.300000000,9.500000000,85,584,1,4,UD:1V: VT 2605284
2026-05-18T19:36:00.007351155Z,2026-05-18T19:35:59.599889785Z,1,1,42429065,T,B,0,32.750000000,2,0,14137,439501507,32.500000000,32.750000000,110,2,2,1,ESM6 P6950
2026-05-18T19:36:00.008220467Z,2026-05-18T19:35:59.600131901Z,1,1,42760626,T,B,0,30.500000000,1,0,11692,439501514,30.250000000,30.500000000,113,1,1,1,ESM6 P6925
2026-05-18T19:36:11.185156974Z,2026-05-18T19:36:11.182511813Z,1,1,42366511,T,B,0,43.250000000,3,0,18895,439652502,43.000000000,43.250000000,87,3,4,1,ESM6 C7600
2026-05-18T19:36:11.293973973Z,2026-05-18T19:36:11.289003547Z,1,1,42378374,T,B,0,68.000000000,2,0,16645,439653127,67.750000000,68.000000000,119,2,6,1,ESM6 P7200
2026-05-18T19:36:15.119565127Z,2026-05-18T19:36:15.111918761Z,1,1,42804683,T,A,0,73.250000000,3,0,14199,439701053,73.250000000,73.750000000,18,67,2,6,ESM6 P7225
2026-05-18T19:36:15.126384612Z,2026-05-18T19:36:15.116805009Z,1,1,42487843,T,B,0,58.500000000,3,0,14353,439701184,58.250000000,58.500000000,104,3,6,1,ESM6 P7150
2026-05-18T19:36:15.314818990Z,2026-05-18T19:36:15.312332887Z,1,1,42883306,T,B,0,54.250000000,3,0,15498,439703336,54.000000000,54.250000000,120,3,5,1,ESM6 P7125
2026-05-18T19:36:16.044698481Z,2026-05-18T19:36:16.039759625Z,1,1,42378618,T,B,0,28.250000000,2,0,16825,439706509,28.000000000,28.250000000,155,3,5,1,ESM6 P6900
2026-05-18T19:36:25.402726908Z,2026-05-18T19:36:25.377677347Z,1,1,42378374,T,B,0,67.750000000,2,0,13724,439823457,67.250000000,67.750000000,166,2,8,1,ESM6 P7200
2026-05-18T19:36:25.406060968Z,2026-05-18T19:36:25.377677523Z,1,1,42384731,T,B,0,92.000000000,2,0,11391,439823531,91.500000000,92.000000000,108,2,8,1,ESM6 P7300
2026-05-18T19:36:25.554438315Z,2026-05-18T19:36:25.530370623Z,1,1,2529795,T,A,0,-2.550000000,1,0,13741,181036550,-2.550000000,-2.500000000,1,207,1,2,UD:1V: GN 2529795
2026-05-18T19:36:27.393913934Z,2026-05-18T19:36:27.393585103Z,1,1,42170618,T,A,0,197.500000000,25,0,15836,439844174,197.500000000,198.000000000,25,35,1,3,ESZ6 C7900
2026-05-18T19:36:46.687203980Z,2026-05-18T19:36:46.274682457Z,1,1,42372979,T,B,0,199.000000000,9,0,12946,440017901,198.000000000,199.000000000,24,9,3,2,ESM6 C7300
2026-05-18T19:37:00.041188959Z,2026-05-18T19:37:00.024265183Z,1,1,42516900,T,B,0,108.000000000,1,0,13603,440154635,107.500000000,108.000000000,91,2,7,1,ESM6 P7350
2026-05-18T19:37:00.046935354Z,2026-05-18T19:37:00.024300043Z,1,1,42516900,T,B,0,108.000000000,1,0,14518,440154708,107.500000000,108.000000000,91,1,7,1,ESM6 P7350
2026-05-18T19:37:00.069218559Z,2026-05-18T19:37:00.024467429Z,1,1,42366513,T,B,0,126.500000000,2,0,13533,440155105,126.000000000,126.500000000,79,5,5,2,ESM6 P7400
2026-05-18T19:37:14.617026353Z,2026-05-18T19:37:14.615210309Z,1,1,42423844,T,B,0,465.000000000,1,0,13643,440302359,464.500000000,465.000000000,35,1,4,1,ESM7 C7800
2026-05-18T19:37:30.375100811Z,2026-05-18T19:37:30.374583089Z,1,1,42366523,T,A,0,49.750000000,1,0,16082,440460798,49.750000000,50.500000000,146,133,8,8,ESM6 P7100
2026-05-18T19:37:46.566427203Z,2026-05-18T19:37:46.308409529Z,1,1,42384731,T,B,0,92.500000000,2,0,11447,440613038,92.250000000,92.500000000,2,2,1,1,ESM6 P7300
2026-05-18T19:37:50.216810281Z,2026-05-18T19:37:49.897171641Z,1,1,42366513,T,B,0,127.000000000,2,0,18567,440661824,126.500000000,127.000000000,2,2,1,1,ESM6 P7400
2026-05-18T19:38:08.429349331Z,2026-05-18T19:38:08.110937885Z,1,1,42378618,T,A,0,28.000000000,1,0,11250,440843454,28.000000000,28.250000000,1,112,1,7,ESM6 P6900
2026-05-18T19:39:44.889895189Z,2026-05-18T19:39:44.707542797Z,1,1,42378618,T,B,0,28.000000000,31,0,16742,441736830,27.750000000,28.000000000,16,31,2,2,ESM6 P6900
2026-05-18T19:40:20.372862441Z,2026-05-18T19:40:18.717271355Z,1,1,42394733,T,A,0,1.750000000,1,0,13929,442221260,1.750000000,1.800000000,1,243,1,4,ESM6 P5300
2026-05-18T19:40:37.197167057Z,2026-05-18T19:40:37.196923217Z,1,1,42496686,T,A,0,11.100000000,1,0,15139,442462044,11.100000000,11.300000000,1,173,1,4,ESU6 C8500
2026-05-18T19:40:37.489371550Z,2026-05-18T19:40:37.347585205Z,1,1,42397649,T,B,0,135.000000000,1,0,11496,442465356,134.500000000,135.000000000,110,1,6,1,ESU6 P6950
2026-05-18T19:40:37.831799771Z,2026-05-18T19:40:37.818403789Z,1,1,42496686,T,A,0,11.100000000,1,0,13376,442472366,11.100000000,11.300000000,1,173,1,4,ESU6 C8500
2026-05-18T19:40:39.387435591Z,2026-05-18T19:40:39.359788629Z,1,1,42384725,T,B,0,137.000000000,1,0,13161,442489241,136.500000000,137.000000000,67,1,8,1,ESM6 C7400
2026-05-18T19:40:42.054238295Z,2026-05-18T19:40:42.037442641Z,1,1,42865218,T,A,0,19.300000000,1,0,14404,442535856,19.300000000,19.500000000,1,96,1,3,ESU6 C8350
2026-05-18T19:40:53.558749279Z,2026-05-18T19:40:53.386244385Z,1,1,42627610,T,A,0,31.750000000,6,0,13830,442676426,31.750000000,32.250000000,6,112,1,8,ESM6 C7650
2026-05-18T19:40:53.611124636Z,2026-05-18T19:40:53.399377675Z,1,1,42629564,T,A,0,104.000000000,6,0,16726,442677334,104.000000000,104.500000000,6,51,1,2,ESU6 C7850
2026-05-18T19:40:54.819215126Z,2026-05-18T19:40:54.815689917Z,1,1,42865218,T,A,0,19.300000000,1,0,13994,442694042,19.300000000,19.500000000,1,150,1,5,ESU6 C8350
2026-05-18T19:40:56.095635524Z,2026-05-18T19:40:55.992910449Z,1,1,42378618,T,A,0,27.250000000,2,0,16714,442718876,27.250000000,27.750000000,2,140,1,7,ESM6 P6900
2026-05-18T19:40:56.189583123Z,2026-05-18T19:40:56.095621283Z,1,1,42378618,T,B,0,27.250000000,8,0,14602,442721037,27.000000000,27.250000000,127,8,7,1,ESM6 P6900
2026-05-18T19:40:57.297716202Z,2026-05-18T19:40:57.282156637Z,1,1,42496686,T,A,0,11.100000000,1,0,14898,442735279,11.100000000,11.300000000,1,240,1,6,ESU6 C8500
2026-05-18T19:40:58.678744615Z,2026-05-18T19:40:58.668606433Z,1,1,42384725,T,B,0,136.500000000,1,0,13184,442752209,136.000000000,136.500000000,48,1,7,1,ESM6 C7400
2026-05-18T19:41:00.356185033Z,2026-05-18T19:41:00.318636681Z,1,1,42496686,T,A,0,11.100000000,7,0,13765,442770230,11.100000000,11.300000000,7,240,2,6,ESU6 C8500
2026-05-18T19:41:01.761223270Z,2026-05-18T19:41:01.639855239Z,1,1,42384725,T,B,0,137.000000000,1,0,16279,442798031,136.500000000,137.000000000,43,1,6,1,ESM6 C7400
2026-05-18T19:41:14.496909289Z,2026-05-18T19:41:14.401786493Z,1,1,42397649,T,B,0,135.000000000,1,0,16708,442933148,134.500000000,135.000000000,110,1,6,1,ESU6 P6950
2026-05-18T19:41:29.532705371Z,2026-05-18T19:41:28.828572423Z,1,1,42384725,T,B,0,138.000000000,1,0,12737,443115858,137.500000000,138.000000000,5,1,1,1,ESM6 C7400
2026-05-18T19:41:30.031714945Z,2026-05-18T19:41:28.981136087Z,1,1,42627610,T,B,0,32.500000000,1,0,11943,443124341,32.250000000,32.500000000,30,1,1,1,ESM6 C7650
2026-05-18T19:41:32.564364663Z,2026-05-18T19:41:32.143507475Z,1,1,42516900,T,A,0,103.500000000,15,0,12659,443174923,103.500000000,104.000000000,15,24,1,2,ESM6 P7350
2026-05-18T19:41:34.466799425Z,2026-05-18T19:41:34.269506631Z,1,1,42853784,T,A,0,1.900000000,1,0,15975,443209656,1.900000000,1.950000000,1,243,1,4,ESM6 P5375
2026-05-18T19:41:38.334930503Z,2026-05-18T19:41:38.297721193Z,1,1,42867406,T,A,0,123.000000000,3,0,11992,443260247,123.000000000,123.500000000,3,17,1,5,ESM6 C7425
2026-05-18T19:41:38.772164818Z,2026-05-18T19:41:38.735459845Z,1,1,42496686,T,A,0,11.200000000,7,0,13908,443267989,11.200000000,11.400000000,7,286,2,6,ESU6 C8500
2026-05-18T19:41:43.956685181Z,2026-05-18T19:41:43.778177757Z,1,1,42397649,T,B,0,135.000000000,1,0,14265,443333870,134.500000000,135.000000000,50,1,4,1,ESU6 P6950
2026-05-18T19:42:00.354837179Z,2026-05-18T19:42:00.285756447Z,1,1,42330564,T,B,0,241.500000000,25,0,13908,443510349,241.000000000,241.500000000,53,25,3,1,ESZ6 C7800
2026-05-18T19:42:03.700859467Z,2026-05-18T19:42:03.594010787Z,1,1,42892714,T,A,0,17.800000000,4,0,16809,443558420,17.800000000,18.100000000,56,25,4,1,ESM6 C7725
2026-05-18T19:42:08.015457909Z,2026-05-18T19:42:08.000843005Z,1,1,42366523,T,B,0,48.500000000,8,0,16603,443602931,48.000000000,48.500000000,193,8,10,2,ESM6 P7100
2026-05-18T19:42:10.709432633Z,2026-05-18T19:42:10.699599189Z,1,1,42378618,T,A,0,27.000000000,5,0,15297,443620771,27.000000000,27.250000000,5,17,2,3,ESM6 P6900
2026-05-18T19:42:11.670354342Z,2026-05-18T19:42:11.664960669Z,1,1,42366523,T,B,0,48.500000000,3,0,13843,443629109,48.000000000,48.500000000,167,3,10,1,ESM6 P7100
2026-05-18T19:42:22.686070772Z,2026-05-18T19:42:22.657064859Z,1,1,42416106,T,B,0,109.500000000,2,0,12416,443743797,109.000000000,109.500000000,26,2,3,1,ESM6 C7450
2026-05-18T19:42:32.577129814Z,2026-05-18T19:42:32.345390303Z,1,1,42973069,T,A,0,7.500000000,6,0,11402,443860836,7.500000000,7.700000000,6,167,1,6,ESM6 C7825
2026-05-18T19:42:44.718076516Z,2026-05-18T19:42:44.448140135Z,1,1,42865218,T,A,0,19.500000000,1,0,15304,444007942,19.500000000,19.700000000,1,65,1,1,ESU6 C8350
2026-05-18T19:42:44.905962134Z,2026-05-18T19:42:44.581737709Z,1,1,42973069,T,A,0,7.500000000,6,0,16959,444011957,7.500000000,7.700000000,6,137,1,5,ESM6 C7825
2026-05-18T19:42:51.104053422Z,2026-05-18T19:42:51.103451437Z,1,1,2744049,T,A,0,44.500000000,1,0,22312,182995986,44.500000000,45.000000000,4,108,1,3,UD:1V: VT 2744049
2026-05-18T19:42:55.972114271Z,2026-05-18T19:42:55.966484211Z,1,1,42404366,T,A,0,9.300000000,6,0,13853,444142224,9.300000000,9.500000000,6,114,1,4,ESM6 C7800
2026-05-18T19:42:55.972366452Z,2026-05-18T19:42:55.966500993Z,1,1,42973069,T,A,0,7.400000000,6,0,11340,444142226,7.400000000,7.600000000,6,122,1,4,ESM6 C7825
2026-05-18T19:42:56.900813399Z,2026-05-18T19:42:56.876777245Z,1,1,42496686,T,A,0,11.200000000,1,0,16761,444150141,11.200000000,11.400000000,1,187,1,4,ESU6 C8500
2026-05-18T19:42:56.987999185Z,2026-05-18T19:42:56.886556025Z,1,1,2669616,T,A,0,46.750000000,1,0,17848,183025757,46.750000000,47.000000000,1,396,1,5,UD:1V: VT 2669616
2026-05-18T19:43:01.217427385Z,2026-05-18T19:43:01.009734477Z,1,1,42384725,T,B,0,137.500000000,1,0,15005,444215533,137.000000000,137.500000000,14,1,4,1,ESM6 C7400
2026-05-18T19:43:16.088959027Z,2026-05-18T19:43:16.019799445Z,1,1,42394812,T,B,0,20.500000000,1,0,13668,444403991,20.250000000,20.500000000,249,1,9,1,ESM6 P6800
2026-05-18T19:43:29.082439180Z,2026-05-18T19:43:29.081885399Z,1,1,2530034,T,A,0,-22.750000000,1,0,14012,183217308,-22.750000000,-22.500000000,1,106,1,4,UD:1V: XT 2530034
2026-05-18T19:43:32.680157870Z,2026-05-18T19:43:32.679758821Z,1,1,2529568,T,A,0,9.000000000,1,0,13323,183232239,9.000000000,9.100000000,1,1245,1,3,UD:1V: VT 2529568
2026-05-18T19:43:34.580727791Z,2026-05-18T19:43:34.575905915Z,1,1,42394812,T,A,0,20.500000000,5,0,15998,444602694,20.500000000,20.750000000,17,33,3,4,ESM6 P6800
2026-05-18T19:43:42.079653804Z,2026-05-18T19:43:42.079117937Z,1,1,42394812,T,A,0,20.500000000,1,0,16649,444664830,20.500000000,20.750000000,59,8,3,3,ESM6 P6800
2026-05-18T19:43:42.079862074Z,2026-05-18T19:43:42.079205639Z,1,1,42394812,T,A,0,20.500000000,1,0,13268,444664832,20.500000000,20.750000000,58,7,3,2,ESM6 P6800
2026-05-18T19:43:43.449864742Z,2026-05-18T19:43:43.184365987Z,1,1,42384725,T,B,0,139.500000000,1,0,15688,444687000,138.500000000,139.500000000,16,36,4,5,ESM6 C7400
2026-05-18T19:43:44.373886769Z,2026-05-18T19:43:44.175199043Z,1,1,42384731,T,B,0,88.500000000,2,0,11541,444704731,88.000000000,88.500000000,70,2,5,1,ESM6 P7300
2026-05-18T19:43:44.930082685Z,2026-05-18T19:43:44.845747751Z,1,1,42366523,T,A,0,47.750000000,5,0,13716,444716198,47.750000000,48.250000000,18,43,3,5,ESM6 P7100
2026-05-18T19:43:45.744621313Z,2026-05-18T19:43:45.744303755Z,1,1,42394812,T,B,0,20.500000000,1,0,13567,444724369,20.250000000,20.500000000,320,1,10,1,ESM6 P6800
2026-05-18T19:43:45.975316041Z,2026-05-18T19:43:45.967066567Z,1,1,42394812,T,B,0,20.500000000,1,0,12762,444726052,20.250000000,20.500000000,491,1,11,1,ESM6 P6800
2026-05-18T19:43:46.154163372Z,2026-05-18T19:43:46.153832463Z,1,1,42394812,T,B,0,20.500000000,1,0,13736,444728751,20.250000000,20.500000000,491,1,11,1,ESM6 P6800
2026-05-18T19:43:50.072725006Z,2026-05-18T19:43:49.774196423Z,1,1,42394812,T,A,0,20.500000000,1,0,12663,444771904,20.500000000,21.000000000,84,190,3,7,ESM6 P6800
2026-05-18T19:43:51.097946009Z,2026-05-18T19:43:50.628907721Z,1,1,42366513,T,B,0,122.000000000,2,0,11176,444791497,121.500000000,122.000000000,17,2,1,1,ESM6 P7400
2026-05-18T19:44:13.455232371Z,2026-05-18T19:44:13.449492001Z,1,1,2670154,T,B,0,180.500000000,23,0,12938,183426521,180.000000000,180.500000000,68,67,1,1,UD:1V: VT 2670154
2026-05-18T19:44:13.869704672Z,2026-05-18T19:44:13.869173921Z,1,1,2670154,T,B,0,180.500000000,22,0,14630,183427444,180.000000000,180.500000000,225,67,4,1,UD:1V: VT 2670154
2026-05-18T19:44:26.581576827Z,2026-05-18T19:44:26.545053733Z,1,1,42366511,T,A,0,46.250000000,1,0,13796,445140410,46.250000000,46.500000000,1,28,1,5,ESM6 C7600
2026-05-18T19:44:43.902497341Z,2026-05-18T19:44:43.901987033Z,1,1,42378618,T,B,0,27.000000000,3,0,13434,445311564,26.750000000,27.000000000,62,3,6,1,ESM6 P6900
2026-05-18T19:44:50.797419761Z,2026-05-18T19:44:50.662920801Z,1,1,42399646,T,A,0,22.250000000,6,0,13984,445374247,22.250000000,22.500000000,6,31,1,3,ESM6 C7700
2026-05-18T19:45:02.763982017Z,2026-05-18T19:45:02.362646059Z,1,1,42404374,T,A,0,35.750000000,1,0,15557,445514124,35.750000000,36.000000000,1,70,1,5,ESM6 P7000
2026-05-18T19:45:07.541646740Z,2026-05-18T19:45:07.541164873Z,1,1,42496686,T,A,0,11.300000000,1,0,14050,445573135,11.300000000,11.500000000,1,63,1,3,ESU6 C8500
2026-05-18T19:45:08.585811804Z,2026-05-18T19:45:08.585321199Z,1,1,42496686,T,A,0,11.300000000,1,0,14305,445579991,11.300000000,11.500000000,1,63,1,3,ESU6 C8500
2026-05-18T19:45:16.508661915Z,2026-05-18T19:45:16.508223115Z,1,1,42384725,T,B,0,140.000000000,1,0,13092,445676262,139.000000000,140.000000000,39,24,6,4,ESM6 C7400
2026-05-18T19:45:23.554508590Z,2026-05-18T19:45:23.553969027Z,1,1,42696853,T,A,0,39.500000000,1,0,12831,445752024,39.500000000,39.750000000,1,79,1,5,ESM6 C7625
2026-05-18T19:45:27.160150689Z,2026-05-18T19:45:27.159581907Z,1,1,42696853,T,A,0,39.500000000,1,0,13572,445780730,39.500000000,39.750000000,1,33,1,5,ESM6 C7625
2026-05-18T19:45:32.031859764Z,2026-05-18T19:45:31.695024163Z,1,1,42384779,T,A,0,12.600000000,1,0,15622,445829857,12.600000000,12.900000000,211,81,5,4,ESM6 P6600
2026-05-18T19:45:32.673055553Z,2026-05-18T19:45:32.645954957Z,1,1,42973069,T,A,0,7.600000000,6,0,13094,445841997,7.600000000,7.800000000,6,129,1,5,ESM6 C7825
2026-05-18T19:45:33.037447219Z,2026-05-18T19:45:32.847794693Z,1,1,42627610,T,A,0,32.750000000,2,0,11202,445847449,32.750000000,33.250000000,6,95,1,7,ESM6 C7650
2026-05-18T19:45:37.356955928Z,2026-05-18T19:45:37.335012691Z,1,1,42602509,T,A,0,6.000000000,6,0,11413,445894260,6.000000000,6.200000000,6,179,1,6,ESM6 C7850
2026-05-18T19:45:37.404922826Z,2026-05-18T19:45:37.339836357Z,1,1,42865218,T,A,0,19.600000000,1,0,16146,445895115,19.600000000,19.800000000,1,6,1,1,ESU6 C8350
2026-05-18T19:45:41.738284247Z,2026-05-18T19:45:41.608928809Z,1,1,42399646,T,B,0,22.500000000,1,0,14542,445946756,22.250000000,22.500000000,40,1,2,1,ESM6 C7700
2026-05-18T19:45:45.639572620Z,2026-05-18T19:45:45.577385481Z,1,1,42399646,T,B,0,22.500000000,1,0,11661,445994910,22.250000000,22.500000000,232,1,8,1,ESM6 C7700
2026-05-18T19:45:50.292539334Z,2026-05-18T19:45:50.268544935Z,1,1,42496686,T,A,0,11.300000000,1,0,13762,446036513,11.300000000,11.600000000,1,312,1,5,ESU6 C8500
2026-05-18T19:45:51.056308229Z,2026-05-18T19:45:51.055800827Z,1,1,42496686,T,A,0,11.300000000,1,0,13935,446048657,11.300000000,11.600000000,1,312,1,5,ESU6 C8500
2026-05-18T19:46:01.057363687Z,2026-05-18T19:46:00.895145429Z,1,1,42372983,T,A,0,4.800000000,3,0,14286,446151635,4.800000000,4.900000000,3,205,1,5,ESM6 P6050
2026-05-18T19:46:05.476854235Z,2026-05-18T19:46:05.428299887Z,1,1,42429065,T,A,0,30.750000000,8,0,16302,446213240,30.750000000,31.250000000,8,73,2,4,ESM6 P6950
2026-05-18T19:46:05.569203623Z,2026-05-18T19:46:05.476852373Z,1,1,42429065,T,B,0,30.750000000,24,0,14401,446215176,30.500000000,30.750000000,156,24,5,1,ESM6 P6950
2026-05-18T19:46:05.611964535Z,2026-05-18T19:46:05.539604783Z,1,1,2668628,T,B,0,3.050000000,13,0,18655,183948589,2.500000000,3.050000000,29,146,2,1,UD:1V: GN 2668628
2026-05-18T19:46:05.662760447Z,2026-05-18T19:46:05.608197017Z,1,1,2667368,T,B,0,19.900000000,6,0,12838,183949217,19.800000000,19.900000000,56,6,1,1,UD:1V: VT 2667368
2026-05-18T19:46:05.840546325Z,2026-05-18T19:46:05.808898657Z,1,1,2583102,T,A,0,22.750000000,6,0,12720,183950656,22.750000000,23.000000000,6,245,1,5,UD:1V: VT 2583102
2026-05-18T19:46:05.995802553Z,2026-05-18T19:46:05.845836581Z,1,1,2666438,T,A,0,10.700000000,6,0,13497,183952008,10.700000000,10.900000000,6,787,1,6,UD:1V: VT 2666438
2026-05-18T19:46:13.083611076Z,2026-05-18T19:46:13.083081057Z,1,1,2530099,T,B,0,1.300000000,1,0,14344,183981570,1.200000000,1.300000000,1186,6,3,1,UD:1V: GN 2530099
2026-05-18T19:46:17.270900524Z,2026-05-18T19:46:17.216573683Z,1,1,2744049,T,B,0,43.750000000,1,0,14740,184011136,43.500000000,43.750000000,194,1,3,1,UD:1V: VT 2744049
2026-05-18T19:46:17.542946505Z,2026-05-18T19:46:17.542417399Z,1,1,42397649,T,B,0,133.500000000,1,0,15525,446354452,133.000000000,133.500000000,154,1,6,1,ESU6 P6950
2026-05-18T19:46:19.379176924Z,2026-05-18T19:46:19.298993805Z,1,1,2583102,T,A,0,22.500000000,1,0,13978,184023903,22.500000000,22.750000000,6,173,1,4,UD:1V: VT 2583102
2026-05-18T19:46:23.486464030Z,2026-05-18T19:46:23.468373923Z,1,1,2744049,T,B,0,43.750000000,1,0,14064,184044792,43.500000000,43.750000000,266,1,5,1,UD:1V: VT 2744049
2026-05-18T19:46:23.496744674Z,2026-05-18T19:46:23.492783531Z,1,1,2744049,T,B,0,43.750000000,1,0,17350,184044879,43.500000000,43.750000000,364,1,6,1,UD:1V: VT 2744049
2026-05-18T19:46:24.469052945Z,2026-05-18T19:46:24.468546879Z,1,1,42496686,T,A,0,11.400000000,1,0,13219,446433762,11.400000000,11.600000000,1,171,1,4,ESU6 C8500
2026-05-18T19:46:25.461484871Z,2026-05-18T19:46:25.446985555Z,1,1,42399646,T,A,0,22.750000000,10,0,15928,446443513,22.750000000,23.000000000,10,51,2,4,ESM6 C7700
2026-05-18T19:46:26.583718926Z,2026-05-18T19:46:26.583159135Z,1,1,2744049,T,B,0,43.750000000,1,0,15551,184059333,43.500000000,43.750000000,370,1,7,1,UD:1V: VT 2744049
2026-05-18T19:46:26.783745235Z,2026-05-18T19:46:26.783250059Z,1,1,2744049,T,B,0,43.750000000,1,0,16625,184059742,43.500000000,43.750000000,370,1,7,1,UD:1V: VT 2744049
2026-05-18T19:46:26.985169523Z,2026-05-18T19:46:26.984638023Z,1,1,2744049,T,B,0,43.750000000,1,0,12893,184060409,43.500000000,43.750000000,370,1,7,1,UD:1V: VT 2744049
2026-05-18T19:46:27.168633892Z,2026-05-18T19:46:27.168088775Z,1,1,2744049,T,B,0,43.750000000,1,0,13548,184060710,43.500000000,43.750000000,370,1,7,1,UD:1V: VT 2744049
2026-05-18T19:46:27.343827834Z,2026-05-18T19:46:27.343289973Z,1,1,2744049,T,B,0,43.750000000,1,0,14422,184060958,43.500000000,43.750000000,370,1,7,1,UD:1V: VT 2744049
2026-05-18T19:46:27.514661499Z,2026-05-18T19:46:27.514155709Z,1,1,2744049,T,B,0,43.750000000,1,0,12852,184061520,43.500000000,43.750000000,410,1,7,1,UD:1V: VT 2744049
2026-05-18T19:46:27.706293829Z,2026-05-18T19:46:27.703271603Z,1,1,2744049,T,A,0,43.750000000,1,0,13833,184063015,43.750000000,44.000000000,4,79,1,2,UD:1V: VT 2744049
2026-05-18T19:46:27.864866463Z,2026-05-18T19:46:27.864337997Z,1,1,2744049,T,B,0,43.750000000,1,0,15446,184063449,43.500000000,43.750000000,410,1,7,1,UD:1V: VT 2744049
2026-05-18T19:46:28.197864494Z,2026-05-18T19:46:28.144860253Z,1,1,2744049,T,B,0,43.750000000,1,0,17237,184066418,43.500000000,43.750000000,370,1,6,1,UD:1V: VT 2744049
2026-05-18T19:46:28.525097090Z,2026-05-18T19:46:28.372035255Z,1,1,2744049,T,B,0,43.750000000,1,0,13677,184069589,43.500000000,43.750000000,370,1,6,1,UD:1V: VT 2744049
2026-05-18T19:46:28.608914519Z,2026-05-18T19:46:28.560226527Z,1,1,2744049,T,B,0,43.750000000,1,0,19859,184070639,43.500000000,43.750000000,370,1,6,1,UD:1V: VT 2744049
2026-05-18T19:46:32.708007403Z,2026-05-18T19:46:32.707443409Z,1,1,2744049,T,B,0,43.750000000,5,0,17536,184096457,43.500000000,43.750000000,410,5,7,1,UD:1V: VT 2744049
2026-05-18T19:46:33.540889451Z,2026-05-18T19:46:33.540368359Z,1,1,2744049,T,B,0,43.750000000,5,0,16963,184097718,43.500000000,43.750000000,410,5,7,1,UD:1V: VT 2744049
2026-05-18T19:46:49.567746268Z,2026-05-18T19:46:49.491361675Z,1,1,2530119,T,A,0,47.000000000,29,0,16820,184149144,47.000000000,47.250000000,50,95,1,4,UD:1V: GN 2530119
2026-05-18T19:46:49.569516743Z,2026-05-18T19:46:49.493029489Z,1,1,2530119,T,A,0,47.000000000,21,0,11442,184149150,47.000000000,47.250000000,21,95,1,4,UD:1V: GN 2530119
2026-05-18T19:46:52.039926332Z,2026-05-18T19:46:52.039356467Z,1,1,2530119,T,A,0,47.000000000,6,0,26293,184156691,47.000000000,47.250000000,50,125,1,4,UD:1V: GN 2530119
2026-05-18T19:46:52.979892279Z,2026-05-18T19:46:52.979358557Z,1,1,2530119,T,A,0,47.000000000,1,0,20494,184157344,47.000000000,47.250000000,44,125,1,4,UD:1V: GN 2530119
2026-05-18T19:46:53.357297979Z,2026-05-18T19:46:53.354381605Z,1,1,2530119,T,A,0,47.000000000,5,0,14294,184158304,47.000000000,47.250000000,43,125,1,4,UD:1V: GN 2530119
2026-05-18T19:46:53.388638983Z,2026-05-18T19:46:53.358826951Z,1,1,42404374,T,B,0,35.500000000,5,0,11143,446695652,35.250000000,35.500000000,117,5,8,1,ESM6 P7000
2026-05-18T19:46:53.565398491Z,2026-05-18T19:46:53.564410217Z,1,1,2530119,T,A,0,47.000000000,38,0,13526,184159405,47.000000000,47.250000000,38,125,1,4,UD:1V: GN 2530119
2026-05-18T19:46:56.821927415Z,2026-05-18T19:46:56.473815769Z,1,1,2530119,T,A,0,47.000000000,3,0,22203,184181480,47.000000000,47.250000000,50,125,1,5,UD:1V: GN 2530119
2026-05-18T19:46:56.837280167Z,2026-05-18T19:46:56.519229433Z,1,1,42867406,T,B,0,124.500000000,1,0,11504,446744670,123.500000000,124.500000000,9,42,3,7,ESM6 C7425
2026-05-18T19:46:57.037584295Z,2026-05-18T19:46:56.821936743Z,1,1,2530119,T,A,0,47.000000000,5,0,13081,184183551,47.000000000,47.250000000,47,169,1,5,UD:1V: GN 2530119
2026-05-18T19:46:57.168847582Z,2026-05-18T19:46:57.138231499Z,1,1,42496686,T,A,0,11.300000000,1,0,14403,446752495,11.300000000,11.600000000,1,318,1,6,ESU6 C8500
2026-05-18T19:46:58.072896518Z,2026-05-18T19:46:58.070564499Z,1,1,2530119,T,A,0,47.000000000,10,0,15134,184189001,47.000000000,47.250000000,42,110,1,4,UD:1V: GN 2530119
2026-05-18T19:46:59.769279487Z,2026-05-18T19:46:59.749463961Z,1,1,42496686,T,A,0,11.300000000,1,0,14040,446773993,11.300000000,11.600000000,1,318,1,6,ESU6 C8500
2026-05-18T19:47:00.153515149Z,2026-05-18T19:47:00.147598443Z,1,1,2530119,T,A,0,47.000000000,30,0,14563,184193741,47.000000000,47.250000000,32,206,1,6,UD:1V: GN 2530119
2026-05-18T19:47:00.318644646Z,2026-05-18T19:47:00.282378477Z,1,1,2530119,T,A,0,47.000000000,2,0,11433,184195004,47.000000000,47.250000000,2,199,1,6,UD:1V: GN 2530119
2026-05-18T19:47:14.310336364Z,2026-05-18T19:47:14.282067925Z,1,1,42865218,T,A,0,19.500000000,1,0,11602,446895438,19.500000000,19.800000000,1,188,1,4,ESU6 C8350
2026-05-18T19:48:37.072599469Z,2026-05-18T19:48:36.766807095Z,1,1,2529998,T,A,0,5.200000000,1,0,11445,184576245,5.200000000,5.800000000,1,23,1,2,UD:1V: 12 2529998
2026-05-18T19:48:39.807122471Z,2026-05-18T19:48:39.776945961Z,1,1,42627610,T,A,0,33.250000000,3,0,11298,447727036,33.250000000,33.500000000,3,2,1,1,ESM6 C7650
2026-05-18T19:48:39.809791171Z,2026-05-18T19:48:39.776946317Z,1,1,42611781,T,A,0,64.500000000,2,0,10545,447727105,64.500000000,64.750000000,2,69,1,3,ESM6 C7550
2026-05-18T19:48:51.857587867Z,2026-05-18T19:48:51.713364729Z,1,1,2530090,T,B,0,88.000000000,1,0,12929,184657626,87.250000000,88.000000000,91,1,3,1,UD:1V: SG 2530090
2026-05-18T19:48:55.381563172Z,2026-05-18T19:48:55.381040833Z,1,1,42394761,T,B,0,6.700000000,1,0,15443,447928274,6.400000000,6.700000000,73,441,4,10,ESM6 P6250
2026-05-18T19:49:02.689699681Z,2026-05-18T19:49:02.137123575Z,1,1,2554994,T,A,0,1.050000000,1,0,18565,184707184,1.050000000,1.200000000,1,231,1,3,UD:1V: IC 2554994
2026-05-18T19:49:04.117107796Z,2026-05-18T19:49:03.595685735Z,1,1,42397712,T,B,0,92.000000000,16,0,11270,448032619,91.750000000,92.000000000,7,27,1,1,ESU6 C7900
2026-05-18T19:49:15.373289086Z,2026-05-18T19:49:15.372795105Z,1,1,43024830,T,A,0,1.750000000,1,0,11157,448182032,1.750000000,1.800000000,1,226,1,4,ESM6 P5325
2026-05-18T19:49:15.551493465Z,2026-05-18T19:49:15.516389821Z,1,1,42384725,T,B,0,142.000000000,1,0,11355,448183667,141.500000000,142.000000000,18,1,6,1,ESM6 C7400
2026-05-18T19:49:16.251670657Z,2026-05-18T19:49:16.081088035Z,1,1,42394732,T,A,0,1.800000000,1,0,13332,448194305,1.800000000,1.850000000,1,225,1,4,ESM6 P5350
2026-05-18T19:49:17.353395330Z,2026-05-18T19:49:16.992309909Z,1,1,42394743,T,A,0,1.900000000,1,0,11241,448208999,1.900000000,2.000000000,1,669,1,9,ESM6 P5400
2026-05-18T19:49:24.846067030Z,2026-05-18T19:49:24.845595575Z,1,1,42399646,T,B,0,23.250000000,1,0,14165,448318775,23.000000000,23.250000000,94,1,6,1,ESM6 C7700
2026-05-18T19:49:31.325461580Z,2026-05-18T19:49:31.285652891Z,1,1,42496686,T,A,0,11.500000000,9,0,11893,448378739,11.500000000,11.700000000,9,243,2,5,ESU6 C8500
2026-05-18T19:49:32.232566542Z,2026-05-18T19:49:32.026923035Z,1,1,42902242,T,B,0,150.500000000,1,0,11137,448393695,150.000000000,150.500000000,10,1,2,1,ESM6 P7475
2026-05-18T19:49:34.683426934Z,2026-05-18T19:49:34.476572731Z,1,1,42602509,T,A,0,6.200000000,6,0,13985,448432859,6.200000000,6.400000000,6,198,1,5,ESM6 C7850
2026-05-18T19:49:48.319776849Z,2026-05-18T19:49:48.288426299Z,1,1,42384731,T,B,0,86.500000000,2,0,12956,448563508,86.000000000,86.500000000,27,2,5,1,ESM6 P7300
2026-05-18T19:49:48.535535809Z,2026-05-18T19:49:48.366633267Z,1,1,2523192,T,A,0,230.500000000,6,0,11661,184954357,230.500000000,232.000000000,6,78,1,5,UD:1V: SG 2523192
2026-05-18T19:49:48.552215787Z,2026-05-18T19:49:48.366525251Z,1,1,42378346,T,A,0,86.250000000,8,0,11459,448567570,86.250000000,86.750000000,8,2,2,1,ESM6 C7500
2026-05-18T19:49:48.558026767Z,2026-05-18T19:49:48.366661201Z,1,1,42902241,T,A,0,98.500000000,6,0,11349,448567709,98.500000000,99.250000000,6,48,1,4,ESM6 C7475
2026-05-18T19:49:48.617686073Z,2026-05-18T19:49:48.533948715Z,1,1,42378346,T,B,0,86.250000000,32,0,12814,448569745,86.000000000,86.250000000,5,4,1,1,ESM6 C7500
2026-05-18T19:49:49.449735839Z,2026-05-18T19:49:49.188124145Z,1,1,42384755,T,B,0,164.000000000,1,0,11047,448579832,162.500000000,164.000000000,26,1,1,1,ESM6 P7500
2026-05-18T19:49:52.532539999Z,2026-05-18T19:49:51.820840365Z,1,1,42627610,T,A,0,33.500000000,10,0,11343,448624048,33.500000000,33.750000000,10,2,1,1,ESM6 C7650
2026-05-18T19:50:00.169957335Z,2026-05-18T19:50:00.009710763Z,1,1,2518296,T,B,0,5.500000000,6,0,20815,185015570,5.100000000,5.500000000,294,6,2,1,UD:1V: VT 2518296
2026-05-18T19:50:37.895340345Z,2026-05-18T19:50:37.894885891Z,1,1,540367,T,A,0,97.500000000,1,0,13746,449283502,97.500000000,98.000000000,1,83,1,3,ESZ6 P6100
2026-05-18T19:50:57.793400596Z,2026-05-18T19:50:57.757819171Z,1,1,42359891,T,B,0,298.500000000,20,0,11382,449516603,297.000000000,298.500000000,83,20,4,1,ESZ6 P7300
2026-05-18T19:51:00.770022239Z,2026-05-18T19:51:00.447704825Z,1,1,2530269,T,A,0,1.100000000,88,0,15120,185352167,1.100000000,1.150000000,88,4070,1,9,UD:1V: VT 2530269
2026-05-18T19:51:06.812153758Z,2026-05-18T19:51:06.811596803Z,1,1,2530259,T,A,0,5.900000000,1,0,24240,185378361,5.900000000,6.100000000,2716,2385,8,8,UD:1V: VT 2530259
2026-05-18T19:51:12.607989691Z,2026-05-18T19:51:12.431520117Z,1,1,42668409,T,B,0,78.500000000,30,0,15485,449691271,77.750000000,78.500000000,179,31,6,2,ESU6 C7950
2026-05-18T19:51:32.897245892Z,2026-05-18T19:51:32.817419907Z,1,1,42668409,T,B,0,78.750000000,30,0,14335,449905260,78.250000000,78.750000000,39,31,5,2,ESU6 C7950
2026-05-18T19:51:34.093807615Z,2026-05-18T19:51:33.992249907Z,1,1,42384725,T,A,0,141.000000000,10,0,16005,449925192,141.000000000,141.500000000,10,78,1,7,ESM6 C7400
2026-05-18T19:51:42.000643441Z,2026-05-18T19:51:42.000125465Z,1,1,42696853,T,B,0,40.000000000,1,0,13444,449994582,39.500000000,40.000000000,122,19,7,3,ESM6 C7625
2026-05-18T19:51:55.680434553Z,2026-05-18T19:51:55.679872725Z,1,1,42804678,T,B,0,265.500000000,4,0,13354,450142223,265.000000000,265.500000000,3,4,2,1,ESM6 C7225
2026-05-18T19:51:55.693915958Z,2026-05-18T19:51:55.693391635Z,1,1,2530309,T,A,0,89.250000000,1,0,15535,185560493,89.250000000,89.750000000,21,21,1,1,UD:1V: VT 2530309
2026-05-18T19:52:04.730701812Z,2026-05-18T19:52:04.238070331Z,1,1,42510079,T,A,0,173.500000000,1,0,12826,450247855,173.500000000,174.500000000,10,10,2,2,ESM6 C7350
2026-05-18T19:52:16.863812492Z,2026-05-18T19:52:16.847660569Z,1,1,42378618,T,A,0,25.750000000,1,0,11140,450366309,25.750000000,26.000000000,1,69,1,7,ESM6 P6900
2026-05-18T19:52:18.789373730Z,2026-05-18T19:52:18.687188097Z,1,1,42384725,T,B,0,142.000000000,1,0,11746,450381569,141.500000000,142.000000000,14,4,4,1,ESM6 C7400
2026-05-18T19:52:18.792655627Z,2026-05-18T19:52:18.687365207Z,1,1,42384725,T,B,0,142.000000000,1,0,11610,450381696,141.500000000,142.000000000,14,3,4,1,ESM6 C7400
2026-05-18T19:52:18.926652982Z,2026-05-18T19:52:18.718876623Z,1,1,42384725,T,B,0,142.000000000,2,0,11688,450384625,141.500000000,142.000000000,18,2,5,1,ESM6 C7400
2026-05-18T19:52:22.193369275Z,2026-05-18T19:52:22.176003831Z,1,1,42556486,T,A,0,21.750000000,1,0,12668,450426736,21.750000000,22.000000000,1,205,1,2,ESZ6 P4250
2026-05-18T19:52:29.075752800Z,2026-05-18T19:52:29.061933301Z,1,1,2515268,T,A,0,1.050000000,25,0,13919,185698771,1.050000000,1.100000000,136,157,2,2,UD:1V: VT 2515268
2026-05-18T19:52:30.526388904Z,2026-05-18T19:52:30.525894849Z,1,1,42394733,T,A,0,1.650000000,1,0,16033,450505821,1.650000000,1.700000000,1,612,1,6,ESM6 P5300
2026-05-18T19:52:33.551413846Z,2026-05-18T19:52:33.501973815Z,1,1,42853784,T,A,0,1.800000000,1,0,13824,450549806,1.800000000,1.850000000,1,246,1,4,ESM6 P5375
2026-05-18T19:52:39.856833807Z,2026-05-18T19:52:39.856297473Z,1,1,42378374,T,B,0,62.250000000,1,0,16634,450624073,61.750000000,62.250000000,94,2,7,1,ESM6 P7200
2026-05-18T19:52:45.327389162Z,2026-05-18T19:52:45.326810893Z,1,1,2524640,T,A,0,-24.500000000,1,0,14345,185770177,-24.500000000,-24.000000000,1,38,1,3,UD:1V: GN 2524640
2026-05-18T19:52:48.158699227Z,2026-05-18T19:52:48.050344697Z,1,1,42604671,T,A,0,185.000000000,4,0,16718,450697448,185.000000000,185.500000000,4,60,1,5,ESU6 C7650
2026-05-18T19:53:00.626006778Z,2026-05-18T19:53:00.485499783Z,1,1,2626673,T,A,0,10.400000000,194,0,20174,185833597,10.400000000,10.500000000,194,794,1,5,UD:1V: VT 2626673
2026-05-18T19:53:07.331946950Z,2026-05-18T19:53:07.327349969Z,1,1,42413515,T,A,0,264.000000000,3,0,16254,450915571,264.000000000,265.000000000,3,79,1,6,ESU6 C7500
2026-05-18T19:53:07.343297094Z,2026-05-18T19:53:07.342813817Z,1,1,42413515,T,A,0,264.000000000,17,0,14263,450915785,264.000000000,265.000000000,42,79,1,6,ESU6 C7500
2026-05-18T19:53:09.060771953Z,2026-05-18T19:53:09.060252495Z,1,1,42409657,T,A,0,2.400000000,24,0,16133,450931083,2.400000000,2.450000000,24,203,1,3,ESM6 P5600
2026-05-18T19:53:10.369374395Z,2026-05-18T19:53:10.017451469Z,1,1,42397649,T,A,0,131.500000000,3,0,13969,450947642,131.500000000,132.000000000,3,114,1,5,ESU6 P6950
2026-05-18T19:53:12.757170510Z,2026-05-18T19:53:12.556128455Z,1,1,42404367,T,B,0,4.850000000,8,0,14237,450990205,4.800000000,4.850000000,527,8,6,1,ESM6 P6100
2026-05-18T19:53:28.370468211Z,2026-05-18T19:53:28.369883711Z,1,1,42892714,T,B,0,19.000000000,21,0,13146,451190323,18.600000000,19.000000000,85,25,6,1,ESM6 C7725
2026-05-18T19:53:28.376280670Z,2026-05-18T19:53:28.370101451Z,1,1,42892714,T,B,0,19.000000000,4,0,14421,451190398,18.600000000,19.000000000,85,4,6,1,ESM6 C7725
2026-05-18T19:53:30.451845724Z,2026-05-18T19:53:30.015618895Z,1,1,2514731,T,B,0,1.950000000,3,0,11962,185988780,1.900000000,1.950000000,6,3,1,1,UD:1V: VT 2514731
2026-05-18T19:53:33.743002598Z,2026-05-18T19:53:33.256325261Z,1,1,42378374,T,B,0,62.250000000,1,0,16529,451273662,62.000000000,62.250000000,37,1,3,1,ESM6 P7200
2026-05-18T19:53:36.215194102Z,2026-05-18T19:53:36.160228633Z,1,1,42378346,T,B,0,87.000000000,2,0,15178,451305039,86.750000000,87.000000000,38,2,2,1,ESM6 C7500
2026-05-18T19:53:55.763876895Z,2026-05-18T19:53:55.763398061Z,1,1,42892714,T,A,0,18.600000000,2,0,17240,451504074,18.600000000,19.000000000,143,52,6,4,ESM6 C7725
2026-05-18T19:54:18.029314237Z,2026-05-18T19:54:18.028901061Z,1,1,42384725,T,B,0,141.500000000,18,0,13558,451768319,141.000000000,141.500000000,73,18,8,1,ESM6 C7400
2026-05-18T19:54:21.898382414Z,2026-05-18T19:54:21.767366861Z,1,1,42384725,T,B,0,141.000000000,1,0,15280,451820807,140.500000000,141.000000000,67,31,4,1,ESM6 C7400
2026-05-18T19:54:21.928451217Z,2026-05-18T19:54:21.835385289Z,1,1,42384725,T,B,0,141.000000000,30,0,12884,451821509,140.500000000,141.000000000,69,30,5,1,ESM6 C7400
2026-05-18T19:54:22.766470823Z,2026-05-18T19:54:22.545864021Z,1,1,2626673,T,B,0,10.500000000,2,0,13674,186233711,10.400000000,10.500000000,775,2,6,1,UD:1V: VT 2626673
2026-05-18T19:54:24.196321006Z,2026-05-18T19:54:24.186327047Z,1,1,42384725,T,B,0,141.000000000,1,0,14114,451855406,140.500000000,141.000000000,88,1,6,1,ESM6 C7400
2026-05-18T19:54:34.605493006Z,2026-05-18T19:54:34.530360867Z,1,1,42399646,T,A,0,22.500000000,8,0,17452,451994380,22.500000000,23.000000000,8,146,2,5,ESM6 C7700
2026-05-18T19:55:01.307726811Z,2026-05-18T19:55:00.503795477Z,1,1,42496686,T,A,0,11.500000000,3,0,17038,452318549,11.500000000,11.700000000,3,35,1,2,ESU6 C8500
2026-05-18T19:55:25.828028139Z,2026-05-18T19:55:25.803965715Z,1,1,42867406,T,A,0,126.000000000,3,0,17940,452674878,126.000000000,126.500000000,3,16,1,3,ESM6 C7425
2026-05-18T19:55:33.574988684Z,2026-05-18T19:55:33.538514425Z,1,1,42378346,T,B,0,86.500000000,1,0,13826,452762248,86.000000000,86.500000000,1,13,1,4,ESM6 C7500
2026-05-18T19:55:37.469903798Z,2026-05-18T19:55:37.030469429Z,1,1,42366513,T,B,0,118.000000000,3,0,16352,452812273,117.000000000,118.000000000,14,3,2,1,ESM6 P7400
2026-05-18T19:55:44.203063724Z,2026-05-18T19:55:44.195360135Z,1,1,2669616,T,A,0,47.250000000,1,0,23291,186681345,47.250000000,47.500000000,1,320,1,5,UD:1V: VT 2669616
2026-05-18T19:55:47.634072043Z,2026-05-18T19:55:47.401901329Z,1,1,42372981,T,A,0,1.650000000,8,0,12520,452984582,1.650000000,1.750000000,8,772,1,11,ESM6 C8000
2026-05-18T19:55:47.714783651Z,2026-05-18T19:55:47.402370887Z,1,1,42881512,T,A,0,3.000000000,5,0,14317,452985954,3.000000000,3.100000000,5,74,1,3,ESM6 C7925
2026-05-18T19:55:47.743683142Z,2026-05-18T19:55:47.403893741Z,1,1,42378449,T,B,0,4.250000000,1,0,13032,452986464,4.200000000,4.250000000,1,1,1,1,ESM6 P6000
2026-05-18T19:55:50.666710690Z,2026-05-18T19:55:50.576795281Z,1,1,42366513,T,B,0,119.500000000,4,0,16523,453043289,119.000000000,119.500000000,6,4,1,2,ESM6 P7400
2026-05-18T19:56:13.885337753Z,2026-05-18T19:56:13.884823389Z,1,1,42366460,T,A,0,0.500000000,2,0,13784,453399310,0.500000000,0.550000000,2,587,1,6,ESM6 P4250
2026-05-18T19:56:18.148538433Z,2026-05-18T19:56:18.096926557Z,1,1,42439354,T,A,0,117.500000000,26,0,14421,453439326,117.500000000,118.000000000,26,109,1,6,ESU6 P6850
2026-05-18T19:56:21.307174443Z,2026-05-18T19:56:21.306607303Z,1,1,42366511,T,A,0,46.250000000,1,0,17048,453475948,46.250000000,47.000000000,70,162,7,9,ESM6 C7600
2026-05-18T19:56:39.368724956Z,2026-05-18T19:56:39.153968865Z,1,1,42394732,T,A,0,1.700000000,1,0,17046,453692919,1.700000000,1.750000000,1,326,1,5,ESM6 P5350
2026-05-18T19:56:40.026197404Z,2026-05-18T19:56:39.896529141Z,1,1,2907534,T,A,0,3.400000000,60,0,18051,186989274,3.400000000,3.500000000,60,618,2,5,UD:1V: VT 2907534
2026-05-18T19:56:40.055708993Z,2026-05-18T19:56:39.897896987Z,1,1,2619702,T,A,0,6.400000000,34,0,11300,186989790,6.400000000,6.600000000,34,325,2,3,UD:1V: VT 2619702
2026-05-18T19:56:40.144885792Z,2026-05-18T19:56:40.122098495Z,1,1,2619702,T,A,0,6.400000000,58,0,17370,186991225,6.400000000,6.600000000,58,438,1,3,UD:1V: VT 2619702
2026-05-18T19:56:47.776589350Z,2026-05-18T19:56:47.774041995Z,1,1,42366523,T,B,0,46.500000000,1,0,13628,453782278,46.250000000,46.500000000,105,1,5,1,ESM6 P7100
2026-05-18T19:56:48.082179177Z,2026-05-18T19:56:48.026989837Z,1,1,42366523,T,B,0,46.500000000,49,0,13848,453787420,46.250000000,46.500000000,162,1,7,1,ESM6 P7100
2026-05-18T19:57:00.412420994Z,2026-05-18T19:57:00.272246241Z,1,1,42394743,T,A,0,1.800000000,1,0,13949,453921667,1.800000000,1.850000000,1,98,1,2,ESM6 P5400
2026-05-18T19:57:02.553658570Z,2026-05-18T19:57:02.405215167Z,1,1,42320751,T,B,0,74.000000000,2,0,16714,453955691,73.750000000,74.000000000,56,2,3,1,ESM6 P7250
2026-05-18T19:57:09.034538609Z,2026-05-18T19:57:09.027491833Z,1,1,42366523,T,B,0,46.750000000,2,0,16868,454029758,46.500000000,46.750000000,67,2,5,1,ESM6 P7100
2026-05-18T19:57:09.053237091Z,2026-05-18T19:57:09.037219213Z,1,1,42366523,T,B,0,46.750000000,27,0,11369,454030257,46.500000000,46.750000000,67,88,5,1,ESM6 P7100
2026-05-18T19:57:13.344531350Z,2026-05-18T19:57:13.244819685Z,1,1,42637001,T,B,0,140.000000000,2,0,15347,454091288,139.500000000,140.000000000,18,2,3,1,ESM6 P7450
2026-05-18T19:57:15.853843435Z,2026-05-18T19:57:15.766282419Z,1,1,2598103,T,A,0,0.050000000,28,0,20694,187163073,0.050000000,0.250000000,50,23,1,2,UD:1V: 13 2598103
2026-05-18T19:57:31.649983078Z,2026-05-18T19:57:31.649468727Z,1,1,42384725,T,B,0,139.500000000,2,0,20670,454283114,138.500000000,139.500000000,44,30,6,5,ESM6 C7400
2026-05-18T19:57:33.773020015Z,2026-05-18T19:57:33.772661041Z,1,1,42583278,T,A,0,23.500000000,1,0,17447,454307240,23.500000000,23.750000000,1,258,1,5,ESZ6 P4350
2026-05-18T19:57:45.010049430Z,2026-05-18T19:57:45.000302299Z,1,1,42399646,T,A,0,22.000000000,2,0,16914,454407440,22.000000000,22.250000000,2,80,1,4,ESM6 C7700
2026-05-18T19:58:10.590069086Z,2026-05-18T19:58:10.589770739Z,1,1,42404374,T,A,0,34.500000000,1,0,16736,454701152,34.500000000,34.750000000,1,109,1,8,ESM6 P7000
2026-05-18T19:58:26.155991427Z,2026-05-18T19:58:26.081433873Z,1,1,42384725,T,A,0,139.500000000,2,0,11261,454821582,139.500000000,140.000000000,2,17,1,4,ESM6 C7400
2026-05-18T19:58:43.997637790Z,2026-05-18T19:58:43.987576879Z,1,1,42394740,T,B,0,1.450000000,300,0,15833,454989623,1.300000000,1.450000000,198,633,5,7,ESM6 P5200
2026-05-18T19:58:46.950350612Z,2026-05-18T19:58:46.750305989Z,1,1,42516900,T,B,0,101.000000000,7,0,14785,455006783,100.500000000,101.000000000,32,8,4,2,ESM6 P7350
2026-05-18T19:59:04.697289691Z,2026-05-18T19:59:04.049786215Z,1,1,2530503,T,A,0,-4.300000000,7,0,15279,187618399,-4.300000000,-4.100000000,7,86,1,3,UD:1V: GN 2530503
2026-05-18T19:59:08.862499459Z,2026-05-18T19:59:08.825972953Z,1,1,42611781,T,A,0,64.250000000,9,0,12690,455332806,64.250000000,64.750000000,9,37,2,5,ESM6 C7550
2026-05-18T19:59:08.867882436Z,2026-05-18T19:59:08.826001329Z,1,1,42560128,T,A,0,74.500000000,9,0,11974,455332936,74.500000000,75.000000000,11,47,3,4,ESM6 C7525
2026-05-18T19:59:08.874748919Z,2026-05-18T19:59:08.826073749Z,1,1,42560128,T,A,0,74.500000000,2,0,11828,455333115,74.500000000,75.000000000,2,45,1,3,ESM6 C7525
2026-05-18T19:59:08.912670403Z,2026-05-18T19:59:08.856909553Z,1,1,42560128,T,B,0,74.500000000,19,0,13339,455334287,74.250000000,74.500000000,2,13,1,1,ESM6 C7525
2026-05-18T19:59:29.371204750Z,2026-05-18T19:59:29.139708331Z,1,1,42384725,T,B,0,141.000000000,2,0,12121,455570771,140.500000000,141.000000000,10,2,2,1,ESM6 C7400
2026-05-18T19:59:37.396499340Z,2026-05-18T19:59:37.238566001Z,1,1,42378449,T,A,0,4.200000000,4,0,11863,455723806,4.200000000,4.300000000,4,168,2,3,ESM6 P6000
2026-05-18T19:59:38.584428319Z,2026-05-18T19:59:38.465078127Z,1,1,42871623,T,A,0,55.750000000,1,0,11133,455746226,55.750000000,56.500000000,7,7,2,2,ESM6 C7575
2026-05-18T19:59:38.584519015Z,2026-05-18T19:59:38.465142905Z,1,1,42871623,T,A,0,55.750000000,6,0,11169,455746232,55.750000000,56.500000000,6,7,2,2,ESM6 C7575
2026-05-18T19:59:41.838586124Z,2026-05-18T19:59:41.589453471Z,1,1,42366523,T,A,0,45.000000000,1,0,11289,455801329,45.000000000,45.250000000,1,6,1,1,ESM6 P7100
2026-05-18T19:59:45.807636729Z,2026-05-18T19:59:45.587143933Z,1,1,42712326,T,B,0,41.250000000,5,0,16510,455868596,41.000000000,41.250000000,52,5,3,1,ESU6 C8150
2026-05-18T19:59:48.428805542Z,2026-05-18T19:59:48.367804825Z,1,1,81352,T,A,0,15.500000000,1,0,11506,455916081,15.500000000,15.800000000,1,10,1,1,ESZ6 C9000
2026-05-18T19:59:52.062862348Z,2026-05-18T19:59:51.819807213Z,1,1,42366523,T,A,0,45.500000000,10,0,12609,455989223,45.500000000,45.750000000,10,2,1,1,ESM6 P7100
2026-05-18T20:00:01.205183321Z,2026-05-18T20:00:00.264604491Z,1,1,42429284,T,A,0,86.750000000,1,0,11070,456157436,86.750000000,89.000000000,1,135,1,2,ESU6 P6600
2026-05-18T20:00:05.352830503Z,2026-05-18T20:00:04.811404199Z,1,1,2562146,T,A,0,119.500000000,6,0,15640,188091530,119.500000000,120.000000000,64,31,1,1,UD:1V: VT 2562146
2026-05-18T20:00:06.544032521Z,2026-05-18T20:00:06.525823913Z,1,1,42854015,T,B,0,16.100000000,1,0,15795,456251185,15.900000000,16.100000000,6,6,1,1,ESM6 P6725
2026-05-18T20:00:10.162456449Z,2026-05-18T20:00:10.159286061Z,1,1,42366523,T,B,0,45.750000000,10,0,12348,456293138,45.000000000,45.750000000,169,43,6,4,ESM6 P7100
2026-05-18T20:00:40.536292194Z,2026-05-18T20:00:40.535894279Z,1,1,2514902,T,A,0,-91.250000000,1,0,14305,188258102,-91.250000000,-91.000000000,1,10,1,1,UD:1V: GN 2514902
2026-05-18T20:00:50.736853180Z,2026-05-18T20:00:50.666626329Z,1,1,42378374,T,B,0,62.250000000,1,0,16181,456670189,62.000000000,62.250000000,33,1,3,1,ESM6 P7200
2026-05-18T20:01:23.990530441Z,2026-05-18T20:01:23.936877105Z,1,1,42378450,T,A,0,5.300000000,6,0,13189,456957322,5.300000000,5.500000000,6,243,1,8,ESM6 P6150
2026-05-18T20:01:31.325666809Z,2026-05-18T20:01:31.310923301Z,1,1,42384755,T,A,0,161.500000000,1,0,17471,456997539,161.500000000,162.500000000,15,31,5,5,ESM6 P7500
2026-05-18T20:01:43.312658335Z,2026-05-18T20:01:43.288986171Z,1,1,315095,T,A,0,18.300000000,1,0,11364,457064968,18.300000000,18.600000000,1,250,1,5,ESZ6 P4000
2026-05-18T20:02:14.301415377Z,2026-05-18T20:02:14.301136975Z,1,1,273789,T,A,0,861.000000000,1,0,13880,457243791,861.000000000,862.000000000,1,18,1,2,ESZ7 C7500
2026-05-18T20:03:01.122393536Z,2026-05-18T20:03:00.989161267Z,1,1,42378374,T,A,0,62.500000000,6,0,14949,457498170,62.500000000,62.750000000,6,34,1,5,ESM6 P7200
2026-05-18T20:03:01.385581684Z,2026-05-18T20:03:01.140962343Z,1,1,42366513,T,A,0,117.500000000,1,0,11747,457502679,117.500000000,118.000000000,1,34,1,6,ESM6 P7400
2026-05-18T20:03:17.283206907Z,2026-05-18T20:03:17.253741461Z,1,1,2622256,T,A,0,13.800000000,6,0,13566,188709596,13.800000000,13.900000000,6,385,1,5,UD:1V: VT 2622256
2026-05-18T20:03:42.059135566Z,2026-05-18T20:03:42.058832081Z,1,1,42353919,T,B,0,678.000000000,1,0,12490,457739556,677.500000000,678.000000000,2,1,1,1,ESZ7 C7800
2026-05-18T20:03:43.531187116Z,2026-05-18T20:03:43.439047593Z,1,1,42366523,T,B,0,46.500000000,2,0,13362,457745139,46.250000000,46.500000000,46,2,3,1,ESM6 P7100
2026-05-18T20:05:21.769836652Z,2026-05-18T20:05:21.769268949Z,1,1,2580326,T,B,0,170.500000000,1,0,24924,189003553,170.000000000,170.500000000,215,1,4,1,UD:1V: VT 2580326
2026-05-18T20:05:23.552664387Z,2026-05-18T20:05:23.543069135Z,1,1,2580326,T,B,0,170.500000000,1,0,14111,189007451,170.000000000,170.500000000,521,3,7,3,UD:1V: VT 2580326
2026-05-18T20:05:34.609234238Z,2026-05-18T20:05:34.607272293Z,1,1,2580326,T,B,0,170.500000000,1,0,13304,189025963,170.000000000,170.500000000,435,2,7,2,UD:1V: VT 2580326
2026-05-18T20:05:47.058789076Z,2026-05-18T20:05:47.058548773Z,1,1,42384724,T,A,0,281.500000000,1,0,13833,458346156,281.500000000,282.000000000,1,1,1,1,ESM6 C7200
2026-05-18T20:05:55.641334795Z,2026-05-18T20:05:55.619091161Z,1,1,2580326,T,B,0,170.500000000,1,0,13372,189049776,170.000000000,170.500000000,427,1,6,1,UD:1V: VT 2580326
2026-05-18T20:06:01.083241489Z,2026-05-18T20:06:01.082913319Z,1,1,42384724,T,A,0,281.000000000,1,0,12494,458400223,281.000000000,281.500000000,1,7,1,3,ESM6 C7200
2026-05-18T20:06:19.040846020Z,2026-05-18T20:06:18.781648929Z,1,1,42804683,T,A,0,69.000000000,6,0,13798,458482896,69.000000000,69.250000000,6,44,1,2,ESM6 P7225
2026-05-18T20:06:20.578766756Z,2026-05-18T20:06:20.375026317Z,1,1,2667980,T,B,0,40.750000000,1,0,14269,189106902,40.500000000,40.750000000,956,1,6,1,UD:1V: VT 2667980
2026-05-18T20:06:31.770559831Z,2026-05-18T20:06:31.732489275Z,1,1,42378374,T,A,0,63.500000000,8,0,14445,458557541,63.500000000,63.750000000,8,47,2,3,ESM6 P7200
2026-05-18T20:07:01.740472579Z,2026-05-18T20:07:01.729702401Z,1,1,42836585,T,A,0,58.500000000,1,0,19425,458755951,58.500000000,58.750000000,1,92,1,6,ESM6 P7175
2026-05-18T20:07:19.510833863Z,2026-05-18T20:07:19.510256171Z,1,1,2528618,T,A,0,-290.500000000,1,0,14559,189256340,-290.500000000,,2,0,1,0,UD:1V: GN 2528618
2026-05-18T20:07:20.699381695Z,2026-05-18T20:07:20.698850973Z,1,1,42378346,T,B,0,85.250000000,7,0,17010,458841927,85.000000000,85.250000000,54,50,6,1,ESM6 C7500
2026-05-18T20:07:20.699421534Z,2026-05-18T20:07:20.698851149Z,1,1,42378346,T,B,0,85.250000000,13,0,14871,458841928,85.000000000,85.250000000,54,43,6,1,ESM6 C7500
2026-05-18T20:07:21.776203652Z,2026-05-18T20:07:21.774003293Z,1,1,42378346,T,B,0,85.250000000,30,0,15409,458844878,85.000000000,85.250000000,57,30,7,1,ESM6 C7500
2026-05-18T20:08:30.648410910Z,2026-05-18T20:08:30.647889221Z,1,1,42384724,T,A,0,282.500000000,2,0,13470,459081318,282.500000000,283.500000000,4,3,2,2,ESM6 C7200
2026-05-18T20:08:38.969919246Z,2026-05-18T20:08:38.955241265Z,1,1,42378346,T,A,0,84.500000000,1,0,15058,459117898,84.500000000,85.000000000,17,51,4,5,ESM6 C7500
2026-05-18T20:09:41.438037918Z,2026-05-18T20:09:41.437429233Z,1,1,2530836,T,B,0,89.500000000,20,0,13541,189434087,89.000000000,89.500000000,127,127,1,1,UD:1V: VT 2530836
2026-05-18T20:10:19.932308601Z,2026-05-18T20:10:19.931807911Z,1,1,42404374,T,B,0,35.000000000,1,0,13820,459388464,34.500000000,35.000000000,97,85,7,7,ESM6 P7000
2026-05-18T20:10:24.339791323Z,2026-05-18T20:10:24.304383347Z,1,1,42940284,T,B,0,11.800000000,1,0,14627,459397657,11.600000000,11.800000000,150,1,5,1,ESM6 C7775
2026-05-18T20:12:02.776293651Z,2026-05-18T20:12:02.775508045Z,1,1,2530879,T,A,0,3.300000000,1,0,15679,189580162,3.300000000,3.350000000,1,60,1,2,UD:1V: SG 2530879
2026-05-18T20:14:01.040748241Z,2026-05-18T20:14:01.040133245Z,1,1,42378346,T,B,0,85.000000000,50,0,13316,459989970,84.750000000,85.000000000,68,50,7,1,ESM6 C7500
2026-05-18T20:14:09.437385483Z,2026-05-18T20:14:09.430736069Z,1,1,42404374,T,B,0,35.000000000,50,0,14149,460014851,34.500000000,35.000000000,36,122,4,8,ESM6 P7000
2026-05-18T20:14:10.054846572Z,2026-05-18T20:14:10.054337169Z,1,1,42384872,T,B,0,17.600000000,1,0,14333,460017091,17.500000000,17.600000000,6,1,1,1,ESM6 P6750
2026-05-18T20:14:33.564245483Z,2026-05-18T20:14:33.321145847Z,1,1,42366513,T,A,0,118.000000000,1,0,12892,460151943,118.000000000,118.500000000,1,60,1,6,ESM6 P7400
2026-05-18T20:15:54.111577721Z,2026-05-18T20:15:54.110759797Z,1,1,2528618,T,A,0,-290.500000000,1,0,16016,189927931,-290.500000000,,1,0,1,0,UD:1V: GN 2528618
2026-05-18T20:16:05.453197188Z,2026-05-18T20:16:05.452592241Z,1,1,42378346,T,A,0,85.500000000,1,0,17346,460483585,85.500000000,86.250000000,48,31,4,6,ESM6 C7500
2026-05-18T20:17:18.724189900Z,2026-05-18T20:17:18.723522311Z,1,1,2530893,T,A,0,18.000000000,10,0,14871,189991628,18.000000000,18.300000000,10,194,2,5,UD:1V: GN 2530893
2026-05-18T20:17:18.764876345Z,2026-05-18T20:17:18.759277391Z,1,1,42429065,T,A,0,29.750000000,9,0,13472,460601466,29.750000000,30.250000000,9,207,2,8,ESM6 P6950
2026-05-18T20:17:55.631588699Z,2026-05-18T20:17:55.607563347Z,1,1,42384731,T,A,0,85.500000000,15,0,12683,460639131,85.500000000,86.000000000,15,18,2,1,ESM6 P7300
2026-05-18T20:17:55.642592263Z,2026-05-18T20:17:55.607748467Z,1,1,42899801,T,A,0,108.500000000,8,0,11402,460639367,108.500000000,109.500000000,8,63,2,5,ESM6 P7375
2026-05-18T20:17:55.713245206Z,2026-05-18T20:17:55.712697849Z,1,1,2520516,T,B,0,16.700000000,6,0,13569,190007880,15.800000000,16.700000000,17,6,2,1,UD:1V: 12 2520516
2026-05-18T20:18:25.498043263Z,2026-05-18T20:18:25.497687391Z,1,1,42384731,T,B,0,85.250000000,50,0,12887,460691999,85.000000000,85.250000000,26,50,4,1,ESM6 P7300
2026-05-18T20:18:28.176509764Z,2026-05-18T20:18:28.175969763Z,1,1,42384731,T,B,0,85.250000000,15,0,11753,460697571,85.000000000,85.250000000,21,50,3,1,ESM6 P7300
2026-05-18T20:18:37.656095790Z,2026-05-18T20:18:37.655611853Z,1,1,42384731,T,B,0,85.250000000,1,0,13622,460708958,85.000000000,85.250000000,21,50,3,1,ESM6 P7300
2026-05-18T20:19:02.529100723Z,2026-05-18T20:19:02.528594097Z,1,1,42384731,T,B,0,85.250000000,1,0,13086,460734530,85.000000000,85.250000000,21,50,3,1,ESM6 P7300
2026-05-18T20:19:02.529312699Z,2026-05-18T20:19:02.528594275Z,1,1,42384731,T,B,0,85.250000000,1,0,13605,460734532,85.000000000,85.250000000,21,49,3,1,ESM6 P7300
2026-05-18T20:19:08.061940430Z,2026-05-18T20:19:08.061390273Z,1,1,42378346,T,B,0,85.000000000,1,0,13100,460773989,84.750000000,85.000000000,20,1,3,1,ESM6 C7500
2026-05-18T20:19:33.724110554Z,2026-05-18T20:19:33.723822043Z,1,1,42384731,T,B,0,86.000000000,25,0,16186,460805947,85.750000000,86.000000000,21,25,3,1,ESM6 P7300
2026-05-18T20:21:05.753283433Z,2026-05-18T20:21:05.752759545Z,1,1,42439347,T,B,0,45.250000000,1,0,13267,460936317,44.750000000,45.250000000,6,136,1,3,ESU6 P6000
2026-05-18T20:21:20.469090890Z,2026-05-18T20:21:20.468541569Z,1,1,2622256,T,B,0,13.500000000,1,0,13508,190141433,13.400000000,13.500000000,476,1,7,1,UD:1V: VT 2622256
2026-05-18T20:23:01.590167219Z,2026-05-18T20:23:01.589631489Z,1,1,42384779,T,B,0,12.300000000,19,0,12611,461038787,12.200000000,12.300000000,62,19,4,1,ESM6 P6600
2026-05-18T20:23:15.211487374Z,2026-05-18T20:23:15.210826781Z,1,1,2500920,T,B,0,77.000000000,1,0,14899,190167616,75.500000000,77.000000000,21,1,4,1,UD:1V: GN 2500920
2026-05-18T20:23:40.415458219Z,2026-05-18T20:23:40.415116799Z,1,1,42384779,T,B,0,12.300000000,19,0,12967,461059431,12.200000000,12.300000000,115,19,6,1,ESM6 P6600
2026-05-18T20:23:48.720571448Z,2026-05-18T20:23:48.720162355Z,1,1,2531134,T,A,0,31.250000000,1,0,13312,190173696,31.250000000,31.750000000,1,716,1,5,UD:1V: VT 2531134
2026-05-18T20:24:49.234192223Z,2026-05-18T20:24:49.183847589Z,1,1,42429284,T,A,0,87.250000000,1,0,14115,461161107,87.250000000,87.750000000,1,57,1,4,ESU6 P6600
2026-05-18T20:26:14.747123379Z,2026-05-18T20:26:14.746488471Z,1,1,2531182,T,B,0,18.600000000,1,0,14065,190248705,18.200000000,18.600000000,1,16,1,1,UD:1V: GN 2531182
2026-05-18T20:30:01.722692995Z,2026-05-18T20:30:01.695918371Z,1,1,42384755,T,A,0,163.000000000,1,0,13227,461427762,163.000000000,163.500000000,1,12,1,3,ESM6 P7500
2026-05-18T20:30:31.857033043Z,2026-05-18T20:30:31.748449141Z,1,1,2530886,T,B,0,7.300000000,1,0,11808,190334272,7.200000000,7.300000000,217,1,4,1,UD:1V: VT 2530886
2026-05-18T20:31:18.759033147Z,2026-05-18T20:31:18.758562979Z,1,1,42399646,T,A,0,22.500000000,1,0,15404,461563988,22.500000000,22.750000000,1,54,1,5,ESM6 C7700
2026-05-18T20:31:43.347532825Z,2026-05-18T20:31:42.381175553Z,1,1,42378618,T,B,0,26.000000000,1,0,14463,461607786,25.750000000,26.000000000,23,1,2,1,ESM6 P6900
2026-05-18T20:32:00.087695812Z,2026-05-18T20:32:00.062642851Z,1,1,42372983,T,B,0,4.600000000,2,0,15883,461691663,4.500000000,4.600000000,213,2,6,1,ESM6 P6050
2026-05-18T20:32:47.099280446Z,2026-05-18T20:32:47.098959169Z,1,1,42300184,T,B,0,22.500000000,2,0,12981,461754597,22.250000000,22.500000000,172,2,7,1,ESM6 P6850
2026-05-18T20:35:06.521332939Z,2026-05-18T20:35:06.517563909Z,1,1,42378346,T,B,0,84.750000000,50,0,14171,461913993,84.500000000,84.750000000,16,50,3,1,ESM6 C7500
2026-05-18T20:35:46.534630851Z,2026-05-18T20:35:46.523818723Z,1,1,42404374,T,B,0,34.750000000,50,0,15193,461948458,34.500000000,34.750000000,50,66,1,4,ESM6 P7000
2026-05-18T20:36:15.172986478Z,2026-05-18T20:36:15.172462683Z,1,1,42378449,T,A,0,4.150000000,2,0,13035,461980753,4.150000000,4.400000000,192,51,5,3,ESM6 P6000
2026-05-18T20:36:32.796056385Z,2026-05-18T20:36:32.795584437Z,1,1,42378346,T,A,0,85.500000000,1,0,13760,461984786,85.500000000,85.750000000,1,28,1,5,ESM6 C7500
2026-05-18T20:37:48.705635219Z,2026-05-18T20:37:48.705097673Z,1,1,42378541,T,A,0,7.000000000,2,0,13454,462046571,7.000000000,7.100000000,25,112,1,5,ESM6 P6300
2026-05-18T20:37:50.070968456Z,2026-05-18T20:37:50.070436555Z,1,1,42378618,T,A,0,26.250000000,4,0,13293,462047574,26.250000000,26.500000000,4,104,1,6,ESM6 P6900
2026-05-18T20:38:02.335447503Z,2026-05-18T20:38:02.334931459Z,1,1,42384779,T,B,0,12.300000000,4,0,13231,462055351,12.200000000,12.300000000,63,4,3,1,ESM6 P6600
2026-05-18T20:38:32.059562100Z,2026-05-18T20:38:32.003278747Z,1,1,42366513,T,A,0,118.500000000,100,0,13511,462071602,118.500000000,119.000000000,100,23,1,4,ESM6 P7400
2026-05-18T20:39:36.088135495Z,2026-05-18T20:39:36.087614121Z,1,1,42696853,T,A,0,39.000000000,2,0,13057,462109221,39.000000000,39.250000000,2,17,1,2,ESM6 C7625
2026-05-18T20:41:41.387612118Z,2026-05-18T20:41:41.059282479Z,1,1,42399646,T,B,0,22.250000000,2,0,12637,462209119,22.000000000,22.250000000,16,2,1,1,ESM6 C7700
2026-05-18T20:46:14.459582397Z,2026-05-18T20:46:14.459197155Z,1,1,2531222,T,A,0,-111.500000000,1,0,13420,190791314,-111.500000000,-110.000000000,1,25,1,2,UD:1V: 12 2531222
2026-05-18T20:48:41.225559334Z,2026-05-18T20:48:41.225323221Z,1,1,42836582,T,B,0,5.500000000,1,0,13666,462655012,5.400000000,5.500000000,352,1,7,1,ESM6 P6175
2026-05-18T20:50:54.552714581Z,2026-05-18T20:50:54.515589207Z,1,1,42366513,T,B,0,117.500000000,2,0,13546,462749584,117.000000000,117.500000000,27,2,5,2,ESM6 P7400
2026-05-18T20:55:05.850113036Z,2026-05-18T20:55:05.849542341Z,1,1,42372981,T,A,0,1.600000000,1,0,18105,462932766,1.600000000,1.700000000,5,128,1,4,ESM6 C8000
2026-05-18T20:56:13.726650507Z,2026-05-18T20:56:13.726337135Z,1,1,42372981,T,A,0,1.650000000,4,0,13331,462976889,1.650000000,1.700000000,4,106,1,3,ESM6 C8000
2026-05-18T20:56:55.671326844Z,2026-05-18T20:56:55.637044651Z,1,1,2668989,T,A,0,24.000000000,1,0,13625,190951629,24.000000000,24.250000000,2,163,1,3,UD:1V: VT 2668989
2026-05-18T20:56:55.689245388Z,2026-05-18T20:56:55.637704003Z,1,1,2668989,T,A,0,24.000000000,1,0,14295,190951725,24.000000000,24.250000000,1,163,1,3,UD:1V: VT 2668989
2026-05-18T22:02:47.767065065Z,2026-05-18T22:02:47.765545403Z,1,1,42366523,T,B,0,46.000000000,1,0,13380,463375747,45.250000000,46.000000000,12,1,2,1,ESM6 P7100
2026-05-18T22:06:00.268107460Z,2026-05-18T22:06:00.181016867Z,1,1,42366523,T,A,0,45.000000000,1,0,11719,463538938,45.000000000,51.250000000,1,4,1,1,ESM6 P7100
2026-05-18T22:06:03.972572996Z,2026-05-18T22:06:03.857510355Z,1,1,42429284,T,A,0,86.500000000,1,0,12030,463559608,86.500000000,87.000000000,1,7,1,1,ESU6 P6600
2026-05-18T22:14:57.685196380Z,2026-05-18T22:14:57.684893391Z,1,1,42337303,T,B,0,471.000000000,5,0,14338,463907030,467.500000000,471.000000000,8,5,2,1,ESZ6 C7400
2026-05-18T22:20:34.693550255Z,2026-05-18T22:20:34.628948223Z,1,1,42429284,T,A,0,86.000000000,1,0,13655,464171674,86.000000000,86.250000000,1,42,1,1,ESU6 P6600
2026-05-18T22:24:46.926101375Z,2026-05-18T22:24:46.925792959Z,1,1,42409672,T,A,0,3.600000000,1,0,13636,464493021,3.600000000,3.700000000,1,232,1,3,ESM6 P5900
2026-05-18T22:25:24.912929646Z,2026-05-18T22:25:24.912329535Z,1,1,2533314,T,A,0,9.800000000,1,0,13662,191277249,9.800000000,10.700000000,2,2,1,1,UD:1V: 12 2533314
2026-05-18T22:26:45.876223500Z,2026-05-18T22:26:45.875622177Z,1,1,2533321,T,A,0,8.000000000,2,0,14571,191285185,8.000000000,8.100000000,2,645,1,3,UD:1V: VT 2533321
2026-05-18T22:39:32.164162852Z,2026-05-18T22:39:32.163595403Z,1,1,42366523,T,B,0,44.000000000,5,0,13886,465179444,43.000000000,44.000000000,47,58,2,3,ESM6 P7100
2026-05-18T22:39:47.083949859Z,2026-05-18T22:39:47.083403023Z,1,1,42366523,T,B,0,44.000000000,5,0,14508,465185258,43.000000000,44.000000000,47,53,2,3,ESM6 P7100
2026-05-18T22:39:54.441103761Z,2026-05-18T22:39:54.415275699Z,1,1,42378346,T,B,0,91.750000000,1,0,11334,465187530,91.250000000,91.750000000,27,1,2,1,ESM6 C7500
2026-05-18T22:43:49.686726057Z,2026-05-18T22:43:49.686139833Z,1,1,42378374,T,A,0,59.250000000,5,0,12672,465348265,59.250000000,60.250000000,35,52,1,3,ESM6 P7200
2026-05-18T23:00:41.447863416Z,2026-05-18T23:00:41.446610405Z,1,1,42416106,T,A,0,117.500000000,1,0,13602,465952333,117.500000000,118.000000000,1,9,1,1,ESM6 C7450
2026-05-18T23:00:49.416517553Z,2026-05-18T23:00:49.317765551Z,1,1,42378618,T,A,0,24.500000000,7,0,11231,465970121,24.500000000,25.000000000,10,69,1,2,ESM6 P6900
2026-05-18T23:01:25.534872267Z,2026-05-18T23:01:25.350179885Z,1,1,42378618,T,A,0,24.500000000,13,0,11685,466049197,24.500000000,29.250000000,13,3,1,1,ESM6 P6900
2026-05-18T23:01:26.815058598Z,2026-05-18T23:01:26.813491361Z,1,1,42429284,T,A,0,85.500000000,1,0,13274,466062356,85.500000000,85.750000000,1,42,1,1,ESU6 P6600
2026-05-18T23:02:49.563119596Z,2026-05-18T23:02:49.562651967Z,1,1,42592967,T,A,0,6.100000000,1,0,14081,466133153,6.100000000,6.300000000,1,104,1,3,ESZ6 C9400
2026-05-18T23:02:58.498909483Z,2026-05-18T23:02:58.498299217Z,1,1,2533683,T,A,0,5.500000000,20,0,13589,191612993,5.500000000,5.800000000,20,8,1,1,UD:1V: GN 2533683
2026-05-18T23:03:50.949504654Z,2026-05-18T23:03:50.940091299Z,1,1,42429065,T,A,0,28.250000000,1,0,14611,466260204,28.250000000,28.750000000,1,63,1,2,ESM6 P6950
2026-05-18T23:09:32.897408651Z,2026-05-18T23:09:32.896863357Z,1,1,42366523,T,B,0,43.750000000,5,0,12823,466539171,42.750000000,43.750000000,40,40,1,1,ESM6 P7100
2026-05-18T23:09:44.999236758Z,2026-05-18T23:09:44.998678979Z,1,1,42366523,T,B,0,43.750000000,5,0,13561,466544116,42.750000000,43.750000000,40,46,1,2,ESM6 P7100
2026-05-18T23:15:48.697784014Z,2026-05-18T23:15:48.697179517Z,1,1,2533764,T,B,0,117.500000000,2,0,13758,191713661,116.500000000,117.500000000,6,8,1,2,UD:1V: GN 2533764
2026-05-18T23:21:04.218208478Z,2026-05-18T23:21:04.217631487Z,1,1,42892714,T,A,0,19.200000000,3,0,15882,466833457,19.200000000,20.000000000,39,19,1,2,ESM6 C7725
2026-05-18T23:27:00.930378911Z,2026-05-18T23:27:00.929604643Z,1,1,2562146,T,A,0,117.500000000,1,0,13417,191765975,117.500000000,118.500000000,64,105,1,2,UD:1V: VT 2562146
2026-05-18T23:32:23.182684823Z,2026-05-18T23:32:23.182085373Z,1,1,2563474,T,A,0,10.700000000,20,0,14233,191784866,10.700000000,10.800000000,20,668,1,4,UD:1V: VT 2563474
2026-05-18T23:39:15.197139079Z,2026-05-18T23:39:15.196777275Z,1,1,42394804,T,B,0,10.500000000,1,0,13345,467345846,10.300000000,10.500000000,190,1,3,1,ESM6 P6550
2026-05-18T23:44:09.716583918Z,2026-05-18T23:44:09.715986433Z,1,1,2532028,T,A,0,56.000000000,10,0,13747,191843462,56.000000000,56.500000000,103,66,2,1,UD:1V: VT 2532028
