ts_recv,ts_event,rtype,publisher_id,instrument_id,action,side,depth,price,size,flags,ts_in_delta,sequence,bid_px_00,ask_px_00,bid_sz_00,ask_sz_00,bid_ct_00,ask_ct_00,symbol
2026-04-20T00:02:43.349406066Z,2026-04-20T00:02:43.349071129Z,1,1,42510079,T,A,0,67.500000000,1,0,13864,8126335,67.500000000,68.250000000,1,36,1,3,ESM6 C7350
2026-04-20T00:05:22.875698870Z,2026-04-20T00:05:22.804476821Z,1,1,42404374,T,A,0,145.000000000,4,0,13278,8257870,145.000000000,145.500000000,4,24,1,1,ESM6 P7000
2026-04-20T00:06:34.894405500Z,2026-04-20T00:06:34.893876093Z,1,1,2692232,T,A,0,31.500000000,1,0,13712,1845986,31.500000000,32.000000000,1,103,1,3,UD:1V: VT 2692232
2026-04-20T00:07:41.072480508Z,2026-04-20T00:07:41.043923071Z,1,1,42384724,T,A,0,129.000000000,1,0,14751,8494533,129.000000000,129.500000000,1,24,1,2,ESM6 C7200
2026-04-20T00:07:41.081214844Z,2026-04-20T00:07:41.047972145Z,1,1,42510079,T,A,0,67.500000000,1,0,13437,8494672,67.500000000,68.250000000,1,36,1,3,ESM6 C7350
2026-04-20T00:08:05.480945712Z,2026-04-20T00:08:05.480403351Z,1,1,42384724,T,B,0,129.000000000,1,0,13520,8562459,127.500000000,129.000000000,31,23,4,1,ESM6 C7200
2026-04-20T00:08:49.693763276Z,2026-04-20T00:08:49.693468663Z,1,1,42548953,T,A,0,262.000000000,4,0,13730,8648144,262.000000000,263.000000000,4,37,1,2,ESH7 P6500
2026-04-20T00:08:54.026291632Z,2026-04-20T00:08:54.025711475Z,1,1,2692306,T,A,0,100.000000000,1,0,17637,1900548,100.000000000,100.500000000,1,3,1,1,UD:1V: 12 2692306
2026-04-20T00:09:09.214115120Z,2026-04-20T00:09:09.213795629Z,1,1,42372979,T,A,0,85.250000000,3,0,14119,8679634,85.250000000,86.000000000,3,1,1,1,ESM6 C7300
2026-04-20T00:09:23.803663876Z,2026-04-20T00:09:23.794843637Z,1,1,42366510,T,B,0,184.500000000,3,0,14825,8698777,183.000000000,184.500000000,3,3,2,1,ESM6 C7100
2026-04-20T00:10:52.313065927Z,2026-04-20T00:10:52.265943887Z,1,1,42548953,T,A,0,261.000000000,1,0,13085,8790468,261.000000000,262.000000000,1,3,1,1,ESH7 P6500
2026-04-20T00:18:31.331305484Z,2026-04-20T00:18:31.330938889Z,1,1,42919949,T,A,0,100.000000000,2,0,12857,9482179,100.000000000,100.500000000,2,33,1,1,ESM6 P6825
2026-04-20T00:20:36.048319487Z,2026-04-20T00:20:36.045178615Z,1,1,42366523,T,B,0,176.500000000,1,0,13807,9629006,175.500000000,176.500000000,4,1,1,1,ESM6 P7100
2026-04-20T00:28:01.328202914Z,2026-04-20T00:28:01.327691217Z,1,1,42439351,T,A,0,140.000000000,10,0,13365,10049011,140.000000000,141.000000000,25,52,1,4,ESU6 P6500
2026-04-20T00:28:02.349774218Z,2026-04-20T00:28:02.349281881Z,1,1,42439351,T,A,0,140.000000000,10,0,14186,10052022,140.000000000,141.000000000,15,49,1,3,ESU6 P6500
2026-04-20T00:28:14.710857045Z,2026-04-20T00:28:14.710516787Z,1,1,42439351,T,A,0,140.000000000,5,0,13056,10063434,140.000000000,140.500000000,5,45,1,2,ESU6 P6500
2026-04-20T00:28:24.497901008Z,2026-04-20T00:28:24.478462281Z,1,1,42598890,T,B,0,62.250000000,1,0,11250,10082655,61.500000000,62.250000000,44,1,2,1,ESU6 C7750
2026-04-20T00:28:28.717515527Z,2026-04-20T00:28:28.717064125Z,1,1,42836581,T,A,0,24.000000000,9,0,11229,10093762,24.000000000,24.250000000,9,5,1,1,ESM6 P6025
2026-04-20T00:31:21.293432487Z,2026-04-20T00:31:21.291997297Z,1,1,2676271,T,A,0,36.500000000,1,0,14023,2312679,36.500000000,37.500000000,1,81,1,2,UD:1V: VT 2676271
2026-04-20T00:33:01.651393904Z,2026-04-20T00:33:01.650966849Z,1,1,42366523,T,A,0,176.000000000,1,0,13731,10342022,176.000000000,177.000000000,1,3,1,1,ESM6 P7100
2026-04-20T00:37:59.585015334Z,2026-04-20T00:37:59.560736323Z,1,1,42836581,T,B,0,24.000000000,5,0,13876,10601419,23.500000000,24.000000000,25,5,2,1,ESM6 P6025
2026-04-20T00:38:15.175090611Z,2026-04-20T00:38:15.174702201Z,1,1,42404370,T,B,0,44.750000000,1,0,12439,10619082,44.250000000,44.750000000,11,1,2,1,ESM6 P6400
2026-04-20T00:41:02.211148112Z,2026-04-20T00:41:02.210787095Z,1,1,42867406,T,A,0,47.750000000,1,0,13683,10723886,47.750000000,48.250000000,1,42,1,3,ESM6 C7425
2026-04-20T00:42:48.976378892Z,2026-04-20T00:42:48.975814937Z,1,1,42394754,T,B,0,31.500000000,11,0,17877,10769621,31.000000000,31.500000000,22,60,2,1,ESM6 P6200
2026-04-20T00:42:49.253064809Z,2026-04-20T00:42:49.252774585Z,1,1,42394754,T,B,0,31.250000000,49,0,13763,10769766,31.000000000,31.250000000,18,49,1,1,ESM6 P6200
2026-04-20T00:46:06.982537575Z,2026-04-20T00:46:06.968938737Z,1,1,42378618,T,B,0,115.000000000,1,0,14056,10871243,114.000000000,115.000000000,39,1,4,1,ESM6 P6900
2026-04-20T00:47:10.559413188Z,2026-04-20T00:47:10.558518149Z,1,1,2688268,T,A,0,46.250000000,1,0,16031,2456642,46.250000000,46.500000000,1,1,1,1,UD:1V: VT 2688268
2026-04-20T00:47:15.492797085Z,2026-04-20T00:47:15.492496579Z,1,1,42372979,T,A,0,87.250000000,1,0,14036,10911296,87.250000000,87.750000000,50,30,1,2,ESM6 C7300
2026-04-20T00:47:18.607099219Z,2026-04-20T00:47:18.592715595Z,1,1,42372979,T,A,0,87.500000000,49,0,13887,10915539,87.500000000,87.750000000,49,30,1,2,ESM6 C7300
2026-04-20T00:48:56.740598110Z,2026-04-20T00:48:56.740286195Z,1,1,42394812,T,A,0,94.250000000,1,0,13731,10964922,94.250000000,94.750000000,1,37,1,3,ESM6 P6800
2026-04-20T00:51:12.018899593Z,2026-04-20T00:51:12.018300935Z,1,1,42366523,T,B,0,174.500000000,1,0,14472,11045780,173.000000000,174.500000000,35,1,4,1,ESM6 P7100
2026-04-20T00:51:52.930789455Z,2026-04-20T00:51:52.930424657Z,1,1,42404370,T,A,0,44.000000000,1,0,13453,11067395,44.000000000,44.750000000,1,5,1,2,ESM6 P6400
2026-04-20T00:52:25.341327091Z,2026-04-20T00:52:25.327968251Z,1,1,42404370,T,A,0,43.250000000,9,0,18965,11087425,43.250000000,44.750000000,9,52,2,3,ESM6 P6400
2026-04-20T00:52:25.362810100Z,2026-04-20T00:52:25.341259131Z,1,1,42404370,T,B,0,43.250000000,2,0,14827,11087880,43.000000000,43.250000000,53,2,2,1,ESM6 P6400
2026-04-20T00:53:21.148589591Z,2026-04-20T00:53:21.148240965Z,1,1,42366510,T,A,0,187.500000000,1,0,13455,11111486,187.500000000,188.500000000,1,29,1,3,ESM6 C7100
2026-04-20T00:53:36.589918001Z,2026-04-20T00:53:36.589547333Z,1,1,42372979,T,B,0,86.750000000,5,0,15018,11122281,86.250000000,86.750000000,28,10,1,1,ESM6 C7300
2026-04-20T00:53:45.315565348Z,2026-04-20T00:53:45.315199169Z,1,1,42372979,T,B,0,86.500000000,5,0,15152,11128119,86.000000000,86.500000000,29,5,2,1,ESM6 C7300
2026-04-20T00:54:08.010776650Z,2026-04-20T00:54:08.010380003Z,1,1,42372979,T,B,0,86.500000000,3,0,13201,11140372,86.000000000,86.500000000,29,10,2,1,ESM6 C7300
2026-04-20T00:54:08.010801032Z,2026-04-20T00:54:08.010380179Z,1,1,42372979,T,B,0,86.500000000,7,0,13801,11140373,86.000000000,86.500000000,29,7,2,1,ESM6 C7300
2026-04-20T00:54:30.925076547Z,2026-04-20T00:54:30.913509331Z,1,1,42510079,T,A,0,68.750000000,1,0,14062,11149377,68.750000000,69.750000000,1,44,1,5,ESM6 C7350
2026-04-20T00:56:10.644762727Z,2026-04-20T00:56:10.644349865Z,1,1,42384872,T,A,0,85.000000000,8,0,13556,11200727,85.000000000,85.500000000,25,38,1,2,ESM6 P6750
2026-04-20T00:56:10.644778163Z,2026-04-20T00:56:10.644378883Z,1,1,42384872,T,A,0,85.000000000,10,0,11899,11200728,85.000000000,85.500000000,17,38,1,2,ESM6 P6750
2026-04-20T00:56:14.643616278Z,2026-04-20T00:56:14.643330811Z,1,1,42384872,T,A,0,85.000000000,7,0,13802,11208269,85.000000000,85.500000000,7,35,1,1,ESM6 P6750
2026-04-20T00:56:32.739406883Z,2026-04-20T00:56:32.738989397Z,1,1,42384872,T,A,0,85.000000000,1,0,12713,11218427,85.000000000,85.500000000,25,35,1,1,ESM6 P6750
2026-04-20T00:56:47.963715767Z,2026-04-20T00:56:47.963326195Z,1,1,42384872,T,A,0,85.250000000,24,0,20938,11225449,85.250000000,85.500000000,24,37,1,2,ESM6 P6750
2026-04-20T00:59:44.600417449Z,2026-04-20T00:59:44.600032375Z,1,1,42384729,T,B,0,3.100000000,1,0,13274,11312148,2.950000000,3.100000000,227,1,2,1,ESM6 C7900
2026-04-20T01:01:51.495983659Z,2026-04-20T01:01:51.158566455Z,1,1,2689611,T,B,0,-30.000000000,1,0,14244,2584748,,-30.000000000,0,1,0,1,UD:1V: RR 2689611
2026-04-20T01:02:23.315390723Z,2026-04-20T01:02:23.315075033Z,1,1,42366523,T,B,0,172.000000000,3,0,13129,11542928,171.000000000,172.000000000,29,3,3,1,ESM6 P7100
2026-04-20T01:02:50.493128166Z,2026-04-20T01:02:50.492436213Z,1,1,42394812,T,B,0,91.750000000,1,0,15395,11575239,91.000000000,91.750000000,42,1,4,1,ESM6 P6800
2026-04-20T01:03:32.951134902Z,2026-04-20T01:03:32.950749837Z,1,1,42378449,T,B,0,22.000000000,1,0,13601,11606466,21.750000000,22.000000000,25,1,2,1,ESM6 P6000
2026-04-20T01:04:05.839542529Z,2026-04-20T01:04:05.839107287Z,1,1,2693111,T,B,0,1.200000000,1,0,14477,2634016,0.950000000,1.200000000,79,1,1,1,UD:1V: GN 2693111
2026-04-20T01:04:35.778244492Z,2026-04-20T01:04:35.777694741Z,1,1,2693128,T,A,0,10.800000000,1,0,14520,2639496,10.800000000,10.900000000,1,107,1,3,UD:1V: VT 2693128
2026-04-20T01:11:04.956496849Z,2026-04-20T01:11:04.956026811Z,1,1,2693151,T,A,0,46.000000000,1,0,13573,2755469,46.000000000,46.250000000,1,190,1,5,UD:1V: VT 2693151
2026-04-20T01:11:11.860361431Z,2026-04-20T01:11:11.859785241Z,1,1,2693264,T,B,0,29.750000000,1,0,15552,2757769,29.250000000,29.750000000,602,231,6,4,UD:1V: VT 2693264
2026-04-20T01:12:33.882493741Z,2026-04-20T01:12:33.882147849Z,1,1,42404367,T,A,0,25.750000000,2,0,13675,12133253,25.750000000,26.250000000,2,121,1,4,ESM6 P6100
2026-04-20T01:15:00.084279658Z,2026-04-20T01:15:00.083924365Z,1,1,42378346,T,A,0,32.500000000,1,0,13369,12197536,32.500000000,33.000000000,1,50,1,3,ESM6 C7500
2026-04-20T01:15:40.382599955Z,2026-04-20T01:15:40.382254979Z,1,1,42394812,T,B,0,90.500000000,2,0,13363,12225968,89.750000000,90.500000000,36,2,2,1,ESM6 P6800
2026-04-20T01:16:21.776304764Z,2026-04-20T01:16:21.775675405Z,1,1,42377432,T,B,0,98.000000000,10,0,16574,12264861,97.500000000,98.000000000,8,10,1,1,ESU6 P6200
2026-04-20T01:16:51.083233214Z,2026-04-20T01:16:51.082471937Z,1,1,2693334,T,B,0,87.750000000,25,0,13708,2807493,86.750000000,87.750000000,32,25,1,1,UD:1V:CVT 2693334
2026-04-20T01:21:39.172382343Z,2026-04-20T01:21:39.165997359Z,1,1,42372979,T,B,0,87.500000000,28,0,14925,12449143,87.250000000,87.500000000,34,40,3,1,ESM6 C7300
2026-04-20T01:21:39.183309089Z,2026-04-20T01:21:39.168607471Z,1,1,42372979,T,B,0,87.500000000,12,0,11232,12449298,87.250000000,87.500000000,6,12,2,1,ESM6 C7300
2026-04-20T01:21:46.845650115Z,2026-04-20T01:21:46.845320629Z,1,1,42404367,T,A,0,25.750000000,1,0,13794,12455962,25.750000000,26.250000000,1,102,1,3,ESM6 P6100
2026-04-20T01:25:40.034843420Z,2026-04-20T01:25:40.034284271Z,1,1,42366510,T,B,0,189.500000000,1,0,13763,12607381,188.500000000,189.500000000,6,1,3,1,ESM6 C7100
2026-04-20T01:25:52.273738022Z,2026-04-20T01:25:52.272997945Z,1,1,2693334,T,B,0,87.500000000,25,0,13302,2887210,87.000000000,87.500000000,141,25,1,1,UD:1V:CVT 2693334
2026-04-20T01:25:52.273970255Z,2026-04-20T01:25:52.273044185Z,1,1,2693334,T,B,0,87.500000000,80,0,14149,2887212,87.000000000,87.500000000,141,25,1,1,UD:1V:CVT 2693334
2026-04-20T01:25:52.906084789Z,2026-04-20T01:25:52.905783587Z,1,1,42087841,T,A,0,348.500000000,1,0,13572,12611264,348.500000000,350.000000000,1,24,1,2,ESZ6 P7100
2026-04-20T01:27:37.986766062Z,2026-04-20T01:27:37.986246819Z,1,1,2693512,T,A,0,12.200000000,1,0,14787,2896047,12.200000000,12.400000000,1,28,1,1,UD:1V: VT 2693512
2026-04-20T01:34:55.783635498Z,2026-04-20T01:34:55.783289563Z,1,1,42366523,T,B,0,168.500000000,2,0,14157,12883183,167.500000000,168.500000000,35,2,5,1,ESM6 P7100
2026-04-20T01:36:14.639478875Z,2026-04-20T01:36:14.613319273Z,1,1,42397650,T,A,0,414.500000000,5,0,12549,12930334,414.500000000,416.000000000,5,3,1,1,ESU6 C7000
2026-04-20T01:39:04.881285103Z,2026-04-20T01:39:04.873232049Z,1,1,42384725,T,B,0,55.000000000,31,0,15339,13010720,54.750000000,55.000000000,31,35,1,1,ESM6 C7400
2026-04-20T01:39:11.411063262Z,2026-04-20T01:39:11.396860727Z,1,1,42384725,T,B,0,55.000000000,4,0,13648,13020731,54.750000000,55.000000000,35,4,1,1,ESM6 C7400
2026-04-20T01:40:36.533523206Z,2026-04-20T01:40:36.532889067Z,1,1,2693682,T,A,0,-285.500000000,1,0,14398,3013987,-285.500000000,-284.500000000,1,3,1,1,UD:1V: GN 2693682
2026-04-20T01:42:07.739544798Z,2026-04-20T01:42:07.739137021Z,1,1,42510079,T,A,0,71.250000000,12,0,13704,13146282,71.250000000,71.750000000,99,37,1,2,ESM6 C7350
2026-04-20T01:42:07.740577430Z,2026-04-20T01:42:07.739921499Z,1,1,42510079,T,A,0,71.250000000,14,0,13811,13146316,71.250000000,71.750000000,87,37,1,2,ESM6 C7350
2026-04-20T01:42:08.951926744Z,2026-04-20T01:42:08.951232203Z,1,1,2693334,T,B,0,87.500000000,36,0,15531,3023212,87.000000000,87.500000000,288,20,2,1,UD:1V:CVT 2693334
2026-04-20T01:42:13.590453579Z,2026-04-20T01:42:13.590105537Z,1,1,42510079,T,A,0,71.500000000,1,0,14034,13148610,71.500000000,71.750000000,73,99,1,2,ESM6 C7350
2026-04-20T01:42:13.590468323Z,2026-04-20T01:42:13.590105715Z,1,1,42510079,T,A,0,71.500000000,4,0,12127,13148611,71.500000000,71.750000000,72,99,1,2,ESM6 C7350
2026-04-20T01:42:18.644262846Z,2026-04-20T01:42:18.643934061Z,1,1,42510079,T,A,0,71.750000000,14,0,14308,13150328,71.750000000,72.000000000,68,51,1,3,ESM6 C7350
2026-04-20T01:42:18.644362583Z,2026-04-20T01:42:18.643935449Z,1,1,42510079,T,A,0,71.750000000,4,0,13590,13150329,71.750000000,72.000000000,54,51,1,3,ESM6 C7350
2026-04-20T01:42:18.644478622Z,2026-04-20T01:42:18.644266309Z,1,1,42510079,T,A,0,71.750000000,50,0,13698,13150330,71.750000000,72.000000000,50,51,1,3,ESM6 C7350
2026-04-20T01:42:24.088830261Z,2026-04-20T01:42:24.085369887Z,1,1,42627610,T,B,0,13.200000000,5,0,17737,13152262,12.600000000,13.200000000,62,5,4,1,ESM6 C7650
2026-04-20T01:42:37.718849590Z,2026-04-20T01:42:37.718489915Z,1,1,42510079,T,A,0,71.750000000,2,0,11602,13159802,71.750000000,72.000000000,50,4,1,1,ESM6 C7350
2026-04-20T01:42:45.778415367Z,2026-04-20T01:42:45.770675621Z,1,1,42510079,T,B,0,72.000000000,4,0,14538,13164730,70.750000000,72.000000000,36,4,2,1,ESM6 C7350
2026-04-20T01:42:45.794701687Z,2026-04-20T01:42:45.778382969Z,1,1,42510079,T,A,0,72.000000000,20,0,11435,13165032,72.000000000,72.250000000,44,5,1,2,ESM6 C7350
2026-04-20T01:42:45.794768327Z,2026-04-20T01:42:45.778418793Z,1,1,42510079,T,A,0,72.000000000,14,0,12785,13165034,72.000000000,72.250000000,24,5,1,2,ESM6 C7350
2026-04-20T01:42:48.646400484Z,2026-04-20T01:42:48.515544715Z,1,1,42627610,T,B,0,13.300000000,1,0,12202,13172195,13.000000000,13.300000000,69,1,3,1,ESM6 C7650
2026-04-20T01:42:50.409717690Z,2026-04-20T01:42:50.409300003Z,1,1,42510079,T,A,0,72.000000000,10,0,13614,13175197,72.000000000,72.500000000,10,47,1,2,ESM6 C7350
2026-04-20T01:43:09.714427003Z,2026-04-20T01:43:09.714140177Z,1,1,42510079,T,A,0,72.250000000,50,0,13352,13184951,72.250000000,72.500000000,50,58,1,3,ESM6 C7350
2026-04-20T01:43:16.251081412Z,2026-04-20T01:43:16.250728549Z,1,1,42627610,T,B,0,13.400000000,1,0,13273,13189077,13.300000000,13.400000000,11,1,1,1,ESM6 C7650
2026-04-20T01:43:24.915791505Z,2026-04-20T01:43:24.915538439Z,1,1,42510079,T,A,0,72.250000000,20,0,14367,13191957,72.250000000,72.500000000,20,58,1,3,ESM6 C7350
2026-04-20T01:44:03.064037190Z,2026-04-20T01:44:03.063286413Z,1,1,2693742,T,B,0,84.250000000,34,0,14625,3039093,83.750000000,84.250000000,90,25,3,1,UD:1V:CVT 2693742
2026-04-20T01:44:12.283414555Z,2026-04-20T01:44:12.282724891Z,1,1,2693742,T,B,0,84.250000000,16,0,14618,3039844,83.750000000,84.250000000,232,16,4,1,UD:1V:CVT 2693742
2026-04-20T01:44:44.248561031Z,2026-04-20T01:44:44.248198335Z,1,1,42627610,T,A,0,13.400000000,10,0,14102,13217305,13.400000000,13.800000000,10,12,1,4,ESM6 C7650
2026-04-20T01:46:40.325205923Z,2026-04-20T01:46:40.324856547Z,1,1,42871623,T,A,0,21.500000000,1,0,13444,13277154,21.500000000,22.000000000,1,69,1,4,ESM6 C7575
2026-04-20T01:46:51.810871043Z,2026-04-20T01:46:51.810120331Z,1,1,2693742,T,B,0,84.250000000,31,0,14322,3060420,84.000000000,84.250000000,100,25,2,1,UD:1V:CVT 2693742
2026-04-20T01:46:51.811404526Z,2026-04-20T01:46:51.810907231Z,1,1,2693742,T,B,0,84.250000000,26,0,14517,3060422,84.000000000,84.250000000,100,19,2,1,UD:1V:CVT 2693742
2026-04-20T01:46:54.086814299Z,2026-04-20T01:46:54.084617679Z,1,1,42366510,T,A,0,192.500000000,10,0,16039,13282194,192.500000000,193.500000000,10,6,1,2,ESM6 C7100
2026-04-20T01:47:09.083096278Z,2026-04-20T01:47:09.082365037Z,1,1,2693742,T,B,0,84.250000000,31,0,22824,3063252,84.000000000,84.250000000,235,18,3,1,UD:1V:CVT 2693742
2026-04-20T01:47:41.285978166Z,2026-04-20T01:47:41.285340259Z,1,1,2693742,T,B,0,84.250000000,17,0,14297,3064980,84.000000000,84.250000000,100,12,2,1,UD:1V:CVT 2693742
2026-04-20T01:51:21.128078177Z,2026-04-20T01:51:21.127716947Z,1,1,42366523,T,A,0,169.000000000,1,0,11464,13371007,169.000000000,169.500000000,1,32,1,4,ESM6 P7100
2026-04-20T01:51:55.069363041Z,2026-04-20T01:51:55.067756005Z,1,1,42399706,T,B,0,74.000000000,2,0,13772,13386228,73.500000000,74.000000000,46,2,3,1,ESM6 P6700
2026-04-20T01:52:29.655504369Z,2026-04-20T01:52:29.655106795Z,1,1,42384724,T,A,0,136.000000000,5,0,12961,13397375,136.000000000,136.500000000,5,8,1,3,ESM6 C7200
2026-04-20T01:53:45.153796755Z,2026-04-20T01:53:45.153323621Z,1,1,2693875,T,A,0,27.250000000,10,0,13621,3102561,27.250000000,27.500000000,10,633,1,6,UD:1V: VT 2693875
2026-04-20T01:56:39.133370059Z,2026-04-20T01:56:39.132567375Z,1,1,2693742,T,B,0,84.250000000,20,0,13859,3128203,84.000000000,84.250000000,170,20,4,1,UD:1V:CVT 2693742
2026-04-20T01:56:39.133866295Z,2026-04-20T01:56:39.133373551Z,1,1,2693742,T,B,0,84.250000000,34,0,13930,3128205,84.000000000,84.250000000,170,25,4,1,UD:1V:CVT 2693742
2026-04-20T01:58:07.866732980Z,2026-04-20T01:58:07.866377577Z,1,1,42384729,T,A,0,3.400000000,1,0,13956,13596201,3.400000000,3.500000000,1,39,1,3,ESM6 C7900
2026-04-20T02:00:55.489141641Z,2026-04-20T02:00:55.486899895Z,1,1,42330564,T,A,0,131.500000000,1,0,14243,13657694,131.500000000,133.000000000,1,58,1,4,ESZ6 C7800
2026-04-20T02:01:15.923564057Z,2026-04-20T02:01:15.922321385Z,1,1,42330564,T,A,0,131.500000000,13,0,13019,13670426,131.500000000,132.500000000,99,33,1,1,ESZ6 C7800
2026-04-20T02:01:15.923595889Z,2026-04-20T02:01:15.922353271Z,1,1,42330564,T,A,0,131.500000000,15,0,14833,13670427,131.500000000,132.500000000,86,33,1,1,ESZ6 C7800
2026-04-20T02:01:16.056197907Z,2026-04-20T02:01:16.055521709Z,1,1,2693334,T,B,0,87.500000000,38,0,13187,3158411,87.000000000,87.500000000,288,9,2,1,UD:1V:CVT 2693334
2026-04-20T02:01:16.056445804Z,2026-04-20T02:01:16.055915715Z,1,1,2693849,T,B,0,290.000000000,20,0,13788,3158413,287.500000000,290.000000000,5,20,1,1,UD:1V:CFO 2693849
2026-04-20T02:01:16.058083172Z,2026-04-20T02:01:16.057611927Z,1,1,42399706,T,B,0,74.500000000,1,0,13831,13670632,73.750000000,74.500000000,42,1,2,1,ESM6 P6700
2026-04-20T02:01:21.987928447Z,2026-04-20T02:01:21.987666093Z,1,1,42330564,T,A,0,132.000000000,71,0,14207,13674049,132.000000000,132.500000000,71,151,1,2,ESZ6 C7800
2026-04-20T02:01:37.705956731Z,2026-04-20T02:01:37.705588417Z,1,1,42330564,T,A,0,132.000000000,5,0,13794,13682661,132.000000000,132.500000000,5,99,1,2,ESZ6 C7800
2026-04-20T02:09:34.061011187Z,2026-04-20T02:09:34.060612315Z,1,1,42378618,T,B,0,110.500000000,1,0,14141,13910031,110.000000000,110.500000000,37,1,3,1,ESM6 P6900
2026-04-20T02:09:42.799959564Z,2026-04-20T02:09:42.770988473Z,1,1,2687774,T,A,0,16.000000000,20,0,12182,3213076,16.000000000,16.200000000,20,327,1,3,UD:1V: VT 2687774
2026-04-20T02:10:42.915275137Z,2026-04-20T02:10:42.914714517Z,1,1,2694054,T,A,0,0.000000000,1,0,13611,3220880,0.000000000,3.050000000,1,5,1,1,UD:1V: 3W 2694054
2026-04-20T02:11:58.767074264Z,2026-04-20T02:11:58.766756037Z,1,1,42372969,T,B,0,257.000000000,1,0,13573,13974620,256.000000000,257.000000000,6,1,2,1,ESM6 C7000
2026-04-20T02:17:35.835861487Z,2026-04-20T02:17:35.834988607Z,1,1,2693742,T,B,0,84.250000000,22,0,13840,3257315,84.000000000,84.250000000,112,16,2,1,UD:1V:CVT 2693742
2026-04-20T02:17:38.391209406Z,2026-04-20T02:17:38.389676105Z,1,1,42394743,T,B,0,10.200000000,2,0,14105,14099716,9.900000000,10.200000000,208,2,4,2,ESM6 P5400
2026-04-20T02:21:05.208249974Z,2026-04-20T02:21:05.207711101Z,1,1,2688268,T,A,0,44.500000000,1,0,14340,3272779,44.500000000,45.000000000,1,151,1,4,UD:1V: VT 2688268
2026-04-20T02:21:22.323469326Z,2026-04-20T02:21:22.322739623Z,1,1,2693742,T,B,0,84.250000000,19,0,13987,3273870,84.000000000,84.250000000,111,19,2,1,UD:1V:CVT 2693742
2026-04-20T02:21:28.630192261Z,2026-04-20T02:21:28.629916803Z,1,1,42394754,T,B,0,30.250000000,1,0,13722,14178431,29.750000000,30.250000000,13,1,2,1,ESM6 P6200
2026-04-20T02:21:31.646312387Z,2026-04-20T02:21:31.645951865Z,1,1,42394754,T,B,0,30.250000000,1,0,14380,14181955,29.750000000,30.250000000,13,1,2,1,ESM6 P6200
2026-04-20T02:37:07.235213977Z,2026-04-20T02:37:07.234619653Z,1,1,539869,T,B,0,129.500000000,1,0,18796,14479955,127.000000000,129.500000000,47,37,2,2,ESZ6 P6000
2026-04-20T02:38:19.021767379Z,2026-04-20T02:38:19.021101195Z,1,1,2694356,T,B,0,280.500000000,10,0,15022,3345272,278.500000000,280.500000000,3,10,1,1,UD:1V: IB 2694356
2026-04-20T02:40:15.417825211Z,2026-04-20T02:40:15.417261797Z,1,1,2694395,T,A,0,49.000000000,1,0,14435,3354928,49.000000000,49.250000000,1,544,1,4,UD:1V: VT 2694395
2026-04-20T02:42:06.428762745Z,2026-04-20T02:42:06.428109361Z,1,1,2694341,T,B,0,253.000000000,10,0,14976,3360798,251.500000000,253.000000000,4,10,1,1,UD:1V: IB 2694341
2026-04-20T02:47:33.992619388Z,2026-04-20T02:47:33.992283335Z,1,1,42378346,T,A,0,32.500000000,18,0,13496,14655370,32.500000000,33.250000000,40,60,1,5,ESM6 C7500
2026-04-20T02:47:34.146250166Z,2026-04-20T02:47:34.146006807Z,1,1,42378346,T,A,0,32.500000000,2,0,18438,14655591,32.500000000,33.000000000,22,91,1,2,ESM6 C7500
2026-04-20T02:47:41.607847428Z,2026-04-20T02:47:41.605870855Z,1,1,42378346,T,A,0,32.500000000,15,0,16018,14658662,32.500000000,33.250000000,20,105,1,5,ESM6 C7500
2026-04-20T02:47:41.616463343Z,2026-04-20T02:47:41.616215827Z,1,1,42378346,T,A,0,32.500000000,5,0,13313,14658848,32.500000000,33.000000000,5,106,1,3,ESM6 C7500
2026-04-20T02:47:47.334512083Z,2026-04-20T02:47:47.306986281Z,1,1,42404374,T,B,0,136.500000000,2,0,13776,14661231,135.500000000,136.500000000,31,2,3,1,ESM6 P7000
2026-04-20T02:48:18.178553351Z,2026-04-20T02:48:18.177894303Z,1,1,2500133,T,B,0,267.000000000,2,0,14969,3393635,265.500000000,267.000000000,3,10,1,1,UD:1V: IB 2500133
2026-04-20T02:48:18.178647023Z,2026-04-20T02:48:18.177935263Z,1,1,2500133,T,B,0,267.000000000,8,0,13371,3393636,265.500000000,267.000000000,3,8,1,1,UD:1V: IB 2500133
2026-04-20T02:48:37.219739579Z,2026-04-20T02:48:37.217872097Z,1,1,42378592,T,B,0,51.500000000,1,0,13446,14705103,50.750000000,51.500000000,47,1,3,1,ESM6 P6500
2026-04-20T02:48:42.804546187Z,2026-04-20T02:48:42.804229411Z,1,1,42378592,T,B,0,51.250000000,1,0,13205,14707531,50.750000000,51.250000000,47,1,3,1,ESM6 P6500
2026-04-20T02:54:14.623501436Z,2026-04-20T02:54:14.623133723Z,1,1,42372969,T,A,0,257.000000000,1,0,13236,14824504,257.000000000,258.000000000,1,7,1,2,ESM6 C7000
2026-04-20T02:56:03.797617078Z,2026-04-20T02:56:03.796077547Z,1,1,42399706,T,A,0,74.500000000,2,0,13640,14879055,74.500000000,75.000000000,2,6,2,3,ESM6 P6700
2026-04-20T02:56:33.297185108Z,2026-04-20T02:56:33.275520551Z,1,1,42378592,T,B,0,51.250000000,3,0,13510,14888834,50.750000000,51.250000000,1,3,1,2,ESM6 P6500
2026-04-20T03:00:22.957520332Z,2026-04-20T03:00:22.957080789Z,1,1,42409672,T,A,0,19.200000000,1,0,14033,14974761,19.200000000,19.400000000,1,49,1,3,ESM6 P5900
2026-04-20T03:01:28.807280755Z,2026-04-20T03:01:28.806962637Z,1,1,42559342,T,A,0,23.750000000,1,0,13935,15009713,23.750000000,24.000000000,1,40,1,2,ESH7 P3400
2026-04-20T03:10:21.948085505Z,2026-04-20T03:10:21.947715079Z,1,1,42366525,T,A,0,1.200000000,1,0,13448,15152198,1.200000000,1.250000000,1,74,1,3,ESM6 C8200
2026-04-20T03:11:15.498016089Z,2026-04-20T03:11:15.328800413Z,1,1,42378346,T,A,0,32.500000000,40,0,12865,15171133,32.500000000,33.000000000,40,7,1,2,ESM6 C7500
2026-04-20T03:15:25.834700716Z,2026-04-20T03:15:25.828618251Z,1,1,42404370,T,B,0,42.750000000,14,0,13901,15245176,42.000000000,42.750000000,63,15,4,1,ESM6 P6400
2026-04-20T03:15:25.845245670Z,2026-04-20T03:15:25.843580939Z,1,1,42404370,T,B,0,42.750000000,1,0,13976,15245369,42.000000000,42.750000000,63,1,4,1,ESM6 P6400
2026-04-20T03:18:42.722650974Z,2026-04-20T03:18:42.713997439Z,1,1,42399706,T,B,0,75.000000000,1,0,13507,15299052,74.250000000,75.000000000,41,1,2,1,ESM6 P6700
2026-04-20T03:20:05.532856386Z,2026-04-20T03:20:05.532134167Z,1,1,42499829,T,B,0,161.000000000,14,0,13355,15322397,160.000000000,161.000000000,7,20,2,1,ESM6 C7150
2026-04-20T03:20:05.533127651Z,2026-04-20T03:20:05.532838837Z,1,1,42499829,T,B,0,161.000000000,6,0,13647,15322399,160.000000000,161.000000000,7,6,2,1,ESM6 C7150
2026-04-20T03:20:08.293816113Z,2026-04-20T03:20:08.286768833Z,1,1,42409672,T,A,0,19.000000000,18,0,14278,15328388,19.000000000,19.500000000,10,75,1,4,ESM6 P5900
2026-04-20T03:30:05.553815007Z,2026-04-20T03:30:05.553261265Z,1,1,42409672,T,A,0,19.000000000,1,0,14849,15484733,19.000000000,19.400000000,2,48,1,2,ESM6 P5900
2026-04-20T03:30:09.558367561Z,2026-04-20T03:30:09.557877473Z,1,1,42409672,T,A,0,19.000000000,1,0,13968,15488325,19.000000000,19.400000000,1,48,1,2,ESM6 P5900
2026-04-20T03:32:24.979233129Z,2026-04-20T03:32:24.973893541Z,1,1,42399706,T,B,0,74.500000000,1,0,12743,15544473,73.750000000,74.500000000,41,1,2,1,ESM6 P6700
2026-04-20T03:39:27.340205520Z,2026-04-20T03:39:27.339835011Z,1,1,42404374,T,B,0,136.000000000,1,0,13293,15649879,135.000000000,136.000000000,35,1,4,1,ESM6 P7000
2026-04-20T03:39:38.597358283Z,2026-04-20T03:39:38.596981023Z,1,1,42404374,T,B,0,136.000000000,1,0,14325,15652260,135.000000000,136.000000000,35,1,4,1,ESM6 P7000
2026-04-20T03:39:45.161126388Z,2026-04-20T03:39:45.160747925Z,1,1,42404374,T,B,0,136.000000000,1,0,14185,15653311,135.000000000,136.000000000,35,1,4,1,ESM6 P7000
2026-04-20T03:39:48.524624035Z,2026-04-20T03:39:48.524251293Z,1,1,42404374,T,B,0,136.000000000,1,0,16459,15653754,135.000000000,136.000000000,35,1,4,1,ESM6 P7000
2026-04-20T03:43:07.484160233Z,2026-04-20T03:43:07.477911719Z,1,1,42404374,T,B,0,136.500000000,1,0,13353,15715025,135.500000000,136.500000000,30,1,3,1,ESM6 P7000
2026-04-20T03:45:26.443845290Z,2026-04-20T03:45:26.438881013Z,1,1,42378346,T,A,0,32.500000000,40,0,13312,15766511,32.500000000,32.750000000,40,8,1,2,ESM6 C7500
2026-04-20T03:45:27.772265845Z,2026-04-20T03:45:27.771994945Z,1,1,42429362,T,A,0,215.000000000,1,0,14142,15767764,215.000000000,215.500000000,1,31,1,2,ESU6 P6900
2026-04-20T03:57:46.141628372Z,2026-04-20T03:57:46.105867831Z,1,1,42760603,T,A,0,238.500000000,1,0,12639,15964093,238.500000000,240.000000000,1,26,1,2,ESM6 C7025
2026-04-20T04:08:01.797543097Z,2026-04-20T04:08:01.748103899Z,1,1,42510079,T,B,0,70.250000000,1,0,14079,16145146,69.750000000,70.250000000,33,1,1,1,ESM6 C7350
2026-04-20T04:08:03.808253248Z,2026-04-20T04:08:03.807841621Z,1,1,2691818,T,A,0,24.000000000,10,0,13250,3707993,24.000000000,24.250000000,10,254,1,2,UD:1V: VT 2691818
2026-04-20T04:19:33.981345263Z,2026-04-20T04:19:33.976758081Z,1,1,2501078,T,A,0,149.500000000,101,0,13590,3736570,149.500000000,150.000000000,117,101,2,1,UD:1V: VT 2501078
2026-04-20T04:36:19.724767983Z,2026-04-20T04:36:19.706723223Z,1,1,42377432,T,B,0,98.500000000,4,0,13822,16599170,97.750000000,98.500000000,12,4,2,1,ESU6 P6200
2026-04-20T04:39:03.593053918Z,2026-04-20T04:39:03.592484423Z,1,1,2688316,T,B,0,-22.000000000,4,0,13228,3796333,,-22.000000000,0,4,0,1,UD:1V: RR 2688316
2026-04-20T04:39:10.001332119Z,2026-04-20T04:39:10.000997149Z,1,1,42409672,T,B,0,19.200000000,1,0,13900,16670675,19.100000000,19.200000000,10,1,1,1,ESM6 P5900
2026-04-20T04:39:47.246381185Z,2026-04-20T04:39:47.246067203Z,1,1,42384729,T,A,0,3.450000000,1,0,12747,16686049,3.450000000,3.500000000,1,85,1,4,ESM6 C7900
2026-04-20T04:39:49.885682809Z,2026-04-20T04:39:49.845571657Z,1,1,42378618,T,A,0,112.000000000,1,0,12600,16687472,112.000000000,113.000000000,1,41,1,4,ESM6 P6900
2026-04-20T04:40:50.753853427Z,2026-04-20T04:40:50.753465927Z,1,1,42394743,T,B,0,10.200000000,2,0,15976,16723755,9.900000000,10.200000000,223,2,4,1,ESM6 P5400
2026-04-20T04:40:50.753869094Z,2026-04-20T04:40:50.753504439Z,1,1,42409672,T,A,0,19.200000000,2,0,14906,16723756,19.200000000,19.500000000,9,31,1,1,ESM6 P5900
2026-04-20T04:40:50.754281622Z,2026-04-20T04:40:50.753872643Z,1,1,42409672,T,A,0,19.200000000,32,0,11146,16723757,19.200000000,19.500000000,7,31,1,1,ESM6 P5900
2026-04-20T04:41:30.863303209Z,2026-04-20T04:41:30.862920793Z,1,1,42409672,T,A,0,19.200000000,1,0,11651,16736908,19.200000000,19.500000000,5,31,1,1,ESM6 P5900
2026-04-20T04:41:36.728083251Z,2026-04-20T04:41:36.727734607Z,1,1,42384729,T,B,0,3.250000000,2,0,12880,16737712,3.100000000,3.250000000,247,2,3,1,ESM6 C7900
2026-04-20T04:41:56.833096836Z,2026-04-20T04:41:56.832497509Z,1,1,2691818,T,A,0,24.000000000,10,0,13681,3811232,24.000000000,24.500000000,10,449,1,4,UD:1V: VT 2691818
2026-04-20T04:43:50.326351515Z,2026-04-20T04:43:50.326027447Z,1,1,42378618,T,A,0,111.000000000,2,0,13992,16769606,111.000000000,111.500000000,12,2,1,1,ESM6 P6900
2026-04-20T04:44:27.438396110Z,2026-04-20T04:44:27.437772541Z,1,1,42409672,T,A,0,19.200000000,1,0,13631,16778413,19.200000000,19.500000000,4,31,1,1,ESM6 P5900
2026-04-20T04:45:19.619834438Z,2026-04-20T04:45:19.619431023Z,1,1,42409672,T,A,0,19.200000000,1,0,12040,16808011,19.200000000,19.500000000,3,51,1,2,ESM6 P5900
2026-04-20T04:45:19.620107467Z,2026-04-20T04:45:19.619837969Z,1,1,42409672,T,A,0,19.200000000,38,0,13662,16808012,19.200000000,19.500000000,2,51,1,2,ESM6 P5900
2026-04-20T04:45:19.620155830Z,2026-04-20T04:45:19.619838149Z,1,1,42409672,T,A,0,19.200000000,4,0,12742,16808013,19.200000000,19.500000000,4,51,1,2,ESM6 P5900
2026-04-20T04:45:44.002333575Z,2026-04-20T04:45:44.001933865Z,1,1,42384729,T,A,0,3.350000000,1,0,14553,16814390,3.350000000,3.500000000,1,85,1,4,ESM6 C7900
2026-04-20T04:45:55.298175484Z,2026-04-20T04:45:55.296365699Z,1,1,42384729,T,A,0,3.350000000,1,0,13612,16816688,3.350000000,3.500000000,1,85,1,4,ESM6 C7900
2026-04-20T04:46:16.667315646Z,2026-04-20T04:46:16.666932653Z,1,1,42384729,T,A,0,3.350000000,1,0,13780,16825107,3.350000000,3.500000000,1,85,1,4,ESM6 C7900
2026-04-20T04:46:42.217917326Z,2026-04-20T04:46:41.970942019Z,1,1,42378618,T,A,0,111.000000000,10,0,13569,16838853,111.000000000,111.500000000,10,30,1,1,ESM6 P6900
2026-04-20T04:46:56.283482766Z,2026-04-20T04:46:56.282409421Z,1,1,42384729,T,A,0,3.350000000,1,0,13519,16850372,3.350000000,3.500000000,1,85,1,4,ESM6 C7900
2026-04-20T04:47:08.462962453Z,2026-04-20T04:47:08.460431035Z,1,1,42384729,T,A,0,3.350000000,1,0,13420,16858060,3.350000000,3.500000000,1,85,1,4,ESM6 C7900
2026-04-20T04:47:25.219490916Z,2026-04-20T04:47:25.217523513Z,1,1,42384729,T,A,0,3.350000000,1,0,12083,16862807,3.350000000,3.500000000,1,85,1,4,ESM6 C7900
2026-04-20T04:50:11.204255519Z,2026-04-20T04:50:11.203679555Z,1,1,42384729,T,A,0,3.350000000,1,0,13000,16932067,3.350000000,3.500000000,1,85,1,4,ESM6 C7900
2026-04-20T04:52:25.378116627Z,2026-04-20T04:52:25.377801789Z,1,1,42384729,T,A,0,3.350000000,1,0,13772,17013845,3.350000000,3.500000000,1,85,1,4,ESM6 C7900
2026-04-20T04:56:07.601914195Z,2026-04-20T04:56:07.601301193Z,1,1,2501396,T,A,0,80.250000000,7,0,14656,3880564,80.250000000,80.750000000,8,23,1,1,UD:1V: IC 2501396
2026-04-20T04:56:07.601980930Z,2026-04-20T04:56:07.601351091Z,1,1,2501396,T,A,0,80.250000000,1,0,12935,3880565,80.250000000,80.750000000,1,23,1,1,UD:1V: IC 2501396
2026-04-20T05:02:43.619135881Z,2026-04-20T05:02:43.599264371Z,1,1,42384729,T,A,0,3.350000000,1,0,13337,17211795,3.350000000,3.500000000,1,85,1,4,ESM6 C7900
2026-04-20T05:02:49.786899460Z,2026-04-20T05:02:49.786533737Z,1,1,42836578,T,B,0,273.500000000,11,0,13941,17215240,272.500000000,273.500000000,6,11,2,1,ESM6 C6975
2026-04-20T05:03:14.106383239Z,2026-04-20T05:03:14.105998995Z,1,1,42384729,T,A,0,3.350000000,1,0,13363,17223953,3.350000000,3.500000000,1,85,1,4,ESM6 C7900
2026-04-20T05:03:36.046755543Z,2026-04-20T05:03:36.034917913Z,1,1,42404374,T,A,0,136.500000000,1,0,12791,17231465,136.500000000,137.500000000,1,30,1,3,ESM6 P7000
2026-04-20T05:06:22.082563583Z,2026-04-20T05:06:22.074737915Z,1,1,42384731,T,B,0,268.000000000,5,0,13176,17293266,266.500000000,268.000000000,19,5,2,1,ESM6 P7300
2026-04-20T05:06:46.331743267Z,2026-04-20T05:06:46.331191909Z,1,1,42439383,T,A,0,283.000000000,4,0,13315,17303342,283.000000000,285.000000000,4,6,1,2,ESU6 C7200
2026-04-20T05:06:58.915643649Z,2026-04-20T05:06:58.915021525Z,1,1,2500662,T,A,0,7.100000000,1,0,13507,3917188,7.100000000,7.300000000,1,532,1,3,UD:1V: VT 2500662
2026-04-20T05:07:22.253028769Z,2026-04-20T05:07:22.252614917Z,1,1,2500668,T,B,0,6.500000000,1,0,13840,3918933,6.400000000,6.500000000,746,1,5,1,UD:1V: VT 2500668
2026-04-20T05:07:33.930124207Z,2026-04-20T05:07:33.898039163Z,1,1,42378618,T,A,0,111.000000000,5,0,11258,17319238,111.000000000,112.000000000,5,36,1,3,ESM6 P6900
2026-04-20T05:07:54.164775505Z,2026-04-20T05:07:54.164406753Z,1,1,42987642,T,A,0,21.500000000,2,0,13627,17327202,21.500000000,21.750000000,2,54,1,3,ESM6 P5975
2026-04-20T05:13:51.301024740Z,2026-04-20T05:13:51.300640421Z,1,1,42627610,T,B,0,13.000000000,5,0,14593,17448226,12.700000000,13.000000000,106,5,2,1,ESM6 C7650
2026-04-20T05:20:02.154280123Z,2026-04-20T05:20:02.151855789Z,1,1,42439383,T,A,0,283.000000000,4,0,13422,17566200,283.000000000,285.000000000,4,28,1,2,ESU6 C7200
2026-04-20T05:23:30.135575142Z,2026-04-20T05:23:30.135036013Z,1,1,42366512,T,B,0,15.000000000,1,0,13278,17668475,14.200000000,15.000000000,23,171,1,3,ESM6 P5700
2026-04-20T05:28:20.343374083Z,2026-04-20T05:28:20.342783821Z,1,1,2501619,T,B,0,29.500000000,1,0,12797,4038161,29.250000000,29.500000000,683,1,5,1,UD:1V: VT 2501619
2026-04-20T05:28:37.922005137Z,2026-04-20T05:28:37.921652925Z,1,1,42372969,T,B,0,253.000000000,1,0,13547,17869853,252.500000000,253.000000000,21,1,1,1,ESM6 C7000
2026-04-20T05:30:15.540616733Z,2026-04-20T05:30:15.463618639Z,1,1,2501051,T,B,0,26.500000000,50,0,13218,4050517,26.250000000,26.500000000,483,50,3,1,UD:1V: VT 2501051
2026-04-20T05:33:54.599001163Z,2026-04-20T05:33:54.547263669Z,1,1,2688667,T,A,0,31.750000000,60,0,13939,4118168,31.750000000,32.000000000,55,286,1,3,UD:1V: VT 2688667
2026-04-20T05:33:54.600953087Z,2026-04-20T05:33:54.547877947Z,1,1,2688667,T,A,0,31.750000000,50,0,13062,4118173,31.750000000,32.000000000,50,286,1,3,UD:1V: VT 2688667
2026-04-20T05:33:54.601288551Z,2026-04-20T05:33:54.548369715Z,1,1,2688667,T,A,0,31.750000000,2,0,13081,4118175,31.750000000,32.000000000,55,286,1,3,UD:1V: VT 2688667
2026-04-20T05:33:54.604431183Z,2026-04-20T05:33:54.551420833Z,1,1,2688667,T,A,0,31.750000000,2,0,13710,4118184,31.750000000,32.000000000,53,286,1,3,UD:1V: VT 2688667
2026-04-20T05:33:54.636452209Z,2026-04-20T05:33:54.571126531Z,1,1,2688667,T,A,0,31.750000000,4,0,14125,4118320,31.750000000,32.000000000,51,286,1,3,UD:1V: VT 2688667
2026-04-20T05:33:54.637897061Z,2026-04-20T05:33:54.573453397Z,1,1,2688667,T,A,0,31.750000000,3,0,14693,4118324,31.750000000,32.000000000,47,286,1,3,UD:1V: VT 2688667
2026-04-20T05:33:54.638750212Z,2026-04-20T05:33:54.576692975Z,1,1,2688667,T,A,0,31.750000000,2,0,13216,4118330,31.750000000,32.000000000,44,286,1,3,UD:1V: VT 2688667
2026-04-20T05:33:54.657362203Z,2026-04-20T05:33:54.597804419Z,1,1,2688667,T,A,0,31.750000000,2,0,12758,4118361,31.750000000,32.000000000,42,286,1,3,UD:1V: VT 2688667
2026-04-20T05:36:05.216460343Z,2026-04-20T05:36:05.143114317Z,1,1,2688667,T,A,0,31.750000000,41,0,13000,4142226,31.750000000,32.000000000,40,166,1,2,UD:1V: VT 2688667
2026-04-20T05:43:07.074329273Z,2026-04-20T05:43:07.073762617Z,1,1,42404370,T,B,0,44.000000000,1,0,13369,18505465,43.250000000,44.000000000,51,1,4,1,ESM6 P6400
2026-04-20T05:48:15.239112790Z,2026-04-20T05:48:15.238811607Z,1,1,81376,T,B,0,207.000000000,2,0,13529,18706787,205.500000000,207.000000000,27,2,1,1,ESZ7 C8500
2026-04-20T05:50:34.708897980Z,2026-04-20T05:50:34.708571017Z,1,1,225822,T,B,0,10.300000000,2,0,13904,18811882,10.000000000,10.300000000,161,2,1,1,ESZ6 P2900
2026-04-20T05:55:20.050166771Z,2026-04-20T05:55:20.049596955Z,1,1,2501912,T,A,0,362.000000000,20,0,13891,4375155,362.000000000,362.500000000,20,9,1,2,UD:1V: ST 2501912
2026-04-20T05:55:46.484156612Z,2026-04-20T05:55:46.483878319Z,1,1,42987642,T,B,0,21.500000000,2,0,16130,19058745,21.250000000,21.500000000,88,2,1,1,ESM6 P5975
2026-04-20T05:56:30.201155188Z,2026-04-20T05:56:30.200831605Z,1,1,42987642,T,B,0,21.500000000,2,0,13370,19091145,21.250000000,21.500000000,88,2,1,1,ESM6 P5975
2026-04-20T05:56:31.340457457Z,2026-04-20T05:56:31.339845567Z,1,1,2501912,T,A,0,362.000000000,7,0,12998,4392441,362.000000000,362.500000000,20,3,1,1,UD:1V: ST 2501912
2026-04-20T05:57:04.639944140Z,2026-04-20T05:57:04.637590253Z,1,1,2501912,T,B,0,362.500000000,3,0,14449,4397901,362.000000000,362.500000000,13,3,1,1,UD:1V: ST 2501912
2026-04-20T05:57:04.643937071Z,2026-04-20T05:57:04.643397859Z,1,1,2501912,T,A,0,362.500000000,10,0,13874,4397980,362.500000000,367.000000000,10,4,1,1,UD:1V: ST 2501912
2026-04-20T05:58:01.375333838Z,2026-04-20T05:58:01.374717397Z,1,1,2693264,T,A,0,29.250000000,2,0,13790,4408918,29.250000000,29.500000000,2,518,1,4,UD:1V: VT 2693264
2026-04-20T05:58:18.196779443Z,2026-04-20T05:58:18.196374817Z,1,1,2501912,T,A,0,362.500000000,20,0,12894,4412037,362.500000000,363.000000000,20,4,1,1,UD:1V: ST 2501912
2026-04-20T05:58:33.718047596Z,2026-04-20T05:58:33.717666355Z,1,1,2501912,T,A,0,362.500000000,1,0,13231,4413365,362.500000000,363.000000000,20,4,1,1,UD:1V: ST 2501912
2026-04-20T05:58:33.819691092Z,2026-04-20T05:58:33.819358177Z,1,1,2501912,T,A,0,362.500000000,19,0,13727,4413382,362.500000000,363.000000000,19,4,1,1,UD:1V: ST 2501912
2026-04-20T05:58:41.659978220Z,2026-04-20T05:58:41.659393965Z,1,1,42394731,T,B,0,6.900000000,1,0,13916,19166862,6.700000000,6.900000000,156,1,2,1,ESM6 P5000
2026-04-20T06:00:32.847016652Z,2026-04-20T06:00:32.834243421Z,1,1,2501912,T,A,0,363.000000000,6,0,13606,4438285,363.000000000,363.500000000,20,7,1,2,UD:1V: ST 2501912
2026-04-20T06:00:41.427759774Z,2026-04-20T06:00:41.427396787Z,1,1,42505875,T,B,0,368.000000000,1,0,13554,19256582,367.000000000,368.000000000,28,1,2,1,ESZ6 P7150
2026-04-20T06:00:53.883717129Z,2026-04-20T06:00:53.883265881Z,1,1,2501912,T,A,0,363.000000000,14,0,16570,4442101,363.000000000,363.500000000,14,31,1,1,UD:1V: ST 2501912
2026-04-20T06:01:31.063930782Z,2026-04-20T06:01:31.058979125Z,1,1,42506298,T,B,0,244.000000000,10,0,14121,19307183,243.000000000,244.000000000,5,40,1,1,ESU6 P7000
2026-04-20T06:02:25.798477097Z,2026-04-20T06:02:25.798203077Z,1,1,42627610,T,B,0,13.100000000,5,0,13914,19382380,12.600000000,13.100000000,90,5,2,1,ESM6 C7650
2026-04-20T06:02:40.297184015Z,2026-04-20T06:02:40.296828661Z,1,1,42627610,T,B,0,13.200000000,5,0,15004,19409381,12.800000000,13.200000000,62,5,2,1,ESM6 C7650
2026-04-20T06:03:55.887151249Z,2026-04-20T06:03:55.820483061Z,1,1,42487843,T,A,0,192.500000000,1,0,12764,19484013,192.500000000,193.500000000,1,4,1,1,ESM6 P7150
2026-04-20T06:04:29.052250996Z,2026-04-20T06:04:29.047556551Z,1,1,2688667,T,A,0,31.750000000,34,0,17171,4509659,31.750000000,32.000000000,34,185,1,3,UD:1V: VT 2688667
2026-04-20T06:04:33.935019703Z,2026-04-20T06:04:33.934689041Z,1,1,42378592,T,B,0,52.000000000,2,0,14363,19536315,51.500000000,52.000000000,46,2,4,1,ESM6 P6500
2026-04-20T06:11:09.121252723Z,2026-04-20T06:11:09.119055313Z,1,1,42506298,T,B,0,243.000000000,9,0,12329,19871877,242.000000000,243.000000000,24,20,2,1,ESU6 P7000
2026-04-20T06:13:05.316187019Z,2026-04-20T06:13:05.315831217Z,1,1,539869,T,A,0,130.000000000,1,0,13334,19966978,130.000000000,130.500000000,1,74,1,4,ESZ6 P6000
2026-04-20T06:14:24.175731790Z,2026-04-20T06:14:24.175173207Z,1,1,42611781,T,B,0,24.000000000,25,0,13574,20025651,23.750000000,24.000000000,38,50,2,2,ESM6 C7550
2026-04-20T06:14:24.175750316Z,2026-04-20T06:14:24.175173615Z,1,1,42611781,T,B,0,24.000000000,25,0,12627,20025652,23.750000000,24.000000000,38,25,2,1,ESM6 C7550
2026-04-20T06:18:02.451115241Z,2026-04-20T06:18:02.450739353Z,1,1,42378592,T,B,0,52.500000000,1,0,13183,20192704,52.000000000,52.500000000,40,1,3,1,ESM6 P6500
2026-04-20T06:18:06.920704073Z,2026-04-20T06:18:06.920255641Z,1,1,42378592,T,B,0,52.500000000,1,0,13943,20195616,52.000000000,52.500000000,40,1,3,1,ESM6 P6500
2026-04-20T06:19:07.127757790Z,2026-04-20T06:19:07.127398749Z,1,1,42394731,T,A,0,7.000000000,2,0,13565,20245881,7.000000000,7.100000000,2,153,1,1,ESM6 P5000
2026-04-20T06:19:09.849087644Z,2026-04-20T06:19:09.848702025Z,1,1,42394731,T,A,0,7.000000000,2,0,12788,20248172,7.000000000,7.100000000,2,153,1,1,ESM6 P5000
2026-04-20T06:20:36.332684955Z,2026-04-20T06:20:36.290112677Z,1,1,42627610,T,B,0,13.300000000,5,0,14037,20315634,12.600000000,13.300000000,96,5,3,1,ESM6 C7650
2026-04-20T06:24:38.446606468Z,2026-04-20T06:24:38.446018245Z,1,1,2502473,T,A,0,2.650000000,1,0,14461,4752308,2.650000000,2.750000000,1,226,1,2,UD:1V: GN 2502473
2026-04-20T06:25:43.541864171Z,2026-04-20T06:25:43.541501131Z,1,1,42394731,T,A,0,7.000000000,1,0,13809,20520352,7.000000000,7.200000000,1,210,1,3,ESM6 P5000
2026-04-20T06:25:46.285578567Z,2026-04-20T06:25:46.285262825Z,1,1,42394731,T,A,0,7.000000000,1,0,14367,20523400,7.000000000,7.200000000,1,210,1,3,ESM6 P5000
2026-04-20T06:26:15.228238867Z,2026-04-20T06:26:15.227638513Z,1,1,2502111,T,A,0,47.750000000,1,0,13357,4766892,47.750000000,48.000000000,1,165,1,3,UD:1V: VT 2502111
2026-04-20T06:28:28.270611177Z,2026-04-20T06:28:28.269880359Z,1,1,2693334,T,B,0,87.750000000,21,0,14174,4789512,87.250000000,87.750000000,374,21,2,1,UD:1V:CVT 2693334
2026-04-20T06:31:20.807691219Z,2026-04-20T06:31:20.807302197Z,1,1,42522942,T,B,0,76.000000000,2,0,13264,20865456,75.500000000,76.000000000,15,2,2,1,ESH7 P5000
2026-04-20T06:32:09.361894187Z,2026-04-20T06:32:09.361229067Z,1,1,2693334,T,B,0,87.500000000,25,0,15178,4870703,87.250000000,87.500000000,374,25,2,1,UD:1V:CVT 2693334
2026-04-20T06:32:36.952309279Z,2026-04-20T06:32:36.951309189Z,1,1,42378618,T,B,0,113.500000000,1,0,13388,20960840,112.000000000,113.500000000,29,26,3,2,ESM6 P6900
2026-04-20T06:32:51.444979017Z,2026-04-20T06:32:51.436200743Z,1,1,42627610,T,B,0,13.500000000,5,0,11731,20981741,12.700000000,13.500000000,113,5,4,1,ESM6 C7650
2026-04-20T06:33:12.164082031Z,2026-04-20T06:33:12.163476681Z,1,1,2502587,T,B,0,32.750000000,1,0,13189,4891113,32.500000000,32.750000000,1,100,1,1,UD:1V: VT 2502587
2026-04-20T06:34:52.199227398Z,2026-04-20T06:34:52.198807347Z,1,1,42384725,T,A,0,55.250000000,20,0,13692,21089357,55.250000000,56.500000000,34,40,3,4,ESM6 C7400
2026-04-20T06:36:27.262868708Z,2026-04-20T06:36:27.262498697Z,1,1,42384725,T,B,0,55.500000000,5,0,14582,21153682,55.000000000,55.500000000,73,5,3,1,ESM6 C7400
2026-04-20T06:41:18.732720519Z,2026-04-20T06:41:18.732369939Z,1,1,344735,T,A,0,3.700000000,4,0,13205,21415600,3.700000000,3.800000000,4,247,1,3,ESZ6 P1900
2026-04-20T06:45:52.320545347Z,2026-04-20T06:45:52.320226671Z,1,1,42394812,T,B,0,92.750000000,1,0,15151,21664498,92.500000000,92.750000000,12,1,2,1,ESM6 P6800
2026-04-20T06:47:17.080694907Z,2026-04-20T06:47:17.080143133Z,1,1,42506298,T,B,0,243.000000000,11,0,14386,21749610,242.500000000,243.000000000,10,51,2,3,ESU6 P7000
2026-04-20T06:50:57.439247611Z,2026-04-20T06:50:57.437987767Z,1,1,42506298,T,B,0,243.000000000,40,0,14171,21953265,242.000000000,243.000000000,31,40,4,2,ESU6 P7000
2026-04-20T06:51:15.493357429Z,2026-04-20T06:51:15.492720891Z,1,1,2502355,T,A,0,44.000000000,3,0,13433,5139386,44.000000000,44.500000000,3,144,1,5,UD:1V: GN 2502355
2026-04-20T06:51:18.634361913Z,2026-04-20T06:51:18.633748347Z,1,1,2502355,T,A,0,44.000000000,3,0,13488,5139734,44.000000000,44.500000000,3,144,1,5,UD:1V: GN 2502355
2026-04-20T06:51:21.834373927Z,2026-04-20T06:51:21.833768327Z,1,1,2502355,T,A,0,44.000000000,3,0,13686,5140602,44.000000000,44.500000000,3,144,1,5,UD:1V: GN 2502355
2026-04-20T06:51:25.034430919Z,2026-04-20T06:51:25.033780057Z,1,1,2502355,T,A,0,44.000000000,3,0,13985,5141222,44.000000000,44.500000000,3,144,1,5,UD:1V: GN 2502355
2026-04-20T06:51:28.234244825Z,2026-04-20T06:51:28.233781463Z,1,1,2502355,T,A,0,44.000000000,3,0,15655,5142597,44.000000000,44.500000000,3,144,1,5,UD:1V: GN 2502355
2026-04-20T06:51:31.434391286Z,2026-04-20T06:51:31.433783425Z,1,1,2502355,T,A,0,44.000000000,3,0,13687,5142900,44.000000000,44.500000000,3,144,1,5,UD:1V: GN 2502355
2026-04-20T06:51:34.634431838Z,2026-04-20T06:51:34.633779641Z,1,1,2502355,T,A,0,44.000000000,3,0,17921,5143327,44.000000000,44.500000000,3,144,1,5,UD:1V: GN 2502355
2026-04-20T06:54:48.561551414Z,2026-04-20T06:54:48.561189039Z,1,1,42573245,T,A,0,151.000000000,1,0,13178,22168892,151.000000000,151.500000000,1,49,1,3,ESH7 C8000
2026-04-20T06:54:59.432736775Z,2026-04-20T06:54:59.432419007Z,1,1,42573245,T,A,0,151.000000000,1,0,13536,22174715,151.000000000,151.500000000,1,49,1,3,ESH7 C8000
2026-04-20T06:56:02.402512369Z,2026-04-20T06:56:02.402154013Z,1,1,42573245,T,A,0,151.000000000,1,0,13365,22222226,151.000000000,151.500000000,1,35,1,3,ESH7 C8000
2026-04-20T06:56:07.136676571Z,2026-04-20T06:56:07.136358879Z,1,1,42573245,T,A,0,151.000000000,1,0,13393,22232632,151.000000000,151.500000000,1,31,1,2,ESH7 C8000
2026-04-20T06:56:17.601467770Z,2026-04-20T06:56:17.600982449Z,1,1,2502355,T,A,0,44.000000000,3,0,13342,5204389,44.000000000,44.500000000,3,144,1,5,UD:1V: GN 2502355
2026-04-20T06:56:24.324764567Z,2026-04-20T06:56:23.266519841Z,1,1,42378346,T,B,0,33.000000000,1,0,13754,22298300,32.500000000,33.000000000,33,1,1,1,ESM6 C7500
2026-04-20T06:56:26.829822113Z,2026-04-20T06:56:26.083854707Z,1,1,2676272,T,B,0,153.000000000,10,0,12996,5234133,151.500000000,153.000000000,69,10,1,1,UD:1V: VT 2676272
2026-04-20T06:56:27.195426465Z,2026-04-20T06:56:26.157081831Z,1,1,42611781,T,B,0,24.750000000,2,0,13460,22339218,,24.750000000,0,2,0,1,ESM6 C7550
2026-04-20T06:56:35.659549641Z,2026-04-20T06:56:35.597302801Z,1,1,42627610,T,B,0,13.600000000,5,0,14754,22411807,13.000000000,13.600000000,89,5,2,1,ESM6 C7650
2026-04-20T06:57:03.989529799Z,2026-04-20T06:57:03.987847527Z,1,1,42573245,T,A,0,152.500000000,2,0,12895,22580945,152.500000000,153.000000000,2,47,1,3,ESH7 C8000
2026-04-20T06:57:22.086093854Z,2026-04-20T06:57:21.984219919Z,1,1,42627610,T,B,0,13.700000000,2,0,14169,22658141,13.300000000,13.700000000,46,2,1,1,ESM6 C7650
2026-04-20T06:57:40.477397143Z,2026-04-20T06:57:40.366073929Z,1,1,2502934,T,A,0,16.500000000,1,0,13508,5361919,16.500000000,16.600000000,1,16,1,2,UD:1V: GN 2502934
2026-04-20T06:57:41.983547790Z,2026-04-20T06:57:41.373132475Z,1,1,42627610,T,B,0,13.800000000,2,0,13731,22781791,13.300000000,13.800000000,110,2,3,1,ESM6 C7650
2026-04-20T06:58:56.147684636Z,2026-04-20T06:58:56.147114491Z,1,1,2502954,T,A,0,151.500000000,20,0,20050,5448513,151.500000000,153.500000000,20,5,1,1,UD:1V: GN 2502954
2026-04-20T06:59:17.460761591Z,2026-04-20T06:59:17.460137591Z,1,1,2502959,T,A,0,6.100000000,1,0,13290,5458089,6.100000000,6.300000000,3,155,1,2,UD:1V: VT 2502959
2026-04-20T07:00:01.962030591Z,2026-04-20T07:00:01.116336515Z,1,1,42627610,T,B,0,13.900000000,3,0,14233,23187920,13.300000000,13.900000000,47,3,3,1,ESM6 C7650
2026-04-20T07:00:54.842884435Z,2026-04-20T07:00:54.842356511Z,1,1,42510079,T,A,0,73.500000000,1,0,13261,23461170,73.500000000,74.000000000,1,29,1,2,ESM6 C7350
2026-04-20T07:01:19.151188569Z,2026-04-20T07:01:19.150290475Z,1,1,2502954,T,A,0,151.500000000,45,0,14416,5588944,151.500000000,153.500000000,350,5,1,1,UD:1V: GN 2502954
2026-04-20T07:02:05.468029564Z,2026-04-20T07:02:05.467430621Z,1,1,2502954,T,A,0,151.500000000,26,0,14193,5622996,151.500000000,153.500000000,305,5,1,1,UD:1V: GN 2502954
2026-04-20T07:03:26.555662577Z,2026-04-20T07:03:26.554997671Z,1,1,42627610,T,B,0,14.000000000,4,0,12639,24015276,13.500000000,14.000000000,75,4,4,1,ESM6 C7650
2026-04-20T07:03:33.926422004Z,2026-04-20T07:03:33.911359679Z,1,1,42315459,T,A,0,82.500000000,1,0,13217,24051557,82.500000000,83.500000000,1,36,1,2,ESZ6 C8000
2026-04-20T07:04:01.999935535Z,2026-04-20T07:04:01.977800657Z,1,1,42315459,T,A,0,82.000000000,1,0,12359,24168134,82.000000000,83.000000000,1,7,1,2,ESZ6 C8000
2026-04-20T07:04:58.802823204Z,2026-04-20T07:04:58.802455369Z,1,1,2694054,T,B,0,1.000000000,1,0,13935,5783379,-0.650000000,1.000000000,8,1,1,1,UD:1V: 3W 2694054
2026-04-20T07:06:01.493611955Z,2026-04-20T07:06:01.493084329Z,1,1,42919946,T,A,0,17.300000000,5,0,14234,24482900,17.300000000,17.500000000,5,24,1,2,ESM6 P5825
2026-04-20T07:06:02.036681579Z,2026-04-20T07:06:02.036125159Z,1,1,42973469,T,A,0,8.600000000,5,0,11901,24483893,8.600000000,8.800000000,5,282,1,3,ESM6 P5225
2026-04-20T07:06:03.048844367Z,2026-04-20T07:06:03.048309883Z,1,1,42399655,T,A,0,13.800000000,5,0,14479,24484868,13.800000000,14.000000000,5,3,1,1,ESM6 P5650
2026-04-20T07:06:03.691558158Z,2026-04-20T07:06:03.691009049Z,1,1,42372931,T,A,0,7.600000000,5,0,15208,24486512,7.600000000,7.800000000,5,293,1,3,ESM6 P5100
2026-04-20T07:06:04.674178961Z,2026-04-20T07:06:04.672134089Z,1,1,42394731,T,A,0,6.900000000,5,0,14275,24487623,6.900000000,7.100000000,5,300,1,3,ESM6 P5000
2026-04-20T07:06:10.465222119Z,2026-04-20T07:06:10.464551529Z,1,1,42394733,T,A,0,9.300000000,5,0,19892,24490900,9.300000000,9.500000000,5,38,1,2,ESM6 P5300
2026-04-20T07:06:11.122869561Z,2026-04-20T07:06:11.122303291Z,1,1,42399612,T,A,0,8.000000000,5,0,14896,24492890,8.000000000,8.200000000,5,442,1,4,ESM6 P5150
2026-04-20T07:06:11.815542613Z,2026-04-20T07:06:11.814773833Z,1,1,42992847,T,A,0,8.200000000,5,0,14499,24495622,8.200000000,8.400000000,5,439,1,4,ESM6 P5175
2026-04-20T07:06:12.350081167Z,2026-04-20T07:06:12.349549253Z,1,1,42409657,T,A,0,13.000000000,5,0,14878,24496624,13.000000000,13.200000000,5,32,1,2,ESM6 P5600
2026-04-20T07:06:12.482231441Z,2026-04-20T07:06:12.481604663Z,1,1,2693334,T,B,0,87.750000000,25,0,17056,5826813,87.500000000,87.750000000,320,25,3,1,UD:1V:CVT 2693334
2026-04-20T07:06:12.882978075Z,2026-04-20T07:06:12.882454207Z,1,1,42394740,T,A,0,8.400000000,5,0,13527,24497861,8.400000000,8.600000000,5,434,1,4,ESM6 P5200
2026-04-20T07:06:13.666683949Z,2026-04-20T07:06:13.666100075Z,1,1,42394733,T,A,0,9.300000000,5,0,16698,24499362,9.300000000,9.500000000,5,38,1,2,ESM6 P5300
2026-04-20T07:06:14.452355438Z,2026-04-20T07:06:14.451847787Z,1,1,42919946,T,A,0,17.300000000,5,0,17406,24502415,17.300000000,17.500000000,5,24,1,2,ESM6 P5825
2026-04-20T07:06:15.070178388Z,2026-04-20T07:06:15.069602163Z,1,1,42853786,T,A,0,11.900000000,5,0,14079,24503716,11.900000000,12.000000000,5,3,1,1,ESM6 P5525
2026-04-20T07:06:19.021963947Z,2026-04-20T07:06:19.005890175Z,1,1,42378373,T,A,0,15.700000000,5,0,20494,24529842,15.700000000,15.900000000,5,21,1,1,ESM6 P5750
2026-04-20T07:06:19.596636513Z,2026-04-20T07:06:19.595970239Z,1,1,2693334,T,B,0,87.750000000,25,0,14178,5836159,87.500000000,87.750000000,283,25,2,1,UD:1V:CVT 2693334
2026-04-20T07:06:25.436676017Z,2026-04-20T07:06:25.435932677Z,1,1,2693334,T,B,0,87.750000000,50,0,15298,5841299,87.500000000,87.750000000,320,25,3,1,UD:1V:CVT 2693334
2026-04-20T07:06:31.191181849Z,2026-04-20T07:06:31.184367683Z,1,1,42836579,T,A,0,16.300000000,6,0,14606,24564848,16.300000000,16.400000000,6,20,1,1,ESM6 P5775
2026-04-20T07:06:31.972878381Z,2026-04-20T07:06:31.972316779Z,1,1,42836579,T,A,0,16.300000000,6,0,14059,24572814,16.300000000,16.400000000,6,20,1,1,ESM6 P5775
2026-04-20T07:06:32.506192431Z,2026-04-20T07:06:32.505562017Z,1,1,42853787,T,A,0,18.700000000,6,0,17180,24573867,18.700000000,18.900000000,6,21,1,1,ESM6 P5875
2026-04-20T07:06:35.077439076Z,2026-04-20T07:06:35.076834881Z,1,1,42836579,T,A,0,16.300000000,6,0,15745,24581304,16.300000000,16.500000000,6,20,1,1,ESM6 P5775
2026-04-20T07:06:38.142235907Z,2026-04-20T07:06:38.141529821Z,1,1,42836579,T,A,0,16.300000000,6,0,13095,24588850,16.300000000,16.500000000,6,20,1,1,ESM6 P5775
2026-04-20T07:06:39.152274558Z,2026-04-20T07:06:39.151818177Z,1,1,42836579,T,A,0,16.300000000,6,0,13220,24590067,16.300000000,16.500000000,6,20,1,1,ESM6 P5775
2026-04-20T07:06:56.550140317Z,2026-04-20T07:06:56.549788553Z,1,1,42506301,T,B,0,0.800000000,250,0,15964,24619864,0.650000000,0.800000000,586,250,5,1,ESU6 P1500
2026-04-20T07:07:06.192111675Z,2026-04-20T07:07:06.152301789Z,1,1,42853786,T,A,0,12.000000000,6,0,15908,24641765,12.000000000,12.100000000,6,3,1,1,ESM6 P5525
2026-04-20T07:07:07.189104051Z,2026-04-20T07:07:07.188014823Z,1,1,42919946,T,A,0,17.500000000,6,0,16719,24643908,17.500000000,17.600000000,6,3,1,1,ESM6 P5825
2026-04-20T07:07:27.747086846Z,2026-04-20T07:07:27.731510085Z,1,1,42836579,T,A,0,16.400000000,7,0,14323,24682691,16.400000000,16.500000000,7,3,1,1,ESM6 P5775
2026-04-20T07:07:30.084059966Z,2026-04-20T07:07:30.078393151Z,1,1,42384726,T,A,0,11.700000000,7,0,13887,24700577,11.700000000,11.800000000,7,3,1,1,ESM6 P5500
2026-04-20T07:07:33.830415774Z,2026-04-20T07:07:33.770839319Z,1,1,42378373,T,A,0,15.900000000,7,0,13389,24715470,15.900000000,16.000000000,7,3,1,1,ESM6 P5750
2026-04-20T07:07:35.511081295Z,2026-04-20T07:07:35.510481161Z,1,1,42919947,T,A,0,15.400000000,7,0,13456,24721109,15.400000000,15.500000000,7,3,1,1,ESM6 P5725
2026-04-20T07:07:42.990068731Z,2026-04-20T07:07:42.989260849Z,1,1,42378373,T,A,0,15.900000000,7,0,13403,24734630,15.900000000,16.000000000,7,3,1,1,ESM6 P5750
2026-04-20T07:08:07.478471684Z,2026-04-20T07:08:07.477821853Z,1,1,42836579,T,A,0,16.400000000,3,0,14278,24782341,16.400000000,16.600000000,3,24,1,2,ESM6 P5775
2026-04-20T07:08:11.550782101Z,2026-04-20T07:08:11.550161171Z,1,1,42836579,T,A,0,16.400000000,3,0,18747,24784185,16.400000000,16.600000000,3,24,1,2,ESM6 P5775
2026-04-20T07:08:37.501536343Z,2026-04-20T07:08:37.500907669Z,1,1,42836579,T,A,0,16.400000000,7,0,13693,24854170,16.400000000,16.600000000,7,3,1,1,ESM6 P5775
2026-04-20T07:08:38.033810297Z,2026-04-20T07:08:38.032903677Z,1,1,42384730,T,A,0,18.100000000,7,0,13739,24855455,18.100000000,18.400000000,7,137,1,4,ESM6 P5850
2026-04-20T07:08:44.567335887Z,2026-04-20T07:08:44.557744187Z,1,1,42629927,T,A,0,23.750000000,6,0,14122,24876697,23.750000000,24.250000000,6,163,1,4,ESM6 P6040
2026-04-20T07:08:46.997329782Z,2026-04-20T07:08:46.976556189Z,1,1,42378373,T,A,0,15.800000000,7,0,14231,24890796,15.800000000,16.000000000,7,31,1,2,ESM6 P5750
2026-04-20T07:08:47.976428654Z,2026-04-20T07:08:47.975591711Z,1,1,42853787,T,A,0,18.700000000,7,0,15639,24892762,18.700000000,19.000000000,7,119,1,3,ESM6 P5875
2026-04-20T07:08:48.508542910Z,2026-04-20T07:08:48.507820547Z,1,1,42629927,T,A,0,23.750000000,6,0,14055,24893252,23.750000000,24.250000000,6,163,1,4,ESM6 P6040
2026-04-20T07:08:49.041058649Z,2026-04-20T07:08:49.040270555Z,1,1,42629927,T,A,0,23.750000000,6,0,14497,24895011,23.750000000,24.250000000,6,163,1,4,ESM6 P6040
2026-04-20T07:08:50.481781425Z,2026-04-20T07:08:50.481245273Z,1,1,42629927,T,A,0,23.750000000,6,0,14020,24896387,23.750000000,24.250000000,6,163,1,4,ESM6 P6040
2026-04-20T07:08:51.712728950Z,2026-04-20T07:08:51.709632597Z,1,1,42384730,T,A,0,18.100000000,7,0,14050,24897444,18.100000000,18.300000000,7,49,1,2,ESM6 P5850
2026-04-20T07:08:54.377156318Z,2026-04-20T07:08:54.376404157Z,1,1,42409666,T,A,0,16.900000000,7,0,15862,24902084,16.900000000,17.100000000,7,32,1,2,ESM6 P5800
2026-04-20T07:08:54.908895763Z,2026-04-20T07:08:54.908065125Z,1,1,42629927,T,A,0,23.750000000,6,0,15048,24902928,23.750000000,24.250000000,6,167,1,5,ESM6 P6040
2026-04-20T07:08:55.439866373Z,2026-04-20T07:08:55.439181343Z,1,1,42629927,T,A,0,23.750000000,6,0,14191,24903446,23.750000000,24.250000000,6,167,1,5,ESM6 P6040
2026-04-20T07:09:01.004443305Z,2026-04-20T07:09:01.003715391Z,1,1,42409672,T,A,0,19.400000000,7,0,14531,24914941,19.400000000,19.700000000,7,128,1,4,ESM6 P5900
2026-04-20T07:09:01.536046724Z,2026-04-20T07:09:01.535337097Z,1,1,42384730,T,A,0,18.100000000,7,0,14314,24916626,18.100000000,18.300000000,7,49,1,2,ESM6 P5850
2026-04-20T07:09:02.068420052Z,2026-04-20T07:09:02.067678439Z,1,1,42836581,T,A,0,23.250000000,7,0,13986,24917012,23.250000000,23.750000000,7,165,1,4,ESM6 P6025
2026-04-20T07:09:20.444044999Z,2026-04-20T07:09:20.422703271Z,1,1,42836579,T,A,0,16.400000000,7,0,14851,24944468,16.400000000,16.600000000,7,252,1,4,ESM6 P5775
2026-04-20T07:09:32.012083187Z,2026-04-20T07:09:32.011315913Z,1,1,42804679,T,A,0,12.800000000,3,0,15110,24960939,12.800000000,12.900000000,3,3,1,1,ESM6 P5575
2026-04-20T07:09:37.701850769Z,2026-04-20T07:09:37.701206765Z,1,1,42836579,T,A,0,16.400000000,3,0,11492,24973235,16.400000000,16.600000000,3,252,1,4,ESM6 P5775
2026-04-20T07:09:39.170542369Z,2026-04-20T07:09:39.167152169Z,1,1,42836579,T,A,0,16.400000000,3,0,14391,24978756,16.400000000,16.600000000,3,252,1,4,ESM6 P5775
2026-04-20T07:09:40.800749892Z,2026-04-20T07:09:40.800134435Z,1,1,42836579,T,A,0,16.400000000,3,0,14052,24981781,16.400000000,16.600000000,3,252,1,4,ESM6 P5775
2026-04-20T07:09:44.848110999Z,2026-04-20T07:09:44.847481647Z,1,1,42836579,T,A,0,16.400000000,3,0,18872,24984660,16.400000000,16.600000000,3,252,1,4,ESM6 P5775
2026-04-20T07:09:56.150051046Z,2026-04-20T07:09:56.148542317Z,1,1,42836579,T,A,0,16.400000000,3,0,16471,25003987,16.400000000,16.600000000,3,230,1,3,ESM6 P5775
2026-04-20T07:09:56.368183807Z,2026-04-20T07:09:56.367898383Z,1,1,42404370,T,B,0,43.000000000,1,0,13934,25004090,42.500000000,43.000000000,13,1,3,1,ESM6 P6400
2026-04-20T07:09:59.929024883Z,2026-04-20T07:09:59.926011337Z,1,1,42384726,T,A,0,11.700000000,3,0,13815,25007280,11.700000000,11.900000000,3,3,1,1,ESM6 P5500
2026-04-20T07:10:01.432457190Z,2026-04-20T07:10:01.429265325Z,1,1,42429362,T,B,0,213.000000000,1,0,14699,25014393,212.000000000,213.000000000,30,1,3,1,ESU6 P6900
2026-04-20T07:10:34.408853601Z,2026-04-20T07:10:34.408298839Z,1,1,42366511,T,B,0,19.100000000,1,0,18408,25075541,18.600000000,19.100000000,83,1,4,1,ESM6 C7600
2026-04-20T07:10:37.780498180Z,2026-04-20T07:10:37.777846797Z,1,1,42853786,T,A,0,12.100000000,6,0,14180,25078368,12.100000000,12.200000000,6,3,1,1,ESM6 P5525
2026-04-20T07:10:58.514744961Z,2026-04-20T07:10:58.513203921Z,1,1,42378373,T,A,0,15.900000000,6,0,14402,25106253,15.900000000,16.000000000,6,3,1,1,ESM6 P5750
2026-04-20T07:11:23.191764417Z,2026-04-20T07:11:23.067838193Z,1,1,42416106,T,A,0,45.250000000,1,0,11559,25153358,45.250000000,45.750000000,1,6,1,1,ESM6 C7450
2026-04-20T07:11:32.363825162Z,2026-04-20T07:11:32.362592881Z,1,1,2691320,T,B,0,9.200000000,1,0,14536,5991889,9.100000000,9.200000000,401,1,3,1,UD:1V: VT 2691320
2026-04-20T07:16:04.275689155Z,2026-04-20T07:16:04.237853579Z,1,1,42378592,T,B,0,52.000000000,1,0,14538,25571613,51.250000000,52.000000000,45,1,5,1,ESM6 P6500
2026-04-20T07:23:14.601111630Z,2026-04-20T07:23:14.600810991Z,1,1,42372979,T,A,0,93.500000000,2,0,13894,26424475,93.500000000,94.000000000,2,35,1,3,ESM6 C7300
2026-04-20T07:25:00.985939052Z,2026-04-20T07:25:00.985319061Z,1,1,42446245,T,A,0,151.500000000,4,0,13426,26629973,151.500000000,152.000000000,4,26,1,2,ESM6 P7050
2026-04-20T07:30:32.642016715Z,2026-04-20T07:30:31.699409935Z,1,1,42394731,T,B,0,7.000000000,1,0,11226,27289283,6.800000000,7.000000000,305,1,3,1,ESM6 P5000
2026-04-20T07:30:33.615989222Z,2026-04-20T07:30:32.879337269Z,1,1,42366510,T,A,0,192.000000000,1,0,11091,27306183,192.000000000,,1,0,1,0,ESM6 C7100
2026-04-20T07:30:34.661933481Z,2026-04-20T07:30:33.904287375Z,1,1,42366512,T,B,0,15.000000000,2,0,13570,27322553,14.800000000,15.000000000,114,2,1,1,ESM6 P5700
2026-04-20T07:31:20.970341766Z,2026-04-20T07:31:20.956886329Z,1,1,42399595,T,A,0,3.750000000,7,0,12822,27527098,3.750000000,3.900000000,7,284,1,2,ESM6 P4300
2026-04-20T07:31:22.312840955Z,2026-04-20T07:31:22.312467035Z,1,1,42384724,T,A,0,136.500000000,30,0,12891,27535789,136.500000000,137.000000000,30,17,1,1,ESM6 C7200
2026-04-20T07:31:33.238513042Z,2026-04-20T07:31:33.237893431Z,1,1,42366461,T,A,0,3.450000000,7,0,14727,27574020,3.450000000,3.600000000,7,290,1,2,ESM6 P4200
2026-04-20T07:31:33.709002124Z,2026-04-20T07:31:33.449787377Z,1,1,42404370,T,B,0,44.500000000,1,0,13033,27580738,43.750000000,44.500000000,66,1,2,1,ESM6 P6400
2026-04-20T07:31:37.402662257Z,2026-04-20T07:31:37.402312369Z,1,1,42372953,T,B,0,330.500000000,30,0,11612,27599870,330.000000000,330.500000000,10,30,1,1,ESM6 C6900
2026-04-20T07:31:38.752265708Z,2026-04-20T07:31:38.730675229Z,1,1,42366461,T,A,0,3.450000000,4,0,11440,27608767,3.450000000,3.600000000,4,290,1,2,ESM6 P4200
2026-04-20T07:31:39.286091427Z,2026-04-20T07:31:39.285362643Z,1,1,42384730,T,A,0,18.700000000,4,0,13915,27609805,18.700000000,19.000000000,4,82,1,2,ESM6 P5850
2026-04-20T07:31:39.818936001Z,2026-04-20T07:31:39.818102277Z,1,1,42372883,T,A,0,3.300000000,4,0,14765,27612061,3.300000000,3.450000000,4,445,1,4,ESM6 P4150
2026-04-20T07:31:40.792654817Z,2026-04-20T07:31:40.792320931Z,1,1,42836579,T,A,0,16.900000000,1,0,13570,27614001,16.900000000,17.100000000,4,3,1,1,ESM6 P5775
2026-04-20T07:31:40.828466251Z,2026-04-20T07:31:40.827152165Z,1,1,42384730,T,A,0,18.700000000,4,0,14212,27614130,18.700000000,19.000000000,4,82,1,2,ESM6 P5850
2026-04-20T07:31:46.918469184Z,2026-04-20T07:31:46.917911595Z,1,1,42394754,T,A,0,31.250000000,1,0,16127,27635682,31.250000000,31.750000000,7,1,2,1,ESM6 P6200
2026-04-20T07:31:49.281468567Z,2026-04-20T07:31:49.280984177Z,1,1,42836579,T,A,0,16.900000000,4,0,13946,27641253,16.900000000,17.100000000,4,3,1,1,ESM6 P5775
2026-04-20T07:31:53.359781011Z,2026-04-20T07:31:53.359204279Z,1,1,42384730,T,A,0,18.700000000,4,0,14241,27650837,18.700000000,19.000000000,4,178,1,3,ESM6 P5850
2026-04-20T07:31:54.386779728Z,2026-04-20T07:31:54.386142551Z,1,1,42409666,T,A,0,17.500000000,4,0,14052,27651908,17.500000000,17.700000000,4,3,1,1,ESM6 P5800
2026-04-20T07:31:55.633437627Z,2026-04-20T07:31:55.632584005Z,1,1,42919946,T,A,0,18.100000000,4,0,13599,27656399,18.100000000,18.400000000,4,181,1,3,ESM6 P5825
2026-04-20T07:32:04.065071518Z,2026-04-20T07:32:03.984686929Z,1,1,42919946,T,A,0,18.100000000,4,0,11567,27683389,18.100000000,18.400000000,4,82,1,2,ESM6 P5825
2026-04-20T07:32:11.510062238Z,2026-04-20T07:32:11.509436653Z,1,1,42409666,T,A,0,17.500000000,6,0,14731,27718008,17.500000000,17.700000000,6,3,1,1,ESM6 P5800
2026-04-20T07:32:12.042989289Z,2026-04-20T07:32:12.042398475Z,1,1,42919946,T,A,0,18.100000000,6,0,14034,27719021,18.100000000,18.400000000,6,181,1,3,ESM6 P5825
2026-04-20T07:32:13.146528343Z,2026-04-20T07:32:13.145873797Z,1,1,42919946,T,A,0,18.100000000,6,0,13042,27720385,18.100000000,18.400000000,6,181,1,3,ESM6 P5825
2026-04-20T07:32:21.812866168Z,2026-04-20T07:32:21.812161843Z,1,1,42384726,T,A,0,12.100000000,6,0,14485,27739048,12.100000000,12.300000000,6,101,1,3,ESM6 P5500
2026-04-20T07:32:27.104298683Z,2026-04-20T07:32:27.102961609Z,1,1,42384726,T,A,0,12.100000000,6,0,14868,27748959,12.100000000,12.300000000,6,101,1,3,ESM6 P5500
2026-04-20T07:32:28.431022127Z,2026-04-20T07:32:28.430460163Z,1,1,42384779,T,B,0,64.500000000,1,0,14133,27754853,63.500000000,64.500000000,13,51,2,2,ESM6 P6600
2026-04-20T07:32:31.438732677Z,2026-04-20T07:32:31.430399477Z,1,1,42836579,T,A,0,17.000000000,6,0,14333,27760668,17.000000000,17.100000000,6,3,1,1,ESM6 P5775
2026-04-20T07:32:37.592500875Z,2026-04-20T07:32:37.589560045Z,1,1,42378373,T,A,0,16.500000000,6,0,14683,27773819,16.500000000,16.600000000,6,3,1,1,ESM6 P5750
2026-04-20T07:32:38.518167490Z,2026-04-20T07:32:38.513500755Z,1,1,42853786,T,A,0,12.500000000,6,0,16901,27775152,12.500000000,12.700000000,6,99,1,3,ESM6 P5525
2026-04-20T07:32:40.987938905Z,2026-04-20T07:32:40.987584999Z,1,1,42504712,T,A,0,9.600000000,1,0,13309,27781447,9.600000000,10.100000000,1,186,1,1,ESZ7 C11000
2026-04-20T07:32:57.471795028Z,2026-04-20T07:32:57.408056397Z,1,1,42919946,T,A,0,18.200000000,6,0,11670,27824414,18.200000000,18.500000000,6,81,1,2,ESM6 P5825
2026-04-20T07:32:58.339355566Z,2026-04-20T07:32:58.338680591Z,1,1,42883304,T,A,0,14.900000000,6,0,14308,27829929,14.900000000,15.100000000,6,3,1,1,ESM6 P5675
2026-04-20T07:33:05.474232046Z,2026-04-20T07:33:05.473683135Z,1,1,42384730,T,A,0,18.800000000,6,0,14433,27846681,18.800000000,19.100000000,6,81,1,2,ESM6 P5850
2026-04-20T07:33:08.915698651Z,2026-04-20T07:33:08.915121805Z,1,1,42384730,T,A,0,18.800000000,6,0,14401,27853599,18.800000000,19.100000000,6,81,1,2,ESM6 P5850
2026-04-20T07:33:17.233006265Z,2026-04-20T07:33:17.109757363Z,1,1,42384730,T,A,0,18.900000000,3,0,13334,27879751,18.900000000,19.100000000,3,81,1,2,ESM6 P5850
2026-04-20T07:33:17.827052510Z,2026-04-20T07:33:17.826387453Z,1,1,42836579,T,A,0,17.100000000,3,0,14243,27885654,17.100000000,17.200000000,3,3,1,1,ESM6 P5775
2026-04-20T07:33:23.770765798Z,2026-04-20T07:33:23.762521481Z,1,1,42394754,T,B,0,31.750000000,1,0,14121,27907681,31.500000000,31.750000000,20,1,3,1,ESM6 P6200
2026-04-20T07:33:24.047559470Z,2026-04-20T07:33:24.046283577Z,1,1,42404337,T,B,0,4.100000000,2,0,14183,27908985,4.050000000,4.100000000,3,9,1,1,ESM6 P4400
2026-04-20T07:33:24.047592972Z,2026-04-20T07:33:24.046291545Z,1,1,42919946,T,A,0,18.300000000,2,0,15318,27908986,18.300000000,18.500000000,3,81,1,2,ESM6 P5825
2026-04-20T07:33:24.343063305Z,2026-04-20T07:33:24.342536405Z,1,1,42404337,T,B,0,4.100000000,5,0,14035,27909479,4.050000000,4.100000000,3,7,1,1,ESM6 P4400
2026-04-20T07:33:32.636262103Z,2026-04-20T07:33:32.634641431Z,1,1,42366512,T,A,0,15.500000000,7,0,13611,27940779,15.500000000,15.700000000,7,3,1,1,ESM6 P5700
2026-04-20T07:33:34.460858927Z,2026-04-20T07:33:34.365414337Z,1,1,42867406,T,A,0,50.250000000,3,0,14754,27954640,50.250000000,51.000000000,3,35,1,2,ESM6 C7425
2026-04-20T07:33:47.391481352Z,2026-04-20T07:33:47.365714045Z,1,1,42404337,T,B,0,4.100000000,2,0,13170,27992313,3.950000000,4.100000000,166,2,2,1,ESM6 P4400
2026-04-20T07:34:32.621338131Z,2026-04-20T07:34:32.620956367Z,1,1,42399646,T,B,0,10.200000000,1,0,12996,28135186,9.600000000,10.200000000,83,1,3,1,ESM6 C7700
2026-04-20T07:34:46.388852881Z,2026-04-20T07:34:46.331400073Z,1,1,42804681,T,A,0,61.000000000,14,0,11178,28174052,61.000000000,61.500000000,14,46,2,2,ESM6 P6575
2026-04-20T07:35:24.722954712Z,2026-04-20T07:35:24.722329185Z,1,1,2503466,T,B,0,48.500000000,6,0,14362,6808580,48.250000000,48.500000000,28,50,3,1,UD:1V: GN 2503466
2026-04-20T07:35:24.982267481Z,2026-04-20T07:35:24.977221077Z,1,1,2503472,T,B,0,29.500000000,50,0,16505,6808674,29.000000000,29.500000000,42,50,2,1,UD:1V: GN 2503472
2026-04-20T07:35:25.002091006Z,2026-04-20T07:35:24.985254079Z,1,1,2503472,T,B,0,29.500000000,24,0,23160,6808816,29.000000000,29.500000000,42,24,2,1,UD:1V: GN 2503472
2026-04-20T07:36:19.819985153Z,2026-04-20T07:36:19.805519635Z,1,1,42399646,T,A,0,10.100000000,3,0,12905,28511687,10.100000000,10.400000000,3,72,1,2,ESM6 C7700
2026-04-20T07:36:38.672772381Z,2026-04-20T07:36:38.510652309Z,1,1,2503476,T,A,0,121.000000000,20,0,15242,6895864,121.000000000,122.500000000,1,24,1,3,UD:1V: VT 2503476
2026-04-20T07:40:57.400173822Z,2026-04-20T07:40:57.392519977Z,1,1,42404367,T,A,0,26.500000000,32,0,15225,29157668,26.500000000,27.500000000,32,152,2,4,ESM6 P6100
2026-04-20T07:40:57.400173822Z,2026-04-20T07:40:57.392519977Z,1,1,42404367,T,A,0,26.250000000,168,0,15225,29157668,26.500000000,27.500000000,32,152,2,4,ESM6 P6100
2026-04-20T07:44:09.175867963Z,2026-04-20T07:44:09.175510873Z,1,1,42404374,T,A,0,141.000000000,10,0,13570,29482997,141.000000000,141.500000000,10,40,1,6,ESM6 P7000
2026-04-20T07:44:29.313136070Z,2026-04-20T07:44:29.312635899Z,1,1,42366523,T,B,0,174.000000000,1,0,13903,29502536,173.000000000,174.000000000,38,1,6,1,ESM6 P7100
2026-04-20T07:44:55.027792126Z,2026-04-20T07:44:55.027216687Z,1,1,42384646,T,B,0,5.400000000,1,0,27288,29522778,5.000000000,5.400000000,1,513,1,5,ESM6 P4650
2026-04-20T07:45:05.764715531Z,2026-04-20T07:45:05.585221483Z,1,1,42404370,T,B,0,45.000000000,1,0,11231,29548144,44.250000000,45.000000000,36,1,3,1,ESM6 P6400
2026-04-20T07:45:22.482175855Z,2026-04-20T07:45:22.481599169Z,1,1,2676270,T,A,0,101.500000000,1,0,14513,7141918,101.500000000,102.500000000,5,118,1,4,UD:1V: VT 2676270
2026-04-20T07:45:25.145054791Z,2026-04-20T07:45:25.117674239Z,1,1,2676270,T,A,0,101.500000000,4,0,13198,7143957,101.500000000,102.000000000,4,172,1,6,UD:1V: VT 2676270
2026-04-20T07:46:10.812633982Z,2026-04-20T07:46:10.804196045Z,1,1,42399655,T,B,0,14.400000000,8,0,14513,29767729,14.200000000,14.400000000,34,8,3,1,ESM6 P5650
2026-04-20T07:46:11.439020873Z,2026-04-20T07:46:11.435098489Z,1,1,42399655,T,B,0,14.400000000,8,0,14124,29769262,14.200000000,14.400000000,34,8,3,1,ESM6 P5650
2026-04-20T07:46:28.931936129Z,2026-04-20T07:46:28.908512019Z,1,1,42404370,T,B,0,45.500000000,1,0,14481,29829736,45.000000000,45.500000000,8,1,3,1,ESM6 P6400
2026-04-20T07:47:18.711197628Z,2026-04-20T07:47:18.710601505Z,1,1,2503594,T,A,0,28.250000000,1,0,17122,7231366,28.250000000,28.500000000,1,1097,1,8,UD:1V: VT 2503594
2026-04-20T07:48:11.305175286Z,2026-04-20T07:48:11.302169701Z,1,1,2503474,T,B,0,60.250000000,79,0,13525,7263956,59.750000000,60.250000000,44,79,3,1,UD:1V: GN 2503474
2026-04-20T07:48:11.310244187Z,2026-04-20T07:48:11.308165067Z,1,1,2503474,T,B,0,60.250000000,22,0,13914,7264017,59.750000000,60.250000000,44,22,3,1,UD:1V: GN 2503474
2026-04-20T07:48:57.420586278Z,2026-04-20T07:48:57.420172069Z,1,1,42372979,T,B,0,90.750000000,10,0,13784,30197563,90.500000000,90.750000000,27,10,3,1,ESM6 C7300
2026-04-20T07:49:49.643963267Z,2026-04-20T07:49:49.643609173Z,1,1,42404374,T,A,0,142.000000000,10,0,13910,30326435,142.000000000,142.500000000,10,46,1,5,ESM6 P7000
2026-04-20T07:50:00.490936845Z,2026-04-20T07:50:00.456027397Z,1,1,42372979,T,B,0,90.500000000,10,0,13958,30344664,90.250000000,90.500000000,27,10,3,1,ESM6 C7300
2026-04-20T07:50:21.965456876Z,2026-04-20T07:50:21.965048057Z,1,1,42404374,T,A,0,142.500000000,10,0,13239,30401855,142.500000000,143.000000000,10,46,1,5,ESM6 P7000
2026-04-20T07:50:24.659548174Z,2026-04-20T07:50:24.658032507Z,1,1,42372979,T,B,0,90.250000000,10,0,15129,30415396,89.750000000,90.250000000,6,10,2,1,ESM6 C7300
2026-04-20T07:51:19.614581691Z,2026-04-20T07:51:19.609400535Z,1,1,42760606,T,B,0,68.500000000,1,0,14533,30550043,68.000000000,68.500000000,18,3,2,1,ESM6 P6625
2026-04-20T07:51:29.197495166Z,2026-04-20T07:51:29.197171859Z,1,1,42472880,T,A,0,7.300000000,1,0,14091,30562041,7.300000000,7.600000000,1,366,1,6,ESU6 C8400
2026-04-20T07:51:52.830299364Z,2026-04-20T07:51:52.761202139Z,1,1,42378346,T,B,0,33.500000000,1,0,13314,30593931,33.000000000,33.500000000,51,1,3,1,ESM6 C7500
2026-04-20T07:52:01.690987035Z,2026-04-20T07:52:01.690626421Z,1,1,42472880,T,A,0,7.300000000,1,0,13069,30606751,7.300000000,7.600000000,1,366,1,6,ESU6 C8400
2026-04-20T07:52:11.577150862Z,2026-04-20T07:52:11.448158049Z,1,1,42384724,T,B,0,136.500000000,1,0,11555,30637194,136.000000000,136.500000000,26,1,3,1,ESM6 C7200
2026-04-20T07:52:35.729993097Z,2026-04-20T07:52:35.564272721Z,1,1,42510079,T,A,0,72.500000000,1,0,11705,30690572,72.500000000,73.000000000,1,11,1,1,ESM6 C7350
2026-04-20T07:53:02.341275957Z,2026-04-20T07:53:02.275169935Z,1,1,42760606,T,B,0,68.250000000,1,0,11551,30731565,67.750000000,68.250000000,18,2,2,1,ESM6 P6625
2026-04-20T07:53:02.414071959Z,2026-04-20T07:53:02.407781385Z,1,1,42760606,T,B,0,68.250000000,1,0,11334,30733170,67.750000000,68.250000000,18,1,2,1,ESM6 P6625
2026-04-20T07:53:53.388008854Z,2026-04-20T07:53:53.387641097Z,1,1,42404354,T,B,0,6.400000000,4,0,13336,30812978,6.300000000,6.400000000,39,4,3,1,ESM6 P4900
2026-04-20T07:54:04.102448004Z,2026-04-20T07:54:04.061754737Z,1,1,42378618,T,B,0,116.000000000,1,0,13141,30832663,115.500000000,116.000000000,18,1,2,1,ESM6 P6900
2026-04-20T07:54:07.918011154Z,2026-04-20T07:54:07.917627769Z,1,1,2503751,T,B,0,1.000000000,2,0,16872,7461166,0.900000000,1.000000000,3,462,1,4,UD:1V: VT 2503751
2026-04-20T07:59:43.661200364Z,2026-04-20T07:59:43.660743705Z,1,1,2503793,T,A,0,10.400000000,1,0,15636,7661416,10.400000000,10.600000000,1,3,1,1,UD:1V: GN 2503793
2026-04-20T08:00:58.033062387Z,2026-04-20T08:00:58.027446369Z,1,1,42366523,T,A,0,173.500000000,26,0,16402,31826936,173.500000000,174.500000000,26,41,3,4,ESM6 P7100
2026-04-20T08:00:58.058902071Z,2026-04-20T08:00:58.027541925Z,1,1,42446245,T,A,0,155.500000000,5,0,15584,31827067,155.500000000,157.000000000,5,48,2,5,ESM6 P7050
2026-04-20T08:00:58.103317611Z,2026-04-20T08:00:58.027665779Z,1,1,42853782,T,A,0,177.500000000,15,0,11718,31827742,177.500000000,179.000000000,15,6,1,1,ESM6 C7125
2026-04-20T08:00:58.108889199Z,2026-04-20T08:00:58.027691199Z,1,1,42760603,T,A,0,241.500000000,1,0,13240,31827834,241.500000000,243.000000000,1,6,1,2,ESM6 C7025
2026-04-20T08:00:58.150904903Z,2026-04-20T08:00:58.061751641Z,1,1,42853782,T,B,0,177.500000000,14,0,12318,31829297,176.500000000,177.500000000,27,3,2,1,ESM6 C7125
2026-04-20T08:01:14.882510114Z,2026-04-20T08:01:14.877368517Z,1,1,42487843,T,A,0,194.000000000,26,0,15626,31906883,194.000000000,195.000000000,26,21,3,2,ESM6 P7150
2026-04-20T08:02:10.277544113Z,2026-04-20T08:02:10.272851835Z,1,1,42919950,T,A,0,164.500000000,26,0,17668,32100737,164.500000000,165.500000000,26,15,3,1,ESM6 P7075
2026-04-20T08:02:10.283823012Z,2026-04-20T08:02:10.277498637Z,1,1,42919950,T,B,0,164.500000000,50,0,11639,32100866,164.000000000,164.500000000,23,15,3,1,ESM6 P7075
2026-04-20T08:02:10.287289123Z,2026-04-20T08:02:10.279869529Z,1,1,2501912,T,B,0,366.000000000,1,0,14226,7800796,365.000000000,366.000000000,10,15,2,1,UD:1V: ST 2501912
2026-04-20T08:02:10.289166766Z,2026-04-20T08:02:10.280812229Z,1,1,2501912,T,B,0,366.000000000,4,0,13610,7800805,365.000000000,366.000000000,10,14,2,1,UD:1V: ST 2501912
2026-04-20T08:02:24.091289284Z,2026-04-20T08:02:24.051819379Z,1,1,42384724,T,A,0,135.500000000,1,0,12875,32143721,135.500000000,136.000000000,1,23,1,2,ESM6 C7200
2026-04-20T08:02:27.813394153Z,2026-04-20T08:02:27.662819399Z,1,1,42372979,T,A,0,89.750000000,1,0,13043,32179956,89.750000000,90.750000000,1,25,1,2,ESM6 C7300
2026-04-20T08:02:33.041396154Z,2026-04-20T08:02:32.985960053Z,1,1,42384725,T,B,0,56.250000000,1,0,12977,32213423,55.750000000,56.250000000,53,1,5,1,ESM6 C7400
2026-04-20T08:02:48.775796290Z,2026-04-20T08:02:48.756001215Z,1,1,42378592,T,B,0,54.000000000,1,0,13528,32268727,53.500000000,54.000000000,44,1,4,1,ESM6 P6500
2026-04-20T08:03:57.688849375Z,2026-04-20T08:03:57.688517529Z,1,1,42378618,T,A,0,115.500000000,2,0,13872,32414030,115.500000000,116.000000000,2,28,1,3,ESM6 P6900
2026-04-20T08:06:21.091184668Z,2026-04-20T08:06:21.090848783Z,1,1,42679251,T,A,0,210.500000000,3,0,14313,32828421,210.500000000,233.000000000,3,31,1,1,ESZ0 C11400
2026-04-20T08:06:22.417037483Z,2026-04-20T08:06:22.309177491Z,1,1,42378618,T,B,0,116.000000000,1,0,13092,32832382,115.500000000,116.000000000,40,1,3,1,ESM6 P6900
2026-04-20T08:06:26.276957833Z,2026-04-20T08:06:26.275096651Z,1,1,42377432,T,B,0,100.500000000,3,0,14854,32876765,100.000000000,100.500000000,1,3,1,1,ESU6 P6200
2026-04-20T08:08:08.606267740Z,2026-04-20T08:08:08.597610231Z,1,1,42439347,T,A,0,81.000000000,1,0,14536,33165800,81.000000000,81.750000000,1,27,1,4,ESU6 P6000
2026-04-20T08:08:14.190908193Z,2026-04-20T08:08:14.049739179Z,1,1,42439350,T,A,0,112.500000000,1,0,12035,33183661,112.500000000,113.500000000,1,16,1,3,ESU6 P6300
2026-04-20T08:09:53.027943910Z,2026-04-20T08:09:53.023864621Z,1,1,42404374,T,A,0,143.000000000,20,0,13421,33432875,143.000000000,144.000000000,39,15,4,1,ESM6 P7000
2026-04-20T08:10:07.540241046Z,2026-04-20T08:10:07.539595901Z,1,1,2503893,T,A,0,66.500000000,56,0,16144,8208092,66.500000000,67.000000000,100,206,1,5,UD:1V:C3W 2503893
2026-04-20T08:10:07.540481073Z,2026-04-20T08:10:07.539635647Z,1,1,2503893,T,A,0,66.500000000,36,0,13375,8208094,66.500000000,67.000000000,44,206,1,5,UD:1V:C3W 2503893
2026-04-20T08:10:07.541079735Z,2026-04-20T08:10:07.540520309Z,1,1,2503893,T,A,0,66.500000000,8,0,13735,8208096,66.500000000,67.000000000,8,206,1,5,UD:1V:C3W 2503893
2026-04-20T08:10:12.753595699Z,2026-04-20T08:10:12.752933503Z,1,1,2503893,T,A,0,66.500000000,36,0,13554,8212977,66.500000000,67.000000000,200,58,1,3,UD:1V:C3W 2503893
2026-04-20T08:10:40.371898907Z,2026-04-20T08:10:40.292139103Z,1,1,2687543,T,A,0,26.250000000,3,0,15001,8235042,26.250000000,26.500000000,3,267,1,4,UD:1V: VT 2687543
2026-04-20T08:10:41.413559509Z,2026-04-20T08:10:41.413003495Z,1,1,42439351,T,A,0,140.000000000,1,0,14003,33550641,140.000000000,140.500000000,1,7,1,2,ESU6 P6500
2026-04-20T08:10:48.352677113Z,2026-04-20T08:10:48.191761801Z,1,1,42377432,T,A,0,100.500000000,1,0,13279,33578154,100.500000000,101.500000000,1,26,1,3,ESU6 P6200
2026-04-20T08:12:15.413140014Z,2026-04-20T08:12:15.412836573Z,1,1,42378449,T,A,0,23.500000000,3,0,13114,33819202,23.500000000,23.750000000,3,6,1,2,ESM6 P6000
2026-04-20T08:12:25.734459367Z,2026-04-20T08:12:25.652749837Z,1,1,42439350,T,A,0,112.000000000,1,0,11704,33850435,112.000000000,113.000000000,1,23,1,4,ESU6 P6300
2026-04-20T08:12:27.397137180Z,2026-04-20T08:12:27.288957853Z,1,1,42377432,T,A,0,100.000000000,1,0,14305,33872610,100.000000000,101.000000000,1,27,1,4,ESU6 P6200
2026-04-20T08:12:41.688932050Z,2026-04-20T08:12:41.688506151Z,1,1,42372979,T,A,0,90.000000000,10,0,13423,33934191,90.000000000,90.250000000,10,14,1,1,ESM6 C7300
2026-04-20T08:12:45.126678382Z,2026-04-20T08:12:45.109013375Z,1,1,42372979,T,A,0,89.750000000,6,0,14661,33944665,89.750000000,90.250000000,8,14,1,1,ESM6 C7300
2026-04-20T08:12:45.156318068Z,2026-04-20T08:12:45.109298885Z,1,1,42372979,T,A,0,89.750000000,2,0,14358,33945151,89.750000000,90.250000000,2,14,1,1,ESM6 C7300
2026-04-20T08:12:51.126236799Z,2026-04-20T08:12:51.125879073Z,1,1,42372979,T,A,0,90.000000000,12,0,12973,33976683,90.000000000,90.250000000,12,14,1,1,ESM6 C7300
2026-04-20T08:12:57.801032100Z,2026-04-20T08:12:57.800660573Z,1,1,42372979,T,A,0,90.000000000,3,0,13511,33990224,90.000000000,90.500000000,9,28,1,3,ESM6 C7300
2026-04-20T08:12:57.801043831Z,2026-04-20T08:12:57.800660753Z,1,1,42372979,T,A,0,90.000000000,3,0,11660,33990225,90.000000000,90.500000000,6,28,1,3,ESM6 C7300
2026-04-20T08:13:02.115354036Z,2026-04-20T08:13:02.114838889Z,1,1,42372979,T,A,0,90.000000000,11,0,13930,34000140,90.000000000,90.250000000,11,15,1,1,ESM6 C7300
2026-04-20T08:13:12.338540750Z,2026-04-20T08:13:12.337633639Z,1,1,42372979,T,A,0,90.000000000,5,0,13959,34028838,90.000000000,90.500000000,11,25,1,2,ESM6 C7300
2026-04-20T08:13:12.343270155Z,2026-04-20T08:13:12.337763951Z,1,1,42372979,T,A,0,90.000000000,2,0,13549,34028926,90.000000000,90.500000000,6,25,1,2,ESM6 C7300
2026-04-20T08:13:12.344073037Z,2026-04-20T08:13:12.337795937Z,1,1,42372979,T,A,0,90.000000000,2,0,14132,34028945,90.000000000,90.500000000,4,25,1,2,ESM6 C7300
2026-04-20T08:13:12.352804723Z,2026-04-20T08:13:12.338081159Z,1,1,42372979,T,A,0,90.000000000,2,0,15096,34029103,90.000000000,90.500000000,2,25,1,2,ESM6 C7300
2026-04-20T08:13:16.614093435Z,2026-04-20T08:13:16.613565059Z,1,1,42372979,T,A,0,90.000000000,12,0,14484,34046116,90.000000000,90.250000000,12,15,1,1,ESM6 C7300
2026-04-20T08:13:17.239350899Z,2026-04-20T08:13:17.239027131Z,1,1,42404370,T,B,0,45.000000000,77,0,13559,34046555,44.750000000,45.000000000,8,77,4,1,ESM6 P6400
2026-04-20T08:13:19.017813695Z,2026-04-20T08:13:19.017206651Z,1,1,42439347,T,A,0,80.250000000,1,0,16796,34051023,80.250000000,81.000000000,1,24,1,3,ESU6 P6000
2026-04-20T08:13:20.684308883Z,2026-04-20T08:13:20.683758219Z,1,1,42404370,T,B,0,45.000000000,1,0,13284,34057525,44.750000000,45.000000000,8,77,4,1,ESM6 P6400
2026-04-20T08:13:20.684332727Z,2026-04-20T08:13:20.683758395Z,1,1,42404370,T,B,0,45.000000000,8,0,11605,34057526,44.750000000,45.000000000,8,76,4,1,ESM6 P6400
2026-04-20T08:13:20.684547430Z,2026-04-20T08:13:20.684334641Z,1,1,42404370,T,B,0,45.000000000,7,0,13077,34057527,44.750000000,45.000000000,8,68,4,1,ESM6 P6400
2026-04-20T08:13:27.232918417Z,2026-04-20T08:13:27.232559875Z,1,1,42439350,T,A,0,111.500000000,1,0,14610,34092229,111.500000000,112.500000000,1,52,1,4,ESU6 P6300
2026-04-20T08:13:46.869830777Z,2026-04-20T08:13:46.864107909Z,1,1,42377432,T,A,0,99.750000000,1,0,14341,34143755,99.750000000,100.500000000,1,22,1,3,ESU6 P6200
2026-04-20T08:13:54.666065193Z,2026-04-20T08:13:54.613782565Z,1,1,42384725,T,B,0,56.500000000,1,0,14107,34157940,56.250000000,56.500000000,18,1,2,1,ESM6 C7400
2026-04-20T08:14:02.037600214Z,2026-04-20T08:14:01.989479495Z,1,1,42439351,T,A,0,139.000000000,1,0,12878,34172647,139.000000000,140.000000000,1,45,1,4,ESU6 P6500
2026-04-20T08:14:35.630917515Z,2026-04-20T08:14:35.630537233Z,1,1,42372979,T,A,0,90.750000000,10,0,16628,34287354,90.750000000,91.000000000,10,24,1,2,ESM6 C7300
2026-04-20T08:14:37.312592048Z,2026-04-20T08:14:37.312054139Z,1,1,42372979,T,A,0,90.750000000,10,0,18196,34292255,90.750000000,91.000000000,10,25,1,2,ESM6 C7300
2026-04-20T08:14:38.848222831Z,2026-04-20T08:14:38.847696079Z,1,1,42372979,T,A,0,90.750000000,13,0,16911,34294539,90.750000000,91.000000000,13,25,1,2,ESM6 C7300
2026-04-20T08:14:40.334189103Z,2026-04-20T08:14:40.333906061Z,1,1,42372979,T,A,0,90.750000000,11,0,16233,34298326,90.750000000,91.000000000,11,25,1,2,ESM6 C7300
2026-04-20T08:14:42.414420454Z,2026-04-20T08:14:42.413448301Z,1,1,42372979,T,A,0,90.750000000,13,0,12206,34314915,90.750000000,91.250000000,13,83,1,4,ESM6 C7300
2026-04-20T08:14:44.485381928Z,2026-04-20T08:14:44.485064633Z,1,1,42372979,T,A,0,90.750000000,16,0,13688,34318068,90.750000000,91.000000000,16,25,1,2,ESM6 C7300
2026-04-20T08:14:45.561076622Z,2026-04-20T08:14:45.552302829Z,1,1,42372979,T,A,0,90.500000000,6,0,13979,34323782,90.500000000,91.000000000,18,28,1,3,ESM6 C7300
2026-04-20T08:14:45.736737282Z,2026-04-20T08:14:45.656006615Z,1,1,42372979,T,A,0,90.500000000,5,0,12311,34326227,90.500000000,91.000000000,12,50,1,4,ESM6 C7300
2026-04-20T08:14:47.087932695Z,2026-04-20T08:14:47.087384153Z,1,1,42372979,T,A,0,90.500000000,21,0,13027,34338100,90.500000000,91.000000000,21,126,1,6,ESM6 C7300
2026-04-20T08:14:49.219013219Z,2026-04-20T08:14:49.169773471Z,1,1,42372979,T,B,0,90.500000000,24,0,12893,34348725,89.750000000,90.500000000,3,24,1,2,ESM6 C7300
2026-04-20T08:14:50.652997311Z,2026-04-20T08:14:50.652269593Z,1,1,42372979,T,B,0,90.500000000,14,0,13084,34359752,89.500000000,90.500000000,39,14,3,1,ESM6 C7300
2026-04-20T08:14:52.580857452Z,2026-04-20T08:14:52.576253173Z,1,1,42372979,T,A,0,90.500000000,30,0,11770,34364838,90.500000000,90.750000000,30,75,1,4,ESM6 C7300
2026-04-20T08:14:54.149295906Z,2026-04-20T08:14:54.148727323Z,1,1,42372979,T,A,0,90.500000000,7,0,24912,34367048,90.500000000,90.750000000,7,75,1,4,ESM6 C7300
2026-04-20T08:20:39.100233545Z,2026-04-20T08:20:39.099360407Z,1,1,42399599,T,A,0,5.800000000,7,0,14274,35183299,5.800000000,5.900000000,7,8,1,1,ESM6 P4800
2026-04-20T08:20:39.630984851Z,2026-04-20T08:20:39.630525219Z,1,1,42399599,T,A,0,5.800000000,7,0,14520,35183486,5.800000000,5.900000000,7,8,1,1,ESM6 P4800
2026-04-20T08:21:54.195751164Z,2026-04-20T08:21:52.729807279Z,1,1,42439347,T,A,0,80.000000000,1,0,13932,35366810,80.000000000,81.000000000,1,55,1,3,ESU6 P6000
2026-04-20T08:22:24.884987460Z,2026-04-20T08:22:24.786320589Z,1,1,42384730,T,A,0,18.700000000,4,0,12750,35510301,18.700000000,18.900000000,4,10,1,2,ESM6 P5850
2026-04-20T08:23:27.477256447Z,2026-04-20T08:23:27.470168409Z,1,1,42629927,T,A,0,24.750000000,6,0,14321,35695189,24.750000000,25.000000000,6,7,1,1,ESM6 P6040
2026-04-20T08:23:56.465988510Z,2026-04-20T08:23:56.465348291Z,1,1,42372983,T,A,0,25.250000000,6,0,13007,35799418,25.250000000,25.500000000,6,6,1,2,ESM6 P6050
2026-04-20T08:23:58.484702497Z,2026-04-20T08:23:58.484092839Z,1,1,42372983,T,A,0,25.250000000,3,0,15154,35802438,25.250000000,25.500000000,6,6,1,2,ESM6 P6050
2026-04-20T08:24:24.596741004Z,2026-04-20T08:24:24.549998379Z,1,1,42409666,T,A,0,17.500000000,6,0,13016,35884387,17.500000000,17.700000000,6,6,1,2,ESM6 P5800
2026-04-20T08:24:27.722349490Z,2026-04-20T08:24:27.709945703Z,1,1,42378618,T,A,0,116.000000000,1,0,14112,35922995,116.000000000,116.500000000,1,26,1,3,ESM6 P6900
2026-04-20T08:25:15.915950051Z,2026-04-20T08:25:15.915421975Z,1,1,42378541,T,B,0,37.750000000,1,0,14189,36044132,37.500000000,37.750000000,11,1,3,1,ESM6 P6300
2026-04-20T08:26:24.512420758Z,2026-04-20T08:26:24.395089437Z,1,1,42366510,T,A,0,193.500000000,1,0,11413,36191029,193.500000000,194.500000000,1,9,1,2,ESM6 C7100
2026-04-20T08:27:46.531881058Z,2026-04-20T08:27:46.491250747Z,1,1,42372969,T,A,0,261.000000000,1,0,14126,36389424,261.000000000,262.000000000,1,10,1,4,ESM6 C7000
2026-04-20T08:27:55.540326089Z,2026-04-20T08:27:55.539232251Z,1,1,42378618,T,B,0,115.500000000,1,0,13527,36410423,115.000000000,115.500000000,18,1,2,1,ESM6 P6900
2026-04-20T08:28:00.313446105Z,2026-04-20T08:28:00.312789171Z,1,1,42384308,T,A,0,4.850000000,6,0,14444,36417402,4.850000000,4.900000000,6,8,1,1,ESM6 P4600
2026-04-20T08:28:08.581081667Z,2026-04-20T08:28:08.427364725Z,1,1,42404374,T,A,0,141.000000000,4,0,15034,36453250,141.000000000,142.000000000,4,37,1,5,ESM6 P7000
2026-04-20T08:28:18.293542220Z,2026-04-20T08:28:18.268969617Z,1,1,42384308,T,A,0,4.850000000,7,0,14445,36473653,4.850000000,4.900000000,7,8,1,1,ESM6 P4600
2026-04-20T08:30:39.260617548Z,2026-04-20T08:30:39.244991323Z,1,1,42378618,T,B,0,115.500000000,1,0,13562,36827734,115.000000000,115.500000000,18,1,2,1,ESM6 P6900
2026-04-20T08:31:35.024136089Z,2026-04-20T08:31:35.012863751Z,1,1,42378346,T,A,0,34.250000000,1,0,13116,36972418,34.250000000,34.750000000,1,20,1,3,ESM6 C7500
2026-04-20T08:32:39.750697954Z,2026-04-20T08:32:39.653188681Z,1,1,42366513,T,A,0,337.000000000,1,0,11859,37116432,337.000000000,340.500000000,1,5,1,2,ESM6 P7400
2026-04-20T08:32:39.943992295Z,2026-04-20T08:32:39.653335003Z,1,1,2685867,T,A,0,36.750000000,3,0,12185,9282701,36.750000000,37.250000000,3,3,1,1,UD:1V: VT 2685867
2026-04-20T08:32:41.514304435Z,2026-04-20T08:32:41.399099473Z,1,1,42384646,T,A,0,5.100000000,3,0,13777,37146034,5.100000000,5.200000000,3,8,1,1,ESM6 P4650
2026-04-20T08:32:42.875832217Z,2026-04-20T08:32:42.853118251Z,1,1,42384646,T,A,0,5.100000000,3,0,14706,37156521,5.100000000,5.200000000,3,112,1,2,ESM6 P4650
2026-04-20T08:32:44.172921795Z,2026-04-20T08:32:44.170413629Z,1,1,42384646,T,A,0,5.100000000,3,0,15541,37159976,5.100000000,5.200000000,3,112,1,2,ESM6 P4650
2026-04-20T08:32:45.842609023Z,2026-04-20T08:32:45.840597393Z,1,1,42366463,T,A,0,5.600000000,3,0,14297,37163598,5.600000000,5.700000000,3,108,1,2,ESM6 P4750
2026-04-20T08:33:34.693220321Z,2026-04-20T08:33:34.692475277Z,1,1,42366463,T,A,0,5.600000000,4,0,14466,37276763,5.600000000,5.700000000,4,1,1,1,ESM6 P4750
2026-04-20T08:34:01.290790974Z,2026-04-20T08:34:01.289306395Z,1,1,2504093,T,B,0,501.000000000,1,0,14060,9345707,,501.000000000,0,6,0,1,UD:1V: GN 2504093
2026-04-20T08:34:01.299814119Z,2026-04-20T08:34:01.289555329Z,1,1,2504093,T,B,0,501.000000000,1,0,14974,9345733,,501.000000000,0,5,0,1,UD:1V: GN 2504093
2026-04-20T08:34:06.468831367Z,2026-04-20T08:34:06.461459933Z,1,1,2504093,T,B,0,501.000000000,3,0,15306,9349231,,501.000000000,0,4,0,1,UD:1V: GN 2504093
2026-04-20T08:34:06.484077292Z,2026-04-20T08:34:06.461625961Z,1,1,2504093,T,B,0,501.000000000,1,0,11521,9349422,,501.000000000,0,1,0,1,UD:1V: GN 2504093
2026-04-20T08:34:27.450204898Z,2026-04-20T08:34:27.449598591Z,1,1,2504118,T,B,0,114.500000000,50,0,14038,9359399,114.000000000,114.500000000,45,50,2,1,UD:1V:CFO 2504118
2026-04-20T08:34:27.453792940Z,2026-04-20T08:34:27.453225677Z,1,1,2504118,T,B,0,114.500000000,50,0,13440,9359404,114.000000000,114.500000000,45,50,2,1,UD:1V:CFO 2504118
2026-04-20T08:34:30.188811643Z,2026-04-20T08:34:30.186494051Z,1,1,42366463,T,A,0,5.600000000,6,0,14875,37409037,5.600000000,5.700000000,6,2,1,1,ESM6 P4750
2026-04-20T08:34:35.941868654Z,2026-04-20T08:34:35.940839209Z,1,1,42366463,T,A,0,5.600000000,6,0,14698,37423835,5.600000000,5.700000000,6,2,1,1,ESM6 P4750
2026-04-20T08:34:56.823967078Z,2026-04-20T08:34:56.823368837Z,1,1,2504118,T,B,0,114.500000000,50,0,14230,9383762,114.000000000,114.500000000,232,50,3,1,UD:1V:CFO 2504118
2026-04-20T08:34:57.691728291Z,2026-04-20T08:34:57.650741673Z,1,1,42366513,T,A,0,335.500000000,1,0,13700,37455903,335.500000000,337.500000000,1,1,1,1,ESM6 P7400
2026-04-20T08:35:05.546889086Z,2026-04-20T08:35:05.530770853Z,1,1,2693875,T,B,0,27.250000000,3,0,15188,9388250,27.000000000,27.250000000,473,3,5,1,UD:1V: VT 2693875
2026-04-20T08:35:05.557022492Z,2026-04-20T08:35:05.531081707Z,1,1,2607680,T,A,0,57.000000000,3,0,16024,9388347,57.000000000,57.250000000,3,182,1,4,UD:1V: VT 2607680
2026-04-20T08:35:07.685097100Z,2026-04-20T08:35:07.676465327Z,1,1,2504118,T,B,0,114.500000000,9,0,13700,9393464,114.000000000,114.500000000,99,50,3,1,UD:1V:CFO 2504118
2026-04-20T08:35:09.180547562Z,2026-04-20T08:35:09.179979529Z,1,1,2504118,T,B,0,114.500000000,9,0,14413,9394188,114.000000000,114.500000000,98,41,3,1,UD:1V:CFO 2504118
2026-04-20T08:35:09.181090990Z,2026-04-20T08:35:09.180588585Z,1,1,2504118,T,B,0,114.500000000,32,0,11460,9394191,114.000000000,114.500000000,98,32,3,1,UD:1V:CFO 2504118
2026-04-20T08:35:11.092276083Z,2026-04-20T08:35:11.087488765Z,1,1,2504118,T,B,0,114.500000000,22,0,14892,9396507,114.000000000,114.500000000,99,50,3,1,UD:1V:CFO 2504118
2026-04-20T08:35:11.605017969Z,2026-04-20T08:35:11.498813847Z,1,1,2504118,T,B,0,114.500000000,23,0,13876,9397555,114.000000000,114.500000000,137,28,3,1,UD:1V:CFO 2504118
2026-04-20T08:35:15.388638755Z,2026-04-20T08:35:15.386927289Z,1,1,42409666,T,A,0,17.400000000,7,0,13058,37516226,17.400000000,17.600000000,7,5,1,2,ESM6 P5800
2026-04-20T08:35:24.477876299Z,2026-04-20T08:35:24.476996131Z,1,1,42366463,T,A,0,5.600000000,7,0,13224,37537798,5.600000000,5.700000000,7,2,1,1,ESM6 P4750
2026-04-20T08:35:57.932343476Z,2026-04-20T08:35:57.931764445Z,1,1,2504118,T,B,0,114.000000000,50,0,13709,9421415,113.500000000,114.000000000,280,50,6,1,UD:1V:CFO 2504118
2026-04-20T08:35:57.947741764Z,2026-04-20T08:35:57.945184823Z,1,1,2504118,T,B,0,114.000000000,10,0,12495,9421442,113.500000000,114.000000000,266,50,6,1,UD:1V:CFO 2504118
2026-04-20T08:35:57.947984919Z,2026-04-20T08:35:57.945201293Z,1,1,2504118,T,B,0,114.000000000,12,0,13606,9421444,113.500000000,114.000000000,266,40,6,1,UD:1V:CFO 2504118
2026-04-20T08:35:57.948962495Z,2026-04-20T08:35:57.947745169Z,1,1,2504118,T,B,0,114.000000000,23,0,13484,9421448,113.500000000,114.000000000,266,28,6,1,UD:1V:CFO 2504118
2026-04-20T08:35:58.531581119Z,2026-04-20T08:35:58.531013689Z,1,1,2504118,T,B,0,114.000000000,5,0,14212,9421667,113.500000000,114.000000000,257,5,5,1,UD:1V:CFO 2504118
2026-04-20T08:35:58.546514446Z,2026-04-20T08:35:58.543136915Z,1,1,2504118,T,B,0,114.000000000,50,0,15240,9421715,113.500000000,114.000000000,257,50,5,1,UD:1V:CFO 2504118
2026-04-20T08:35:59.081256121Z,2026-04-20T08:35:59.078135757Z,1,1,42891560,T,A,0,8.000000000,3,0,15064,37609469,8.000000000,8.100000000,3,2,1,1,ESM6 P5125
2026-04-20T08:36:04.271740606Z,2026-04-20T08:36:04.270876063Z,1,1,42366463,T,A,0,5.600000000,3,0,13109,37620366,5.600000000,5.700000000,3,2,1,1,ESM6 P4750
2026-04-20T08:36:05.410382855Z,2026-04-20T08:36:05.408729461Z,1,1,42409666,T,A,0,17.400000000,3,0,13271,37622030,17.400000000,17.600000000,3,5,1,2,ESM6 P5800
2026-04-20T08:36:06.214138160Z,2026-04-20T08:36:06.210739947Z,1,1,2504118,T,B,0,114.000000000,40,0,19309,9425971,113.500000000,114.000000000,161,50,3,1,UD:1V:CFO 2504118
2026-04-20T08:36:06.217403719Z,2026-04-20T08:36:06.214068609Z,1,1,2504118,T,B,0,114.000000000,5,0,11487,9426024,113.500000000,114.000000000,70,10,2,1,UD:1V:CFO 2504118
2026-04-20T08:36:06.218140731Z,2026-04-20T08:36:06.217407609Z,1,1,2504118,T,B,0,114.000000000,5,0,14370,9426035,113.500000000,114.000000000,70,5,2,1,UD:1V:CFO 2504118
2026-04-20T08:36:07.992051092Z,2026-04-20T08:36:07.991510709Z,1,1,2504118,T,B,0,114.000000000,14,0,14553,9427058,113.500000000,114.000000000,183,50,3,1,UD:1V:CFO 2504118
2026-04-20T08:36:12.312535366Z,2026-04-20T08:36:12.311120183Z,1,1,42399599,T,A,0,5.900000000,3,0,13299,37632021,5.900000000,6.000000000,3,289,1,4,ESM6 P4800
2026-04-20T08:36:15.772729917Z,2026-04-20T08:36:15.771473997Z,1,1,42399599,T,A,0,5.900000000,2,0,14082,37636287,5.900000000,6.000000000,3,289,1,4,ESM6 P4800
2026-04-20T08:36:18.008656438Z,2026-04-20T08:36:18.007177245Z,1,1,42399612,T,A,0,8.200000000,3,0,13109,37641239,8.200000000,8.300000000,3,2,1,1,ESM6 P5150
2026-04-20T08:36:18.035182315Z,2026-04-20T08:36:18.034633661Z,1,1,2504118,T,B,0,114.000000000,11,0,13326,9431009,113.500000000,114.000000000,70,36,2,1,UD:1V:CFO 2504118
2026-04-20T08:36:19.223494012Z,2026-04-20T08:36:19.221755511Z,1,1,42891560,T,A,0,8.000000000,2,0,14512,37642692,8.000000000,8.100000000,3,2,1,1,ESM6 P5125
2026-04-20T08:36:21.458199035Z,2026-04-20T08:36:21.456782465Z,1,1,42399599,T,A,0,5.900000000,3,0,13123,37644574,5.900000000,6.000000000,3,289,1,4,ESM6 P4800
2026-04-20T08:36:22.673478988Z,2026-04-20T08:36:22.672110169Z,1,1,42992847,T,A,0,8.400000000,2,0,14001,37645374,8.400000000,8.500000000,3,2,1,1,ESM6 P5175
2026-04-20T08:36:24.908270455Z,2026-04-20T08:36:24.906803465Z,1,1,42399612,T,A,0,8.200000000,3,0,13815,37647231,8.200000000,8.300000000,3,2,1,1,ESM6 P5150
2026-04-20T08:36:26.567261246Z,2026-04-20T08:36:26.566458427Z,1,1,42399599,T,A,0,5.900000000,3,0,13616,37649662,5.900000000,6.000000000,3,289,1,4,ESM6 P4800
2026-04-20T08:36:28.112343433Z,2026-04-20T08:36:28.111706885Z,1,1,2504118,T,B,0,114.000000000,11,0,17396,9433881,113.500000000,114.000000000,163,25,3,1,UD:1V:CFO 2504118
2026-04-20T08:36:52.354861572Z,2026-04-20T08:36:52.354290901Z,1,1,2504118,T,B,0,114.000000000,9,0,13403,9442914,113.500000000,114.000000000,163,14,3,1,UD:1V:CFO 2504118
2026-04-20T08:37:02.402977420Z,2026-04-20T08:37:02.402233619Z,1,1,2504118,T,B,0,114.000000000,5,0,13976,9449175,113.500000000,114.000000000,163,5,3,1,UD:1V:CFO 2504118
2026-04-20T08:37:04.111830682Z,2026-04-20T08:37:04.111248899Z,1,1,2504118,T,B,0,114.000000000,8,0,16813,9449348,113.500000000,114.000000000,163,50,3,1,UD:1V:CFO 2504118
2026-04-20T08:38:52.456032389Z,2026-04-20T08:38:52.455420647Z,1,1,2693151,T,A,0,46.000000000,1,0,13845,9487551,46.000000000,46.250000000,111,1,3,1,UD:1V: VT 2693151
2026-04-20T08:39:12.967080462Z,2026-04-20T08:39:12.966496953Z,1,1,2504118,T,B,0,113.500000000,50,0,16731,9498091,113.000000000,113.500000000,182,50,5,1,UD:1V:CFO 2504118
2026-04-20T08:39:12.989123678Z,2026-04-20T08:39:12.969326829Z,1,1,2504118,T,A,0,113.500000000,40,0,19509,9498101,113.500000000,114.500000000,40,77,1,2,UD:1V:CFO 2504118
2026-04-20T08:39:13.007969854Z,2026-04-20T08:39:12.989127121Z,1,1,2504118,T,B,0,113.500000000,10,0,11274,9498475,113.000000000,113.500000000,277,10,5,1,UD:1V:CFO 2504118
2026-04-20T08:39:13.020145323Z,2026-04-20T08:39:13.019440201Z,1,1,2504118,T,B,0,113.500000000,50,0,13974,9498633,113.000000000,113.500000000,277,50,5,1,UD:1V:CFO 2504118
2026-04-20T08:39:13.031474958Z,2026-04-20T08:39:13.030953703Z,1,1,2504118,T,B,0,113.500000000,50,0,14409,9498719,113.000000000,113.500000000,277,50,5,1,UD:1V:CFO 2504118
2026-04-20T08:39:13.038226861Z,2026-04-20T08:39:13.037734935Z,1,1,2504118,T,B,0,113.500000000,30,0,12900,9498787,113.000000000,113.500000000,277,30,5,1,UD:1V:CFO 2504118
2026-04-20T08:39:13.672535479Z,2026-04-20T08:39:13.663182933Z,1,1,42783706,T,A,0,255.000000000,1,0,14761,37912317,255.000000000,256.000000000,1,4,1,2,ESM6 P7275
2026-04-20T08:39:27.864951814Z,2026-04-20T08:39:27.864382837Z,1,1,2685867,T,A,0,36.500000000,3,0,14785,9503699,36.500000000,36.750000000,3,238,1,5,UD:1V: VT 2685867
2026-04-20T08:39:31.039275716Z,2026-04-20T08:39:31.038478661Z,1,1,2685867,T,A,0,36.500000000,3,0,14208,9507351,36.500000000,36.750000000,3,288,1,6,UD:1V: VT 2685867
2026-04-20T08:39:34.238889145Z,2026-04-20T08:39:34.238490089Z,1,1,2685867,T,A,0,36.500000000,3,0,14585,9508896,36.500000000,36.750000000,3,288,1,6,UD:1V: VT 2685867
2026-04-20T08:39:37.438948485Z,2026-04-20T08:39:37.438493183Z,1,1,2685867,T,A,0,36.500000000,3,0,12637,9509724,36.500000000,36.750000000,3,286,1,6,UD:1V: VT 2685867
2026-04-20T08:39:57.502390899Z,2026-04-20T08:39:57.493307625Z,1,1,2504178,T,A,0,196.500000000,100,0,16364,9518670,196.500000000,197.000000000,130,100,6,1,UD:1V: VT 2504178
2026-04-20T08:40:01.364184905Z,2026-04-20T08:40:01.355073903Z,1,1,42836582,T,A,0,30.250000000,17,0,13478,37996160,30.250000000,30.750000000,17,115,2,5,ESM6 P6175
2026-04-20T08:40:01.852442222Z,2026-04-20T08:40:01.790764649Z,1,1,2504184,T,A,0,61.000000000,1,0,15507,9524382,61.000000000,61.250000000,1,44,1,3,UD:1V: GN 2504184
2026-04-20T08:40:38.297063649Z,2026-04-20T08:40:38.201171077Z,1,1,42404370,T,B,0,44.500000000,1,0,11743,38077238,44.250000000,44.500000000,4,1,2,1,ESM6 P6400
2026-04-20T08:40:55.564097211Z,2026-04-20T08:40:55.562862337Z,1,1,2504153,T,A,0,149.500000000,2,0,16260,9551089,149.500000000,150.000000000,2,40,1,2,UD:1V: VT 2504153
2026-04-20T08:43:15.888971731Z,2026-04-20T08:43:15.888585467Z,1,1,42404374,T,A,0,140.000000000,1,0,13877,38272765,140.000000000,140.500000000,1,30,1,4,ESM6 P7000
2026-04-20T08:44:20.080438828Z,2026-04-20T08:44:20.080082575Z,1,1,42404370,T,A,0,44.500000000,1,0,13072,38352247,44.500000000,44.750000000,1,2,1,2,ESM6 P6400
2026-04-20T08:44:40.375463905Z,2026-04-20T08:44:40.374915493Z,1,1,42404374,T,B,0,140.000000000,1,0,13643,38385902,139.500000000,140.000000000,1,20,1,1,ESM6 P7000
2026-04-20T08:45:21.358517513Z,2026-04-20T08:45:21.341571949Z,1,1,2693128,T,A,0,11.100000000,25,0,13674,9645410,11.100000000,11.400000000,25,454,1,4,UD:1V: VT 2693128
2026-04-20T08:46:03.329629014Z,2026-04-20T08:46:03.308313559Z,1,1,2504228,T,A,0,-35.500000000,1,0,14856,9677891,-35.500000000,-35.000000000,1,3,1,1,UD:1V: GN 2504228
2026-04-20T08:49:27.741778562Z,2026-04-20T08:49:27.741235859Z,1,1,42384646,T,A,0,5.000000000,1,0,13339,38894187,5.000000000,5.100000000,1,157,1,2,ESM6 P4650
2026-04-20T08:49:27.741797319Z,2026-04-20T08:49:27.741247205Z,1,1,42404355,T,B,0,11.000000000,1,0,12582,38894188,10.900000000,11.000000000,6,8,2,1,ESM6 P5450
2026-04-20T08:50:37.599255847Z,2026-04-20T08:50:37.466274035Z,1,1,4112776,T,A,0,454.000000000,1,0,13153,39007977,454.000000000,454.500000000,1,24,1,1,ESZ7 P6800
2026-04-20T08:50:48.890482665Z,2026-04-20T08:50:48.609189257Z,1,1,42783702,T,B,0,608.000000000,1,0,14069,39044859,589.000000000,608.000000000,1,1,1,1,ESM6 C6575
2026-04-20T08:51:12.386204153Z,2026-04-20T08:51:12.247391517Z,1,1,42384724,T,A,0,139.000000000,1,0,11541,39102720,139.000000000,139.500000000,1,32,1,2,ESM6 C7200
2026-04-20T08:52:49.859128887Z,2026-04-20T08:52:49.858550651Z,1,1,2503928,T,B,0,85.000000000,2,0,13444,9837647,84.250000000,85.000000000,301,2,3,1,UD:1V: BO 2503928
2026-04-20T08:53:28.572340163Z,2026-04-20T08:53:28.541446795Z,1,1,42404374,T,A,0,138.500000000,1,0,15194,39263459,138.500000000,139.000000000,1,20,1,1,ESM6 P7000
2026-04-20T08:54:15.332828235Z,2026-04-20T08:54:15.261750007Z,1,1,42404374,T,A,0,138.000000000,1,0,14394,39347965,138.000000000,138.500000000,1,44,1,3,ESM6 P7000
2026-04-20T08:56:21.863283987Z,2026-04-20T08:56:21.862696797Z,1,1,2504353,T,A,0,46.750000000,10,0,15072,9934726,46.750000000,47.000000000,10,16,1,2,UD:1V: VT 2504353
2026-04-20T08:57:08.814247023Z,2026-04-20T08:57:08.813701637Z,1,1,42378618,T,A,0,112.000000000,1,0,14559,39678434,112.000000000,112.500000000,1,60,1,6,ESM6 P6900
2026-04-20T08:57:14.711353374Z,2026-04-20T08:57:13.829114583Z,1,1,42404374,T,A,0,136.500000000,1,0,13455,39742288,136.500000000,137.500000000,1,20,1,1,ESM6 P7000
2026-04-20T08:58:30.906866566Z,2026-04-20T08:58:30.906188843Z,1,1,2504118,T,B,0,112.000000000,100,0,15427,10107109,111.500000000,112.000000000,205,100,4,1,UD:1V:CFO 2504118
2026-04-20T08:58:32.011399367Z,2026-04-20T08:58:32.010816001Z,1,1,2504118,T,B,0,112.000000000,51,0,13897,10108650,111.500000000,112.000000000,315,100,5,1,UD:1V:CFO 2504118
2026-04-20T08:58:32.011608636Z,2026-04-20T08:58:32.010861123Z,1,1,2504118,T,B,0,112.000000000,41,0,13733,10108652,111.500000000,112.000000000,315,49,5,1,UD:1V:CFO 2504118
2026-04-20T08:58:32.011911692Z,2026-04-20T08:58:32.011402905Z,1,1,2504118,T,B,0,112.000000000,8,0,15190,10108654,111.500000000,112.000000000,315,8,5,1,UD:1V:CFO 2504118
2026-04-20T08:58:34.576045046Z,2026-04-20T08:58:34.574268993Z,1,1,42378618,T,A,0,110.500000000,1,0,14235,40163550,110.500000000,111.500000000,1,57,1,5,ESM6 P6900
2026-04-20T08:58:36.520157225Z,2026-04-20T08:58:36.519430073Z,1,1,2504118,T,B,0,112.000000000,200,0,13662,10121152,111.500000000,112.000000000,225,200,4,2,UD:1V:CFO 2504118
2026-04-20T08:58:41.765142191Z,2026-04-20T08:58:41.764417091Z,1,1,2504118,T,B,0,112.000000000,13,0,15710,10127993,111.500000000,112.000000000,225,100,4,1,UD:1V:CFO 2504118
2026-04-20T08:58:42.301082321Z,2026-04-20T08:58:42.199190105Z,1,1,2504118,T,B,0,112.000000000,5,0,14603,10129350,111.500000000,112.000000000,225,87,4,1,UD:1V:CFO 2504118
2026-04-20T08:58:43.940771151Z,2026-04-20T08:58:43.938660053Z,1,1,4112776,T,A,0,452.000000000,1,0,14392,40206872,452.000000000,452.500000000,1,24,1,1,ESZ7 P6800
2026-04-20T08:58:59.914746076Z,2026-04-20T08:58:59.914176295Z,1,1,2504118,T,B,0,112.000000000,100,0,14487,10161066,111.500000000,112.000000000,406,100,4,1,UD:1V:CFO 2504118
2026-04-20T08:59:34.539925204Z,2026-04-20T08:59:34.539320673Z,1,1,2504118,T,B,0,112.000000000,100,0,13627,10191709,111.500000000,112.000000000,369,100,3,1,UD:1V:CFO 2504118
2026-04-20T09:00:01.303565948Z,2026-04-20T09:00:01.264403821Z,1,1,42404374,T,B,0,136.000000000,3,0,11412,40486384,135.500000000,136.000000000,17,3,2,1,ESM6 P7000
2026-04-20T09:00:52.808669207Z,2026-04-20T09:00:52.721384063Z,1,1,42510079,T,B,0,74.500000000,1,0,11267,40614358,74.000000000,74.500000000,20,1,3,1,ESM6 C7350
2026-04-20T09:01:02.671930103Z,2026-04-20T09:01:02.671402517Z,1,1,42394812,T,A,0,90.500000000,12,0,13994,40666731,90.500000000,90.750000000,12,15,1,1,ESM6 P6800
2026-04-20T09:01:06.336441811Z,2026-04-20T09:01:06.335884593Z,1,1,42394812,T,A,0,90.500000000,11,0,14443,40683088,90.500000000,90.750000000,11,15,1,1,ESM6 P6800
2026-04-20T09:01:09.751586037Z,2026-04-20T09:01:09.751240469Z,1,1,42394812,T,A,0,90.500000000,10,0,13858,40688052,90.500000000,90.750000000,10,15,1,1,ESM6 P6800
2026-04-20T09:01:13.290173379Z,2026-04-20T09:01:13.289641205Z,1,1,42394812,T,A,0,90.500000000,8,0,14142,40691762,90.500000000,90.750000000,8,15,1,1,ESM6 P6800
2026-04-20T09:01:16.642606484Z,2026-04-20T09:01:16.642050725Z,1,1,42394812,T,A,0,90.500000000,9,0,13207,40700132,90.500000000,90.750000000,9,15,1,1,ESM6 P6800
2026-04-20T09:01:41.419795030Z,2026-04-20T09:01:41.412739415Z,1,1,42394812,T,A,0,90.500000000,25,0,14275,40746277,90.500000000,90.750000000,25,15,1,1,ESM6 P6800
2026-04-20T09:01:42.472842304Z,2026-04-20T09:01:42.472283037Z,1,1,42404374,T,A,0,135.000000000,2,0,13619,40749639,135.000000000,135.500000000,18,2,2,1,ESM6 P7000
2026-04-20T09:02:01.789656563Z,2026-04-20T09:02:01.789098035Z,1,1,42394812,T,A,0,91.000000000,26,0,13348,40789439,91.000000000,91.250000000,25,18,1,2,ESM6 P6800
2026-04-20T09:02:01.789678699Z,2026-04-20T09:02:01.789098211Z,1,1,42394812,T,A,0,91.000000000,2,0,11654,40789440,91.000000000,91.250000000,24,18,1,2,ESM6 P6800
2026-04-20T09:02:12.563656099Z,2026-04-20T09:02:12.501639919Z,1,1,42394812,T,A,0,91.000000000,47,0,14080,40821902,91.000000000,91.250000000,22,55,1,3,ESM6 P6800
2026-04-20T09:02:14.355203694Z,2026-04-20T09:02:14.354549835Z,1,1,42394812,T,A,0,91.000000000,25,0,13832,40827882,91.000000000,91.250000000,25,40,1,2,ESM6 P6800
2026-04-20T09:02:16.698269684Z,2026-04-20T09:02:16.684198729Z,1,1,42394812,T,A,0,91.000000000,10,0,13093,40831916,91.000000000,91.250000000,25,55,1,3,ESM6 P6800
2026-04-20T09:02:18.613977107Z,2026-04-20T09:02:18.578265017Z,1,1,42394812,T,A,0,91.000000000,115,0,13322,40837377,91.000000000,91.250000000,15,28,1,2,ESM6 P6800
2026-04-20T09:03:11.755051657Z,2026-04-20T09:03:11.754643697Z,1,1,42394812,T,A,0,91.500000000,15,0,12923,40964193,91.500000000,91.750000000,15,15,1,1,ESM6 P6800
2026-04-20T09:03:11.755074503Z,2026-04-20T09:03:11.754644309Z,1,1,42394812,T,A,0,91.500000000,15,0,12114,40964194,91.500000000,91.750000000,15,15,1,1,ESM6 P6800
2026-04-20T09:03:11.755121561Z,2026-04-20T09:03:11.754644485Z,1,1,42394812,T,A,0,91.500000000,1,0,11766,40964195,91.500000000,91.750000000,15,15,1,1,ESM6 P6800
2026-04-20T09:03:11.755158153Z,2026-04-20T09:03:11.754644665Z,1,1,42394812,T,A,0,91.500000000,12,0,11808,40964196,91.500000000,91.750000000,14,15,1,1,ESM6 P6800
2026-04-20T09:03:50.138389620Z,2026-04-20T09:03:50.120017521Z,1,1,42394812,T,A,0,91.500000000,2,0,13951,41028455,91.500000000,91.750000000,2,17,1,2,ESM6 P6800
2026-04-20T09:03:50.146773171Z,2026-04-20T09:03:50.138366737Z,1,1,42394812,T,A,0,91.500000000,10,0,11525,41028677,91.500000000,91.750000000,15,17,1,2,ESM6 P6800
2026-04-20T09:03:50.147051959Z,2026-04-20T09:03:50.138393273Z,1,1,42394812,T,A,0,91.500000000,9,0,13653,41028679,91.500000000,91.750000000,5,17,1,2,ESM6 P6800
2026-04-20T09:03:50.779228247Z,2026-04-20T09:03:50.701629355Z,1,1,42394812,T,A,0,91.500000000,86,0,14302,41031760,91.500000000,91.750000000,11,17,1,2,ESM6 P6800
2026-04-20T09:04:10.273174358Z,2026-04-20T09:04:10.272620639Z,1,1,42394812,T,A,0,91.250000000,12,0,13764,41085062,91.250000000,91.500000000,5,17,1,2,ESM6 P6800
2026-04-20T09:04:10.273196667Z,2026-04-20T09:04:10.272622061Z,1,1,42394812,T,A,0,91.250000000,12,0,11613,41085063,91.250000000,91.500000000,3,17,1,2,ESM6 P6800
2026-04-20T09:04:47.359391578Z,2026-04-20T09:04:47.358840283Z,1,1,42871623,T,A,0,22.500000000,3,0,15590,41190305,22.500000000,22.750000000,3,1,1,1,ESM6 C7575
2026-04-20T09:04:47.909732981Z,2026-04-20T09:04:47.905770661Z,1,1,42871623,T,A,0,22.500000000,3,0,14841,41192796,22.500000000,23.000000000,3,11,1,2,ESM6 C7575
2026-04-20T09:04:50.777739030Z,2026-04-20T09:04:50.777043687Z,1,1,42404367,T,A,0,26.000000000,7,0,13957,41196946,26.000000000,26.250000000,7,7,1,3,ESM6 P6100
2026-04-20T09:04:54.520209591Z,2026-04-20T09:04:54.468645865Z,1,1,42394812,T,A,0,91.250000000,76,0,14150,41214011,91.250000000,91.500000000,1,15,1,1,ESM6 P6800
2026-04-20T09:04:56.145021373Z,2026-04-20T09:04:56.140935553Z,1,1,42394754,T,A,0,30.500000000,7,0,14981,41220120,30.500000000,31.000000000,7,97,1,5,ESM6 P6200
2026-04-20T09:04:59.577050372Z,2026-04-20T09:04:59.570231323Z,1,1,42394812,T,A,0,91.250000000,12,0,18606,41227759,91.250000000,91.500000000,5,55,1,3,ESM6 P6800
2026-04-20T09:05:14.977601769Z,2026-04-20T09:05:14.972214601Z,1,1,42366511,T,A,0,19.400000000,7,0,13068,41252879,19.400000000,19.700000000,7,4,1,2,ESM6 C7600
2026-04-20T09:05:19.061644774Z,2026-04-20T09:05:19.025170097Z,1,1,42627610,T,A,0,14.300000000,7,0,13300,41259885,14.300000000,14.500000000,7,8,1,3,ESM6 C7650
2026-04-20T09:05:24.601215776Z,2026-04-20T09:05:24.597071063Z,1,1,42696853,T,A,0,16.700000000,3,0,15763,41272543,16.700000000,16.900000000,3,12,1,3,ESM6 C7625
2026-04-20T09:05:43.392153543Z,2026-04-20T09:05:43.390295607Z,1,1,42696853,T,A,0,16.800000000,3,0,14962,41343747,16.800000000,17.000000000,3,12,1,3,ESM6 C7625
2026-04-20T09:06:01.788076003Z,2026-04-20T09:06:01.755203105Z,1,1,42627610,T,A,0,14.400000000,3,0,11353,41394500,14.400000000,14.600000000,3,12,1,3,ESM6 C7650
2026-04-20T09:06:03.393294732Z,2026-04-20T09:06:02.715587573Z,1,1,42378346,T,B,0,35.250000000,1,0,13885,41413196,34.750000000,35.250000000,25,1,3,1,ESM6 C7500
2026-04-20T09:06:05.460146684Z,2026-04-20T09:06:05.456590667Z,1,1,42696853,T,A,0,16.900000000,3,0,17198,41444628,16.900000000,17.100000000,3,12,1,3,ESM6 C7625
2026-04-20T09:06:07.035573791Z,2026-04-20T09:06:07.034339893Z,1,1,42366511,T,A,0,19.700000000,3,0,14443,41463421,19.700000000,20.000000000,3,1,1,1,ESM6 C7600
2026-04-20T09:06:14.118684169Z,2026-04-20T09:06:14.117940805Z,1,1,42871623,T,A,0,22.750000000,3,0,16004,41522485,22.750000000,23.000000000,3,1,1,1,ESM6 C7575
2026-04-20T09:06:15.763410466Z,2026-04-20T09:06:15.762625735Z,1,1,42871623,T,A,0,22.750000000,3,0,16312,41526181,22.750000000,23.000000000,3,4,1,2,ESM6 C7575
2026-04-20T09:06:17.371826991Z,2026-04-20T09:06:17.370372605Z,1,1,42871623,T,A,0,22.750000000,3,0,14620,41532367,22.750000000,23.000000000,3,4,1,2,ESM6 C7575
2026-04-20T09:06:19.674192327Z,2026-04-20T09:06:19.672989789Z,1,1,42871623,T,A,0,22.750000000,3,0,15207,41539502,22.750000000,23.000000000,3,4,1,2,ESM6 C7575
2026-04-20T09:06:21.303353308Z,2026-04-20T09:06:21.302371679Z,1,1,42871623,T,A,0,22.750000000,3,0,14036,41544635,22.750000000,23.000000000,3,4,1,2,ESM6 C7575
2026-04-20T09:06:21.844151126Z,2026-04-20T09:06:21.843113507Z,1,1,42871623,T,A,0,22.750000000,3,0,14325,41548563,22.750000000,23.000000000,3,4,1,2,ESM6 C7575
2026-04-20T09:06:22.377524523Z,2026-04-20T09:06:22.376381727Z,1,1,42871623,T,A,0,22.750000000,3,0,14704,41550868,22.750000000,23.250000000,3,11,1,2,ESM6 C7575
2026-04-20T09:06:25.055220513Z,2026-04-20T09:06:25.013241723Z,1,1,42696853,T,A,0,16.800000000,3,0,11833,41555192,16.800000000,17.100000000,3,11,1,3,ESM6 C7625
2026-04-20T09:06:25.941464404Z,2026-04-20T09:06:25.931395539Z,1,1,42372983,T,A,0,24.000000000,3,0,14252,41561533,24.000000000,24.250000000,3,28,1,3,ESM6 P6050
2026-04-20T09:06:26.585625799Z,2026-04-20T09:06:26.584849077Z,1,1,2503909,T,A,0,49.000000000,50,0,14855,10519363,49.000000000,54.000000000,50,76,1,2,UD:1V:C23 2503909
2026-04-20T09:06:54.704262843Z,2026-04-20T09:06:54.703486563Z,1,1,2504444,T,B,0,140.500000000,90,0,18751,10536690,139.500000000,140.500000000,188,90,5,1,UD:1V:CFO 2504444
2026-04-20T09:09:28.125779782Z,2026-04-20T09:09:28.125043623Z,1,1,42404374,T,A,0,136.500000000,1,0,13415,41973274,136.500000000,137.000000000,1,12,1,3,ESM6 P7000
2026-04-20T09:09:54.487308465Z,2026-04-20T09:09:54.486697519Z,1,1,42871623,T,A,0,22.500000000,7,0,13685,42018522,22.500000000,22.750000000,9,4,2,2,ESM6 C7575
2026-04-20T09:10:08.819826580Z,2026-04-20T09:10:08.777430703Z,1,1,42627610,T,A,0,14.300000000,7,0,13589,42054738,14.300000000,14.500000000,7,8,1,3,ESM6 C7650
2026-04-20T09:10:20.020221055Z,2026-04-20T09:10:20.018354765Z,1,1,42871623,T,A,0,22.500000000,7,0,13965,42077857,22.500000000,22.750000000,7,4,1,2,ESM6 C7575
2026-04-20T09:10:22.008050857Z,2026-04-20T09:10:22.006962939Z,1,1,42627610,T,A,0,14.300000000,7,0,13426,42083433,14.300000000,14.500000000,7,8,1,3,ESM6 C7650
2026-04-20T09:10:29.639030984Z,2026-04-20T09:10:29.625095155Z,1,1,42696853,T,A,0,16.600000000,3,0,14771,42099268,16.600000000,16.800000000,3,4,1,2,ESM6 C7625
2026-04-20T09:10:40.710233703Z,2026-04-20T09:10:40.604034673Z,1,1,42404374,T,A,0,136.500000000,1,0,14016,42128272,136.500000000,137.000000000,1,3,1,1,ESM6 P7000
2026-04-20T09:10:42.756022953Z,2026-04-20T09:10:42.753528563Z,1,1,42871623,T,A,0,22.500000000,3,0,13357,42134653,22.500000000,22.750000000,3,4,1,2,ESM6 C7575
2026-04-20T09:10:44.319087350Z,2026-04-20T09:10:44.316770203Z,1,1,42871623,T,A,0,22.500000000,3,0,14000,42138868,22.500000000,22.750000000,3,4,1,2,ESM6 C7575
2026-04-20T09:10:46.405851411Z,2026-04-20T09:10:46.405243019Z,1,1,42871623,T,A,0,22.500000000,3,0,14370,42141533,22.500000000,22.750000000,3,4,1,2,ESM6 C7575
2026-04-20T09:10:48.198929105Z,2026-04-20T09:10:48.193472113Z,1,1,42366511,T,A,0,19.400000000,3,0,14437,42143309,19.400000000,19.600000000,3,4,1,2,ESM6 C7600
2026-04-20T09:10:49.707385957Z,2026-04-20T09:10:49.706725345Z,1,1,42871623,T,A,0,22.500000000,3,0,15038,42147827,22.500000000,22.750000000,3,4,1,2,ESM6 C7575
2026-04-20T09:10:56.456943766Z,2026-04-20T09:10:56.456296859Z,1,1,2504203,T,B,0,21.500000000,1,0,24676,10689087,21.000000000,21.500000000,581,729,5,6,UD:1V: VT 2504203
2026-04-20T09:10:58.072689886Z,2026-04-20T09:10:57.969143067Z,1,1,42696853,T,A,0,16.600000000,3,0,11592,42159728,16.600000000,16.800000000,3,4,1,2,ESM6 C7625
2026-04-20T09:11:07.229554473Z,2026-04-20T09:11:07.211579111Z,1,1,42366511,T,A,0,19.300000000,3,0,12861,42184830,19.300000000,19.500000000,3,1,1,1,ESM6 C7600
2026-04-20T09:11:17.066232371Z,2026-04-20T09:11:17.062194787Z,1,1,42366511,T,A,0,19.300000000,3,0,13730,42211468,19.300000000,19.500000000,3,4,1,2,ESM6 C7600
2026-04-20T09:11:24.975932852Z,2026-04-20T09:11:24.970545743Z,1,1,42499829,T,A,0,167.000000000,2,0,14866,42224724,167.000000000,167.500000000,2,18,1,2,ESM6 C7150
2026-04-20T09:11:28.384077484Z,2026-04-20T09:11:28.383508865Z,1,1,2607680,T,A,0,57.500000000,3,0,13722,10707969,57.500000000,58.000000000,3,408,1,6,UD:1V: VT 2607680
2026-04-20T09:11:29.356501715Z,2026-04-20T09:11:29.311052005Z,1,1,42627610,T,A,0,14.200000000,3,0,11397,42234372,14.200000000,14.400000000,3,8,1,3,ESM6 C7650
2026-04-20T09:11:31.333769235Z,2026-04-20T09:11:31.319327481Z,1,1,42853786,T,A,0,11.900000000,3,0,13516,42238487,11.900000000,12.000000000,3,6,1,2,ESM6 P5525
2026-04-20T09:11:33.194435134Z,2026-04-20T09:11:33.193276041Z,1,1,42409657,T,A,0,13.000000000,3,0,13955,42241078,13.000000000,13.100000000,3,6,1,2,ESM6 P5600
2026-04-20T09:11:56.279782103Z,2026-04-20T09:11:56.237034115Z,1,1,42627610,T,A,0,14.200000000,3,0,11506,42279571,14.200000000,14.400000000,3,8,1,3,ESM6 C7650
2026-04-20T09:11:57.234002779Z,2026-04-20T09:11:57.201348789Z,1,1,42366511,T,A,0,19.300000000,6,0,11431,42281811,19.300000000,19.500000000,6,4,1,2,ESM6 C7600
2026-04-20T09:12:13.073626879Z,2026-04-20T09:12:13.031875667Z,1,1,42366511,T,A,0,19.300000000,6,0,11650,42308449,19.300000000,19.500000000,6,1,1,1,ESM6 C7600
2026-04-20T09:12:48.163232854Z,2026-04-20T09:12:48.162855311Z,1,1,2504559,T,B,0,16.000000000,5,0,13540,10748349,15.800000000,16.000000000,181,5,4,1,UD:1V: VT 2504559
2026-04-20T09:15:25.827867318Z,2026-04-20T09:15:25.827041909Z,1,1,42366510,T,B,0,197.500000000,1,0,17812,42592909,196.500000000,197.500000000,13,1,4,1,ESM6 C7100
2026-04-20T09:15:44.549038108Z,2026-04-20T09:15:44.545710871Z,1,1,2500022,T,A,0,9.600000000,5,0,13333,10805769,9.600000000,10.000000000,751,179,5,2,UD:1V: VT 2500022
2026-04-20T09:16:02.648123025Z,2026-04-20T09:16:02.612598633Z,1,1,42366523,T,A,0,170.000000000,1,0,15875,42645456,170.000000000,170.500000000,1,25,1,3,ESM6 P7100
2026-04-20T09:16:21.237080854Z,2026-04-20T09:16:21.220692367Z,1,1,42394812,T,B,0,92.000000000,1,0,13710,42679682,91.500000000,92.000000000,50,2,5,1,ESM6 P6800
2026-04-20T09:16:21.249706287Z,2026-04-20T09:16:21.237231195Z,1,1,42394812,T,B,0,92.000000000,1,0,11511,42679979,91.500000000,92.000000000,50,1,5,1,ESM6 P6800
2026-04-20T09:17:32.667812150Z,2026-04-20T09:17:32.655824895Z,1,1,42510079,T,B,0,74.500000000,2,0,14246,42787743,74.000000000,74.500000000,7,2,3,1,ESM6 C7350
2026-04-20T09:31:33.500533863Z,2026-04-20T09:31:33.500169825Z,1,1,42372949,T,B,0,419.000000000,20,0,13202,44199717,417.500000000,419.000000000,1,20,1,1,ESM6 C6800
2026-04-20T09:32:07.053159500Z,2026-04-20T09:32:07.049847885Z,1,1,42404367,T,A,0,26.000000000,1,0,14663,44240020,26.000000000,26.250000000,9,7,2,3,ESM6 P6100
2026-04-20T09:32:28.393408351Z,2026-04-20T09:32:28.390820895Z,1,1,42404367,T,A,0,26.000000000,1,0,12436,44266195,26.000000000,26.250000000,9,6,2,2,ESM6 P6100
2026-04-20T09:32:32.826748200Z,2026-04-20T09:32:32.826434893Z,1,1,42372969,T,A,0,266.000000000,20,0,14349,44272775,266.000000000,266.500000000,20,4,1,2,ESM6 C7000
2026-04-20T09:33:11.409089694Z,2026-04-20T09:33:11.404417103Z,1,1,42378592,T,B,0,52.250000000,4,0,14074,44316001,52.000000000,52.250000000,20,4,1,2,ESM6 P6500
2026-04-20T09:33:11.417121099Z,2026-04-20T09:33:11.416264011Z,1,1,42378592,T,A,0,52.250000000,14,0,11425,44316159,52.250000000,52.500000000,16,63,1,4,ESM6 P6500
2026-04-20T09:33:11.417137552Z,2026-04-20T09:33:11.416267369Z,1,1,42378592,T,A,0,52.250000000,2,0,11266,44316161,52.250000000,52.500000000,2,63,1,4,ESM6 P6500
2026-04-20T09:33:32.999232283Z,2026-04-20T09:33:32.991145889Z,1,1,539869,T,B,0,129.000000000,5,0,14347,44356928,127.500000000,129.000000000,60,5,3,1,ESZ6 P6000
2026-04-20T09:33:33.016569593Z,2026-04-20T09:33:32.999235937Z,1,1,539869,T,A,0,129.000000000,3,0,11446,44357239,129.000000000,129.500000000,3,55,1,2,ESZ6 P6000
2026-04-20T09:36:52.755422527Z,2026-04-20T09:36:52.754621127Z,1,1,2503909,T,A,0,49.000000000,50,0,13459,11367917,49.000000000,51.750000000,50,118,1,2,UD:1V:C23 2503909
2026-04-20T09:44:08.528473510Z,2026-04-20T09:44:08.523095047Z,1,1,42760607,T,B,0,129.500000000,12,0,13483,45266741,129.000000000,129.500000000,15,12,1,2,ESM6 P6975
2026-04-20T09:47:33.619942572Z,2026-04-20T09:47:33.616789583Z,1,1,42366523,T,A,0,168.000000000,15,0,14608,45487887,168.000000000,169.000000000,15,49,1,6,ESM6 P7100
2026-04-20T09:47:33.625700985Z,2026-04-20T09:47:33.616855937Z,1,1,42919950,T,A,0,159.000000000,3,0,13259,45487974,159.000000000,160.000000000,3,44,1,5,ESM6 P7075
2026-04-20T09:47:33.626609233Z,2026-04-20T09:47:33.616886617Z,1,1,42883176,T,A,0,154.000000000,15,0,11245,45488002,154.000000000,155.000000000,15,24,1,2,ESM6 C7175
2026-04-20T09:47:33.662746278Z,2026-04-20T09:47:33.619900873Z,1,1,42366523,T,B,0,168.000000000,43,0,11303,45488760,167.500000000,168.000000000,17,15,1,1,ESM6 P7100
2026-04-20T09:47:33.662824975Z,2026-04-20T09:47:33.619946423Z,1,1,42366523,T,B,0,168.000000000,3,0,11420,45488762,167.500000000,168.000000000,17,2,1,1,ESM6 P7100
2026-04-20T09:47:33.662839124Z,2026-04-20T09:47:33.619946597Z,1,1,42366523,T,B,0,168.000000000,4,0,11212,45488764,167.500000000,168.000000000,17,4,1,1,ESM6 P7100
2026-04-20T09:47:33.663241881Z,2026-04-20T09:47:33.623290569Z,1,1,42883176,T,B,0,154.000000000,28,0,11181,45488775,153.500000000,154.000000000,17,15,1,1,ESM6 C7175
2026-04-20T09:47:33.666654887Z,2026-04-20T09:47:33.631913967Z,1,1,42919950,T,B,0,159.000000000,13,0,11211,45488981,158.500000000,159.000000000,17,15,1,1,ESM6 P7075
2026-04-20T09:48:36.042629175Z,2026-04-20T09:48:36.041831943Z,1,1,2693264,T,A,0,30.250000000,1,0,17006,11584395,30.250000000,30.500000000,3,682,1,6,UD:1V: VT 2693264
2026-04-20T09:49:59.686716266Z,2026-04-20T09:49:59.686136265Z,1,1,2690145,T,A,0,-42.000000000,1,0,13338,11603547,-42.000000000,-41.000000000,1,47,1,3,UD:1V: 12 2690145
2026-04-20T09:50:31.595410623Z,2026-04-20T09:50:31.561251921Z,1,1,2504974,T,A,0,-44.000000000,1,0,14413,11616450,-44.000000000,-43.500000000,1,7,1,1,UD:1V: 12 2504974
2026-04-20T09:52:34.006478457Z,2026-04-20T09:52:33.998005335Z,1,1,42404367,T,A,0,26.000000000,8,0,13829,45856466,26.000000000,26.250000000,8,12,1,3,ESM6 P6100
2026-04-20T09:54:44.549503689Z,2026-04-20T09:54:44.548953247Z,1,1,2626526,T,A,0,2.850000000,1,0,14940,11687673,2.850000000,3.100000000,1,84,1,2,UD:1V: IC 2626526
2026-04-20T10:03:05.602082162Z,2026-04-20T10:03:05.601553315Z,1,1,42573270,T,B,0,322.000000000,1,0,13553,46616747,321.500000000,322.000000000,24,1,1,1,ESH7 P6800
2026-04-20T10:05:46.949181865Z,2026-04-20T10:05:46.941286939Z,1,1,42853787,T,A,0,18.400000000,8,0,12851,46825809,18.400000000,18.600000000,8,8,1,1,ESM6 P5875
2026-04-20T10:05:51.116899676Z,2026-04-20T10:05:51.108892519Z,1,1,42372880,T,B,0,1.000000000,8,0,14362,46829380,0.900000000,1.000000000,8,8,1,1,ESM6 P3100
2026-04-20T10:05:53.027371662Z,2026-04-20T10:05:53.019818275Z,1,1,42372880,T,B,0,1.000000000,8,0,12812,46831316,0.900000000,1.000000000,8,8,1,1,ESM6 P3100
2026-04-20T10:06:53.280824006Z,2026-04-20T10:06:53.280425015Z,1,1,2504153,T,A,0,148.000000000,2,0,14359,11944561,148.000000000,149.000000000,2,186,1,4,UD:1V: VT 2504153
2026-04-20T10:07:48.839738855Z,2026-04-20T10:07:48.831815281Z,1,1,42853787,T,A,0,18.300000000,8,0,15258,47086433,18.300000000,18.400000000,8,8,1,1,ESM6 P5875
2026-04-20T10:08:08.669497651Z,2026-04-20T10:08:08.538685233Z,1,1,42409666,T,A,0,16.500000000,50,0,14007,47129648,16.500000000,16.600000000,50,6,1,2,ESM6 P5800
2026-04-20T10:08:08.737252726Z,2026-04-20T10:08:08.730564741Z,1,1,42409666,T,A,0,16.500000000,1,0,11362,47131218,16.500000000,16.600000000,50,6,1,2,ESM6 P5800
2026-04-20T10:08:48.973810878Z,2026-04-20T10:08:48.973466007Z,1,1,42366523,T,B,0,166.500000000,3,0,13802,47224109,166.000000000,166.500000000,18,15,2,1,ESM6 P7100
2026-04-20T10:09:03.235980313Z,2026-04-20T10:09:03.233578595Z,1,1,2501912,T,B,0,365.500000000,15,0,13238,12027859,363.500000000,365.500000000,9,15,2,1,UD:1V: ST 2501912
2026-04-20T10:09:20.176590564Z,2026-04-20T10:09:20.176344703Z,1,1,42366512,T,B,0,14.400000000,3,0,14387,47326087,14.200000000,14.400000000,12,3,3,1,ESM6 P5700
2026-04-20T10:09:20.176632148Z,2026-04-20T10:09:20.176361923Z,1,1,42409666,T,A,0,16.500000000,3,0,11625,47326088,16.500000000,16.600000000,49,86,1,3,ESM6 P5800
2026-04-20T10:09:25.552606230Z,2026-04-20T10:09:25.551996557Z,1,1,2501912,T,B,0,365.500000000,15,0,14101,12048734,364.000000000,365.500000000,9,15,2,1,UD:1V: ST 2501912
2026-04-20T10:09:30.889423091Z,2026-04-20T10:09:30.888848577Z,1,1,42409666,T,A,0,16.500000000,46,0,17203,47346600,16.500000000,16.600000000,46,86,1,3,ESM6 P5800
2026-04-20T10:09:30.922968811Z,2026-04-20T10:09:30.892567711Z,1,1,42409666,T,B,0,16.500000000,8,0,17192,47347179,16.200000000,16.500000000,11,8,2,1,ESM6 P5800
2026-04-20T10:09:33.759457395Z,2026-04-20T10:09:33.753643755Z,1,1,42409666,T,A,0,16.500000000,20,0,14618,47352582,16.500000000,16.600000000,42,86,1,3,ESM6 P5800
2026-04-20T10:09:33.905567004Z,2026-04-20T10:09:33.905070941Z,1,1,42409666,T,A,0,16.500000000,22,0,14072,47353531,16.500000000,16.600000000,22,86,1,3,ESM6 P5800
2026-04-20T10:09:33.916733718Z,2026-04-20T10:09:33.908682775Z,1,1,42409666,T,B,0,16.500000000,8,0,16566,47353629,16.200000000,16.500000000,11,8,2,1,ESM6 P5800
2026-04-20T10:10:23.640365529Z,2026-04-20T10:10:23.634904441Z,1,1,42409666,T,A,0,16.500000000,42,0,13310,47440056,16.500000000,16.600000000,42,86,1,3,ESM6 P5800
2026-04-20T10:10:23.723552742Z,2026-04-20T10:10:23.643222837Z,1,1,42409666,T,B,0,16.500000000,8,0,16203,47441545,16.200000000,16.500000000,11,8,2,1,ESM6 P5800
2026-04-20T10:10:24.823716340Z,2026-04-20T10:10:24.782142997Z,1,1,42409666,T,A,0,16.500000000,35,0,11842,47449332,16.500000000,16.600000000,42,86,1,3,ESM6 P5800
2026-04-20T10:10:25.098354988Z,2026-04-20T10:10:24.859483787Z,1,1,42409666,T,A,0,16.500000000,7,0,14027,47454868,16.500000000,16.600000000,7,86,1,3,ESM6 P5800
2026-04-20T10:10:25.197897856Z,2026-04-20T10:10:25.101397777Z,1,1,42409666,T,A,0,16.500000000,8,0,14066,47456820,16.500000000,16.600000000,50,86,1,3,ESM6 P5800
2026-04-20T10:10:25.230064433Z,2026-04-20T10:10:25.190275227Z,1,1,42409666,T,A,0,16.500000000,42,0,12624,47457858,16.500000000,16.600000000,42,83,1,2,ESM6 P5800
2026-04-20T10:10:27.902000777Z,2026-04-20T10:10:27.896224993Z,1,1,42409666,T,A,0,16.500000000,15,0,12315,47463763,16.500000000,16.600000000,15,91,1,3,ESM6 P5800
2026-04-20T10:11:18.620691323Z,2026-04-20T10:11:18.170846497Z,1,1,2907534,T,A,0,17.100000000,21,0,12069,12120187,17.100000000,17.500000000,21,130,1,1,UD:1V: VT 2907534
2026-04-20T10:13:25.619594113Z,2026-04-20T10:13:25.619064393Z,1,1,42446245,T,B,0,149.000000000,6,0,13322,47902126,148.500000000,149.000000000,6,15,2,1,ESM6 P7050
2026-04-20T10:14:14.484365822Z,2026-04-20T10:14:14.483758981Z,1,1,2501912,T,B,0,364.500000000,15,0,14202,12229383,363.500000000,364.500000000,9,15,2,1,UD:1V: ST 2501912
2026-04-20T10:14:14.484412687Z,2026-04-20T10:14:14.483806373Z,1,1,42366510,T,B,0,198.500000000,9,0,34595,47982459,198.000000000,198.500000000,9,15,3,1,ESM6 C7100
2026-04-20T10:14:14.484577991Z,2026-04-20T10:14:14.483806549Z,1,1,42366510,T,B,0,198.500000000,15,0,20748,47982461,198.000000000,198.500000000,9,6,3,1,ESM6 C7100
2026-04-20T10:14:14.484967846Z,2026-04-20T10:14:14.484533869Z,1,1,42366510,T,B,0,198.500000000,15,0,16529,47982463,198.000000000,198.500000000,9,6,3,1,ESM6 C7100
2026-04-20T10:14:14.485745251Z,2026-04-20T10:14:14.485098499Z,1,1,42883306,T,B,0,175.500000000,15,0,13118,47982477,175.000000000,175.500000000,10,15,3,1,ESM6 P7125
2026-04-20T10:14:14.485791309Z,2026-04-20T10:14:14.485098677Z,1,1,42446245,T,B,0,149.000000000,15,0,13435,47982478,148.500000000,149.000000000,34,15,6,1,ESM6 P7050
2026-04-20T10:15:06.358147287Z,2026-04-20T10:15:06.357546437Z,1,1,2505811,T,A,0,1.700000000,1,0,13404,12249127,1.700000000,1.850000000,1,54,1,1,UD:1V: VT 2505811
2026-04-20T10:16:52.547436825Z,2026-04-20T10:16:52.531475487Z,1,1,2505798,T,B,0,8.700000000,1,0,13010,12282991,8.400000000,8.700000000,439,1,4,1,UD:1V: VT 2505798
2026-04-20T10:17:47.890113358Z,2026-04-20T10:17:47.889753525Z,1,1,42506301,T,B,0,0.800000000,250,0,13480,48274804,0.650000000,0.800000000,608,250,5,1,ESU6 P1500
2026-04-20T10:19:47.696936530Z,2026-04-20T10:19:47.689214051Z,1,1,42404355,T,B,0,10.700000000,2,0,13569,48639363,10.500000000,10.700000000,294,2,5,1,ESM6 P5450
2026-04-20T10:21:35.736121085Z,2026-04-20T10:21:35.734624223Z,1,1,42903306,T,A,0,66.750000000,8,0,13515,48859545,66.750000000,67.000000000,8,3,1,1,ESM6 C7375
2026-04-20T10:22:38.103529309Z,2026-04-20T10:22:38.021568781Z,1,1,42919950,T,A,0,156.500000000,7,0,15164,48967344,156.500000000,157.500000000,7,24,2,3,ESM6 P7075
2026-04-20T10:22:38.120147753Z,2026-04-20T10:22:38.103478015Z,1,1,42919950,T,B,0,156.500000000,50,0,14272,48967871,156.000000000,156.500000000,17,15,1,1,ESM6 P7075
2026-04-20T10:22:38.120707902Z,2026-04-20T10:22:38.103937013Z,1,1,2501912,T,B,0,364.500000000,15,0,12946,12510961,363.500000000,364.500000000,10,15,2,1,UD:1V: ST 2501912
2026-04-20T10:22:46.943147326Z,2026-04-20T10:22:46.942553919Z,1,1,2501912,T,B,0,364.500000000,15,0,12894,12521187,363.500000000,364.500000000,76,15,3,1,UD:1V: ST 2501912
2026-04-20T10:22:46.943357633Z,2026-04-20T10:22:46.942554099Z,1,1,2501912,T,B,0,364.500000000,35,0,14440,12521189,363.500000000,364.500000000,76,15,3,1,UD:1V: ST 2501912
2026-04-20T10:22:46.943431164Z,2026-04-20T10:22:46.942568923Z,1,1,42836585,T,B,0,195.500000000,15,0,13920,48995062,195.000000000,195.500000000,7,15,2,1,ESM6 P7175
2026-04-20T10:22:46.943455413Z,2026-04-20T10:22:46.942569101Z,1,1,42836585,T,B,0,195.500000000,15,0,12886,48995063,195.000000000,195.500000000,7,15,2,1,ESM6 P7175
2026-04-20T10:22:46.943501011Z,2026-04-20T10:22:46.942576387Z,1,1,42919950,T,B,0,156.500000000,6,0,11926,48995064,156.000000000,156.500000000,76,15,5,1,ESM6 P7075
2026-04-20T10:22:46.943777803Z,2026-04-20T10:22:46.942576565Z,1,1,42919950,T,B,0,156.500000000,15,0,13710,48995065,156.000000000,156.500000000,76,9,5,1,ESM6 P7075
2026-04-20T10:22:46.943884587Z,2026-04-20T10:22:46.942651247Z,1,1,42853782,T,B,0,183.500000000,15,0,13788,48995067,183.000000000,183.500000000,13,15,4,1,ESM6 C7125
2026-04-20T10:22:46.943953780Z,2026-04-20T10:22:46.942651653Z,1,1,42853782,T,B,0,183.500000000,15,0,12840,48995068,183.000000000,183.500000000,13,15,4,1,ESM6 C7125
2026-04-20T10:22:46.944011895Z,2026-04-20T10:22:46.943459071Z,1,1,42760607,T,B,0,126.500000000,15,0,13922,48995069,126.000000000,126.500000000,38,15,6,1,ESM6 P6975
2026-04-20T10:22:46.944071777Z,2026-04-20T10:22:46.943792887Z,1,1,42883306,T,B,0,175.000000000,4,0,11302,48995071,174.500000000,175.000000000,7,15,2,1,ESM6 P7125
2026-04-20T10:22:46.944619084Z,2026-04-20T10:22:46.944102283Z,1,1,42853782,T,B,0,183.500000000,15,0,13780,48995081,183.000000000,183.500000000,13,15,4,1,ESM6 C7125
2026-04-20T10:22:46.944657769Z,2026-04-20T10:22:46.944102461Z,1,1,42366510,T,B,0,199.000000000,15,0,11486,48995082,198.500000000,199.000000000,13,15,4,1,ESM6 C7100
2026-04-20T10:22:46.945572640Z,2026-04-20T10:22:46.944189103Z,1,1,42919950,T,B,0,156.500000000,15,0,13667,48995101,156.000000000,156.500000000,76,9,5,1,ESM6 P7075
2026-04-20T10:22:46.948194014Z,2026-04-20T10:22:46.947605735Z,1,1,42366510,T,B,0,199.000000000,15,0,14493,48995189,198.500000000,199.000000000,13,15,4,1,ESM6 C7100
2026-04-20T10:22:51.076188982Z,2026-04-20T10:22:51.075601083Z,1,1,2501912,T,B,0,364.500000000,15,0,14450,12522963,363.500000000,364.500000000,76,15,3,1,UD:1V: ST 2501912
2026-04-20T10:22:51.076229108Z,2026-04-20T10:22:51.075616733Z,1,1,42919950,T,B,0,156.500000000,15,0,14289,49001504,156.000000000,156.500000000,59,15,4,1,ESM6 P7075
2026-04-20T10:22:51.076266411Z,2026-04-20T10:22:51.075616907Z,1,1,42919950,T,B,0,156.500000000,15,0,13712,49001505,156.000000000,156.500000000,59,15,4,1,ESM6 P7075
2026-04-20T10:22:51.076884504Z,2026-04-20T10:22:51.076640631Z,1,1,42919950,T,B,0,156.500000000,20,0,11284,49001506,156.000000000,156.500000000,59,15,4,1,ESM6 P7075
2026-04-20T10:22:51.077280464Z,2026-04-20T10:22:51.077019969Z,1,1,42853782,T,B,0,183.500000000,15,0,11331,49001510,183.000000000,183.500000000,9,15,3,1,ESM6 C7125
2026-04-20T10:22:51.077321990Z,2026-04-20T10:22:51.077020149Z,1,1,42366510,T,B,0,199.000000000,15,0,13435,49001511,198.500000000,199.000000000,9,15,3,1,ESM6 C7100
2026-04-20T10:22:51.083451137Z,2026-04-20T10:22:51.078739315Z,1,1,42366510,T,B,0,199.000000000,15,0,11342,49001703,198.500000000,199.000000000,9,15,3,1,ESM6 C7100
2026-04-20T10:22:51.087436753Z,2026-04-20T10:22:51.082969475Z,1,1,42836584,T,B,0,140.500000000,15,0,11175,49001810,140.000000000,140.500000000,34,15,6,1,ESM6 P7025
2026-04-20T10:22:55.788373188Z,2026-04-20T10:22:55.788026971Z,1,1,42446245,T,B,0,148.000000000,15,0,13639,49007697,147.500000000,148.000000000,37,15,6,1,ESM6 P7050
2026-04-20T10:22:55.788474807Z,2026-04-20T10:22:55.788027151Z,1,1,42446245,T,B,0,148.000000000,15,0,13583,49007698,147.500000000,148.000000000,37,15,6,1,ESM6 P7050
2026-04-20T10:23:01.836855652Z,2026-04-20T10:23:01.836390807Z,1,1,42883306,T,B,0,174.500000000,9,0,14366,49013752,174.000000000,174.500000000,13,15,4,1,ESM6 P7125
2026-04-20T10:23:01.837117718Z,2026-04-20T10:23:01.836390985Z,1,1,42883306,T,B,0,174.500000000,9,0,12003,49013754,174.000000000,174.500000000,13,6,4,1,ESM6 P7125
2026-04-20T10:23:01.837289588Z,2026-04-20T10:23:01.836948165Z,1,1,42883306,T,B,0,174.500000000,15,0,11371,49013757,174.000000000,174.500000000,13,12,4,1,ESM6 P7125
2026-04-20T10:24:33.763494619Z,2026-04-20T10:24:33.759044995Z,1,1,2501912,T,A,0,364.000000000,17,0,14003,12586243,364.000000000,366.000000000,17,11,1,3,UD:1V: ST 2501912
2026-04-20T10:24:33.768759944Z,2026-04-20T10:24:33.768408735Z,1,1,42446245,T,B,0,149.500000000,1,0,13132,49207412,149.000000000,149.500000000,35,15,6,1,ESM6 P7050
2026-04-20T10:24:33.768926822Z,2026-04-20T10:24:33.768408909Z,1,1,42446245,T,B,0,149.500000000,15,0,12602,49207414,149.000000000,149.500000000,35,14,6,1,ESM6 P7050
2026-04-20T10:24:33.768979484Z,2026-04-20T10:24:33.768409089Z,1,1,42446245,T,B,0,149.500000000,15,0,11926,49207415,149.000000000,149.500000000,35,14,6,1,ESM6 P7050
2026-04-20T10:24:33.769039116Z,2026-04-20T10:24:33.768409267Z,1,1,42446245,T,B,0,149.500000000,12,0,13244,49207416,149.000000000,149.500000000,35,14,6,1,ESM6 P7050
2026-04-20T10:24:33.769231510Z,2026-04-20T10:24:33.768932545Z,1,1,42446245,T,B,0,149.500000000,7,0,14108,49207421,149.000000000,149.500000000,35,2,6,1,ESM6 P7050
2026-04-20T10:25:37.766552155Z,2026-04-20T10:25:37.765933021Z,1,1,2693875,T,B,0,26.750000000,4,0,13584,12622143,26.500000000,26.750000000,197,4,4,1,UD:1V: VT 2693875
2026-04-20T10:25:41.128810432Z,2026-04-20T10:25:41.128344521Z,1,1,2693875,T,B,0,26.750000000,4,0,14437,12625449,26.500000000,26.750000000,415,4,6,1,UD:1V: VT 2693875
2026-04-20T10:25:44.243359054Z,2026-04-20T10:25:44.242916743Z,1,1,2693875,T,B,0,26.750000000,4,0,16460,12626094,26.500000000,26.750000000,415,4,6,1,UD:1V: VT 2693875
2026-04-20T10:25:47.443388587Z,2026-04-20T10:25:47.442955563Z,1,1,2693875,T,B,0,26.750000000,4,0,14400,12627387,26.500000000,26.750000000,415,4,6,1,UD:1V: VT 2693875
2026-04-20T10:25:49.759204491Z,2026-04-20T10:25:49.750009197Z,1,1,42372969,T,A,0,263.000000000,2,0,14284,49357036,263.000000000,264.000000000,8,1,3,1,ESM6 C7000
2026-04-20T10:25:52.805442982Z,2026-04-20T10:25:52.802189181Z,1,1,42378541,T,B,0,36.250000000,1,0,14094,49360783,35.750000000,36.250000000,6,45,3,4,ESM6 P6300
2026-04-20T10:26:14.663043342Z,2026-04-20T10:26:14.630047259Z,1,1,42853783,T,B,0,82.750000000,3,0,13985,49399313,82.500000000,82.750000000,7,3,2,1,ESM6 C7325
2026-04-20T10:26:33.463548663Z,2026-04-20T10:26:33.395291505Z,1,1,2693875,T,B,0,26.750000000,4,0,13570,12644197,26.500000000,26.750000000,338,4,5,1,UD:1V: VT 2693875
2026-04-20T10:26:49.033964949Z,2026-04-20T10:26:48.992967899Z,1,1,2693875,T,B,0,26.750000000,4,0,14307,12648133,26.500000000,26.750000000,338,4,5,1,UD:1V: VT 2693875
2026-04-20T10:31:34.246346441Z,2026-04-20T10:31:34.245748053Z,1,1,2506071,T,A,0,253.500000000,20,0,14249,12755085,253.500000000,254.000000000,20,5,1,1,UD:1V:CFO 2506071
2026-04-20T10:31:48.820709548Z,2026-04-20T10:31:48.820123457Z,1,1,2506071,T,A,0,253.500000000,20,0,13264,12762220,253.500000000,254.500000000,20,75,1,3,UD:1V:CFO 2506071
2026-04-20T10:32:12.048084392Z,2026-04-20T10:32:12.047522451Z,1,1,2506071,T,A,0,253.500000000,12,0,12987,12768162,253.500000000,254.000000000,20,89,1,2,UD:1V:CFO 2506071
2026-04-20T10:32:12.721629481Z,2026-04-20T10:32:12.721104775Z,1,1,2506071,T,A,0,253.500000000,8,0,12934,12768356,253.500000000,254.000000000,8,89,1,2,UD:1V:CFO 2506071
2026-04-20T10:33:03.405035527Z,2026-04-20T10:33:03.374446603Z,1,1,2506071,T,A,0,253.500000000,20,0,15630,12784773,253.500000000,254.000000000,20,78,1,2,UD:1V:CFO 2506071
2026-04-20T10:33:32.265176267Z,2026-04-20T10:33:32.264670891Z,1,1,2506071,T,A,0,253.500000000,20,0,13442,12792098,253.500000000,254.000000000,20,84,1,2,UD:1V:CFO 2506071
2026-04-20T10:35:35.779509326Z,2026-04-20T10:35:35.778910495Z,1,1,2506071,T,A,0,253.500000000,20,0,13416,12818222,253.500000000,254.000000000,20,121,1,2,UD:1V:CFO 2506071
2026-04-20T10:36:06.953743598Z,2026-04-20T10:36:06.953132231Z,1,1,2506071,T,A,0,253.500000000,14,0,16205,12823729,253.500000000,254.000000000,15,121,1,2,UD:1V:CFO 2506071
2026-04-20T10:36:11.374431430Z,2026-04-20T10:36:11.373817103Z,1,1,2506071,T,A,0,253.500000000,1,0,13547,12824946,253.500000000,254.000000000,1,121,1,2,UD:1V:CFO 2506071
2026-04-20T10:37:01.885409081Z,2026-04-20T10:37:01.767931131Z,1,1,42516900,T,A,0,294.500000000,1,0,12697,50253894,294.500000000,296.000000000,1,12,1,3,ESM6 P7350
2026-04-20T10:37:31.046087234Z,2026-04-20T10:37:31.045729309Z,1,1,42429379,T,A,0,9.600000000,1,0,12627,50283764,9.600000000,9.700000000,1,158,1,1,ESU6 P3600
2026-04-20T10:37:41.186081076Z,2026-04-20T10:37:41.185581003Z,1,1,2506071,T,A,0,253.500000000,15,0,12792,12841626,253.500000000,254.000000000,15,124,1,3,UD:1V:CFO 2506071
2026-04-20T10:38:15.690186372Z,2026-04-20T10:38:15.675402855Z,1,1,42394812,T,A,0,90.750000000,11,0,12932,50319280,90.750000000,91.000000000,21,4,1,1,ESM6 P6800
2026-04-20T10:38:16.081809282Z,2026-04-20T10:38:16.081162071Z,1,1,42394812,T,A,0,90.750000000,9,0,13512,50320347,90.750000000,91.000000000,10,4,1,1,ESM6 P6800
2026-04-20T10:38:16.237487598Z,2026-04-20T10:38:16.234564879Z,1,1,42394812,T,A,0,90.750000000,1,0,11470,50320617,90.750000000,91.000000000,1,4,1,1,ESM6 P6800
2026-04-20T10:38:16.269341963Z,2026-04-20T10:38:16.266928999Z,1,1,42394812,T,A,0,90.750000000,8,0,11679,50321464,90.750000000,91.000000000,21,4,1,1,ESM6 P6800
2026-04-20T10:38:16.269364963Z,2026-04-20T10:38:16.266929179Z,1,1,42394812,T,A,0,90.750000000,8,0,12706,50321465,90.750000000,91.000000000,13,4,1,1,ESM6 P6800
2026-04-20T10:38:48.966706678Z,2026-04-20T10:38:48.931555823Z,1,1,42394812,T,A,0,90.750000000,5,0,12327,50352430,90.750000000,91.000000000,5,8,1,2,ESM6 P6800
2026-04-20T10:38:49.077030783Z,2026-04-20T10:38:48.981953023Z,1,1,42394812,T,B,0,90.750000000,4,0,14758,50354765,90.000000000,90.750000000,49,4,4,1,ESM6 P6800
2026-04-20T10:38:49.119663254Z,2026-04-20T10:38:49.083427747Z,1,1,42394812,T,A,0,90.750000000,15,0,13630,50355762,90.750000000,91.000000000,19,31,1,2,ESM6 P6800
2026-04-20T10:38:49.127865775Z,2026-04-20T10:38:49.119639115Z,1,1,42394812,T,A,0,90.750000000,4,0,15147,50355997,90.750000000,91.000000000,4,31,1,2,ESM6 P6800
2026-04-20T10:38:49.148946295Z,2026-04-20T10:38:49.148740617Z,1,1,42394812,T,A,0,90.750000000,21,0,13776,50356104,90.750000000,91.000000000,21,31,1,2,ESM6 P6800
2026-04-20T10:38:50.257831251Z,2026-04-20T10:38:50.257296031Z,1,1,42853783,T,B,0,83.000000000,4,0,13284,50357698,82.750000000,83.000000000,4,4,1,1,ESM6 C7325
2026-04-20T10:40:12.604661271Z,2026-04-20T10:40:12.596710045Z,1,1,42394731,T,A,0,6.600000000,5,0,14612,50440438,6.600000000,6.700000000,5,10,2,1,ESM6 P5000
2026-04-20T10:40:12.620187809Z,2026-04-20T10:40:12.604664831Z,1,1,42394731,T,B,0,6.600000000,5,0,12572,50440763,6.500000000,6.600000000,340,5,3,1,ESM6 P5000
2026-04-20T10:40:25.441500175Z,2026-04-20T10:40:25.229749113Z,1,1,42394812,T,A,0,90.750000000,6,0,13355,50455479,90.750000000,91.000000000,20,4,1,1,ESM6 P6800
2026-04-20T10:40:25.462051033Z,2026-04-20T10:40:25.231880147Z,1,1,42394812,T,A,0,90.750000000,14,0,12778,50456237,90.750000000,91.000000000,14,4,1,1,ESM6 P6800
2026-04-20T10:40:52.081371257Z,2026-04-20T10:40:52.073097297Z,1,1,42821844,T,A,0,27.000000000,2,0,16961,50488057,27.000000000,27.250000000,2,116,1,6,ESM6 P6125
2026-04-20T10:40:54.802245884Z,2026-04-20T10:40:54.798962239Z,1,1,42372983,T,A,0,24.000000000,2,0,13693,50492528,24.000000000,24.250000000,2,147,1,5,ESM6 P6050
2026-04-20T10:41:58.209552797Z,2026-04-20T10:41:58.208687673Z,1,1,42836577,T,B,0,436.500000000,1,0,14231,50591929,435.000000000,436.500000000,1,2,1,1,ESM6 C6775
2026-04-20T10:42:01.651014041Z,2026-04-20T10:42:01.643991571Z,1,1,42836577,T,B,0,436.500000000,1,0,14095,50595837,435.000000000,436.500000000,1,1,1,1,ESM6 C6775
2026-04-20T10:44:42.063639529Z,2026-04-20T10:44:42.060659351Z,1,1,42394812,T,B,0,91.250000000,4,0,13612,50782420,91.000000000,91.250000000,12,4,1,1,ESM6 P6800
2026-04-20T10:44:42.069510948Z,2026-04-20T10:44:42.068305451Z,1,1,42394812,T,A,0,91.250000000,8,0,13167,50782519,91.250000000,91.500000000,8,31,1,2,ESM6 P6800
2026-04-20T10:44:42.090097305Z,2026-04-20T10:44:42.089837781Z,1,1,42394812,T,A,0,91.250000000,10,0,13984,50782698,91.250000000,91.500000000,12,31,1,2,ESM6 P6800
2026-04-20T10:45:01.815327217Z,2026-04-20T10:45:01.757478161Z,1,1,42394812,T,A,0,91.250000000,13,0,14333,50799898,91.250000000,91.500000000,2,48,1,4,ESM6 P6800
2026-04-20T10:45:01.897190289Z,2026-04-20T10:45:01.815468299Z,1,1,42394812,T,A,0,91.250000000,65,0,14056,50801585,91.250000000,91.500000000,1,50,1,5,ESM6 P6800
2026-04-20T10:45:01.929325149Z,2026-04-20T10:45:01.897194095Z,1,1,42394812,T,A,0,91.250000000,12,0,13873,50802157,91.250000000,91.500000000,8,50,1,5,ESM6 P6800
2026-04-20T10:45:03.364880833Z,2026-04-20T10:45:03.364608125Z,1,1,42394812,T,A,0,91.250000000,4,0,15271,50804066,91.250000000,91.500000000,8,50,1,5,ESM6 P6800
2026-04-20T10:45:03.367677416Z,2026-04-20T10:45:03.364642203Z,1,1,42919949,T,B,0,95.750000000,4,0,11903,50804068,95.250000000,95.750000000,8,4,2,1,ESM6 P6825
2026-04-20T10:45:03.373053694Z,2026-04-20T10:45:03.365004453Z,1,1,42394812,T,A,0,91.250000000,134,0,11337,50804159,91.250000000,91.500000000,4,46,1,4,ESM6 P6800
2026-04-20T10:45:09.106905657Z,2026-04-20T10:45:08.855475865Z,1,1,42394812,T,A,0,91.250000000,250,0,11904,50816290,91.250000000,91.500000000,2,46,1,4,ESM6 P6800
2026-04-20T10:45:47.882932041Z,2026-04-20T10:45:47.882199051Z,1,1,2504090,T,B,0,49.250000000,4,0,15670,12979759,49.000000000,49.250000000,83,4,3,1,UD:1V: VT 2504090
2026-04-20T10:45:59.940783307Z,2026-04-20T10:45:59.931941273Z,1,1,42372969,T,B,0,263.500000000,3,0,13841,50874859,262.000000000,263.500000000,13,5,4,2,ESM6 C7000
2026-04-20T10:47:23.596479534Z,2026-04-20T10:47:23.595892413Z,1,1,2506320,T,A,0,161.000000000,1,0,13356,13002238,161.000000000,162.000000000,1,14,1,2,UD:1V: SG 2506320
2026-04-20T10:47:32.946824754Z,2026-04-20T10:47:32.915396521Z,1,1,42804681,T,B,0,59.250000000,15,0,14076,50963518,59.000000000,59.250000000,4,15,1,2,ESM6 P6575
2026-04-20T10:50:50.376179839Z,2026-04-20T10:50:50.373729509Z,1,1,42394812,T,A,0,91.250000000,16,0,13969,51157973,91.250000000,91.500000000,16,10,1,3,ESM6 P6800
2026-04-20T10:50:50.844746982Z,2026-04-20T10:50:50.793817181Z,1,1,42394812,T,A,0,91.250000000,11,0,11136,51159245,91.250000000,91.500000000,13,10,1,3,ESM6 P6800
2026-04-20T10:50:50.914805705Z,2026-04-20T10:50:50.844853753Z,1,1,42394812,T,A,0,91.250000000,2,0,16209,51160933,91.250000000,91.500000000,2,50,1,5,ESM6 P6800
2026-04-20T10:50:51.035208967Z,2026-04-20T10:50:50.936979805Z,1,1,42394812,T,B,0,91.250000000,4,0,13820,51163441,91.000000000,91.250000000,22,4,1,1,ESM6 P6800
2026-04-20T10:50:51.177959229Z,2026-04-20T10:50:51.035212669Z,1,1,42394812,T,A,0,91.250000000,7,0,13727,51166213,91.250000000,91.500000000,7,46,1,4,ESM6 P6800
2026-04-20T10:50:51.289696542Z,2026-04-20T10:50:51.261097397Z,1,1,42394812,T,A,0,91.250000000,12,0,14005,51168411,91.250000000,91.500000000,12,46,1,4,ESM6 P6800
2026-04-20T10:50:52.537854911Z,2026-04-20T10:50:52.537315223Z,1,1,42394812,T,A,0,91.250000000,2,0,13324,51171802,91.250000000,91.500000000,16,50,1,5,ESM6 P6800
2026-04-20T10:50:52.537876913Z,2026-04-20T10:50:52.537349359Z,1,1,42919949,T,B,0,95.750000000,2,0,11432,51171803,95.250000000,95.750000000,4,8,1,2,ESM6 P6825
2026-04-20T10:51:10.683325627Z,2026-04-20T10:51:10.600227717Z,1,1,42394812,T,A,0,91.250000000,14,0,11147,51192636,91.250000000,91.500000000,14,71,1,4,ESM6 P6800
2026-04-20T10:51:10.719303395Z,2026-04-20T10:51:10.699739377Z,1,1,42394812,T,B,0,91.250000000,15,0,14055,51193663,91.000000000,91.250000000,22,54,1,2,ESM6 P6800
2026-04-20T10:51:10.747928907Z,2026-04-20T10:51:10.740994645Z,1,1,42394812,T,B,0,91.250000000,15,0,14426,51194030,91.000000000,91.250000000,22,54,1,2,ESM6 P6800
2026-04-20T10:51:10.773623019Z,2026-04-20T10:51:10.769307307Z,1,1,42394812,T,B,0,91.250000000,16,0,14983,51194350,91.000000000,91.250000000,22,24,1,1,ESM6 P6800
2026-04-20T10:51:10.881184303Z,2026-04-20T10:51:10.880641527Z,1,1,42394812,T,A,0,91.250000000,8,0,11898,51195024,91.250000000,91.500000000,13,17,1,2,ESM6 P6800
2026-04-20T10:51:11.356385542Z,2026-04-20T10:51:11.356099641Z,1,1,42394812,T,A,0,91.250000000,5,0,13616,51195678,91.250000000,91.500000000,5,21,1,3,ESM6 P6800
2026-04-20T10:51:11.378178785Z,2026-04-20T10:51:11.377935221Z,1,1,42394812,T,B,0,91.250000000,16,0,13874,51195700,91.000000000,91.250000000,22,49,1,2,ESM6 P6800
2026-04-20T10:51:11.403511673Z,2026-04-20T10:51:11.399469701Z,1,1,42394812,T,B,0,91.250000000,14,0,14233,51195722,91.000000000,91.250000000,22,33,1,2,ESM6 P6800
2026-04-20T10:51:11.507965828Z,2026-04-20T10:51:11.507594315Z,1,1,42394812,T,A,0,91.250000000,15,0,17028,51196077,91.250000000,91.500000000,15,17,1,2,ESM6 P6800
2026-04-20T10:51:46.502927231Z,2026-04-20T10:51:46.499802177Z,1,1,42394812,T,B,0,91.500000000,4,0,15377,51251841,91.250000000,91.500000000,14,4,1,1,ESM6 P6800
2026-04-20T10:51:56.360740337Z,2026-04-20T10:51:56.338602979Z,1,1,42394812,T,A,0,91.500000000,21,0,13761,51263970,91.500000000,91.750000000,21,21,1,3,ESM6 P6800
2026-04-20T10:51:56.386510712Z,2026-04-20T10:51:56.382338557Z,1,1,42394812,T,B,0,91.500000000,4,0,13664,51264499,91.250000000,91.500000000,14,4,1,1,ESM6 P6800
2026-04-20T10:52:20.172296313Z,2026-04-20T10:52:20.170432395Z,1,1,42394812,T,A,0,91.500000000,17,0,14324,51290308,91.500000000,91.750000000,17,21,1,3,ESM6 P6800
2026-04-20T10:52:20.223556929Z,2026-04-20T10:52:20.194227173Z,1,1,42394812,T,B,0,91.500000000,4,0,13448,51291320,91.250000000,91.500000000,14,4,1,1,ESM6 P6800
2026-04-20T10:52:27.924828707Z,2026-04-20T10:52:27.758118715Z,1,1,42394812,T,A,0,91.500000000,11,0,13638,51300271,91.500000000,91.750000000,18,8,1,2,ESM6 P6800
2026-04-20T10:52:28.036835301Z,2026-04-20T10:52:27.770665439Z,1,1,42394812,T,A,0,91.500000000,7,0,13650,51303102,91.500000000,91.750000000,7,48,1,4,ESM6 P6800
2026-04-20T10:52:28.253304095Z,2026-04-20T10:52:28.058917733Z,1,1,42394812,T,B,0,91.500000000,4,0,15547,51307471,91.250000000,91.500000000,14,4,1,1,ESM6 P6800
2026-04-20T10:52:32.743487599Z,2026-04-20T10:52:32.572015245Z,1,1,42394812,T,A,0,91.500000000,15,0,11673,51320966,91.500000000,91.750000000,15,52,1,5,ESM6 P6800
2026-04-20T10:52:33.096043457Z,2026-04-20T10:52:32.637388897Z,1,1,42394812,T,A,0,91.250000000,14,0,13673,51327592,91.250000000,91.500000000,14,4,1,1,ESM6 P6800
2026-04-20T10:52:33.370429084Z,2026-04-20T10:52:32.734841311Z,1,1,42394812,T,B,0,91.500000000,4,0,14662,51332377,90.500000000,91.500000000,31,4,2,1,ESM6 P6800
2026-04-20T10:52:33.379123580Z,2026-04-20T10:52:32.743491369Z,1,1,42394812,T,A,0,91.500000000,18,0,11641,51332544,91.500000000,91.750000000,18,49,1,4,ESM6 P6800
2026-04-20T10:52:34.100550966Z,2026-04-20T10:52:33.395181655Z,1,1,42394812,T,B,0,91.500000000,26,0,15148,51345918,91.250000000,91.500000000,11,109,1,4,ESM6 P6800
2026-04-20T10:52:34.306638158Z,2026-04-20T10:52:33.602977629Z,1,1,42394812,T,A,0,91.250000000,4,0,14227,51349079,91.250000000,91.500000000,11,17,1,2,ESM6 P6800
2026-04-20T10:52:34.569825939Z,2026-04-20T10:52:33.991162045Z,1,1,42394812,T,A,0,91.250000000,7,0,12873,51353981,91.250000000,91.750000000,7,97,1,2,ESM6 P6800
2026-04-20T10:52:38.254381380Z,2026-04-20T10:52:38.181392063Z,1,1,42394812,T,A,0,91.500000000,16,0,11400,51379724,91.500000000,91.750000000,19,20,1,3,ESM6 P6800
2026-04-20T10:52:38.430077865Z,2026-04-20T10:52:38.377585513Z,1,1,42394812,T,A,0,91.500000000,3,0,14228,51383678,91.500000000,91.750000000,3,66,1,4,ESM6 P6800
2026-04-20T10:52:38.479085435Z,2026-04-20T10:52:38.451518137Z,1,1,42394812,T,B,0,91.500000000,4,0,14085,51384615,91.250000000,91.500000000,14,4,1,1,ESM6 P6800
2026-04-20T10:52:46.013666894Z,2026-04-20T10:52:46.012158911Z,1,1,42394812,T,A,0,91.500000000,12,0,13404,51396965,91.500000000,91.750000000,22,67,1,4,ESM6 P6800
2026-04-20T10:52:46.020190041Z,2026-04-20T10:52:46.012231263Z,1,1,42394812,T,A,0,91.500000000,7,0,14197,51397054,91.500000000,91.750000000,10,67,1,4,ESM6 P6800
2026-04-20T10:52:46.051216347Z,2026-04-20T10:52:46.012267713Z,1,1,42394812,T,A,0,91.500000000,3,0,13608,51397564,91.500000000,91.750000000,3,67,1,4,ESM6 P6800
2026-04-20T10:52:46.171199616Z,2026-04-20T10:52:46.064631487Z,1,1,42394812,T,B,0,91.500000000,4,0,11210,51400319,91.250000000,91.500000000,14,4,1,1,ESM6 P6800
2026-04-20T10:52:46.186155118Z,2026-04-20T10:52:46.157441683Z,1,1,42394812,T,A,0,91.500000000,24,0,11191,51400834,91.500000000,91.750000000,24,63,1,3,ESM6 P6800
2026-04-20T10:52:46.207012066Z,2026-04-20T10:52:46.206734463Z,1,1,42394812,T,A,0,91.500000000,25,0,13040,51401252,91.500000000,91.750000000,25,63,1,3,ESM6 P6800
2026-04-20T10:54:08.739565931Z,2026-04-20T10:54:08.739042701Z,1,1,42394812,T,A,0,91.500000000,11,0,14253,51491585,91.500000000,91.750000000,25,59,1,4,ESM6 P6800
2026-04-20T10:54:08.740842279Z,2026-04-20T10:54:08.739748463Z,1,1,42394812,T,A,0,91.500000000,14,0,11504,51491623,91.500000000,91.750000000,14,59,1,4,ESM6 P6800
2026-04-20T10:54:08.763555329Z,2026-04-20T10:54:08.763282897Z,1,1,42394812,T,A,0,91.500000000,4,0,13143,51491692,91.500000000,91.750000000,28,59,1,4,ESM6 P6800
2026-04-20T10:54:08.763837401Z,2026-04-20T10:54:08.763631387Z,1,1,42394812,T,A,0,91.500000000,24,0,13303,51491694,91.500000000,91.750000000,24,59,1,4,ESM6 P6800
2026-04-20T10:54:09.760584895Z,2026-04-20T10:54:09.757994939Z,1,1,42394812,T,A,0,91.500000000,19,0,13427,51493044,91.500000000,91.750000000,19,60,1,4,ESM6 P6800
2026-04-20T10:54:09.810120426Z,2026-04-20T10:54:09.781564457Z,1,1,42394812,T,B,0,91.500000000,4,0,13833,51494127,91.250000000,91.500000000,14,4,1,1,ESM6 P6800
2026-04-20T10:54:09.819226530Z,2026-04-20T10:54:09.810075793Z,1,1,42394812,T,A,0,91.500000000,20,0,11040,51494454,91.500000000,91.750000000,23,87,1,4,ESM6 P6800
2026-04-20T10:54:09.822005875Z,2026-04-20T10:54:09.819334685Z,1,1,42394812,T,A,0,91.500000000,3,0,11316,51494637,91.500000000,91.750000000,3,87,1,4,ESM6 P6800
2026-04-20T10:54:09.845663879Z,2026-04-20T10:54:09.844828941Z,1,1,42394812,T,A,0,91.500000000,25,0,13827,51495295,91.500000000,91.750000000,25,87,1,4,ESM6 P6800
2026-04-20T10:54:09.870828643Z,2026-04-20T10:54:09.867888281Z,1,1,42394812,T,B,0,91.500000000,19,0,14491,51495947,91.250000000,91.500000000,14,25,1,1,ESM6 P6800
2026-04-20T10:54:09.900796092Z,2026-04-20T10:54:09.887561395Z,1,1,42409658,T,B,0,12.100000000,6,0,14299,51496248,11.900000000,12.100000000,4,6,1,2,ESM6 P5550
2026-04-20T10:54:09.901170185Z,2026-04-20T10:54:09.887749837Z,1,1,42384726,T,B,0,11.400000000,6,0,11437,51496267,11.200000000,11.400000000,4,6,1,2,ESM6 P5500
2026-04-20T10:54:10.526719459Z,2026-04-20T10:54:10.522264847Z,1,1,42372979,T,B,0,92.500000000,8,0,14086,51497494,92.000000000,92.500000000,5,8,1,2,ESM6 C7300
2026-04-20T10:54:22.878985660Z,2026-04-20T10:54:22.878626435Z,1,1,42522933,T,B,0,414.000000000,1,0,14294,51508029,412.500000000,414.000000000,21,1,1,1,ESH7 C7400
2026-04-20T10:54:34.386125711Z,2026-04-20T10:54:34.375497741Z,1,1,42804678,T,B,0,126.000000000,8,0,14404,51518512,125.500000000,126.000000000,4,8,1,2,ESM6 C7225
2026-04-20T10:54:41.688766423Z,2026-04-20T10:54:41.688423421Z,1,1,42522933,T,B,0,414.000000000,1,0,12964,51529389,412.500000000,414.000000000,21,1,1,1,ESH7 C7400
2026-04-20T10:54:44.841666075Z,2026-04-20T10:54:44.815900867Z,1,1,2504090,T,B,0,49.250000000,4,0,11084,13149975,49.000000000,49.250000000,145,4,3,1,UD:1V: VT 2504090
2026-04-20T10:54:44.865842279Z,2026-04-20T10:54:44.852819149Z,1,1,42394812,T,A,0,91.500000000,23,0,13940,51532751,91.500000000,91.750000000,23,110,1,4,ESM6 P6800
2026-04-20T10:54:46.509852753Z,2026-04-20T10:54:46.505430721Z,1,1,42394812,T,A,0,91.500000000,25,0,14589,51535288,91.500000000,91.750000000,25,84,1,4,ESM6 P6800
2026-04-20T10:54:46.535229721Z,2026-04-20T10:54:46.532402759Z,1,1,42394812,T,B,0,91.500000000,4,0,13566,51535476,91.250000000,91.500000000,14,4,1,1,ESM6 P6800
2026-04-20T10:54:46.616657473Z,2026-04-20T10:54:46.616285653Z,1,1,42394812,T,A,0,91.500000000,6,0,16180,51535821,91.500000000,91.750000000,16,17,1,2,ESM6 P6800
2026-04-20T10:54:47.945666263Z,2026-04-20T10:54:47.944675165Z,1,1,2504090,T,B,0,49.250000000,4,0,14140,13151464,49.000000000,49.250000000,185,4,4,1,UD:1V: VT 2504090
2026-04-20T10:54:51.996572903Z,2026-04-20T10:54:51.996072107Z,1,1,42679251,T,A,0,213.000000000,2,0,13348,51541078,213.000000000,234.500000000,2,31,1,1,ESZ0 C11400
2026-04-20T10:55:29.505000417Z,2026-04-20T10:55:29.504400205Z,1,1,42394812,T,A,0,91.500000000,10,0,14829,51579214,91.500000000,91.750000000,10,48,1,4,ESM6 P6800
2026-04-20T10:55:29.527196401Z,2026-04-20T10:55:29.526935365Z,1,1,42394812,T,A,0,91.500000000,27,0,13976,51579438,91.500000000,91.750000000,27,48,1,4,ESM6 P6800
2026-04-20T10:55:34.569575580Z,2026-04-20T10:55:34.568656113Z,1,1,42394812,T,A,0,91.500000000,20,0,15420,51587992,91.500000000,91.750000000,20,44,1,3,ESM6 P6800
2026-04-20T10:55:34.591864658Z,2026-04-20T10:55:34.591561283Z,1,1,42394812,T,A,0,91.500000000,9,0,14268,51588359,91.500000000,91.750000000,9,44,1,3,ESM6 P6800
2026-04-20T10:57:19.082675102Z,2026-04-20T10:57:19.074466551Z,1,1,42394812,T,A,0,91.500000000,8,0,14874,51738230,91.500000000,91.750000000,20,80,1,4,ESM6 P6800
2026-04-20T10:57:19.096062121Z,2026-04-20T10:57:19.082820337Z,1,1,42394812,T,A,0,91.500000000,12,0,15436,51738517,91.500000000,91.750000000,12,80,1,4,ESM6 P6800
2026-04-20T10:57:19.119816948Z,2026-04-20T10:57:19.116740395Z,1,1,42394812,T,B,0,91.500000000,4,0,15944,51738777,91.250000000,91.500000000,15,4,1,1,ESM6 P6800
2026-04-20T10:57:44.414070055Z,2026-04-20T10:57:44.410604605Z,1,1,42394812,T,A,0,91.500000000,17,0,14052,51806036,91.500000000,91.750000000,49,25,2,1,ESM6 P6800
2026-04-20T10:57:46.873349979Z,2026-04-20T10:57:46.872560651Z,1,1,42394812,T,A,0,91.500000000,5,0,13202,51807761,91.500000000,91.750000000,32,25,2,1,ESM6 P6800
2026-04-20T10:57:46.895186808Z,2026-04-20T10:57:46.894897565Z,1,1,42394812,T,A,0,91.500000000,9,0,19902,51807941,91.500000000,91.750000000,21,25,1,1,ESM6 P6800
2026-04-20T10:57:46.895233366Z,2026-04-20T10:57:46.894897947Z,1,1,42394812,T,A,0,91.500000000,6,0,16120,51807942,91.500000000,91.750000000,12,25,1,1,ESM6 P6800
2026-04-20T10:57:48.998385149Z,2026-04-20T10:57:48.997800901Z,1,1,42394812,T,A,0,91.500000000,6,0,14245,51808392,91.500000000,91.750000000,6,25,1,1,ESM6 P6800
2026-04-20T10:57:49.038494110Z,2026-04-20T10:57:49.032529153Z,1,1,42394812,T,A,0,91.500000000,19,0,14402,51809496,91.500000000,91.750000000,19,25,1,1,ESM6 P6800
2026-04-20T10:58:00.351309158Z,2026-04-20T10:58:00.350366151Z,1,1,42394812,T,A,0,91.500000000,26,0,13430,51834411,91.500000000,91.750000000,26,52,1,2,ESM6 P6800
2026-04-20T10:58:00.893350110Z,2026-04-20T10:58:00.893030085Z,1,1,42394812,T,A,0,91.500000000,28,0,15486,51835213,91.500000000,91.750000000,28,27,1,1,ESM6 P6800
2026-04-20T10:58:02.397372433Z,2026-04-20T10:58:02.394580601Z,1,1,42836583,T,A,0,32.000000000,1,0,16894,51839127,32.000000000,32.500000000,1,96,1,5,ESM6 P6225
2026-04-20T10:58:09.659064998Z,2026-04-20T10:58:09.652851911Z,1,1,42394812,T,A,0,91.500000000,26,0,14290,51851622,91.500000000,91.750000000,26,60,1,4,ESM6 P6800
2026-04-20T10:58:36.228997502Z,2026-04-20T10:58:36.216177863Z,1,1,42394812,T,A,0,91.500000000,25,0,12551,51895962,91.500000000,91.750000000,25,60,1,4,ESM6 P6800
2026-04-20T10:58:36.266297265Z,2026-04-20T10:58:36.263186229Z,1,1,42394812,T,A,0,91.500000000,24,0,14267,51897022,91.500000000,91.750000000,24,60,1,4,ESM6 P6800
2026-04-20T10:58:43.460175425Z,2026-04-20T10:58:43.458161437Z,1,1,42394812,T,A,0,91.500000000,22,0,12657,51909932,91.500000000,91.750000000,22,60,1,4,ESM6 P6800
2026-04-20T10:59:09.658781009Z,2026-04-20T10:59:09.540926391Z,1,1,42394812,T,A,0,91.500000000,23,0,11426,51934360,91.500000000,91.750000000,23,60,1,4,ESM6 P6800
2026-04-20T10:59:10.016612368Z,2026-04-20T10:59:09.992959531Z,1,1,42394812,T,A,0,91.500000000,24,0,14443,51941403,91.500000000,91.750000000,24,94,1,4,ESM6 P6800
2026-04-20T10:59:10.124234527Z,2026-04-20T10:59:10.038293133Z,1,1,42394812,T,B,0,91.500000000,4,0,13936,51943464,91.250000000,91.500000000,15,4,1,1,ESM6 P6800
2026-04-20T10:59:10.143886698Z,2026-04-20T10:59:10.124183861Z,1,1,42394812,T,A,0,91.500000000,12,0,14028,51944026,91.500000000,91.750000000,12,102,1,4,ESM6 P6800
2026-04-20T11:00:17.359758953Z,2026-04-20T11:00:17.359222563Z,1,1,42394812,T,A,0,91.500000000,12,0,13824,52174111,91.500000000,91.750000000,12,60,1,4,ESM6 P6800
2026-04-20T11:00:17.359778228Z,2026-04-20T11:00:17.359222945Z,1,1,42394812,T,A,0,91.500000000,12,0,12660,52174112,91.500000000,91.750000000,12,60,1,4,ESM6 P6800
2026-04-20T11:00:20.197213398Z,2026-04-20T11:00:20.196679815Z,1,1,42394812,T,A,0,91.500000000,12,0,16332,52175379,91.500000000,91.750000000,12,60,1,4,ESM6 P6800
2026-04-20T11:00:20.367021885Z,2026-04-20T11:00:20.366505635Z,1,1,42394812,T,A,0,91.500000000,12,0,15932,52175638,91.500000000,91.750000000,12,60,1,4,ESM6 P6800
2026-04-20T11:00:20.396829634Z,2026-04-20T11:00:20.396549941Z,1,1,42384724,T,B,0,139.000000000,1,0,16240,52175883,137.500000000,139.000000000,36,27,4,4,ESM6 C7200
2026-04-20T11:00:20.600841870Z,2026-04-20T11:00:20.600523515Z,1,1,42394812,T,A,0,91.500000000,12,0,13777,52176344,91.500000000,91.750000000,12,56,1,3,ESM6 P6800
2026-04-20T11:00:21.300828839Z,2026-04-20T11:00:21.299889109Z,1,1,42394812,T,A,0,91.500000000,12,0,12931,52176885,91.500000000,91.750000000,12,60,1,4,ESM6 P6800
2026-04-20T11:00:21.756203577Z,2026-04-20T11:00:21.754939747Z,1,1,42394812,T,A,0,91.500000000,12,0,13667,52177373,91.500000000,91.750000000,12,60,1,4,ESM6 P6800
2026-04-20T11:00:21.831722897Z,2026-04-20T11:00:21.831196853Z,1,1,42394812,T,A,0,91.500000000,12,0,14428,52178579,91.500000000,91.750000000,12,60,1,4,ESM6 P6800
2026-04-20T11:00:22.559004382Z,2026-04-20T11:00:22.558459909Z,1,1,42394812,T,A,0,91.500000000,5,0,11584,52180277,91.500000000,91.750000000,12,60,1,4,ESM6 P6800
2026-04-20T11:00:23.881008452Z,2026-04-20T11:00:23.880447857Z,1,1,42394812,T,A,0,91.500000000,7,0,14683,52181016,91.500000000,91.750000000,7,60,1,4,ESM6 P6800
2026-04-20T11:00:23.916544820Z,2026-04-20T11:00:23.913198473Z,1,1,42394812,T,A,0,91.500000000,12,0,14159,52181924,91.500000000,91.750000000,12,60,1,4,ESM6 P6800
2026-04-20T11:00:25.134335155Z,2026-04-20T11:00:25.133800843Z,1,1,42394812,T,A,0,91.500000000,12,0,13464,52182873,91.500000000,91.750000000,12,60,1,4,ESM6 P6800
2026-04-20T11:00:25.219660212Z,2026-04-20T11:00:25.219154359Z,1,1,42394812,T,A,0,91.500000000,25,0,16936,52183042,91.500000000,91.750000000,12,60,1,4,ESM6 P6800
2026-04-20T11:00:26.058499580Z,2026-04-20T11:00:26.058109479Z,1,1,42394812,T,A,0,91.500000000,11,0,16364,52183352,91.500000000,91.750000000,11,35,1,3,ESM6 P6800
2026-04-20T11:02:02.232076507Z,2026-04-20T11:02:02.135598371Z,1,1,42394812,T,A,0,92.250000000,20,0,11296,52450213,92.250000000,92.750000000,12,55,1,3,ESM6 P6800
2026-04-20T11:02:17.879346657Z,2026-04-20T11:02:17.876143295Z,1,1,42836583,T,A,0,32.250000000,1,0,14056,52471492,32.250000000,32.500000000,1,5,1,2,ESM6 P6225
2026-04-20T11:02:43.988148317Z,2026-04-20T11:02:43.985000537Z,1,1,42394754,T,A,0,31.000000000,1,0,14083,52507154,31.000000000,31.250000000,1,59,1,4,ESM6 P6200
2026-04-20T11:03:15.151198508Z,2026-04-20T11:03:15.139482557Z,1,1,2655176,T,A,0,45.750000000,4,0,14321,13459778,45.750000000,46.000000000,4,585,1,6,UD:1V: VT 2655176
2026-04-20T11:03:15.494626553Z,2026-04-20T11:03:15.204852601Z,1,1,42372979,T,A,0,90.500000000,1,0,11300,52572677,90.500000000,91.000000000,1,7,1,2,ESM6 C7300
2026-04-20T11:03:33.684740156Z,2026-04-20T11:03:33.393442735Z,1,1,42404370,T,B,0,44.000000000,1,0,14883,52605450,43.750000000,44.000000000,1,1,1,1,ESM6 P6400
2026-04-20T11:03:58.531166161Z,2026-04-20T11:03:58.528048199Z,1,1,42394812,T,B,0,93.000000000,3,0,14071,52659728,92.500000000,93.000000000,34,3,3,1,ESM6 P6800
2026-04-20T11:03:58.538206492Z,2026-04-20T11:03:58.537362615Z,1,1,42394812,T,A,0,93.000000000,11,0,14331,52659881,93.000000000,93.250000000,7,108,1,4,ESM6 P6800
2026-04-20T11:03:59.040742686Z,2026-04-20T11:03:59.038330495Z,1,1,42394812,T,A,0,93.000000000,1,0,13499,52661057,93.000000000,93.250000000,6,108,1,4,ESM6 P6800
2026-04-20T11:03:59.050518567Z,2026-04-20T11:03:59.038608193Z,1,1,42394812,T,A,0,93.000000000,27,0,16393,52661138,93.000000000,93.250000000,5,108,1,4,ESM6 P6800
2026-04-20T11:03:59.063302105Z,2026-04-20T11:03:59.040749037Z,1,1,42394812,T,A,0,93.000000000,5,0,11429,52661385,93.000000000,93.250000000,8,81,1,3,ESM6 P6800
2026-04-20T11:03:59.063331095Z,2026-04-20T11:03:59.040863023Z,1,1,42394812,T,A,0,93.000000000,85,0,10666,52661388,93.000000000,93.250000000,3,81,1,3,ESM6 P6800
2026-04-20T11:03:59.193756427Z,2026-04-20T11:03:59.193269377Z,1,1,42394731,T,B,0,6.800000000,1,0,14231,52662086,6.700000000,6.800000000,5,1,2,1,ESM6 P5000
2026-04-20T11:03:59.193772017Z,2026-04-20T11:03:59.193277825Z,1,1,42394812,T,A,0,93.000000000,1,0,11713,52662087,93.000000000,93.250000000,8,108,1,4,ESM6 P6800
2026-04-20T11:04:01.556700828Z,2026-04-20T11:04:01.514265979Z,1,1,42394812,T,A,0,93.000000000,27,0,11394,52664672,93.000000000,93.250000000,7,107,1,4,ESM6 P6800
2026-04-20T11:04:01.667758007Z,2026-04-20T11:04:01.514957915Z,1,1,42394812,T,A,0,93.000000000,25,0,11292,52666684,93.000000000,93.250000000,10,80,1,3,ESM6 P6800
2026-04-20T11:04:01.734812746Z,2026-04-20T11:04:01.519471697Z,1,1,42394812,T,A,0,93.000000000,3,0,14688,52668499,93.000000000,93.250000000,3,55,1,2,ESM6 P6800
2026-04-20T11:08:09.502525923Z,2026-04-20T11:08:09.470832675Z,1,1,2558763,T,B,0,55.000000000,4,0,14756,13637009,54.750000000,55.000000000,185,4,4,1,UD:1V: VT 2558763
2026-04-20T11:08:55.581641206Z,2026-04-20T11:08:55.581135491Z,1,1,42404370,T,B,0,43.500000000,1,0,13938,53288320,43.250000000,43.500000000,30,1,3,1,ESM6 P6400
2026-04-20T11:10:25.664124888Z,2026-04-20T11:10:25.646727237Z,1,1,42404374,T,B,0,137.500000000,1,0,12945,53474399,136.500000000,137.500000000,40,1,5,1,ESM6 P7000
2026-04-20T11:11:32.746687607Z,2026-04-20T11:11:32.745939069Z,1,1,2607680,T,A,0,57.250000000,1,0,14303,13747955,57.250000000,57.500000000,4,107,1,3,UD:1V: VT 2607680
2026-04-20T11:12:56.010477649Z,2026-04-20T11:12:56.010030199Z,1,1,2504263,T,A,0,-10.500000000,1,0,13381,13776734,-10.500000000,-10.200000000,1,17,1,1,UD:1V: GN 2504263
2026-04-20T11:15:52.253221024Z,2026-04-20T11:15:52.160756483Z,1,1,42404374,T,B,0,137.000000000,1,0,13994,54083821,136.500000000,137.000000000,29,1,4,1,ESM6 P7000
2026-04-20T11:16:01.663557739Z,2026-04-20T11:16:01.662961671Z,1,1,2693264,T,A,0,30.000000000,1,0,16026,13869084,30.000000000,30.250000000,4,794,1,7,UD:1V: VT 2693264
2026-04-20T11:20:19.349872984Z,2026-04-20T11:20:19.056256579Z,1,1,2693875,T,B,0,27.000000000,4,0,12522,13977946,26.750000000,27.000000000,499,4,5,1,UD:1V: VT 2693875
2026-04-20T11:20:19.372012656Z,2026-04-20T11:20:19.056693369Z,1,1,42760626,T,B,0,118.000000000,3,0,13855,54534715,117.500000000,118.000000000,36,3,3,1,ESM6 P6925
2026-04-20T11:20:27.066056945Z,2026-04-20T11:20:27.057706107Z,1,1,42404366,T,B,0,5.400000000,4,0,17951,54555709,5.300000000,5.400000000,141,4,3,1,ESM6 C7800
2026-04-20T11:20:35.847979932Z,2026-04-20T11:20:35.807198219Z,1,1,42404366,T,B,0,5.400000000,4,0,16514,54583186,5.300000000,5.400000000,141,4,3,1,ESM6 C7800
2026-04-20T11:20:37.400679137Z,2026-04-20T11:20:37.392651909Z,1,1,42404366,T,B,0,5.400000000,4,0,15640,54587403,5.300000000,5.400000000,141,4,3,1,ESM6 C7800
2026-04-20T11:20:40.316815078Z,2026-04-20T11:20:40.304312825Z,1,1,42404366,T,B,0,5.400000000,4,0,18184,54592395,5.300000000,5.400000000,141,4,3,1,ESM6 C7800
2026-04-20T11:20:54.017613159Z,2026-04-20T11:20:54.009708417Z,1,1,42572477,T,B,0,7.200000000,4,0,14293,54618562,7.000000000,7.200000000,114,4,4,1,ESM6 C7750
2026-04-20T11:20:54.522419758Z,2026-04-20T11:20:54.484190291Z,1,1,42940284,T,B,0,6.200000000,4,0,13904,54622340,6.100000000,6.200000000,86,4,2,1,ESM6 C7775
2026-04-20T11:21:53.566194188Z,2026-04-20T11:21:53.565844275Z,1,1,42378346,T,B,0,33.000000000,44,0,13970,54749345,32.750000000,33.000000000,106,44,7,1,ESM6 C7500
2026-04-20T11:21:57.017314880Z,2026-04-20T11:21:57.016940349Z,1,1,42378346,T,B,0,33.000000000,44,0,13242,54755611,32.750000000,33.000000000,144,44,6,1,ESM6 C7500
2026-04-20T11:22:14.954771550Z,2026-04-20T11:22:14.954460055Z,1,1,42384729,T,A,0,3.200000000,2,0,15882,54790918,3.200000000,3.450000000,2,6,1,2,ESM6 C7900
2026-04-20T11:22:16.598226569Z,2026-04-20T11:22:16.587794729Z,1,1,42399646,T,B,0,9.700000000,4,0,16691,54791984,9.500000000,9.700000000,152,4,4,1,ESM6 C7700
2026-04-20T11:22:27.999765551Z,2026-04-20T11:22:27.987940909Z,1,1,42892714,T,B,0,8.300000000,4,0,13252,54822374,8.100000000,8.300000000,82,4,3,1,ESM6 C7725
2026-04-20T11:22:42.226799833Z,2026-04-20T11:22:42.226472047Z,1,1,42919949,T,B,0,96.750000000,44,0,16321,54852162,96.500000000,96.750000000,56,44,4,1,ESM6 P6825
2026-04-20T11:22:52.967151623Z,2026-04-20T11:22:52.966631283Z,1,1,42760626,T,B,0,118.000000000,17,0,14269,54873291,117.500000000,118.000000000,55,44,5,1,ESM6 P6925
2026-04-20T11:22:52.967163662Z,2026-04-20T11:22:52.966631459Z,1,1,42760626,T,B,0,118.000000000,21,0,11415,54873292,117.500000000,118.000000000,55,27,5,1,ESM6 P6925
2026-04-20T11:22:52.968591337Z,2026-04-20T11:22:52.967516503Z,1,1,42760626,T,B,0,118.000000000,6,0,12061,54873334,117.500000000,118.000000000,55,6,5,1,ESM6 P6925
2026-04-20T11:23:27.197187063Z,2026-04-20T11:23:27.194203135Z,1,1,42378346,T,B,0,33.250000000,3,0,16187,54933464,32.500000000,33.250000000,113,5,7,2,ESM6 C7500
2026-04-20T11:24:22.368864353Z,2026-04-20T11:24:22.364545159Z,1,1,42397712,T,B,0,39.500000000,3,0,21613,55025291,38.500000000,39.500000000,29,47,2,3,ESU6 C7900
2026-04-20T11:26:42.830679523Z,2026-04-20T11:26:42.829379451Z,1,1,2592180,T,A,0,9.100000000,4,0,14102,14162561,9.100000000,9.300000000,4,491,1,4,UD:1V: VT 2592180
2026-04-20T11:28:50.959614916Z,2026-04-20T11:28:50.959241819Z,1,1,42399646,T,B,0,9.700000000,1,0,13151,55432067,9.600000000,9.700000000,35,1,3,1,ESM6 C7700
2026-04-20T11:29:04.120490955Z,2026-04-20T11:29:04.119946573Z,1,1,42315459,T,B,0,82.750000000,6,0,15816,55440976,81.250000000,82.750000000,17,79,1,4,ESZ6 C8000
2026-04-20T11:29:18.471842350Z,2026-04-20T11:29:18.471506035Z,1,1,42506119,T,A,0,450.000000000,2,0,18826,55448820,450.000000000,452.000000000,2,25,1,2,ESZ6 C7150
2026-04-20T11:29:53.181324950Z,2026-04-20T11:29:52.355969139Z,1,1,42366523,T,B,0,171.000000000,1,0,14780,55494065,170.500000000,171.000000000,26,1,2,1,ESM6 P7100
2026-04-20T11:32:50.219154430Z,2026-04-20T11:32:49.150034423Z,1,1,2689611,T,B,0,-26.500000000,1,0,15210,14360872,,-26.500000000,0,1,0,1,UD:1V: RR 2689611
2026-04-20T11:32:56.224147567Z,2026-04-20T11:32:56.200434575Z,1,1,42439347,T,B,0,79.000000000,27,0,11399,56020637,78.500000000,79.000000000,90,265,4,1,ESU6 P6000
2026-04-20T11:32:56.224175521Z,2026-04-20T11:32:56.200434753Z,1,1,42439347,T,B,0,79.000000000,193,0,11416,56020639,78.500000000,79.000000000,90,238,4,1,ESU6 P6000
2026-04-20T11:32:56.224192031Z,2026-04-20T11:32:56.200434931Z,1,1,42439347,T,B,0,79.000000000,1,0,11412,56020641,78.500000000,79.000000000,90,45,4,1,ESU6 P6000
2026-04-20T11:32:56.224201606Z,2026-04-20T11:32:56.200435109Z,1,1,42439347,T,B,0,79.000000000,1,0,12399,56020642,78.500000000,79.000000000,90,44,4,1,ESU6 P6000
2026-04-20T11:32:56.229883191Z,2026-04-20T11:32:56.224295365Z,1,1,42439347,T,B,0,79.000000000,43,0,11722,56020959,78.500000000,79.000000000,86,43,3,1,ESU6 P6000
2026-04-20T11:32:59.923065719Z,2026-04-20T11:32:59.922537841Z,1,1,42458739,T,B,0,35.000000000,10,0,14075,56038998,34.750000000,35.000000000,61,10,1,1,ESU6 P5200
2026-04-20T11:33:15.614029310Z,2026-04-20T11:33:15.605744665Z,1,1,42602509,T,B,0,4.100000000,4,0,17198,56116448,3.950000000,4.100000000,8,4,2,1,ESM6 C7850
2026-04-20T11:34:19.787618566Z,2026-04-20T11:34:19.787330307Z,1,1,42439350,T,A,0,110.000000000,1,0,14025,56544715,110.000000000,110.500000000,280,69,1,5,ESU6 P6300
2026-04-20T11:34:42.862859095Z,2026-04-20T11:34:42.847280281Z,1,1,42439350,T,B,0,110.500000000,31,0,15131,56637626,110.000000000,110.500000000,279,31,1,3,ESU6 P6300
2026-04-20T11:34:42.890483731Z,2026-04-20T11:34:42.862788343Z,1,1,42439350,T,A,0,110.500000000,125,0,13627,56638290,110.500000000,111.000000000,248,33,1,1,ESU6 P6300
2026-04-20T11:34:42.890520612Z,2026-04-20T11:34:42.862789133Z,1,1,42439350,T,A,0,110.500000000,120,0,12824,56638292,110.500000000,111.000000000,123,33,1,1,ESU6 P6300
2026-04-20T11:34:42.890639588Z,2026-04-20T11:34:42.862862763Z,1,1,42439350,T,A,0,110.500000000,3,0,11329,56638295,110.500000000,111.000000000,3,33,1,1,ESU6 P6300
2026-04-20T11:34:45.555990507Z,2026-04-20T11:34:45.555461633Z,1,1,42409666,T,B,0,16.700000000,2,0,13552,56644005,16.500000000,16.700000000,8,7,2,1,ESM6 P5800
2026-04-20T11:34:45.556003774Z,2026-04-20T11:34:45.555493369Z,1,1,42919948,T,A,0,20.000000000,2,0,12604,56644006,20.000000000,20.250000000,4,8,1,2,ESM6 P5925
2026-04-20T11:34:48.683019328Z,2026-04-20T11:34:48.607702813Z,1,1,42409666,T,B,0,16.700000000,5,0,11488,56653569,16.500000000,16.700000000,8,5,2,1,ESM6 P5800
2026-04-20T11:35:55.132541075Z,2026-04-20T11:35:55.122838857Z,1,1,42404367,T,A,0,26.250000000,4,0,16483,56806010,26.250000000,26.500000000,4,115,1,5,ESM6 P6100
2026-04-20T11:36:09.923349833Z,2026-04-20T11:36:09.902588665Z,1,1,42506119,T,A,0,450.000000000,2,0,11555,56870837,450.000000000,452.500000000,2,25,1,2,ESZ6 C7150
2026-04-20T11:36:23.777191864Z,2026-04-20T11:36:23.642714413Z,1,1,42409672,T,B,0,19.500000000,1,0,13052,56946033,19.400000000,19.500000000,22,1,2,1,ESM6 P5900
2026-04-20T11:38:10.701405923Z,2026-04-20T11:38:10.698497031Z,1,1,42429362,T,A,0,215.000000000,1,0,15875,57221030,215.000000000,216.000000000,11,46,2,3,ESU6 P6900
2026-04-20T11:40:14.610511036Z,2026-04-20T11:40:14.605111563Z,1,1,42366510,T,A,0,195.500000000,1,0,14113,57729337,195.500000000,196.000000000,1,18,1,3,ESM6 C7100
2026-04-20T11:40:35.922685695Z,2026-04-20T11:40:35.922218293Z,1,1,2688852,T,B,0,19.500000000,1,0,14240,14910404,15.700000000,19.500000000,8,1,1,1,UD:1V: RR 2688852
2026-04-20T11:43:06.787071886Z,2026-04-20T11:43:06.732477995Z,1,1,42919949,T,A,0,96.250000000,3,0,14781,58137877,96.250000000,96.500000000,3,20,1,2,ESM6 P6825
2026-04-20T11:43:24.248322350Z,2026-04-20T11:43:24.181866721Z,1,1,2693128,T,A,0,10.900000000,4,0,14158,15027484,10.900000000,11.100000000,4,450,1,4,UD:1V: VT 2693128
2026-04-20T11:44:14.233765780Z,2026-04-20T11:44:14.207541437Z,1,1,42506314,T,A,0,33.500000000,4,0,11514,58284120,33.500000000,34.000000000,4,235,1,4,ESU6 P5150
2026-04-20T11:44:17.374547468Z,2026-04-20T11:44:17.362256437Z,1,1,42506314,T,A,0,33.500000000,4,0,13802,58300781,33.500000000,34.000000000,4,235,1,4,ESU6 P5150
2026-04-20T11:44:20.549639075Z,2026-04-20T11:44:20.549248811Z,1,1,42506314,T,A,0,33.500000000,4,0,13163,58310563,33.500000000,34.000000000,4,235,1,4,ESU6 P5150
2026-04-20T11:44:52.590532870Z,2026-04-20T11:44:52.589971169Z,1,1,42384726,T,B,0,11.500000000,1,0,16821,58393289,11.300000000,11.500000000,4,132,1,4,ESM6 P5500
2026-04-20T11:45:26.007787907Z,2026-04-20T11:45:26.007275387Z,1,1,42378449,T,A,0,22.000000000,1,0,13879,58507923,22.000000000,22.500000000,29,68,2,3,ESM6 P6000
2026-04-20T11:46:08.882492244Z,2026-04-20T11:46:08.882010313Z,1,1,42394753,T,A,0,20.500000000,4,0,14591,58703905,20.500000000,20.750000000,8,71,2,3,ESM6 P5950
2026-04-20T11:46:34.924428062Z,2026-04-20T11:46:34.923885491Z,1,1,42867406,T,A,0,51.000000000,3,0,14029,58823059,51.000000000,51.250000000,3,12,1,2,ESM6 C7425
2026-04-20T11:46:35.276830759Z,2026-04-20T11:46:35.268838177Z,1,1,42602509,T,B,0,4.200000000,4,0,19771,58823356,4.050000000,4.200000000,8,4,2,1,ESM6 C7850
2026-04-20T11:46:43.466175358Z,2026-04-20T11:46:43.458039929Z,1,1,42602509,T,B,0,4.200000000,4,0,17637,58846754,4.050000000,4.200000000,8,4,2,1,ESM6 C7850
2026-04-20T11:48:21.455338135Z,2026-04-20T11:48:21.447244415Z,1,1,42836581,T,A,0,23.000000000,4,0,14179,59067531,23.000000000,23.250000000,4,63,1,3,ESM6 P6025
2026-04-20T11:49:09.063582750Z,2026-04-20T11:49:09.059940269Z,1,1,42836583,T,A,0,31.750000000,1,0,13641,59168853,31.750000000,32.000000000,1,90,1,2,ESM6 P6225
2026-04-20T11:49:20.591578467Z,2026-04-20T11:49:20.591200889Z,1,1,42384307,T,B,0,2.700000000,4,0,13036,59188860,2.650000000,2.700000000,4,4,1,1,ESM6 P4000
2026-04-20T11:49:45.983729588Z,2026-04-20T11:49:45.980446755Z,1,1,42836583,T,A,0,31.750000000,1,0,14592,59227797,31.750000000,32.000000000,1,91,1,3,ESM6 P6225
2026-04-20T11:49:52.578521804Z,2026-04-20T11:49:52.570454001Z,1,1,42821844,T,A,0,27.000000000,4,0,15113,59244270,27.000000000,27.250000000,4,119,1,6,ESM6 P6125
2026-04-20T11:50:34.150396798Z,2026-04-20T11:50:34.140760793Z,1,1,42821844,T,A,0,27.000000000,4,0,13391,59348246,27.000000000,27.250000000,4,118,1,6,ESM6 P6125
2026-04-20T11:51:22.947041335Z,2026-04-20T11:51:22.943423115Z,1,1,42384729,T,B,0,3.250000000,4,0,15150,59468168,3.100000000,3.250000000,358,4,4,1,ESM6 C7900
2026-04-20T11:52:01.953339388Z,2026-04-20T11:52:01.945758969Z,1,1,42384729,T,B,0,3.250000000,4,0,16565,59605762,3.100000000,3.250000000,383,4,5,1,ESM6 C7900
2026-04-20T11:52:12.540190593Z,2026-04-20T11:52:12.532133471Z,1,1,42384729,T,B,0,3.250000000,4,0,14835,59626878,3.100000000,3.250000000,358,4,4,1,ESM6 C7900
2026-04-20T11:53:28.519419476Z,2026-04-20T11:53:28.415153641Z,1,1,42919950,T,A,0,159.000000000,14,0,13858,59817074,159.000000000,160.000000000,14,32,3,3,ESM6 P7075
2026-04-20T11:53:28.533662713Z,2026-04-20T11:53:28.415201315Z,1,1,2506619,T,A,0,357.500000000,14,0,19233,15456551,357.500000000,360.000000000,14,10,3,2,UD:1V: ST 2506619
2026-04-20T11:53:28.540372360Z,2026-04-20T11:53:28.415358825Z,1,1,42366510,T,A,0,195.500000000,8,0,12969,59817475,195.500000000,197.000000000,8,27,1,3,ESM6 C7100
2026-04-20T11:53:28.548224212Z,2026-04-20T11:53:28.415407897Z,1,1,42435330,T,A,0,228.000000000,1,0,17257,59817564,228.000000000,229.500000000,1,8,1,3,ESM6 C7050
2026-04-20T11:53:28.553018126Z,2026-04-20T11:53:28.415278783Z,1,1,2501912,T,A,0,363.500000000,4,0,11692,15456912,363.500000000,366.500000000,10,10,2,2,UD:1V: ST 2501912
2026-04-20T11:53:28.578678680Z,2026-04-20T11:53:28.448619083Z,1,1,42384724,T,B,0,138.000000000,8,0,11264,59818521,137.500000000,138.000000000,42,2,4,1,ESM6 C7200
2026-04-20T11:53:28.621835168Z,2026-04-20T11:53:28.519392089Z,1,1,42919950,T,B,0,159.000000000,21,0,14625,59819575,158.500000000,159.000000000,42,7,2,1,ESM6 P7075
2026-04-20T11:54:25.288652296Z,2026-04-20T11:54:25.288101745Z,1,1,42404374,T,A,0,135.000000000,1,0,17099,59971713,135.000000000,135.500000000,8,1,1,1,ESM6 P7000
2026-04-20T11:55:41.039570699Z,2026-04-20T11:55:41.038307877Z,1,1,2508387,T,B,0,5.700000000,10,0,13029,15541092,5.100000000,5.700000000,15,10,2,1,UD:1V: 13 2508387
2026-04-20T11:56:55.000376596Z,2026-04-20T11:56:54.999805793Z,1,1,42366523,T,A,0,167.500000000,5,0,17653,60339985,167.500000000,168.000000000,5,33,1,5,ESM6 P7100
2026-04-20T11:59:28.025554665Z,2026-04-20T11:59:27.876716417Z,1,1,42396832,T,A,0,160.500000000,4,0,16682,60645498,160.500000000,161.500000000,12,31,2,2,ESU6 P6650
2026-04-20T12:00:54.917936868Z,2026-04-20T12:00:54.917397833Z,1,1,2687543,T,A,0,25.000000000,1,0,14237,15730379,25.000000000,25.250000000,4,368,1,5,UD:1V: VT 2687543
2026-04-20T12:01:18.123951070Z,2026-04-20T12:01:18.123427537Z,1,1,42378449,T,B,0,22.250000000,2,0,14153,60938163,21.750000000,22.250000000,34,174,3,6,ESM6 P6000
2026-04-20T12:02:05.780637462Z,2026-04-20T12:02:05.780097617Z,1,1,556864,T,B,0,12.900000000,1,0,13658,61058730,12.600000000,12.900000000,164,1,1,1,ESZ7 P2000
2026-04-20T12:02:07.769701084Z,2026-04-20T12:02:07.728429681Z,1,1,42378547,T,A,0,48.750000000,4,0,13682,61068116,48.750000000,49.250000000,4,134,1,4,ESU6 P5550
2026-04-20T12:02:36.523473137Z,2026-04-20T12:02:36.517252469Z,1,1,42378547,T,A,0,48.750000000,4,0,13497,61145996,48.750000000,49.250000000,4,134,1,4,ESU6 P5550
2026-04-20T12:03:58.140699849Z,2026-04-20T12:03:58.140084569Z,1,1,2508595,T,A,0,7.900000000,1,0,13266,15887488,7.900000000,8.200000000,329,510,1,2,UD:1V: VT 2508595
2026-04-20T12:05:13.805900945Z,2026-04-20T12:05:13.805348193Z,1,1,42394619,T,B,0,3.600000000,25,0,13201,61868806,3.550000000,3.600000000,201,25,4,1,ESM6 P4350
2026-04-20T12:06:59.896486276Z,2026-04-20T12:06:59.758762335Z,1,1,42372969,T,A,0,264.000000000,1,0,11523,62240981,264.000000000,265.000000000,1,9,1,4,ESM6 C7000
2026-04-20T12:07:21.895819291Z,2026-04-20T12:07:21.878831707Z,1,1,42409672,T,A,0,19.000000000,2,0,14128,62317070,19.000000000,19.100000000,2,145,1,6,ESM6 P5900
2026-04-20T12:10:28.919386681Z,2026-04-20T12:10:28.918787459Z,1,1,42404325,T,A,0,2.200000000,1,0,14137,62829838,2.200000000,2.350000000,1,605,1,8,ESM6 P3800
2026-04-20T12:20:18.411305055Z,2026-04-20T12:20:18.410348925Z,1,1,42394733,T,A,0,9.000000000,5,0,13640,64576056,9.000000000,9.100000000,5,147,1,4,ESM6 P5300
2026-04-20T12:21:04.235610155Z,2026-04-20T12:21:04.234884337Z,1,1,2502954,T,A,0,151.500000000,11,0,13456,16905241,151.500000000,154.000000000,11,6,1,1,UD:1V: GN 2502954
2026-04-20T12:21:41.206344654Z,2026-04-20T12:21:41.195359089Z,1,1,2502954,T,A,0,151.500000000,58,0,13997,16956741,151.500000000,153.000000000,58,22,1,1,UD:1V: GN 2502954
2026-04-20T12:22:13.428393958Z,2026-04-20T12:22:13.427786059Z,1,1,2502954,T,A,0,151.500000000,60,0,16677,17008603,151.500000000,153.000000000,60,22,1,1,UD:1V: GN 2502954
2026-04-20T12:22:32.249195140Z,2026-04-20T12:22:32.248682483Z,1,1,2502954,T,A,0,151.500000000,100,0,14482,17022021,151.500000000,153.000000000,100,22,1,1,UD:1V: GN 2502954
2026-04-20T12:23:14.122718751Z,2026-04-20T12:23:14.102868251Z,1,1,2693512,T,A,0,12.300000000,4,0,15534,17059726,12.300000000,12.800000000,4,865,1,6,UD:1V: VT 2693512
2026-04-20T12:23:43.890127939Z,2026-04-20T12:23:43.889422271Z,1,1,42409658,T,B,0,12.000000000,4,0,13855,65233425,11.800000000,12.000000000,145,4,4,1,ESM6 P5550
2026-04-20T12:24:59.710958830Z,2026-04-20T12:24:59.687159729Z,1,1,42409672,T,A,0,18.900000000,10,0,15280,65444391,18.900000000,19.100000000,10,154,1,6,ESM6 P5900
2026-04-20T12:25:12.916961704Z,2026-04-20T12:25:12.916391037Z,1,1,42409672,T,A,0,19.000000000,10,0,13359,65476395,19.000000000,19.100000000,10,134,1,5,ESM6 P5900
2026-04-20T12:27:04.607481971Z,2026-04-20T12:27:04.606251373Z,1,1,42366510,T,B,0,196.000000000,1,0,13827,65655981,195.500000000,196.000000000,25,1,7,1,ESM6 C7100
2026-04-20T12:30:08.510935588Z,2026-04-20T12:30:08.482390983Z,1,1,42404367,T,A,0,25.500000000,10,0,12097,66018690,25.500000000,26.000000000,10,215,1,7,ESM6 P6100
2026-04-20T12:30:31.023201051Z,2026-04-20T12:30:31.020903175Z,1,1,42627610,T,B,0,13.800000000,1,0,11999,66090732,13.400000000,13.800000000,111,29,6,4,ESM6 C7650
2026-04-20T12:30:34.136474708Z,2026-04-20T12:30:34.063474501Z,1,1,42627610,T,B,0,13.800000000,1,0,11666,66098800,13.400000000,13.800000000,90,15,5,3,ESM6 C7650
2026-04-20T12:30:45.158681311Z,2026-04-20T12:30:45.158080795Z,1,1,42409666,T,A,0,16.400000000,1,0,13882,66147122,16.400000000,16.600000000,10,318,1,7,ESM6 P5800
2026-04-20T12:31:09.078026167Z,2026-04-20T12:31:09.072971187Z,1,1,42378449,T,A,0,21.750000000,10,0,11455,66229508,21.750000000,22.000000000,10,98,1,6,ESM6 P6000
2026-04-20T12:33:50.854075049Z,2026-04-20T12:33:50.685010625Z,1,1,42409666,T,A,0,16.400000000,9,0,14613,66780767,16.400000000,16.600000000,9,304,1,7,ESM6 P5800
2026-04-20T12:34:48.513458990Z,2026-04-20T12:34:48.512951315Z,1,1,42372969,T,A,0,265.000000000,2,0,14325,66901980,265.000000000,266.500000000,17,6,6,3,ESM6 C7000
2026-04-20T12:34:56.755247227Z,2026-04-20T12:34:56.733625739Z,1,1,42836584,T,A,0,140.000000000,1,0,11243,66906449,140.000000000,140.500000000,1,30,1,5,ESM6 P7025
2026-04-20T12:36:00.503887703Z,2026-04-20T12:36:00.404817181Z,1,1,42627610,T,B,0,13.900000000,1,0,11357,67085267,13.400000000,13.900000000,104,29,6,4,ESM6 C7650
2026-04-20T12:36:09.327469906Z,2026-04-20T12:36:09.327076259Z,1,1,42399706,T,A,0,73.000000000,3,0,12655,67109579,73.000000000,73.250000000,3,48,1,6,ESM6 P6700
2026-04-20T12:36:11.293349803Z,2026-04-20T12:36:11.290676819Z,1,1,42940284,T,B,0,6.500000000,25,0,17261,67114433,6.200000000,6.500000000,50,39,4,3,ESM6 C7775
2026-04-20T12:36:24.163487907Z,2026-04-20T12:36:24.160473371Z,1,1,42627610,T,B,0,13.900000000,1,0,14404,67155240,13.400000000,13.900000000,104,29,6,4,ESM6 C7650
2026-04-20T12:37:02.888098620Z,2026-04-20T12:37:02.776437189Z,1,1,2502786,T,B,0,41.250000000,4,0,12025,17752874,41.000000000,41.250000000,105,4,3,1,UD:1V: VT 2502786
2026-04-20T12:37:06.048774940Z,2026-04-20T12:37:06.048169807Z,1,1,2502786,T,B,0,41.250000000,4,0,14057,17757443,41.000000000,41.250000000,293,4,5,1,UD:1V: VT 2502786
2026-04-20T12:37:58.761716382Z,2026-04-20T12:37:58.672326357Z,1,1,2607680,T,A,0,58.000000000,2,0,12991,17807046,58.000000000,58.250000000,4,111,1,3,UD:1V: VT 2607680
2026-04-20T12:38:02.681253338Z,2026-04-20T12:38:02.680467061Z,1,1,2607680,T,A,0,58.000000000,2,0,17679,17814832,58.000000000,58.250000000,2,287,1,5,UD:1V: VT 2607680
2026-04-20T12:38:03.165572191Z,2026-04-20T12:38:03.131046953Z,1,1,2502786,T,B,0,41.500000000,4,0,11245,17815561,41.250000000,41.500000000,105,4,3,1,UD:1V: VT 2502786
2026-04-20T12:38:21.096177030Z,2026-04-20T12:38:21.095649687Z,1,1,42378346,T,A,0,33.750000000,50,0,13538,67521909,33.750000000,34.000000000,50,15,1,4,ESM6 C7500
2026-04-20T12:38:24.065315342Z,2026-04-20T12:38:24.064787497Z,1,1,42378346,T,A,0,33.750000000,50,0,14031,67530062,33.750000000,34.000000000,50,15,1,4,ESM6 C7500
2026-04-20T12:39:22.406089825Z,2026-04-20T12:39:22.401408723Z,1,1,42378592,T,A,0,50.000000000,2,0,17851,67698477,50.000000000,50.500000000,134,6,8,2,ESM6 P6500
2026-04-20T12:39:36.214548100Z,2026-04-20T12:39:36.202601621Z,1,1,42378450,T,A,0,27.500000000,6,0,13995,67725134,27.500000000,27.750000000,6,91,1,4,ESM6 P6150
2026-04-20T12:39:38.607930592Z,2026-04-20T12:39:38.607381867Z,1,1,42378450,T,A,0,27.500000000,6,0,14596,67728525,27.500000000,27.750000000,6,151,1,5,ESM6 P6150
2026-04-20T12:39:44.341416344Z,2026-04-20T12:39:44.340815991Z,1,1,42366460,T,A,0,3.400000000,6,0,14756,67739808,3.400000000,3.500000000,6,364,1,5,ESM6 P4250
2026-04-20T12:39:53.683168679Z,2026-04-20T12:39:53.682583879Z,1,1,42378450,T,A,0,27.500000000,6,0,15126,67763493,27.500000000,27.750000000,6,151,1,5,ESM6 P6150
2026-04-20T12:39:54.377891433Z,2026-04-20T12:39:54.377321617Z,1,1,42366460,T,A,0,3.400000000,6,0,14395,67764720,3.400000000,3.500000000,6,364,1,5,ESM6 P4250
2026-04-20T12:40:08.103822027Z,2026-04-20T12:40:08.103061923Z,1,1,42836577,T,A,0,440.000000000,3,0,15014,67824348,440.000000000,441.000000000,3,1,1,1,ESM6 C6775
2026-04-20T12:40:08.896800148Z,2026-04-20T12:40:08.896098739Z,1,1,42836577,T,A,0,440.000000000,3,0,17194,67826248,440.000000000,441.000000000,3,1,1,1,ESM6 C6775
2026-04-20T12:40:09.429758134Z,2026-04-20T12:40:09.428180229Z,1,1,42366460,T,A,0,3.400000000,3,0,14228,67828212,3.400000000,3.500000000,3,406,1,5,ESM6 P4250
2026-04-20T12:40:15.818025943Z,2026-04-20T12:40:15.817159919Z,1,1,42836577,T,A,0,440.000000000,3,0,14061,67839056,440.000000000,441.000000000,3,1,1,1,ESM6 C6775
2026-04-20T12:40:18.164483543Z,2026-04-20T12:40:18.162593375Z,1,1,42836577,T,A,0,440.000000000,3,0,14201,67843124,440.000000000,441.000000000,3,1,1,1,ESM6 C6775
2026-04-20T12:40:18.696915678Z,2026-04-20T12:40:18.695184557Z,1,1,42378541,T,A,0,35.250000000,3,0,19463,67844524,35.250000000,35.750000000,3,164,1,7,ESM6 P6300
2026-04-20T12:40:23.483621919Z,2026-04-20T12:40:23.482235251Z,1,1,42378541,T,A,0,35.250000000,3,0,14194,67852266,35.250000000,35.750000000,3,164,1,7,ESM6 P6300
2026-04-20T12:40:26.890174960Z,2026-04-20T12:40:26.871152625Z,1,1,42372953,T,A,0,339.500000000,3,0,14295,67859814,339.500000000,340.000000000,3,10,1,3,ESM6 C6900
2026-04-20T12:40:31.048726967Z,2026-04-20T12:40:31.046318841Z,1,1,42378541,T,A,0,35.250000000,3,0,14291,67874802,35.250000000,35.500000000,3,2,1,1,ESM6 P6300
2026-04-20T12:40:33.815697380Z,2026-04-20T12:40:33.810433129Z,1,1,42378541,T,A,0,35.250000000,3,0,14100,67880771,35.250000000,35.500000000,3,8,1,3,ESM6 P6300
2026-04-20T12:40:42.103623777Z,2026-04-20T12:40:42.065105641Z,1,1,42426302,T,A,0,301.500000000,6,0,13276,67893559,301.500000000,302.000000000,6,5,1,2,ESM6 C6950
2026-04-20T12:40:43.211515924Z,2026-04-20T12:40:43.210912743Z,1,1,2510197,T,A,0,-6.000000000,1,0,13798,17961995,-6.000000000,-5.900000000,10,9,1,1,UD:1V: GN 2510197
2026-04-20T12:40:49.920153651Z,2026-04-20T12:40:49.909683959Z,1,1,42366506,T,A,0,5.100000000,6,0,14324,67915167,5.100000000,5.200000000,6,49,1,3,ESM6 P4700
2026-04-20T12:40:49.920504684Z,2026-04-20T12:40:49.909684139Z,1,1,42429362,T,A,0,211.000000000,1,0,11833,67915178,211.000000000,211.500000000,1,1,1,1,ESU6 P6900
2026-04-20T12:40:50.980220452Z,2026-04-20T12:40:50.978039881Z,1,1,42372969,T,A,0,265.000000000,6,0,16894,67921754,265.000000000,265.500000000,6,5,1,2,ESM6 C7000
2026-04-20T12:40:51.515393862Z,2026-04-20T12:40:51.512495593Z,1,1,42378541,T,A,0,35.250000000,6,0,14158,67923588,35.250000000,35.500000000,6,18,1,4,ESM6 P6300
2026-04-20T12:40:53.347097337Z,2026-04-20T12:40:53.326808625Z,1,1,42396443,T,A,0,379.000000000,6,0,14229,67927404,379.000000000,379.500000000,6,1,1,1,ESM6 C6850
2026-04-20T12:40:54.460037340Z,2026-04-20T12:40:54.457758391Z,1,1,42804677,T,A,0,320.500000000,6,0,14586,67934118,320.500000000,321.000000000,6,5,1,2,ESM6 C6925
2026-04-20T12:40:55.669899783Z,2026-04-20T12:40:55.651438257Z,1,1,42836578,T,A,0,283.000000000,6,0,13759,67935534,283.000000000,283.500000000,6,5,1,2,ESM6 C6975
2026-04-20T12:40:56.316351499Z,2026-04-20T12:40:56.309910149Z,1,1,42396443,T,A,0,379.000000000,6,0,14310,67938734,379.000000000,379.500000000,6,1,1,1,ESM6 C6850
2026-04-20T12:40:56.364519164Z,2026-04-20T12:40:56.363955425Z,1,1,2510197,T,A,0,-6.000000000,9,0,13355,17974073,-6.000000000,-5.900000000,9,9,1,1,UD:1V: GN 2510197
2026-04-20T12:40:57.360114008Z,2026-04-20T12:40:57.358508357Z,1,1,42378541,T,A,0,35.250000000,6,0,15000,67941827,35.250000000,35.500000000,6,18,1,4,ESM6 P6300
2026-04-20T12:41:00.868565777Z,2026-04-20T12:41:00.814767355Z,1,1,42372953,T,B,0,340.000000000,5,0,14546,67954472,339.500000000,340.000000000,7,5,2,1,ESM6 C6900
2026-04-20T12:41:09.051413732Z,2026-04-20T12:41:09.049881553Z,1,1,42378541,T,A,0,35.250000000,7,0,11918,67979102,35.250000000,35.500000000,7,6,1,2,ESM6 P6300
2026-04-20T12:41:10.435450219Z,2026-04-20T12:41:10.434441599Z,1,1,42760596,T,A,0,359.500000000,3,0,11909,67981904,359.500000000,360.000000000,7,5,1,2,ESM6 C6875
2026-04-20T12:41:13.370603385Z,2026-04-20T12:41:13.369889117Z,1,1,42372949,T,A,0,420.000000000,7,0,13937,67986560,420.000000000,421.000000000,7,2,1,2,ESM6 C6800
2026-04-20T12:41:18.964774638Z,2026-04-20T12:41:18.942551671Z,1,1,42836577,T,A,0,440.500000000,7,0,11392,67993806,440.500000000,441.500000000,7,1,1,1,ESM6 C6775
2026-04-20T12:41:19.523500171Z,2026-04-20T12:41:19.522490605Z,1,1,42836577,T,A,0,440.500000000,5,0,13289,67996569,440.500000000,441.500000000,7,1,1,1,ESM6 C6775
2026-04-20T12:41:54.005706974Z,2026-04-20T12:41:54.003876863Z,1,1,42396443,T,A,0,380.000000000,7,0,13414,68060638,380.000000000,380.500000000,7,1,1,1,ESM6 C6850
2026-04-20T12:41:54.543730814Z,2026-04-20T12:41:54.543157481Z,1,1,42396443,T,A,0,380.000000000,1,0,13585,68062306,380.000000000,380.500000000,7,1,1,1,ESM6 C6850
2026-04-20T12:41:54.543755542Z,2026-04-20T12:41:54.543157661Z,1,1,42396443,T,A,0,380.000000000,1,0,13572,68062307,380.000000000,380.500000000,6,1,1,1,ESM6 C6850
2026-04-20T12:41:54.553508614Z,2026-04-20T12:41:54.553241467Z,1,1,42396443,T,A,0,380.000000000,2,0,14730,68062467,380.000000000,380.500000000,5,1,1,1,ESM6 C6850
2026-04-20T12:41:54.654352660Z,2026-04-20T12:41:54.653805105Z,1,1,42396443,T,A,0,380.000000000,3,0,13091,68062561,380.000000000,380.500000000,3,1,1,1,ESM6 C6850
2026-04-20T12:41:55.186856156Z,2026-04-20T12:41:55.185626699Z,1,1,42366460,T,A,0,3.400000000,7,0,14900,68064036,3.400000000,3.500000000,7,392,1,4,ESM6 P4250
2026-04-20T12:41:55.719676721Z,2026-04-20T12:41:55.719003621Z,1,1,42783705,T,A,0,33.750000000,7,0,13217,68064855,33.750000000,34.250000000,7,165,1,6,ESM6 P6275
2026-04-20T12:41:59.497022642Z,2026-04-20T12:41:59.447938195Z,1,1,42919944,T,A,0,400.000000000,7,0,11204,68069936,400.000000000,401.000000000,7,1,1,1,ESM6 C6825
2026-04-20T12:41:59.998222560Z,2026-04-20T12:41:59.997630279Z,1,1,42396443,T,A,0,379.500000000,7,0,15582,68079027,379.500000000,381.000000000,7,8,1,2,ESM6 C6850
2026-04-20T12:42:00.531409219Z,2026-04-20T12:42:00.529871261Z,1,1,42394619,T,A,0,3.750000000,7,0,12704,68080163,3.750000000,3.850000000,7,345,1,4,ESM6 P4350
2026-04-20T12:42:01.076106089Z,2026-04-20T12:42:01.075475081Z,1,1,42396443,T,A,0,379.500000000,7,0,13331,68082777,379.500000000,381.000000000,7,8,1,2,ESM6 C6850
2026-04-20T12:42:01.608910665Z,2026-04-20T12:42:01.607892425Z,1,1,42384779,T,A,0,60.500000000,7,0,13974,68084101,60.500000000,60.750000000,7,65,1,3,ESM6 P6600
2026-04-20T12:42:03.449444161Z,2026-04-20T12:42:03.448198597Z,1,1,42384307,T,A,0,2.650000000,7,0,14523,68088444,2.650000000,2.800000000,7,366,1,5,ESM6 P4000
2026-04-20T12:42:03.982531462Z,2026-04-20T12:42:03.981207869Z,1,1,42394619,T,A,0,3.750000000,7,0,14544,68089472,3.750000000,3.850000000,7,345,1,4,ESM6 P4350
2026-04-20T12:42:04.537947659Z,2026-04-20T12:42:04.536750481Z,1,1,42372949,T,A,0,420.000000000,7,0,16739,68090824,420.000000000,421.500000000,7,8,1,2,ESM6 C6800
2026-04-20T12:42:05.504922505Z,2026-04-20T12:42:05.504305667Z,1,1,42394619,T,A,0,3.750000000,7,0,14169,68098877,3.750000000,3.850000000,7,345,1,4,ESM6 P4350
2026-04-20T12:42:06.900470980Z,2026-04-20T12:42:06.898949199Z,1,1,42372949,T,A,0,420.000000000,7,0,14567,68100568,420.000000000,420.500000000,7,1,1,1,ESM6 C6800
2026-04-20T12:42:07.660517300Z,2026-04-20T12:42:07.619747185Z,1,1,42836577,T,A,0,440.500000000,7,0,14481,68107319,440.500000000,442.000000000,7,11,1,3,ESM6 C6775
2026-04-20T12:42:08.529054350Z,2026-04-20T12:42:08.527961583Z,1,1,42836577,T,A,0,440.500000000,3,0,14721,68109925,440.500000000,442.000000000,3,11,1,3,ESM6 C6775
2026-04-20T12:42:10.834717832Z,2026-04-20T12:42:10.833559371Z,1,1,42919944,T,A,0,399.500000000,3,0,14159,68115318,399.500000000,400.000000000,3,1,1,1,ESM6 C6825
2026-04-20T12:42:11.615545892Z,2026-04-20T12:42:11.612840263Z,1,1,42919944,T,A,0,399.500000000,3,0,13926,68116721,399.500000000,400.000000000,3,1,1,1,ESM6 C6825
2026-04-20T12:42:12.855017897Z,2026-04-20T12:42:12.852929297Z,1,1,42919944,T,A,0,399.500000000,3,0,14422,68118431,399.500000000,400.000000000,3,1,1,1,ESM6 C6825
2026-04-20T12:42:13.555785037Z,2026-04-20T12:42:13.555033347Z,1,1,42396443,T,A,0,379.500000000,3,0,13830,68124582,379.500000000,380.500000000,3,1,1,1,ESM6 C6850
2026-04-20T12:42:16.539792767Z,2026-04-20T12:42:16.538894479Z,1,1,42836577,T,A,0,441.000000000,3,0,13161,68132444,441.000000000,442.000000000,3,1,1,1,ESM6 C6775
2026-04-20T12:42:59.241538369Z,2026-04-20T12:42:59.230714175Z,1,1,42409672,T,B,0,18.800000000,9,0,12792,68222229,18.500000000,18.800000000,8,10,2,1,ESM6 P5900
2026-04-20T12:43:24.748754057Z,2026-04-20T12:43:24.748423107Z,1,1,42372981,T,A,0,2.150000000,30,0,13942,68300015,2.150000000,2.300000000,30,255,1,4,ESM6 C8000
2026-04-20T12:43:25.092126780Z,2026-04-20T12:43:25.053296495Z,1,1,42372981,T,B,0,2.200000000,14,0,13323,68300877,1.950000000,2.200000000,58,65,4,4,ESM6 C8000
2026-04-20T12:43:30.829484673Z,2026-04-20T12:43:30.828420015Z,1,1,4112776,T,A,0,450.000000000,1,0,11321,68333210,450.000000000,450.500000000,1,24,1,1,ESZ7 P6800
2026-04-20T12:43:46.336729895Z,2026-04-20T12:43:46.336225385Z,1,1,42378346,T,A,0,33.750000000,1,0,13158,68376243,33.750000000,34.250000000,4,12,2,3,ESM6 C7500
2026-04-20T12:43:54.059548435Z,2026-04-20T12:43:54.038414283Z,1,1,42458390,T,A,0,167.500000000,16,0,19613,68389686,167.500000000,168.500000000,16,31,2,2,ESU6 P6700
2026-04-20T12:43:54.220245209Z,2026-04-20T12:43:54.040811233Z,1,1,42384779,T,A,0,60.000000000,5,0,11901,68392751,60.000000000,60.250000000,5,68,1,3,ESM6 P6600
2026-04-20T12:43:59.424265174Z,2026-04-20T12:43:59.409311077Z,1,1,42366523,T,A,0,163.500000000,1,0,24027,68420551,163.500000000,164.500000000,1,36,1,6,ESM6 P7100
2026-04-20T12:45:04.399515041Z,2026-04-20T12:45:03.457929063Z,1,1,42404374,T,A,0,131.500000000,1,0,14365,68570962,131.500000000,132.000000000,1,5,1,1,ESM6 P7000
2026-04-20T12:45:04.798657201Z,2026-04-20T12:45:04.149536527Z,1,1,2687543,T,A,0,24.500000000,1,0,14013,18179721,24.500000000,24.750000000,4,507,1,6,UD:1V: VT 2687543
2026-04-20T12:45:13.040684373Z,2026-04-20T12:45:13.040107043Z,1,1,2510443,T,B,0,29.500000000,50,0,13669,18191020,29.250000000,29.500000000,232,50,3,1,UD:1V:CFO 2510443
2026-04-20T12:45:18.665894097Z,2026-04-20T12:45:18.664483177Z,1,1,42506298,T,B,0,236.000000000,1,0,14290,68628140,235.000000000,236.000000000,56,1,5,1,ESU6 P7000
2026-04-20T12:46:57.060229529Z,2026-04-20T12:46:57.048843987Z,1,1,42378346,T,B,0,34.000000000,1,0,14256,68912960,33.750000000,34.000000000,7,5,3,2,ESM6 C7500
2026-04-20T12:47:16.607059276Z,2026-04-20T12:47:16.586705133Z,1,1,42572477,T,B,0,7.500000000,1,0,11477,69021838,7.200000000,7.500000000,81,40,5,4,ESM6 C7750
2026-04-20T12:47:20.304118328Z,2026-04-20T12:47:20.303730703Z,1,1,42372981,T,A,0,2.200000000,30,0,13748,69034223,2.200000000,2.250000000,30,47,1,4,ESM6 C8000
2026-04-20T12:47:27.831539954Z,2026-04-20T12:47:27.823359615Z,1,1,42372981,T,B,0,2.200000000,37,0,13757,69055583,2.000000000,2.200000000,30,37,3,3,ESM6 C8000
2026-04-20T12:47:27.848658741Z,2026-04-20T12:47:27.831543603Z,1,1,42372981,T,A,0,2.200000000,13,0,13226,69055902,2.200000000,2.250000000,13,18,1,1,ESM6 C8000
2026-04-20T12:48:02.794893991Z,2026-04-20T12:48:02.779520411Z,1,1,42372953,T,A,0,341.500000000,5,0,15817,69166818,341.500000000,343.000000000,10,6,4,3,ESM6 C6900
2026-04-20T12:48:08.272165476Z,2026-04-20T12:48:08.271237729Z,1,1,2619702,T,B,0,31.250000000,4,0,14488,18379766,31.000000000,31.250000000,76,4,2,1,UD:1V: VT 2619702
2026-04-20T12:48:09.311483102Z,2026-04-20T12:48:09.292406405Z,1,1,42372983,T,A,0,23.000000000,10,0,12081,69205735,23.000000000,23.500000000,10,323,1,7,ESM6 P6050
2026-04-20T12:48:51.599581396Z,2026-04-20T12:48:51.599262819Z,1,1,42439343,T,A,0,45.750000000,4,0,15259,69311805,45.750000000,46.250000000,4,330,1,6,ESU6 P5500
2026-04-20T12:48:55.229486950Z,2026-04-20T12:48:55.229003155Z,1,1,42439383,T,B,0,293.000000000,20,0,16955,69316791,292.500000000,293.000000000,11,20,3,1,ESU6 C7200
2026-04-20T12:49:42.621925259Z,2026-04-20T12:49:42.616685503Z,1,1,2509403,T,A,0,23.250000000,50,0,13504,18438695,23.250000000,23.500000000,120,263,2,5,UD:1V: VT 2509403
2026-04-20T12:50:03.563790598Z,2026-04-20T12:50:03.563323269Z,1,1,42836584,T,B,0,137.000000000,1,0,13729,69468087,136.500000000,137.000000000,62,1,6,1,ESM6 P7025
2026-04-20T12:50:27.148229489Z,2026-04-20T12:50:27.125436639Z,1,1,42378592,T,A,0,49.000000000,1,0,15377,69553004,49.000000000,49.500000000,1,114,1,6,ESM6 P6500
2026-04-20T12:50:27.258759603Z,2026-04-20T12:50:27.189841387Z,1,1,4112776,T,A,0,448.000000000,1,0,13933,69555373,448.000000000,449.500000000,1,24,1,1,ESZ7 P6800
2026-04-20T12:50:27.325102473Z,2026-04-20T12:50:27.216837867Z,1,1,42404367,T,A,0,24.750000000,12,0,15611,69556853,24.750000000,25.250000000,15,443,1,9,ESM6 P6100
2026-04-20T12:50:27.549325742Z,2026-04-20T12:50:27.401940173Z,1,1,42506298,T,A,0,234.000000000,1,0,11215,69561691,234.000000000,235.000000000,5,4,2,1,ESU6 P7000
2026-04-20T12:50:27.630388913Z,2026-04-20T12:50:27.406588733Z,1,1,42212203,T,B,0,116.500000000,12,0,11266,69563429,115.500000000,116.500000000,51,12,4,2,ESM6 C7250
2026-04-20T12:50:27.648139503Z,2026-04-20T12:50:27.406592551Z,1,1,42506298,T,A,0,234.000000000,1,0,11712,69563769,234.000000000,236.500000000,1,9,1,1,ESU6 P7000
2026-04-20T12:50:27.668778467Z,2026-04-20T12:50:27.406603099Z,1,1,2501872,T,B,0,22.250000000,4,0,14064,18488044,22.000000000,22.250000000,720,4,5,1,UD:1V: VT 2501872
2026-04-20T12:50:29.832371803Z,2026-04-20T12:50:29.831880889Z,1,1,42404367,T,A,0,24.750000000,3,0,14338,69588503,24.750000000,25.000000000,3,141,1,4,ESM6 P6100
2026-04-20T12:51:02.586691966Z,2026-04-20T12:51:02.499028149Z,1,1,42611781,T,B,0,25.750000000,5,0,11926,69735719,25.500000000,25.750000000,4,5,2,1,ESM6 C7550
2026-04-20T12:51:02.849427376Z,2026-04-20T12:51:02.633590279Z,1,1,42378592,T,A,0,48.500000000,1,0,14649,69741073,48.500000000,49.250000000,7,75,2,6,ESM6 P6500
2026-04-20T12:51:08.799461886Z,2026-04-20T12:51:08.798649775Z,1,1,42366523,T,A,0,160.500000000,3,0,13592,69767449,160.500000000,161.000000000,3,45,1,7,ESM6 P7100
2026-04-20T12:51:20.892959414Z,2026-04-20T12:51:20.892354067Z,1,1,2509550,T,B,0,61.250000000,1,0,14164,18570888,60.250000000,61.250000000,5,205,2,5,UD:1V: GN 2509550
2026-04-20T12:51:46.662860099Z,2026-04-20T12:51:46.662544861Z,1,1,42372981,T,A,0,2.250000000,1,0,14244,69907469,2.250000000,2.350000000,500,402,1,6,ESM6 C8000
2026-04-20T12:51:49.948023523Z,2026-04-20T12:51:49.947513037Z,1,1,42372981,T,A,0,2.300000000,1,0,14754,69924782,2.300000000,2.350000000,499,402,1,6,ESM6 C8000
2026-04-20T12:51:49.948042857Z,2026-04-20T12:51:49.947513211Z,1,1,42372981,T,A,0,2.300000000,1,0,14997,69924783,2.300000000,2.350000000,498,402,1,6,ESM6 C8000
2026-04-20T12:52:03.963696972Z,2026-04-20T12:52:03.943999325Z,1,1,42372981,T,A,0,2.250000000,1,0,14392,69970195,2.250000000,2.350000000,44,402,1,6,ESM6 C8000
2026-04-20T12:52:08.181613535Z,2026-04-20T12:52:08.181247931Z,1,1,42372981,T,A,0,2.300000000,43,0,13011,69979040,2.300000000,2.350000000,43,213,1,5,ESM6 C8000
2026-04-20T12:52:08.181648958Z,2026-04-20T12:52:08.181248541Z,1,1,42372981,T,A,0,2.300000000,43,0,12529,69979041,2.300000000,2.350000000,44,213,1,5,ESM6 C8000
2026-04-20T12:52:08.181917820Z,2026-04-20T12:52:08.181248719Z,1,1,42372981,T,A,0,2.300000000,44,0,13814,69979042,2.300000000,2.350000000,1,213,1,5,ESM6 C8000
2026-04-20T12:52:08.182015927Z,2026-04-20T12:52:08.181654609Z,1,1,42372981,T,A,0,2.300000000,26,0,13140,69979044,2.300000000,2.350000000,1,213,1,5,ESM6 C8000
2026-04-20T12:52:09.628012596Z,2026-04-20T12:52:09.627444045Z,1,1,2607680,T,A,0,58.750000000,3,0,14336,18619471,58.750000000,59.000000000,4,286,1,5,UD:1V: VT 2607680
2026-04-20T12:52:14.276774639Z,2026-04-20T12:52:14.276284457Z,1,1,42372981,T,A,0,2.300000000,19,0,14931,69989021,2.300000000,2.350000000,19,213,1,5,ESM6 C8000
2026-04-20T12:52:17.963594590Z,2026-04-20T12:52:17.963118221Z,1,1,42404374,T,A,0,130.000000000,1,0,13858,69993954,130.000000000,130.500000000,1,65,1,7,ESM6 P7000
2026-04-20T12:52:20.448516894Z,2026-04-20T12:52:20.377496495Z,1,1,2693512,T,A,0,12.400000000,4,0,13068,18624185,12.400000000,12.700000000,4,154,1,2,UD:1V: VT 2693512
2026-04-20T12:52:20.635708281Z,2026-04-20T12:52:20.619787089Z,1,1,42853783,T,A,0,83.500000000,1,0,15608,70007821,83.500000000,83.750000000,1,23,1,1,ESM6 C7325
2026-04-20T12:52:23.649322111Z,2026-04-20T12:52:23.648798829Z,1,1,2693512,T,A,0,12.400000000,4,0,16537,18627631,12.400000000,12.700000000,4,154,1,2,UD:1V: VT 2693512
2026-04-20T12:52:26.849174176Z,2026-04-20T12:52:26.848753185Z,1,1,2693512,T,A,0,12.400000000,4,0,13918,18631263,12.400000000,12.700000000,4,154,1,2,UD:1V: VT 2693512
2026-04-20T12:52:30.106882910Z,2026-04-20T12:52:30.106311053Z,1,1,2693512,T,A,0,12.400000000,4,0,13346,18632304,12.400000000,12.700000000,4,154,1,2,UD:1V: VT 2693512
2026-04-20T12:52:33.302858307Z,2026-04-20T12:52:33.302299493Z,1,1,2693512,T,A,0,12.400000000,4,0,14179,18634562,12.400000000,12.700000000,4,344,1,3,UD:1V: VT 2693512
2026-04-20T12:52:37.119152211Z,2026-04-20T12:52:37.115748513Z,1,1,2693512,T,A,0,12.400000000,4,0,13259,18643156,12.400000000,12.700000000,4,344,1,3,UD:1V: VT 2693512
2026-04-20T12:52:41.103139894Z,2026-04-20T12:52:41.076439163Z,1,1,42458390,T,B,0,166.500000000,1,0,16117,70082873,165.500000000,166.500000000,37,1,4,1,ESU6 P6700
2026-04-20T12:52:42.392523515Z,2026-04-20T12:52:42.392161163Z,1,1,42372981,T,A,0,2.300000000,44,0,11379,70096979,2.300000000,2.350000000,44,213,1,5,ESM6 C8000
2026-04-20T12:52:42.392572107Z,2026-04-20T12:52:42.392161569Z,1,1,42372981,T,A,0,2.300000000,44,0,12617,70096980,2.300000000,2.350000000,44,213,1,5,ESM6 C8000
2026-04-20T12:52:42.392600579Z,2026-04-20T12:52:42.392189933Z,1,1,42372981,T,A,0,2.300000000,14,0,12323,70096981,2.300000000,2.350000000,44,213,1,5,ESM6 C8000
2026-04-20T12:52:42.392754785Z,2026-04-20T12:52:42.392566083Z,1,1,42372981,T,A,0,2.300000000,23,0,11500,70096982,2.300000000,2.350000000,30,213,1,5,ESM6 C8000
2026-04-20T12:52:56.363775748Z,2026-04-20T12:52:56.348659147Z,1,1,42377530,T,B,0,186.500000000,1,0,18904,70136045,185.500000000,186.500000000,55,1,5,1,ESU6 P6800
2026-04-20T12:52:58.340816709Z,2026-04-20T12:52:58.330970317Z,1,1,42377530,T,B,0,186.500000000,1,0,16218,70141782,185.500000000,186.500000000,55,1,5,1,ESU6 P6800
2026-04-20T12:52:59.595974910Z,2026-04-20T12:52:59.589144355Z,1,1,42377530,T,B,0,186.500000000,1,0,13622,70144331,185.500000000,186.500000000,55,1,5,1,ESU6 P6800
2026-04-20T12:53:51.447853539Z,2026-04-20T12:53:51.442505959Z,1,1,42404374,T,A,0,130.000000000,2,0,15043,70275997,130.000000000,130.500000000,3,111,2,9,ESM6 P7000
2026-04-20T12:53:51.476615836Z,2026-04-20T12:53:51.448051645Z,1,1,42404374,T,A,0,130.000000000,1,0,13771,70276613,130.000000000,130.500000000,1,111,1,9,ESM6 P7000
2026-04-20T12:53:58.001681075Z,2026-04-20T12:53:57.990408469Z,1,1,42458390,T,B,0,166.500000000,1,0,14169,70293718,166.000000000,166.500000000,33,1,3,1,ESU6 P6700
2026-04-20T12:54:00.650219035Z,2026-04-20T12:54:00.649719581Z,1,1,42423838,T,A,0,450.000000000,1,0,24119,70300404,450.000000000,453.000000000,20,20,1,1,ESM7 P7100
2026-04-20T12:54:25.273692714Z,2026-04-20T12:54:25.261553389Z,1,1,42384726,T,A,0,11.000000000,2,0,14741,70373404,11.000000000,11.200000000,2,303,1,6,ESM6 P5500
2026-04-20T12:55:56.733878937Z,2026-04-20T12:55:56.731274375Z,1,1,42397649,T,B,0,221.500000000,1,0,11353,70599907,221.000000000,221.500000000,15,1,2,1,ESU6 P6950
2026-04-20T12:56:04.858310594Z,2026-04-20T12:56:04.856867695Z,1,1,42372981,T,A,0,2.300000000,13,0,11363,70627950,2.300000000,2.350000000,196,212,1,5,ESM6 C8000
2026-04-20T12:56:04.858580667Z,2026-04-20T12:56:04.857886995Z,1,1,42372981,T,A,0,2.300000000,13,0,11605,70627975,2.300000000,2.350000000,183,212,1,5,ESM6 C8000
2026-04-20T12:56:04.858840198Z,2026-04-20T12:56:04.858626089Z,1,1,42372981,T,A,0,2.300000000,22,0,14255,70627993,2.300000000,2.350000000,170,212,1,5,ESM6 C8000
2026-04-20T12:56:15.239807933Z,2026-04-20T12:56:15.220764065Z,1,1,42458739,T,A,0,34.250000000,4,0,11776,70652399,34.250000000,34.500000000,4,85,1,3,ESU6 P5200
2026-04-20T12:56:15.322898359Z,2026-04-20T12:56:15.322599471Z,1,1,42377432,T,B,0,95.500000000,4,0,14062,70653653,95.250000000,95.500000000,56,4,3,1,ESU6 P6200
2026-04-20T12:56:20.527156367Z,2026-04-20T12:56:20.526618907Z,1,1,42377432,T,B,0,95.500000000,4,0,13940,70664483,95.250000000,95.500000000,95,4,4,1,ESU6 P6200
2026-04-20T12:56:23.380236314Z,2026-04-20T12:56:23.330947553Z,1,1,42506300,T,B,0,183.500000000,1,0,13745,70672661,183.000000000,183.500000000,7,1,2,1,ESU6 C7400
2026-04-20T12:56:23.380257126Z,2026-04-20T12:56:23.330947727Z,1,1,42396832,T,A,0,157.500000000,4,0,12726,70672662,157.500000000,158.000000000,4,31,1,2,ESU6 P6650
2026-04-20T12:59:26.282566914Z,2026-04-20T12:59:25.966083613Z,1,1,42804679,T,A,0,11.900000000,3,0,11913,71089671,11.900000000,12.200000000,3,290,1,5,ESM6 P5575
2026-04-20T13:00:27.832653316Z,2026-04-20T13:00:27.776100775Z,1,1,2690780,T,A,0,27.750000000,50,0,13115,18997638,27.750000000,28.000000000,50,506,1,7,UD:1V: VT 2690780
2026-04-20T13:00:28.464181675Z,2026-04-20T13:00:28.463618407Z,1,1,2511079,T,B,0,304.000000000,220,0,14000,18998581,303.500000000,304.000000000,145,220,6,1,UD:1V:CFO 2511079
2026-04-20T13:00:32.805564083Z,2026-04-20T13:00:32.804954933Z,1,1,42372981,T,A,0,2.300000000,15,0,14030,71303198,2.300000000,2.350000000,148,213,1,5,ESM6 C8000
2026-04-20T13:00:32.805779707Z,2026-04-20T13:00:32.805559939Z,1,1,42372981,T,A,0,2.300000000,15,0,13955,71303200,2.300000000,2.350000000,133,213,1,5,ESM6 C8000
2026-04-20T13:00:32.805818354Z,2026-04-20T13:00:32.805604615Z,1,1,42372981,T,A,0,2.300000000,20,0,12506,71303201,2.300000000,2.350000000,118,213,1,5,ESM6 C8000
2026-04-20T13:00:38.570312581Z,2026-04-20T13:00:38.235344233Z,1,1,2690780,T,A,0,27.500000000,14,0,11554,19010738,27.500000000,28.000000000,50,135,1,4,UD:1V: VT 2690780
2026-04-20T13:00:38.595510153Z,2026-04-20T13:00:38.238034315Z,1,1,2690780,T,A,0,27.500000000,4,0,13895,19010934,27.500000000,28.000000000,36,135,1,4,UD:1V: VT 2690780
2026-04-20T13:00:38.631814135Z,2026-04-20T13:00:38.244114129Z,1,1,2690780,T,A,0,27.500000000,18,0,11893,19011069,27.500000000,28.000000000,32,135,1,4,UD:1V: VT 2690780
2026-04-20T13:00:38.644020321Z,2026-04-20T13:00:38.245458309Z,1,1,2690780,T,A,0,27.500000000,14,0,14229,19011132,27.500000000,28.000000000,14,135,1,4,UD:1V: VT 2690780
2026-04-20T13:00:47.858600035Z,2026-04-20T13:00:47.858095373Z,1,1,42372981,T,A,0,2.300000000,49,0,13402,71368411,2.300000000,2.350000000,98,213,1,5,ESM6 C8000
2026-04-20T13:00:58.768209877Z,2026-04-20T13:00:58.665116715Z,1,1,42404374,T,A,0,129.500000000,1,0,11895,71389693,129.500000000,130.000000000,1,30,1,4,ESM6 P7000
2026-04-20T13:01:15.893170977Z,2026-04-20T13:01:15.892592497Z,1,1,42366461,T,A,0,3.200000000,2,0,16043,71437948,3.200000000,3.350000000,2,714,1,8,ESM6 P4200
2026-04-20T13:02:17.772585905Z,2026-04-20T13:02:17.766651397Z,1,1,42378541,T,B,0,34.500000000,21,0,15251,71601043,33.750000000,34.500000000,164,213,7,7,ESM6 P6300
2026-04-20T13:02:23.889092800Z,2026-04-20T13:02:23.867459115Z,1,1,42439351,T,A,0,133.000000000,25,0,14268,71621089,133.000000000,133.500000000,25,43,1,3,ESU6 P6500
2026-04-20T13:02:42.157379988Z,2026-04-20T13:02:42.156865419Z,1,1,42409672,T,A,0,18.200000000,7,0,14261,71662675,18.200000000,18.500000000,7,166,1,7,ESM6 P5900
2026-04-20T13:03:54.497535794Z,2026-04-20T13:03:54.485938479Z,1,1,42372981,T,A,0,2.300000000,1,0,14417,71811357,2.300000000,2.350000000,49,199,1,4,ESM6 C8000
2026-04-20T13:04:40.464935199Z,2026-04-20T13:04:40.453645103Z,1,1,42487843,T,B,0,180.500000000,9,0,11730,71882096,180.000000000,180.500000000,1,11,1,2,ESM6 P7150
2026-04-20T13:04:40.468000031Z,2026-04-20T13:04:40.453760455Z,1,1,42487843,T,B,0,180.500000000,2,0,11402,71882181,180.000000000,180.500000000,1,2,1,1,ESM6 P7150
2026-04-20T13:04:48.603828122Z,2026-04-20T13:04:48.603183057Z,1,1,2511532,T,B,0,255.500000000,10,0,14251,19169575,254.500000000,255.500000000,36,10,3,1,UD:1V: IB 2511532
2026-04-20T13:05:03.958470842Z,2026-04-20T13:05:03.941998943Z,1,1,42384730,T,A,0,17.000000000,3,0,11947,71938351,17.000000000,17.300000000,3,297,1,7,ESM6 P5850
2026-04-20T13:05:19.831183212Z,2026-04-20T13:05:19.830872319Z,1,1,42378541,T,B,0,34.000000000,21,0,13027,71973760,33.750000000,34.000000000,194,21,6,1,ESM6 P6300
2026-04-20T13:05:35.246127109Z,2026-04-20T13:05:35.160632931Z,1,1,42378346,T,B,0,33.750000000,15,0,12520,72008010,33.500000000,33.750000000,203,15,5,2,ESM6 C7500
2026-04-20T13:05:35.249092951Z,2026-04-20T13:05:35.160634905Z,1,1,42394740,T,A,0,8.000000000,15,0,13757,72008093,8.000000000,8.200000000,15,703,1,9,ESM6 P5200
2026-04-20T13:05:48.451330823Z,2026-04-20T13:05:48.443713333Z,1,1,42572477,T,B,0,7.400000000,6,0,13527,72032022,7.200000000,7.400000000,66,6,4,2,ESM6 C7750
2026-04-20T13:05:48.466689025Z,2026-04-20T13:05:48.451334735Z,1,1,42572477,T,A,0,7.400000000,10,0,11110,72032320,7.400000000,7.500000000,25,278,1,5,ESM6 C7750
2026-04-20T13:06:08.542569632Z,2026-04-20T13:06:08.542032577Z,1,1,42404374,T,A,0,129.000000000,1,0,13422,72086594,129.000000000,129.500000000,1,101,1,6,ESM6 P7000
2026-04-20T13:06:16.706943118Z,2026-04-20T13:06:16.706408069Z,1,1,42366523,T,B,0,160.500000000,4,0,15220,72109550,160.000000000,160.500000000,54,11,4,2,ESM6 P7100
2026-04-20T13:06:16.715147035Z,2026-04-20T13:06:16.706628915Z,1,1,42366523,T,B,0,160.500000000,5,0,15009,72109648,160.000000000,160.500000000,54,7,4,2,ESM6 P7100
2026-04-20T13:06:16.809442910Z,2026-04-20T13:06:16.725812659Z,1,1,42300184,T,B,0,94.750000000,1,0,11820,72111202,94.250000000,94.750000000,86,5,4,2,ESM6 P6850
2026-04-20T13:06:33.240103070Z,2026-04-20T13:06:33.239556591Z,1,1,42404374,T,B,0,129.000000000,1,0,13524,72157826,128.500000000,129.000000000,55,1,6,1,ESM6 P7000
2026-04-20T13:07:28.948885678Z,2026-04-20T13:07:28.933508301Z,1,1,42366510,T,A,0,198.000000000,1,0,13120,72307415,198.000000000,198.500000000,1,21,1,6,ESM6 C7100
2026-04-20T13:08:31.968168475Z,2026-04-20T13:08:31.884151091Z,1,1,42366511,T,A,0,18.400000000,3,0,12662,72476476,18.400000000,18.700000000,3,40,1,4,ESM6 C7600
2026-04-20T13:08:32.839718950Z,2026-04-20T13:08:32.792893703Z,1,1,42836579,T,B,0,15.400000000,3,0,13744,72481204,15.300000000,15.400000000,109,3,1,1,ESM6 P5775
2026-04-20T13:08:46.640867617Z,2026-04-20T13:08:44.793801571Z,1,1,42397649,T,A,0,219.000000000,1,0,11313,72644744,219.000000000,,1,0,1,0,ESU6 P6950
2026-04-20T13:08:47.124499385Z,2026-04-20T13:08:45.244191443Z,1,1,2503476,T,A,0,110.000000000,10,0,13316,19414994,110.000000000,,10,0,1,0,UD:1V: VT 2503476
2026-04-20T13:08:50.836581087Z,2026-04-20T13:08:50.407971239Z,1,1,42919947,T,A,0,14.100000000,7,0,13958,72702405,14.100000000,14.500000000,8,121,1,2,ESM6 P5725
2026-04-20T13:08:51.443870323Z,2026-04-20T13:08:51.023990479Z,1,1,2510197,T,B,0,-5.300000000,7,0,12113,19443705,-6.000000000,-5.300000000,37,9,1,1,UD:1V: GN 2510197
2026-04-20T13:08:51.533168950Z,2026-04-20T13:08:51.119543229Z,1,1,2510197,T,B,0,-5.300000000,1,0,11205,19444241,-6.000000000,-5.300000000,37,2,1,1,UD:1V: GN 2510197
2026-04-20T13:08:52.639987558Z,2026-04-20T13:08:52.410417369Z,1,1,42378449,T,A,0,20.500000000,6,0,13831,72730943,20.500000000,21.000000000,89,7,1,1,ESM6 P6000
2026-04-20T13:08:54.488437335Z,2026-04-20T13:08:54.208867945Z,1,1,42399655,T,A,0,12.700000000,7,0,14146,72757154,12.700000000,13.100000000,7,136,1,3,ESM6 P5650
2026-04-20T13:08:55.436890978Z,2026-04-20T13:08:55.384616433Z,1,1,42394753,T,A,0,18.900000000,6,0,16042,72774028,18.900000000,19.400000000,6,98,1,2,ESM6 P5950
2026-04-20T13:08:56.227928190Z,2026-04-20T13:08:56.223047729Z,1,1,42409672,T,A,0,17.700000000,6,0,18461,72787667,17.700000000,18.100000000,6,144,1,4,ESM6 P5900
2026-04-20T13:08:57.587130764Z,2026-04-20T13:08:57.393925885Z,1,1,42987642,T,A,0,19.900000000,3,0,14180,72807822,19.900000000,20.250000000,6,97,1,2,ESM6 P5975
2026-04-20T13:08:58.041472988Z,2026-04-20T13:08:57.897987725Z,1,1,42821844,T,A,0,25.000000000,1,0,14416,72815460,25.000000000,25.500000000,6,64,1,2,ESM6 P6125
2026-04-20T13:08:58.388119710Z,2026-04-20T13:08:58.357246361Z,1,1,42404367,T,A,0,24.000000000,4,0,16378,72820881,24.000000000,24.500000000,6,65,1,2,ESM6 P6100
2026-04-20T13:09:02.241952487Z,2026-04-20T13:09:02.241441383Z,1,1,42919948,T,A,0,18.500000000,3,0,13358,72867854,18.500000000,18.900000000,6,137,1,3,ESM6 P5925
2026-04-20T13:09:33.586390660Z,2026-04-20T13:09:33.485936505Z,1,1,42510079,T,A,0,74.500000000,24,0,11928,73188336,74.500000000,74.750000000,80,54,1,4,ESM6 C7350
2026-04-20T13:09:33.650003843Z,2026-04-20T13:09:33.535137095Z,1,1,42510079,T,A,0,74.500000000,18,0,14437,73189588,74.500000000,74.750000000,56,54,1,4,ESM6 C7350
2026-04-20T13:09:33.729205843Z,2026-04-20T13:09:33.657350783Z,1,1,42510079,T,A,0,74.500000000,38,0,18374,73191241,74.500000000,74.750000000,38,54,1,4,ESM6 C7350
2026-04-20T13:09:36.877761243Z,2026-04-20T13:09:36.682936719Z,1,1,42378592,T,B,0,48.250000000,1,0,14429,73226315,48.000000000,48.250000000,6,1,2,1,ESM6 P6500
2026-04-20T13:10:23.582232446Z,2026-04-20T13:10:23.581639873Z,1,1,2511781,T,A,0,-286.000000000,1,0,15201,19774480,-286.000000000,-285.000000000,1,20,1,3,UD:1V: GN 2511781
2026-04-20T13:11:12.337526215Z,2026-04-20T13:11:12.284416313Z,1,1,42397652,T,A,0,106.000000000,9,0,12773,73773226,106.000000000,107.000000000,11,38,2,4,ESU6 C7600
2026-04-20T13:11:30.835102748Z,2026-04-20T13:11:30.755966659Z,1,1,42560128,T,B,0,29.500000000,4,0,14891,73863389,29.250000000,29.500000000,56,4,3,1,ESM6 C7525
2026-04-20T13:12:28.608786667Z,2026-04-20T13:12:28.306218565Z,1,1,42560128,T,B,0,29.750000000,4,0,14063,74138981,29.500000000,29.750000000,77,4,4,1,ESM6 C7525
2026-04-20T13:12:53.864737609Z,2026-04-20T13:12:53.844668485Z,1,1,42384726,T,B,0,10.900000000,36,0,16445,74263231,10.700000000,10.900000000,186,36,4,3,ESM6 P5500
2026-04-20T13:12:53.909519755Z,2026-04-20T13:12:53.909019225Z,1,1,43024830,T,B,0,9.000000000,4,0,16357,74264092,8.900000000,9.000000000,144,4,1,1,ESM6 P5325
2026-04-20T13:12:57.352182155Z,2026-04-20T13:12:57.350313339Z,1,1,42399655,T,B,0,13.000000000,4,0,15103,74277355,12.900000000,13.000000000,128,4,2,1,ESM6 P5650
2026-04-20T13:14:14.914254585Z,2026-04-20T13:14:14.913690479Z,1,1,42871623,T,A,0,22.000000000,7,0,14089,74613111,22.000000000,22.250000000,7,25,1,3,ESM6 C7575
2026-04-20T13:14:45.860965406Z,2026-04-20T13:14:45.847251513Z,1,1,42871623,T,A,0,22.000000000,3,0,14460,74725938,22.000000000,22.250000000,3,24,1,3,ESM6 C7575
2026-04-20T13:14:57.815804945Z,2026-04-20T13:14:57.815255611Z,1,1,42871623,T,A,0,22.000000000,7,0,16561,74746631,22.000000000,22.250000000,7,16,1,2,ESM6 C7575
2026-04-20T13:15:02.780016180Z,2026-04-20T13:15:02.779461751Z,1,1,42366511,T,A,0,19.000000000,7,0,13670,74768062,19.000000000,19.200000000,7,17,1,2,ESM6 C7600
2026-04-20T13:15:26.641612656Z,2026-04-20T13:15:26.638142897Z,1,1,2688667,T,A,0,29.000000000,1,0,13736,20198287,29.000000000,29.250000000,50,234,1,6,UD:1V: VT 2688667
2026-04-20T13:15:48.483974913Z,2026-04-20T13:15:48.414538161Z,1,1,42510079,T,A,0,75.000000000,94,0,11485,74877892,75.000000000,75.250000000,100,43,1,4,ESM6 C7350
2026-04-20T13:15:48.571648229Z,2026-04-20T13:15:48.484023517Z,1,1,42510079,T,A,0,75.000000000,6,0,13735,74879437,75.000000000,75.250000000,6,51,1,5,ESM6 C7350
2026-04-20T13:15:52.295287041Z,2026-04-20T13:15:52.199454157Z,1,1,42404374,T,B,0,128.000000000,3,0,13676,74889102,127.500000000,128.000000000,44,3,5,1,ESM6 P7000
2026-04-20T13:16:57.285261097Z,2026-04-20T13:16:57.216852717Z,1,1,42372979,T,B,0,94.250000000,2,0,14445,75057368,93.500000000,94.250000000,48,2,5,1,ESM6 C7300
2026-04-20T13:16:57.351371356Z,2026-04-20T13:16:57.344930869Z,1,1,42853783,T,B,0,84.250000000,23,0,16998,75058612,83.500000000,84.250000000,36,23,5,1,ESM6 C7325
2026-04-20T13:17:56.312259259Z,2026-04-20T13:17:56.209373135Z,1,1,42404370,T,B,0,40.500000000,1,0,11666,75196363,40.250000000,40.500000000,74,1,4,1,ESM6 P6400
2026-04-20T13:17:56.562582406Z,2026-04-20T13:17:56.544464633Z,1,1,42871623,T,A,0,22.000000000,3,0,13392,75201080,22.000000000,22.500000000,3,95,1,5,ESM6 C7575
2026-04-20T13:18:07.679318723Z,2026-04-20T13:18:07.666922597Z,1,1,42871623,T,A,0,22.000000000,7,0,14395,75235285,22.000000000,22.500000000,7,97,1,6,ESM6 C7575
2026-04-20T13:19:51.736502161Z,2026-04-20T13:19:51.735652881Z,1,1,42366510,T,B,0,201.000000000,1,0,14477,75435252,199.500000000,201.000000000,33,54,6,6,ESM6 C7100
2026-04-20T13:22:11.091038054Z,2026-04-20T13:22:11.090528035Z,1,1,42404374,T,B,0,128.500000000,2,0,15770,75845622,128.000000000,128.500000000,90,2,7,1,ESM6 P7000
2026-04-20T13:22:59.083211129Z,2026-04-20T13:22:58.715365019Z,1,1,2688667,T,A,0,29.000000000,22,0,14841,20617394,29.000000000,29.250000000,49,4,1,1,UD:1V: VT 2688667
2026-04-20T13:22:59.123574999Z,2026-04-20T13:22:58.717473667Z,1,1,2688667,T,A,0,29.000000000,27,0,14330,20617534,29.000000000,29.250000000,27,4,1,1,UD:1V: VT 2688667
2026-04-20T13:23:51.015236473Z,2026-04-20T13:23:51.014736907Z,1,1,42487843,T,B,0,178.000000000,1,0,13982,76270774,176.500000000,178.000000000,39,77,6,7,ESM6 P7150
2026-04-20T13:24:02.087376452Z,2026-04-20T13:24:01.972054597Z,1,1,42366511,T,B,0,19.600000000,2,0,11523,76351023,19.100000000,19.600000000,10,125,3,5,ESM6 C7600
2026-04-20T13:24:10.064667520Z,2026-04-20T13:24:09.765203473Z,1,1,42366511,T,A,0,19.200000000,7,0,12237,76411347,19.200000000,19.500000000,7,6,1,1,ESM6 C7600
2026-04-20T13:24:15.718106268Z,2026-04-20T13:24:15.717320393Z,1,1,42378346,T,A,0,34.500000000,2,0,14074,76485191,34.500000000,35.000000000,98,8,6,3,ESM6 C7500
2026-04-20T13:25:11.325523206Z,2026-04-20T13:25:11.325168795Z,1,1,42372979,T,A,0,94.500000000,2,0,16025,76753492,94.500000000,94.750000000,2,42,1,4,ESM6 C7300
2026-04-20T13:26:08.337655383Z,2026-04-20T13:26:08.337056433Z,1,1,2511532,T,B,0,255.500000000,10,0,14441,20989979,254.500000000,255.500000000,51,10,3,1,UD:1V: IB 2511532
2026-04-20T13:26:45.930683007Z,2026-04-20T13:26:45.925277367Z,1,1,42372969,T,B,0,270.500000000,5,0,16326,77054787,269.000000000,270.500000000,10,25,3,4,ESM6 C7000
2026-04-20T13:26:58.337448942Z,2026-04-20T13:26:58.336949609Z,1,1,42853783,T,A,0,84.250000000,1,0,16387,77084809,84.250000000,85.000000000,6,55,2,5,ESM6 C7325
2026-04-20T13:27:04.939217436Z,2026-04-20T13:27:04.904130307Z,1,1,2504090,T,B,0,50.750000000,4,0,14468,21035265,50.500000000,50.750000000,292,4,5,1,UD:1V: VT 2504090
2026-04-20T13:27:04.939440817Z,2026-04-20T13:27:04.904130483Z,1,1,2501443,T,B,0,47.750000000,4,0,11448,21035267,47.500000000,47.750000000,346,4,6,1,UD:1V: VT 2501443
2026-04-20T13:27:07.563773703Z,2026-04-20T13:27:07.563184537Z,1,1,42394733,T,A,0,8.800000000,6,0,14173,77126469,8.800000000,8.900000000,6,109,1,4,ESM6 P5300
2026-04-20T13:27:08.096860518Z,2026-04-20T13:27:08.095880687Z,1,1,42663437,T,A,0,2.850000000,6,0,15723,77129391,2.850000000,2.950000000,6,277,1,7,ESM6 C7950
2026-04-20T13:27:09.085474585Z,2026-04-20T13:27:09.082865603Z,1,1,42394733,T,A,0,8.800000000,6,0,14108,77132612,8.800000000,8.900000000,6,152,1,5,ESM6 P5300
2026-04-20T13:27:21.026063688Z,2026-04-20T13:27:21.025524447Z,1,1,42663437,T,A,0,2.850000000,3,0,15572,77179196,2.850000000,2.950000000,3,276,1,7,ESM6 C7950
2026-04-20T13:27:21.982165716Z,2026-04-20T13:27:21.981608633Z,1,1,42409657,T,A,0,12.300000000,3,0,14320,77183780,12.300000000,12.400000000,3,156,1,5,ESM6 P5600
2026-04-20T13:27:23.745211620Z,2026-04-20T13:27:23.587294609Z,1,1,42366510,T,A,0,202.500000000,10,0,14021,77198248,202.500000000,203.000000000,10,13,1,4,ESM6 C7100
2026-04-20T13:27:24.120939383Z,2026-04-20T13:27:24.034709869Z,1,1,2505977,T,A,0,29.500000000,4,0,12181,21069357,29.500000000,29.750000000,4,188,1,3,UD:1V: VT 2505977
2026-04-20T13:27:24.227709783Z,2026-04-20T13:27:24.034886559Z,1,1,42439351,T,A,0,131.500000000,12,0,11276,77204314,131.500000000,132.000000000,25,30,1,1,ESU6 P6500
2026-04-20T13:27:26.211272497Z,2026-04-20T13:27:26.209943471Z,1,1,42384729,T,A,0,3.550000000,3,0,14866,77223081,3.550000000,3.600000000,3,12,1,2,ESM6 C7900
2026-04-20T13:27:27.465169129Z,2026-04-20T13:27:27.457744729Z,1,1,42439351,T,A,0,131.500000000,13,0,14337,77235205,131.500000000,132.000000000,13,55,1,4,ESU6 P6500
2026-04-20T13:27:28.029611788Z,2026-04-20T13:27:28.000900483Z,1,1,2501443,T,B,0,48.000000000,4,0,12931,21084163,47.750000000,48.000000000,345,4,6,1,UD:1V: VT 2501443
2026-04-20T13:27:28.060939795Z,2026-04-20T13:27:28.021406483Z,1,1,42384729,T,A,0,3.550000000,3,0,13850,77245769,3.550000000,3.600000000,3,12,1,2,ESM6 C7900
2026-04-20T13:27:36.697243627Z,2026-04-20T13:27:36.654969005Z,1,1,42366463,T,A,0,5.200000000,3,0,16418,77331337,5.200000000,5.300000000,3,370,1,6,ESM6 P4750
2026-04-20T13:27:54.277002686Z,2026-04-20T13:27:54.273799923Z,1,1,42366463,T,A,0,5.200000000,3,0,14484,77422829,5.200000000,5.300000000,3,370,1,6,ESM6 P4750
2026-04-20T13:28:08.857034881Z,2026-04-20T13:28:08.845513571Z,1,1,42366511,T,A,0,19.600000000,3,0,14329,77536929,19.600000000,19.800000000,3,85,1,3,ESM6 C7600
2026-04-20T13:28:10.053762921Z,2026-04-20T13:28:10.053156513Z,1,1,42366511,T,A,0,19.600000000,3,0,13759,77541537,19.600000000,19.800000000,3,85,1,3,ESM6 C7600
2026-04-20T13:28:12.555271504Z,2026-04-20T13:28:12.554784867Z,1,1,42366510,T,B,0,204.000000000,10,0,21401,77553039,203.500000000,204.000000000,10,73,1,4,ESM6 C7100
2026-04-20T13:28:23.510767127Z,2026-04-20T13:28:23.509719711Z,1,1,42366506,T,A,0,4.950000000,3,0,14348,77615434,4.950000000,5.000000000,3,105,1,2,ESM6 P4700
2026-04-20T13:28:29.022266055Z,2026-04-20T13:28:28.880230839Z,1,1,42366506,T,A,0,4.950000000,3,0,14069,77660466,4.950000000,5.000000000,3,105,1,2,ESM6 P4700
2026-04-20T13:28:29.555100939Z,2026-04-20T13:28:29.553584167Z,1,1,42399597,T,A,0,3.950000000,3,0,14517,77664942,3.950000000,4.050000000,3,419,1,7,ESM6 P4450
2026-04-20T13:28:30.474237837Z,2026-04-20T13:28:30.257760781Z,1,1,42366506,T,A,0,4.950000000,3,0,14975,77674065,4.950000000,5.000000000,3,161,1,3,ESM6 P4700
2026-04-20T13:28:33.003307518Z,2026-04-20T13:28:32.925679791Z,1,1,42366506,T,A,0,4.950000000,3,0,13019,77696480,4.950000000,5.000000000,3,105,1,2,ESM6 P4700
2026-04-20T13:28:33.535261431Z,2026-04-20T13:28:33.534608977Z,1,1,42919948,T,A,0,18.700000000,3,0,14347,77700809,18.700000000,18.800000000,3,61,1,2,ESM6 P5925
2026-04-20T13:28:34.067354846Z,2026-04-20T13:28:34.066663279Z,1,1,42738868,T,A,0,12.300000000,3,0,13863,77701349,12.300000000,12.400000000,3,8,1,2,ESM6 C7675
2026-04-20T13:28:36.368867028Z,2026-04-20T13:28:36.367509209Z,1,1,42919946,T,A,0,16.300000000,3,0,14791,77717604,16.300000000,16.400000000,3,62,1,2,ESM6 P5825
2026-04-20T13:28:36.898888206Z,2026-04-20T13:28:36.898322901Z,1,1,42919948,T,A,0,18.700000000,3,0,16708,77718463,18.700000000,18.800000000,3,61,1,2,ESM6 P5925
2026-04-20T13:28:37.518958313Z,2026-04-20T13:28:37.518342457Z,1,1,42919946,T,A,0,16.300000000,3,0,14350,77719770,16.300000000,16.400000000,3,93,1,3,ESM6 P5825
2026-04-20T13:28:54.045865764Z,2026-04-20T13:28:54.040792835Z,1,1,2691818,T,B,0,22.000000000,10,0,19205,21271100,21.750000000,22.000000000,237,341,2,4,UD:1V: VT 2691818
2026-04-20T13:28:54.578268329Z,2026-04-20T13:28:54.544752427Z,1,1,42871623,T,A,0,22.750000000,6,0,13981,77803924,22.750000000,23.000000000,6,91,1,4,ESM6 C7575
2026-04-20T13:28:57.567475988Z,2026-04-20T13:28:57.566389309Z,1,1,42366512,T,A,0,13.800000000,6,0,14579,77821134,13.800000000,13.900000000,6,92,1,3,ESM6 P5700
2026-04-20T13:28:58.904283252Z,2026-04-20T13:28:58.902730221Z,1,1,42883304,T,A,0,13.400000000,6,0,14245,77824683,13.400000000,13.500000000,6,64,1,2,ESM6 P5675
2026-04-20T13:28:59.531314910Z,2026-04-20T13:28:59.530352245Z,1,1,42399655,T,A,0,13.000000000,6,0,13662,77826905,13.000000000,13.100000000,6,93,1,3,ESM6 P5650
2026-04-20T13:29:00.109159057Z,2026-04-20T13:29:00.084147655Z,1,1,42399655,T,A,0,13.000000000,6,0,14145,77831580,13.000000000,13.100000000,6,93,1,3,ESM6 P5650
2026-04-20T13:29:01.396508374Z,2026-04-20T13:29:01.376096053Z,1,1,2509403,T,B,0,22.500000000,50,0,28735,21282760,22.250000000,22.500000000,689,50,7,1,UD:1V: VT 2509403
2026-04-20T13:29:06.431644981Z,2026-04-20T13:29:06.387561167Z,1,1,42384730,T,A,0,16.800000000,6,0,14659,77874987,16.800000000,17.000000000,6,160,1,7,ESM6 P5850
2026-04-20T13:29:07.463215348Z,2026-04-20T13:29:07.448168527Z,1,1,42760604,T,A,0,12.600000000,12,0,11148,77880211,12.600000000,12.700000000,12,65,2,2,ESM6 P5625
2026-04-20T13:29:14.742153049Z,2026-04-20T13:29:14.645109465Z,1,1,42378346,T,A,0,35.000000000,2,0,15703,77941458,35.000000000,35.500000000,4,48,2,4,ESM6 C7500
2026-04-20T13:29:17.189276079Z,2026-04-20T13:29:17.055211581Z,1,1,2509550,T,A,0,60.500000000,2,0,21601,21333050,60.500000000,61.000000000,2,160,2,4,UD:1V: GN 2509550
2026-04-20T13:29:32.883920406Z,2026-04-20T13:29:32.860748817Z,1,1,42399646,T,A,0,10.600000000,7,0,16613,78039098,10.600000000,10.700000000,7,60,1,4,ESM6 C7700
2026-04-20T13:29:35.725761847Z,2026-04-20T13:29:35.725197553Z,1,1,42738868,T,A,0,12.400000000,7,0,14102,78064428,12.400000000,12.500000000,7,29,1,2,ESM6 C7675
2026-04-20T13:29:42.295651414Z,2026-04-20T13:29:42.245829425Z,1,1,42409657,T,A,0,12.200000000,14,0,11925,78101919,12.200000000,12.400000000,14,174,2,7,ESM6 P5600
2026-04-20T13:29:49.551218009Z,2026-04-20T13:29:49.534551613Z,1,1,42903306,T,B,0,68.000000000,1,0,15596,78157113,67.500000000,68.000000000,86,1,6,1,ESM6 C7375
2026-04-20T13:29:54.839898085Z,2026-04-20T13:29:54.809402027Z,1,1,2501443,T,B,0,48.250000000,4,0,15367,21414165,48.000000000,48.250000000,280,4,6,1,UD:1V: VT 2501443
2026-04-20T13:29:54.849435380Z,2026-04-20T13:29:54.809479665Z,1,1,42439347,T,A,0,75.500000000,1,0,13672,78188621,75.500000000,75.750000000,1,74,1,4,ESU6 P6000
2026-04-20T13:30:01.134864098Z,2026-04-20T13:30:00.244585143Z,1,1,42439347,T,A,0,75.250000000,1,0,14090,78273600,75.250000000,76.250000000,1,97,1,1,ESU6 P6000
2026-04-20T13:30:03.592715173Z,2026-04-20T13:30:02.264708747Z,1,1,42320750,T,A,0,355.500000000,3,0,12818,78307751,355.500000000,358.000000000,4,6,1,1,ESU6 P7350
2026-04-20T13:30:03.821923859Z,2026-04-20T13:30:02.490571597Z,1,1,42439347,T,A,0,75.000000000,1,0,11316,78310402,75.000000000,75.500000000,1,38,1,3,ESU6 P6000
2026-04-20T13:30:04.555527529Z,2026-04-20T13:30:03.302406279Z,1,1,2510607,T,A,0,18.500000000,1,0,12201,21482506,18.500000000,19.300000000,1,82,1,2,UD:1V: GN 2510607
2026-04-20T13:30:04.940323344Z,2026-04-20T13:30:03.704147035Z,1,1,42987642,T,A,0,19.600000000,2,0,16875,78327727,19.600000000,19.900000000,4,91,1,1,ESM6 P5975
2026-04-20T13:30:10.257327493Z,2026-04-20T13:30:09.526042199Z,1,1,42760607,T,B,0,118.500000000,4,0,14087,78407890,117.500000000,118.500000000,5,4,2,1,ESM6 P6975
2026-04-20T13:30:11.860998451Z,2026-04-20T13:30:11.003257945Z,1,1,42510079,T,B,0,77.750000000,24,0,14309,78430003,76.750000000,77.750000000,6,24,2,1,ESM6 C7350
2026-04-20T13:30:12.430120844Z,2026-04-20T13:30:11.662054897Z,1,1,2689854,T,A,0,1.300000000,200,0,13738,21545291,1.300000000,1.350000000,200,1317,1,4,UD:1V: VT 2689854
2026-04-20T13:30:12.607384843Z,2026-04-20T13:30:11.872667781Z,1,1,42510079,T,A,0,77.750000000,16,0,13644,78442125,77.750000000,78.000000000,26,4,1,1,ESM6 C7350
2026-04-20T13:30:12.608528893Z,2026-04-20T13:30:11.874410261Z,1,1,42510079,T,A,0,77.750000000,1,0,11580,78442143,77.750000000,78.000000000,10,4,1,1,ESM6 C7350
2026-04-20T13:30:12.653682233Z,2026-04-20T13:30:11.913254417Z,1,1,42510079,T,A,0,77.750000000,9,0,11578,78442682,77.750000000,78.000000000,9,4,1,1,ESM6 C7350
2026-04-20T13:30:13.421680175Z,2026-04-20T13:30:12.641617093Z,1,1,42409672,T,A,0,17.600000000,2,0,14460,78455696,17.600000000,18.000000000,29,100,1,2,ESM6 P5900
2026-04-20T13:30:15.168641839Z,2026-04-20T13:30:14.333950185Z,1,1,42378541,T,A,0,32.750000000,2,0,13370,78483084,32.750000000,33.250000000,4,284,1,6,ESM6 P6300
2026-04-20T13:30:17.135441596Z,2026-04-20T13:30:15.993770405Z,1,1,2512267,T,B,0,9.000000000,1,0,11619,21582469,8.900000000,9.000000000,75,1,1,1,UD:1V: VT 2512267
2026-04-20T13:30:26.148335926Z,2026-04-20T13:30:24.891924567Z,1,1,42409657,T,A,0,12.200000000,3,0,12717,78651171,12.200000000,12.300000000,3,63,1,3,ESM6 P5600
2026-04-20T13:30:35.944324072Z,2026-04-20T13:30:35.560974981Z,1,1,2501443,T,B,0,48.500000000,4,0,14348,21729077,48.250000000,48.500000000,268,4,4,1,UD:1V: VT 2501443
2026-04-20T13:31:00.582553750Z,2026-04-20T13:31:00.151152807Z,1,1,2607680,T,A,0,59.750000000,4,0,14133,21909183,59.750000000,60.000000000,4,233,1,4,UD:1V: VT 2607680
2026-04-20T13:31:01.782521788Z,2026-04-20T13:31:01.094787909Z,1,1,42611781,T,B,0,27.250000000,1,0,14107,79202430,26.750000000,27.250000000,30,10,1,1,ESM6 C7550
2026-04-20T13:31:13.048232326Z,2026-04-20T13:31:12.307069651Z,1,1,42384729,T,B,0,3.650000000,2,0,14454,79392397,3.550000000,3.650000000,170,2,1,1,ESM6 C7900
2026-04-20T13:31:17.529378391Z,2026-04-20T13:31:17.323884679Z,1,1,2693264,T,A,0,31.000000000,4,0,14236,22054355,31.000000000,31.250000000,4,997,1,8,UD:1V: VT 2693264
2026-04-20T13:31:25.555561507Z,2026-04-20T13:31:25.144876595Z,1,1,42510079,T,B,0,76.250000000,1,0,15792,79623113,75.750000000,76.250000000,41,1,3,1,ESM6 C7350
2026-04-20T13:31:25.570321775Z,2026-04-20T13:31:25.144876595Z,1,1,42212203,T,B,0,118.000000000,1,0,13112,79623381,117.000000000,118.000000000,108,4,7,1,ESM6 C7250
2026-04-20T13:31:25.573594225Z,2026-04-20T13:31:25.144876595Z,1,1,42471229,T,B,0,165.000000000,28,0,11953,79623454,164.000000000,165.000000000,20,28,1,1,ESU6 C7450
2026-04-20T13:31:33.199944038Z,2026-04-20T13:31:33.101162683Z,1,1,42366512,T,B,0,14.000000000,85,0,11222,79763129,13.800000000,14.000000000,120,85,2,1,ESM6 P5700
2026-04-20T13:31:33.339965447Z,2026-04-20T13:31:33.165364475Z,1,1,42783705,T,A,0,32.250000000,21,0,15468,79766316,32.250000000,32.500000000,50,63,1,5,ESM6 P6275
2026-04-20T13:31:33.340227662Z,2026-04-20T13:31:33.165560615Z,1,1,42372983,T,A,0,22.500000000,22,0,13867,79766318,22.500000000,22.750000000,62,53,1,2,ESM6 P6050
2026-04-20T13:31:33.340264907Z,2026-04-20T13:31:33.165570483Z,1,1,42629927,T,A,0,22.250000000,27,0,12851,79766319,22.250000000,22.500000000,62,62,1,3,ESM6 P6040
2026-04-20T13:31:33.365615532Z,2026-04-20T13:31:33.178471579Z,1,1,42394754,T,A,0,28.500000000,20,0,11352,79766709,28.500000000,28.750000000,54,154,1,4,ESM6 P6200
2026-04-20T13:31:33.365763135Z,2026-04-20T13:31:33.178978901Z,1,1,42372983,T,A,0,22.500000000,1,0,11146,79766715,22.500000000,22.750000000,40,53,1,2,ESM6 P6050
2026-04-20T13:31:36.330738436Z,2026-04-20T13:31:36.292075619Z,1,1,2672880,T,A,0,30.750000000,4,0,13342,22205411,30.750000000,31.000000000,4,597,1,5,UD:1V: VT 2672880
2026-04-20T13:31:43.289687051Z,2026-04-20T13:31:42.981934827Z,1,1,42399706,T,A,0,69.500000000,1,0,13129,79934711,69.500000000,69.750000000,1,38,1,4,ESM6 P6700
2026-04-20T13:31:44.169229050Z,2026-04-20T13:31:44.001107695Z,1,1,42404374,T,A,0,126.500000000,1,0,23036,79952189,126.500000000,127.000000000,1,29,1,6,ESM6 P7000
2026-04-20T13:31:51.689663820Z,2026-04-20T13:31:51.586755487Z,1,1,42399612,T,A,0,7.700000000,1,0,14401,80080198,7.700000000,7.800000000,1,239,1,5,ESM6 P5150
2026-04-20T13:31:54.036995188Z,2026-04-20T13:31:53.829332581Z,1,1,42428853,T,B,0,4.550000000,4,0,16291,80115668,4.450000000,4.550000000,189,4,2,1,ESU6 C8600
2026-04-20T13:32:06.201361318Z,2026-04-20T13:32:06.176259669Z,1,1,42506300,T,B,0,190.000000000,23,0,21239,80310467,189.000000000,190.000000000,23,23,2,3,ESU6 C7400
2026-04-20T13:32:09.840214748Z,2026-04-20T13:32:09.831190253Z,1,1,2655176,T,A,0,47.500000000,4,0,17940,22462424,47.500000000,47.750000000,4,754,1,7,UD:1V: VT 2655176
2026-04-20T13:32:21.453428687Z,2026-04-20T13:32:21.255663811Z,1,1,42394812,T,A,0,83.750000000,1,0,13959,80546392,83.750000000,84.000000000,1,39,1,4,ESM6 P6800
2026-04-20T13:32:27.429986047Z,2026-04-20T13:32:26.403447919Z,1,1,42499829,T,A,0,174.000000000,3,0,16058,80637162,174.000000000,174.500000000,3,57,1,5,ESM6 C7150
2026-04-20T13:32:41.972767073Z,2026-04-20T13:32:41.972410431Z,1,1,42404374,T,A,0,126.000000000,1,0,17401,80857406,126.000000000,126.500000000,1,141,1,8,ESM6 P7000
2026-04-20T13:32:44.973849369Z,2026-04-20T13:32:44.973342313Z,1,1,42378449,T,B,0,21.000000000,1,0,16314,80886948,20.750000000,21.000000000,229,1,6,1,ESM6 P6000
2026-04-20T13:32:46.577284511Z,2026-04-20T13:32:46.254660809Z,1,1,42883306,T,B,0,166.000000000,3,0,11713,80911527,165.500000000,166.000000000,17,3,1,1,ESM6 P7125
2026-04-20T13:32:54.057458226Z,2026-04-20T13:32:53.763483969Z,1,1,2672880,T,A,0,30.500000000,124,0,16574,22780034,30.500000000,30.750000000,124,511,2,5,UD:1V: VT 2672880
2026-04-20T13:32:58.315520505Z,2026-04-20T13:32:58.262736063Z,1,1,42384724,T,A,0,146.000000000,2,0,11515,81080813,146.000000000,146.500000000,10,85,1,9,ESM6 C7200
2026-04-20T13:32:58.434913495Z,2026-04-20T13:32:58.432239325Z,1,1,42384724,T,A,0,146.000000000,8,0,15395,81082833,146.000000000,146.500000000,8,85,1,9,ESM6 C7200
2026-04-20T13:33:01.791315351Z,2026-04-20T13:33:01.764468491Z,1,1,2510621,T,A,0,-2.600000000,14,0,17105,22822573,-2.600000000,-2.150000000,14,77,1,3,UD:1V: GN 2510621
2026-04-20T13:33:19.464790926Z,2026-04-20T13:33:19.364225555Z,1,1,2501051,T,A,0,23.750000000,1,0,14099,22950174,23.750000000,24.000000000,50,439,1,6,UD:1V: VT 2501051
2026-04-20T13:33:24.273718695Z,2026-04-20T13:33:24.080216891Z,1,1,2501051,T,A,0,23.750000000,22,0,14388,22973998,23.750000000,24.000000000,49,518,1,7,UD:1V: VT 2501051
2026-04-20T13:33:24.580350123Z,2026-04-20T13:33:24.163230097Z,1,1,2501051,T,A,0,23.750000000,19,0,11504,22975812,23.750000000,24.000000000,27,588,1,7,UD:1V: VT 2501051
2026-04-20T13:33:24.611758105Z,2026-04-20T13:33:24.163530099Z,1,1,2501051,T,A,0,23.750000000,8,0,12907,22976078,23.750000000,24.000000000,8,588,1,7,UD:1V: VT 2501051
2026-04-20T13:33:35.456622684Z,2026-04-20T13:33:35.376962653Z,1,1,42404374,T,B,0,125.500000000,5,0,12738,81619473,125.000000000,125.500000000,1,21,1,1,ESM6 P7000
2026-04-20T13:33:36.137493377Z,2026-04-20T13:33:36.078033893Z,1,1,42384724,T,B,0,146.500000000,6,0,19398,81626962,145.500000000,146.500000000,80,6,10,2,ESM6 C7200
2026-04-20T13:33:36.157437240Z,2026-04-20T13:33:36.137496803Z,1,1,42384724,T,A,0,146.500000000,4,0,13897,81627599,146.500000000,147.000000000,4,79,1,7,ESM6 C7200
2026-04-20T13:33:55.243483012Z,2026-04-20T13:33:55.243001507Z,1,1,42341500,T,A,0,31.000000000,1,0,13924,81891038,31.000000000,31.500000000,1,227,1,5,ESZ6 C8400
2026-04-20T13:34:43.540982729Z,2026-04-20T13:34:43.527967269Z,1,1,42394743,T,A,0,9.900000000,2,0,23167,82505287,9.900000000,10.000000000,2,190,1,5,ESM6 P5400
2026-04-20T13:34:51.050452990Z,2026-04-20T13:34:50.984114285Z,1,1,42399704,T,B,0,62.250000000,2,0,20510,82620805,61.750000000,62.250000000,110,6,7,2,ESM6 P6650
2026-04-20T13:34:53.613253275Z,2026-04-20T13:34:53.601430027Z,1,1,2502786,T,B,0,39.750000000,4,0,22519,23504257,39.500000000,39.750000000,409,4,5,1,UD:1V: VT 2502786
2026-04-20T13:34:57.198896422Z,2026-04-20T13:34:57.170259351Z,1,1,42543415,T,B,0,71.250000000,6,0,20100,82692876,70.250000000,71.250000000,79,6,2,1,ESU7 C9000
2026-04-20T13:34:57.479496683Z,2026-04-20T13:34:57.410500767Z,1,1,42399704,T,B,0,62.250000000,5,0,11456,82697316,61.750000000,62.250000000,118,5,8,2,ESM6 P6650
2026-04-20T13:35:10.631953757Z,2026-04-20T13:35:10.629770891Z,1,1,42510079,T,B,0,78.500000000,1,0,14543,82886568,78.000000000,78.500000000,5,67,3,5,ESM6 C7350
2026-04-20T13:35:13.784074140Z,2026-04-20T13:35:13.434822035Z,1,1,42465600,T,A,0,408.000000000,1,0,16725,82922739,408.000000000,408.500000000,1,2,1,1,ESU6 P7450
2026-04-20T13:35:19.015852518Z,2026-04-20T13:35:19.015344361Z,1,1,42378346,T,A,0,36.750000000,1,0,16755,82989451,36.750000000,37.000000000,1,129,1,7,ESM6 C7500
2026-04-20T13:35:19.016072865Z,2026-04-20T13:35:19.015344537Z,1,1,42378346,T,A,0,36.750000000,1,0,11198,82989453,36.750000000,37.000000000,1,129,1,7,ESM6 C7500
2026-04-20T13:35:19.016363710Z,2026-04-20T13:35:19.015344917Z,1,1,42378346,T,A,0,36.750000000,25,0,11688,82989455,36.750000000,37.000000000,1,129,1,7,ESM6 C7500
2026-04-20T13:35:19.505579265Z,2026-04-20T13:35:19.505061693Z,1,1,42404370,T,B,0,39.250000000,1,0,16329,82991514,39.000000000,39.250000000,214,1,9,1,ESM6 P6400
2026-04-20T13:35:21.515109760Z,2026-04-20T13:35:21.289567247Z,1,1,2512968,T,A,0,9.300000000,3,0,14765,23676542,9.300000000,9.500000000,3,1456,1,9,UD:1V: VT 2512968
2026-04-20T13:35:21.934708884Z,2026-04-20T13:35:21.635307869Z,1,1,2689887,T,B,0,6.000000000,170,0,18406,23680431,5.800000000,6.000000000,313,170,2,3,UD:1V: VT 2689887
2026-04-20T13:35:29.150611047Z,2026-04-20T13:35:29.071085627Z,1,1,42399704,T,B,0,62.250000000,5,0,18714,83117406,61.750000000,62.250000000,133,5,8,2,ESM6 P6650
2026-04-20T13:36:19.098935972Z,2026-04-20T13:36:19.097275179Z,1,1,42611781,T,A,0,27.750000000,16,0,14097,83784878,27.750000000,28.000000000,35,26,2,3,ESM6 C7550
2026-04-20T13:36:19.594048092Z,2026-04-20T13:36:19.593706211Z,1,1,42404374,T,A,0,124.500000000,20,0,15120,83788757,124.500000000,125.000000000,20,102,1,9,ESM6 P7000
2026-04-20T13:36:34.413171516Z,2026-04-20T13:36:34.357287807Z,1,1,42404374,T,B,0,125.000000000,1,0,17345,83964764,124.500000000,125.000000000,118,1,7,1,ESM6 P7000
2026-04-20T13:37:06.197028642Z,2026-04-20T13:37:06.021274435Z,1,1,2687677,T,A,0,111.000000000,4,0,12453,24302690,111.000000000,111.500000000,4,175,1,3,UD:1V: VT 2687677
2026-04-20T13:37:06.406065675Z,2026-04-20T13:37:06.095276045Z,1,1,2691017,T,A,0,22.000000000,4,0,13586,24304237,22.000000000,22.250000000,4,716,1,6,UD:1V: VT 2691017
2026-04-20T13:37:08.354040822Z,2026-04-20T13:37:08.244830659Z,1,1,42320750,T,A,0,356.000000000,4,0,18521,84443912,356.000000000,356.500000000,4,2,1,1,ESU6 P7350
2026-04-20T13:37:08.979930743Z,2026-04-20T13:37:08.970145997Z,1,1,42483063,T,A,0,243.500000000,7,0,17640,84451956,243.500000000,244.000000000,7,19,1,1,ESU6 P7050
2026-04-20T13:37:09.157196843Z,2026-04-20T13:37:09.099855437Z,1,1,42366510,T,B,0,207.500000000,3,0,17398,84454855,207.000000000,207.500000000,6,3,3,1,ESM6 C7100
2026-04-20T13:37:17.904324590Z,2026-04-20T13:37:17.903990707Z,1,1,42378618,T,A,0,101.000000000,5,0,12555,84556141,101.000000000,101.500000000,5,127,1,10,ESM6 P6900
2026-04-20T13:37:19.783347529Z,2026-04-20T13:37:19.776268711Z,1,1,42366510,T,B,0,207.500000000,3,0,12841,84579166,207.000000000,207.500000000,70,3,7,1,ESM6 C7100
2026-04-20T13:37:20.201298519Z,2026-04-20T13:37:20.188290381Z,1,1,42472885,T,A,0,11.900000000,29,0,20497,84585457,11.900000000,12.000000000,29,154,1,1,ESU6 P3900
2026-04-20T13:37:33.185341283Z,2026-04-20T13:37:33.147594741Z,1,1,2502786,T,B,0,39.500000000,4,0,14865,24453940,39.250000000,39.500000000,463,4,6,1,UD:1V: VT 2502786
2026-04-20T13:37:34.802315246Z,2026-04-20T13:37:34.519015417Z,1,1,42384725,T,A,0,62.000000000,7,0,22973,84775866,62.000000000,62.250000000,7,10,3,1,ESM6 C7400
2026-04-20T13:37:34.961655713Z,2026-04-20T13:37:34.725979397Z,1,1,42384725,T,B,0,62.000000000,3,0,12850,84779373,61.750000000,62.000000000,49,3,5,1,ESM6 C7400
2026-04-20T13:37:45.816484629Z,2026-04-20T13:37:45.551799677Z,1,1,42611781,T,A,0,27.750000000,23,0,14260,84918176,27.750000000,28.250000000,35,204,2,7,ESM6 C7550
2026-04-20T13:37:49.027457900Z,2026-04-20T13:37:49.026887355Z,1,1,42394812,T,A,0,83.000000000,10,0,14888,84973162,83.000000000,83.250000000,10,44,1,5,ESM6 P6800
2026-04-20T13:37:51.707154923Z,2026-04-20T13:37:51.613505087Z,1,1,42472879,T,A,0,259.000000000,1,0,13259,85008228,259.000000000,259.500000000,1,18,1,1,ESU6 P7100
2026-04-20T13:37:55.799430211Z,2026-04-20T13:37:55.785177139Z,1,1,42399646,T,B,0,11.500000000,49,0,16347,85048319,11.300000000,11.500000000,93,49,1,3,ESM6 C7700
2026-04-20T13:38:00.127169833Z,2026-04-20T13:38:00.028757313Z,1,1,42377530,T,B,0,182.500000000,1,0,14903,85100085,182.000000000,182.500000000,17,1,3,1,ESU6 P6800
2026-04-20T13:38:03.780181097Z,2026-04-20T13:38:03.351163077Z,1,1,42940284,T,B,0,7.400000000,4,0,12518,85144391,7.200000000,7.400000000,371,4,7,1,ESM6 C7775
2026-04-20T13:38:09.687088763Z,2026-04-20T13:38:09.682946539Z,1,1,42883176,T,A,0,161.000000000,2,0,17489,85218827,161.000000000,161.500000000,3,12,1,2,ESM6 C7175
2026-04-20T13:38:09.699177951Z,2026-04-20T13:38:09.683091659Z,1,1,42883176,T,A,0,161.000000000,1,0,15176,85219042,161.000000000,161.500000000,1,12,1,2,ESM6 C7175
2026-04-20T13:38:17.588871428Z,2026-04-20T13:38:17.504122293Z,1,1,2507088,T,B,0,29.500000000,4,0,16970,24699799,29.250000000,29.500000000,410,4,6,1,UD:1V: VT 2507088
2026-04-20T13:38:19.070486025Z,2026-04-20T13:38:18.664372625Z,1,1,42487843,T,B,0,174.000000000,3,0,13272,85340850,173.500000000,174.000000000,27,3,2,1,ESM6 P7150
2026-04-20T13:38:22.206973707Z,2026-04-20T13:38:22.131184339Z,1,1,42441336,T,A,0,127.500000000,4,0,17886,85396241,127.500000000,128.000000000,11,33,2,3,ESU6 C7550
2026-04-20T13:38:23.794656051Z,2026-04-20T13:38:23.786284095Z,1,1,2607680,T,A,0,59.750000000,2,0,13141,24746033,59.750000000,60.000000000,4,662,1,7,UD:1V: VT 2607680
2026-04-20T13:38:23.804493772Z,2026-04-20T13:38:23.794659873Z,1,1,2607680,T,A,0,59.750000000,2,0,14520,24746048,59.750000000,60.000000000,2,662,1,7,UD:1V: VT 2607680
2026-04-20T13:38:24.301594575Z,2026-04-20T13:38:24.138397365Z,1,1,2502786,T,B,0,39.750000000,4,0,14405,24748521,39.500000000,39.750000000,523,4,6,1,UD:1V: VT 2502786
2026-04-20T13:38:25.460092547Z,2026-04-20T13:38:25.339297647Z,1,1,2672880,T,B,0,30.500000000,155,0,14365,24755964,30.000000000,30.500000000,1238,394,8,2,UD:1V: VT 2672880
2026-04-20T13:38:42.915363249Z,2026-04-20T13:38:42.907368697Z,1,1,42506298,T,B,0,231.000000000,1,0,13206,85656389,230.000000000,231.000000000,26,1,5,1,ESU6 P7000
2026-04-20T13:38:43.988451681Z,2026-04-20T13:38:43.757023279Z,1,1,42399706,T,B,0,69.000000000,1,0,13146,85673066,68.750000000,69.000000000,6,1,3,1,ESM6 P6700
2026-04-20T13:38:51.863128563Z,2026-04-20T13:38:51.333378447Z,1,1,42399655,T,B,0,13.200000000,4,0,21045,85789190,13.100000000,13.200000000,121,4,1,1,ESM6 P5650
2026-04-20T13:38:51.863361945Z,2026-04-20T13:38:51.333497599Z,1,1,42883304,T,B,0,13.600000000,4,0,14333,85789192,13.500000000,13.600000000,119,4,1,1,ESM6 P5675
2026-04-20T13:38:52.058376543Z,2026-04-20T13:38:51.689677979Z,1,1,42384726,T,B,0,11.100000000,8,0,15177,85792706,11.000000000,11.100000000,133,8,1,2,ESM6 P5500
2026-04-20T13:39:00.478539772Z,2026-04-20T13:39:00.335964773Z,1,1,2513332,T,A,0,45.500000000,5,0,13943,24972414,45.500000000,45.750000000,5,1001,2,7,UD:1V: VT 2513332
2026-04-20T13:39:08.172228808Z,2026-04-20T13:39:07.868435179Z,1,1,42399706,T,B,0,69.500000000,1,0,13949,86037718,69.250000000,69.500000000,48,1,3,1,ESM6 P6700
2026-04-20T13:39:11.469864644Z,2026-04-20T13:39:11.043178501Z,1,1,42471229,T,A,0,166.000000000,11,0,21842,86095213,166.000000000,166.500000000,11,3,2,1,ESU6 C7450
2026-04-20T13:39:27.827880473Z,2026-04-20T13:39:27.775809663Z,1,1,42384725,T,B,0,61.250000000,6,0,13993,86360318,60.750000000,61.250000000,113,6,7,2,ESM6 C7400
2026-04-20T13:39:30.206935997Z,2026-04-20T13:39:29.912898681Z,1,1,42627610,T,B,0,15.300000000,2,0,13035,86402041,15.200000000,15.300000000,2,32,1,2,ESM6 C7650
2026-04-20T13:39:45.609933468Z,2026-04-20T13:39:45.566450409Z,1,1,42438256,T,A,0,40.250000000,40,0,13323,86622990,40.250000000,40.750000000,40,163,1,4,ESZ6 C8300
2026-04-20T13:39:45.626253693Z,2026-04-20T13:39:45.609937363Z,1,1,42438256,T,B,0,40.250000000,11,0,13146,86623462,39.750000000,40.250000000,46,60,1,1,ESZ6 C8300
2026-04-20T13:39:50.624866134Z,2026-04-20T13:39:50.184603621Z,1,1,2510197,T,B,0,-5.500000000,1,0,17272,25339062,-6.000000000,-5.500000000,8,1,2,1,UD:1V: GN 2510197
2026-04-20T13:39:51.523949177Z,2026-04-20T13:39:50.819488001Z,1,1,42438256,T,B,0,40.250000000,27,0,27266,86709780,39.500000000,40.250000000,76,94,1,1,ESZ6 C8300
2026-04-20T13:39:52.288378249Z,2026-04-20T13:39:51.305687545Z,1,1,2655176,T,A,0,47.250000000,1,0,13342,25354473,47.250000000,47.500000000,1,647,1,5,UD:1V: VT 2655176
2026-04-20T13:39:56.773906199Z,2026-04-20T13:39:55.514012433Z,1,1,42438256,T,B,0,40.250000000,50,0,18005,86799522,39.500000000,40.250000000,77,90,2,1,ESZ6 C8300
2026-04-20T13:39:56.774163639Z,2026-04-20T13:39:55.514055171Z,1,1,42438256,T,B,0,40.250000000,10,0,22921,86799523,39.500000000,40.250000000,77,40,2,1,ESZ6 C8300
2026-04-20T13:40:04.462899347Z,2026-04-20T13:40:03.257361729Z,1,1,42378449,T,B,0,21.250000000,1,0,13872,86922534,21.000000000,21.250000000,146,1,4,1,ESM6 P6000
2026-04-20T13:40:11.721729855Z,2026-04-20T13:40:11.719235493Z,1,1,42397930,T,B,0,16.500000000,4,0,12712,87052322,16.300000000,16.500000000,16,4,3,1,ESU6 P4300
2026-04-20T13:40:12.104042678Z,2026-04-20T13:40:12.102057321Z,1,1,42438256,T,A,0,40.000000000,18,0,13106,87056642,40.000000000,40.500000000,18,98,1,1,ESZ6 C8300
2026-04-20T13:40:12.107666142Z,2026-04-20T13:40:12.104046383Z,1,1,42438256,T,B,0,40.000000000,18,0,11864,87056702,39.500000000,40.000000000,238,32,5,1,ESZ6 C8300
2026-04-20T13:40:14.205558133Z,2026-04-20T13:40:14.179524369Z,1,1,42438256,T,B,0,40.000000000,14,0,13617,87086187,39.750000000,40.000000000,11,14,1,1,ESZ6 C8300
2026-04-20T13:40:15.451912438Z,2026-04-20T13:40:15.383399985Z,1,1,42397930,T,B,0,16.500000000,4,0,13728,87104186,16.300000000,16.500000000,16,4,3,1,ESU6 P4300
2026-04-20T13:40:23.227185406Z,2026-04-20T13:40:23.111364727Z,1,1,42397930,T,B,0,16.500000000,4,0,20580,87213783,16.300000000,16.500000000,16,4,3,1,ESU6 P4300
2026-04-20T13:40:24.729792190Z,2026-04-20T13:40:24.715548397Z,1,1,42416106,T,A,0,47.000000000,3,0,21129,87231580,47.000000000,47.250000000,3,32,2,4,ESM6 C7450
2026-04-20T13:40:29.019169681Z,2026-04-20T13:40:28.887896301Z,1,1,42397930,T,B,0,16.500000000,4,0,12679,87298922,16.300000000,16.500000000,16,4,3,1,ESU6 P4300
2026-04-20T13:40:36.290252967Z,2026-04-20T13:40:35.904180541Z,1,1,2655176,T,A,0,47.000000000,4,0,10203,25682939,47.000000000,47.250000000,4,978,1,8,UD:1V: VT 2655176
2026-04-20T13:40:36.290280134Z,2026-04-20T13:40:35.904180719Z,1,1,2693264,T,A,0,30.750000000,4,0,11705,25682941,30.750000000,31.000000000,4,1208,1,8,UD:1V: VT 2693264
2026-04-20T13:40:39.904734676Z,2026-04-20T13:40:39.692566087Z,1,1,42438256,T,B,0,40.000000000,13,0,14079,87476401,39.500000000,40.000000000,397,50,7,1,ESZ6 C8300
2026-04-20T13:40:39.955255363Z,2026-04-20T13:40:39.798091167Z,1,1,42438256,T,B,0,40.000000000,6,0,14335,87477342,39.500000000,40.000000000,397,37,7,1,ESZ6 C8300
2026-04-20T13:40:47.783456339Z,2026-04-20T13:40:47.782932959Z,1,1,42404374,T,A,0,128.000000000,1,0,14251,87593299,128.000000000,129.000000000,124,81,9,8,ESM6 P7000
2026-04-20T13:40:59.687206311Z,2026-04-20T13:40:59.258137251Z,1,1,42472885,T,A,0,12.000000000,29,0,17918,87772225,12.000000000,12.100000000,29,154,1,1,ESU6 P3900
2026-04-20T13:41:01.582713441Z,2026-04-20T13:41:01.118958979Z,1,1,42458390,T,A,0,165.000000000,7,0,16255,87808677,165.000000000,165.500000000,7,27,1,1,ESU6 P6700
2026-04-20T13:41:05.173951527Z,2026-04-20T13:41:04.546313463Z,1,1,2650222,T,B,0,8.000000000,1,0,19230,25900051,7.800000000,8.000000000,607,2153,4,8,UD:1V: VT 2650222
2026-04-20T13:41:07.515551495Z,2026-04-20T13:41:07.448142955Z,1,1,2502786,T,B,0,40.250000000,4,0,14132,25921679,40.000000000,40.250000000,625,4,7,1,UD:1V: VT 2502786
2026-04-20T13:41:12.353532140Z,2026-04-20T13:41:12.117813471Z,1,1,42510079,T,B,0,77.750000000,1,0,17591,87988476,77.250000000,77.750000000,66,1,8,1,ESM6 C7350
2026-04-20T13:41:12.708442228Z,2026-04-20T13:41:12.497904125Z,1,1,42510079,T,B,0,77.750000000,1,0,14616,87995148,77.250000000,77.750000000,76,4,8,1,ESM6 C7350
2026-04-20T13:41:12.939113380Z,2026-04-20T13:41:12.782026751Z,1,1,42903306,T,B,0,69.250000000,4,0,19519,87999020,68.750000000,69.250000000,50,4,6,1,ESM6 C7375
2026-04-20T13:41:14.606778290Z,2026-04-20T13:41:14.358101641Z,1,1,42384725,T,B,0,61.500000000,4,0,15118,88024477,61.000000000,61.500000000,25,4,4,1,ESM6 C7400
2026-04-20T13:41:15.247156663Z,2026-04-20T13:41:14.890614193Z,1,1,42627610,T,B,0,15.400000000,2,0,16420,88031999,15.300000000,15.400000000,3,22,1,2,ESM6 C7650
2026-04-20T13:41:17.021088854Z,2026-04-20T13:41:16.386943091Z,1,1,42404374,T,A,0,127.000000000,1,0,15371,88061337,127.000000000,127.500000000,1,91,1,5,ESM6 P7000
2026-04-20T13:41:20.455549790Z,2026-04-20T13:41:19.920513809Z,1,1,42883305,T,A,0,38.250000000,3,0,14208,88120743,38.250000000,38.500000000,3,14,1,2,ESM6 P6375
2026-04-20T13:41:21.549312519Z,2026-04-20T13:41:21.243169335Z,1,1,2513498,T,A,0,0.950000000,1,0,13203,26028115,0.950000000,1.050000000,2208,519,3,1,UD:1V: VT 2513498
2026-04-20T13:41:36.383008913Z,2026-04-20T13:41:36.166657759Z,1,1,42760624,T,B,0,98.250000000,4,0,11426,88341560,97.750000000,98.250000000,57,4,7,1,ESM6 P6875
2026-04-20T13:41:41.960433878Z,2026-04-20T13:41:41.855725351Z,1,1,2693512,T,A,0,13.200000000,25,0,18810,26157162,13.200000000,13.500000000,25,882,2,6,UD:1V: VT 2693512
2026-04-20T13:41:55.753087765Z,2026-04-20T13:41:55.752566493Z,1,1,42384725,T,A,0,61.250000000,20,0,20117,88629082,61.250000000,61.500000000,20,69,1,5,ESM6 C7400
2026-04-20T13:41:56.728742225Z,2026-04-20T13:41:56.614201157Z,1,1,42867406,T,A,0,54.000000000,20,0,14259,88639570,54.000000000,54.250000000,20,62,1,4,ESM6 C7425
2026-04-20T13:41:57.139842185Z,2026-04-20T13:41:56.896943923Z,1,1,42903306,T,A,0,69.000000000,19,0,22452,88646007,69.000000000,69.250000000,19,59,1,5,ESM6 C7375
2026-04-20T13:41:58.534272260Z,2026-04-20T13:41:58.135231311Z,1,1,2512343,T,A,0,61.000000000,1,0,12504,26263193,61.000000000,61.250000000,1,439,1,3,UD:1V: VT 2512343
2026-04-20T13:42:04.643951644Z,2026-04-20T13:42:04.632440923Z,1,1,42366510,T,A,0,203.500000000,3,0,19754,88751235,203.500000000,204.000000000,3,19,1,6,ESM6 C7100
2026-04-20T13:42:08.360836097Z,2026-04-20T13:42:08.296779357Z,1,1,2693512,T,B,0,13.200000000,98,0,18596,26321367,13.100000000,13.200000000,292,98,3,1,UD:1V: VT 2693512
2026-04-20T13:42:21.394759113Z,2026-04-20T13:42:21.394160609Z,1,1,2513517,T,B,0,39.500000000,1,0,12883,26398447,39.250000000,39.500000000,1,895,1,4,UD:1V: VT 2513517
2026-04-20T13:42:23.256443298Z,2026-04-20T13:42:23.231809633Z,1,1,42510079,T,B,0,77.500000000,1,0,17923,88992628,77.000000000,77.500000000,107,1,9,1,ESM6 C7350
2026-04-20T13:42:32.065051185Z,2026-04-20T13:42:31.549576627Z,1,1,42366510,T,B,0,204.000000000,1,0,13979,89089604,203.500000000,204.000000000,30,1,5,1,ESM6 C7100
2026-04-20T13:42:41.214175478Z,2026-04-20T13:42:40.935193091Z,1,1,2676326,T,A,0,0.600000000,2,0,11567,26499562,0.600000000,0.750000000,2,2226,1,5,UD:1V: VT 2676326
2026-04-20T13:42:50.795814755Z,2026-04-20T13:42:50.787356435Z,1,1,42543415,T,B,0,71.000000000,6,0,16899,89330754,70.000000000,71.000000000,79,6,2,1,ESU7 C9000
2026-04-20T13:43:05.489325379Z,2026-04-20T13:43:05.352840543Z,1,1,42404374,T,B,0,127.000000000,1,0,14315,89504518,126.500000000,127.000000000,75,1,9,1,ESM6 P7000
2026-04-20T13:43:12.668223806Z,2026-04-20T13:43:12.667094159Z,1,1,2512968,T,A,0,9.500000000,2,0,13629,26665951,9.500000000,9.600000000,2,273,1,3,UD:1V: VT 2512968
2026-04-20T13:43:14.434376638Z,2026-04-20T13:43:14.371172469Z,1,1,42603609,T,B,0,98.250000000,5,0,22077,89620451,98.000000000,98.250000000,20,5,1,1,ESU7 C8800
2026-04-20T13:43:14.859785582Z,2026-04-20T13:43:14.846288245Z,1,1,42603609,T,A,0,98.250000000,15,0,21851,89624637,98.250000000,98.750000000,15,33,1,1,ESU7 C8800
2026-04-20T13:43:15.055342916Z,2026-04-20T13:43:15.054830025Z,1,1,42394754,T,A,0,28.500000000,1,0,18550,89626400,28.500000000,28.750000000,31,2,2,2,ESM6 P6200
2026-04-20T13:43:17.879266308Z,2026-04-20T13:43:17.681194375Z,1,1,42384731,T,A,0,249.000000000,1,0,14338,89654515,249.000000000,249.500000000,1,5,1,1,ESM6 P7300
2026-04-20T13:43:18.716206745Z,2026-04-20T13:43:18.715617119Z,1,1,42394754,T,B,0,28.500000000,1,0,13603,89666935,28.250000000,28.500000000,284,1,8,1,ESM6 P6200
2026-04-20T13:43:22.025884930Z,2026-04-20T13:43:22.023452491Z,1,1,42394754,T,B,0,28.500000000,1,0,13915,89697654,28.250000000,28.500000000,284,1,8,1,ESM6 P6200
2026-04-20T13:43:22.243150489Z,2026-04-20T13:43:22.242809199Z,1,1,42394754,T,B,0,28.500000000,1,0,12314,89699072,28.250000000,28.500000000,284,1,8,1,ESM6 P6200
2026-04-20T13:43:24.610426718Z,2026-04-20T13:43:23.419438033Z,1,1,42883305,T,A,0,38.000000000,2,0,14300,89729502,38.000000000,38.500000000,2,146,1,4,ESM6 P6375
2026-04-20T13:43:31.015547799Z,2026-04-20T13:43:30.989507311Z,1,1,42394754,T,B,0,28.500000000,1,0,13160,89838795,28.250000000,28.500000000,243,1,8,1,ESM6 P6200
2026-04-20T13:43:31.127433287Z,2026-04-20T13:43:31.009815673Z,1,1,42394754,T,A,0,28.250000000,1,0,14323,89840592,28.250000000,28.750000000,243,77,8,4,ESM6 P6200
2026-04-20T13:43:50.113171699Z,2026-04-20T13:43:50.112653421Z,1,1,42821844,T,A,0,25.000000000,1,0,15599,90073180,25.000000000,25.500000000,16,317,3,9,ESM6 P6125
2026-04-20T13:43:50.563085481Z,2026-04-20T13:43:50.360953363Z,1,1,42394753,T,A,0,19.300000000,1,0,17271,90079939,19.300000000,19.500000000,4,64,1,4,ESM6 P5950
2026-04-20T13:43:50.777133636Z,2026-04-20T13:43:50.672537989Z,1,1,42836583,T,A,0,29.250000000,1,0,17230,90084112,29.250000000,29.750000000,18,179,3,6,ESM6 P6225
2026-04-20T13:43:50.851291978Z,2026-04-20T13:43:50.792744991Z,1,1,42836582,T,A,0,27.000000000,1,0,14050,90085804,27.000000000,27.500000000,12,306,2,9,ESM6 P6175
2026-04-20T13:43:51.497361640Z,2026-04-20T13:43:51.496849753Z,1,1,42409672,T,A,0,18.000000000,1,0,13131,90095246,18.000000000,18.200000000,4,171,1,6,ESM6 P5900
2026-04-20T13:43:57.257110329Z,2026-04-20T13:43:57.256715873Z,1,1,2689774,T,A,0,98.250000000,1,0,15288,26926650,98.250000000,98.500000000,1,233,1,5,UD:1V: VT 2689774
2026-04-20T13:43:58.752548027Z,2026-04-20T13:43:58.730271007Z,1,1,42510079,T,B,0,78.500000000,57,0,18137,90188749,78.000000000,78.500000000,28,57,4,6,ESM6 C7350
2026-04-20T13:43:58.791069549Z,2026-04-20T13:43:58.752425469Z,1,1,42510079,T,A,0,78.500000000,8,0,11403,90189456,78.500000000,78.750000000,178,27,1,4,ESM6 C7350
2026-04-20T13:43:58.791107351Z,2026-04-20T13:43:58.752458587Z,1,1,42510079,T,A,0,78.500000000,110,0,11391,90189458,78.500000000,78.750000000,170,27,1,4,ESM6 C7350
2026-04-20T13:43:58.802431574Z,2026-04-20T13:43:58.752462557Z,1,1,42510079,T,A,0,78.500000000,60,0,12037,90189695,78.500000000,78.750000000,60,25,1,3,ESM6 C7350
2026-04-20T13:44:03.914082028Z,2026-04-20T13:44:03.635539633Z,1,1,2513656,T,B,0,596.000000000,100,0,17725,26962932,,596.000000000,0,100,0,1,UD:1V:CRR 2513656
2026-04-20T13:44:24.276567207Z,2026-04-20T13:44:24.275981829Z,1,1,2513656,T,B,0,596.000000000,50,0,14634,27054859,,596.000000000,0,50,0,1,UD:1V:CRR 2513656
2026-04-20T13:44:25.437379550Z,2026-04-20T13:44:25.323214227Z,1,1,42366510,T,A,0,205.000000000,3,0,11627,90481310,205.000000000,205.500000000,3,1,1,1,ESM6 C7100
2026-04-20T13:44:28.976491774Z,2026-04-20T13:44:28.790990497Z,1,1,42492708,T,B,0,389.500000000,1,0,14491,90520516,389.000000000,389.500000000,15,17,2,1,ESZ6 P7250
2026-04-20T13:44:31.608414196Z,2026-04-20T13:44:31.501507161Z,1,1,2691320,T,A,0,9.000000000,17,0,15013,27090769,9.000000000,9.400000000,729,1666,3,5,UD:1V: VT 2691320
2026-04-20T13:44:31.625820411Z,2026-04-20T13:44:31.510356247Z,1,1,2691320,T,A,0,9.000000000,1,0,15945,27090858,9.000000000,9.400000000,712,1666,3,5,UD:1V: VT 2691320
2026-04-20T13:44:31.722837931Z,2026-04-20T13:44:31.570779577Z,1,1,2691320,T,A,0,9.000000000,1,0,14463,27091590,9.000000000,9.400000000,711,1666,3,5,UD:1V: VT 2691320
2026-04-20T13:44:31.743214499Z,2026-04-20T13:44:31.575400093Z,1,1,2691320,T,A,0,9.000000000,1,0,11288,27091716,9.000000000,9.400000000,710,1666,3,5,UD:1V: VT 2691320
2026-04-20T13:44:31.989454380Z,2026-04-20T13:44:31.945779285Z,1,1,2691320,T,A,0,9.000000000,17,0,13279,27093520,9.000000000,9.400000000,709,1666,3,5,UD:1V: VT 2691320
2026-04-20T13:44:32.007277827Z,2026-04-20T13:44:31.993818113Z,1,1,2513656,T,B,0,596.000000000,100,0,16018,27093655,,596.000000000,0,100,0,1,UD:1V:CRR 2513656
2026-04-20T13:44:32.011294372Z,2026-04-20T13:44:32.009540687Z,1,1,2691320,T,A,0,9.000000000,2,0,13289,27093688,9.000000000,9.400000000,692,1666,3,5,UD:1V: VT 2691320
2026-04-20T13:44:32.223046569Z,2026-04-20T13:44:32.222378261Z,1,1,2691320,T,A,0,9.000000000,1,0,17358,27094093,9.000000000,9.400000000,690,1666,3,5,UD:1V: VT 2691320
2026-04-20T13:44:32.440692593Z,2026-04-20T13:44:32.433001207Z,1,1,2691320,T,A,0,9.000000000,16,0,13986,27094716,9.000000000,9.400000000,689,1666,3,5,UD:1V: VT 2691320
2026-04-20T13:44:32.789335331Z,2026-04-20T13:44:32.788778099Z,1,1,2691320,T,A,0,9.000000000,17,0,14587,27095549,9.000000000,9.400000000,673,1666,3,5,UD:1V: VT 2691320
2026-04-20T13:44:33.022709937Z,2026-04-20T13:44:32.988405623Z,1,1,42505875,T,B,0,355.000000000,1,0,13953,90566498,354.500000000,355.000000000,4,18,1,1,ESZ6 P7150
2026-04-20T13:44:33.180035043Z,2026-04-20T13:44:33.178788171Z,1,1,2691320,T,A,0,9.000000000,12,0,17383,27096976,9.000000000,9.400000000,656,1666,3,5,UD:1V: VT 2691320
2026-04-20T13:44:33.632374227Z,2026-04-20T13:44:33.600234999Z,1,1,2691320,T,A,0,9.000000000,14,0,13430,27098695,9.000000000,9.400000000,644,1666,3,5,UD:1V: VT 2691320
2026-04-20T13:44:33.863420033Z,2026-04-20T13:44:33.758220909Z,1,1,2691320,T,A,0,9.000000000,1,0,15627,27100655,9.000000000,9.400000000,630,1666,3,5,UD:1V: VT 2691320
2026-04-20T13:44:33.931388283Z,2026-04-20T13:44:33.864046593Z,1,1,2691320,T,A,0,9.000000000,13,0,14649,27101520,9.000000000,9.400000000,629,1666,3,5,UD:1V: VT 2691320
2026-04-20T13:44:33.940682864Z,2026-04-20T13:44:33.877787099Z,1,1,2691320,T,A,0,9.000000000,1,0,11315,27101660,9.000000000,9.400000000,616,1666,3,5,UD:1V: VT 2691320
2026-04-20T13:44:34.019414443Z,2026-04-20T13:44:33.955805751Z,1,1,2691320,T,A,0,9.000000000,1,0,14319,27102197,9.000000000,9.400000000,615,1666,3,5,UD:1V: VT 2691320
2026-04-20T13:44:34.398321750Z,2026-04-20T13:44:34.397779201Z,1,1,2691320,T,A,0,9.000000000,11,0,14073,27103278,9.000000000,9.400000000,614,1666,3,5,UD:1V: VT 2691320
2026-04-20T13:44:34.466175355Z,2026-04-20T13:44:34.449780167Z,1,1,2691320,T,A,0,9.000000000,1,0,15362,27103768,9.000000000,9.400000000,603,1666,3,5,UD:1V: VT 2691320
2026-04-20T13:44:34.684402997Z,2026-04-20T13:44:34.683780525Z,1,1,2691320,T,A,0,9.000000000,11,0,14284,27104616,9.000000000,9.400000000,602,1666,3,5,UD:1V: VT 2691320
2026-04-20T13:44:34.998632271Z,2026-04-20T13:44:34.993779549Z,1,1,2691320,T,A,0,9.000000000,11,0,13506,27106419,9.000000000,9.400000000,591,1666,3,5,UD:1V: VT 2691320
2026-04-20T13:44:35.001678019Z,2026-04-20T13:44:34.995867575Z,1,1,2691320,T,A,0,9.000000000,1,0,13202,27106451,9.000000000,9.400000000,580,1666,3,5,UD:1V: VT 2691320
2026-04-20T13:44:35.267241892Z,2026-04-20T13:44:35.266691257Z,1,1,2691320,T,A,0,9.000000000,8,0,14481,27107567,9.000000000,9.400000000,579,1666,3,5,UD:1V: VT 2691320
2026-04-20T13:44:35.799660694Z,2026-04-20T13:44:35.750779503Z,1,1,2691320,T,A,0,9.000000000,5,0,13064,27109792,9.000000000,9.400000000,571,1666,3,5,UD:1V: VT 2691320
2026-04-20T13:44:35.811819285Z,2026-04-20T13:44:35.779732673Z,1,1,2691320,T,A,0,9.000000000,1,0,14524,27109926,9.000000000,9.400000000,566,1666,3,5,UD:1V: VT 2691320
2026-04-20T13:44:35.885484635Z,2026-04-20T13:44:35.883148491Z,1,1,2691320,T,A,0,9.000000000,1,0,13833,27110362,9.000000000,9.400000000,565,1666,3,5,UD:1V: VT 2691320
2026-04-20T13:44:36.031407563Z,2026-04-20T13:44:36.030778195Z,1,1,2691320,T,A,0,9.000000000,5,0,13910,27110974,9.000000000,9.400000000,564,1666,3,5,UD:1V: VT 2691320
2026-04-20T13:44:36.109342211Z,2026-04-20T13:44:36.108801109Z,1,1,2691320,T,A,0,9.000000000,1,0,16706,27111176,9.000000000,9.400000000,559,1666,3,5,UD:1V: VT 2691320
2026-04-20T13:44:36.169783904Z,2026-04-20T13:44:36.166663133Z,1,1,2691320,T,A,0,9.000000000,1,0,13985,27111311,9.000000000,9.400000000,558,1666,3,5,UD:1V: VT 2691320
2026-04-20T13:44:36.412867462Z,2026-04-20T13:44:36.412283595Z,1,1,2691320,T,A,0,9.000000000,12,0,17381,27111612,9.000000000,9.400000000,557,1666,3,5,UD:1V: VT 2691320
2026-04-20T13:44:36.424664556Z,2026-04-20T13:44:36.416059349Z,1,1,2691320,T,A,0,9.000000000,1,0,11345,27111712,9.000000000,9.400000000,545,1666,3,5,UD:1V: VT 2691320
2026-04-20T13:44:36.901860086Z,2026-04-20T13:44:36.886780879Z,1,1,2691320,T,A,0,9.000000000,13,0,18301,27112903,9.000000000,9.400000000,544,1666,3,5,UD:1V: VT 2691320
2026-04-20T13:44:37.225838101Z,2026-04-20T13:44:37.224779197Z,1,1,2691320,T,A,0,9.000000000,9,0,13666,27113832,9.000000000,9.400000000,531,1666,3,5,UD:1V: VT 2691320
2026-04-20T13:44:37.459301467Z,2026-04-20T13:44:37.458780167Z,1,1,2691320,T,A,0,9.000000000,8,0,13819,27114037,9.000000000,9.400000000,522,1666,3,5,UD:1V: VT 2691320
2026-04-20T13:44:37.534279620Z,2026-04-20T13:44:37.533777421Z,1,1,2691320,T,A,0,9.000000000,1,0,14297,27114156,9.000000000,9.400000000,514,1666,3,5,UD:1V: VT 2691320
2026-04-20T13:44:37.941188281Z,2026-04-20T13:44:37.939878905Z,1,1,2691320,T,A,0,9.000000000,9,0,17294,27114619,9.000000000,9.400000000,513,1666,3,5,UD:1V: VT 2691320
2026-04-20T13:44:38.336599388Z,2026-04-20T13:44:38.305365989Z,1,1,2691320,T,A,0,9.000000000,7,0,14049,27115999,9.000000000,9.400000000,504,1666,3,5,UD:1V: VT 2691320
2026-04-20T13:44:38.360487611Z,2026-04-20T13:44:38.332299285Z,1,1,2691320,T,A,0,9.000000000,1,0,13319,27116257,9.000000000,9.400000000,497,1666,3,5,UD:1V: VT 2691320
2026-04-20T13:44:38.594060559Z,2026-04-20T13:44:38.586778741Z,1,1,2691320,T,A,0,9.000000000,5,0,16573,27117244,9.000000000,9.400000000,496,1666,3,5,UD:1V: VT 2691320
2026-04-20T13:44:38.827222854Z,2026-04-20T13:44:38.826636525Z,1,1,2691320,T,A,0,9.000000000,1,0,17329,27117774,9.000000000,9.400000000,491,1666,3,5,UD:1V: VT 2691320
2026-04-20T13:44:38.871055610Z,2026-04-20T13:44:38.843780665Z,1,1,2691320,T,A,0,9.000000000,1,0,14592,27118152,9.000000000,9.400000000,490,1666,3,5,UD:1V: VT 2691320
2026-04-20T13:44:39.245100899Z,2026-04-20T13:44:39.244414867Z,1,1,2691320,T,A,0,9.000000000,3,0,13331,27119428,9.000000000,9.400000000,489,1666,3,5,UD:1V: VT 2691320
2026-04-20T13:44:39.253004703Z,2026-04-20T13:44:39.244729973Z,1,1,2691320,T,A,0,9.000000000,1,0,13823,27119476,9.000000000,9.400000000,486,1666,3,5,UD:1V: VT 2691320
2026-04-20T13:44:39.271996967Z,2026-04-20T13:44:39.246186743Z,1,1,2691320,T,A,0,9.000000000,1,0,13042,27119614,9.000000000,9.400000000,485,1666,3,5,UD:1V: VT 2691320
2026-04-20T13:44:39.473935271Z,2026-04-20T13:44:39.473276923Z,1,1,2691320,T,A,0,9.000000000,3,0,17403,27121136,9.000000000,9.400000000,484,1666,3,5,UD:1V: VT 2691320
2026-04-20T13:44:39.476239574Z,2026-04-20T13:44:39.473474829Z,1,1,2691320,T,A,0,9.000000000,1,0,13120,27121156,9.000000000,9.400000000,481,1666,3,5,UD:1V: VT 2691320
2026-04-20T13:44:39.661781867Z,2026-04-20T13:44:39.657435053Z,1,1,2691320,T,A,0,9.000000000,1,0,13917,27122079,9.000000000,9.400000000,480,1666,3,5,UD:1V: VT 2691320
2026-04-20T13:44:39.887895975Z,2026-04-20T13:44:39.886384389Z,1,1,2691320,T,A,0,9.000000000,2,0,14533,27122793,9.000000000,9.400000000,479,1666,3,5,UD:1V: VT 2691320
2026-04-20T13:44:39.909293279Z,2026-04-20T13:44:39.904559831Z,1,1,2691320,T,A,0,9.000000000,1,0,16973,27122886,9.000000000,9.400000000,477,1666,3,5,UD:1V: VT 2691320
2026-04-20T13:44:39.968057794Z,2026-04-20T13:44:39.953778797Z,1,1,2691320,T,A,0,9.000000000,1,0,24204,27123218,9.000000000,9.400000000,476,1666,3,5,UD:1V: VT 2691320
2026-04-20T13:44:40.087155476Z,2026-04-20T13:44:40.083803771Z,1,1,2691320,T,A,0,9.000000000,6,0,19472,27123849,9.000000000,9.400000000,475,1666,3,5,UD:1V: VT 2691320
2026-04-20T13:44:40.189434638Z,2026-04-20T13:44:40.187780535Z,1,1,2691320,T,A,0,9.000000000,1,0,13420,27124168,9.000000000,9.400000000,469,1666,3,5,UD:1V: VT 2691320
2026-04-20T13:44:40.220266774Z,2026-04-20T13:44:40.219779983Z,1,1,2691320,T,A,0,9.000000000,1,0,13086,27124224,9.000000000,9.400000000,468,1666,3,5,UD:1V: VT 2691320
2026-04-20T13:44:40.803727095Z,2026-04-20T13:44:40.801530161Z,1,1,2691320,T,A,0,9.000000000,9,0,13697,27125541,9.000000000,9.400000000,467,1666,3,5,UD:1V: VT 2691320
2026-04-20T13:44:41.088047873Z,2026-04-20T13:44:41.074780659Z,1,1,2691320,T,A,0,9.000000000,9,0,14928,27126038,9.000000000,9.400000000,458,1666,3,5,UD:1V: VT 2691320
2026-04-20T13:44:41.163277395Z,2026-04-20T13:44:41.133510637Z,1,1,2691320,T,A,0,9.000000000,1,0,14467,27126625,9.000000000,9.400000000,449,1666,3,5,UD:1V: VT 2691320
2026-04-20T13:44:41.367883439Z,2026-04-20T13:44:41.227779097Z,1,1,2691320,T,A,0,9.000000000,1,0,14746,27128440,9.000000000,9.400000000,319,1666,2,5,UD:1V: VT 2691320
2026-04-20T13:44:41.427342526Z,2026-04-20T13:44:41.343653489Z,1,1,2691320,T,A,0,9.000000000,5,0,21790,27129075,9.000000000,9.400000000,318,1666,2,5,UD:1V: VT 2691320
2026-04-20T13:44:41.633550444Z,2026-04-20T13:44:41.597311757Z,1,1,42492708,T,B,0,389.500000000,1,0,11411,90645181,388.500000000,389.500000000,11,17,1,1,ESZ6 P7250
2026-04-20T13:44:41.742175211Z,2026-04-20T13:44:41.620839789Z,1,1,2691320,T,A,0,9.000000000,4,0,20635,27131189,9.000000000,9.400000000,313,1666,2,5,UD:1V: VT 2691320
2026-04-20T13:44:41.783712592Z,2026-04-20T13:44:41.643782529Z,1,1,2691320,T,A,0,9.000000000,1,0,13372,27131486,9.000000000,9.400000000,309,1666,2,5,UD:1V: VT 2691320
2026-04-20T13:44:41.984706847Z,2026-04-20T13:44:41.983487615Z,1,1,2691320,T,A,0,9.000000000,4,0,13391,27132757,9.000000000,9.400000000,439,1666,3,5,UD:1V: VT 2691320
2026-04-20T13:44:42.035292550Z,2026-04-20T13:44:42.034782129Z,1,1,2691320,T,A,0,9.000000000,1,0,15819,27132847,9.000000000,9.300000000,435,370,3,1,UD:1V: VT 2691320
2026-04-20T13:44:42.643659684Z,2026-04-20T13:44:42.639569949Z,1,1,2691320,T,A,0,9.000000000,4,0,13204,27134374,9.000000000,9.300000000,434,512,3,2,UD:1V: VT 2691320
2026-04-20T13:44:42.645369297Z,2026-04-20T13:44:42.639612803Z,1,1,2691320,T,A,0,9.000000000,1,0,13556,27134381,9.000000000,9.300000000,430,512,3,2,UD:1V: VT 2691320
2026-04-20T13:44:42.809502236Z,2026-04-20T13:44:42.797464919Z,1,1,2691320,T,A,0,9.000000000,1,0,11609,27134824,9.000000000,9.300000000,429,512,3,2,UD:1V: VT 2691320
2026-04-20T13:44:42.928663975Z,2026-04-20T13:44:42.811779821Z,1,1,2691320,T,A,0,9.000000000,1,0,13022,27135718,9.000000000,9.300000000,297,512,2,2,UD:1V: VT 2691320
2026-04-20T13:44:43.021103622Z,2026-04-20T13:44:42.841647135Z,1,1,2691320,T,A,0,9.000000000,1,0,18925,27136324,9.000000000,9.300000000,296,512,2,2,UD:1V: VT 2691320
2026-04-20T13:44:43.201301033Z,2026-04-20T13:44:43.019783591Z,1,1,2691320,T,A,0,9.000000000,4,0,16555,27137835,9.000000000,9.300000000,295,750,2,3,UD:1V: VT 2691320
2026-04-20T13:44:43.224718327Z,2026-04-20T13:44:43.045781367Z,1,1,2691320,T,A,0,9.000000000,1,0,21319,27138029,9.000000000,9.300000000,291,750,2,3,UD:1V: VT 2691320
2026-04-20T13:44:43.480205063Z,2026-04-20T13:44:43.205657477Z,1,1,2691320,T,A,0,9.000000000,1,0,19048,27140593,9.000000000,9.300000000,290,750,2,3,UD:1V: VT 2691320
2026-04-20T13:44:43.488782811Z,2026-04-20T13:44:43.208687897Z,1,1,2691320,T,A,0,9.000000000,1,0,12840,27140654,9.000000000,9.300000000,289,750,2,3,UD:1V: VT 2691320
2026-04-20T13:44:43.731378617Z,2026-04-20T13:44:43.331780905Z,1,1,2691320,T,A,0,9.000000000,1,0,11995,27142304,9.000000000,9.300000000,288,750,2,3,UD:1V: VT 2691320
2026-04-20T13:44:44.067638998Z,2026-04-20T13:44:43.497012845Z,1,1,2691320,T,A,0,9.000000000,1,0,13613,27144766,9.000000000,9.300000000,52,512,1,2,UD:1V: VT 2691320
2026-04-20T13:44:44.106483255Z,2026-04-20T13:44:43.567872209Z,1,1,2691320,T,A,0,9.000000000,5,0,12916,27145134,9.000000000,9.300000000,51,512,1,2,UD:1V: VT 2691320
2026-04-20T13:44:44.260682103Z,2026-04-20T13:44:43.752938961Z,1,1,2691320,T,A,0,9.000000000,2,0,12932,27146277,9.000000000,9.300000000,46,512,1,2,UD:1V: VT 2691320
2026-04-20T13:44:47.344568157Z,2026-04-20T13:44:47.343708029Z,1,1,2685818,T,A,0,5.700000000,4,0,15819,27163912,5.700000000,6.100000000,4,20,1,2,UD:1V: GN 2685818
2026-04-20T13:44:49.872097699Z,2026-04-20T13:44:49.844960315Z,1,1,42492708,T,B,0,389.500000000,1,0,17621,90747038,389.000000000,389.500000000,53,17,2,1,ESZ6 P7250
2026-04-20T13:44:51.235917993Z,2026-04-20T13:44:51.235271251Z,1,1,2513656,T,B,0,596.000000000,100,0,17681,27178698,,596.000000000,0,100,0,1,UD:1V:CRR 2513656
2026-04-20T13:44:57.479946943Z,2026-04-20T13:44:57.402090495Z,1,1,42492708,T,B,0,390.000000000,1,0,15165,90837483,389.500000000,390.000000000,4,17,1,1,ESZ6 P7250
2026-04-20T13:45:03.250735771Z,2026-04-20T13:45:03.041483363Z,1,1,2685818,T,A,0,5.700000000,4,0,15576,27258508,5.700000000,6.100000000,4,20,1,2,UD:1V: GN 2685818
2026-04-20T13:45:03.585628694Z,2026-04-20T13:45:03.585103521Z,1,1,42394812,T,A,0,83.750000000,1,0,13135,90938613,83.750000000,84.500000000,86,74,6,4,ESM6 P6800
2026-04-20T13:45:11.021122022Z,2026-04-20T13:45:10.436551903Z,1,1,42510079,T,B,0,78.250000000,1,0,13645,91066398,78.000000000,78.250000000,25,1,2,1,ESM6 C7350
2026-04-20T13:45:14.520092892Z,2026-04-20T13:45:14.064838653Z,1,1,42366506,T,B,0,4.800000000,16,0,18420,91130140,4.750000000,4.800000000,88,16,4,1,ESM6 P4700
2026-04-20T13:45:15.309740091Z,2026-04-20T13:45:14.967480545Z,1,1,2512968,T,B,0,9.500000000,3,0,13410,27361647,9.300000000,9.500000000,948,147,6,2,UD:1V: VT 2512968
2026-04-20T13:45:17.008780071Z,2026-04-20T13:45:16.824074359Z,1,1,42404374,T,B,0,126.000000000,1,0,11437,91171423,125.500000000,126.000000000,33,1,6,1,ESM6 P7000
2026-04-20T13:45:36.906259824Z,2026-04-20T13:45:36.305041649Z,1,1,42399706,T,B,0,69.000000000,1,0,11511,91408765,68.750000000,69.000000000,33,1,2,1,ESM6 P6700
2026-04-20T13:45:45.365548566Z,2026-04-20T13:45:45.365166793Z,1,1,42394754,T,B,0,28.250000000,1,0,17811,91525900,28.000000000,28.250000000,244,1,8,1,ESM6 P6200
2026-04-20T13:45:58.212048556Z,2026-04-20T13:45:58.211492463Z,1,1,42510079,T,B,0,78.500000000,1,0,17508,91691713,78.250000000,78.500000000,72,1,7,1,ESM6 C7350
2026-04-20T13:45:59.960903232Z,2026-04-20T13:45:59.950095505Z,1,1,42366510,T,B,0,206.000000000,2,0,14354,91718127,205.500000000,206.000000000,50,3,8,1,ESM6 C7100
2026-04-20T13:45:59.961120641Z,2026-04-20T13:45:59.950265011Z,1,1,42366510,T,B,0,206.000000000,1,0,12171,91718129,205.500000000,206.000000000,50,1,8,1,ESM6 C7100
2026-04-20T13:46:12.140972263Z,2026-04-20T13:46:12.128765105Z,1,1,42429372,T,B,0,81.500000000,28,0,29339,91872336,81.250000000,81.500000000,12,28,2,1,ESU6 C7700
2026-04-20T13:46:17.634352923Z,2026-04-20T13:46:17.604652855Z,1,1,42394754,T,B,0,28.250000000,2,0,11182,91928985,28.000000000,28.250000000,215,2,8,2,ESM6 P6200
2026-04-20T13:46:17.727832667Z,2026-04-20T13:46:17.604640281Z,1,1,2607680,T,A,0,59.500000000,2,0,21341,27719666,59.500000000,59.750000000,4,491,1,7,UD:1V: VT 2607680
2026-04-20T13:46:17.747088822Z,2026-04-20T13:46:17.727836531Z,1,1,2607680,T,A,0,59.500000000,2,0,11431,27720532,59.500000000,59.750000000,2,491,1,7,UD:1V: VT 2607680
2026-04-20T13:46:40.689836810Z,2026-04-20T13:46:40.419203119Z,1,1,42404374,T,B,0,126.000000000,4,0,16894,92222670,125.000000000,126.000000000,55,4,4,1,ESM6 P7000
2026-04-20T13:46:40.751001657Z,2026-04-20T13:46:40.419208201Z,1,1,42836584,T,B,0,133.000000000,4,0,15804,92223664,132.000000000,133.000000000,49,4,3,1,ESM6 P7025
2026-04-20T13:46:54.598964806Z,2026-04-20T13:46:54.586122629Z,1,1,42404370,T,A,0,39.500000000,65,0,24544,92402804,39.500000000,40.000000000,65,287,4,7,ESM6 P6400
2026-04-20T13:46:54.620527892Z,2026-04-20T13:46:54.598890523Z,1,1,42404370,T,B,0,39.500000000,23,0,13076,92403252,39.250000000,39.500000000,226,137,6,1,ESM6 P6400
2026-04-20T13:46:54.620664743Z,2026-04-20T13:46:54.598950041Z,1,1,42404370,T,B,0,39.500000000,86,0,12016,92403254,39.250000000,39.500000000,226,114,6,1,ESM6 P6400
2026-04-20T13:46:54.620683865Z,2026-04-20T13:46:54.598968203Z,1,1,42404370,T,B,0,39.500000000,28,0,11317,92403256,39.250000000,39.500000000,226,28,6,1,ESM6 P6400
2026-04-20T13:47:00.259001723Z,2026-04-20T13:47:00.159779545Z,1,1,2691320,T,A,0,9.000000000,1,0,14187,27976764,9.000000000,9.300000000,973,1411,4,4,UD:1V: VT 2691320
2026-04-20T13:47:00.560075154Z,2026-04-20T13:47:00.506347729Z,1,1,2691320,T,A,0,9.000000000,1,0,19210,27979705,9.000000000,9.300000000,972,1411,4,4,UD:1V: VT 2691320
2026-04-20T13:47:05.830631676Z,2026-04-20T13:47:05.804348009Z,1,1,2607680,T,A,0,59.250000000,1,0,12869,28009449,59.250000000,59.500000000,4,485,1,6,UD:1V: VT 2607680
2026-04-20T13:47:10.710867796Z,2026-04-20T13:47:10.690778555Z,1,1,2691320,T,A,0,9.000000000,1,0,14673,28041261,9.000000000,9.300000000,971,1452,4,5,UD:1V: VT 2691320
2026-04-20T13:47:10.746924055Z,2026-04-20T13:47:10.698918385Z,1,1,2691320,T,A,0,9.000000000,1,0,16051,28041531,9.000000000,9.300000000,970,1452,4,5,UD:1V: VT 2691320
2026-04-20T13:47:11.042693491Z,2026-04-20T13:47:10.894574815Z,1,1,42429372,T,B,0,81.000000000,1,0,12888,92623894,80.750000000,81.000000000,12,1,2,1,ESU6 C7700
2026-04-20T13:47:11.098374091Z,2026-04-20T13:47:10.961801217Z,1,1,2691320,T,A,0,9.000000000,2,0,14116,28044255,9.000000000,9.300000000,969,1452,4,5,UD:1V: VT 2691320
2026-04-20T13:47:11.351320001Z,2026-04-20T13:47:11.350779559Z,1,1,2691320,T,A,0,9.000000000,1,0,16721,28046174,9.000000000,9.300000000,967,1452,4,5,UD:1V: VT 2691320
2026-04-20T13:47:13.682784444Z,2026-04-20T13:47:13.682137107Z,1,1,2691320,T,A,0,9.000000000,5,0,14437,28054797,9.000000000,9.300000000,966,1452,4,5,UD:1V: VT 2691320
2026-04-20T13:47:13.994879763Z,2026-04-20T13:47:13.993778677Z,1,1,2691320,T,A,0,9.000000000,4,0,17071,28055347,9.000000000,9.300000000,961,1452,4,5,UD:1V: VT 2691320
2026-04-20T13:47:14.008698164Z,2026-04-20T13:47:14.000849013Z,1,1,2691320,T,A,0,9.000000000,1,0,14249,28055380,9.000000000,9.300000000,957,1452,4,5,UD:1V: VT 2691320
2026-04-20T13:47:14.088820252Z,2026-04-20T13:47:14.081897987Z,1,1,2691320,T,A,0,9.000000000,1,0,14830,28055667,9.000000000,9.300000000,956,1452,4,5,UD:1V: VT 2691320
2026-04-20T13:47:14.217819238Z,2026-04-20T13:47:14.186735849Z,1,1,2691320,T,A,0,9.000000000,6,0,12905,28056597,9.000000000,9.300000000,955,1452,4,5,UD:1V: VT 2691320
2026-04-20T13:47:14.331334235Z,2026-04-20T13:47:14.201780777Z,1,1,2691320,T,A,0,9.000000000,1,0,13083,28057228,9.000000000,9.300000000,949,1452,4,5,UD:1V: VT 2691320
2026-04-20T13:47:14.421325892Z,2026-04-20T13:47:14.232655725Z,1,1,2691320,T,A,0,9.000000000,1,0,13694,28057761,9.000000000,9.300000000,948,1452,4,5,UD:1V: VT 2691320
2026-04-20T13:47:14.504692326Z,2026-04-20T13:47:14.305779273Z,1,1,2691320,T,A,0,9.000000000,1,0,13091,28058409,9.000000000,9.300000000,947,1452,4,5,UD:1V: VT 2691320
2026-04-20T13:47:14.562700393Z,2026-04-20T13:47:14.435782861Z,1,1,2691320,T,A,0,9.000000000,6,0,14346,28059064,9.000000000,9.300000000,946,1452,4,5,UD:1V: VT 2691320
2026-04-20T13:47:14.607552491Z,2026-04-20T13:47:14.539998231Z,1,1,2691320,T,A,0,9.000000000,1,0,13021,28059542,9.000000000,9.300000000,940,1452,4,5,UD:1V: VT 2691320
2026-04-20T13:47:14.642251382Z,2026-04-20T13:47:14.549414845Z,1,1,2691320,T,A,0,9.000000000,1,0,11402,28059839,9.000000000,9.300000000,939,1452,4,5,UD:1V: VT 2691320
2026-04-20T13:47:14.678158159Z,2026-04-20T13:47:14.550130023Z,1,1,2691320,T,A,0,9.000000000,1,0,14295,28060036,9.000000000,9.300000000,938,1452,4,5,UD:1V: VT 2691320
2026-04-20T13:47:15.004526851Z,2026-04-20T13:47:14.669780699Z,1,1,2691320,T,A,0,9.000000000,3,0,11937,28062441,9.000000000,9.300000000,937,1452,4,5,UD:1V: VT 2691320
2026-04-20T13:47:15.106741083Z,2026-04-20T13:47:14.832720157Z,1,1,2691320,T,A,0,9.000000000,5,0,13286,28063298,9.000000000,9.300000000,934,1452,4,5,UD:1V: VT 2691320
2026-04-20T13:47:15.107022495Z,2026-04-20T13:47:14.832821279Z,1,1,2691320,T,A,0,9.000000000,1,0,16351,28063300,9.000000000,9.300000000,929,1452,4,5,UD:1V: VT 2691320
2026-04-20T13:47:15.162562685Z,2026-04-20T13:47:14.886504959Z,1,1,2691320,T,A,0,9.000000000,3,0,13405,28063788,9.000000000,9.300000000,928,1452,4,5,UD:1V: VT 2691320
2026-04-20T13:47:15.215271884Z,2026-04-20T13:47:14.966825769Z,1,1,2691320,T,A,0,9.000000000,1,0,13291,28064293,9.000000000,9.300000000,925,1452,4,5,UD:1V: VT 2691320
2026-04-20T13:47:15.261095862Z,2026-04-20T13:47:15.079739857Z,1,1,2691320,T,A,0,9.000000000,1,0,15723,28064763,9.000000000,9.300000000,924,1452,4,5,UD:1V: VT 2691320
2026-04-20T13:47:15.292686983Z,2026-04-20T13:47:15.080713409Z,1,1,2691320,T,A,0,9.000000000,1,0,13524,28064960,9.000000000,9.300000000,923,1452,4,5,UD:1V: VT 2691320
2026-04-20T13:47:15.411477777Z,2026-04-20T13:47:15.104654279Z,1,1,2691320,T,A,0,9.000000000,1,0,12816,28065848,9.000000000,9.300000000,922,1452,4,5,UD:1V: VT 2691320
2026-04-20T13:47:15.483435081Z,2026-04-20T13:47:15.105302483Z,1,1,2691320,T,A,0,9.000000000,1,0,12742,28066352,9.000000000,9.300000000,921,1452,4,5,UD:1V: VT 2691320
2026-04-20T13:47:15.688519268Z,2026-04-20T13:47:15.337784201Z,1,1,2691320,T,A,0,9.000000000,4,0,15254,28068192,9.000000000,9.300000000,920,1452,4,5,UD:1V: VT 2691320
2026-04-20T13:47:15.689041193Z,2026-04-20T13:47:15.338094441Z,1,1,2691320,T,A,0,9.000000000,3,0,16634,28068195,9.000000000,9.300000000,916,1452,4,5,UD:1V: VT 2691320
2026-04-20T13:47:15.961213423Z,2026-04-20T13:47:15.822783847Z,1,1,2691320,T,A,0,9.000000000,4,0,18113,28070610,9.000000000,9.300000000,913,1452,4,5,UD:1V: VT 2691320
2026-04-20T13:47:15.961417566Z,2026-04-20T13:47:15.822826527Z,1,1,2691320,T,A,0,9.000000000,1,0,11221,28070612,9.000000000,9.300000000,909,1452,4,5,UD:1V: VT 2691320
2026-04-20T13:47:16.027393446Z,2026-04-20T13:47:16.010283463Z,1,1,2691320,T,A,0,9.000000000,7,0,16619,28071478,9.000000000,9.300000000,908,1452,4,5,UD:1V: VT 2691320
2026-04-20T13:47:16.181079857Z,2026-04-20T13:47:16.103779951Z,1,1,2691320,T,A,0,9.000000000,1,0,17118,28072561,9.000000000,9.300000000,758,1452,3,5,UD:1V: VT 2691320
2026-04-20T13:47:16.272016166Z,2026-04-20T13:47:16.234168315Z,1,1,2691320,T,A,0,9.000000000,7,0,18037,28073464,9.000000000,9.300000000,757,1452,3,5,UD:1V: VT 2691320
2026-04-20T13:47:16.289051935Z,2026-04-20T13:47:16.242492207Z,1,1,2691320,T,A,0,9.000000000,1,0,17120,28073514,9.000000000,9.300000000,750,1452,3,5,UD:1V: VT 2691320
2026-04-20T13:47:16.448664737Z,2026-04-20T13:47:16.448032931Z,1,1,2691320,T,A,0,9.000000000,1,0,14573,28074501,9.000000000,9.300000000,749,1452,3,5,UD:1V: VT 2691320
2026-04-20T13:47:16.469813067Z,2026-04-20T13:47:16.467784995Z,1,1,2691320,T,A,0,9.000000000,1,0,17354,28074671,9.000000000,9.300000000,748,1452,3,5,UD:1V: VT 2691320
2026-04-20T13:47:16.544199017Z,2026-04-20T13:47:16.493783193Z,1,1,2691320,T,A,0,9.000000000,12,0,15614,28075167,9.000000000,9.300000000,747,1452,3,5,UD:1V: VT 2691320
2026-04-20T13:47:16.784264172Z,2026-04-20T13:47:16.782780377Z,1,1,2691320,T,A,0,9.000000000,14,0,15481,28076254,9.000000000,9.300000000,735,1452,3,5,UD:1V: VT 2691320
2026-04-20T13:47:16.954502220Z,2026-04-20T13:47:16.886779469Z,1,1,2691320,T,A,0,9.000000000,1,0,13317,28077066,9.000000000,9.300000000,721,1452,3,5,UD:1V: VT 2691320
2026-04-20T13:47:17.041811436Z,2026-04-20T13:47:16.938782143Z,1,1,2691320,T,A,0,9.000000000,1,0,13982,28077835,9.000000000,9.300000000,720,1452,3,5,UD:1V: VT 2691320
2026-04-20T13:47:17.116717848Z,2026-04-20T13:47:17.042779967Z,1,1,2691320,T,A,0,9.000000000,9,0,13976,28078672,9.000000000,9.300000000,719,1452,3,5,UD:1V: VT 2691320
2026-04-20T13:47:17.238916807Z,2026-04-20T13:47:17.224807195Z,1,1,2691320,T,A,0,9.000000000,1,0,18389,28079610,9.000000000,9.300000000,710,1452,3,5,UD:1V: VT 2691320
2026-04-20T13:47:17.277343795Z,2026-04-20T13:47:17.276782761Z,1,1,2691320,T,A,0,9.000000000,1,0,13724,28079954,9.000000000,9.300000000,709,1452,3,5,UD:1V: VT 2691320
2026-04-20T13:47:17.576857625Z,2026-04-20T13:47:17.562780049Z,1,1,2691320,T,A,0,9.000000000,9,0,15742,28081251,9.000000000,9.300000000,708,1452,3,5,UD:1V: VT 2691320
2026-04-20T13:47:17.650245281Z,2026-04-20T13:47:17.618677131Z,1,1,2691320,T,A,0,9.000000000,2,0,14157,28081765,9.000000000,9.300000000,699,1452,3,5,UD:1V: VT 2691320
2026-04-20T13:47:17.826579100Z,2026-04-20T13:47:17.825674459Z,1,1,2691320,T,A,0,9.000000000,7,0,12491,28082704,9.000000000,9.300000000,697,1452,3,5,UD:1V: VT 2691320
2026-04-20T13:47:17.909642033Z,2026-04-20T13:47:17.897780985Z,1,1,2691320,T,A,0,9.000000000,2,0,14395,28082972,9.000000000,9.300000000,690,1452,3,5,UD:1V: VT 2691320
2026-04-20T13:47:17.909853030Z,2026-04-20T13:47:17.897821995Z,1,1,2691320,T,A,0,9.000000000,1,0,15206,28082974,9.000000000,9.300000000,688,1452,3,5,UD:1V: VT 2691320
2026-04-20T13:47:18.292007886Z,2026-04-20T13:47:18.186520573Z,1,1,2691320,T,A,0,9.000000000,3,0,17276,28085575,9.000000000,9.300000000,724,1452,3,5,UD:1V: VT 2691320
2026-04-20T13:47:18.325087974Z,2026-04-20T13:47:18.209784037Z,1,1,2691320,T,A,0,9.000000000,1,0,17865,28085893,9.000000000,9.300000000,721,1452,3,5,UD:1V: VT 2691320
2026-04-20T13:47:18.338916476Z,2026-04-20T13:47:18.214894635Z,1,1,2691320,T,A,0,9.000000000,3,0,17384,28086154,9.000000000,9.300000000,720,1452,3,5,UD:1V: VT 2691320
2026-04-20T13:47:18.704970335Z,2026-04-20T13:47:18.591910395Z,1,1,2691320,T,A,0,9.000000000,2,0,14424,28089730,9.000000000,9.300000000,717,1452,3,5,UD:1V: VT 2691320
2026-04-20T13:47:18.935307340Z,2026-04-20T13:47:18.934778087Z,1,1,2691320,T,A,0,9.000000000,1,0,15401,28090710,9.000000000,9.300000000,858,1452,3,5,UD:1V: VT 2691320
2026-04-20T13:47:19.123436838Z,2026-04-20T13:47:19.106799291Z,1,1,2691320,T,A,0,9.000000000,1,0,14724,28091534,9.000000000,9.300000000,857,1452,3,5,UD:1V: VT 2691320
2026-04-20T13:47:19.455499694Z,2026-04-20T13:47:19.454893097Z,1,1,2691320,T,A,0,9.000000000,1,0,14030,28094385,9.000000000,9.300000000,856,1452,3,5,UD:1V: VT 2691320
2026-04-20T13:47:19.661524455Z,2026-04-20T13:47:19.655111329Z,1,1,2691320,T,A,0,9.000000000,1,0,11778,28094934,9.000000000,9.300000000,855,1452,3,5,UD:1V: VT 2691320
2026-04-20T13:47:19.694776276Z,2026-04-20T13:47:19.678794613Z,1,1,2691320,T,A,0,9.000000000,1,0,12440,28095205,9.000000000,9.300000000,854,1452,3,5,UD:1V: VT 2691320
2026-04-20T13:47:23.140536673Z,2026-04-20T13:47:23.082686309Z,1,1,2691320,T,A,0,9.000000000,1,0,14547,28115322,9.000000000,9.300000000,397,824,2,4,UD:1V: VT 2691320
2026-04-20T13:47:23.284009129Z,2026-04-20T13:47:23.158726895Z,1,1,2691320,T,A,0,9.000000000,1,0,13325,28116626,9.000000000,9.300000000,396,824,2,4,UD:1V: VT 2691320
2026-04-20T13:47:23.415667673Z,2026-04-20T13:47:23.225779127Z,1,1,2691320,T,A,0,9.000000000,1,0,14959,28117646,9.000000000,9.300000000,395,824,2,4,UD:1V: VT 2691320
2026-04-20T13:47:23.458693665Z,2026-04-20T13:47:23.310895245Z,1,1,2691320,T,A,0,9.000000000,1,0,13662,28118157,9.000000000,9.300000000,394,824,2,4,UD:1V: VT 2691320
2026-04-20T13:47:23.493037177Z,2026-04-20T13:47:23.316445445Z,1,1,2691320,T,A,0,9.000000000,1,0,13489,28118455,9.000000000,9.300000000,393,824,2,4,UD:1V: VT 2691320
2026-04-20T13:47:23.615426683Z,2026-04-20T13:47:23.381779509Z,1,1,2691320,T,A,0,9.000000000,1,0,12099,28119326,9.000000000,9.300000000,392,824,2,4,UD:1V: VT 2691320
2026-04-20T13:47:23.828208375Z,2026-04-20T13:47:23.719779337Z,1,1,2691320,T,A,0,9.000000000,1,0,13324,28121325,9.000000000,9.300000000,391,824,2,4,UD:1V: VT 2691320
2026-04-20T13:47:23.828417855Z,2026-04-20T13:47:23.719837607Z,1,1,2691320,T,A,0,9.000000000,1,0,13007,28121327,9.000000000,9.300000000,390,824,2,4,UD:1V: VT 2691320
2026-04-20T13:47:23.900295451Z,2026-04-20T13:47:23.899779301Z,1,1,2691320,T,A,0,9.000000000,1,0,16143,28122014,9.000000000,9.300000000,389,824,2,4,UD:1V: VT 2691320
2026-04-20T13:47:23.933963140Z,2026-04-20T13:47:23.933414885Z,1,1,2691320,T,A,0,9.000000000,1,0,16688,28122090,9.000000000,9.300000000,388,824,2,4,UD:1V: VT 2691320
2026-04-20T13:47:24.400910497Z,2026-04-20T13:47:24.399542117Z,1,1,2691320,T,A,0,9.000000000,9,0,14515,28123418,9.000000000,9.300000000,387,824,2,4,UD:1V: VT 2691320
2026-04-20T13:47:24.745257297Z,2026-04-20T13:47:24.705781069Z,1,1,2691320,T,A,0,9.000000000,10,0,14110,28124484,9.000000000,9.300000000,378,824,2,4,UD:1V: VT 2691320
2026-04-20T13:47:24.760489035Z,2026-04-20T13:47:24.712334007Z,1,1,2691320,T,A,0,9.000000000,1,0,14549,28124588,9.000000000,9.300000000,368,824,2,4,UD:1V: VT 2691320
2026-04-20T13:47:57.759597115Z,2026-04-20T13:47:57.758992169Z,1,1,2513995,T,B,0,21.750000000,1,0,17688,28275455,21.250000000,21.750000000,122,351,3,4,UD:1V: IC 2513995
2026-04-20T13:48:03.858393643Z,2026-04-20T13:48:03.752200867Z,1,1,42429372,T,B,0,81.500000000,28,0,11547,93216126,81.000000000,81.500000000,12,28,2,1,ESU6 C7700
2026-04-20T13:48:03.897434310Z,2026-04-20T13:48:03.752230549Z,1,1,42397652,T,B,0,110.500000000,6,0,11268,93216857,109.500000000,110.500000000,59,6,4,1,ESU6 C7600
2026-04-20T13:48:04.210935446Z,2026-04-20T13:48:04.194424347Z,1,1,42409672,T,A,0,17.800000000,1,0,16763,93223322,17.800000000,18.100000000,4,227,1,7,ESM6 P5900
2026-04-20T13:48:05.479970143Z,2026-04-20T13:48:05.415272235Z,1,1,42366523,T,B,0,156.500000000,1,0,11556,93238178,156.000000000,156.500000000,81,1,5,1,ESM6 P7100
2026-04-20T13:48:13.921184751Z,2026-04-20T13:48:13.343468691Z,1,1,42506314,T,A,0,32.250000000,4,0,11158,93345167,32.250000000,32.500000000,4,102,1,2,ESU6 P5150
2026-04-20T13:48:16.401766303Z,2026-04-20T13:48:16.067168137Z,1,1,42429284,T,A,0,146.000000000,4,0,11797,93381202,146.000000000,146.500000000,4,28,1,1,ESU6 P6600
2026-04-20T13:48:20.010029268Z,2026-04-20T13:48:19.492011475Z,1,1,42429372,T,B,0,81.750000000,1,0,17736,93447983,81.500000000,81.750000000,103,1,5,1,ESU6 C7700
2026-04-20T13:48:20.106182688Z,2026-04-20T13:48:19.548308319Z,1,1,2500022,T,A,0,9.400000000,4,0,17868,28413004,9.400000000,9.700000000,4,1094,1,5,UD:1V: VT 2500022
2026-04-20T13:48:20.802636048Z,2026-04-20T13:48:20.415499685Z,1,1,42567968,T,B,0,124.000000000,8,0,16794,93462097,123.500000000,124.000000000,90,8,3,1,ESH7 P5650
2026-04-20T13:48:20.938976948Z,2026-04-20T13:48:20.567273307Z,1,1,42567967,T,A,0,146.000000000,5,0,15056,93464532,146.000000000,147.000000000,34,35,1,2,ESH7 P5850
2026-04-20T13:48:25.418271371Z,2026-04-20T13:48:25.260883327Z,1,1,42567968,T,B,0,124.000000000,7,0,19048,93534783,123.500000000,124.000000000,78,7,2,1,ESH7 P5650
2026-04-20T13:48:28.898430119Z,2026-04-20T13:48:28.897844061Z,1,1,42611781,T,A,0,27.750000000,26,0,13264,93579625,27.750000000,28.250000000,34,103,1,6,ESM6 C7550
2026-04-20T13:48:28.971938806Z,2026-04-20T13:48:28.971296089Z,1,1,42611781,T,A,0,27.750000000,3,0,13768,93579892,27.750000000,28.250000000,8,118,1,7,ESM6 C7550
2026-04-20T13:48:28.973891364Z,2026-04-20T13:48:28.971423897Z,1,1,42611781,T,A,0,27.750000000,1,0,12336,93579951,27.750000000,28.250000000,5,118,1,7,ESM6 C7550
2026-04-20T13:48:28.977630811Z,2026-04-20T13:48:28.971688073Z,1,1,42611781,T,A,0,27.750000000,4,0,11223,93580022,27.750000000,28.250000000,4,118,1,7,ESM6 C7550
2026-04-20T13:48:29.249598350Z,2026-04-20T13:48:29.128272507Z,1,1,42413515,T,A,0,147.000000000,8,0,14176,93584806,147.000000000,147.500000000,11,27,2,2,ESU6 C7500
2026-04-20T13:48:32.837078660Z,2026-04-20T13:48:32.815563829Z,1,1,42883176,T,A,0,160.500000000,3,0,15595,93627191,160.500000000,161.000000000,3,82,1,7,ESM6 C7175
2026-04-20T13:48:42.212999885Z,2026-04-20T13:48:42.191267609Z,1,1,42567967,T,B,0,146.500000000,3,0,18060,93723494,146.000000000,146.500000000,64,3,2,1,ESH7 P5850
2026-04-20T13:48:51.890895462Z,2026-04-20T13:48:51.747965051Z,1,1,42487843,T,B,0,175.000000000,3,0,25368,93833763,174.000000000,175.000000000,38,3,6,1,ESM6 P7150
2026-04-20T13:48:53.072414457Z,2026-04-20T13:48:52.667459815Z,1,1,42804683,T,B,0,208.500000000,4,0,11987,93854515,207.500000000,208.500000000,10,4,3,1,ESM6 P7225
2026-04-20T13:48:53.191626103Z,2026-04-20T13:48:52.668909657Z,1,1,42404374,T,B,0,126.000000000,4,0,18930,93856896,125.500000000,126.000000000,21,4,1,1,ESM6 P7000
2026-04-20T13:48:54.089959897Z,2026-04-20T13:48:53.248924567Z,1,1,2513332,T,A,0,45.500000000,1,0,20737,28604651,45.500000000,45.750000000,1,505,1,4,UD:1V: VT 2513332
2026-04-20T13:49:07.457181343Z,2026-04-20T13:49:07.413301521Z,1,1,42341500,T,A,0,31.250000000,8,0,19293,94091104,31.250000000,31.500000000,8,85,1,2,ESZ6 C8400
2026-04-20T13:49:11.209705857Z,2026-04-20T13:49:10.835909063Z,1,1,42760624,T,B,0,98.000000000,1,0,12963,94148314,97.750000000,98.000000000,26,1,1,1,ESM6 P6875
2026-04-20T13:49:20.512193530Z,2026-04-20T13:49:20.155714083Z,1,1,42706865,T,B,0,59.500000000,6,0,13232,94301702,59.250000000,59.500000000,8,34,1,1,ESZ6 C8150
2026-04-20T13:50:23.722544663Z,2026-04-20T13:50:23.710361599Z,1,1,42853804,T,B,0,66.000000000,6,0,17286,95131480,65.500000000,66.000000000,99,6,7,2,ESM6 P6675
2026-04-20T13:50:23.733054943Z,2026-04-20T13:50:23.726533243Z,1,1,42399706,T,B,0,69.250000000,1,0,11282,95131759,68.750000000,69.250000000,116,1,7,1,ESM6 P6700
2026-04-20T13:50:27.161067738Z,2026-04-20T13:50:27.154811717Z,1,1,42836583,T,B,0,29.750000000,7,0,24973,95184074,29.500000000,29.750000000,7,10,1,3,ESM6 P6225
2026-04-20T13:50:27.388374329Z,2026-04-20T13:50:27.385844207Z,1,1,42804680,T,B,0,41.750000000,3,0,14519,95185730,41.500000000,41.750000000,45,6,2,2,ESM6 P6425
2026-04-20T13:50:27.598896417Z,2026-04-20T13:50:27.593595375Z,1,1,42883305,T,B,0,38.250000000,3,0,23431,95187650,38.000000000,38.250000000,6,6,1,2,ESM6 P6375
2026-04-20T13:50:27.881096943Z,2026-04-20T13:50:27.876741471Z,1,1,42394761,T,B,0,31.000000000,3,0,24920,95192399,30.750000000,31.000000000,7,6,1,2,ESM6 P6250
2026-04-20T13:50:28.144453387Z,2026-04-20T13:50:28.132431209Z,1,1,42394761,T,B,0,31.000000000,3,0,14197,95197389,30.750000000,31.000000000,7,6,1,2,ESM6 P6250
2026-04-20T13:50:29.682468188Z,2026-04-20T13:50:29.672544385Z,1,1,42378541,T,B,0,33.750000000,3,0,17768,95214793,33.500000000,33.750000000,25,6,4,2,ESM6 P6300
2026-04-20T13:50:30.120881006Z,2026-04-20T13:50:30.120275465Z,1,1,2514148,T,A,0,-1.900000000,1,0,13624,29207705,-1.900000000,-1.850000000,1,60,1,1,UD:1V: GN 2514148
2026-04-20T13:50:30.536933361Z,2026-04-20T13:50:30.531723735Z,1,1,42446245,T,B,0,141.500000000,1,0,15713,95223322,141.000000000,141.500000000,85,1,8,1,ESM6 P7050
2026-04-20T13:50:50.698919270Z,2026-04-20T13:50:50.697134161Z,1,1,42510079,T,B,0,77.750000000,1,0,17375,95473812,77.500000000,77.750000000,50,1,5,1,ESM6 C7350
2026-04-20T13:50:52.953315815Z,2026-04-20T13:50:52.853500933Z,1,1,42492708,T,B,0,390.500000000,4,0,13298,95493588,390.000000000,390.500000000,6,17,1,1,ESZ6 P7250
2026-04-20T13:50:56.393080074Z,2026-04-20T13:50:56.392747497Z,1,1,273272,T,B,0,835.000000000,1,0,13706,95532257,833.500000000,835.000000000,18,1,2,1,ESZ7 C7200
2026-04-20T13:51:00.306198495Z,2026-04-20T13:51:00.113280079Z,1,1,42510079,T,B,0,77.750000000,1,0,11732,95587896,77.500000000,77.750000000,38,1,5,1,ESM6 C7350
2026-04-20T13:51:03.521652385Z,2026-04-20T13:51:03.313147423Z,1,1,42836585,T,A,0,186.500000000,1,0,13179,95629651,186.500000000,187.000000000,1,63,1,5,ESM6 P7175
2026-04-20T13:51:03.911056958Z,2026-04-20T13:51:03.424494069Z,1,1,42510079,T,B,0,78.000000000,1,0,12937,95637132,77.750000000,78.000000000,33,1,2,1,ESM6 C7350
2026-04-20T13:51:16.087731206Z,2026-04-20T13:51:15.731786409Z,1,1,2504559,T,A,0,16.700000000,4,0,12094,29477689,16.700000000,16.900000000,4,442,1,4,UD:1V: VT 2504559
2026-04-20T13:51:17.007062050Z,2026-04-20T13:51:16.833778133Z,1,1,2513332,T,A,0,45.500000000,4,0,17318,29487140,45.500000000,45.750000000,4,1111,1,7,UD:1V: VT 2513332
2026-04-20T13:51:50.817428869Z,2026-04-20T13:51:50.813380145Z,1,1,2685867,T,B,0,33.750000000,49,0,14110,29661447,33.500000000,33.750000000,463,166,7,4,UD:1V: VT 2685867
2026-04-20T13:52:06.591406727Z,2026-04-20T13:52:06.154109493Z,1,1,2514279,T,B,0,47.750000000,1,0,11726,29745230,47.500000000,47.750000000,7,76,1,2,UD:1V: IC 2514279
2026-04-20T13:52:38.693089206Z,2026-04-20T13:52:36.971754743Z,1,1,42396832,T,A,0,154.500000000,12,0,11748,96830616,154.500000000,155.000000000,12,28,2,1,ESU6 P6650
2026-04-20T13:53:12.363344052Z,2026-04-20T13:53:12.239740759Z,1,1,42378618,T,B,0,102.000000000,2,0,27054,97275042,101.500000000,102.000000000,97,2,9,1,ESM6 P6900
2026-04-20T13:53:19.578146608Z,2026-04-20T13:53:19.213115257Z,1,1,42394812,T,B,0,83.500000000,10,0,20597,97355130,82.750000000,83.500000000,79,76,4,3,ESM6 P6800
2026-04-20T13:53:56.467840975Z,2026-04-20T13:53:56.465215521Z,1,1,2511532,T,B,0,256.000000000,10,0,16169,30329127,255.000000000,256.000000000,50,10,3,1,UD:1V: IB 2511532
2026-04-20T13:54:11.055778830Z,2026-04-20T13:54:10.872128133Z,1,1,2505977,T,A,0,29.250000000,4,0,14073,30399327,29.250000000,29.750000000,4,720,1,5,UD:1V: VT 2505977
2026-04-20T13:54:31.395060703Z,2026-04-20T13:54:31.394515201Z,1,1,42384779,T,A,0,56.000000000,1,0,15946,98186740,56.000000000,56.500000000,133,28,8,2,ESM6 P6600
2026-04-20T13:54:42.024872151Z,2026-04-20T13:54:42.013218853Z,1,1,42522942,T,B,0,73.750000000,2,0,20586,98294115,73.500000000,73.750000000,152,2,4,1,ESH7 P5000
2026-04-20T13:54:54.267849302Z,2026-04-20T13:54:54.267517617Z,1,1,42366510,T,B,0,208.000000000,3,0,18643,98409598,207.500000000,208.000000000,74,3,8,1,ESM6 C7100
2026-04-20T13:54:55.081557828Z,2026-04-20T13:54:55.063840767Z,1,1,42573261,T,B,0,134.500000000,3,0,21339,98420196,134.000000000,134.500000000,71,3,2,1,ESH7 P5750
2026-04-20T13:55:40.582518466Z,2026-04-20T13:55:40.450836993Z,1,1,42439347,T,A,0,74.750000000,1,0,13509,98941647,74.750000000,75.250000000,1,72,1,4,ESU6 P6000
2026-04-20T13:55:40.799834507Z,2026-04-20T13:55:40.714508747Z,1,1,42439505,T,A,0,35.000000000,1,0,18006,98945628,35.000000000,35.250000000,4,98,1,3,ESU6 P5250
2026-04-20T13:55:41.076563251Z,2026-04-20T13:55:40.756233465Z,1,1,42760625,T,A,0,48.500000000,2,0,17070,98950781,48.500000000,49.000000000,4,206,1,5,ESM6 P6525
2026-04-20T13:55:41.317889587Z,2026-04-20T13:55:40.759335059Z,1,1,2514342,T,A,0,47.500000000,1,0,17685,30882799,47.500000000,49.250000000,1,93,1,1,UD:1V: DG 2514342
2026-04-20T13:55:58.980375808Z,2026-04-20T13:55:58.979882291Z,1,1,42366510,T,B,0,209.500000000,1,0,16298,99141385,209.000000000,209.500000000,49,1,7,1,ESM6 C7100
2026-04-20T13:56:04.541656107Z,2026-04-20T13:56:04.484289211Z,1,1,2514486,T,A,0,5.400000000,3,0,16163,31000932,5.400000000,5.600000000,3,14,1,2,UD:1V: GN 2514486
2026-04-20T13:56:22.307365185Z,2026-04-20T13:56:22.257554705Z,1,1,2688268,T,A,0,39.500000000,1,0,13157,31095655,39.500000000,39.750000000,169,5,3,2,UD:1V: VT 2688268
2026-04-20T13:56:27.586121643Z,2026-04-20T13:56:27.553832019Z,1,1,2688268,T,B,0,39.750000000,2,0,19747,31115619,39.500000000,39.750000000,206,2,5,2,UD:1V: VT 2688268
2026-04-20T13:56:33.102547802Z,2026-04-20T13:56:33.058987737Z,1,1,42366510,T,B,0,209.500000000,1,0,12812,99487524,209.000000000,209.500000000,68,1,7,1,ESM6 C7100
2026-04-20T13:56:33.687237995Z,2026-04-20T13:56:33.447987273Z,1,1,629992,T,B,0,950.000000000,1,0,13125,99498487,,950.000000000,0,1,0,1,ESZ6 C6500
2026-04-20T13:56:36.792496366Z,2026-04-20T13:56:36.781532861Z,1,1,42439347,T,A,0,74.500000000,1,0,14364,99537147,74.500000000,74.750000000,1,44,1,2,ESU6 P6000
2026-04-20T13:56:39.557996542Z,2026-04-20T13:56:39.453910369Z,1,1,2500022,T,A,0,9.300000000,4,0,16640,31169515,9.300000000,9.600000000,4,1646,1,7,UD:1V: VT 2500022
2026-04-20T13:56:41.733181905Z,2026-04-20T13:56:41.699702861Z,1,1,42378449,T,A,0,20.250000000,3,0,14264,99584558,20.250000000,20.500000000,3,373,3,10,ESM6 P6000
2026-04-20T13:56:42.751900049Z,2026-04-20T13:56:42.751474503Z,1,1,2500022,T,A,0,9.300000000,4,0,14100,31187519,9.300000000,9.500000000,4,1281,1,7,UD:1V: VT 2500022
2026-04-20T13:56:46.490900939Z,2026-04-20T13:56:46.351278751Z,1,1,42398044,T,A,0,36.500000000,1,0,14450,99634657,36.500000000,36.750000000,4,96,1,3,ESU6 P5300
2026-04-20T13:56:46.539400241Z,2026-04-20T13:56:46.377604279Z,1,1,42506315,T,A,0,38.250000000,1,0,13657,99635496,38.250000000,38.500000000,4,94,1,3,ESU6 P5350
2026-04-20T13:56:48.937062686Z,2026-04-20T13:56:48.702775207Z,1,1,2500022,T,A,0,9.300000000,4,0,12887,31224880,9.300000000,9.500000000,4,1281,1,7,UD:1V: VT 2500022
2026-04-20T13:56:52.074981367Z,2026-04-20T13:56:52.031347095Z,1,1,42398044,T,A,0,36.500000000,1,0,14498,99714872,36.500000000,36.750000000,3,96,1,3,ESU6 P5300
2026-04-20T13:56:52.310966651Z,2026-04-20T13:56:52.101193797Z,1,1,42506315,T,A,0,38.250000000,1,0,13015,99719380,38.250000000,38.500000000,3,94,1,3,ESU6 P5350
2026-04-20T13:56:52.798232129Z,2026-04-20T13:56:52.733965353Z,1,1,2694033,T,B,0,19.300000000,4,0,16052,31253084,19.200000000,19.300000000,630,4,3,1,UD:1V: VT 2694033
2026-04-20T13:56:56.055448697Z,2026-04-20T13:56:56.054915193Z,1,1,2694033,T,B,0,19.300000000,4,0,15454,31265636,19.200000000,19.300000000,630,4,3,1,UD:1V: VT 2694033
2026-04-20T13:56:58.458575192Z,2026-04-20T13:56:58.232490871Z,1,1,2509550,T,A,0,59.750000000,1,0,11907,31275666,59.750000000,60.250000000,1,230,1,4,UD:1V: GN 2509550
2026-04-20T13:56:58.566046284Z,2026-04-20T13:56:58.257974089Z,1,1,2612581,T,A,0,11.300000000,136,0,18077,31276560,11.300000000,11.400000000,136,132,2,2,UD:1V: VT 2612581
2026-04-20T13:56:59.485664449Z,2026-04-20T13:56:59.457585985Z,1,1,2694033,T,B,0,19.300000000,4,0,12845,31285996,19.200000000,19.300000000,500,4,2,1,UD:1V: VT 2694033
2026-04-20T13:57:13.316666076Z,2026-04-20T13:57:13.309882085Z,1,1,42404370,T,A,0,38.500000000,1,0,14535,99968288,38.500000000,38.750000000,6,226,2,8,ESM6 P6400
2026-04-20T13:57:28.170154496Z,2026-04-20T13:57:28.169606659Z,1,1,42404370,T,A,0,38.750000000,1,0,15474,100109406,38.750000000,39.000000000,1,362,1,8,ESM6 P6400
2026-04-20T13:57:34.919997619Z,2026-04-20T13:57:34.919451435Z,1,1,42836581,T,B,0,21.000000000,1,0,13813,100167739,20.750000000,21.000000000,211,1,7,1,ESM6 P6025
2026-04-20T13:57:46.094513208Z,2026-04-20T13:57:46.013985739Z,1,1,42366510,T,B,0,211.000000000,4,0,11242,100256205,210.500000000,211.000000000,44,4,7,2,ESM6 C7100
2026-04-20T13:57:55.536139035Z,2026-04-20T13:57:55.531304251Z,1,1,42378374,T,A,0,192.000000000,1,0,12927,100332186,192.000000000,192.500000000,1,48,1,7,ESM6 P7200
2026-04-20T13:58:01.135102220Z,2026-04-20T13:58:01.134541215Z,1,1,42572477,T,A,0,9.000000000,5,0,14816,100375900,9.000000000,9.100000000,5,346,1,7,ESM6 C7750
2026-04-20T13:58:01.822588355Z,2026-04-20T13:58:01.792371785Z,1,1,42399706,T,B,0,67.000000000,1,0,13679,100380788,66.750000000,67.000000000,106,1,9,1,ESM6 P6700
2026-04-20T13:58:06.257460569Z,2026-04-20T13:58:06.222427421Z,1,1,42378449,T,A,0,20.000000000,1,0,14252,100422087,20.000000000,20.500000000,240,367,7,9,ESM6 P6000
2026-04-20T13:58:10.203149630Z,2026-04-20T13:58:10.190166423Z,1,1,42499829,T,A,0,179.500000000,1,0,14972,100449901,179.500000000,180.000000000,1,75,1,8,ESM6 C7150
2026-04-20T13:58:17.035646415Z,2026-04-20T13:58:17.027059281Z,1,1,2503594,T,A,0,30.250000000,4,0,14261,31596899,30.250000000,30.500000000,4,1011,1,7,UD:1V: VT 2503594
2026-04-20T13:58:19.853558326Z,2026-04-20T13:58:19.853235015Z,1,1,42384725,T,A,0,64.500000000,1,0,13949,100545894,64.500000000,64.750000000,1,77,1,7,ESM6 C7400
2026-04-20T13:58:20.462707551Z,2026-04-20T13:58:20.462129845Z,1,1,2689042,T,A,0,57.750000000,1,0,11477,31609407,57.750000000,58.000000000,4,420,1,7,UD:1V: VT 2689042
2026-04-20T13:58:33.798187887Z,2026-04-20T13:58:33.510751629Z,1,1,42404370,T,B,0,38.750000000,1,0,11537,100653615,38.500000000,38.750000000,72,1,6,1,ESM6 P6400
2026-04-20T13:59:03.131050759Z,2026-04-20T13:59:03.036397533Z,1,1,42377530,T,B,0,181.500000000,1,0,17273,100932086,181.000000000,181.500000000,82,1,6,1,ESU6 P6800
2026-04-20T13:59:12.714839684Z,2026-04-20T13:59:12.663533209Z,1,1,42372979,T,A,0,101.000000000,2,0,20159,101016613,101.000000000,101.500000000,12,158,2,10,ESM6 C7300
2026-04-20T13:59:13.107402836Z,2026-04-20T13:59:13.078438219Z,1,1,42372979,T,A,0,101.000000000,10,0,13334,101020035,101.000000000,101.500000000,10,175,2,12,ESM6 C7300
2026-04-20T13:59:13.652322580Z,2026-04-20T13:59:13.567989309Z,1,1,2694033,T,B,0,19.400000000,4,0,14911,31808211,19.200000000,19.400000000,1190,4,6,1,UD:1V: VT 2694033
2026-04-20T13:59:42.372188697Z,2026-04-20T13:59:42.371704607Z,1,1,42399646,T,A,0,11.800000000,2,0,14638,101312327,11.800000000,12.100000000,85,151,5,6,ESM6 C7700
2026-04-20T13:59:42.574741511Z,2026-04-20T13:59:42.574214907Z,1,1,42366523,T,A,0,154.000000000,5,0,14247,101313556,154.000000000,154.500000000,5,108,1,9,ESM6 P7100
2026-04-20T13:59:43.683851159Z,2026-04-20T13:59:43.683301031Z,1,1,42212203,T,A,0,123.500000000,4,0,14126,101329079,123.500000000,124.500000000,97,111,9,9,ESM6 C7250
2026-04-20T14:00:52.240616294Z,2026-04-20T14:00:52.240081203Z,1,1,2514810,T,B,0,5.000000000,1,0,14085,32294754,4.900000000,5.000000000,208,678,2,4,UD:1V: VT 2514810
2026-04-20T14:01:23.337570976Z,2026-04-20T14:01:23.337103401Z,1,1,42492549,T,B,0,345.500000000,2,0,13249,102416958,343.500000000,345.500000000,14,64,2,5,ESZ6 C7350
2026-04-20T14:01:38.045098606Z,2026-04-20T14:01:37.967382165Z,1,1,42573247,T,A,0,16.600000000,2,0,11146,102619459,16.600000000,16.700000000,2,156,1,1,ESH7 P3000
2026-04-20T14:01:56.623157707Z,2026-04-20T14:01:56.421935659Z,1,1,42510079,T,B,0,80.500000000,1,0,11773,102815381,80.250000000,80.500000000,91,1,5,1,ESM6 C7350
2026-04-20T14:01:57.965029155Z,2026-04-20T14:01:57.498354593Z,1,1,42404374,T,B,0,124.500000000,3,0,24890,102832099,124.000000000,124.500000000,21,3,1,2,ESM6 P7000
2026-04-20T14:02:13.800199051Z,2026-04-20T14:02:13.521585657Z,1,1,2694033,T,B,0,19.500000000,4,0,12771,32700900,19.300000000,19.500000000,1174,4,6,1,UD:1V: VT 2694033
2026-04-20T14:02:15.391108974Z,2026-04-20T14:02:14.866475575Z,1,1,2513910,T,B,0,45.000000000,1,0,11513,32712917,44.500000000,45.000000000,42,1,4,1,UD:1V: SG 2513910
2026-04-20T14:02:15.509647579Z,2026-04-20T14:02:14.880807667Z,1,1,2501619,T,B,0,28.750000000,120,0,14104,32713604,28.250000000,28.750000000,920,590,4,3,UD:1V: VT 2501619
2026-04-20T14:02:15.523135815Z,2026-04-20T14:02:14.880808899Z,1,1,2501619,T,B,0,28.750000000,120,0,19340,32713606,28.250000000,28.750000000,920,470,4,3,UD:1V: VT 2501619
2026-04-20T14:02:15.863283254Z,2026-04-20T14:02:15.124768755Z,1,1,2501619,T,B,0,28.750000000,120,0,19350,32715847,28.250000000,28.750000000,683,350,3,2,UD:1V: VT 2501619
2026-04-20T14:02:22.335159972Z,2026-04-20T14:02:22.330628451Z,1,1,2514801,T,A,0,4.050000000,28,0,17502,32765592,4.050000000,4.200000000,28,483,1,3,UD:1V: VT 2514801
2026-04-20T14:02:41.100075923Z,2026-04-20T14:02:40.764313387Z,1,1,42902241,T,A,0,43.000000000,2,0,17176,103386900,43.000000000,43.500000000,4,110,1,5,ESM6 C7475
2026-04-20T14:02:41.165756540Z,2026-04-20T14:02:40.767630681Z,1,1,42384725,T,A,0,63.000000000,2,0,11320,103387925,63.000000000,63.500000000,4,61,1,6,ESM6 C7400
2026-04-20T14:02:51.858358052Z,2026-04-20T14:02:51.838926791Z,1,1,42598063,T,A,0,24.750000000,2,0,12874,103532566,24.750000000,25.000000000,2,326,1,3,ESH7 P3500
2026-04-20T14:02:52.330839707Z,2026-04-20T14:02:52.233258001Z,1,1,42315459,T,B,0,88.250000000,4,0,16538,103538199,88.000000000,88.250000000,25,8,2,1,ESZ6 C8000
2026-04-20T14:02:53.449606289Z,2026-04-20T14:02:53.397137265Z,1,1,42315459,T,B,0,88.250000000,4,0,14783,103551855,88.000000000,88.250000000,25,4,2,1,ESZ6 C8000
2026-04-20T14:03:08.748136401Z,2026-04-20T14:03:08.726575383Z,1,1,42372979,T,B,0,101.000000000,2,0,16284,103716991,100.000000000,101.000000000,159,110,11,9,ESM6 C7300
2026-04-20T14:03:32.582075707Z,2026-04-20T14:03:32.329929319Z,1,1,2694033,T,B,0,19.500000000,4,0,14453,33167433,19.300000000,19.500000000,1441,4,7,1,UD:1V: VT 2694033
2026-04-20T14:03:32.998770007Z,2026-04-20T14:03:32.676260217Z,1,1,2646405,T,A,0,51.000000000,120,0,14743,33170831,51.000000000,51.250000000,500,862,2,7,UD:1V: VT 2646405
2026-04-20T14:03:33.004452674Z,2026-04-20T14:03:32.676286961Z,1,1,2646405,T,A,0,51.000000000,122,0,14773,33170841,51.000000000,51.250000000,380,862,2,7,UD:1V: VT 2646405
2026-04-20T14:03:33.039292598Z,2026-04-20T14:03:32.677330041Z,1,1,2646405,T,A,0,51.000000000,121,0,14215,33171301,51.000000000,51.250000000,250,684,1,6,UD:1V: VT 2646405
2026-04-20T14:03:35.233538638Z,2026-04-20T14:03:34.534578353Z,1,1,2514937,T,A,0,-8.300000000,1,0,17301,33190859,-8.300000000,-7.800000000,1,1,1,1,UD:1V: GN 2514937
2026-04-20T14:03:40.026765531Z,2026-04-20T14:03:39.569646389Z,1,1,42372969,T,B,0,277.000000000,2,0,14256,104127116,276.500000000,277.000000000,6,2,1,1,ESM6 C7000
2026-04-20T14:03:40.590381427Z,2026-04-20T14:03:40.313264245Z,1,1,42706865,T,B,0,60.750000000,3,0,11340,104137986,60.500000000,60.750000000,5,34,1,1,ESZ6 C8150
2026-04-20T14:03:48.085183971Z,2026-04-20T14:03:48.078473721Z,1,1,2505977,T,A,0,29.250000000,4,0,15855,33280655,29.250000000,29.500000000,40,594,2,5,UD:1V: VT 2505977
2026-04-20T14:03:54.390051712Z,2026-04-20T14:03:54.371954515Z,1,1,42394633,T,B,0,3.950000000,1,0,15542,104314954,3.900000000,3.950000000,40,1,3,1,ESM6 P4500
2026-04-20T14:03:59.278350134Z,2026-04-20T14:03:59.188897205Z,1,1,42404374,T,B,0,125.000000000,1,0,18442,104370278,124.500000000,125.000000000,63,1,6,1,ESM6 P7000
2026-04-20T14:04:01.702065677Z,2026-04-20T14:04:01.701515049Z,1,1,42372979,T,B,0,100.500000000,2,0,16670,104404493,99.750000000,100.500000000,95,53,8,8,ESM6 C7300
2026-04-20T14:04:14.901746540Z,2026-04-20T14:04:14.893775843Z,1,1,2514801,T,A,0,4.100000000,28,0,13668,33429452,4.100000000,4.200000000,28,273,1,2,UD:1V: VT 2514801
2026-04-20T14:04:34.574786782Z,2026-04-20T14:04:34.574452551Z,1,1,42384729,T,B,0,3.950000000,1,0,18394,104764485,3.900000000,3.950000000,296,1,5,1,ESM6 C7900
2026-04-20T14:04:38.359700835Z,2026-04-20T14:04:38.327731101Z,1,1,42300184,T,A,0,92.000000000,1,0,16733,104813827,92.000000000,92.500000000,33,75,4,6,ESM6 P6850
2026-04-20T14:04:44.813399638Z,2026-04-20T14:04:44.692767695Z,1,1,725964,T,A,0,94.500000000,3,0,13022,104906705,94.500000000,95.250000000,19,87,1,2,ESZ6 P5700
2026-04-20T14:04:58.560269683Z,2026-04-20T14:04:58.418450001Z,1,1,42510079,T,B,0,80.000000000,300,0,13108,105049010,79.750000000,80.000000000,46,300,4,1,ESM6 C7350
2026-04-20T14:05:11.112786825Z,2026-04-20T14:05:11.076240291Z,1,1,2501619,T,B,0,28.750000000,1,0,13903,33716443,28.250000000,28.750000000,1226,194,5,1,UD:1V: VT 2501619
2026-04-20T14:05:11.763476308Z,2026-04-20T14:05:11.762932235Z,1,1,461706,T,B,0,150.000000000,2,0,14359,105207274,149.000000000,150.000000000,157,32,4,1,ESZ6 P6200
2026-04-20T14:05:19.070427587Z,2026-04-20T14:05:19.069888311Z,1,1,2501619,T,B,0,28.750000000,1,0,14037,33743261,28.250000000,28.750000000,1226,194,5,1,UD:1V: VT 2501619
2026-04-20T14:05:19.090603259Z,2026-04-20T14:05:19.090098793Z,1,1,2501619,T,B,0,28.750000000,1,0,14240,33743318,28.250000000,28.750000000,1226,193,5,1,UD:1V: VT 2501619
2026-04-20T14:05:29.386574118Z,2026-04-20T14:05:29.252777135Z,1,1,2505977,T,A,0,29.250000000,4,0,15421,33799816,29.250000000,29.500000000,4,352,1,3,UD:1V: VT 2505977
2026-04-20T14:05:44.319589675Z,2026-04-20T14:05:44.268733049Z,1,1,42366523,T,A,0,155.000000000,4,0,11525,105553782,155.000000000,155.500000000,4,54,1,4,ESM6 P7100
2026-04-20T14:06:12.777647969Z,2026-04-20T14:06:12.750494527Z,1,1,42315459,T,B,0,88.750000000,4,0,13390,105812294,88.500000000,88.750000000,25,4,2,1,ESZ6 C8000
2026-04-20T14:06:19.453483878Z,2026-04-20T14:06:19.452928339Z,1,1,42409672,T,A,0,18.100000000,1,0,14287,105874369,18.100000000,18.200000000,1,365,1,9,ESM6 P5900
2026-04-20T14:06:25.910907735Z,2026-04-20T14:06:25.910363777Z,1,1,2693849,T,B,0,291.000000000,38,0,13912,34035244,286.500000000,291.000000000,147,20,1,1,UD:1V:CFO 2693849
2026-04-20T14:06:26.848104958Z,2026-04-20T14:06:26.847232319Z,1,1,2687273,T,B,0,10.900000000,1,0,13899,34040194,10.700000000,10.900000000,377,230,4,1,UD:1V: VT 2687273
2026-04-20T14:06:39.033084518Z,2026-04-20T14:06:39.032745991Z,1,1,42372969,T,B,0,279.500000000,1,0,17734,106043899,279.000000000,279.500000000,25,1,4,1,ESM6 C7000
2026-04-20T14:06:44.239225409Z,2026-04-20T14:06:44.072650569Z,1,1,42492549,T,A,0,345.000000000,2,0,13299,106088630,345.000000000,346.500000000,2,34,1,2,ESZ6 C7350
2026-04-20T14:06:44.623021499Z,2026-04-20T14:06:44.303657269Z,1,1,42399612,T,B,0,7.500000000,4,0,16798,106095818,7.300000000,7.500000000,632,4,8,2,ESM6 P5150
2026-04-20T14:07:02.961772593Z,2026-04-20T14:07:02.961154283Z,1,1,2693849,T,B,0,291.000000000,2,0,14570,34186837,287.500000000,291.000000000,147,2,1,1,UD:1V:CFO 2693849
2026-04-20T14:07:03.474727514Z,2026-04-20T14:07:03.463707359Z,1,1,42459758,T,A,0,53.750000000,5,0,13259,106282142,53.750000000,54.000000000,5,32,1,1,ESZ6 C8200
2026-04-20T14:07:22.355715568Z,2026-04-20T14:07:22.355329137Z,1,1,2509403,T,A,0,22.500000000,50,0,13642,34275084,22.500000000,22.750000000,50,746,1,6,UD:1V: VT 2509403
2026-04-20T14:07:28.395911912Z,2026-04-20T14:07:28.380585253Z,1,1,42611781,T,A,0,29.000000000,2,0,17044,106535548,29.000000000,29.500000000,41,283,4,9,ESM6 C7550
2026-04-20T14:07:28.713716635Z,2026-04-20T14:07:28.558503353Z,1,1,42366523,T,A,0,155.000000000,1,0,25780,106540500,155.000000000,155.500000000,1,37,1,5,ESM6 P7100
2026-04-20T14:07:33.382926351Z,2026-04-20T14:07:33.352040813Z,1,1,42315459,T,B,0,89.000000000,4,0,22341,106589065,88.500000000,89.000000000,44,4,3,1,ESZ6 C8000
2026-04-20T14:07:35.176527923Z,2026-04-20T14:07:35.012678845Z,1,1,42487843,T,A,0,173.000000000,2,0,18613,106604687,173.000000000,173.500000000,2,9,1,2,ESM6 P7150
2026-04-20T14:08:05.917169867Z,2026-04-20T14:08:05.838827089Z,1,1,2501619,T,B,0,28.750000000,1,0,14795,34460661,28.250000000,28.750000000,1217,194,5,1,UD:1V: VT 2501619
2026-04-20T14:08:06.320934987Z,2026-04-20T14:08:06.320398649Z,1,1,2501619,T,B,0,28.750000000,1,0,13589,34462690,28.250000000,28.750000000,1217,290,5,1,UD:1V: VT 2501619
2026-04-20T14:08:06.395768077Z,2026-04-20T14:08:06.395246853Z,1,1,2501619,T,B,0,28.750000000,1,0,13730,34462849,28.250000000,28.750000000,1217,289,5,1,UD:1V: VT 2501619
2026-04-20T14:08:06.786377060Z,2026-04-20T14:08:06.785825695Z,1,1,2514801,T,A,0,4.100000000,1,0,13658,34463334,4.100000000,4.250000000,216,289,1,3,UD:1V: VT 2514801
2026-04-20T14:08:06.859719312Z,2026-04-20T14:08:06.859211055Z,1,1,2501619,T,B,0,28.750000000,1,0,12993,34463400,28.250000000,28.750000000,1217,288,5,1,UD:1V: VT 2501619
2026-04-20T14:08:06.941018629Z,2026-04-20T14:08:06.940502437Z,1,1,2501619,T,B,0,28.750000000,1,0,14247,34463530,28.250000000,28.750000000,1217,287,5,1,UD:1V: VT 2501619
2026-04-20T14:08:07.844435750Z,2026-04-20T14:08:07.843863733Z,1,1,2501619,T,B,0,28.750000000,1,0,14449,34467427,28.250000000,28.750000000,1217,286,5,1,UD:1V: VT 2501619
2026-04-20T14:08:09.464668329Z,2026-04-20T14:08:09.464093177Z,1,1,2501619,T,B,0,28.750000000,1,0,13490,34471253,28.250000000,28.750000000,1217,291,5,1,UD:1V: VT 2501619
2026-04-20T14:08:20.098975275Z,2026-04-20T14:08:19.548105309Z,1,1,42366510,T,B,0,209.500000000,2,0,17475,107010009,208.500000000,209.500000000,19,23,5,6,ESM6 C7100
2026-04-20T14:08:25.990300892Z,2026-04-20T14:08:25.800127137Z,1,1,42499829,T,A,0,177.500000000,4,0,17453,107074395,177.500000000,178.000000000,4,13,1,4,ESM6 C7150
2026-04-20T14:08:38.639150515Z,2026-04-20T14:08:38.185014723Z,1,1,42366463,T,B,0,5.100000000,40,0,19343,107223085,5.000000000,5.100000000,384,100,6,1,ESM6 P4750
2026-04-20T14:08:38.905285777Z,2026-04-20T14:08:38.713651235Z,1,1,2512968,T,A,0,9.500000000,1,0,13695,34618381,9.500000000,9.600000000,1,382,1,3,UD:1V: VT 2512968
2026-04-20T14:08:38.986949891Z,2026-04-20T14:08:38.919994539Z,1,1,42366463,T,B,0,5.100000000,1,0,14773,107229859,5.000000000,5.100000000,263,60,6,1,ESM6 P4750
2026-04-20T14:08:40.131671987Z,2026-04-20T14:08:40.089126345Z,1,1,42706865,T,B,0,60.750000000,3,0,11247,107246833,60.500000000,60.750000000,4,34,1,1,ESZ6 C8150
2026-04-20T14:08:47.108095070Z,2026-04-20T14:08:46.834469117Z,1,1,42366463,T,B,0,5.100000000,45,0,11187,107325433,5.000000000,5.100000000,490,59,7,1,ESM6 P4750
2026-04-20T14:08:48.840696063Z,2026-04-20T14:08:48.617604171Z,1,1,2694033,T,B,0,19.600000000,124,0,17728,34672248,19.400000000,19.600000000,1119,134,6,2,UD:1V: VT 2694033
2026-04-20T14:08:48.863901204Z,2026-04-20T14:08:48.617606773Z,1,1,2694033,T,B,0,19.600000000,4,0,11181,34672670,19.400000000,19.600000000,984,4,5,1,UD:1V: VT 2694033
2026-04-20T14:08:54.606478683Z,2026-04-20T14:08:54.459077501Z,1,1,2688268,T,A,0,41.000000000,1,0,14302,34709549,41.000000000,41.250000000,1,351,1,8,UD:1V: VT 2688268
2026-04-20T14:09:01.386130129Z,2026-04-20T14:09:01.361410513Z,1,1,42366463,T,B,0,5.100000000,14,0,14058,107510433,5.000000000,5.100000000,499,14,7,1,ESM6 P4750
2026-04-20T14:09:08.644179265Z,2026-04-20T14:09:08.638366381Z,1,1,42572477,T,B,0,8.900000000,1,0,11415,107593056,8.800000000,8.900000000,29,1,2,1,ESM6 C7750
2026-04-20T14:09:08.993536825Z,2026-04-20T14:09:08.984583989Z,1,1,2688268,T,A,0,40.750000000,1,0,10323,34785762,40.750000000,41.000000000,1,246,1,7,UD:1V: VT 2688268
2026-04-20T14:09:09.910450870Z,2026-04-20T14:09:09.890959877Z,1,1,42706865,T,B,0,60.750000000,2,0,13413,107606436,60.500000000,60.750000000,4,34,1,1,ESZ6 C8150
2026-04-20T14:09:22.360088262Z,2026-04-20T14:09:22.200154689Z,1,1,42404374,T,A,0,126.000000000,1,0,15910,107735339,126.000000000,126.500000000,1,132,1,7,ESM6 P7000
2026-04-20T14:09:22.372405919Z,2026-04-20T14:09:22.213784971Z,1,1,42459758,T,A,0,53.500000000,4,0,16697,107735500,53.500000000,53.750000000,4,33,1,1,ESZ6 C8200
2026-04-20T14:09:22.470224343Z,2026-04-20T14:09:22.368431523Z,1,1,42378592,T,A,0,47.500000000,3,0,15985,107737465,47.500000000,47.750000000,9,2,3,1,ESM6 P6500
2026-04-20T14:09:26.849998462Z,2026-04-20T14:09:26.672309181Z,1,1,2501619,T,B,0,28.750000000,120,0,12275,34873183,28.250000000,28.750000000,1073,237,5,1,UD:1V: VT 2501619
2026-04-20T14:09:26.850850321Z,2026-04-20T14:09:26.672311089Z,1,1,2501619,T,B,0,28.750000000,117,0,14858,34873185,28.250000000,28.750000000,1073,117,5,1,UD:1V: VT 2501619
2026-04-20T14:09:26.965641058Z,2026-04-20T14:09:26.798055755Z,1,1,2694033,T,B,0,19.500000000,4,0,14298,34874337,19.400000000,19.500000000,470,4,3,1,UD:1V: VT 2694033
2026-04-20T14:09:27.031507486Z,2026-04-20T14:09:26.855203739Z,1,1,2501619,T,B,0,28.750000000,3,0,13683,34874704,28.250000000,28.750000000,844,1038,4,1,UD:1V: VT 2501619
2026-04-20T14:09:29.229563513Z,2026-04-20T14:09:29.228681983Z,1,1,2501619,T,B,0,28.750000000,1,0,15073,34889137,28.250000000,28.750000000,1075,194,5,1,UD:1V: VT 2501619
2026-04-20T14:09:30.406565603Z,2026-04-20T14:09:30.270595447Z,1,1,2694033,T,B,0,19.500000000,4,0,14783,34893087,19.300000000,19.500000000,1662,4,8,1,UD:1V: VT 2694033
2026-04-20T14:09:45.239638339Z,2026-04-20T14:09:45.230060739Z,1,1,42366523,T,A,0,156.000000000,4,0,15878,107978009,156.000000000,156.500000000,4,96,2,8,ESM6 P7100
2026-04-20T14:09:45.267716338Z,2026-04-20T14:09:45.248723921Z,1,1,42366523,T,A,0,156.000000000,4,0,11298,107978777,156.000000000,156.500000000,35,121,1,9,ESM6 P7100
2026-04-20T14:09:46.631659398Z,2026-04-20T14:09:46.631109429Z,1,1,2694033,T,B,0,19.500000000,4,0,13810,34968154,19.300000000,19.500000000,1662,4,8,1,UD:1V: VT 2694033
2026-04-20T14:09:49.397107889Z,2026-04-20T14:09:49.355322821Z,1,1,42416106,T,A,0,49.750000000,1,0,13581,108012806,49.750000000,50.250000000,9,100,3,7,ESM6 C7450
2026-04-20T14:09:49.506938545Z,2026-04-20T14:09:49.506403137Z,1,1,42416106,T,A,0,49.750000000,2,0,13861,108014361,49.750000000,50.250000000,8,100,3,7,ESM6 C7450
2026-04-20T14:09:49.592052583Z,2026-04-20T14:09:49.589923973Z,1,1,42416106,T,A,0,49.750000000,1,0,17612,108014695,49.750000000,50.250000000,6,100,3,7,ESM6 C7450
2026-04-20T14:09:49.603530302Z,2026-04-20T14:09:49.590337869Z,1,1,42416106,T,A,0,49.750000000,2,0,16267,108014865,49.750000000,50.250000000,5,96,2,6,ESM6 C7450
2026-04-20T14:09:49.980248281Z,2026-04-20T14:09:49.979705299Z,1,1,2694033,T,B,0,19.500000000,4,0,17027,34981084,19.300000000,19.500000000,1662,4,8,1,UD:1V: VT 2694033
2026-04-20T14:09:53.390812089Z,2026-04-20T14:09:53.365677447Z,1,1,2694033,T,B,0,19.500000000,4,0,12594,34993807,19.300000000,19.500000000,1662,4,8,1,UD:1V: VT 2694033
2026-04-20T14:09:54.359615491Z,2026-04-20T14:09:54.310096791Z,1,1,2501619,T,B,0,28.750000000,1,0,13692,34999232,28.250000000,28.750000000,1075,194,5,1,UD:1V: VT 2501619
2026-04-20T14:09:57.932863093Z,2026-04-20T14:09:57.911451693Z,1,1,2639094,T,A,0,12.500000000,1,0,16069,35016493,12.500000000,12.600000000,5,1060,1,8,UD:1V: VT 2639094
2026-04-20T14:09:57.937368983Z,2026-04-20T14:09:57.912228015Z,1,1,2639094,T,A,0,12.500000000,1,0,12254,35016517,12.500000000,12.600000000,4,1060,1,8,UD:1V: VT 2639094
2026-04-20T14:10:02.748849443Z,2026-04-20T14:10:02.700241119Z,1,1,2639094,T,A,0,12.500000000,3,0,14921,35041127,12.500000000,12.600000000,3,1158,1,9,UD:1V: VT 2639094
2026-04-20T14:10:05.129049487Z,2026-04-20T14:10:05.126660859Z,1,1,42394754,T,A,0,28.250000000,1,0,14707,108186432,28.250000000,28.500000000,15,293,1,6,ESM6 P6200
2026-04-20T14:10:23.349861448Z,2026-04-20T14:10:23.349306377Z,1,1,2607680,T,A,0,60.000000000,1,0,13779,35122065,60.000000000,60.250000000,4,636,1,7,UD:1V: VT 2607680
2026-04-20T14:10:31.840316913Z,2026-04-20T14:10:31.730519835Z,1,1,2504228,T,B,0,-34.750000000,1,0,14509,35158751,-36.500000000,-34.750000000,48,1,2,1,UD:1V: GN 2504228
2026-04-20T14:10:37.928738078Z,2026-04-20T14:10:37.928139215Z,1,1,2515209,T,B,0,37.250000000,1,0,16465,35184219,36.750000000,37.250000000,597,616,9,8,UD:1V: VT 2515209
2026-04-20T14:10:41.668754476Z,2026-04-20T14:10:41.623191443Z,1,1,42384724,T,B,0,150.500000000,1,0,14639,108493465,150.000000000,150.500000000,84,1,9,1,ESM6 C7200
2026-04-20T14:10:51.878012753Z,2026-04-20T14:10:51.809781479Z,1,1,42919950,T,B,0,147.500000000,15,0,20251,108599640,146.500000000,147.500000000,99,33,7,4,ESM6 P7075
2026-04-20T14:10:51.888917343Z,2026-04-20T14:10:51.809781479Z,1,1,42760624,T,B,0,97.000000000,26,0,22643,108599641,96.500000000,97.000000000,56,65,3,5,ESM6 P6875
2026-04-20T14:10:51.928261390Z,2026-04-20T14:10:51.809782111Z,1,1,42853783,T,B,0,91.250000000,7,0,18934,108600720,90.750000000,91.250000000,12,7,3,1,ESM6 C7325
2026-04-20T14:10:51.931520401Z,2026-04-20T14:10:51.809912343Z,1,1,42378618,T,B,0,102.000000000,5,0,14062,108600776,101.500000000,102.000000000,32,5,3,2,ESM6 P6900
2026-04-20T14:10:51.935454967Z,2026-04-20T14:10:51.809992249Z,1,1,42499829,T,B,0,179.500000000,2,0,11552,108600880,179.000000000,179.500000000,21,2,1,1,ESM6 C7150
2026-04-20T14:10:51.949419358Z,2026-04-20T14:10:51.810585447Z,1,1,42854015,T,B,0,72.250000000,6,0,11483,108601175,71.750000000,72.250000000,30,6,1,1,ESM6 P6725
2026-04-20T14:10:51.960495587Z,2026-04-20T14:10:51.832521287Z,1,1,2513073,T,B,0,353.500000000,1,0,15562,35236017,352.500000000,353.500000000,4,1,1,1,UD:1V: ST 2513073
2026-04-20T14:10:52.007971811Z,2026-04-20T14:10:51.872289095Z,1,1,42300184,T,B,0,92.250000000,2,0,11472,108602884,91.750000000,92.250000000,31,2,2,1,ESM6 P6850
2026-04-20T14:10:52.044937102Z,2026-04-20T14:10:51.951168465Z,1,1,2690780,T,B,0,26.500000000,4,0,13377,35237231,26.250000000,26.500000000,957,4,7,1,UD:1V: VT 2690780
2026-04-20T14:11:00.846932572Z,2026-04-20T14:11:00.841848891Z,1,1,2694033,T,B,0,19.500000000,4,0,14496,35279083,19.300000000,19.500000000,1177,4,6,1,UD:1V: VT 2694033
2026-04-20T14:11:03.626643200Z,2026-04-20T14:11:03.625024693Z,1,1,2514801,T,A,0,4.150000000,1,0,13492,35295484,4.150000000,4.350000000,229,844,1,6,UD:1V: VT 2514801
2026-04-20T14:11:23.615981294Z,2026-04-20T14:11:23.033183689Z,1,1,2694033,T,B,0,19.600000000,4,0,13432,35408179,19.400000000,19.600000000,1247,4,7,1,UD:1V: VT 2694033
2026-04-20T14:11:37.606015097Z,2026-04-20T14:11:37.605410597Z,1,1,2506320,T,B,0,160.500000000,1,0,21975,35479420,159.500000000,160.500000000,14,1,3,1,UD:1V: SG 2506320
2026-04-20T14:11:56.159069203Z,2026-04-20T14:11:56.158530285Z,1,1,2592180,T,B,0,8.500000000,56,0,15059,35579231,8.400000000,8.500000000,197,223,3,1,UD:1V: VT 2592180
2026-04-20T14:11:56.551230187Z,2026-04-20T14:11:56.379580123Z,1,1,42366510,T,A,0,207.500000000,4,0,18688,109364484,207.500000000,208.000000000,4,13,1,4,ESM6 C7100
2026-04-20T14:11:56.856930721Z,2026-04-20T14:11:56.553203417Z,1,1,695462,T,B,0,5.600000000,2,0,11287,109369967,5.500000000,5.600000000,168,2,1,1,ESZ6 P2300
2026-04-20T14:12:14.698005655Z,2026-04-20T14:12:13.943100145Z,1,1,2511461,T,B,0,3.650000000,1,0,16200,35723328,3.550000000,3.650000000,2210,1,6,1,UD:1V: VT 2511461
2026-04-20T14:12:21.499503169Z,2026-04-20T14:12:21.169315021Z,1,1,42384872,T,A,0,77.500000000,4,0,16493,109781232,77.500000000,78.000000000,4,81,1,6,ESM6 P6750
2026-04-20T14:12:25.401374342Z,2026-04-20T14:12:25.372649567Z,1,1,42399706,T,A,0,70.500000000,2,0,15314,109824173,70.500000000,70.750000000,2,14,1,3,ESM6 P6700
2026-04-20T14:12:39.130961723Z,2026-04-20T14:12:38.464217439Z,1,1,2500022,T,A,0,9.600000000,4,0,17829,35890519,9.600000000,9.800000000,4,1142,1,7,UD:1V: VT 2500022
2026-04-20T14:12:46.800578721Z,2026-04-20T14:12:46.694562227Z,1,1,42366523,T,A,0,158.500000000,2,0,16579,110114596,158.500000000,159.000000000,2,32,1,4,ESM6 P7100
2026-04-20T14:12:46.869473987Z,2026-04-20T14:12:46.805083785Z,1,1,42366523,T,A,0,158.500000000,2,0,13613,110116157,158.500000000,159.000000000,41,36,1,5,ESM6 P7100
2026-04-20T14:12:49.401384849Z,2026-04-20T14:12:49.317900669Z,1,1,42366509,T,A,0,558.000000000,1,0,17430,110152350,558.000000000,562.500000000,1,1,1,1,ESM6 C6650
2026-04-20T14:12:50.980432363Z,2026-04-20T14:12:50.796302131Z,1,1,42506314,T,A,0,32.750000000,4,0,10480,110172299,32.750000000,33.000000000,4,142,1,4,ESU6 P5150
2026-04-20T14:12:54.185449300Z,2026-04-20T14:12:54.174539909Z,1,1,42510079,T,B,0,80.250000000,1,0,14195,110220286,80.000000000,80.250000000,41,300,6,1,ESM6 C7350
2026-04-20T14:12:55.997936536Z,2026-04-20T14:12:55.823913797Z,1,1,42510079,T,B,0,80.250000000,20,0,17628,110237241,80.000000000,80.250000000,38,299,5,1,ESM6 C7350
2026-04-20T14:12:56.016701561Z,2026-04-20T14:12:55.854167995Z,1,1,42510079,T,B,0,80.250000000,82,0,14295,110237724,80.000000000,80.250000000,47,279,6,1,ESM6 C7350
2026-04-20T14:12:56.038948580Z,2026-04-20T14:12:55.859414719Z,1,1,42510079,T,B,0,80.250000000,19,0,18728,110238119,80.000000000,80.250000000,47,197,6,1,ESM6 C7350
2026-04-20T14:12:56.144688537Z,2026-04-20T14:12:56.038917475Z,1,1,42510079,T,B,0,80.250000000,18,0,15471,110240313,80.000000000,80.250000000,48,178,7,1,ESM6 C7350
2026-04-20T14:12:56.192754881Z,2026-04-20T14:12:56.142447277Z,1,1,42510079,T,B,0,80.250000000,160,0,14483,110241220,80.000000000,80.250000000,48,160,7,1,ESM6 C7350
2026-04-20T14:13:00.577175751Z,2026-04-20T14:13:00.551620207Z,1,1,42439503,T,A,0,31.250000000,4,0,14780,110308826,31.250000000,31.500000000,4,115,1,3,ESU6 P5100
2026-04-20T14:13:01.222790891Z,2026-04-20T14:13:01.056864097Z,1,1,2685818,T,A,0,5.600000000,7,0,13280,36050304,5.600000000,6.100000000,14,21,1,2,UD:1V: GN 2685818
2026-04-20T14:13:06.536150084Z,2026-04-20T14:13:06.523436531Z,1,1,2501619,T,B,0,28.750000000,194,0,16311,36091758,28.250000000,28.750000000,1291,194,5,1,UD:1V: VT 2501619
2026-04-20T14:13:12.047952727Z,2026-04-20T14:13:11.720065411Z,1,1,2500022,T,A,0,9.500000000,4,0,21135,36125814,9.500000000,9.700000000,4,781,1,6,UD:1V: VT 2500022
2026-04-20T14:13:15.393625358Z,2026-04-20T14:13:15.298455567Z,1,1,2500022,T,A,0,9.500000000,4,0,14792,36154855,9.500000000,9.700000000,4,862,1,7,UD:1V: VT 2500022
2026-04-20T14:13:24.581577540Z,2026-04-20T14:13:24.465504475Z,1,1,42510079,T,B,0,81.250000000,33,0,24541,110657877,80.750000000,81.250000000,8,33,3,5,ESM6 C7350
2026-04-20T14:13:24.659607342Z,2026-04-20T14:13:24.581480853Z,1,1,42510079,T,A,0,81.250000000,82,0,11600,110660077,81.250000000,81.500000000,82,48,1,6,ESM6 C7350
2026-04-20T14:13:36.420612434Z,2026-04-20T14:13:36.120975271Z,1,1,2693151,T,B,0,42.250000000,74,0,18455,36266035,42.000000000,42.250000000,37,74,1,1,UD:1V: VT 2693151
2026-04-20T14:13:39.985276119Z,2026-04-20T14:13:39.984744693Z,1,1,2514801,T,A,0,4.100000000,1,0,17792,36287194,4.100000000,4.300000000,225,830,1,5,UD:1V: VT 2514801
2026-04-20T14:13:58.087868711Z,2026-04-20T14:13:58.085898791Z,1,1,42366509,T,A,0,562.000000000,1,0,17910,110999495,562.000000000,564.000000000,2,2,2,2,ESM6 C6650
2026-04-20T14:14:23.962812132Z,2026-04-20T14:14:23.951121353Z,1,1,42706865,T,B,0,61.000000000,2,0,15130,111250382,60.750000000,61.000000000,3,34,1,1,ESZ6 C8150
2026-04-20T14:14:34.839277406Z,2026-04-20T14:14:34.752236901Z,1,1,2500022,T,A,0,9.500000000,4,0,13272,36519748,9.500000000,9.700000000,4,784,1,6,UD:1V: VT 2500022
2026-04-20T14:15:36.575426027Z,2026-04-20T14:15:36.573381361Z,1,1,42366506,T,B,0,4.900000000,1,0,14348,111954733,4.800000000,4.900000000,543,16,7,1,ESM6 P4700
2026-04-20T14:15:37.047087095Z,2026-04-20T14:15:36.934116425Z,1,1,2694033,T,B,0,19.600000000,4,0,14116,36793920,19.400000000,19.600000000,960,4,6,1,UD:1V: VT 2694033
2026-04-20T14:15:39.214111868Z,2026-04-20T14:15:39.207169487Z,1,1,42366506,T,B,0,4.900000000,15,0,17542,111986294,4.800000000,4.900000000,535,15,6,1,ESM6 P4700
2026-04-20T14:15:41.235895979Z,2026-04-20T14:15:41.225914067Z,1,1,2694033,T,B,0,19.600000000,4,0,14159,36814419,19.400000000,19.600000000,1058,4,7,1,UD:1V: VT 2694033
2026-04-20T14:15:44.481164983Z,2026-04-20T14:15:44.480560919Z,1,1,2694033,T,B,0,19.600000000,4,0,13786,36830545,19.400000000,19.600000000,1415,4,8,1,UD:1V: VT 2694033
2026-04-20T14:15:49.713325011Z,2026-04-20T14:15:49.712976183Z,1,1,42506300,T,B,0,192.000000000,1,0,14598,112110719,191.500000000,192.000000000,49,1,6,1,ESU6 C7400
2026-04-20T14:16:12.995134407Z,2026-04-20T14:16:12.775379373Z,1,1,42760625,T,A,0,50.250000000,2,0,11683,112362684,50.250000000,50.500000000,4,64,1,5,ESM6 P6525
2026-04-20T14:17:01.257290558Z,2026-04-20T14:17:01.105330237Z,1,1,42510079,T,B,0,80.250000000,69,0,13449,112847081,80.000000000,80.250000000,37,100,3,1,ESM6 C7350
2026-04-20T14:17:01.336759748Z,2026-04-20T14:17:01.257420331Z,1,1,42510079,T,B,0,80.250000000,31,0,14392,112848926,80.000000000,80.250000000,72,31,4,1,ESM6 C7350
2026-04-20T14:17:02.659404267Z,2026-04-20T14:17:02.519823893Z,1,1,42404370,T,B,0,40.500000000,1,0,14532,112869105,40.250000000,40.500000000,146,1,7,1,ESM6 P6400
2026-04-20T14:17:10.819959883Z,2026-04-20T14:17:10.811364459Z,1,1,42399706,T,B,0,70.000000000,1,0,17567,112963928,69.750000000,70.000000000,128,1,7,1,ESM6 P6700
2026-04-20T14:17:41.074475391Z,2026-04-20T14:17:41.073785893Z,1,1,42366506,T,B,0,4.950000000,1,0,14825,113304268,4.850000000,4.950000000,505,16,8,1,ESM6 P4700
2026-04-20T14:18:33.063726444Z,2026-04-20T14:18:33.061764465Z,1,1,2515556,T,A,0,214.000000000,1,0,14154,37673181,214.000000000,214.500000000,1,135,1,4,UD:1V: GN 2515556
2026-04-20T14:18:42.552368654Z,2026-04-20T14:18:42.486495523Z,1,1,2515878,T,B,0,5.100000000,4,0,14261,37713476,5.000000000,5.100000000,1339,4,8,1,UD:1V: VT 2515878
2026-04-20T14:18:58.126021361Z,2026-04-20T14:18:58.125567631Z,1,1,2514011,T,B,0,66.250000000,1,0,13915,37791028,66.000000000,66.250000000,283,1,2,1,UD:1V: VT 2514011
2026-04-20T14:19:06.506812975Z,2026-04-20T14:19:06.496487545Z,1,1,42378346,T,A,0,37.750000000,1,0,15382,114174042,37.750000000,38.000000000,2,7,1,3,ESM6 C7500
2026-04-20T14:19:06.518583211Z,2026-04-20T14:19:06.496738641Z,1,1,42378346,T,A,0,37.750000000,1,0,14591,114174204,37.750000000,38.000000000,1,38,1,4,ESM6 C7500
2026-04-20T14:19:21.285876859Z,2026-04-20T14:19:21.056088009Z,1,1,42378618,T,B,0,104.000000000,27,0,22014,114337863,103.500000000,104.000000000,107,27,7,2,ESM6 P6900
2026-04-20T14:19:21.285876859Z,2026-04-20T14:19:21.056088009Z,1,1,42378618,T,B,0,104.500000000,24,0,22014,114337863,103.500000000,104.000000000,107,27,7,2,ESM6 P6900
2026-04-20T14:19:21.305317667Z,2026-04-20T14:19:21.056251741Z,1,1,42378618,T,B,0,104.500000000,12,0,11482,114338236,103.500000000,104.500000000,88,99,4,4,ESM6 P6900
2026-04-20T14:19:34.378740030Z,2026-04-20T14:19:34.244864265Z,1,1,42399706,T,B,0,70.250000000,1,0,12967,114521367,70.000000000,70.250000000,46,1,4,1,ESM6 P6700
2026-04-20T14:19:37.599866808Z,2026-04-20T14:19:37.579969921Z,1,1,42458740,T,B,0,50.500000000,1,0,14612,114571664,50.250000000,50.500000000,4,1,1,1,ESU6 P5600
2026-04-20T14:19:45.496147401Z,2026-04-20T14:19:45.495585111Z,1,1,2672880,T,B,0,31.000000000,1,0,25353,38054962,30.750000000,31.000000000,634,225,6,1,UD:1V: VT 2672880
2026-04-20T14:19:56.904973094Z,2026-04-20T14:19:56.283649861Z,1,1,42378346,T,B,0,37.750000000,1,0,11221,114761653,37.500000000,37.750000000,58,1,4,1,ESM6 C7500
2026-04-20T14:20:03.738884776Z,2026-04-20T14:20:01.752238017Z,1,1,42366511,T,A,0,21.500000000,1,0,17452,114861119,21.500000000,22.250000000,1,60,1,1,ESM6 C7600
2026-04-20T14:20:34.543631079Z,2026-04-20T14:20:34.535312213Z,1,1,42394812,T,B,0,84.750000000,1,0,13909,115240338,84.500000000,84.750000000,50,1,4,1,ESM6 P6800
2026-04-20T14:20:41.505118347Z,2026-04-20T14:20:41.502979775Z,1,1,42404370,T,A,0,40.500000000,8,0,17060,115296747,40.500000000,40.750000000,8,353,1,8,ESM6 P6400
2026-04-20T14:20:59.781535019Z,2026-04-20T14:20:59.781031169Z,1,1,42510079,T,A,0,80.500000000,61,0,13121,115475547,80.500000000,80.750000000,100,82,1,7,ESM6 C7350
2026-04-20T14:20:59.783181486Z,2026-04-20T14:20:59.781538665Z,1,1,42510079,T,A,0,80.500000000,39,0,13631,115475582,80.500000000,80.750000000,39,82,1,7,ESM6 C7350
2026-04-20T14:21:24.203036705Z,2026-04-20T14:21:24.175354603Z,1,1,42510079,T,A,0,81.000000000,5,0,11430,115751239,81.000000000,81.250000000,200,64,1,7,ESM6 C7350
2026-04-20T14:21:29.578133255Z,2026-04-20T14:21:29.152844273Z,1,1,42510079,T,A,0,81.250000000,63,0,16241,115831718,81.250000000,81.500000000,195,18,1,2,ESM6 C7350
2026-04-20T14:21:29.578827895Z,2026-04-20T14:21:29.153045001Z,1,1,42510079,T,A,0,81.250000000,2,0,15788,115831731,81.250000000,81.500000000,132,18,1,2,ESM6 C7350
2026-04-20T14:21:29.903268051Z,2026-04-20T14:21:29.507486897Z,1,1,42510079,T,A,0,81.250000000,5,0,11450,115837431,81.250000000,81.500000000,130,28,1,4,ESM6 C7350
2026-04-20T14:21:30.326143243Z,2026-04-20T14:21:29.702582331Z,1,1,42510079,T,A,0,81.250000000,40,0,11182,115844643,81.250000000,81.500000000,125,16,1,2,ESM6 C7350
2026-04-20T14:21:30.349823634Z,2026-04-20T14:21:29.702803475Z,1,1,42510079,T,A,0,81.250000000,4,0,12919,115845103,81.250000000,81.500000000,85,16,1,2,ESM6 C7350
2026-04-20T14:21:30.352447678Z,2026-04-20T14:21:29.703090137Z,1,1,42510079,T,A,0,81.250000000,81,0,11491,115845194,81.250000000,81.500000000,81,16,1,2,ESM6 C7350
2026-04-20T14:21:43.871667441Z,2026-04-20T14:21:43.865152507Z,1,1,42510079,T,B,0,81.000000000,18,0,24949,115999852,80.500000000,81.000000000,110,18,7,3,ESM6 C7350
2026-04-20T14:21:45.525514124Z,2026-04-20T14:21:45.319674111Z,1,1,42510079,T,A,0,81.000000000,24,0,22949,116016984,81.000000000,81.250000000,269,76,1,5,ESM6 C7350
2026-04-20T14:21:46.512676267Z,2026-04-20T14:21:46.477403037Z,1,1,42416106,T,A,0,49.750000000,2,0,14619,116030476,49.750000000,50.000000000,2,8,1,1,ESM6 C7450
2026-04-20T14:21:47.018427051Z,2026-04-20T14:21:46.912315277Z,1,1,42903306,T,A,0,72.000000000,2,0,24528,116038009,72.000000000,72.250000000,4,8,2,1,ESM6 C7375
2026-04-20T14:21:47.148266111Z,2026-04-20T14:21:47.146626435Z,1,1,42404370,T,B,0,40.500000000,5,0,11381,116040497,40.000000000,40.500000000,180,293,6,8,ESM6 P6400
2026-04-20T14:21:47.305949927Z,2026-04-20T14:21:47.293148375Z,1,1,42510079,T,B,0,81.250000000,61,0,16762,116041245,80.750000000,81.250000000,26,61,5,5,ESM6 C7350
2026-04-20T14:21:47.327338743Z,2026-04-20T14:21:47.305862913Z,1,1,42510079,T,A,0,81.250000000,90,0,11339,116041626,81.250000000,81.500000000,184,62,1,5,ESM6 C7350
2026-04-20T14:21:47.327454859Z,2026-04-20T14:21:47.305866605Z,1,1,42510079,T,A,0,81.250000000,43,0,12811,116041628,81.250000000,81.500000000,94,62,1,5,ESM6 C7350
2026-04-20T14:21:47.327530636Z,2026-04-20T14:21:47.305915769Z,1,1,42510079,T,A,0,81.250000000,18,0,11311,116041630,81.250000000,81.500000000,51,62,1,5,ESM6 C7350
2026-04-20T14:21:47.581049514Z,2026-04-20T14:21:47.579950749Z,1,1,42510079,T,A,0,81.250000000,33,0,14622,116043517,81.250000000,81.500000000,33,196,1,6,ESM6 C7350
2026-04-20T14:21:52.401220347Z,2026-04-20T14:21:52.285773549Z,1,1,42760626,T,B,0,108.500000000,4,0,12306,116098340,108.000000000,108.500000000,49,4,5,1,ESM6 P6925
2026-04-20T14:22:18.282681418Z,2026-04-20T14:22:18.269092279Z,1,1,2501619,T,B,0,28.750000000,1,0,14313,38907317,28.250000000,28.750000000,1500,291,5,1,UD:1V: VT 2501619
2026-04-20T14:22:18.489439108Z,2026-04-20T14:22:18.488897823Z,1,1,2501619,T,B,0,28.750000000,1,0,13827,38908171,28.250000000,28.750000000,1500,290,5,1,UD:1V: VT 2501619
2026-04-20T14:22:18.848153502Z,2026-04-20T14:22:18.845912043Z,1,1,2501619,T,B,0,28.750000000,1,0,17463,38909040,28.250000000,28.750000000,1500,289,5,1,UD:1V: VT 2501619
2026-04-20T14:22:21.356881404Z,2026-04-20T14:22:21.356392617Z,1,1,42378374,T,B,0,196.000000000,5,0,17506,116427764,195.500000000,196.000000000,77,5,7,1,ESM6 P7200
2026-04-20T14:22:23.899631551Z,2026-04-20T14:22:23.898615887Z,1,1,2501619,T,B,0,28.750000000,1,0,11687,38935998,28.250000000,28.750000000,1500,291,5,1,UD:1V: VT 2501619
2026-04-20T14:22:28.518784141Z,2026-04-20T14:22:28.511032463Z,1,1,2501619,T,B,0,28.750000000,1,0,14620,38959526,28.250000000,28.750000000,1500,291,5,1,UD:1V: VT 2501619
2026-04-20T14:22:29.048103809Z,2026-04-20T14:22:29.043957885Z,1,1,2501619,T,B,0,28.750000000,1,0,16433,38960485,28.250000000,28.750000000,1500,290,5,1,UD:1V: VT 2501619
2026-04-20T14:23:42.896634114Z,2026-04-20T14:23:42.542026521Z,1,1,2500022,T,A,0,9.500000000,4,0,14634,39275643,9.500000000,9.700000000,4,870,1,7,UD:1V: VT 2500022
2026-04-20T14:23:46.087822697Z,2026-04-20T14:23:46.079405825Z,1,1,2500022,T,A,0,9.500000000,4,0,14969,39294468,9.500000000,9.600000000,4,267,1,4,UD:1V: VT 2500022
2026-04-20T14:23:49.275393262Z,2026-04-20T14:23:49.274861569Z,1,1,2500022,T,A,0,9.500000000,4,0,13696,39308502,9.500000000,9.600000000,4,263,1,3,UD:1V: VT 2500022
2026-04-20T14:24:02.285759436Z,2026-04-20T14:24:02.242030319Z,1,1,42378374,T,B,0,196.000000000,6,0,10465,117375512,195.500000000,196.000000000,17,6,4,1,ESM6 P7200
2026-04-20T14:24:22.100909663Z,2026-04-20T14:24:22.093740357Z,1,1,42510079,T,A,0,81.500000000,1,0,14588,117567327,81.500000000,81.750000000,1,30,1,4,ESM6 C7350
2026-04-20T14:24:33.127451078Z,2026-04-20T14:24:33.126966477Z,1,1,42409633,T,B,0,0.750000000,6,0,13943,117654761,0.650000000,0.750000000,50,237,3,4,ESM6 P2900
2026-04-20T14:24:36.859659905Z,2026-04-20T14:24:36.756575225Z,1,1,2501619,T,B,0,28.750000000,167,0,13564,39509646,28.250000000,28.750000000,1499,521,5,2,UD:1V: VT 2501619
2026-04-20T14:24:36.901089639Z,2026-04-20T14:24:36.804083421Z,1,1,2501619,T,B,0,28.750000000,157,0,17413,39509964,28.250000000,28.750000000,1499,354,5,2,UD:1V: VT 2501619
2026-04-20T14:24:59.263979134Z,2026-04-20T14:24:59.263177555Z,1,1,2509550,T,A,0,59.000000000,1,0,17926,39576353,59.000000000,59.250000000,1,114,1,5,UD:1V: GN 2509550
2026-04-20T14:25:05.752687836Z,2026-04-20T14:25:05.668027207Z,1,1,42378374,T,B,0,196.000000000,4,0,14440,117891859,195.500000000,196.000000000,21,4,6,1,ESM6 P7200
2026-04-20T14:25:14.627150147Z,2026-04-20T14:25:14.617714463Z,1,1,42676519,T,B,0,121.500000000,23,0,11180,117980905,120.500000000,121.500000000,49,28,2,1,ESH7 C8150
2026-04-20T14:25:26.959932220Z,2026-04-20T14:25:26.959352411Z,1,1,2516102,T,A,0,28.500000000,10,0,14983,39682512,28.500000000,28.750000000,309,20,5,1,UD:1V: VT 2516102
2026-04-20T14:25:30.945448680Z,2026-04-20T14:25:30.655054715Z,1,1,42883176,T,A,0,164.500000000,3,0,13622,118114781,164.500000000,165.000000000,3,34,1,4,ESM6 C7175
2026-04-20T14:25:42.073223677Z,2026-04-20T14:25:42.072646201Z,1,1,2513332,T,A,0,46.000000000,4,0,23928,39756744,46.000000000,46.250000000,4,956,1,8,UD:1V: VT 2513332
2026-04-20T14:25:42.376985803Z,2026-04-20T14:25:42.343314215Z,1,1,2694033,T,B,0,19.500000000,4,0,16598,39758616,19.400000000,19.500000000,458,4,3,1,UD:1V: VT 2694033
2026-04-20T14:25:44.197301995Z,2026-04-20T14:25:44.186988513Z,1,1,42404370,T,B,0,40.000000000,1,0,14189,118253406,39.750000000,40.000000000,194,1,8,1,ESM6 P6400
2026-04-20T14:25:45.748243387Z,2026-04-20T14:25:45.717969475Z,1,1,2694033,T,B,0,19.500000000,4,0,16932,39767862,19.400000000,19.500000000,458,4,3,1,UD:1V: VT 2694033
2026-04-20T14:25:46.725410831Z,2026-04-20T14:25:46.676231873Z,1,1,42429372,T,A,0,84.000000000,1,0,12692,118277595,84.000000000,84.250000000,1,36,1,2,ESU6 C7700
2026-04-20T14:25:52.965831139Z,2026-04-20T14:25:52.965297637Z,1,1,42416106,T,A,0,50.500000000,1,0,20435,118325404,50.500000000,50.750000000,1,36,1,4,ESM6 C7450
2026-04-20T14:25:58.100503707Z,2026-04-20T14:25:58.099956865Z,1,1,42394731,T,A,0,6.500000000,1,0,14540,118370184,6.500000000,6.700000000,116,383,5,6,ESM6 P5000
2026-04-20T14:26:14.941795936Z,2026-04-20T14:26:14.941415797Z,1,1,42438256,T,A,0,42.250000000,1,0,13738,118526113,42.250000000,42.500000000,1,251,1,5,ESZ6 C8300
2026-04-20T14:26:26.523438292Z,2026-04-20T14:26:26.036853115Z,1,1,2500022,T,A,0,9.500000000,4,0,13879,39930149,9.500000000,9.700000000,4,1299,1,8,UD:1V: VT 2500022
2026-04-20T14:26:55.978440151Z,2026-04-20T14:26:55.967806957Z,1,1,42404374,T,B,0,125.500000000,1,0,14565,118931979,125.000000000,125.500000000,90,1,7,1,ESM6 P7000
2026-04-20T14:27:24.142391239Z,2026-04-20T14:27:24.026966523Z,1,1,42522942,T,B,0,74.250000000,4,0,14661,119155249,74.000000000,74.250000000,85,4,2,1,ESH7 P5000
2026-04-20T14:27:40.191291870Z,2026-04-20T14:27:40.188247797Z,1,1,2685818,T,A,0,5.700000000,4,0,15614,40263319,5.700000000,6.200000000,4,23,1,2,UD:1V: GN 2685818
2026-04-20T14:27:42.061997663Z,2026-04-20T14:27:40.748672101Z,1,1,42487843,T,B,0,176.000000000,3,0,16318,119333963,175.500000000,176.000000000,2,3,1,1,ESM6 P7150
2026-04-20T14:27:42.065392487Z,2026-04-20T14:27:40.751624671Z,1,1,42378541,T,B,0,34.000000000,1,0,11218,119334016,33.750000000,34.000000000,82,1,5,1,ESM6 P6300
2026-04-20T14:27:44.621951564Z,2026-04-20T14:27:44.176168225Z,1,1,2685818,T,A,0,5.700000000,4,0,14048,40298734,5.700000000,6.100000000,4,49,1,1,UD:1V: GN 2685818
2026-04-20T14:27:47.239941912Z,2026-04-20T14:27:47.234054419Z,1,1,42883305,T,A,0,38.500000000,2,0,13774,119404445,38.500000000,38.750000000,19,2,3,2,ESM6 P6375
2026-04-20T14:27:47.257918566Z,2026-04-20T14:27:47.242674381Z,1,1,42883305,T,A,0,38.500000000,2,0,23253,119404674,38.500000000,38.750000000,6,2,2,2,ESM6 P6375
2026-04-20T14:27:47.287143703Z,2026-04-20T14:27:47.273335485Z,1,1,42883305,T,A,0,38.500000000,2,0,14286,119405488,38.500000000,38.750000000,79,2,1,2,ESM6 P6375
2026-04-20T14:28:07.034571110Z,2026-04-20T14:28:07.034076033Z,1,1,42399706,T,A,0,69.750000000,1,0,14007,119598669,69.750000000,70.000000000,1,124,1,7,ESM6 P6700
2026-04-20T14:28:18.163317151Z,2026-04-20T14:28:17.641757097Z,1,1,2513332,T,A,0,45.750000000,1,0,15183,40457287,45.750000000,46.000000000,1,1194,1,9,UD:1V: VT 2513332
2026-04-20T14:28:19.031419873Z,2026-04-20T14:28:18.796107909Z,1,1,2694033,T,B,0,19.600000000,4,0,14001,40463734,19.300000000,19.600000000,1613,4,7,1,UD:1V: VT 2694033
2026-04-20T14:28:22.283286467Z,2026-04-20T14:28:22.267444171Z,1,1,2694033,T,B,0,19.600000000,4,0,11861,40481191,19.400000000,19.600000000,1285,4,7,1,UD:1V: VT 2694033
2026-04-20T14:28:30.030378539Z,2026-04-20T14:28:30.028722157Z,1,1,2694033,T,B,0,19.600000000,4,0,14998,40505621,19.400000000,19.600000000,1285,4,7,1,UD:1V: VT 2694033
2026-04-20T14:28:35.640437973Z,2026-04-20T14:28:35.640047899Z,1,1,42439383,T,B,0,303.000000000,8,0,14107,119867562,302.500000000,303.000000000,60,8,7,1,ESU6 C7200
2026-04-20T14:28:37.707030838Z,2026-04-20T14:28:37.699088115Z,1,1,2694033,T,B,0,19.600000000,4,0,16974,40538471,19.400000000,19.600000000,1285,4,7,1,UD:1V: VT 2694033
2026-04-20T14:28:39.294923115Z,2026-04-20T14:28:39.294537637Z,1,1,42399646,T,A,0,12.200000000,1,0,13161,119896330,12.200000000,12.300000000,1,283,1,9,ESM6 C7700
2026-04-20T14:28:41.225285811Z,2026-04-20T14:28:41.188450453Z,1,1,2694033,T,B,0,19.600000000,4,0,14163,40554123,19.400000000,19.600000000,1285,4,7,1,UD:1V: VT 2694033
2026-04-20T14:28:45.103694330Z,2026-04-20T14:28:45.089273153Z,1,1,2694033,T,B,0,19.600000000,4,0,14502,40574980,19.400000000,19.600000000,1285,4,7,1,UD:1V: VT 2694033
2026-04-20T14:28:45.540646219Z,2026-04-20T14:28:45.384177453Z,1,1,42399655,T,B,0,13.400000000,25,0,26123,119963469,13.300000000,13.400000000,121,25,1,1,ESM6 P5650
2026-04-20T14:28:48.657759633Z,2026-04-20T14:28:48.642678455Z,1,1,2694033,T,B,0,19.600000000,4,0,13942,40601738,19.500000000,19.600000000,4,4,1,1,UD:1V: VT 2694033
2026-04-20T14:28:51.710943812Z,2026-04-20T14:28:51.479902849Z,1,1,42821844,T,A,0,25.750000000,37,0,16128,120060793,25.750000000,26.000000000,41,117,3,3,ESM6 P6125
2026-04-20T14:28:51.765349254Z,2026-04-20T14:28:51.489222411Z,1,1,42404367,T,A,0,24.750000000,39,0,12257,120062137,24.750000000,25.000000000,84,138,2,3,ESM6 P6100
2026-04-20T14:28:51.766173576Z,2026-04-20T14:28:51.489651783Z,1,1,42394754,T,A,0,29.000000000,4,0,11474,120062185,29.000000000,29.250000000,4,158,1,5,ESM6 P6200
2026-04-20T14:28:52.799532619Z,2026-04-20T14:28:52.793339727Z,1,1,2516330,T,B,0,8.800000000,2,0,13984,40634717,8.700000000,8.800000000,84,2,1,1,UD:1V: VT 2516330
2026-04-20T14:28:54.429497751Z,2026-04-20T14:28:54.355271003Z,1,1,42883304,T,B,0,13.900000000,4,0,23610,120094004,13.700000000,13.900000000,274,4,8,1,ESM6 P5675
2026-04-20T14:28:54.447042466Z,2026-04-20T14:28:54.357249269Z,1,1,42394733,T,B,0,9.100000000,4,0,11315,120094328,8.900000000,9.100000000,346,29,8,2,ESM6 P5300
2026-04-20T14:28:54.459676705Z,2026-04-20T14:28:54.366608247Z,1,1,42760604,T,B,0,13.100000000,4,0,14784,120094812,12.900000000,13.100000000,275,29,7,2,ESM6 P5625
2026-04-20T14:29:00.386374017Z,2026-04-20T14:29:00.385887493Z,1,1,42394733,T,B,0,9.100000000,4,0,19178,120162249,8.900000000,9.100000000,346,4,8,1,ESM6 P5300
2026-04-20T14:29:01.778621378Z,2026-04-20T14:29:01.760585351Z,1,1,42372983,T,A,0,23.000000000,8,0,25328,120178217,23.000000000,23.250000000,8,177,2,6,ESM6 P6050
2026-04-20T14:29:04.373804254Z,2026-04-20T14:29:04.275085959Z,1,1,42394733,T,B,0,9.100000000,4,0,17778,120216199,8.900000000,9.100000000,355,4,9,1,ESM6 P5300
2026-04-20T14:29:12.932328214Z,2026-04-20T14:29:12.886516863Z,1,1,42706865,T,B,0,61.000000000,2,0,13895,120313996,60.750000000,61.000000000,3,34,1,1,ESZ6 C8150
2026-04-20T14:29:36.670994316Z,2026-04-20T14:29:36.512263447Z,1,1,42366510,T,A,0,208.000000000,1,0,13274,120548842,208.000000000,208.500000000,1,50,1,5,ESM6 C7100
2026-04-20T14:29:37.311266939Z,2026-04-20T14:29:36.570658005Z,1,1,2516038,T,A,0,-43.000000000,1,0,14663,40869113,-43.000000000,-42.500000000,1,44,1,2,UD:1V: GN 2516038
2026-04-20T14:29:48.287726897Z,2026-04-20T14:29:48.235426427Z,1,1,42399704,T,A,0,64.000000000,1,0,11482,120690716,64.000000000,64.250000000,6,2,2,2,ESM6 P6650
2026-04-20T14:29:51.310311761Z,2026-04-20T14:29:51.309779581Z,1,1,2516204,T,B,0,11.500000000,1,0,13401,40947091,10.500000000,11.500000000,23,1,2,1,UD:1V: 12 2516204
2026-04-20T14:29:53.480444068Z,2026-04-20T14:29:53.479893539Z,1,1,2686129,T,A,0,99.500000000,2,0,14014,40955391,99.500000000,99.750000000,67,359,1,6,UD:1V: VT 2686129
2026-04-20T14:29:56.035974377Z,2026-04-20T14:29:55.545782903Z,1,1,42384779,T,A,0,58.250000000,1,0,17946,120753654,58.250000000,58.500000000,4,33,1,1,ESM6 P6600
2026-04-20T14:29:59.572399593Z,2026-04-20T14:29:59.551869993Z,1,1,42399704,T,B,0,64.000000000,1,0,11350,120802451,63.750000000,64.000000000,76,1,5,1,ESM6 P6650
2026-04-20T14:30:02.601589503Z,2026-04-20T14:30:02.555035189Z,1,1,42399704,T,B,0,64.000000000,2,0,15475,120846939,63.750000000,64.000000000,63,2,5,1,ESM6 P6650
2026-04-20T14:30:06.621471012Z,2026-04-20T14:30:06.450932217Z,1,1,42871623,T,B,0,25.000000000,1,0,11160,120885459,24.750000000,25.000000000,159,1,5,1,ESM6 C7575
2026-04-20T14:30:17.657336103Z,2026-04-20T14:30:17.650837591Z,1,1,42399704,T,B,0,64.000000000,1,0,19227,121009486,63.750000000,64.000000000,95,1,6,1,ESM6 P6650
2026-04-20T14:30:28.303449857Z,2026-04-20T14:30:28.249883837Z,1,1,42853804,T,B,0,67.000000000,1,0,20055,121118358,66.750000000,67.000000000,91,1,5,1,ESM6 P6675
2026-04-20T14:30:34.233733108Z,2026-04-20T14:30:34.133951419Z,1,1,42478360,T,B,0,333.500000000,4,0,14835,121185653,333.000000000,333.500000000,7,4,2,1,ESU6 C7150
2026-04-20T14:30:52.144852647Z,2026-04-20T14:30:52.121612037Z,1,1,42853804,T,A,0,67.000000000,1,0,11392,121381908,67.000000000,67.250000000,8,2,2,1,ESM6 P6675
2026-04-20T14:30:52.144870579Z,2026-04-20T14:30:52.121613361Z,1,1,42384779,T,A,0,58.250000000,1,0,11319,121381910,58.250000000,58.500000000,8,2,3,1,ESM6 P6600
2026-04-20T14:30:52.145389433Z,2026-04-20T14:30:52.122081783Z,1,1,42760606,T,A,0,61.000000000,1,0,11210,121381939,61.000000000,61.250000000,8,2,2,1,ESM6 P6625
2026-04-20T14:31:03.785707294Z,2026-04-20T14:31:03.761441605Z,1,1,42399704,T,A,0,64.000000000,1,0,11340,121505519,64.000000000,64.250000000,4,9,2,3,ESM6 P6650
2026-04-20T14:31:08.990713713Z,2026-04-20T14:31:08.679759477Z,1,1,2694033,T,B,0,19.700000000,4,0,10803,41353712,19.500000000,19.700000000,938,4,5,1,UD:1V: VT 2694033
2026-04-20T14:31:13.554748052Z,2026-04-20T14:31:13.472466717Z,1,1,2694033,T,B,0,19.700000000,4,0,12904,41386560,19.500000000,19.700000000,1036,4,6,1,UD:1V: VT 2694033
2026-04-20T14:31:18.333370777Z,2026-04-20T14:31:18.228279925Z,1,1,2513332,T,A,0,45.500000000,4,0,13228,41412781,45.500000000,45.750000000,4,1167,1,9,UD:1V: VT 2513332
2026-04-20T14:31:25.363339516Z,2026-04-20T14:31:25.124441355Z,1,1,42404370,T,B,0,41.000000000,1,0,14170,121764867,40.750000000,41.000000000,244,1,8,1,ESM6 P6400
2026-04-20T14:31:29.122575774Z,2026-04-20T14:31:28.342728937Z,1,1,42399706,T,B,0,71.000000000,4,0,12067,121825717,70.750000000,71.000000000,92,4,2,2,ESM6 P6700
2026-04-20T14:31:32.664274942Z,2026-04-20T14:31:32.184408007Z,1,1,42384731,T,A,0,252.000000000,1,0,19169,121888638,252.000000000,252.500000000,1,11,1,3,ESM6 P7300
2026-04-20T14:32:23.307748995Z,2026-04-20T14:32:22.921357467Z,1,1,2513332,T,A,0,45.500000000,4,0,13979,41773160,45.500000000,45.750000000,4,989,1,9,UD:1V: VT 2513332
2026-04-20T14:32:32.706425440Z,2026-04-20T14:32:32.705673923Z,1,1,2607680,T,A,0,59.250000000,1,0,12902,41827505,59.250000000,59.500000000,4,450,1,6,UD:1V: VT 2607680
2026-04-20T14:32:50.403521606Z,2026-04-20T14:32:50.403053881Z,1,1,42366510,T,A,0,206.500000000,1,0,14028,122740434,206.500000000,207.000000000,10,1,3,1,ESM6 C7100
2026-04-20T14:32:51.355174087Z,2026-04-20T14:32:51.250335123Z,1,1,2516512,T,A,0,82.000000000,1,0,12898,41923647,82.000000000,82.500000000,1,359,1,9,UD:1V: VT 2516512
2026-04-20T14:33:03.020727406Z,2026-04-20T14:33:02.948928073Z,1,1,42611781,T,A,0,28.500000000,1,0,11504,122890464,28.500000000,28.750000000,4,4,2,2,ESM6 C7550
2026-04-20T14:33:15.061906494Z,2026-04-20T14:33:15.060744687Z,1,1,42384725,T,B,0,63.500000000,4,0,15914,123042738,63.000000000,63.500000000,90,152,6,9,ESM6 C7400
2026-04-20T14:33:18.099007155Z,2026-04-20T14:33:18.005628649Z,1,1,42378449,T,B,0,21.750000000,1,0,25655,123074381,21.500000000,21.750000000,38,109,3,6,ESM6 P6000
2026-04-20T14:33:33.067000414Z,2026-04-20T14:33:33.016581749Z,1,1,42384725,T,B,0,63.250000000,4,0,15363,123229014,62.750000000,63.250000000,134,11,7,2,ESM6 C7400
2026-04-20T14:33:36.944448278Z,2026-04-20T14:33:36.625190323Z,1,1,2502786,T,B,0,40.250000000,4,0,14220,42156571,40.000000000,40.250000000,315,4,5,1,UD:1V: VT 2502786
2026-04-20T14:33:42.649581221Z,2026-04-20T14:33:42.605542765Z,1,1,2694033,T,B,0,19.800000000,4,0,11749,42198915,19.600000000,19.800000000,962,4,6,1,UD:1V: VT 2694033
2026-04-20T14:33:44.254918332Z,2026-04-20T14:33:44.253597729Z,1,1,42399704,T,A,0,64.750000000,2,0,16816,123376883,64.750000000,65.000000000,2,39,1,4,ESM6 P6650
2026-04-20T14:33:45.388211372Z,2026-04-20T14:33:45.317751309Z,1,1,42378592,T,A,0,49.000000000,1,0,16292,123389385,49.000000000,49.250000000,43,4,4,2,ESM6 P6500
2026-04-20T14:33:51.550723041Z,2026-04-20T14:33:51.550383015Z,1,1,42384725,T,A,0,63.000000000,4,0,13079,123451876,63.000000000,63.250000000,4,169,1,10,ESM6 C7400
2026-04-20T14:34:12.483682644Z,2026-04-20T14:34:12.065316401Z,1,1,2513332,T,A,0,45.250000000,4,0,13727,42338636,45.250000000,45.500000000,4,619,1,5,UD:1V: VT 2513332
2026-04-20T14:34:14.163640803Z,2026-04-20T14:34:13.375418085Z,1,1,42378373,T,B,0,15.500000000,4,0,13527,123678912,15.300000000,15.500000000,254,4,8,1,ESM6 P5750
2026-04-20T14:34:15.320179383Z,2026-04-20T14:34:14.479325823Z,1,1,2502786,T,B,0,40.500000000,4,0,14638,42364274,40.250000000,40.500000000,407,4,5,1,UD:1V: VT 2502786
2026-04-20T14:34:17.425547478Z,2026-04-20T14:34:17.196545459Z,1,1,42384725,T,B,0,62.750000000,6,0,16907,123741005,62.250000000,62.750000000,54,69,2,4,ESM6 C7400
2026-04-20T14:34:26.471886007Z,2026-04-20T14:34:26.350688585Z,1,1,42384725,T,B,0,62.500000000,2,0,18019,123853265,62.250000000,62.500000000,150,2,8,1,ESM6 C7400
2026-04-20T14:34:36.021525446Z,2026-04-20T14:34:35.830330997Z,1,1,42899801,T,A,0,299.000000000,1,0,19195,123964519,299.000000000,300.000000000,1,25,1,2,ESM6 P7375
2026-04-20T14:34:39.218709356Z,2026-04-20T14:34:39.213903045Z,1,1,42384725,T,A,0,62.500000000,2,0,14527,123994682,62.500000000,63.000000000,119,54,6,5,ESM6 C7400
2026-04-20T14:34:42.590584435Z,2026-04-20T14:34:42.571413459Z,1,1,42394812,T,A,0,86.250000000,10,0,11372,124016444,86.250000000,86.500000000,10,56,1,3,ESM6 P6800
2026-04-20T14:34:44.218676558Z,2026-04-20T14:34:43.898666071Z,1,1,42510079,T,B,0,79.500000000,21,0,14368,124036237,79.250000000,79.500000000,76,87,7,1,ESM6 C7350
2026-04-20T14:34:44.220915929Z,2026-04-20T14:34:43.908903161Z,1,1,42510079,T,B,0,79.500000000,18,0,16584,124036303,79.250000000,79.500000000,76,66,7,1,ESM6 C7350
2026-04-20T14:34:44.221821488Z,2026-04-20T14:34:43.910713321Z,1,1,42510079,T,B,0,79.500000000,1,0,14410,124036319,79.250000000,79.500000000,76,48,7,1,ESM6 C7350
2026-04-20T14:34:44.285995927Z,2026-04-20T14:34:43.998189379Z,1,1,42510079,T,B,0,79.500000000,3,0,15215,124037788,79.250000000,79.500000000,76,47,7,1,ESM6 C7350
2026-04-20T14:34:45.712249792Z,2026-04-20T14:34:45.683922175Z,1,1,42510079,T,B,0,79.500000000,1,0,17876,124059574,79.250000000,79.500000000,71,44,6,1,ESM6 C7350
2026-04-20T14:34:45.907849545Z,2026-04-20T14:34:45.899762001Z,1,1,42510079,T,B,0,79.500000000,43,0,23649,124063165,79.250000000,79.500000000,75,43,8,1,ESM6 C7350
2026-04-20T14:34:54.120904561Z,2026-04-20T14:34:54.103894521Z,1,1,42429372,T,B,0,82.750000000,1,0,20303,124152064,82.500000000,82.750000000,28,1,1,1,ESU6 C7700
2026-04-20T14:35:02.331625787Z,2026-04-20T14:35:02.328307705Z,1,1,42510079,T,B,0,79.750000000,17,0,12643,124236940,79.500000000,79.750000000,60,200,5,1,ESM6 C7350
2026-04-20T14:35:02.337467274Z,2026-04-20T14:35:02.333665627Z,1,1,42510079,T,B,0,79.750000000,1,0,12888,124237099,79.500000000,79.750000000,60,183,5,1,ESM6 C7350
2026-04-20T14:35:02.340071196Z,2026-04-20T14:35:02.339601117Z,1,1,42510079,T,B,0,79.750000000,1,0,14093,124237155,79.500000000,79.750000000,60,182,5,1,ESM6 C7350
2026-04-20T14:35:02.442886495Z,2026-04-20T14:35:02.433797127Z,1,1,42510079,T,B,0,79.750000000,18,0,15469,124238390,79.500000000,79.750000000,60,181,5,1,ESM6 C7350
2026-04-20T14:35:02.475134073Z,2026-04-20T14:35:02.434127969Z,1,1,42510079,T,B,0,79.750000000,24,0,16665,124238832,79.500000000,79.750000000,63,163,6,1,ESM6 C7350
2026-04-20T14:35:02.501819355Z,2026-04-20T14:35:02.444957279Z,1,1,42510079,T,B,0,79.750000000,6,0,17366,124239463,79.500000000,79.750000000,39,139,5,1,ESM6 C7350
2026-04-20T14:35:02.531345994Z,2026-04-20T14:35:02.475137799Z,1,1,42510079,T,B,0,79.750000000,18,0,14084,124239896,79.500000000,79.750000000,39,133,5,1,ESM6 C7350
2026-04-20T14:35:02.789672573Z,2026-04-20T14:35:02.789188689Z,1,1,42510079,T,B,0,79.750000000,1,0,14562,124243787,79.500000000,79.750000000,29,115,5,1,ESM6 C7350
2026-04-20T14:35:03.161621729Z,2026-04-20T14:35:03.147628331Z,1,1,42510079,T,B,0,79.750000000,1,0,13924,124249707,79.500000000,79.750000000,18,114,5,1,ESM6 C7350
2026-04-20T14:35:03.446512091Z,2026-04-20T14:35:03.446027823Z,1,1,42510079,T,B,0,79.750000000,91,0,12896,124255121,79.500000000,79.750000000,16,113,4,1,ESM6 C7350
2026-04-20T14:35:03.447362280Z,2026-04-20T14:35:03.446551001Z,1,1,42510079,T,B,0,79.750000000,22,0,13408,124255134,79.500000000,79.750000000,16,22,4,1,ESM6 C7350
2026-04-20T14:35:29.049977918Z,2026-04-20T14:35:29.048311481Z,1,1,42372969,T,A,0,273.500000000,6,0,13997,124554069,273.500000000,274.500000000,6,11,1,3,ESM6 C7000
2026-04-20T14:35:30.495854788Z,2026-04-20T14:35:30.494513935Z,1,1,2513332,T,A,0,45.250000000,4,0,13226,42774074,45.250000000,45.500000000,4,938,1,9,UD:1V: VT 2513332
2026-04-20T14:35:42.272574300Z,2026-04-20T14:35:42.134070775Z,1,1,2693264,T,A,0,30.750000000,4,0,15666,42827996,30.750000000,31.000000000,4,1203,1,8,UD:1V: VT 2693264
2026-04-20T14:35:42.584270075Z,2026-04-20T14:35:42.143838753Z,1,1,2503594,T,A,0,29.500000000,4,0,23563,42830681,29.500000000,29.750000000,4,980,1,7,UD:1V: VT 2503594
2026-04-20T14:35:42.880477911Z,2026-04-20T14:35:42.178993837Z,1,1,42404370,T,B,0,41.500000000,1,0,11365,124710873,41.250000000,41.500000000,152,1,3,1,ESM6 P6400
2026-04-20T14:35:45.718466596Z,2026-04-20T14:35:45.709814359Z,1,1,2693264,T,A,0,30.750000000,4,0,13397,42855863,30.750000000,31.000000000,4,1345,1,11,UD:1V: VT 2693264
2026-04-20T14:35:45.753739077Z,2026-04-20T14:35:45.753201853Z,1,1,2503594,T,A,0,29.500000000,4,0,14270,42856107,29.500000000,29.750000000,4,1489,1,11,UD:1V: VT 2503594
2026-04-20T14:35:48.059031944Z,2026-04-20T14:35:48.058486139Z,1,1,42372969,T,B,0,273.500000000,2,0,13160,124774593,272.500000000,273.500000000,26,6,3,1,ESM6 C7000
2026-04-20T14:35:48.953773412Z,2026-04-20T14:35:48.953150681Z,1,1,2503594,T,A,0,29.500000000,4,0,17756,42866463,29.500000000,29.750000000,4,1489,1,11,UD:1V: VT 2503594
2026-04-20T14:36:01.181846775Z,2026-04-20T14:36:00.934191743Z,1,1,2501912,T,B,0,366.500000000,1,0,18241,42917618,365.000000000,366.500000000,44,1,2,1,UD:1V: ST 2501912
2026-04-20T14:36:11.227405593Z,2026-04-20T14:36:11.203571887Z,1,1,42366510,T,A,0,205.000000000,6,0,19458,125014025,205.000000000,206.000000000,41,71,5,7,ESM6 C7100
2026-04-20T14:36:17.683112068Z,2026-04-20T14:36:17.677450321Z,1,1,42853783,T,B,0,88.250000000,16,0,18890,125086787,88.000000000,88.250000000,77,23,5,1,ESM6 C7325
2026-04-20T14:36:22.007450532Z,2026-04-20T14:36:22.007095047Z,1,1,42366510,T,A,0,205.500000000,2,0,14416,125123853,205.500000000,206.000000000,2,74,1,7,ESM6 C7100
2026-04-20T14:36:25.730558635Z,2026-04-20T14:36:25.730049255Z,1,1,42366510,T,A,0,205.000000000,6,0,13122,125167843,205.000000000,205.500000000,6,81,1,9,ESM6 C7100
2026-04-20T14:36:31.991781849Z,2026-04-20T14:36:31.901498973Z,1,1,42366510,T,A,0,205.000000000,5,0,12112,125238107,205.000000000,205.500000000,5,43,1,6,ESM6 C7100
2026-04-20T14:36:50.564693458Z,2026-04-20T14:36:50.564170741Z,1,1,42366510,T,B,0,205.500000000,2,0,16775,125413768,204.500000000,205.500000000,65,39,7,7,ESM6 C7100
2026-04-20T14:36:51.554315414Z,2026-04-20T14:36:51.553793745Z,1,1,42510079,T,B,0,78.500000000,122,0,16382,125419203,78.250000000,78.500000000,166,200,9,1,ESM6 C7350
2026-04-20T14:36:51.554554460Z,2026-04-20T14:36:51.553793923Z,1,1,42510079,T,B,0,78.500000000,78,0,14400,125419205,78.250000000,78.500000000,166,78,9,1,ESM6 C7350
2026-04-20T14:37:16.748650311Z,2026-04-20T14:37:16.369268909Z,1,1,42416106,T,B,0,48.750000000,7,0,11302,125669909,48.500000000,48.750000000,38,7,3,1,ESM6 C7450
2026-04-20T14:37:23.992778377Z,2026-04-20T14:37:23.821317411Z,1,1,2501912,T,B,0,366.500000000,2,0,11760,43294708,365.500000000,366.500000000,6,2,2,1,UD:1V: ST 2501912
2026-04-20T14:37:26.386903127Z,2026-04-20T14:37:26.378656075Z,1,1,42372979,T,B,0,99.500000000,4,0,15327,125807983,99.000000000,99.500000000,89,74,6,6,ESM6 C7300
2026-04-20T14:37:40.576107617Z,2026-04-20T14:37:40.574671915Z,1,1,42372979,T,A,0,99.250000000,4,0,14388,125940681,99.250000000,99.750000000,28,90,4,6,ESM6 C7300
2026-04-20T14:37:48.713855900Z,2026-04-20T14:37:48.707778067Z,1,1,2514148,T,A,0,-2.250000000,1,0,18059,43410902,-2.250000000,-2.150000000,1,84,1,3,UD:1V: GN 2514148
2026-04-20T14:37:57.257722183Z,2026-04-20T14:37:57.011912821Z,1,1,42416106,T,A,0,48.750000000,3,0,14042,126100959,48.750000000,49.000000000,4,12,1,3,ESM6 C7450
2026-04-20T14:38:22.215324223Z,2026-04-20T14:38:22.115225599Z,1,1,42416106,T,B,0,49.000000000,6,0,17578,126347449,48.750000000,49.000000000,33,6,2,1,ESM6 C7450
2026-04-20T14:38:44.622612128Z,2026-04-20T14:38:44.610883431Z,1,1,42867406,T,B,0,55.750000000,12,0,19790,126575463,55.500000000,55.750000000,28,12,1,3,ESM6 C7425
2026-04-20T14:38:44.642843382Z,2026-04-20T14:38:44.622570809Z,1,1,42867406,T,A,0,55.750000000,88,0,11262,126575832,55.750000000,56.000000000,88,77,1,5,ESM6 C7425
2026-04-20T14:38:58.877371542Z,2026-04-20T14:38:58.875204261Z,1,1,42394804,T,A,0,53.500000000,2,0,17194,126701278,53.500000000,53.750000000,11,6,3,2,ESM6 P6550
2026-04-20T14:39:09.514372985Z,2026-04-20T14:39:09.239451777Z,1,1,2502786,T,B,0,40.250000000,4,0,13563,43778762,40.000000000,40.250000000,42,4,2,1,UD:1V: VT 2502786
2026-04-20T14:39:16.658474558Z,2026-04-20T14:39:16.658174505Z,1,1,42458399,T,B,0,30.750000000,5,0,14473,126865700,30.500000000,30.750000000,250,5,5,1,ESU6 C8000
2026-04-20T14:39:19.980593820Z,2026-04-20T14:39:19.979150795Z,1,1,2516748,T,A,0,-1.450000000,4,0,13760,43824481,-1.450000000,-1.300000000,25,66,1,5,UD:1V: GN 2516748
2026-04-20T14:39:23.066714838Z,2026-04-20T14:39:23.009280773Z,1,1,2516748,T,A,0,-1.450000000,21,0,13268,43832328,-1.450000000,-1.300000000,21,164,1,6,UD:1V: GN 2516748
2026-04-20T14:39:33.901376977Z,2026-04-20T14:39:33.899074671Z,1,1,2516416,T,A,0,2.700000000,1,0,18936,43878611,2.700000000,2.750000000,1427,1,4,1,UD:1V: VT 2516416
2026-04-20T14:39:54.052240955Z,2026-04-20T14:39:53.527236315Z,1,1,42404367,T,A,0,25.250000000,16,0,12949,127196585,25.250000000,25.500000000,16,219,1,5,ESM6 P6100
2026-04-20T14:40:08.716279638Z,2026-04-20T14:40:08.712181297Z,1,1,42404367,T,A,0,25.250000000,1,0,18351,127337274,25.250000000,25.500000000,1,332,1,8,ESM6 P6100
2026-04-20T14:40:10.851222984Z,2026-04-20T14:40:10.819350763Z,1,1,43024830,T,B,0,9.500000000,4,0,13786,127360720,9.300000000,9.500000000,432,4,9,1,ESM6 P5325
2026-04-20T14:40:48.858783029Z,2026-04-20T14:40:48.816196957Z,1,1,42378346,T,A,0,37.000000000,2,0,13867,127730636,37.000000000,37.250000000,26,4,4,2,ESM6 C7500
2026-04-20T14:40:50.224286164Z,2026-04-20T14:40:50.180181837Z,1,1,42611781,T,A,0,28.000000000,1,0,12101,127748158,28.000000000,28.250000000,1,8,1,3,ESM6 C7550
2026-04-20T14:40:51.196465821Z,2026-04-20T14:40:50.720566801Z,1,1,2514801,T,A,0,4.000000000,20,0,14254,44242867,4.000000000,4.150000000,20,777,1,6,UD:1V: VT 2514801
2026-04-20T14:40:59.986150391Z,2026-04-20T14:40:59.953417429Z,1,1,2516748,T,A,0,-0.800000000,11,0,13283,44291012,-0.800000000,-0.700000000,25,2,1,1,UD:1V: GN 2516748
2026-04-20T14:41:02.448129838Z,2026-04-20T14:41:02.269271233Z,1,1,2694033,T,B,0,19.900000000,4,0,17298,44308929,19.700000000,19.900000000,861,4,5,1,UD:1V: VT 2694033
2026-04-20T14:41:10.822449223Z,2026-04-20T14:41:10.686395819Z,1,1,2516748,T,A,0,-0.800000000,14,0,14445,44377995,-0.800000000,-0.400000000,14,218,1,7,UD:1V: GN 2516748
2026-04-20T14:41:30.201731043Z,2026-04-20T14:41:29.897932107Z,1,1,42499829,T,A,0,173.500000000,4,0,11458,128259489,173.500000000,174.500000000,4,63,1,3,ESM6 C7150
2026-04-20T14:41:30.257872476Z,2026-04-20T14:41:29.897935029Z,1,1,42510079,T,A,0,78.250000000,32,0,16417,128260464,78.250000000,78.750000000,32,60,2,2,ESM6 C7350
2026-04-20T14:41:38.180248731Z,2026-04-20T14:41:35.809854471Z,1,1,42378592,T,B,0,50.000000000,1,0,11348,128379783,49.500000000,50.000000000,39,1,3,1,ESM6 P6500
2026-04-20T14:41:46.525598855Z,2026-04-20T14:41:46.032741873Z,1,1,42510079,T,B,0,78.250000000,19,0,14312,128517943,78.000000000,78.250000000,71,100,6,1,ESM6 C7350
2026-04-20T14:41:46.551048974Z,2026-04-20T14:41:46.039063497Z,1,1,42510079,T,B,0,78.250000000,1,0,23112,128518350,78.000000000,78.250000000,71,81,6,1,ESM6 C7350
2026-04-20T14:41:46.597875047Z,2026-04-20T14:41:46.052066945Z,1,1,42510079,T,B,0,78.250000000,2,0,17326,128519099,78.000000000,78.250000000,87,80,7,1,ESM6 C7350
2026-04-20T14:41:46.683741057Z,2026-04-20T14:41:46.065540255Z,1,1,42510079,T,B,0,78.250000000,5,0,13933,128520755,78.000000000,78.250000000,85,78,6,1,ESM6 C7350
2026-04-20T14:41:46.722624252Z,2026-04-20T14:41:46.082993385Z,1,1,42510079,T,B,0,78.250000000,1,0,13928,128521413,78.000000000,78.250000000,92,73,7,1,ESM6 C7350
2026-04-20T14:41:49.734081259Z,2026-04-20T14:41:49.720431221Z,1,1,42510079,T,A,0,78.000000000,54,0,18715,128553085,78.000000000,78.500000000,54,65,4,5,ESM6 C7350
2026-04-20T14:41:49.756419313Z,2026-04-20T14:41:49.734004309Z,1,1,42510079,T,B,0,78.000000000,18,0,11263,128553534,77.750000000,78.000000000,44,18,6,1,ESM6 C7350
2026-04-20T14:41:55.465015585Z,2026-04-20T14:41:55.464460167Z,1,1,2514801,T,A,0,3.950000000,1,0,15260,44666708,3.950000000,4.100000000,236,363,1,4,UD:1V: VT 2514801
2026-04-20T14:42:00.372883506Z,2026-04-20T14:42:00.353475551Z,1,1,42611781,T,A,0,27.750000000,2,0,19542,128667937,27.750000000,28.250000000,3,203,2,9,ESM6 C7550
2026-04-20T14:42:00.399315881Z,2026-04-20T14:42:00.390465099Z,1,1,42611781,T,A,0,27.750000000,1,0,22325,128668301,27.750000000,28.250000000,5,203,2,9,ESM6 C7550
2026-04-20T14:42:00.417592021Z,2026-04-20T14:42:00.410617235Z,1,1,42611781,T,A,0,27.750000000,1,0,10410,128668729,27.750000000,28.250000000,138,203,2,9,ESM6 C7550
2026-04-20T14:42:01.324388515Z,2026-04-20T14:42:01.159072485Z,1,1,42854015,T,A,0,75.250000000,1,0,13143,128680674,75.250000000,75.750000000,7,96,3,6,ESM6 P6725
2026-04-20T14:42:13.563866297Z,2026-04-20T14:42:13.563350467Z,1,1,42372969,T,B,0,272.500000000,2,0,15620,128836091,271.000000000,272.500000000,57,26,5,4,ESM6 C7000
2026-04-20T14:42:17.381404886Z,2026-04-20T14:42:16.929744927Z,1,1,42399706,T,B,0,72.250000000,1,0,17950,128879292,71.750000000,72.250000000,38,1,4,1,ESM6 P6700
2026-04-20T14:42:36.306881054Z,2026-04-20T14:42:35.981301455Z,1,1,42399706,T,B,0,72.500000000,3,0,15208,129096325,72.000000000,72.500000000,18,67,4,6,ESM6 P6700
2026-04-20T14:42:51.568655507Z,2026-04-20T14:42:51.420568691Z,1,1,42378618,T,B,0,107.000000000,1,0,14099,129229989,106.500000000,107.000000000,112,1,8,1,ESM6 P6900
2026-04-20T14:43:07.881833052Z,2026-04-20T14:43:07.824465787Z,1,1,2513332,T,A,0,45.000000000,4,0,13698,45064509,45.000000000,45.250000000,4,666,1,7,UD:1V: VT 2513332
2026-04-20T14:43:12.075091508Z,2026-04-20T14:43:12.058108425Z,1,1,42377530,T,A,0,188.000000000,9,0,21354,129487986,188.000000000,189.000000000,36,26,4,2,ESU6 P6800
2026-04-20T14:43:25.807621175Z,2026-04-20T14:43:25.807117439Z,1,1,42404370,T,B,0,42.000000000,1,0,18063,129634638,41.750000000,42.000000000,131,1,7,1,ESM6 P6400
2026-04-20T14:43:33.885722891Z,2026-04-20T14:43:33.784753765Z,1,1,42760606,T,B,0,63.000000000,6,0,12337,129710350,62.750000000,63.000000000,70,6,4,1,ESM6 P6625
2026-04-20T14:43:35.117899605Z,2026-04-20T14:43:35.117358301Z,1,1,42458399,T,B,0,30.250000000,1,0,18006,129722063,30.000000000,30.250000000,155,73,4,1,ESU6 C8000
2026-04-20T14:43:35.118376297Z,2026-04-20T14:43:35.117944331Z,1,1,42458399,T,B,0,30.250000000,72,0,13883,129722065,30.000000000,30.250000000,155,72,4,1,ESU6 C8000
2026-04-20T14:43:54.051542726Z,2026-04-20T14:43:54.051193223Z,1,1,42472878,T,B,0,503.500000000,4,0,12933,129932686,502.500000000,503.500000000,17,4,3,1,ESU6 C6900
2026-04-20T14:43:54.092065228Z,2026-04-20T14:43:54.089750405Z,1,1,42378346,T,A,0,36.500000000,2,0,17761,129932788,36.500000000,36.750000000,8,4,3,2,ESM6 C7500
2026-04-20T14:43:54.166304705Z,2026-04-20T14:43:54.158990333Z,1,1,42378346,T,A,0,36.500000000,2,0,18578,129933108,36.500000000,36.750000000,6,4,2,2,ESM6 C7500
2026-04-20T14:44:00.952139759Z,2026-04-20T14:44:00.834769527Z,1,1,2513332,T,A,0,45.000000000,4,0,16410,45346507,45.000000000,45.250000000,4,1179,1,10,UD:1V: VT 2513332
2026-04-20T14:44:04.128816775Z,2026-04-20T14:44:04.109477429Z,1,1,42871623,T,A,0,23.750000000,2,0,14278,130033997,23.750000000,24.250000000,2,138,1,6,ESM6 C7575
2026-04-20T14:44:04.234476620Z,2026-04-20T14:44:04.149775717Z,1,1,42871623,T,A,0,23.750000000,23,0,14043,130036025,23.750000000,24.250000000,111,233,1,7,ESM6 C7575
2026-04-20T14:44:07.901541149Z,2026-04-20T14:44:07.892922825Z,1,1,42384725,T,A,0,61.000000000,4,0,15823,130068178,61.000000000,61.500000000,8,99,3,7,ESM6 C7400
2026-04-20T14:44:23.093097739Z,2026-04-20T14:44:22.466955127Z,1,1,42804678,T,B,0,132.500000000,1,0,18049,130219716,132.000000000,132.500000000,13,1,4,1,ESM6 C7225
2026-04-20T14:44:34.982553945Z,2026-04-20T14:44:34.981362599Z,1,1,42510079,T,A,0,78.250000000,43,0,13716,130362767,78.250000000,78.500000000,100,74,1,5,ESM6 C7350
2026-04-20T14:44:34.982788347Z,2026-04-20T14:44:34.981362779Z,1,1,42510079,T,A,0,78.250000000,44,0,11862,130362769,78.250000000,78.500000000,57,74,1,5,ESM6 C7350
2026-04-20T14:44:35.179948472Z,2026-04-20T14:44:35.161994989Z,1,1,42510079,T,A,0,78.250000000,13,0,20992,130364368,78.250000000,78.500000000,13,88,1,7,ESM6 C7350
2026-04-20T14:44:38.765164339Z,2026-04-20T14:44:38.763073703Z,1,1,42378346,T,A,0,36.500000000,4,0,24263,130384351,36.500000000,37.000000000,141,53,7,4,ESM6 C7500
2026-04-20T14:45:09.936091439Z,2026-04-20T14:45:09.935553271Z,1,1,42384731,T,B,0,255.000000000,5,0,12609,130692582,254.500000000,255.000000000,51,5,6,1,ESM6 P7300
2026-04-20T14:45:17.588296151Z,2026-04-20T14:45:17.364306895Z,1,1,42384779,T,A,0,59.750000000,2,0,11589,130764379,59.750000000,60.250000000,2,127,1,8,ESM6 P6600
2026-04-20T14:45:22.528093991Z,2026-04-20T14:45:22.320084871Z,1,1,2517015,T,B,0,31.750000000,1,0,14116,45745610,31.500000000,31.750000000,4,898,1,8,UD:1V: VT 2517015
2026-04-20T14:45:38.907341461Z,2026-04-20T14:45:38.906671725Z,1,1,42394804,T,A,0,54.500000000,1,0,14088,130986032,54.500000000,55.000000000,10,106,4,8,ESM6 P6550
2026-04-20T14:46:02.081266927Z,2026-04-20T14:46:01.889657803Z,1,1,42441336,T,A,0,127.000000000,24,0,27618,131208854,127.000000000,127.500000000,24,6,1,1,ESU6 C7550
2026-04-20T14:46:07.852339892Z,2026-04-20T14:46:07.592814619Z,1,1,42836583,T,A,0,31.000000000,14,0,15581,131262669,31.000000000,31.250000000,14,56,1,1,ESM6 P6225
2026-04-20T14:46:08.266373826Z,2026-04-20T14:46:07.819620601Z,1,1,42378450,T,A,0,27.500000000,1,0,15092,131269625,27.500000000,27.750000000,1,60,1,2,ESM6 P6150
2026-04-20T14:46:20.817541897Z,2026-04-20T14:46:20.630725977Z,1,1,2502786,T,B,0,40.750000000,4,0,11978,46026579,40.500000000,40.750000000,359,4,7,1,UD:1V: VT 2502786
2026-04-20T14:46:25.566920972Z,2026-04-20T14:46:25.225191681Z,1,1,2513332,T,A,0,45.000000000,4,0,13374,46048022,45.000000000,45.250000000,4,725,1,7,UD:1V: VT 2513332
2026-04-20T14:46:26.959604789Z,2026-04-20T14:46:26.713092373Z,1,1,42394633,T,B,0,4.250000000,1,0,11594,131476415,4.150000000,4.250000000,335,1,6,1,ESM6 P4500
2026-04-20T14:47:05.758589598Z,2026-04-20T14:47:05.594516107Z,1,1,2516748,T,A,0,-0.750000000,25,0,12944,46255016,-0.750000000,-0.450000000,25,72,1,5,UD:1V: GN 2516748
2026-04-20T14:47:09.330622747Z,2026-04-20T14:47:09.067304541Z,1,1,42384730,T,A,0,17.600000000,1,0,11151,131949601,17.600000000,17.700000000,4,29,1,1,ESM6 P5850
2026-04-20T14:47:09.716264617Z,2026-04-20T14:47:09.499344747Z,1,1,42853787,T,A,0,18.200000000,1,0,18121,131956433,18.200000000,18.400000000,19,294,1,7,ESM6 P5875
2026-04-20T14:47:09.807628543Z,2026-04-20T14:47:09.573574779Z,1,1,42919949,T,B,0,91.000000000,18,0,12618,131958111,90.500000000,91.000000000,146,27,6,1,ESM6 P6825
2026-04-20T14:47:09.810416450Z,2026-04-20T14:47:09.573593709Z,1,1,42804682,T,B,0,82.500000000,20,0,16520,131958113,82.000000000,82.500000000,159,22,6,1,ESM6 P6775
2026-04-20T14:47:09.869833990Z,2026-04-20T14:47:09.668616997Z,1,1,2505845,T,A,0,-28.000000000,1,0,17234,46288221,-28.000000000,-26.750000000,1,187,1,2,UD:1V: GN 2505845
2026-04-20T14:47:12.924028675Z,2026-04-20T14:47:12.794281743Z,1,1,42919948,T,A,0,19.500000000,1,0,16494,131991696,19.500000000,19.700000000,4,290,1,8,ESM6 P5925
2026-04-20T14:47:12.997937094Z,2026-04-20T14:47:12.924032579Z,1,1,42919948,T,A,0,19.500000000,3,0,14305,131993248,19.500000000,19.700000000,3,290,1,8,ESM6 P5925
2026-04-20T14:47:13.277453724Z,2026-04-20T14:47:13.165972579Z,1,1,42409672,T,A,0,18.800000000,1,0,19476,131998687,18.800000000,19.000000000,19,309,1,9,ESM6 P5900
2026-04-20T14:47:13.336107199Z,2026-04-20T14:47:13.319072113Z,1,1,42409657,T,A,0,12.800000000,4,0,16655,132000069,12.800000000,12.900000000,4,4,1,1,ESM6 P5600
2026-04-20T14:47:13.498706833Z,2026-04-20T14:47:13.400022427Z,1,1,42836580,T,A,0,24.250000000,1,0,11388,132003161,24.250000000,24.500000000,4,281,1,9,ESM6 P6075
2026-04-20T14:47:13.593056201Z,2026-04-20T14:47:13.498710597Z,1,1,42836580,T,A,0,24.250000000,3,0,15913,132004874,24.250000000,24.500000000,3,281,1,9,ESM6 P6075
2026-04-20T14:47:28.447491531Z,2026-04-20T14:47:27.916961683Z,1,1,42836580,T,A,0,24.250000000,4,0,11849,132153094,24.250000000,24.500000000,4,4,1,1,ESM6 P6075
2026-04-20T14:47:37.581818103Z,2026-04-20T14:47:37.577812163Z,1,1,2691928,T,A,0,7.800000000,4,0,13779,46444260,7.800000000,7.900000000,4,406,1,4,UD:1V: VT 2691928
2026-04-20T14:47:47.841204353Z,2026-04-20T14:47:47.828410091Z,1,1,42883306,T,A,0,170.500000000,6,0,18606,132360406,170.500000000,171.000000000,23,4,3,2,ESM6 P7125
2026-04-20T14:47:47.861317570Z,2026-04-20T14:47:47.828419653Z,1,1,42429065,T,A,0,117.000000000,23,0,12750,132360761,117.000000000,117.500000000,52,38,4,5,ESM6 P6950
2026-04-20T14:47:47.874621286Z,2026-04-20T14:47:47.829274421Z,1,1,42372979,T,A,0,97.000000000,12,0,11975,132361078,97.000000000,97.250000000,12,21,2,1,ESM6 C7300
2026-04-20T14:47:47.887833384Z,2026-04-20T14:47:47.835338257Z,1,1,42429065,T,A,0,117.000000000,10,0,11563,132361449,117.000000000,117.500000000,10,7,1,3,ESM6 P6950
2026-04-20T14:47:47.888971137Z,2026-04-20T14:47:47.835537643Z,1,1,42446245,T,A,0,144.500000000,2,0,11352,132361490,144.500000000,145.000000000,2,3,1,1,ESM6 P7050
2026-04-20T14:47:47.910496478Z,2026-04-20T14:47:47.854979235Z,1,1,42883306,T,A,0,170.500000000,23,0,11227,132362225,170.500000000,171.000000000,51,4,1,2,ESM6 P7125
2026-04-20T14:47:47.958332742Z,2026-04-20T14:47:47.896538771Z,1,1,42883306,T,A,0,170.500000000,28,0,12874,132363464,170.500000000,171.000000000,28,4,1,2,ESM6 P7125
2026-04-20T14:47:48.046289039Z,2026-04-20T14:47:47.972189083Z,1,1,42883306,T,B,0,170.500000000,17,0,14825,132365004,170.000000000,170.500000000,35,17,3,1,ESM6 P7125
2026-04-20T14:47:48.062684716Z,2026-04-20T14:47:47.989310281Z,1,1,2514279,T,A,0,48.000000000,4,0,14051,46487597,48.000000000,48.250000000,4,110,1,3,UD:1V: IC 2514279
2026-04-20T14:47:48.769536671Z,2026-04-20T14:47:48.768981531Z,1,1,2686129,T,A,0,98.750000000,2,0,15330,46489737,98.750000000,99.000000000,70,220,2,6,UD:1V: VT 2686129
2026-04-20T14:48:20.582042512Z,2026-04-20T14:48:20.418762187Z,1,1,42510079,T,B,0,78.000000000,12,0,11787,132632136,77.750000000,78.000000000,110,100,6,1,ESM6 C7350
2026-04-20T14:48:20.652235290Z,2026-04-20T14:48:20.422920525Z,1,1,42510079,T,B,0,78.000000000,15,0,11945,132633236,77.750000000,78.000000000,147,88,9,1,ESM6 C7350
2026-04-20T14:48:20.661456166Z,2026-04-20T14:48:20.428867613Z,1,1,42510079,T,B,0,78.000000000,1,0,11232,132633368,77.750000000,78.000000000,147,73,9,1,ESM6 C7350
2026-04-20T14:48:22.811026355Z,2026-04-20T14:48:22.809243289Z,1,1,42510079,T,B,0,78.000000000,72,0,13179,132660418,77.750000000,78.000000000,176,72,9,1,ESM6 C7350
2026-04-20T14:48:24.182083754Z,2026-04-20T14:48:24.179893643Z,1,1,42404374,T,A,0,129.000000000,5,0,24629,132673373,129.000000000,129.500000000,128,20,8,1,ESM6 P7000
2026-04-20T14:48:47.060508297Z,2026-04-20T14:48:47.058261135Z,1,1,42404370,T,A,0,41.000000000,5,0,19988,132860489,41.000000000,41.500000000,11,168,5,8,ESM6 P6400
2026-04-20T14:48:48.368154473Z,2026-04-20T14:48:48.201330891Z,1,1,2513332,T,A,0,45.250000000,4,0,17863,46715364,45.250000000,45.500000000,4,965,1,9,UD:1V: VT 2513332
2026-04-20T14:48:52.104752516Z,2026-04-20T14:48:52.104191609Z,1,1,2513332,T,A,0,45.250000000,4,0,14234,46732531,45.250000000,45.500000000,4,1200,1,11,UD:1V: VT 2513332
2026-04-20T14:48:53.173654651Z,2026-04-20T14:48:53.072808335Z,1,1,42399706,T,A,0,71.000000000,1,0,13969,132908293,71.000000000,71.250000000,1,31,1,2,ESM6 P6700
2026-04-20T14:48:55.254333350Z,2026-04-20T14:48:55.253755635Z,1,1,2513332,T,A,0,45.250000000,4,0,16717,46741526,45.250000000,45.500000000,4,1203,1,11,UD:1V: VT 2513332
2026-04-20T14:49:02.575397535Z,2026-04-20T14:49:02.293969145Z,1,1,42404374,T,A,0,129.000000000,1,0,15080,132986479,129.000000000,129.500000000,28,46,3,6,ESM6 P7000
2026-04-20T14:49:09.978267110Z,2026-04-20T14:49:09.948628539Z,1,1,42416106,T,B,0,48.000000000,5,0,14143,133053031,47.750000000,48.000000000,164,5,7,1,ESM6 C7450
2026-04-20T14:49:44.923960297Z,2026-04-20T14:49:44.881159377Z,1,1,42506300,T,B,0,191.000000000,1,0,11639,133351705,190.500000000,191.000000000,52,1,5,1,ESU6 C7400
2026-04-20T14:49:46.845941579Z,2026-04-20T14:49:46.224562359Z,1,1,2515774,T,A,0,1.800000000,1,0,24935,46960467,1.800000000,2.250000000,1,31,1,3,UD:1V: 12 2515774
2026-04-20T14:49:48.049165713Z,2026-04-20T14:49:47.450265769Z,1,1,42611781,T,B,0,28.000000000,3,0,14415,133405113,27.750000000,28.000000000,257,3,7,1,ESM6 C7550
2026-04-20T14:49:48.409155363Z,2026-04-20T14:49:47.754005979Z,1,1,2694033,T,B,0,19.700000000,4,0,15384,46972034,19.600000000,19.700000000,410,4,3,1,UD:1V: VT 2694033
2026-04-20T14:49:50.742390329Z,2026-04-20T14:49:50.682320363Z,1,1,42394753,T,A,0,19.900000000,6,0,13933,133449954,19.900000000,20.250000000,13,282,2,7,ESM6 P5950
2026-04-20T14:49:53.103014821Z,2026-04-20T14:49:52.894402089Z,1,1,42409672,T,A,0,18.600000000,3,0,13850,133475392,18.600000000,18.800000000,4,199,1,8,ESM6 P5900
2026-04-20T14:49:53.909577835Z,2026-04-20T14:49:53.735720541Z,1,1,2694033,T,B,0,19.700000000,4,0,14348,47012348,19.600000000,19.700000000,410,4,3,1,UD:1V: VT 2694033
2026-04-20T14:49:57.210863854Z,2026-04-20T14:49:57.101890967Z,1,1,2694033,T,B,0,19.700000000,4,0,16990,47026236,19.600000000,19.700000000,410,4,3,1,UD:1V: VT 2694033
2026-04-20T14:50:10.051075948Z,2026-04-20T14:50:10.013537307Z,1,1,42611781,T,A,0,28.000000000,4,0,19794,133642597,28.000000000,28.250000000,8,7,3,2,ESM6 C7550
2026-04-20T14:50:28.331709228Z,2026-04-20T14:50:28.123230859Z,1,1,42366511,T,A,0,20.750000000,1,0,13833,133844976,20.750000000,21.000000000,1,128,1,6,ESM6 C7600
2026-04-20T14:50:28.386582335Z,2026-04-20T14:50:28.146526173Z,1,1,42366510,T,A,0,204.500000000,1,0,13547,133846143,204.500000000,205.000000000,1,8,1,2,ESM6 C7100
2026-04-20T14:50:29.409686838Z,2026-04-20T14:50:29.409125799Z,1,1,2517267,T,A,0,-58.500000000,1,0,13784,47184645,-58.500000000,-58.250000000,1,74,1,4,UD:1V: GN 2517267
2026-04-20T14:50:37.476368269Z,2026-04-20T14:50:37.468862515Z,1,1,42394732,T,B,0,9.700000000,8,0,23480,133915316,9.500000000,9.700000000,393,8,8,2,ESM6 P5350
2026-04-20T14:50:37.492017679Z,2026-04-20T14:50:37.471937323Z,1,1,42394733,T,B,0,9.200000000,4,0,13213,133915616,9.000000000,9.200000000,440,4,9,1,ESM6 P5300
2026-04-20T14:50:45.615986382Z,2026-04-20T14:50:45.615409819Z,1,1,42378346,T,A,0,36.500000000,1,0,17460,133982331,36.500000000,37.000000000,194,123,9,8,ESM6 C7500
2026-04-20T14:50:45.962086118Z,2026-04-20T14:50:45.952853737Z,1,1,42378346,T,A,0,36.500000000,1,0,15281,133983693,36.500000000,37.000000000,193,123,9,8,ESM6 C7500
2026-04-20T14:50:45.980184726Z,2026-04-20T14:50:45.969455909Z,1,1,42378346,T,A,0,36.500000000,1,0,16252,133984130,36.500000000,37.000000000,192,123,9,8,ESM6 C7500
2026-04-20T14:50:46.076607721Z,2026-04-20T14:50:46.076016421Z,1,1,42378346,T,A,0,36.500000000,1,0,13826,133984492,36.500000000,37.000000000,191,120,8,7,ESM6 C7500
2026-04-20T14:50:46.139936595Z,2026-04-20T14:50:46.139406755Z,1,1,42378346,T,A,0,36.500000000,1,0,17372,133984704,36.500000000,37.000000000,190,120,8,7,ESM6 C7500
2026-04-20T14:50:46.149426199Z,2026-04-20T14:50:46.148964117Z,1,1,42378346,T,A,0,36.500000000,1,0,13492,133984738,36.500000000,37.000000000,189,120,8,7,ESM6 C7500
2026-04-20T14:50:46.202000774Z,2026-04-20T14:50:46.193064919Z,1,1,42378346,T,A,0,36.500000000,27,0,19377,133984818,36.500000000,37.000000000,214,120,9,7,ESM6 C7500
2026-04-20T14:50:46.242117063Z,2026-04-20T14:50:46.241615079Z,1,1,42378346,T,A,0,36.500000000,27,0,16244,133985345,36.500000000,37.000000000,187,115,7,7,ESM6 C7500
2026-04-20T14:50:46.292460793Z,2026-04-20T14:50:46.284793719Z,1,1,42378346,T,A,0,36.500000000,27,0,15647,133985990,36.500000000,37.000000000,160,115,7,7,ESM6 C7500
2026-04-20T14:50:46.336918301Z,2026-04-20T14:50:46.323419365Z,1,1,42378346,T,A,0,36.500000000,27,0,19325,133986669,36.500000000,37.000000000,68,115,5,7,ESM6 C7500
2026-04-20T14:50:46.987005489Z,2026-04-20T14:50:46.969242449Z,1,1,2517271,T,A,0,-47.000000000,1,0,18334,47245105,-47.000000000,-46.500000000,1,2,1,1,UD:1V: GN 2517271
2026-04-20T14:50:48.867495675Z,2026-04-20T14:50:48.348867991Z,1,1,42384725,T,A,0,61.250000000,1,0,12999,134013305,61.250000000,61.750000000,34,33,4,3,ESM6 C7400
2026-04-20T14:50:49.211253754Z,2026-04-20T14:50:48.775145763Z,1,1,42384725,T,A,0,61.250000000,1,0,13635,134020304,61.250000000,61.750000000,6,62,2,5,ESM6 C7400
2026-04-20T14:50:49.575113310Z,2026-04-20T14:50:49.226765333Z,1,1,42394733,T,B,0,9.200000000,4,0,14536,134025146,9.000000000,9.200000000,449,4,10,1,ESM6 P5300
2026-04-20T14:50:51.689814833Z,2026-04-20T14:50:51.689292813Z,1,1,42399706,T,B,0,71.000000000,3,0,16517,134050970,70.500000000,71.000000000,141,16,7,4,ESM6 P6700
2026-04-20T14:50:57.392687527Z,2026-04-20T14:50:57.087644803Z,1,1,42378346,T,A,0,36.250000000,1,0,12898,134098928,36.250000000,36.750000000,129,25,4,1,ESM6 C7500
2026-04-20T14:50:57.448259374Z,2026-04-20T14:50:57.145241319Z,1,1,2694033,T,B,0,19.800000000,4,0,16989,47295891,19.600000000,19.800000000,1036,4,7,1,UD:1V: VT 2694033
2026-04-20T14:50:57.890786049Z,2026-04-20T14:50:57.823407533Z,1,1,42378346,T,A,0,36.250000000,1,0,11257,134108236,36.250000000,36.750000000,109,50,3,2,ESM6 C7500
2026-04-20T14:51:00.373478785Z,2026-04-20T14:51:00.101309193Z,1,1,42394733,T,B,0,9.200000000,4,0,13164,134143359,9.100000000,9.200000000,4,4,1,1,ESM6 P5300
2026-04-20T14:51:00.701141814Z,2026-04-20T14:51:00.412682267Z,1,1,42378346,T,A,0,36.250000000,1,0,11596,134149179,36.250000000,36.750000000,44,78,5,5,ESM6 C7500
2026-04-20T14:51:00.947597654Z,2026-04-20T14:51:00.702460991Z,1,1,42378346,T,A,0,36.250000000,1,0,17829,134153612,36.250000000,36.750000000,12,115,2,4,ESM6 C7500
2026-04-20T14:51:03.741672555Z,2026-04-20T14:51:03.250753145Z,1,1,2502786,T,B,0,40.500000000,4,0,10789,47346336,40.250000000,40.500000000,263,4,4,1,UD:1V: VT 2502786
2026-04-20T14:51:03.904073878Z,2026-04-20T14:51:03.253734833Z,1,1,2517265,T,A,0,-54.500000000,1,0,11140,47347230,-54.500000000,-53.250000000,2,1,1,1,UD:1V: GN 2517265
2026-04-20T14:51:04.114686404Z,2026-04-20T14:51:03.256807049Z,1,1,42366511,T,A,0,20.500000000,4,0,11631,134199413,20.500000000,21.250000000,4,66,1,1,ESM6 C7600
2026-04-20T14:51:04.214785636Z,2026-04-20T14:51:03.259458075Z,1,1,2517265,T,A,0,-54.500000000,1,0,11653,47349739,-54.500000000,-53.500000000,1,1,1,1,UD:1V: GN 2517265
2026-04-20T14:51:07.290205202Z,2026-04-20T14:51:05.437066399Z,1,1,2517017,T,A,0,0.300000000,1,0,13598,47371610,0.300000000,6.700000000,1,25,1,1,UD:1V: GN 2517017
2026-04-20T14:51:07.962386742Z,2026-04-20T14:51:06.219765645Z,1,1,42499829,T,A,0,171.000000000,1,0,15647,134247975,171.000000000,188.000000000,1,40,1,1,ESM6 C7150
2026-04-20T14:51:08.760390502Z,2026-04-20T14:51:07.020220397Z,1,1,42404370,T,B,0,42.500000000,1,0,13551,134259375,41.250000000,42.500000000,153,4,1,4,ESM6 P6400
2026-04-20T14:51:13.202892199Z,2026-04-20T14:51:11.941503821Z,1,1,42394770,T,B,0,46.500000000,5,0,11619,134325562,45.500000000,46.500000000,152,5,1,1,ESM6 P6450
2026-04-20T14:51:16.589787571Z,2026-04-20T14:51:15.777781785Z,1,1,42404370,T,B,0,43.000000000,1,0,14332,134370705,35.250000000,43.000000000,4,2,1,2,ESM6 P6400
2026-04-20T14:51:16.591262572Z,2026-04-20T14:51:15.779889675Z,1,1,42394753,T,B,0,21.000000000,2,0,14712,134370716,14.100000000,21.000000000,3,2,1,1,ESM6 P5950
2026-04-20T14:51:18.093189246Z,2026-04-20T14:51:17.338910195Z,1,1,42378541,T,B,0,36.500000000,1,0,11231,134392947,36.000000000,36.500000000,72,1,1,1,ESM6 P6300
2026-04-20T14:51:18.328312844Z,2026-04-20T14:51:17.526540527Z,1,1,42439347,T,B,0,80.000000000,1,0,13482,134397968,70.500000000,80.000000000,4,1,1,1,ESU6 P6000
2026-04-20T14:51:18.448541953Z,2026-04-20T14:51:17.598728647Z,1,1,2513995,T,A,0,21.500000000,1,0,11391,47461843,21.500000000,22.000000000,1,85,1,1,UD:1V: IC 2513995
2026-04-20T14:51:18.449951588Z,2026-04-20T14:51:17.598744927Z,1,1,42384724,T,A,0,138.500000000,1,0,17214,134399973,138.500000000,150.000000000,1,38,1,1,ESM6 C7200
2026-04-20T14:51:18.561196729Z,2026-04-20T14:51:17.632455983Z,1,1,42399655,T,B,0,14.400000000,7,0,14223,134401566,14.000000000,14.400000000,118,118,1,1,ESM6 P5650
2026-04-20T14:51:18.668522078Z,2026-04-20T14:51:17.753788859Z,1,1,42404370,T,B,0,43.500000000,1,0,11410,134402915,43.000000000,43.500000000,39,1,1,1,ESM6 P6400
2026-04-20T14:51:19.582443106Z,2026-04-20T14:51:19.074796401Z,1,1,2517270,T,A,0,-2.500000000,1,0,11285,47472443,-2.500000000,,1,0,1,0,UD:1V: GN 2517270
2026-04-20T14:51:20.208926497Z,2026-04-20T14:51:19.840568481Z,1,1,42409658,T,B,0,12.800000000,4,0,16087,134428671,12.400000000,12.800000000,126,126,1,1,ESM6 P5550
2026-04-20T14:51:20.786537454Z,2026-04-20T14:51:20.273593893Z,1,1,2517298,T,B,0,-21.250000000,1,0,13258,47480772,-24.750000000,-21.250000000,23,19,1,1,UD:1V: GN 2517298
2026-04-20T14:51:22.165721684Z,2026-04-20T14:51:21.780734451Z,1,1,179582,T,B,0,1.950000000,1,0,14476,134459217,1.650000000,1.950000000,196,1,1,1,ESZ6 P1500
2026-04-20T14:51:22.356682982Z,2026-04-20T14:51:21.879270425Z,1,1,42439347,T,A,0,81.500000000,1,0,14061,134461679,81.500000000,84.500000000,1,3,1,1,ESU6 P6000
2026-04-20T14:51:22.954374492Z,2026-04-20T14:51:22.541605169Z,1,1,42384726,T,B,0,12.400000000,27,0,18600,134471165,7.900000000,12.400000000,28,27,1,1,ESM6 P5500
2026-04-20T14:51:23.437930179Z,2026-04-20T14:51:23.190406391Z,1,1,42378373,T,B,0,16.300000000,1,0,16798,134478413,15.900000000,16.300000000,109,109,1,1,ESM6 P5750
2026-04-20T14:51:23.615923449Z,2026-04-20T14:51:23.443315879Z,1,1,42853786,T,B,0,12.500000000,90,0,15242,134480792,12.100000000,12.500000000,128,128,1,1,ESM6 P5525
2026-04-20T14:51:24.904391383Z,2026-04-20T14:51:24.463178269Z,1,1,42630141,T,B,0,2.050000000,1,0,12650,134501263,2.000000000,2.050000000,168,1,1,1,ESM6 P3750
2026-04-20T14:51:31.233286441Z,2026-04-20T14:51:30.838074129Z,1,1,42399706,T,A,0,74.000000000,1,0,13340,134604631,74.000000000,76.000000000,1,2,1,1,ESM6 P6700
2026-04-20T14:51:31.475989281Z,2026-04-20T14:51:30.967780501Z,1,1,42378541,T,A,0,36.000000000,1,0,14766,134607985,36.000000000,37.500000000,1,8,1,1,ESM6 P6300
2026-04-20T14:51:33.471523623Z,2026-04-20T14:51:32.756230559Z,1,1,42439347,T,B,0,80.250000000,1,0,13635,134642119,79.000000000,80.250000000,38,38,1,1,ESU6 P6000
2026-04-20T14:51:40.202184691Z,2026-04-20T14:51:39.986320185Z,1,1,42439351,T,A,0,137.500000000,1,0,18228,134755836,137.500000000,144.500000000,1,2,1,1,ESU6 P6500
2026-04-20T14:51:44.275632558Z,2026-04-20T14:51:44.081778791Z,1,1,42458390,T,A,0,170.500000000,1,0,11254,134824933,170.500000000,171.500000000,1,7,1,1,ESU6 P6700
2026-04-20T14:51:45.626047035Z,2026-04-20T14:51:45.325534635Z,1,1,42510079,T,A,0,76.250000000,25,0,16986,134850744,76.250000000,77.250000000,25,27,1,2,ESM6 C7350
2026-04-20T14:51:45.626047035Z,2026-04-20T14:51:45.325534635Z,1,1,42510079,T,A,0,75.750000000,65,0,16986,134850744,76.250000000,77.250000000,25,27,1,2,ESM6 C7350
2026-04-20T14:51:45.626047035Z,2026-04-20T14:51:45.325534635Z,1,1,42510079,T,A,0,75.500000000,7,0,16986,134850744,76.250000000,77.250000000,25,27,1,2,ESM6 C7350
2026-04-20T14:51:45.656315083Z,2026-04-20T14:51:45.342630663Z,1,1,42510079,T,B,0,75.500000000,2,0,11428,134851490,75.250000000,75.500000000,14,2,3,1,ESM6 C7350
2026-04-20T14:51:47.504917444Z,2026-04-20T14:51:47.362660281Z,1,1,42372979,T,A,0,95.000000000,3,0,32159,134882448,95.000000000,96.500000000,3,3,1,1,ESM6 C7300
2026-04-20T14:51:49.732332673Z,2026-04-20T14:51:49.340018443Z,1,1,2515186,T,A,0,3.300000000,1,0,14469,47718076,3.300000000,3.750000000,1,53,1,1,UD:1V: 12 2515186
2026-04-20T14:51:50.586444366Z,2026-04-20T14:51:50.186869079Z,1,1,42439351,T,A,0,136.000000000,1,0,13373,134938244,136.000000000,136.500000000,1,21,1,1,ESU6 P6500
2026-04-20T14:52:16.907302310Z,2026-04-20T14:52:16.465574335Z,1,1,42378449,T,A,0,22.250000000,4,0,16146,135414896,22.250000000,22.500000000,4,8,1,2,ESM6 P6000
2026-04-20T14:52:22.065154342Z,2026-04-20T14:52:20.976425923Z,1,1,42458390,T,A,0,168.500000000,1,0,16981,135506218,168.500000000,171.000000000,1,6,1,1,ESU6 P6700
2026-04-20T14:52:25.527393540Z,2026-04-20T14:52:24.621508813Z,1,1,42883306,T,B,0,173.500000000,1,0,14513,135566899,172.000000000,173.500000000,7,4,3,1,ESM6 P7125
2026-04-20T14:52:39.843065286Z,2026-04-20T14:52:39.773715921Z,1,1,42372969,T,A,0,267.500000000,3,0,13623,135801866,267.500000000,270.000000000,19,22,2,3,ESM6 C7000
2026-04-20T14:53:07.388191435Z,2026-04-20T14:53:07.291548779Z,1,1,42378592,T,A,0,50.000000000,1,0,12893,136253698,50.000000000,50.250000000,1,52,1,2,ESM6 P6500
2026-04-20T14:53:07.953701302Z,2026-04-20T14:53:07.510737437Z,1,1,42212203,T,B,0,118.500000000,1,0,17476,136263376,117.500000000,118.500000000,57,1,6,1,ESM6 C7250
2026-04-20T14:53:28.020439153Z,2026-04-20T14:53:27.345843003Z,1,1,42378373,T,B,0,15.800000000,1,0,14196,136548582,15.500000000,15.800000000,178,4,7,1,ESM6 P5750
2026-04-20T14:53:30.347833207Z,2026-04-20T14:53:30.324542393Z,1,1,42506300,T,A,0,188.000000000,1,0,18755,136590885,188.000000000,188.500000000,1,45,1,4,ESU6 C7400
2026-04-20T14:53:33.163067807Z,2026-04-20T14:53:33.162513431Z,1,1,42836579,T,B,0,16.200000000,2,0,15786,136631845,16.000000000,16.200000000,77,2,5,1,ESM6 P5775
2026-04-20T14:53:33.958163839Z,2026-04-20T14:53:33.948575399Z,1,1,42458390,T,B,0,169.000000000,3,0,13734,136641362,168.500000000,169.000000000,38,3,3,1,ESU6 P6700
2026-04-20T14:53:38.183495241Z,2026-04-20T14:53:38.177476207Z,1,1,42394812,T,A,0,87.750000000,4,0,17546,136691423,87.750000000,88.250000000,6,57,2,5,ESM6 P6800
2026-04-20T14:53:45.502057949Z,2026-04-20T14:53:45.144902729Z,1,1,42394812,T,B,0,88.000000000,2,0,17215,136774524,87.750000000,88.000000000,66,2,5,1,ESM6 P6800
2026-04-20T14:53:50.443653504Z,2026-04-20T14:53:50.165722329Z,1,1,42330564,T,B,0,138.000000000,13,0,14020,136841367,137.500000000,138.000000000,43,55,2,1,ESZ6 C7800
2026-04-20T14:53:50.531106732Z,2026-04-20T14:53:50.203100721Z,1,1,42330564,T,B,0,138.000000000,1,0,13042,136842969,137.500000000,138.000000000,43,42,2,1,ESZ6 C7800
2026-04-20T14:53:50.544358764Z,2026-04-20T14:53:50.211881013Z,1,1,42330564,T,B,0,138.000000000,14,0,11399,136843193,137.500000000,138.000000000,43,41,2,1,ESZ6 C7800
2026-04-20T14:53:50.590592086Z,2026-04-20T14:53:50.298454385Z,1,1,42330564,T,B,0,138.000000000,1,0,13539,136844131,137.500000000,138.000000000,43,27,2,1,ESZ6 C7800
2026-04-20T14:53:50.645662132Z,2026-04-20T14:53:50.327298307Z,1,1,42330564,T,B,0,138.000000000,1,0,13386,136845031,137.500000000,138.000000000,43,26,2,1,ESZ6 C7800
2026-04-20T14:53:50.690171537Z,2026-04-20T14:53:50.332283075Z,1,1,42330564,T,B,0,138.000000000,2,0,16414,136845841,137.500000000,138.000000000,43,25,2,1,ESZ6 C7800
2026-04-20T14:53:50.705087220Z,2026-04-20T14:53:50.345520693Z,1,1,42330564,T,B,0,138.000000000,1,0,14372,136846077,137.500000000,138.000000000,43,23,2,1,ESZ6 C7800
2026-04-20T14:53:50.718958209Z,2026-04-20T14:53:50.363657203Z,1,1,42330564,T,B,0,138.000000000,1,0,14415,136846347,137.500000000,138.000000000,43,22,2,1,ESZ6 C7800
2026-04-20T14:53:50.732377561Z,2026-04-20T14:53:50.369495989Z,1,1,42330564,T,B,0,138.000000000,1,0,13354,136846571,137.500000000,138.000000000,43,21,2,1,ESZ6 C7800
2026-04-20T14:53:50.956183443Z,2026-04-20T14:53:50.754794135Z,1,1,42330564,T,B,0,138.000000000,7,0,13334,136851476,137.500000000,138.000000000,43,20,2,1,ESZ6 C7800
2026-04-20T14:53:51.169535892Z,2026-04-20T14:53:51.162756175Z,1,1,42330564,T,B,0,138.000000000,6,0,13343,136855033,137.500000000,138.000000000,43,13,2,1,ESZ6 C7800
2026-04-20T14:53:51.187734212Z,2026-04-20T14:53:51.162954655Z,1,1,42330564,T,B,0,138.000000000,1,0,14065,136855322,137.500000000,138.000000000,43,7,2,1,ESZ6 C7800
2026-04-20T14:53:51.221010099Z,2026-04-20T14:53:51.169539509Z,1,1,42330564,T,B,0,138.000000000,6,0,16941,136855916,137.500000000,138.000000000,43,6,2,1,ESZ6 C7800
2026-04-20T14:54:01.233949046Z,2026-04-20T14:54:01.233358907Z,1,1,2517298,T,A,0,-21.750000000,1,0,22370,48600663,-21.750000000,-21.250000000,1,46,1,4,UD:1V: GN 2517298
2026-04-20T14:54:06.090687996Z,2026-04-20T14:54:05.550052327Z,1,1,42883306,T,A,0,173.500000000,3,0,12851,137045081,173.500000000,174.000000000,3,44,1,4,ESM6 P7125
2026-04-20T14:54:16.889217240Z,2026-04-20T14:54:16.868022131Z,1,1,42366523,T,B,0,164.000000000,1,0,13332,137192768,163.500000000,164.000000000,8,1,3,1,ESM6 P7100
2026-04-20T14:54:17.851371113Z,2026-04-20T14:54:17.850833519Z,1,1,42378618,T,A,0,107.500000000,1,0,13880,137200688,107.500000000,108.000000000,1,143,1,7,ESM6 P6900
2026-04-20T14:54:18.868724443Z,2026-04-20T14:54:18.600950521Z,1,1,42366511,T,A,0,20.000000000,6,0,11408,137214120,20.000000000,20.500000000,6,142,2,7,ESM6 C7600
2026-04-20T14:54:21.937186965Z,2026-04-20T14:54:21.928852953Z,1,1,42446245,T,B,0,147.000000000,1,0,23386,137266399,146.500000000,147.000000000,8,1,3,1,ESM6 P7050
2026-04-20T14:54:50.890744581Z,2026-04-20T14:54:50.537946975Z,1,1,42627610,T,A,0,14.800000000,1,0,24363,137678265,14.800000000,15.000000000,1,93,1,4,ESM6 C7650
2026-04-20T14:54:51.121493057Z,2026-04-20T14:54:50.890704573Z,1,1,42627610,T,A,0,14.800000000,4,0,23517,137683157,14.800000000,15.000000000,4,68,1,3,ESM6 C7650
2026-04-20T14:54:57.767450735Z,2026-04-20T14:54:57.018946791Z,1,1,42499829,T,B,0,171.000000000,3,0,14672,137779255,170.000000000,171.000000000,3,5,2,2,ESM6 C7150
2026-04-20T14:55:03.005686221Z,2026-04-20T14:55:02.597164789Z,1,1,42738868,T,A,0,12.800000000,4,0,15224,137865738,12.800000000,13.000000000,4,74,1,3,ESM6 C7675
2026-04-20T14:55:03.575089494Z,2026-04-20T14:55:03.127247257Z,1,1,42706865,T,B,0,59.250000000,1,0,17180,137877075,59.000000000,59.250000000,1,50,1,1,ESZ6 C8150
2026-04-20T14:55:03.619254390Z,2026-04-20T14:55:03.157036667Z,1,1,42706865,T,B,0,59.250000000,1,0,12802,137877873,58.500000000,59.250000000,62,49,2,1,ESZ6 C8150
2026-04-20T14:55:07.483942118Z,2026-04-20T14:55:07.218860261Z,1,1,42706865,T,A,0,59.000000000,1,0,16855,137940786,59.000000000,59.500000000,1,34,1,1,ESZ6 C8150
2026-04-20T14:55:16.081499006Z,2026-04-20T14:55:15.924553867Z,1,1,2504118,T,A,0,112.000000000,100,0,12898,49094678,112.000000000,113.000000000,100,161,1,4,UD:1V:CFO 2504118
2026-04-20T14:55:17.647028020Z,2026-04-20T14:55:17.080035713Z,1,1,42378541,T,B,0,35.750000000,1,0,13317,138075748,35.000000000,35.750000000,16,1,1,1,ESM6 P6300
2026-04-20T14:55:29.629788463Z,2026-04-20T14:55:29.627809727Z,1,1,42315459,T,A,0,85.500000000,1,0,18066,138226066,85.500000000,86.500000000,1,60,1,3,ESZ6 C8000
2026-04-20T14:55:29.899153931Z,2026-04-20T14:55:29.898598781Z,1,1,42315459,T,B,0,85.500000000,24,0,17139,138226693,85.000000000,85.500000000,122,24,3,1,ESZ6 C8000
2026-04-20T14:55:32.429851967Z,2026-04-20T14:55:32.280091131Z,1,1,42738868,T,A,0,12.700000000,4,0,18262,138253396,12.700000000,13.000000000,4,141,1,6,ESM6 C7675
2026-04-20T14:55:32.646114007Z,2026-04-20T14:55:32.322627221Z,1,1,2517479,T,A,0,-0.700000000,1,0,13376,49195403,-0.700000000,3.300000000,1,37,1,2,UD:1V: GN 2517479
2026-04-20T14:55:34.654149404Z,2026-04-20T14:55:34.652588975Z,1,1,42315459,T,B,0,85.500000000,1,0,17119,138289882,85.250000000,85.500000000,91,25,2,1,ESZ6 C8000
2026-04-20T14:55:35.063318729Z,2026-04-20T14:55:35.062916901Z,1,1,2517271,T,A,0,-48.500000000,1,0,17206,49213688,-48.500000000,-48.000000000,1,27,1,3,UD:1V: GN 2517271
2026-04-20T14:55:43.826827545Z,2026-04-20T14:55:43.513334703Z,1,1,42399646,T,A,0,10.900000000,4,0,14285,138430800,10.900000000,11.100000000,4,127,1,5,ESM6 C7700
2026-04-20T14:55:44.469213376Z,2026-04-20T14:55:44.050996703Z,1,1,2517502,T,A,0,-2.700000000,1,0,19025,49285474,-2.700000000,-0.950000000,1,1,1,1,UD:1V: 3W 2517502
2026-04-20T14:55:44.469245566Z,2026-04-20T14:55:44.050996879Z,1,1,2517487,T,A,0,-1.700000000,1,0,12185,49285476,-1.700000000,0.150000000,1,1,1,1,UD:1V: GN 2517487
2026-04-20T14:55:45.427533132Z,2026-04-20T14:55:45.131530315Z,1,1,42536155,T,A,0,69.750000000,37,0,18312,138457203,69.750000000,70.500000000,37,34,1,1,ESH7 C8400
2026-04-20T14:55:45.596074323Z,2026-04-20T14:55:45.427536803Z,1,1,42536155,T,B,0,69.750000000,19,0,14606,138460725,68.750000000,69.750000000,6,63,1,1,ESH7 C8400
2026-04-20T14:55:49.215434785Z,2026-04-20T14:55:49.029149753Z,1,1,42409648,T,A,0,504.000000000,10,0,12871,138517546,504.000000000,506.000000000,10,9,1,2,ESM6 C6700
2026-04-20T14:55:53.919064577Z,2026-04-20T14:55:53.619119787Z,1,1,42399646,T,A,0,10.900000000,4,0,27169,138604437,10.900000000,11.100000000,4,43,1,4,ESM6 C7700
2026-04-20T14:55:55.680263188Z,2026-04-20T14:55:55.385527099Z,1,1,42536155,T,B,0,69.750000000,15,0,17513,138634565,69.500000000,69.750000000,36,50,1,1,ESH7 C8400
2026-04-20T14:55:55.680816734Z,2026-04-20T14:55:55.385531189Z,1,1,42536155,T,B,0,69.750000000,24,0,16478,138634569,69.500000000,69.750000000,36,35,1,1,ESH7 C8400
2026-04-20T14:55:56.262930878Z,2026-04-20T14:55:55.675792669Z,1,1,42627610,T,A,0,14.600000000,4,0,11440,138641636,14.600000000,14.900000000,4,56,1,3,ESM6 C7650
2026-04-20T14:55:57.866187803Z,2026-04-20T14:55:57.388978937Z,1,1,42399646,T,A,0,10.900000000,4,0,17812,138670395,10.900000000,11.100000000,4,132,1,5,ESM6 C7700
2026-04-20T14:55:59.303209617Z,2026-04-20T14:55:59.286316185Z,1,1,42536155,T,A,0,69.750000000,36,0,21705,138691879,69.750000000,70.500000000,36,129,1,3,ESH7 C8400
2026-04-20T14:56:00.936793671Z,2026-04-20T14:56:00.691089399Z,1,1,42394754,T,A,0,30.250000000,4,0,13048,138712813,30.250000000,30.750000000,127,68,5,6,ESM6 P6200
2026-04-20T14:56:01.338108588Z,2026-04-20T14:56:01.242820205Z,1,1,42399646,T,A,0,10.900000000,4,0,18114,138720981,10.900000000,11.100000000,4,113,1,5,ESM6 C7700
2026-04-20T14:56:01.364874413Z,2026-04-20T14:56:01.281927101Z,1,1,42399646,T,A,0,10.900000000,1,0,19705,138721641,10.900000000,11.100000000,4,113,1,5,ESM6 C7700
2026-04-20T14:56:01.382535822Z,2026-04-20T14:56:01.290351441Z,1,1,42399646,T,A,0,10.900000000,3,0,18044,138721779,10.900000000,11.100000000,3,113,1,5,ESM6 C7700
2026-04-20T14:56:06.097053676Z,2026-04-20T14:56:06.083230483Z,1,1,42399646,T,A,0,10.900000000,4,0,14708,138775278,10.900000000,11.100000000,4,158,1,7,ESM6 C7700
2026-04-20T14:56:09.280457604Z,2026-04-20T14:56:09.054511369Z,1,1,42435330,T,A,0,231.000000000,4,0,17411,138811274,231.000000000,231.500000000,4,5,1,1,ESM6 C7050
2026-04-20T14:56:14.370868591Z,2026-04-20T14:56:14.176254043Z,1,1,42377577,T,A,0,57.750000000,1,0,16533,138877998,57.750000000,58.500000000,1,36,1,2,ESU6 C7800
2026-04-20T14:56:16.616753187Z,2026-04-20T14:56:16.056688115Z,1,1,42627610,T,A,0,14.500000000,18,0,12305,138914308,14.500000000,14.900000000,84,6,1,1,ESM6 C7650
2026-04-20T14:56:16.620440814Z,2026-04-20T14:56:16.057012571Z,1,1,42627610,T,A,0,14.500000000,1,0,11687,138914356,14.500000000,14.900000000,66,6,1,1,ESM6 C7650
2026-04-20T14:56:16.658154195Z,2026-04-20T14:56:16.064576319Z,1,1,42627610,T,A,0,14.500000000,1,0,20133,138915019,14.500000000,14.900000000,65,6,1,1,ESM6 C7650
2026-04-20T14:56:17.407303043Z,2026-04-20T14:56:16.740898799Z,1,1,42384724,T,A,0,140.000000000,1,0,13075,138926780,140.000000000,140.500000000,1,7,1,2,ESM6 C7200
2026-04-20T14:56:21.968297340Z,2026-04-20T14:56:21.926034785Z,1,1,42394753,T,B,0,21.000000000,2,0,12682,139003468,20.750000000,21.000000000,77,2,4,1,ESM6 P5950
2026-04-20T14:56:24.142017161Z,2026-04-20T14:56:24.105295073Z,1,1,42399646,T,A,0,10.800000000,8,0,16390,139036310,10.800000000,11.000000000,8,170,2,5,ESM6 C7700
2026-04-20T14:56:37.456282244Z,2026-04-20T14:56:37.209411137Z,1,1,2517541,T,A,0,7.600000000,1,0,15024,49655802,7.600000000,7.700000000,1,1188,1,8,UD:1V: VT 2517541
2026-04-20T14:56:46.671753278Z,2026-04-20T14:56:46.570162173Z,1,1,42330564,T,B,0,136.000000000,30,0,15002,139329105,135.500000000,136.000000000,43,30,2,1,ESZ6 C7800
2026-04-20T14:56:55.697720667Z,2026-04-20T14:56:55.371987371Z,1,1,42487843,T,A,0,186.500000000,1,0,11327,139448977,186.500000000,187.000000000,1,5,1,1,ESM6 P7150
2026-04-20T14:57:32.633935680Z,2026-04-20T14:57:32.633400477Z,1,1,2504118,T,A,0,112.000000000,100,0,16316,49980229,112.000000000,112.500000000,100,55,1,3,UD:1V:CFO 2504118
2026-04-20T14:57:38.335249353Z,2026-04-20T14:57:38.333105923Z,1,1,42536155,T,A,0,69.500000000,25,0,17489,139980215,69.500000000,70.500000000,25,69,1,2,ESH7 C8400
2026-04-20T14:57:38.339260075Z,2026-04-20T14:57:38.335253055Z,1,1,42536155,T,B,0,69.500000000,17,0,11503,139980272,69.000000000,69.500000000,34,25,1,1,ESH7 C8400
2026-04-20T14:57:38.339791049Z,2026-04-20T14:57:38.339263323Z,1,1,42536155,T,B,0,69.500000000,8,0,13633,139980286,69.000000000,69.500000000,34,8,1,1,ESH7 C8400
2026-04-20T14:58:07.300236327Z,2026-04-20T14:58:07.285050291Z,1,1,2517271,T,A,0,-49.000000000,1,0,16234,50144843,-49.000000000,-48.500000000,1,18,1,2,UD:1V: GN 2517271
2026-04-20T14:58:26.225532523Z,2026-04-20T14:58:26.068848215Z,1,1,42399646,T,A,0,10.800000000,4,0,12637,140517869,10.800000000,10.900000000,4,8,1,2,ESM6 C7700
2026-04-20T14:58:29.598569296Z,2026-04-20T14:58:29.572661051Z,1,1,42399646,T,A,0,10.800000000,4,0,11469,140544550,10.800000000,10.900000000,4,8,1,2,ESM6 C7700
2026-04-20T14:58:51.580217066Z,2026-04-20T14:58:51.269627329Z,1,1,42738868,T,A,0,12.500000000,4,0,13374,140762696,12.500000000,12.800000000,4,143,1,6,ESM6 C7675
2026-04-20T14:59:06.735989183Z,2026-04-20T14:59:06.418440859Z,1,1,2516748,T,A,0,1.500000000,25,0,16337,50444174,1.500000000,2.050000000,25,8,1,2,UD:1V: GN 2516748
2026-04-20T14:59:15.504498115Z,2026-04-20T14:59:15.459330865Z,1,1,2516905,T,A,0,69.500000000,100,0,14585,50511267,69.500000000,70.500000000,100,195,1,5,UD:1V:C3W 2516905
2026-04-20T14:59:59.647393773Z,2026-04-20T14:59:59.646881717Z,1,1,2504118,T,A,0,112.000000000,100,0,13863,50733395,112.000000000,112.500000000,100,59,1,4,UD:1V:CFO 2504118
2026-04-20T15:00:02.682754108Z,2026-04-20T15:00:01.164718571Z,1,1,2687716,T,A,0,38.250000000,4,0,13930,50751601,38.250000000,38.750000000,4,125,1,3,UD:1V: BO 2687716
2026-04-20T15:00:30.524412260Z,2026-04-20T15:00:30.313881231Z,1,1,42903306,T,A,0,67.000000000,6,0,18716,141966362,67.000000000,67.500000000,6,110,2,5,ESM6 C7375
2026-04-20T15:00:35.702358663Z,2026-04-20T15:00:35.701766343Z,1,1,2517783,T,B,0,42.500000000,1,0,13560,50994373,42.250000000,42.500000000,49,1,1,1,UD:1V: 12 2517783
2026-04-20T15:00:37.878283420Z,2026-04-20T15:00:37.828998713Z,1,1,42510079,T,A,0,75.500000000,2,0,14570,142045550,75.500000000,76.000000000,2,83,1,7,ESM6 C7350
2026-04-20T15:00:39.092770072Z,2026-04-20T15:00:39.085606767Z,1,1,42510079,T,A,0,75.500000000,2,0,19281,142061272,75.500000000,76.000000000,6,83,2,7,ESM6 C7350
2026-04-20T15:00:39.632656476Z,2026-04-20T15:00:39.626727665Z,1,1,42510079,T,A,0,75.500000000,2,0,20796,142064168,75.500000000,76.000000000,2,83,1,7,ESM6 C7350
2026-04-20T15:00:40.783643758Z,2026-04-20T15:00:40.755725881Z,1,1,42300184,T,B,0,98.500000000,1,0,11572,142078917,98.000000000,98.500000000,15,1,5,1,ESM6 P6850
2026-04-20T15:00:43.846067951Z,2026-04-20T15:00:43.724080895Z,1,1,42853783,T,A,0,84.500000000,4,0,14938,142113245,84.500000000,85.000000000,4,60,1,6,ESM6 C7325
2026-04-20T15:00:45.577400465Z,2026-04-20T15:00:44.912517381Z,1,1,42903306,T,A,0,66.750000000,2,0,14082,142137192,66.750000000,67.250000000,4,47,1,3,ESM6 C7375
2026-04-20T15:00:45.767128233Z,2026-04-20T15:00:45.013348541Z,1,1,42853783,T,A,0,84.250000000,2,0,18803,142140614,84.250000000,84.750000000,4,46,1,5,ESM6 C7325
2026-04-20T15:00:46.873229278Z,2026-04-20T15:00:45.982904329Z,1,1,42883306,T,B,0,176.000000000,3,0,12793,142159026,175.000000000,176.000000000,77,3,5,1,ESM6 P7125
2026-04-20T15:00:56.152896275Z,2026-04-20T15:00:56.024795883Z,1,1,42510079,T,A,0,75.000000000,4,0,17450,142286396,75.000000000,75.500000000,6,85,2,8,ESM6 C7350
2026-04-20T15:00:56.157281537Z,2026-04-20T15:00:56.024840555Z,1,1,42384725,T,A,0,59.000000000,2,0,16975,142286487,59.000000000,59.500000000,4,54,1,5,ESM6 C7400
2026-04-20T15:01:03.334387428Z,2026-04-20T15:01:03.332671627Z,1,1,42416106,T,B,0,46.000000000,5,0,17126,142385137,45.500000000,46.000000000,25,54,5,4,ESM6 C7450
2026-04-20T15:01:10.496902385Z,2026-04-20T15:01:10.471752357Z,1,1,42378592,T,A,0,51.250000000,1,0,16888,142464161,51.250000000,51.500000000,1,61,1,6,ESM6 P6500
2026-04-20T15:01:11.007407701Z,2026-04-20T15:01:10.697147505Z,1,1,2517271,T,A,0,-49.250000000,1,0,13201,51213389,-49.250000000,-48.250000000,1,32,1,3,UD:1V: GN 2517271
2026-04-20T15:01:11.725501014Z,2026-04-20T15:01:11.324592009Z,1,1,42510079,T,A,0,74.500000000,4,0,12326,142482756,74.500000000,74.750000000,4,2,1,1,ESM6 C7350
2026-04-20T15:01:22.323079612Z,2026-04-20T15:01:22.085752619Z,1,1,42384725,T,A,0,58.750000000,4,0,13466,142622135,58.750000000,59.000000000,4,2,1,1,ESM6 C7400
2026-04-20T15:01:24.615023501Z,2026-04-20T15:01:24.608742875Z,1,1,2504118,T,A,0,112.000000000,56,0,17953,51299509,112.000000000,112.500000000,100,93,1,3,UD:1V:CFO 2504118
2026-04-20T15:01:29.494517883Z,2026-04-20T15:01:29.428323813Z,1,1,42403723,T,B,0,1.050000000,2,0,13117,142692450,0.700000000,1.050000000,404,365,7,5,ESM6 C8300
2026-04-20T15:01:32.199119969Z,2026-04-20T15:01:32.173653355Z,1,1,42399706,T,B,0,74.250000000,1,0,19953,142713714,74.000000000,74.250000000,21,1,5,1,ESM6 P6700
2026-04-20T15:02:08.872996940Z,2026-04-20T15:02:08.866580361Z,1,1,42384646,T,B,0,5.000000000,5,0,16651,143103989,4.850000000,5.000000000,498,5,8,1,ESM6 P4650
2026-04-20T15:02:15.647602039Z,2026-04-20T15:02:15.302411715Z,1,1,2516905,T,A,0,69.500000000,28,0,19901,51540997,69.500000000,70.500000000,100,175,1,5,UD:1V:C3W 2516905
2026-04-20T15:02:25.823712516Z,2026-04-20T15:02:25.213375373Z,1,1,42378592,T,A,0,51.500000000,1,0,14917,143274654,51.500000000,51.750000000,1,118,1,4,ESM6 P6500
2026-04-20T15:02:34.355724257Z,2026-04-20T15:02:34.273639159Z,1,1,42760625,T,B,0,54.000000000,5,0,17461,143364586,53.500000000,54.000000000,173,5,8,1,ESM6 P6525
2026-04-20T15:02:35.945413697Z,2026-04-20T15:02:35.765235765Z,1,1,42399646,T,A,0,10.800000000,4,0,13408,143386410,10.800000000,11.000000000,4,75,1,6,ESM6 C7700
2026-04-20T15:02:40.658493774Z,2026-04-20T15:02:40.550573675Z,1,1,42399646,T,A,0,10.800000000,4,0,15531,143441778,10.800000000,11.000000000,4,75,1,6,ESM6 C7700
2026-04-20T15:02:49.382713860Z,2026-04-20T15:02:49.250421887Z,1,1,42330564,T,B,0,136.500000000,19,0,13811,143532387,136.000000000,136.500000000,17,19,1,1,ESZ6 C7800
2026-04-20T15:02:52.220620473Z,2026-04-20T15:02:52.144211205Z,1,1,42738868,T,A,0,12.600000000,4,0,14400,143569554,12.600000000,12.800000000,4,59,1,4,ESM6 C7675
2026-04-20T15:03:15.133976635Z,2026-04-20T15:03:15.034690219Z,1,1,2504118,T,A,0,112.000000000,44,0,15015,51815644,112.000000000,112.500000000,44,98,1,4,UD:1V:CFO 2504118
2026-04-20T15:03:15.612734502Z,2026-04-20T15:03:15.467540727Z,1,1,42404370,T,A,0,43.000000000,16,0,18148,143779242,43.000000000,43.250000000,16,60,2,4,ESM6 P6400
2026-04-20T15:03:20.783977420Z,2026-04-20T15:03:20.739169359Z,1,1,42903306,T,A,0,66.500000000,4,0,14445,143845411,66.500000000,66.750000000,4,52,1,2,ESM6 C7375
2026-04-20T15:03:22.820145231Z,2026-04-20T15:03:22.812412029Z,1,1,42560128,T,A,0,30.250000000,15,0,16445,143865045,30.250000000,30.750000000,15,146,2,9,ESM6 C7525
2026-04-20T15:03:27.075366060Z,2026-04-20T15:03:27.013855629Z,1,1,42378592,T,A,0,51.500000000,15,0,11898,143910356,51.500000000,51.750000000,15,2,2,1,ESM6 P6500
2026-04-20T15:03:29.802681130Z,2026-04-20T15:03:29.461495155Z,1,1,42399646,T,A,0,10.800000000,4,0,14182,143947248,10.800000000,11.000000000,4,101,1,7,ESM6 C7700
2026-04-20T15:03:30.836295986Z,2026-04-20T15:03:30.460249127Z,1,1,42378449,T,B,0,22.750000000,1,0,13858,143967961,22.500000000,22.750000000,173,1,4,1,ESM6 P6000
2026-04-20T15:03:32.049641012Z,2026-04-20T15:03:30.901824331Z,1,1,42903306,T,A,0,66.000000000,4,0,18211,143981204,66.000000000,66.500000000,4,91,1,5,ESM6 C7375
2026-04-20T15:03:38.702695955Z,2026-04-20T15:03:38.681798125Z,1,1,42378346,T,A,0,34.500000000,14,0,13554,144072766,34.500000000,35.000000000,14,135,2,7,ESM6 C7500
2026-04-20T15:03:39.574174408Z,2026-04-20T15:03:39.507440987Z,1,1,2517801,T,A,0,-47.000000000,1,0,20903,51970834,-47.000000000,-46.250000000,1,18,1,2,UD:1V: GN 2517801
2026-04-20T15:03:44.269183259Z,2026-04-20T15:03:44.102816911Z,1,1,42439351,T,B,0,138.000000000,25,0,11899,144138649,137.500000000,138.000000000,40,25,3,1,ESU6 P6500
2026-04-20T15:03:44.317942192Z,2026-04-20T15:03:44.102821873Z,1,1,42378592,T,B,0,52.000000000,1,0,12411,144139568,51.750000000,52.000000000,6,1,2,1,ESM6 P6500
2026-04-20T15:03:44.530788542Z,2026-04-20T15:03:44.123441475Z,1,1,2517533,T,A,0,2.300000000,1,0,13003,51999282,2.300000000,4.500000000,1,26,1,2,UD:1V: GN 2517533
2026-04-20T15:03:48.778723449Z,2026-04-20T15:03:48.629554009Z,1,1,42399646,T,A,0,10.700000000,4,0,13394,144208484,10.700000000,10.900000000,4,213,1,7,ESM6 C7700
2026-04-20T15:03:48.778984230Z,2026-04-20T15:03:48.629630595Z,1,1,42738868,T,A,0,12.400000000,4,0,15571,144208486,12.400000000,12.600000000,4,25,1,1,ESM6 C7675
2026-04-20T15:04:06.039792521Z,2026-04-20T15:04:05.964953283Z,1,1,42384872,T,A,0,82.750000000,14,0,18776,144400708,82.750000000,83.250000000,14,165,2,8,ESM6 P6750
2026-04-20T15:04:15.530090191Z,2026-04-20T15:04:15.506219263Z,1,1,2504118,T,A,0,112.000000000,100,0,11413,52183921,112.000000000,112.500000000,100,104,1,4,UD:1V:CFO 2504118
2026-04-20T15:04:24.189279674Z,2026-04-20T15:04:24.003044147Z,1,1,2517985,T,A,0,-46.250000000,1,0,14841,52244627,-46.250000000,-46.000000000,1,3,1,1,UD:1V: GN 2517985
2026-04-20T15:04:35.507087340Z,2026-04-20T15:04:35.240243745Z,1,1,2517557,T,A,0,1.300000000,1,0,11268,52302659,1.300000000,4.750000000,1,39,1,2,UD:1V: GN 2517557
2026-04-20T15:04:40.364896887Z,2026-04-20T15:04:40.065736225Z,1,1,2516905,T,A,0,69.500000000,10,0,14589,52338998,69.500000000,70.000000000,72,132,1,3,UD:1V:C3W 2516905
2026-04-20T15:04:40.976896513Z,2026-04-20T15:04:40.955485009Z,1,1,2516905,T,A,0,69.500000000,12,0,14141,52344963,69.500000000,70.000000000,62,132,1,3,UD:1V:C3W 2516905
2026-04-20T15:04:43.844145769Z,2026-04-20T15:04:43.840865501Z,1,1,42384725,T,B,0,57.750000000,2,0,18206,144859924,57.500000000,57.750000000,56,2,4,1,ESM6 C7400
2026-04-20T15:04:48.764658875Z,2026-04-20T15:04:48.756878077Z,1,1,42510079,T,A,0,73.500000000,1,0,13762,144904433,73.500000000,73.750000000,1,87,1,6,ESM6 C7350
2026-04-20T15:04:53.443567551Z,2026-04-20T15:04:53.263488419Z,1,1,42399706,T,A,0,75.500000000,4,0,16842,144948594,75.500000000,75.750000000,4,1,1,1,ESM6 P6700
2026-04-20T15:04:56.735636489Z,2026-04-20T15:04:56.433151895Z,1,1,42854015,T,A,0,79.000000000,4,0,16060,144989606,79.000000000,79.500000000,4,147,1,7,ESM6 P6725
2026-04-20T15:05:01.865770450Z,2026-04-20T15:05:01.654489535Z,1,1,2685867,T,A,0,35.750000000,4,0,13207,52461082,35.750000000,36.000000000,4,284,1,6,UD:1V: VT 2685867
2026-04-20T15:05:02.413401049Z,2026-04-20T15:05:02.011202181Z,1,1,2687543,T,A,0,25.250000000,4,0,14654,52465726,25.250000000,25.500000000,4,489,1,6,UD:1V: VT 2687543
2026-04-20T15:05:17.744318705Z,2026-04-20T15:05:17.390516221Z,1,1,42435330,T,A,0,229.000000000,4,0,11632,145280417,229.000000000,230.000000000,4,13,1,4,ESM6 C7050
2026-04-20T15:05:17.767694369Z,2026-04-20T15:05:17.390977283Z,1,1,42760626,T,B,0,116.500000000,5,0,13394,145280965,116.000000000,116.500000000,29,5,2,1,ESM6 P6925
2026-04-20T15:05:20.660989497Z,2026-04-20T15:05:20.648097271Z,1,1,2504118,T,A,0,112.000000000,100,0,15372,52583269,112.000000000,112.500000000,100,107,1,4,UD:1V:CFO 2504118
2026-04-20T15:05:24.488869551Z,2026-04-20T15:05:24.488333527Z,1,1,2517988,T,B,0,1041.500000000,1,0,14747,52598548,1037.000000000,1041.500000000,14,1,1,1,UD:1V:CFO 2517988
2026-04-20T15:05:37.166775164Z,2026-04-20T15:05:37.133296871Z,1,1,2517893,T,A,0,17.500000000,1,0,11778,52681415,17.500000000,18.100000000,1,13,1,3,UD:1V: GN 2517893
2026-04-20T15:05:48.099906492Z,2026-04-20T15:05:48.099298825Z,1,1,2518081,T,A,0,676.500000000,5,0,16320,52742506,676.500000000,677.000000000,5,5,1,1,UD:1V:CRR 2518081
2026-04-20T15:05:48.100351256Z,2026-04-20T15:05:48.099843429Z,1,1,2518081,T,B,0,676.500000000,195,0,17393,52742508,,676.500000000,0,195,0,1,UD:1V:CRR 2518081
2026-04-20T15:05:57.931761286Z,2026-04-20T15:05:57.830496439Z,1,1,42883304,T,B,0,14.900000000,4,0,12891,145738500,14.700000000,14.900000000,172,4,5,1,ESM6 P5675
2026-04-20T15:05:57.939192623Z,2026-04-20T15:05:57.838899603Z,1,1,42394753,T,B,0,21.500000000,3,0,17350,145738633,21.250000000,21.500000000,279,3,5,1,ESM6 P5950
2026-04-20T15:05:57.943800708Z,2026-04-20T15:05:57.844541099Z,1,1,42973469,T,B,0,9.000000000,4,0,13464,145738781,8.800000000,9.000000000,269,4,7,1,ESM6 P5225
2026-04-20T15:06:00.123961003Z,2026-04-20T15:06:00.095855271Z,1,1,42409666,T,B,0,17.500000000,3,0,14961,145767830,17.300000000,17.500000000,179,3,6,1,ESM6 P5800
2026-04-20T15:06:01.288944548Z,2026-04-20T15:06:01.277340327Z,1,1,42397930,T,B,0,17.100000000,4,0,19422,145783443,17.000000000,17.100000000,4,4,1,1,ESU6 P4300
2026-04-20T15:06:01.590626481Z,2026-04-20T15:06:01.566919305Z,1,1,42409666,T,B,0,17.500000000,4,0,14787,145788474,17.300000000,17.500000000,178,4,6,1,ESM6 P5800
2026-04-20T15:06:03.684111758Z,2026-04-20T15:06:03.397333781Z,1,1,42404370,T,B,0,44.000000000,6,0,17344,145815825,43.750000000,44.000000000,20,6,4,2,ESM6 P6400
2026-04-20T15:06:05.102950574Z,2026-04-20T15:06:04.951805469Z,1,1,2518081,T,A,0,676.500000000,5,0,16653,52832715,676.500000000,677.000000000,5,5,1,1,UD:1V:CRR 2518081
2026-04-20T15:06:05.203722030Z,2026-04-20T15:06:05.102892369Z,1,1,2518081,T,B,0,676.500000000,195,0,13622,52833686,,676.500000000,0,195,0,1,UD:1V:CRR 2518081
2026-04-20T15:06:06.683088134Z,2026-04-20T15:06:06.682553225Z,1,1,42399706,T,A,0,75.750000000,1,0,18031,145856627,75.750000000,76.000000000,1,58,1,5,ESM6 P6700
2026-04-20T15:06:10.239980388Z,2026-04-20T15:06:10.239492021Z,1,1,42399706,T,A,0,75.750000000,1,0,16507,145886566,75.750000000,76.000000000,1,42,1,3,ESM6 P6700
2026-04-20T15:06:13.318810582Z,2026-04-20T15:06:12.187302209Z,1,1,2517563,T,A,0,0.300000000,1,0,12766,52877958,0.300000000,3.650000000,1,13,1,1,UD:1V: GN 2517563
2026-04-20T15:06:21.573437916Z,2026-04-20T15:06:21.564457939Z,1,1,2693875,T,B,0,27.000000000,4,0,16282,52946758,26.750000000,27.000000000,599,4,6,1,UD:1V: VT 2693875
2026-04-20T15:06:25.662803955Z,2026-04-20T15:06:25.206226143Z,1,1,2685867,T,A,0,36.000000000,4,0,16580,52974371,36.000000000,36.250000000,4,232,1,4,UD:1V: VT 2685867
2026-04-20T15:06:28.422550214Z,2026-04-20T15:06:28.397940641Z,1,1,2688268,T,A,0,44.250000000,1,0,11537,52996995,44.250000000,44.750000000,1,207,1,6,UD:1V: VT 2688268
2026-04-20T15:06:44.059233398Z,2026-04-20T15:06:43.744302031Z,1,1,2655176,T,A,0,45.750000000,4,0,11757,53079765,45.750000000,46.000000000,4,688,1,7,UD:1V: VT 2655176
2026-04-20T15:07:09.319983025Z,2026-04-20T15:07:09.315706103Z,1,1,2518140,T,B,0,29.250000000,2,0,16630,53222342,29.000000000,29.250000000,79,29,4,2,UD:1V: IC 2518140
2026-04-20T15:07:17.916738417Z,2026-04-20T15:07:17.661233011Z,1,1,42378592,T,B,0,53.000000000,2,0,13087,146696628,52.750000000,53.000000000,58,2,5,2,ESM6 P6500
2026-04-20T15:07:19.134171975Z,2026-04-20T15:07:19.036151495Z,1,1,42404370,T,B,0,44.500000000,1,0,14484,146716341,44.250000000,44.500000000,8,1,3,1,ESM6 P6400
2026-04-20T15:07:21.116829468Z,2026-04-20T15:07:21.085451181Z,1,1,2518081,T,B,0,676.500000000,200,0,12909,53288938,,676.500000000,0,200,0,1,UD:1V:CRR 2518081
2026-04-20T15:07:26.006548747Z,2026-04-20T15:07:25.674451449Z,1,1,2689042,T,A,0,54.250000000,39,0,12917,53311131,54.250000000,54.500000000,39,434,1,6,UD:1V: VT 2689042
2026-04-20T15:07:31.548321071Z,2026-04-20T15:07:31.418170353Z,1,1,2517271,T,A,0,-51.500000000,1,0,14771,53349773,-51.500000000,-50.750000000,1,44,1,2,UD:1V: GN 2517271
2026-04-20T15:07:46.613374225Z,2026-04-20T15:07:46.465885395Z,1,1,42472887,T,B,0,20.000000000,1,0,13115,147052004,19.800000000,20.000000000,268,1,6,1,ESU6 P4500
2026-04-20T15:07:54.691056842Z,2026-04-20T15:07:54.690697307Z,1,1,42372969,T,A,0,260.500000000,2,0,13266,147139162,260.500000000,261.000000000,2,16,1,5,ESM6 C7000
2026-04-20T15:08:00.356661697Z,2026-04-20T15:08:00.065358725Z,1,1,2685867,T,A,0,36.250000000,4,0,15045,53505897,36.250000000,36.500000000,4,295,1,5,UD:1V: VT 2685867
2026-04-20T15:08:34.796345419Z,2026-04-20T15:08:33.838119993Z,1,1,42629564,T,B,0,48.250000000,4,0,15561,147620208,47.750000000,48.250000000,34,14,1,1,ESU6 C7850
2026-04-20T15:08:51.206812902Z,2026-04-20T15:08:51.204869445Z,1,1,42366510,T,B,0,195.500000000,2,0,18327,147828198,194.500000000,195.500000000,44,7,7,2,ESM6 C7100
2026-04-20T15:08:56.261268420Z,2026-04-20T15:08:56.146206921Z,1,1,2685867,T,A,0,36.000000000,4,0,11728,53838966,36.000000000,36.250000000,4,259,1,5,UD:1V: VT 2685867
2026-04-20T15:08:56.658581207Z,2026-04-20T15:08:56.306942389Z,1,1,2650222,T,A,0,8.400000000,1,0,11938,53842640,8.400000000,8.500000000,1,565,1,6,UD:1V: VT 2650222
2026-04-20T15:08:58.070046710Z,2026-04-20T15:08:57.875082095Z,1,1,42394633,T,A,0,4.500000000,4,0,13501,147912479,4.500000000,4.550000000,4,625,1,7,ESM6 P4500
2026-04-20T15:09:11.005540087Z,2026-04-20T15:09:11.005029585Z,1,1,42378346,T,A,0,34.000000000,2,0,13226,148083914,34.000000000,34.500000000,72,45,6,5,ESM6 C7500
2026-04-20T15:09:27.099023430Z,2026-04-20T15:09:27.098270961Z,1,1,2518081,T,B,0,676.500000000,200,0,17807,54049726,,676.500000000,0,200,0,1,UD:1V:CRR 2518081
2026-04-20T15:09:54.499370545Z,2026-04-20T15:09:54.490841107Z,1,1,2693151,T,A,0,45.250000000,75,0,18750,54188174,45.250000000,45.500000000,194,75,5,1,UD:1V: VT 2693151
2026-04-20T15:10:54.465548879Z,2026-04-20T15:10:54.447632703Z,1,1,42472887,T,A,0,19.800000000,5,0,14163,149299494,19.800000000,20.000000000,5,458,2,4,ESU6 P4500
2026-04-20T15:11:12.332208572Z,2026-04-20T15:11:12.319256669Z,1,1,42384646,T,A,0,5.100000000,1,0,13966,149492162,5.100000000,5.200000000,1,500,1,6,ESM6 P4650
2026-04-20T15:11:24.656887724Z,2026-04-20T15:11:24.606626419Z,1,1,42366523,T,B,0,168.000000000,1,0,11461,149645705,167.500000000,168.000000000,25,1,4,1,ESM6 P7100
2026-04-20T15:11:32.283617284Z,2026-04-20T15:11:32.169493643Z,1,1,2676601,T,B,0,72.750000000,4,0,14168,54755730,72.500000000,72.750000000,787,4,7,1,UD:1V: VT 2676601
2026-04-20T15:11:32.334828068Z,2026-04-20T15:11:32.172663655Z,1,1,2685867,T,A,0,35.500000000,4,0,18386,54755997,35.500000000,35.750000000,4,483,1,6,UD:1V: VT 2685867
2026-04-20T15:11:42.357094867Z,2026-04-20T15:11:42.320763693Z,1,1,42378541,T,A,0,36.500000000,1,0,16651,149866642,36.500000000,36.750000000,1,120,1,6,ESM6 P6300
2026-04-20T15:12:15.614894484Z,2026-04-20T15:12:15.224168995Z,1,1,2518420,T,A,0,-25.750000000,1,0,13606,55017223,-25.750000000,-25.500000000,1,69,1,3,UD:1V: GN 2518420
2026-04-20T15:12:37.690419270Z,2026-04-20T15:12:37.677326185Z,1,1,42384725,T,A,0,57.750000000,20,0,19604,150543109,57.750000000,58.000000000,68,20,6,1,ESM6 C7400
2026-04-20T15:12:38.204958707Z,2026-04-20T15:12:38.170932057Z,1,1,42384725,T,B,0,58.000000000,14,0,24615,150548320,57.750000000,58.000000000,210,20,6,1,ESM6 C7400
2026-04-20T15:12:38.214698379Z,2026-04-20T15:12:38.171451727Z,1,1,42384725,T,B,0,58.000000000,1,0,13394,150548512,57.750000000,58.000000000,210,6,6,1,ESM6 C7400
2026-04-20T15:12:38.219269640Z,2026-04-20T15:12:38.172585611Z,1,1,42384725,T,B,0,58.000000000,5,0,14082,150548610,57.750000000,58.000000000,210,5,6,1,ESM6 C7400
2026-04-20T15:12:51.860200002Z,2026-04-20T15:12:51.841808189Z,1,1,42506288,T,B,0,105.500000000,1,0,19303,150674424,105.000000000,105.500000000,1,49,1,3,ESU6 P6250
2026-04-20T15:12:54.888210555Z,2026-04-20T15:12:54.850644943Z,1,1,42378541,T,A,0,37.000000000,1,0,18008,150690495,37.000000000,37.250000000,1,231,1,8,ESM6 P6300
2026-04-20T15:13:06.277702119Z,2026-04-20T15:13:06.277118009Z,1,1,2693264,T,A,0,30.000000000,4,0,14190,55290529,30.000000000,30.250000000,4,741,1,7,UD:1V: VT 2693264
2026-04-20T15:13:13.224350739Z,2026-04-20T15:13:13.224036763Z,1,1,42409672,T,A,0,20.000000000,8,0,13035,150869157,20.000000000,20.250000000,8,295,1,8,ESM6 P5900
2026-04-20T15:13:14.975170396Z,2026-04-20T15:13:14.974626065Z,1,1,2504559,T,A,0,16.000000000,4,0,16793,55331775,16.000000000,16.200000000,4,630,1,5,UD:1V: VT 2504559
2026-04-20T15:13:15.028296444Z,2026-04-20T15:13:15.022065721Z,1,1,42502483,T,B,0,151.000000000,26,0,15101,150881794,150.500000000,151.000000000,16,26,1,1,ESZ6 C7750
2026-04-20T15:13:25.807855448Z,2026-04-20T15:13:25.562944723Z,1,1,2686676,T,A,0,37.250000000,4,0,13395,55370647,37.250000000,37.500000000,4,272,1,4,UD:1V: VT 2686676
2026-04-20T15:13:28.220980984Z,2026-04-20T15:13:28.074872593Z,1,1,42378449,T,B,0,23.250000000,2,0,15086,151000411,23.000000000,23.250000000,2,266,1,7,ESM6 P6000
2026-04-20T15:13:33.275328707Z,2026-04-20T15:13:33.172139811Z,1,1,2686676,T,A,0,37.250000000,4,0,14045,55416553,37.250000000,37.500000000,4,444,1,6,UD:1V: VT 2686676
2026-04-20T15:13:34.903513589Z,2026-04-20T15:13:34.902976449Z,1,1,42212203,T,A,0,113.000000000,1,0,17342,151082085,113.000000000,114.000000000,66,113,8,10,ESM6 C7250
2026-04-20T15:13:42.958135359Z,2026-04-20T15:13:42.530276755Z,1,1,2501619,T,B,0,29.750000000,121,0,14396,55456938,29.250000000,29.750000000,1270,355,5,1,UD:1V: VT 2501619
2026-04-20T15:13:42.958454946Z,2026-04-20T15:13:42.530277847Z,1,1,2501619,T,B,0,29.750000000,121,0,11262,55456940,29.250000000,29.750000000,1270,234,5,1,UD:1V: VT 2501619
2026-04-20T15:13:43.046748799Z,2026-04-20T15:13:42.541993639Z,1,1,2501619,T,B,0,29.750000000,113,0,21711,55457682,29.250000000,29.750000000,1270,113,5,1,UD:1V: VT 2501619
2026-04-20T15:14:09.132530764Z,2026-04-20T15:14:09.131964921Z,1,1,2687716,T,A,0,39.000000000,4,0,13672,55602628,39.000000000,39.250000000,4,218,1,4,UD:1V: BO 2687716
2026-04-20T15:14:23.132020847Z,2026-04-20T15:14:22.799355921Z,1,1,2685867,T,A,0,36.000000000,4,0,13744,55660215,36.000000000,36.250000000,4,290,1,6,UD:1V: VT 2685867
2026-04-20T15:14:50.976168455Z,2026-04-20T15:14:50.667085843Z,1,1,2687716,T,A,0,38.750000000,4,0,14036,55816454,38.750000000,39.000000000,4,221,1,4,UD:1V: BO 2687716
2026-04-20T15:15:24.626224834Z,2026-04-20T15:15:24.609564635Z,1,1,42413913,T,B,0,24.000000000,1,0,15334,152192757,23.750000000,24.000000000,269,1,5,1,ESU6 P4750
2026-04-20T15:15:49.543019983Z,2026-04-20T15:15:49.532954671Z,1,1,42404366,T,B,0,6.100000000,10,0,15970,152466529,5.900000000,6.100000000,227,10,6,2,ESM6 C7800
2026-04-20T15:15:52.001962062Z,2026-04-20T15:15:51.965412889Z,1,1,2685867,T,A,0,36.000000000,4,0,17481,56120026,36.000000000,36.250000000,4,537,1,7,UD:1V: VT 2685867
2026-04-20T15:15:53.636395167Z,2026-04-20T15:15:53.633734655Z,1,1,2516905,T,A,0,69.500000000,39,0,13456,56127575,69.500000000,70.250000000,100,210,1,5,UD:1V:C3W 2516905
2026-04-20T15:15:53.874501012Z,2026-04-20T15:15:53.866151129Z,1,1,2516905,T,A,0,69.500000000,5,0,15021,56128691,69.500000000,69.750000000,61,159,1,5,UD:1V:C3W 2516905
2026-04-20T15:15:57.091950566Z,2026-04-20T15:15:57.082021379Z,1,1,2516905,T,A,0,69.500000000,22,0,17483,56137672,69.500000000,69.750000000,56,141,1,3,UD:1V:C3W 2516905
2026-04-20T15:15:58.421095829Z,2026-04-20T15:15:58.215944281Z,1,1,2516905,T,A,0,69.500000000,14,0,11579,56147410,69.500000000,69.750000000,34,51,1,2,UD:1V:C3W 2516905
2026-04-20T15:16:00.025274943Z,2026-04-20T15:16:00.022879743Z,1,1,2516905,T,A,0,69.500000000,11,0,18375,56159503,69.500000000,69.750000000,20,141,1,3,UD:1V:C3W 2516905
2026-04-20T15:16:04.420381940Z,2026-04-20T15:16:04.352081081Z,1,1,2516905,T,A,0,69.500000000,8,0,12444,56176273,69.500000000,69.750000000,9,151,1,4,UD:1V:C3W 2516905
2026-04-20T15:16:07.392457891Z,2026-04-20T15:16:07.363502009Z,1,1,42372979,T,B,0,92.000000000,2,0,13218,152637911,91.750000000,92.000000000,9,2,5,1,ESM6 C7300
2026-04-20T15:16:44.608929507Z,2026-04-20T15:16:44.586424117Z,1,1,42378592,T,A,0,52.250000000,2,0,26481,153018526,52.250000000,52.500000000,2,12,1,2,ESM6 P6500
2026-04-20T15:16:46.147227279Z,2026-04-20T15:16:46.142994721Z,1,1,42611781,T,B,0,25.750000000,2,0,17792,153032759,25.500000000,25.750000000,246,2,9,1,ESM6 C7550
2026-04-20T15:16:55.084764196Z,2026-04-20T15:16:55.084260073Z,1,1,273382,T,B,0,36.250000000,100,0,13470,153113885,35.750000000,36.250000000,155,112,3,1,ESZ6 P4500
2026-04-20T15:17:43.441698356Z,2026-04-20T15:17:43.404860473Z,1,1,42836582,T,A,0,30.000000000,1,0,14038,153591839,30.000000000,30.250000000,1,129,1,7,ESM6 P6175
2026-04-20T15:17:45.901692625Z,2026-04-20T15:17:45.740061791Z,1,1,42783705,T,B,0,35.250000000,1,0,13343,153615903,35.000000000,35.250000000,310,1,7,1,ESM6 P6275
2026-04-20T15:17:50.174153227Z,2026-04-20T15:17:50.147016147Z,1,1,42883306,T,A,0,179.000000000,2,0,15746,153653674,179.000000000,179.500000000,5,75,1,7,ESM6 P7125
2026-04-20T15:17:50.218493391Z,2026-04-20T15:17:50.174297487Z,1,1,42883306,T,A,0,179.000000000,3,0,13682,153654737,179.000000000,179.500000000,3,75,1,7,ESM6 P7125
2026-04-20T15:18:19.500527558Z,2026-04-20T15:18:19.486430413Z,1,1,42366523,T,B,0,169.000000000,1,0,12681,153925211,168.500000000,169.000000000,78,1,8,1,ESM6 P7100
2026-04-20T15:18:22.922080968Z,2026-04-20T15:18:22.431989553Z,1,1,2685867,T,A,0,35.750000000,4,0,15228,56862830,35.750000000,36.000000000,4,287,1,7,UD:1V: VT 2685867
2026-04-20T15:18:35.159734723Z,2026-04-20T15:18:35.159349943Z,1,1,42366523,T,B,0,167.500000000,1,0,13318,154130743,167.000000000,167.500000000,131,1,10,1,ESM6 P7100
2026-04-20T15:18:37.683831705Z,2026-04-20T15:18:37.624546995Z,1,1,42760624,T,B,0,105.000000000,19,0,11337,154152911,104.500000000,105.000000000,99,26,7,1,ESM6 P6875
2026-04-20T15:19:02.653550475Z,2026-04-20T15:19:02.488135751Z,1,1,42378592,T,A,0,51.500000000,1,0,14769,154400240,51.500000000,51.750000000,1,33,1,4,ESM6 P6500
2026-04-20T15:19:03.862278276Z,2026-04-20T15:19:03.537993017Z,1,1,2685867,T,A,0,35.500000000,4,0,14994,57096672,35.500000000,35.750000000,4,418,1,6,UD:1V: VT 2685867
2026-04-20T15:19:14.488467959Z,2026-04-20T15:19:14.417835601Z,1,1,42529458,T,A,0,392.500000000,1,0,13283,154565701,392.500000000,394.000000000,1,62,1,4,ESZ6 C7250
2026-04-20T15:19:15.463886148Z,2026-04-20T15:19:15.043049493Z,1,1,42394633,T,B,0,4.350000000,1,0,22464,154583857,4.300000000,4.350000000,45,1,3,1,ESM6 P4500
2026-04-20T15:19:40.746876337Z,2026-04-20T15:19:40.710473753Z,1,1,42394804,T,A,0,56.500000000,1,0,16180,154836410,56.500000000,56.750000000,2,2,1,1,ESM6 P6550
2026-04-20T15:19:50.254820102Z,2026-04-20T15:19:50.111951957Z,1,1,42378592,T,A,0,51.500000000,2,0,18017,154937420,51.500000000,51.750000000,9,5,2,2,ESM6 P6500
2026-04-20T15:19:51.493366403Z,2026-04-20T15:19:51.121948285Z,1,1,42506172,T,B,0,262.500000000,1,0,14088,154961957,262.000000000,262.500000000,4,1,1,1,ESU6 C7250
2026-04-20T15:19:59.347182551Z,2026-04-20T15:19:59.318304605Z,1,1,42378592,T,A,0,51.500000000,2,0,16949,155026591,51.500000000,51.750000000,6,4,2,2,ESM6 P6500
2026-04-20T15:20:01.072894563Z,2026-04-20T15:20:00.925707637Z,1,1,42378288,T,B,0,9.100000000,4,0,16085,155045820,8.900000000,9.100000000,287,4,8,1,ESM6 P5250
2026-04-20T15:20:01.604121967Z,2026-04-20T15:20:01.589596065Z,1,1,42399706,T,A,0,74.500000000,5,0,19524,155057092,74.500000000,74.750000000,5,35,2,2,ESM6 P6700
2026-04-20T15:20:01.612715113Z,2026-04-20T15:20:01.589605855Z,1,1,42378618,T,A,0,110.000000000,12,0,17292,155057240,110.000000000,110.500000000,12,33,3,3,ESM6 P6900
2026-04-20T15:20:15.701339675Z,2026-04-20T15:20:15.618752767Z,1,1,2518934,T,B,0,-7.900000000,1,0,13973,57477819,-8.400000000,-7.900000000,32,1,2,1,UD:1V: GN 2518934
2026-04-20T15:20:24.814034097Z,2026-04-20T15:20:24.777155119Z,1,1,2516905,T,A,0,69.500000000,12,0,10512,57510702,69.500000000,69.750000000,101,118,2,3,UD:1V:C3W 2516905
2026-04-20T15:20:30.042838173Z,2026-04-20T15:20:30.024194161Z,1,1,2516905,T,A,0,69.500000000,11,0,15498,57535546,69.500000000,69.750000000,89,118,1,3,UD:1V:C3W 2516905
2026-04-20T15:20:42.484435486Z,2026-04-20T15:20:42.462948537Z,1,1,42458384,T,B,0,60.750000000,1,0,13349,155411915,60.500000000,60.750000000,25,1,2,1,ESU6 P5750
2026-04-20T15:20:59.153248383Z,2026-04-20T15:20:59.119531983Z,1,1,2516905,T,A,0,69.500000000,9,0,18529,57654922,69.500000000,69.750000000,78,118,1,3,UD:1V:C3W 2516905
2026-04-20T15:21:00.780295622Z,2026-04-20T15:21:00.732502529Z,1,1,2516905,T,A,0,69.500000000,10,0,15380,57659268,69.500000000,69.750000000,69,118,1,3,UD:1V:C3W 2516905
2026-04-20T15:21:01.561193196Z,2026-04-20T15:21:01.492496291Z,1,1,2516905,T,A,0,69.500000000,7,0,13167,57665956,69.500000000,69.750000000,59,118,1,3,UD:1V:C3W 2516905
2026-04-20T15:21:01.725573724Z,2026-04-20T15:21:01.496778769Z,1,1,2655176,T,A,0,46.000000000,4,0,13709,57667403,46.000000000,46.250000000,4,843,1,7,UD:1V: VT 2655176
2026-04-20T15:21:01.868501163Z,2026-04-20T15:21:01.564153153Z,1,1,2516905,T,A,0,69.500000000,12,0,15363,57668525,69.500000000,69.750000000,52,118,1,3,UD:1V:C3W 2516905
2026-04-20T15:21:30.931934687Z,2026-04-20T15:21:28.864715255Z,1,1,42409672,T,A,0,19.300000000,2,0,17000,155928569,19.300000000,19.600000000,7,145,1,3,ESM6 P5900
2026-04-20T15:21:32.508948545Z,2026-04-20T15:21:31.061050319Z,1,1,42378373,T,A,0,15.700000000,1,0,14538,155955412,15.700000000,16.100000000,109,144,1,3,ESM6 P5750
2026-04-20T15:21:33.468509451Z,2026-04-20T15:21:32.543922309Z,1,1,42919946,T,A,0,17.400000000,25,0,15362,155972758,17.400000000,17.800000000,25,171,1,4,ESM6 P5825
2026-04-20T15:21:34.178920520Z,2026-04-20T15:21:33.476101163Z,1,1,42378449,T,A,0,22.250000000,2,0,11603,155986864,22.250000000,22.750000000,90,107,2,4,ESM6 P6000
2026-04-20T15:21:38.631276847Z,2026-04-20T15:21:38.055913829Z,1,1,42372983,T,A,0,24.000000000,2,0,13297,156065895,24.000000000,24.500000000,25,124,1,5,ESM6 P6050
2026-04-20T15:21:40.780125604Z,2026-04-20T15:21:39.935598913Z,1,1,42510079,T,A,0,75.000000000,2,0,11658,156097789,75.000000000,75.500000000,4,70,1,5,ESM6 C7350
2026-04-20T15:21:47.908119163Z,2026-04-20T15:21:47.805059791Z,1,1,42429065,T,B,0,121.000000000,15,0,14574,156205263,120.500000000,121.000000000,46,22,5,1,ESM6 P6950
2026-04-20T15:21:47.923537438Z,2026-04-20T15:21:47.805234989Z,1,1,42429065,T,B,0,121.000000000,4,0,13814,156205542,120.500000000,121.000000000,46,7,5,1,ESM6 P6950
2026-04-20T15:21:48.072109715Z,2026-04-20T15:21:47.816312571Z,1,1,42446245,T,B,0,149.500000000,2,0,14968,156208019,149.000000000,149.500000000,2,2,1,1,ESM6 P7050
2026-04-20T15:22:06.097284391Z,2026-04-20T15:22:06.055661671Z,1,1,42404374,T,A,0,133.000000000,5,0,14308,156454152,133.000000000,134.000000000,64,29,8,3,ESM6 P7000
2026-04-20T15:22:09.272301324Z,2026-04-20T15:22:08.937817801Z,1,1,42378618,T,B,0,109.000000000,24,0,27846,156496754,108.500000000,109.000000000,6,24,2,1,ESM6 P6900
2026-04-20T15:22:14.268326174Z,2026-04-20T15:22:14.158172235Z,1,1,42760626,T,B,0,114.500000000,23,0,19547,156563084,114.000000000,114.500000000,17,23,3,1,ESM6 P6925
2026-04-20T15:22:25.479984542Z,2026-04-20T15:22:23.847317091Z,1,1,42404367,T,A,0,25.750000000,1,0,18922,156716068,25.750000000,26.250000000,39,153,5,7,ESM6 P6100
2026-04-20T15:22:34.053601233Z,2026-04-20T15:22:33.076087021Z,1,1,42510079,T,A,0,75.500000000,2,0,17622,156856452,75.500000000,76.000000000,2,85,1,6,ESM6 C7350
2026-04-20T15:22:36.131405790Z,2026-04-20T15:22:35.578444371Z,1,1,2519013,T,A,0,1.050000000,1,0,13365,58352594,1.050000000,1.150000000,68,1793,2,7,UD:1V: VT 2519013
2026-04-20T15:22:48.923888694Z,2026-04-20T15:22:47.843906571Z,1,1,42510079,T,A,0,76.250000000,1,0,15414,157113361,76.250000000,76.750000000,2,9,1,3,ESM6 C7350
2026-04-20T15:22:49.806096095Z,2026-04-20T15:22:48.700850949Z,1,1,42883176,T,B,0,156.000000000,2,0,14267,157129082,155.500000000,156.000000000,34,1,2,1,ESM6 C7175
2026-04-20T15:22:49.828182604Z,2026-04-20T15:22:48.722572333Z,1,1,42804678,T,B,0,129.500000000,2,0,18043,157129403,129.000000000,129.500000000,36,2,2,1,ESM6 C7225
2026-04-20T15:23:43.956122786Z,2026-04-20T15:23:43.947371167Z,1,1,42384726,T,B,0,11.600000000,1,0,16558,157799665,11.500000000,11.600000000,114,1,7,1,ESM6 P5500
2026-04-20T15:23:44.174436222Z,2026-04-20T15:23:44.084023467Z,1,1,42378346,T,A,0,35.250000000,6,0,21625,157802680,35.250000000,35.500000000,6,4,2,2,ESM6 C7500
2026-04-20T15:23:45.878095258Z,2026-04-20T15:23:45.829363119Z,1,1,42510079,T,A,0,75.500000000,8,0,20399,157817237,75.500000000,75.750000000,8,3,3,1,ESM6 C7350
2026-04-20T15:23:50.191879686Z,2026-04-20T15:23:49.950744943Z,1,1,42384779,T,A,0,60.500000000,4,0,12903,157869400,60.500000000,60.750000000,4,33,1,1,ESM6 P6600
2026-04-20T15:23:53.697876231Z,2026-04-20T15:23:53.052364471Z,1,1,42510079,T,A,0,76.250000000,25,0,16917,157930652,76.250000000,76.500000000,99,127,1,9,ESM6 C7350
2026-04-20T15:23:53.885328596Z,2026-04-20T15:23:53.358768113Z,1,1,42510079,T,A,0,76.250000000,74,0,13229,157934575,76.250000000,76.500000000,74,135,1,10,ESM6 C7350
2026-04-20T15:24:05.208555071Z,2026-04-20T15:24:04.066421169Z,1,1,42366511,T,B,0,20.250000000,1,0,11526,158119698,20.000000000,20.250000000,2,1,1,1,ESM6 C7600
2026-04-20T15:24:09.352770458Z,2026-04-20T15:24:07.253879069Z,1,1,42366511,T,A,0,20.250000000,1,0,13942,158176439,20.250000000,20.750000000,2,58,1,4,ESM6 C7600
2026-04-20T15:24:10.559414204Z,2026-04-20T15:24:08.033879061Z,1,1,42611781,T,A,0,27.000000000,2,0,17454,158195714,27.000000000,27.500000000,2,7,1,2,ESM6 C7550
2026-04-20T15:24:15.470659883Z,2026-04-20T15:24:14.685428719Z,1,1,42330564,T,B,0,138.500000000,26,0,17397,158275536,137.500000000,138.500000000,30,26,2,1,ESZ6 C7800
2026-04-20T15:24:15.967688790Z,2026-04-20T15:24:15.470663635Z,1,1,42330564,T,A,0,138.500000000,28,0,12708,158284847,138.500000000,139.000000000,73,80,1,4,ESZ6 C7800
2026-04-20T15:24:15.967912787Z,2026-04-20T15:24:15.470663809Z,1,1,42330564,T,A,0,138.500000000,6,0,16294,158284849,138.500000000,139.000000000,45,80,1,4,ESZ6 C7800
2026-04-20T15:24:15.968042974Z,2026-04-20T15:24:15.470827533Z,1,1,42330564,T,A,0,138.500000000,39,0,12706,158284851,138.500000000,139.000000000,39,80,1,4,ESZ6 C7800
2026-04-20T15:24:23.949796209Z,2026-04-20T15:24:23.851769871Z,1,1,42510079,T,A,0,76.500000000,83,0,14909,158391757,76.500000000,76.750000000,100,1,1,1,ESM6 C7350
2026-04-20T15:24:24.354206019Z,2026-04-20T15:24:24.338568095Z,1,1,42510079,T,A,0,76.500000000,17,0,14175,158399945,76.500000000,76.750000000,17,73,1,3,ESM6 C7350
2026-04-20T15:24:41.049156460Z,2026-04-20T15:24:40.933195911Z,1,1,42487843,T,A,0,182.500000000,2,0,16514,158563056,182.500000000,183.500000000,2,60,1,3,ESM6 P7150
2026-04-20T15:24:41.230184604Z,2026-04-20T15:24:40.997376603Z,1,1,42487843,T,B,0,182.500000000,2,0,11486,158566983,182.000000000,182.500000000,8,12,1,2,ESM6 P7150
2026-04-20T15:25:08.807606134Z,2026-04-20T15:25:08.404871405Z,1,1,42499829,T,A,0,169.500000000,3,0,13935,158888540,169.500000000,170.000000000,3,22,1,2,ESM6 C7150
2026-04-20T15:25:10.227696918Z,2026-04-20T15:25:10.022142147Z,1,1,2517271,T,A,0,-48.000000000,1,0,14874,59358591,-48.000000000,-47.500000000,1,22,1,3,UD:1V: GN 2517271
2026-04-20T15:26:18.395527043Z,2026-04-20T15:26:18.371438019Z,1,1,42510079,T,B,0,77.250000000,91,0,21489,159679024,76.750000000,77.250000000,16,91,4,7,ESM6 C7350
2026-04-20T15:26:18.439733737Z,2026-04-20T15:26:18.395447261Z,1,1,42510079,T,A,0,77.250000000,22,0,12276,159679843,77.250000000,77.500000000,109,37,1,5,ESM6 C7350
2026-04-20T15:26:18.439757511Z,2026-04-20T15:26:18.395452617Z,1,1,42510079,T,A,0,77.250000000,13,0,12099,159679845,77.250000000,77.500000000,87,37,1,5,ESM6 C7350
2026-04-20T15:26:18.439785689Z,2026-04-20T15:26:18.395454537Z,1,1,42510079,T,A,0,77.250000000,14,0,11834,159679847,77.250000000,77.500000000,74,37,1,5,ESM6 C7350
2026-04-20T15:26:18.439926187Z,2026-04-20T15:26:18.395482281Z,1,1,42510079,T,A,0,77.250000000,4,0,14608,159679849,77.250000000,77.500000000,60,37,1,5,ESM6 C7350
2026-04-20T15:26:18.439956099Z,2026-04-20T15:26:18.395484027Z,1,1,42510079,T,A,0,77.250000000,46,0,12099,159679851,77.250000000,77.500000000,56,37,1,5,ESM6 C7350
2026-04-20T15:26:18.440041592Z,2026-04-20T15:26:18.395530261Z,1,1,42510079,T,A,0,77.250000000,5,0,12200,159679854,77.250000000,77.500000000,10,37,1,5,ESM6 C7350
2026-04-20T15:26:18.440061137Z,2026-04-20T15:26:18.395547367Z,1,1,42510079,T,A,0,77.250000000,5,0,12367,159679856,77.250000000,77.500000000,5,37,1,5,ESM6 C7350
2026-04-20T15:26:24.422444479Z,2026-04-20T15:26:24.210280795Z,1,1,42853788,T,A,0,36.500000000,13,0,21881,159747587,36.500000000,36.750000000,13,94,1,3,ESM6 P6325
2026-04-20T15:26:59.833247263Z,2026-04-20T15:26:59.490361991Z,1,1,42435330,T,A,0,235.000000000,1,0,14173,160143409,235.000000000,235.500000000,1,16,1,4,ESM6 C7050
2026-04-20T15:27:01.728920507Z,2026-04-20T15:27:01.728304267Z,1,1,2519077,T,A,0,129.500000000,5,0,17048,59970419,129.500000000,130.000000000,5,84,1,5,UD:1V: 23 2519077
2026-04-20T15:27:01.729076383Z,2026-04-20T15:27:01.728304467Z,1,1,2519077,T,A,0,129.500000000,54,0,11266,59970421,129.500000000,130.000000000,5,84,1,5,UD:1V: 23 2519077
2026-04-20T15:27:01.729352503Z,2026-04-20T15:27:01.728304673Z,1,1,2519077,T,A,0,129.500000000,6,0,11482,59970423,129.500000000,130.000000000,1,84,1,5,UD:1V: 23 2519077
2026-04-20T15:27:01.729624995Z,2026-04-20T15:27:01.728304849Z,1,1,2519077,T,A,0,129.500000000,5,0,11633,59970425,129.500000000,130.000000000,5,84,1,5,UD:1V: 23 2519077
2026-04-20T15:27:01.729890497Z,2026-04-20T15:27:01.728305027Z,1,1,2519077,T,A,0,129.500000000,5,0,13745,59970427,129.500000000,130.000000000,5,84,1,5,UD:1V: 23 2519077
2026-04-20T15:27:23.487974953Z,2026-04-20T15:27:23.467224563Z,1,1,42760624,T,B,0,101.500000000,8,0,13790,160437602,101.000000000,101.500000000,73,8,6,1,ESM6 P6875
2026-04-20T15:28:03.087116187Z,2026-04-20T15:28:02.810277493Z,1,1,42760626,T,B,0,112.500000000,6,0,13463,160775738,112.000000000,112.500000000,38,6,4,1,ESM6 P6925
2026-04-20T15:28:14.044799143Z,2026-04-20T15:28:14.044302919Z,1,1,42384725,T,B,0,60.500000000,2,0,17938,160908770,60.000000000,60.500000000,117,3,7,1,ESM6 C7400
2026-04-20T15:28:30.957660263Z,2026-04-20T15:28:30.956080047Z,1,1,42384725,T,A,0,60.000000000,4,0,16892,161056767,60.000000000,60.750000000,108,119,8,8,ESM6 C7400
2026-04-20T15:29:03.704891963Z,2026-04-20T15:29:03.114662419Z,1,1,2694033,T,B,0,20.000000000,4,0,14160,60519061,19.800000000,20.000000000,1149,4,6,1,UD:1V: VT 2694033
2026-04-20T15:29:23.562909342Z,2026-04-20T15:29:23.562337965Z,1,1,42378346,T,A,0,35.250000000,2,0,21276,161515987,35.250000000,36.000000000,218,146,10,7,ESM6 C7500
2026-04-20T15:29:34.091416547Z,2026-04-20T15:29:34.047352105Z,1,1,42394812,T,A,0,87.500000000,30,0,13369,161611995,87.500000000,87.750000000,50,81,1,7,ESM6 P6800
2026-04-20T15:29:34.093902089Z,2026-04-20T15:29:34.047382101Z,1,1,42394812,T,A,0,87.500000000,15,0,13780,161612043,87.500000000,87.750000000,20,81,1,7,ESM6 P6800
2026-04-20T15:29:34.124721187Z,2026-04-20T15:29:34.049588955Z,1,1,42394812,T,A,0,87.500000000,50,0,14115,161612622,87.500000000,87.750000000,5,81,1,7,ESM6 P6800
2026-04-20T15:29:34.167612524Z,2026-04-20T15:29:34.091495115Z,1,1,42394812,T,A,0,87.500000000,20,0,14458,161613436,87.500000000,87.750000000,5,81,1,7,ESM6 P6800
2026-04-20T15:29:34.169587851Z,2026-04-20T15:29:34.093935851Z,1,1,42394812,T,A,0,87.500000000,5,0,11542,161613489,87.500000000,87.750000000,35,91,1,8,ESM6 P6800
2026-04-20T15:29:34.170735683Z,2026-04-20T15:29:34.094783575Z,1,1,42394812,T,A,0,87.500000000,5,0,11726,161613516,87.500000000,87.750000000,30,91,1,8,ESM6 P6800
2026-04-20T15:29:34.301729119Z,2026-04-20T15:29:34.170755705Z,1,1,42394812,T,A,0,87.500000000,7,0,12756,161615922,87.500000000,87.750000000,25,151,1,8,ESM6 P6800
2026-04-20T15:29:34.352169655Z,2026-04-20T15:29:34.175060481Z,1,1,42394812,T,A,0,87.500000000,25,0,17100,161616718,87.500000000,87.750000000,18,151,1,8,ESM6 P6800
2026-04-20T15:29:35.478731371Z,2026-04-20T15:29:35.445023541Z,1,1,42394812,T,A,0,87.500000000,28,0,16444,161630927,87.500000000,87.750000000,43,117,1,7,ESM6 P6800
2026-04-20T15:29:35.541884522Z,2026-04-20T15:29:35.448430023Z,1,1,42394812,T,A,0,87.500000000,93,0,15481,161632093,87.500000000,87.750000000,15,97,1,7,ESM6 P6800
2026-04-20T15:29:35.614039699Z,2026-04-20T15:29:35.460833801Z,1,1,42394812,T,A,0,87.500000000,37,0,11265,161633365,87.500000000,87.750000000,22,97,1,7,ESM6 P6800
2026-04-20T15:29:35.616588846Z,2026-04-20T15:29:35.460873443Z,1,1,42394812,T,A,0,87.500000000,43,0,11224,161633448,87.500000000,87.750000000,35,97,1,7,ESM6 P6800
2026-04-20T15:29:35.617731723Z,2026-04-20T15:29:35.460904457Z,1,1,42394812,T,A,0,87.500000000,1,0,11929,161633498,87.500000000,87.750000000,42,97,1,7,ESM6 P6800
2026-04-20T15:29:35.621301201Z,2026-04-20T15:29:35.461039869Z,1,1,42394812,T,A,0,87.500000000,1,0,11257,161633624,87.500000000,87.750000000,41,97,1,7,ESM6 P6800
2026-04-20T15:29:35.691112142Z,2026-04-20T15:29:35.478737887Z,1,1,42394812,T,A,0,87.500000000,15,0,16658,161634884,87.500000000,87.750000000,40,97,1,7,ESM6 P6800
2026-04-20T15:29:35.955894086Z,2026-04-20T15:29:35.932995253Z,1,1,42394812,T,A,0,87.500000000,25,0,15860,161640238,87.500000000,87.750000000,25,123,1,7,ESM6 P6800
2026-04-20T15:29:36.016179079Z,2026-04-20T15:29:36.015638801Z,1,1,42394812,T,A,0,87.500000000,4,0,17525,161640741,87.500000000,87.750000000,50,123,1,7,ESM6 P6800
2026-04-20T15:29:36.030169390Z,2026-04-20T15:29:36.029733265Z,1,1,42394812,T,A,0,87.500000000,1,0,15643,161640842,87.500000000,87.750000000,46,123,1,7,ESM6 P6800
2026-04-20T15:29:36.082282023Z,2026-04-20T15:29:36.075840651Z,1,1,42394812,T,A,0,87.500000000,2,0,13719,161641132,87.500000000,87.750000000,45,123,1,7,ESM6 P6800
2026-04-20T15:29:36.525276996Z,2026-04-20T15:29:36.524232737Z,1,1,42394812,T,A,0,87.500000000,26,0,13525,161642992,87.500000000,87.750000000,43,123,1,7,ESM6 P6800
2026-04-20T15:29:36.533135414Z,2026-04-20T15:29:36.525014547Z,1,1,42394812,T,A,0,87.500000000,1,0,13439,161643137,87.500000000,87.750000000,17,123,1,7,ESM6 P6800
2026-04-20T15:29:36.534661351Z,2026-04-20T15:29:36.525100945Z,1,1,42394812,T,A,0,87.500000000,1,0,13238,161643166,87.500000000,87.750000000,16,123,1,7,ESM6 P6800
2026-04-20T15:29:36.538937449Z,2026-04-20T15:29:36.525427927Z,1,1,42394812,T,A,0,87.500000000,67,0,16115,161643235,87.500000000,87.750000000,15,132,1,8,ESM6 P6800
2026-04-20T15:29:36.633842210Z,2026-04-20T15:29:36.627844983Z,1,1,42394812,T,A,0,87.500000000,1,0,17579,161644187,87.500000000,87.750000000,48,123,1,7,ESM6 P6800
2026-04-20T15:29:37.128779190Z,2026-04-20T15:29:37.112428873Z,1,1,42394812,T,A,0,87.500000000,27,0,12841,161647390,87.500000000,87.750000000,47,127,1,8,ESM6 P6800
2026-04-20T15:29:37.643080774Z,2026-04-20T15:29:37.612844841Z,1,1,42394812,T,A,0,87.500000000,20,0,17410,161651535,87.500000000,87.750000000,20,123,1,7,ESM6 P6800
2026-04-20T15:29:44.909196739Z,2026-04-20T15:29:44.709771593Z,1,1,42394812,T,A,0,87.500000000,29,0,11251,161717244,87.500000000,87.750000000,50,44,1,1,ESM6 P6800
2026-04-20T15:29:44.937041087Z,2026-04-20T15:29:44.710554209Z,1,1,42394812,T,A,0,87.500000000,25,0,13764,161717784,87.500000000,87.750000000,21,44,1,1,ESM6 P6800
2026-04-20T15:29:44.951778585Z,2026-04-20T15:29:44.710857611Z,1,1,42394812,T,A,0,87.500000000,1,0,13657,161717897,87.500000000,87.750000000,46,44,1,1,ESM6 P6800
2026-04-20T15:29:45.026106953Z,2026-04-20T15:29:44.718841623Z,1,1,42394812,T,A,0,87.500000000,1,0,14958,161718565,87.500000000,87.750000000,45,72,1,2,ESM6 P6800
2026-04-20T15:29:45.058821779Z,2026-04-20T15:29:44.722766881Z,1,1,42394812,T,A,0,87.500000000,26,0,14863,161719026,87.500000000,87.750000000,44,72,1,2,ESM6 P6800
2026-04-20T15:29:45.155178003Z,2026-04-20T15:29:44.750325437Z,1,1,42394812,T,A,0,87.500000000,1,0,13763,161719798,87.500000000,87.750000000,18,72,1,2,ESM6 P6800
2026-04-20T15:29:45.169680774Z,2026-04-20T15:29:44.755289679Z,1,1,42394812,T,A,0,87.500000000,3,0,13837,161719968,87.500000000,87.750000000,17,72,1,2,ESM6 P6800
2026-04-20T15:29:55.064050141Z,2026-04-20T15:29:55.063532431Z,1,1,42394812,T,A,0,87.500000000,14,0,14501,161794657,87.500000000,87.750000000,14,134,1,8,ESM6 P6800
2026-04-20T15:29:55.065559047Z,2026-04-20T15:29:55.064053927Z,1,1,42394812,T,A,0,87.500000000,35,0,13722,161794684,87.500000000,87.750000000,35,134,1,8,ESM6 P6800
2026-04-20T15:29:59.308029156Z,2026-04-20T15:29:57.948819965Z,1,1,42404374,T,A,0,130.000000000,50,0,11804,161836257,130.000000000,131.500000000,50,4,1,1,ESM6 P7000
2026-04-20T15:29:59.463219062Z,2026-04-20T15:29:57.987593093Z,1,1,2689726,T,B,0,14.400000000,2,0,14396,60763290,14.300000000,14.400000000,560,3,1,1,UD:1V: VT 2689726
2026-04-20T15:29:59.473928916Z,2026-04-20T15:29:57.990158467Z,1,1,2689726,T,B,0,14.400000000,1,0,17294,60763416,14.300000000,14.400000000,560,1,1,1,UD:1V: VT 2689726
2026-04-20T15:30:19.891490127Z,2026-04-20T15:30:19.278896975Z,1,1,42429065,T,B,0,118.000000000,6,0,13591,162172703,117.000000000,118.000000000,97,6,6,2,ESM6 P6950
2026-04-20T15:30:19.896031535Z,2026-04-20T15:30:19.278897151Z,1,1,42378618,T,B,0,106.500000000,2,0,12517,162172815,105.500000000,106.500000000,109,2,6,1,ESM6 P6900
2026-04-20T15:30:24.191302955Z,2026-04-20T15:30:23.898985499Z,1,1,42372969,T,B,0,271.000000000,1,0,12189,162245026,269.000000000,271.000000000,50,20,4,3,ESM6 C7000
2026-04-20T15:30:38.125546083Z,2026-04-20T15:30:38.058387035Z,1,1,42760624,T,B,0,101.000000000,2,0,11514,162420034,100.500000000,101.000000000,85,2,4,1,ESM6 P6875
2026-04-20T15:30:38.391717911Z,2026-04-20T15:30:38.282194653Z,1,1,42760624,T,B,0,101.000000000,2,0,18127,162425018,100.500000000,101.000000000,87,2,5,1,ESM6 P6875
2026-04-20T15:32:17.188978455Z,2026-04-20T15:32:17.180826537Z,1,1,42611781,T,A,0,27.000000000,4,0,16573,163431131,27.000000000,27.500000000,100,115,4,7,ESM6 C7550
2026-04-20T15:32:17.366220571Z,2026-04-20T15:32:17.361825915Z,1,1,42611781,T,A,0,27.000000000,4,0,13987,163432683,27.000000000,27.500000000,107,115,4,7,ESM6 C7550
2026-04-20T15:32:17.404879616Z,2026-04-20T15:32:17.378408901Z,1,1,42611781,T,A,0,27.000000000,4,0,12027,163433523,27.000000000,27.500000000,103,115,4,7,ESM6 C7550
2026-04-20T15:32:17.432882276Z,2026-04-20T15:32:17.420828159Z,1,1,42611781,T,A,0,27.000000000,4,0,12487,163434144,27.000000000,27.500000000,99,115,4,7,ESM6 C7550
2026-04-20T15:32:17.470040305Z,2026-04-20T15:32:17.468241245Z,1,1,42611781,T,A,0,27.000000000,4,0,19365,163434669,27.000000000,27.500000000,95,115,4,7,ESM6 C7550
2026-04-20T15:32:17.980250508Z,2026-04-20T15:32:17.979703959Z,1,1,42611781,T,A,0,27.000000000,4,0,13433,163436441,27.000000000,27.500000000,78,115,4,7,ESM6 C7550
2026-04-20T15:32:18.051313375Z,2026-04-20T15:32:18.050343319Z,1,1,42611781,T,A,0,27.000000000,3,0,14476,163436790,27.000000000,27.500000000,74,115,4,7,ESM6 C7550
2026-04-20T15:32:18.053373754Z,2026-04-20T15:32:18.051187277Z,1,1,42611781,T,A,0,27.000000000,1,0,16010,163436827,27.000000000,27.500000000,69,108,3,6,ESM6 C7550
2026-04-20T15:32:43.488888894Z,2026-04-20T15:32:43.479081653Z,1,1,2502786,T,B,0,41.000000000,4,0,16822,61625005,40.750000000,41.000000000,464,4,5,1,UD:1V: VT 2502786
2026-04-20T15:32:47.504296819Z,2026-04-20T15:32:47.482349647Z,1,1,2519477,T,B,0,31.750000000,1,0,13742,61644757,31.500000000,31.750000000,1420,1,8,1,UD:1V: VT 2519477
2026-04-20T15:33:32.421649348Z,2026-04-20T15:33:32.414460301Z,1,1,42404367,T,A,0,25.500000000,3,0,14039,164100951,25.500000000,25.750000000,64,104,5,5,ESM6 P6100
2026-04-20T15:33:33.223787503Z,2026-04-20T15:33:33.223241383Z,1,1,2519520,T,B,0,30.000000000,1,0,23666,61822833,29.500000000,30.000000000,463,464,4,4,UD:1V: VT 2519520
2026-04-20T15:34:06.259371174Z,2026-04-20T15:34:06.258510063Z,1,1,2517271,T,A,0,-48.000000000,1,0,16297,61923578,-48.000000000,-47.000000000,1,18,1,2,UD:1V: GN 2517271
2026-04-20T15:34:09.412398985Z,2026-04-20T15:34:08.375212031Z,1,1,2694033,T,B,0,20.000000000,4,0,14140,61942677,19.700000000,20.000000000,1400,4,7,1,UD:1V: VT 2694033
2026-04-20T15:34:10.667751739Z,2026-04-20T15:34:08.606029715Z,1,1,42883306,T,B,0,174.500000000,3,0,13479,164393805,,174.500000000,0,3,0,1,ESM6 P7125
2026-04-20T15:34:10.692660387Z,2026-04-20T15:34:08.614815877Z,1,1,2655176,T,A,0,46.500000000,1,0,13669,61953247,46.500000000,,1,0,1,0,UD:1V: VT 2655176
2026-04-20T15:34:16.091630475Z,2026-04-20T15:34:15.411663853Z,1,1,2691850,T,A,0,27.750000000,1,0,15378,62000203,27.750000000,28.000000000,4,649,1,5,UD:1V: VT 2691850
2026-04-20T15:34:17.704872666Z,2026-04-20T15:34:16.808710269Z,1,1,42629927,T,B,0,23.750000000,1,0,13920,164510112,23.250000000,23.750000000,236,37,7,2,ESM6 P6040
2026-04-20T15:34:30.965218262Z,2026-04-20T15:34:30.964651715Z,1,1,2691850,T,A,0,27.750000000,1,0,13971,62097151,27.750000000,28.000000000,282,1452,3,10,UD:1V: VT 2691850
2026-04-20T15:35:34.515464558Z,2026-04-20T15:35:34.514874409Z,1,1,2691850,T,B,0,27.750000000,1,0,13337,62392215,27.500000000,27.750000000,1007,1,9,1,UD:1V: VT 2691850
2026-04-20T15:35:37.816751297Z,2026-04-20T15:35:37.732628891Z,1,1,42919948,T,A,0,20.000000000,2,0,13490,165324734,20.000000000,20.250000000,2,288,1,8,ESM6 P5925
2026-04-20T15:35:52.145046239Z,2026-04-20T15:35:52.142961789Z,1,1,42372949,T,B,0,423.000000000,1,0,14369,165441229,422.500000000,423.000000000,1,1,1,1,ESM6 C6800
2026-04-20T15:36:11.141965197Z,2026-04-20T15:36:10.782722563Z,1,1,42413473,T,B,0,92.250000000,1,0,15827,165586678,91.750000000,92.250000000,35,1,2,1,ESU6 P6150
2026-04-20T15:36:28.231310865Z,2026-04-20T15:36:28.165853263Z,1,1,42394812,T,A,0,88.750000000,1,0,14863,165754689,88.750000000,89.250000000,7,131,3,8,ESM6 P6800
2026-04-20T15:36:28.332396188Z,2026-04-20T15:36:28.296953969Z,1,1,42394812,T,A,0,88.750000000,1,0,14230,165756960,88.750000000,89.250000000,4,144,2,10,ESM6 P6800
2026-04-20T15:36:28.345444923Z,2026-04-20T15:36:28.343633567Z,1,1,42372949,T,B,0,421.500000000,1,0,14185,165757368,421.000000000,421.500000000,6,1,2,1,ESM6 C6800
2026-04-20T15:36:33.626096870Z,2026-04-20T15:36:33.552021719Z,1,1,42330564,T,B,0,137.000000000,99,0,16633,165810765,136.500000000,137.000000000,127,99,4,1,ESZ6 C7800
2026-04-20T15:36:35.086946580Z,2026-04-20T15:36:35.036044913Z,1,1,42510079,T,B,0,75.500000000,1,0,14590,165830959,75.250000000,75.500000000,121,300,7,1,ESM6 C7350
2026-04-20T15:36:38.193238958Z,2026-04-20T15:36:38.116356273Z,1,1,42394812,T,A,0,88.750000000,1,0,15986,165858660,88.750000000,89.250000000,3,129,2,7,ESM6 P6800
2026-04-20T15:36:38.327474063Z,2026-04-20T15:36:38.325112823Z,1,1,42394812,T,A,0,88.750000000,1,0,14938,165861609,88.750000000,89.250000000,2,129,2,7,ESM6 P6800
2026-04-20T15:36:38.358825374Z,2026-04-20T15:36:38.339290821Z,1,1,42394812,T,A,0,88.750000000,1,0,14157,165862177,88.750000000,89.250000000,1,129,1,7,ESM6 P6800
2026-04-20T15:36:39.079176811Z,2026-04-20T15:36:39.041823379Z,1,1,42510079,T,A,0,75.250000000,117,0,17649,165868712,75.250000000,75.750000000,117,2,8,1,ESM6 C7350
2026-04-20T15:36:39.137758896Z,2026-04-20T15:36:39.079064671Z,1,1,42510079,T,B,0,75.250000000,182,0,12481,165869886,75.000000000,75.250000000,56,182,2,1,ESM6 C7350
2026-04-20T15:36:42.576706091Z,2026-04-20T15:36:42.514893109Z,1,1,2686676,T,A,0,38.000000000,4,0,11574,62664683,38.000000000,38.250000000,4,722,1,6,UD:1V: VT 2686676
2026-04-20T15:36:46.648845528Z,2026-04-20T15:36:46.315718075Z,1,1,2519420,T,B,0,36.500000000,4,0,11736,62684432,36.250000000,36.500000000,299,4,6,1,UD:1V: VT 2519420
2026-04-20T15:36:52.945534890Z,2026-04-20T15:36:52.766276645Z,1,1,42404370,T,A,0,42.500000000,2,0,13442,166030240,42.500000000,42.750000000,2,65,1,8,ESM6 P6400
2026-04-20T15:37:51.637277220Z,2026-04-20T15:37:51.209308571Z,1,1,2691850,T,B,0,27.750000000,1,0,12190,62957006,27.500000000,27.750000000,1035,1,9,1,UD:1V: VT 2691850
2026-04-20T15:38:08.851855447Z,2026-04-20T15:38:08.838536731Z,1,1,2519646,T,B,0,-0.750000000,1,0,15462,63045271,-1.300000000,-0.750000000,2,2,1,1,UD:1V: 12 2519646
2026-04-20T15:38:22.613068132Z,2026-04-20T15:38:22.477619433Z,1,1,42366511,T,B,0,20.000000000,6,0,11491,166838242,19.800000000,20.000000000,55,6,2,2,ESM6 C7600
2026-04-20T15:38:25.572404423Z,2026-04-20T15:38:25.568622875Z,1,1,42627610,T,B,0,14.900000000,3,0,17448,166864571,14.700000000,14.900000000,104,3,6,1,ESM6 C7650
2026-04-20T15:38:26.429724460Z,2026-04-20T15:38:26.308279199Z,1,1,42399646,T,B,0,11.100000000,24,0,18699,166869285,10.900000000,11.100000000,70,24,4,2,ESM6 C7700
2026-04-20T15:39:16.604185465Z,2026-04-20T15:39:16.558571391Z,1,1,2519668,T,A,0,5.000000000,1,0,13559,63300618,5.000000000,5.100000000,1,3262,1,10,UD:1V: VT 2519668
2026-04-20T15:39:26.990323214Z,2026-04-20T15:39:26.973073671Z,1,1,2519683,T,A,0,2.650000000,3,0,14812,63345906,2.650000000,2.750000000,2077,345,6,2,UD:1V: VT 2519683
2026-04-20T15:40:02.539183425Z,2026-04-20T15:40:02.123580841Z,1,1,42836584,T,A,0,139.500000000,3,0,13569,167588070,139.500000000,140.000000000,3,57,1,6,ESM6 P7025
2026-04-20T15:40:11.297515792Z,2026-04-20T15:40:11.295700555Z,1,1,2519665,T,A,0,8.700000000,1,0,14144,63504062,8.700000000,8.800000000,489,245,4,3,UD:1V: VT 2519665
2026-04-20T15:40:12.456115573Z,2026-04-20T15:40:12.412705437Z,1,1,42399706,T,B,0,72.750000000,2,0,14292,167678907,72.500000000,72.750000000,18,2,4,1,ESM6 P6700
2026-04-20T15:40:16.005266286Z,2026-04-20T15:40:15.967026339Z,1,1,42378450,T,B,0,28.000000000,1,0,13897,167716153,27.500000000,28.000000000,163,211,7,6,ESM6 P6150
2026-04-20T15:40:40.493425377Z,2026-04-20T15:40:40.492919165Z,1,1,42384872,T,B,0,79.750000000,1,0,13814,167912047,79.500000000,79.750000000,113,1,6,1,ESM6 P6750
2026-04-20T15:41:19.967979618Z,2026-04-20T15:41:19.820548487Z,1,1,42300184,T,B,0,96.500000000,1,0,14615,168271419,96.250000000,96.500000000,8,1,3,1,ESM6 P6850
2026-04-20T15:41:30.313132042Z,2026-04-20T15:41:30.312598801Z,1,1,42413473,T,B,0,91.500000000,1,0,13492,168345067,91.000000000,91.500000000,159,1,4,1,ESU6 P6150
2026-04-20T15:41:54.447033517Z,2026-04-20T15:41:54.446502045Z,1,1,42399706,T,A,0,72.250000000,1,0,15281,168517031,72.250000000,72.500000000,1,164,1,9,ESM6 P6700
2026-04-20T15:42:26.204294178Z,2026-04-20T15:42:26.203713467Z,1,1,42330564,T,A,0,138.500000000,1,0,14035,168756502,138.500000000,139.000000000,99,143,1,6,ESZ6 C7800
2026-04-20T15:42:26.204513391Z,2026-04-20T15:42:26.203713645Z,1,1,42330564,T,A,0,138.500000000,31,0,11556,168756504,138.500000000,139.000000000,98,143,1,6,ESZ6 C7800
2026-04-20T15:42:26.204543534Z,2026-04-20T15:42:26.203751561Z,1,1,42330564,T,A,0,138.500000000,39,0,11739,168756505,138.500000000,139.000000000,67,143,1,6,ESZ6 C7800
2026-04-20T15:42:26.204804987Z,2026-04-20T15:42:26.203754825Z,1,1,42330564,T,A,0,138.500000000,28,0,16327,168756506,138.500000000,139.000000000,28,143,1,6,ESZ6 C7800
2026-04-20T15:42:48.622268521Z,2026-04-20T15:42:48.621736257Z,1,1,42510079,T,A,0,76.250000000,19,0,13029,168900126,76.250000000,76.500000000,100,50,1,6,ESM6 C7350
2026-04-20T15:42:49.648278990Z,2026-04-20T15:42:49.616899157Z,1,1,42510079,T,B,0,76.500000000,41,0,17053,168907791,76.000000000,76.500000000,41,41,6,5,ESM6 C7350
2026-04-20T15:42:49.700223727Z,2026-04-20T15:42:49.648180593Z,1,1,42510079,T,A,0,76.500000000,9,0,13153,168908815,76.500000000,76.750000000,40,107,1,9,ESM6 C7350
2026-04-20T15:42:49.700322948Z,2026-04-20T15:42:49.648249901Z,1,1,42510079,T,A,0,76.500000000,31,0,11645,168908817,76.500000000,76.750000000,31,107,1,9,ESM6 C7350
2026-04-20T15:43:07.024632636Z,2026-04-20T15:43:06.946030235Z,1,1,42429258,T,B,0,70.000000000,98,0,13136,169042425,69.750000000,70.000000000,65,98,3,1,ESU6 P5900
2026-04-20T15:43:22.403271495Z,2026-04-20T15:43:22.304464161Z,1,1,42429065,T,A,0,119.000000000,21,0,13521,169142826,119.000000000,119.500000000,50,141,1,9,ESM6 P6950
2026-04-20T15:43:22.427781148Z,2026-04-20T15:43:22.307945611Z,1,1,42429065,T,A,0,119.000000000,23,0,14027,169143267,119.000000000,119.500000000,29,141,1,9,ESM6 P6950
2026-04-20T15:43:22.428286985Z,2026-04-20T15:43:22.308067777Z,1,1,42429065,T,A,0,119.000000000,1,0,11764,169143274,119.000000000,119.500000000,6,141,1,9,ESM6 P6950
2026-04-20T15:43:22.459009529Z,2026-04-20T15:43:22.314411173Z,1,1,42429065,T,A,0,119.000000000,1,0,11473,169143880,119.000000000,119.500000000,5,141,1,9,ESM6 P6950
2026-04-20T15:43:22.460039326Z,2026-04-20T15:43:22.315004237Z,1,1,42429065,T,A,0,119.000000000,1,0,11567,169143893,119.000000000,119.500000000,4,141,1,9,ESM6 P6950
2026-04-20T15:43:22.477030036Z,2026-04-20T15:43:22.317884847Z,1,1,42429065,T,A,0,119.000000000,1,0,12033,169144255,119.000000000,119.500000000,3,141,1,9,ESM6 P6950
2026-04-20T15:43:22.481421596Z,2026-04-20T15:43:22.321379679Z,1,1,42429065,T,A,0,119.000000000,2,0,11256,169144296,119.000000000,119.500000000,2,141,1,9,ESM6 P6950
2026-04-20T15:43:55.400419380Z,2026-04-20T15:43:55.381059789Z,1,1,42478360,T,B,0,326.000000000,1,0,14286,169389856,325.500000000,326.000000000,8,1,3,1,ESU6 C7150
2026-04-20T15:44:01.056380555Z,2026-04-20T15:44:00.781495985Z,1,1,2519394,T,A,0,-17.400000000,1,0,14510,64333251,-17.400000000,-17.200000000,1,8,1,2,UD:1V: GN 2519394
2026-04-20T15:44:06.547426427Z,2026-04-20T15:44:06.199284769Z,1,1,2516905,T,A,0,69.500000000,25,0,12993,64373311,69.500000000,70.000000000,100,64,1,2,UD:1V:C3W 2516905
2026-04-20T15:45:02.658859891Z,2026-04-20T15:45:02.658007387Z,1,1,42413515,T,A,0,143.500000000,2,0,16304,169904313,143.500000000,144.000000000,2,75,1,6,ESU6 C7500
2026-04-20T15:45:03.278258979Z,2026-04-20T15:45:03.246680827Z,1,1,2655176,T,A,0,46.500000000,4,0,17300,64568983,46.500000000,46.750000000,4,749,1,7,UD:1V: VT 2655176
2026-04-20T15:45:10.379512412Z,2026-04-20T15:45:10.150191675Z,1,1,2508655,T,B,0,5.200000000,1,0,14280,64613844,5.100000000,5.200000000,197,1528,2,7,UD:1V: VT 2508655
2026-04-20T15:45:11.460581724Z,2026-04-20T15:45:11.459989713Z,1,1,42532466,T,B,0,20.000000000,75,0,13083,170008002,19.700000000,20.000000000,138,75,2,1,ESH7 C9000
2026-04-20T15:45:14.037126079Z,2026-04-20T15:45:13.672339063Z,1,1,2516905,T,A,0,69.500000000,10,0,11790,64634039,69.500000000,69.750000000,75,176,1,4,UD:1V:C3W 2516905
2026-04-20T15:45:24.288066089Z,2026-04-20T15:45:24.132185457Z,1,1,2519420,T,B,0,36.500000000,4,0,14226,64676774,36.250000000,36.500000000,581,4,6,1,UD:1V: VT 2519420
2026-04-20T15:45:56.449808398Z,2026-04-20T15:45:56.368188989Z,1,1,42404374,T,B,0,133.000000000,1,0,11802,170406609,132.500000000,133.000000000,27,1,6,1,ESM6 P7000
2026-04-20T15:46:02.644188300Z,2026-04-20T15:46:02.643528993Z,1,1,42441336,T,A,0,124.000000000,1,0,15686,170449118,124.000000000,125.000000000,102,6,7,1,ESU6 C7550
2026-04-20T15:46:28.796098227Z,2026-04-20T15:46:28.795673213Z,1,1,2519668,T,A,0,5.000000000,1,0,13002,64927113,5.000000000,5.100000000,1,3117,1,10,UD:1V: VT 2519668
2026-04-20T15:47:20.601590831Z,2026-04-20T15:47:20.539751619Z,1,1,42439497,T,A,0,20.250000000,25,0,13477,171010580,20.250000000,20.500000000,25,424,1,5,ESU6 P4550
2026-04-20T15:47:22.409285775Z,2026-04-20T15:47:22.408702801Z,1,1,2686884,T,A,0,25.750000000,5,0,14170,65113807,25.750000000,26.000000000,5,237,1,2,UD:1V: BO 2686884
2026-04-20T15:47:25.207549748Z,2026-04-20T15:47:25.044500785Z,1,1,42384725,T,B,0,60.000000000,1,0,12101,171058540,59.750000000,60.000000000,76,1,7,1,ESM6 C7400
2026-04-20T15:47:25.337626188Z,2026-04-20T15:47:25.069740039Z,1,1,2686884,T,A,0,25.750000000,5,0,14124,65125648,25.750000000,26.000000000,5,405,1,5,UD:1V: BO 2686884
2026-04-20T15:47:31.155835339Z,2026-04-20T15:47:31.155463637Z,1,1,42439497,T,A,0,20.250000000,25,0,18387,171108494,20.250000000,20.500000000,25,562,1,8,ESU6 P4550
2026-04-20T15:47:32.675888643Z,2026-04-20T15:47:32.675375927Z,1,1,42399646,T,B,0,11.200000000,1,0,14242,171113976,10.900000000,11.200000000,207,22,7,3,ESM6 C7700
2026-04-20T15:47:50.130144758Z,2026-04-20T15:47:50.127762109Z,1,1,42366511,T,B,0,20.250000000,1,0,14908,171239026,20.000000000,20.250000000,10,85,3,6,ESM6 C7600
2026-04-20T15:48:00.678983787Z,2026-04-20T15:48:00.678427583Z,1,1,2511626,T,A,0,99.500000000,25,0,13720,65249641,99.500000000,99.750000000,25,214,1,1,UD:1V: VT 2511626
2026-04-20T15:48:04.740520915Z,2026-04-20T15:48:04.739680277Z,1,1,2511626,T,A,0,99.500000000,25,0,14645,65259589,99.500000000,99.750000000,25,214,1,1,UD:1V: VT 2511626
2026-04-20T15:48:17.714472001Z,2026-04-20T15:48:17.713898173Z,1,1,2511626,T,A,0,99.500000000,25,0,13985,65306413,99.500000000,99.750000000,25,214,1,1,UD:1V: VT 2511626
2026-04-20T15:48:21.129880341Z,2026-04-20T15:48:21.129327413Z,1,1,2511626,T,A,0,99.500000000,25,0,14966,65318262,99.500000000,99.750000000,25,214,1,1,UD:1V: VT 2511626
2026-04-20T15:48:42.089418531Z,2026-04-20T15:48:42.083736143Z,1,1,42439497,T,A,0,20.250000000,25,0,14693,171595390,20.250000000,20.500000000,25,464,1,7,ESU6 P4550
2026-04-20T15:48:46.352620013Z,2026-04-20T15:48:46.352254665Z,1,1,42439497,T,A,0,20.250000000,25,0,14346,171627932,20.250000000,20.500000000,25,557,1,8,ESU6 P4550
2026-04-20T15:48:58.733930424Z,2026-04-20T15:48:58.628270947Z,1,1,42384731,T,A,0,257.000000000,2,0,12084,171762245,257.000000000,258.000000000,2,22,1,2,ESM6 P7300
2026-04-20T15:49:36.003262996Z,2026-04-20T15:49:35.998066371Z,1,1,2516905,T,A,0,69.500000000,9,0,15658,65581849,69.500000000,69.750000000,65,178,1,4,UD:1V:C3W 2516905
2026-04-20T15:49:38.163730134Z,2026-04-20T15:49:38.128126831Z,1,1,2516905,T,A,0,69.500000000,10,0,11213,65592321,69.500000000,69.750000000,56,178,1,4,UD:1V:C3W 2516905
2026-04-20T15:49:39.119312579Z,2026-04-20T15:49:39.060063405Z,1,1,42438256,T,A,0,40.250000000,1,0,13946,172042526,40.250000000,40.750000000,1,164,1,5,ESZ6 C8300
2026-04-20T15:49:39.208630620Z,2026-04-20T15:49:39.207869145Z,1,1,2655176,T,A,0,46.500000000,2,0,11255,65598170,46.500000000,46.750000000,4,1098,1,10,UD:1V: VT 2655176
2026-04-20T15:49:40.028526788Z,2026-04-20T15:49:40.004615541Z,1,1,2516905,T,A,0,69.500000000,17,0,11332,65602912,69.500000000,69.750000000,46,178,1,4,UD:1V:C3W 2516905
2026-04-20T15:49:44.220954644Z,2026-04-20T15:49:44.106919379Z,1,1,42366523,T,A,0,164.500000000,1,0,14196,172081074,164.500000000,165.000000000,1,90,1,9,ESM6 P7100
2026-04-20T15:49:51.103252191Z,2026-04-20T15:49:51.102898451Z,1,1,300878,T,B,0,184.500000000,1,0,14584,172116288,184.000000000,184.500000000,133,1,3,1,ESZ6 P6400
2026-04-20T15:50:10.083606264Z,2026-04-20T15:50:10.082957235Z,1,1,2516905,T,A,0,69.500000000,29,0,14614,65687815,69.500000000,69.750000000,29,178,1,4,UD:1V:C3W 2516905
2026-04-20T15:50:17.903176363Z,2026-04-20T15:50:17.613283345Z,1,1,2519244,T,B,0,12.800000000,1,0,14401,65723441,12.600000000,12.800000000,64,1,4,1,UD:1V: SG 2519244
2026-04-20T15:50:35.186946819Z,2026-04-20T15:50:35.186452337Z,1,1,42404370,T,B,0,42.500000000,1,0,16216,172458555,42.250000000,42.500000000,190,1,8,1,ESM6 P6400
2026-04-20T15:50:35.585521164Z,2026-04-20T15:50:35.509396307Z,1,1,2513332,T,A,0,44.500000000,1,0,13688,65792648,44.500000000,44.750000000,4,983,1,7,UD:1V: VT 2513332
2026-04-20T15:51:16.377252770Z,2026-04-20T15:51:16.077778825Z,1,1,42378592,T,B,0,51.000000000,2,0,11286,172803526,50.750000000,51.000000000,32,2,2,2,ESM6 P6500
2026-04-20T15:51:18.427625327Z,2026-04-20T15:51:18.121793249Z,1,1,2693264,T,A,0,30.250000000,4,0,12472,65974560,30.250000000,30.500000000,4,1247,1,8,UD:1V: VT 2693264
2026-04-20T15:51:26.200094921Z,2026-04-20T15:51:26.056107691Z,1,1,2685867,T,A,0,35.250000000,4,0,14877,66016849,35.250000000,35.500000000,4,453,1,6,UD:1V: VT 2685867
2026-04-20T15:52:02.464418830Z,2026-04-20T15:52:02.259556941Z,1,1,42883306,T,A,0,174.500000000,3,0,14986,173250118,174.500000000,175.000000000,3,90,1,6,ESM6 P7125
2026-04-20T15:52:44.257639255Z,2026-04-20T15:52:44.255596355Z,1,1,2519420,T,B,0,36.500000000,4,0,13975,66304356,36.250000000,36.500000000,810,4,9,1,UD:1V: VT 2519420
2026-04-20T15:52:45.827338409Z,2026-04-20T15:52:45.800771639Z,1,1,42372981,T,B,0,2.500000000,64,0,16639,173548927,2.450000000,2.500000000,40,64,1,4,ESM6 C8000
2026-04-20T15:52:45.874255252Z,2026-04-20T15:52:45.873778377Z,1,1,42372981,T,A,0,2.500000000,63,0,14320,173550136,2.500000000,2.550000000,16,79,1,2,ESM6 C8000
2026-04-20T15:52:45.874701283Z,2026-04-20T15:52:45.874224719Z,1,1,42372981,T,A,0,2.500000000,56,0,11217,173550139,2.500000000,2.550000000,33,79,1,2,ESM6 C8000
2026-04-20T15:52:45.882235451Z,2026-04-20T15:52:45.879185601Z,1,1,42372981,T,A,0,2.500000000,1,0,12828,173550164,2.500000000,2.550000000,17,111,1,3,ESM6 C8000
2026-04-20T15:52:55.922326561Z,2026-04-20T15:52:55.921789181Z,1,1,42372981,T,A,0,2.500000000,38,0,13221,173607710,2.500000000,2.550000000,16,154,1,4,ESM6 C8000
2026-04-20T15:52:55.922797206Z,2026-04-20T15:52:55.922368573Z,1,1,42372981,T,A,0,2.500000000,25,0,14116,173607712,2.500000000,2.550000000,18,154,1,4,ESM6 C8000
2026-04-20T15:52:56.102219187Z,2026-04-20T15:52:56.053966575Z,1,1,42372981,T,A,0,2.500000000,45,0,14831,173610148,2.500000000,2.550000000,33,182,1,5,ESM6 C8000
2026-04-20T15:52:58.547990105Z,2026-04-20T15:52:58.390884381Z,1,1,2513332,T,A,0,44.500000000,4,0,21261,66341876,44.500000000,44.750000000,4,919,1,8,UD:1V: VT 2513332
2026-04-20T15:53:03.765695964Z,2026-04-20T15:53:03.536305003Z,1,1,2676272,T,A,0,154.500000000,68,0,17848,66376145,154.500000000,155.000000000,69,64,1,1,UD:1V: VT 2676272
2026-04-20T15:53:03.767545195Z,2026-04-20T15:53:03.536304825Z,1,1,42404374,T,B,0,133.500000000,5,0,12686,173690932,133.000000000,133.500000000,38,5,4,1,ESM6 P7000
2026-04-20T15:53:07.509305831Z,2026-04-20T15:53:07.021235263Z,1,1,42372981,T,A,0,2.500000000,40,0,13447,173749612,2.500000000,2.550000000,28,164,1,5,ESM6 C8000
2026-04-20T15:53:07.871735655Z,2026-04-20T15:53:07.509351265Z,1,1,42372981,T,A,0,2.500000000,22,0,13893,173756429,2.500000000,2.550000000,28,164,1,5,ESM6 C8000
2026-04-20T15:53:12.932401812Z,2026-04-20T15:53:12.859557143Z,1,1,42394754,T,A,0,30.250000000,14,0,13501,173819786,30.250000000,30.500000000,14,129,1,6,ESM6 P6200
2026-04-20T15:53:15.334598873Z,2026-04-20T15:53:14.898930893Z,1,1,42372949,T,B,0,421.000000000,1,0,14144,173844551,420.000000000,421.000000000,29,1,3,1,ESM6 C6800
2026-04-20T15:53:18.609878748Z,2026-04-20T15:53:18.574933419Z,1,1,42853788,T,A,0,37.000000000,4,0,13540,173893219,37.000000000,37.250000000,4,74,1,2,ESM6 P6325
2026-04-20T15:53:19.769925700Z,2026-04-20T15:53:19.756878007Z,1,1,42378450,T,A,0,27.750000000,33,0,15496,173903161,27.750000000,28.000000000,33,59,3,3,ESM6 P6150
2026-04-20T15:53:19.783425035Z,2026-04-20T15:53:19.782929675Z,1,1,42378450,T,A,0,27.750000000,3,0,12452,173903498,27.750000000,28.000000000,10,61,1,3,ESM6 P6150
2026-04-20T15:53:19.784377478Z,2026-04-20T15:53:19.783567165Z,1,1,42378450,T,A,0,27.750000000,7,0,12448,173903504,27.750000000,28.000000000,7,61,1,3,ESM6 P6150
2026-04-20T15:53:21.167103332Z,2026-04-20T15:53:21.138900041Z,1,1,42366510,T,A,0,199.000000000,4,0,14877,173911648,199.000000000,200.000000000,6,100,2,8,ESM6 C7100
2026-04-20T15:53:28.608582289Z,2026-04-20T15:53:28.608063667Z,1,1,42510079,T,B,0,75.250000000,24,0,13923,173953479,75.000000000,75.250000000,106,199,9,1,ESM6 C7350
2026-04-20T15:53:29.424128764Z,2026-04-20T15:53:29.389672125Z,1,1,42510079,T,B,0,75.250000000,22,0,13288,173956240,75.000000000,75.250000000,106,175,9,1,ESM6 C7350
2026-04-20T15:53:29.476889666Z,2026-04-20T15:53:29.402899243Z,1,1,42510079,T,B,0,75.250000000,1,0,13275,173957335,75.000000000,75.250000000,149,153,10,1,ESM6 C7350
2026-04-20T15:53:34.113921975Z,2026-04-20T15:53:33.951700441Z,1,1,42510079,T,B,0,75.250000000,116,0,11376,173990068,75.000000000,75.250000000,89,152,5,1,ESM6 C7350
2026-04-20T15:53:38.631073616Z,2026-04-20T15:53:38.630582693Z,1,1,42330564,T,B,0,137.000000000,25,0,20707,174020428,136.500000000,137.000000000,66,99,3,1,ESZ6 C7800
2026-04-20T15:53:38.638681468Z,2026-04-20T15:53:38.638249205Z,1,1,42330564,T,B,0,137.000000000,25,0,13768,174020468,136.500000000,137.000000000,66,74,3,1,ESZ6 C7800
2026-04-20T15:53:43.249632607Z,2026-04-20T15:53:43.128619313Z,1,1,42330564,T,A,0,136.500000000,17,0,15183,174051141,136.500000000,137.500000000,17,43,1,2,ESZ6 C7800
2026-04-20T15:53:43.304303639Z,2026-04-20T15:53:43.249595719Z,1,1,42330564,T,B,0,136.500000000,32,0,12769,174052573,136.000000000,136.500000000,95,32,3,1,ESZ6 C7800
2026-04-20T15:53:44.491196052Z,2026-04-20T15:53:44.489563873Z,1,1,2691991,T,A,0,0.950000000,18,0,16659,66558228,0.950000000,2.200000000,18,18,1,1,UD:1V: 13 2691991
2026-04-20T15:53:46.146274406Z,2026-04-20T15:53:46.125266383Z,1,1,42510079,T,A,0,75.000000000,9,0,19055,174070214,75.000000000,75.500000000,9,82,4,6,ESM6 C7350
2026-04-20T15:53:46.184833035Z,2026-04-20T15:53:46.146195779Z,1,1,42510079,T,B,0,75.000000000,27,0,14159,174070989,74.750000000,75.000000000,155,27,7,1,ESM6 C7350
2026-04-20T15:55:00.312322011Z,2026-04-20T15:55:00.311773527Z,1,1,2518965,T,A,0,63.000000000,1,0,14826,66766394,63.000000000,63.250000000,1,89,1,4,UD:1V: BO 2518965
2026-04-20T15:55:09.042214387Z,2026-04-20T15:55:08.716876045Z,1,1,42499829,T,B,0,169.500000000,1,0,11324,174594945,169.000000000,169.500000000,72,3,6,1,ESM6 C7150
2026-04-20T15:55:09.929012209Z,2026-04-20T15:55:09.820731135Z,1,1,42499829,T,B,0,169.500000000,1,0,11270,174607107,169.000000000,169.500000000,51,2,5,1,ESM6 C7150
2026-04-20T15:55:09.954006539Z,2026-04-20T15:55:09.821563805Z,1,1,42499829,T,B,0,169.500000000,1,0,13353,174607591,169.000000000,169.500000000,51,1,5,1,ESM6 C7150
2026-04-20T15:55:21.977652836Z,2026-04-20T15:55:21.972977699Z,1,1,42404374,T,B,0,132.000000000,10,0,13207,174681086,131.500000000,132.000000000,130,10,7,1,ESM6 P7000
2026-04-20T15:55:22.361601825Z,2026-04-20T15:55:22.354182169Z,1,1,2504345,T,B,0,59.500000000,50,0,16468,66843675,59.000000000,59.500000000,219,110,6,2,UD:1V: VT 2504345
2026-04-20T15:55:38.096833982Z,2026-04-20T15:55:38.096460075Z,1,1,42560560,T,B,0,491.000000000,25,0,16021,174805781,490.000000000,491.000000000,56,25,3,1,ESH7 P7350
2026-04-20T15:55:45.959517063Z,2026-04-20T15:55:45.937100295Z,1,1,42372981,T,A,0,2.500000000,7,0,13873,174850135,2.500000000,2.550000000,6,136,1,3,ESM6 C8000
2026-04-20T15:55:48.130712716Z,2026-04-20T15:55:48.130337899Z,1,1,42560560,T,B,0,490.500000000,25,0,14106,174879166,489.500000000,490.500000000,59,25,3,1,ESH7 P7350
2026-04-20T15:55:50.452691069Z,2026-04-20T15:55:50.365896619Z,1,1,42378618,T,B,0,107.000000000,3,0,13896,174895060,106.500000000,107.000000000,147,5,7,1,ESM6 P6900
2026-04-20T15:55:50.467007918Z,2026-04-20T15:55:50.373590655Z,1,1,42378618,T,B,0,107.000000000,2,0,14224,174895337,106.500000000,107.000000000,147,2,7,1,ESM6 P6900
2026-04-20T15:56:13.177570483Z,2026-04-20T15:56:13.065548075Z,1,1,42394812,T,B,0,87.750000000,10,0,11391,175038918,87.500000000,87.750000000,85,10,7,1,ESM6 P6800
2026-04-20T15:56:14.197739169Z,2026-04-20T15:56:14.195078449Z,1,1,42394812,T,A,0,87.500000000,10,0,17406,175048358,87.500000000,88.000000000,85,57,7,5,ESM6 P6800
2026-04-20T15:56:54.058057928Z,2026-04-20T15:56:54.021821721Z,1,1,42378618,T,B,0,107.000000000,6,0,15770,175257877,106.500000000,107.000000000,148,10,8,1,ESM6 P6900
2026-04-20T15:56:54.104293937Z,2026-04-20T15:56:54.098510175Z,1,1,42378618,T,B,0,107.000000000,3,0,13223,175258739,106.500000000,107.000000000,148,4,8,1,ESM6 P6900
2026-04-20T15:56:54.315405326Z,2026-04-20T15:56:54.312122835Z,1,1,42378618,T,B,0,107.000000000,1,0,13663,175259930,106.500000000,107.000000000,148,1,8,1,ESM6 P6900
2026-04-20T15:57:13.241114337Z,2026-04-20T15:57:13.179557615Z,1,1,2519420,T,B,0,36.250000000,4,0,14129,67155710,36.000000000,36.250000000,585,4,7,1,UD:1V: VT 2519420
2026-04-20T15:57:22.828301385Z,2026-04-20T15:57:22.817531831Z,1,1,42536155,T,A,0,69.750000000,100,0,17421,175437046,69.750000000,70.500000000,124,69,2,2,ESH7 C8400
2026-04-20T15:57:37.801467593Z,2026-04-20T15:57:37.801110541Z,1,1,42536155,T,B,0,69.750000000,50,0,17108,175524725,69.500000000,69.750000000,303,50,3,1,ESH7 C8400
2026-04-20T15:57:41.723013615Z,2026-04-20T15:57:41.478446267Z,1,1,42446245,T,B,0,147.000000000,12,0,11714,175548663,146.500000000,147.000000000,21,12,3,1,ESM6 P7050
2026-04-20T15:58:17.160158345Z,2026-04-20T15:58:17.133438533Z,1,1,2655176,T,A,0,46.500000000,4,0,17960,67333506,46.500000000,46.750000000,4,1308,1,10,UD:1V: VT 2655176
2026-04-20T15:59:11.362615537Z,2026-04-20T15:59:11.355751149Z,1,1,42497586,T,A,0,624.000000000,8,0,19786,176043541,624.000000000,626.500000000,8,26,1,2,ESH7 P7650
2026-04-20T15:59:15.596050555Z,2026-04-20T15:59:15.595669713Z,1,1,42497586,T,B,0,624.000000000,25,0,17151,176068493,623.500000000,624.000000000,26,25,2,1,ESH7 P7650
2026-04-20T15:59:24.274422361Z,2026-04-20T15:59:24.274172171Z,1,1,42497586,T,B,0,624.000000000,25,0,13462,176105943,623.500000000,624.000000000,26,25,2,1,ESH7 P7650
2026-04-20T15:59:42.753707404Z,2026-04-20T15:59:42.751928693Z,1,1,42394812,T,A,0,87.750000000,1,0,13857,176201743,87.750000000,88.000000000,1,54,1,7,ESM6 P6800
2026-04-20T16:00:03.330679783Z,2026-04-20T16:00:03.294426843Z,1,1,2655176,T,A,0,46.500000000,4,0,14885,67599068,46.500000000,46.750000000,4,1308,1,10,UD:1V: VT 2655176
2026-04-20T16:00:08.662073539Z,2026-04-20T16:00:08.115902797Z,1,1,42372981,T,A,0,2.500000000,32,0,16531,176381392,2.500000000,2.550000000,39,143,1,5,ESM6 C8000
2026-04-20T16:00:08.717297060Z,2026-04-20T16:00:08.158446675Z,1,1,42372981,T,A,0,2.500000000,3,0,11460,176382363,2.500000000,2.550000000,7,143,1,5,ESM6 C8000
2026-04-20T16:00:08.789613583Z,2026-04-20T16:00:08.183742587Z,1,1,42372981,T,A,0,2.500000000,1,0,13728,176383593,2.500000000,2.550000000,4,143,1,5,ESM6 C8000
2026-04-20T16:00:09.042437590Z,2026-04-20T16:00:08.662027657Z,1,1,42372981,T,A,0,2.500000000,3,0,13419,176389405,2.500000000,2.550000000,3,143,1,5,ESM6 C8000
2026-04-20T16:00:36.999059371Z,2026-04-20T16:00:36.690786661Z,1,1,42836583,T,A,0,31.000000000,18,0,13965,176581910,31.000000000,31.250000000,18,303,2,7,ESM6 P6225
2026-04-20T16:00:39.325695878Z,2026-04-20T16:00:39.325138133Z,1,1,2513332,T,A,0,44.750000000,4,0,13944,67730485,44.750000000,45.000000000,4,754,1,8,UD:1V: VT 2513332
2026-04-20T16:00:42.457401113Z,2026-04-20T16:00:42.456737627Z,1,1,2513332,T,A,0,44.750000000,4,0,14277,67736755,44.750000000,45.000000000,4,1203,1,11,UD:1V: VT 2513332
2026-04-20T16:01:20.606987994Z,2026-04-20T16:01:20.599715559Z,1,1,42378592,T,A,0,50.250000000,1,0,16532,176983024,50.250000000,50.500000000,1,96,1,7,ESM6 P6500
2026-04-20T16:01:43.244443678Z,2026-04-20T16:01:43.189623361Z,1,1,42836579,T,A,0,16.200000000,2,0,14359,177124326,16.200000000,16.300000000,2,228,1,6,ESM6 P5775
2026-04-20T16:02:57.942449134Z,2026-04-20T16:02:57.906055429Z,1,1,42372949,T,B,0,420.000000000,1,0,13039,177624475,419.000000000,420.000000000,26,1,4,1,ESM6 C6800
2026-04-20T16:03:08.566854993Z,2026-04-20T16:03:08.566276893Z,1,1,42372981,T,A,0,2.450000000,125,0,14400,177710074,2.450000000,2.500000000,125,188,1,6,ESM6 C8000
2026-04-20T16:04:20.139410935Z,2026-04-20T16:04:20.138878261Z,1,1,42372949,T,B,0,418.000000000,1,0,12733,178206233,417.500000000,418.000000000,2,1,2,1,ESM6 C6800
2026-04-20T16:04:38.867424656Z,2026-04-20T16:04:38.336356697Z,1,1,42883306,T,A,0,175.000000000,3,0,14926,178316261,175.000000000,175.500000000,3,35,1,5,ESM6 P7125
2026-04-20T16:04:43.812068989Z,2026-04-20T16:04:43.811777805Z,1,1,42372949,T,B,0,418.500000000,1,0,14137,178350593,418.000000000,418.500000000,33,1,4,1,ESM6 C6800
2026-04-20T16:04:45.031038998Z,2026-04-20T16:04:45.030511807Z,1,1,42372949,T,A,0,418.500000000,8,0,13149,178356069,418.500000000,419.000000000,13,2,1,2,ESM6 C6800
2026-04-20T16:05:12.260469443Z,2026-04-20T16:05:12.066695621Z,1,1,42372949,T,B,0,418.500000000,1,0,12726,178520641,418.000000000,418.500000000,24,1,2,1,ESM6 C6800
2026-04-20T16:05:14.646771663Z,2026-04-20T16:05:14.424790219Z,1,1,42372949,T,B,0,419.000000000,1,0,14201,178540382,418.000000000,419.000000000,26,2,3,2,ESM6 C6800
2026-04-20T16:05:23.748322974Z,2026-04-20T16:05:23.738043177Z,1,1,42499829,T,A,0,167.000000000,5,0,15292,178632874,167.000000000,167.500000000,20,6,5,2,ESM6 C7150
2026-04-20T16:05:31.012618300Z,2026-04-20T16:05:30.896954195Z,1,1,42499829,T,B,0,167.500000000,3,0,12875,178697348,167.000000000,167.500000000,90,3,8,1,ESM6 C7150
2026-04-20T16:05:33.897027100Z,2026-04-20T16:05:33.896450423Z,1,1,42372969,T,B,0,265.000000000,10,0,12997,178722179,264.500000000,265.000000000,32,10,4,1,ESM6 C7000
2026-04-20T16:05:43.743413315Z,2026-04-20T16:05:43.399263557Z,1,1,42366513,T,A,0,323.000000000,1,0,17574,178813881,323.000000000,324.000000000,1,23,1,2,ESM6 P7400
2026-04-20T16:06:08.131613636Z,2026-04-20T16:06:08.056398899Z,1,1,2689726,T,B,0,14.200000000,3,0,13979,68897348,14.100000000,14.200000000,1812,3,9,1,UD:1V: VT 2689726
2026-04-20T16:06:09.140524436Z,2026-04-20T16:06:08.776330537Z,1,1,42458399,T,B,0,29.250000000,15,0,11688,179052728,29.000000000,29.250000000,75,15,1,2,ESU6 C8000
2026-04-20T16:06:29.254314900Z,2026-04-20T16:06:29.047741785Z,1,1,42394812,T,A,0,87.500000000,7,0,15635,179193106,87.500000000,87.750000000,22,28,2,2,ESM6 P6800
2026-04-20T16:06:29.270635162Z,2026-04-20T16:06:29.047920467Z,1,1,42394812,T,A,0,87.500000000,3,0,11404,179193461,87.500000000,87.750000000,15,28,1,2,ESM6 P6800
2026-04-20T16:06:29.274233804Z,2026-04-20T16:06:29.048072031Z,1,1,42394812,T,A,0,87.500000000,4,0,11257,179193621,87.500000000,87.750000000,12,28,1,2,ESM6 P6800
2026-04-20T16:06:29.299034726Z,2026-04-20T16:06:29.051257179Z,1,1,42394812,T,A,0,87.500000000,4,0,16796,179194238,87.500000000,87.750000000,8,28,1,2,ESM6 P6800
2026-04-20T16:06:29.311043030Z,2026-04-20T16:06:29.052370143Z,1,1,42394812,T,A,0,87.500000000,2,0,17488,179194463,87.500000000,87.750000000,4,28,1,2,ESM6 P6800
2026-04-20T16:06:33.552061062Z,2026-04-20T16:06:33.522325151Z,1,1,42394812,T,A,0,87.500000000,1,0,15174,179226729,87.500000000,87.750000000,2,112,1,6,ESM6 P6800
2026-04-20T16:06:33.558454002Z,2026-04-20T16:06:33.533004421Z,1,1,42394812,T,A,0,87.500000000,1,0,11465,179227024,87.500000000,87.750000000,1,112,1,6,ESM6 P6800
2026-04-20T16:07:27.947077438Z,2026-04-20T16:07:27.946212799Z,1,1,42372981,T,A,0,2.450000000,28,0,14072,179597127,2.450000000,2.500000000,125,217,1,7,ESM6 C8000
2026-04-20T16:07:27.948608806Z,2026-04-20T16:07:27.947118619Z,1,1,42372981,T,A,0,2.450000000,23,0,13678,179597178,2.450000000,2.500000000,97,217,1,7,ESM6 C8000
2026-04-20T16:07:31.857820926Z,2026-04-20T16:07:31.811404307Z,1,1,2519420,T,B,0,36.500000000,4,0,14763,69159252,36.250000000,36.500000000,280,4,7,1,UD:1V: VT 2519420
2026-04-20T16:07:40.974672710Z,2026-04-20T16:07:40.962603385Z,1,1,42372981,T,B,0,2.500000000,74,0,16949,179688426,2.450000000,2.500000000,74,193,1,6,ESM6 C8000
2026-04-20T16:07:46.237129196Z,2026-04-20T16:07:46.105438715Z,1,1,2519420,T,B,0,36.500000000,4,0,18326,69197557,36.250000000,36.500000000,427,4,8,1,UD:1V: VT 2519420
2026-04-20T16:07:49.487425028Z,2026-04-20T16:07:49.404234997Z,1,1,2519420,T,B,0,36.500000000,4,0,14293,69204356,36.250000000,36.500000000,521,4,9,1,UD:1V: VT 2519420
2026-04-20T16:08:17.810117585Z,2026-04-20T16:08:17.788584699Z,1,1,2690261,T,B,0,13.500000000,128,0,24492,69288488,13.300000000,13.500000000,476,128,5,2,UD:1V: VT 2690261
2026-04-20T16:08:20.452837550Z,2026-04-20T16:08:20.446459481Z,1,1,42399704,T,B,0,65.750000000,30,0,17234,179937641,65.500000000,65.750000000,13,31,2,1,ESM6 P6650
2026-04-20T16:08:24.950941928Z,2026-04-20T16:08:24.924904621Z,1,1,42372983,T,A,0,23.500000000,24,0,16914,179957953,23.500000000,23.750000000,37,307,4,8,ESM6 P6050
2026-04-20T16:08:35.635518683Z,2026-04-20T16:08:35.628414579Z,1,1,42372983,T,A,0,23.500000000,23,0,17018,180020355,23.500000000,23.750000000,37,313,4,8,ESM6 P6050
2026-04-20T16:08:54.552258891Z,2026-04-20T16:08:54.546727265Z,1,1,42611781,T,A,0,26.000000000,2,0,14149,180104227,26.000000000,26.500000000,57,234,6,8,ESM6 C7550
2026-04-20T16:08:54.591574371Z,2026-04-20T16:08:54.590604451Z,1,1,42611781,T,A,0,26.000000000,2,0,14751,180104771,26.000000000,26.500000000,32,234,6,8,ESM6 C7550
2026-04-20T16:08:54.707338477Z,2026-04-20T16:08:54.706837005Z,1,1,42611781,T,A,0,26.000000000,2,0,13013,180105087,26.000000000,26.500000000,29,229,5,7,ESM6 C7550
2026-04-20T16:08:54.964907715Z,2026-04-20T16:08:54.963800305Z,1,1,42611781,T,A,0,26.000000000,1,0,14871,180105598,26.000000000,26.500000000,27,276,5,8,ESM6 C7550
2026-04-20T16:08:54.967983473Z,2026-04-20T16:08:54.963922173Z,1,1,42611781,T,A,0,26.000000000,1,0,11843,180105634,26.000000000,26.500000000,26,276,5,8,ESM6 C7550
2026-04-20T16:08:55.019767934Z,2026-04-20T16:08:55.014327589Z,1,1,42611781,T,A,0,26.000000000,2,0,13917,180106652,26.000000000,26.250000000,17,4,3,2,ESM6 C7550
2026-04-20T16:08:55.053361671Z,2026-04-20T16:08:55.051988333Z,1,1,42611781,T,A,0,26.000000000,2,0,13954,180106783,26.000000000,26.250000000,15,4,3,2,ESM6 C7550
2026-04-20T16:08:55.126637318Z,2026-04-20T16:08:55.077903063Z,1,1,42611781,T,A,0,26.000000000,2,0,17584,180107853,26.000000000,26.250000000,4,4,2,2,ESM6 C7550
2026-04-20T16:09:02.840415303Z,2026-04-20T16:09:02.469835871Z,1,1,42987642,T,A,0,21.000000000,8,0,17616,180181386,21.000000000,21.250000000,8,263,2,7,ESM6 P5975
2026-04-20T16:09:02.855862492Z,2026-04-20T16:09:02.469850827Z,1,1,42919948,T,A,0,19.600000000,4,0,14401,180181683,19.600000000,19.800000000,4,256,1,5,ESM6 P5925
2026-04-20T16:09:02.855899508Z,2026-04-20T16:09:02.469866205Z,1,1,42378541,T,A,0,35.000000000,24,0,11195,180181685,35.000000000,35.250000000,26,143,3,3,ESM6 P6300
2026-04-20T16:09:02.865958555Z,2026-04-20T16:09:02.469877513Z,1,1,42384779,T,A,0,59.750000000,2,0,12138,180181917,59.750000000,60.000000000,2,2,1,1,ESM6 P6600
2026-04-20T16:09:03.404156681Z,2026-04-20T16:09:03.071300759Z,1,1,2516941,T,A,0,12.000000000,30,0,11625,69406908,12.000000000,12.300000000,30,197,3,4,UD:1V: GN 2516941
2026-04-20T16:09:12.844177427Z,2026-04-20T16:09:12.843569517Z,1,1,42836582,T,A,0,28.500000000,4,0,14243,180244181,28.500000000,28.750000000,4,304,1,7,ESM6 P6175
2026-04-20T16:09:12.969637722Z,2026-04-20T16:09:12.969156327Z,1,1,42987642,T,A,0,21.000000000,4,0,14618,180244647,21.000000000,21.250000000,4,338,1,8,ESM6 P5975
2026-04-20T16:09:12.969868533Z,2026-04-20T16:09:12.969178539Z,1,1,42394753,T,A,0,20.250000000,4,0,12535,180244649,20.250000000,20.500000000,4,339,1,8,ESM6 P5950
2026-04-20T16:09:13.239796662Z,2026-04-20T16:09:13.217702799Z,1,1,42399706,T,A,0,72.000000000,5,0,13243,180246253,72.000000000,72.500000000,5,175,2,7,ESM6 P6700
2026-04-20T16:09:24.248072201Z,2026-04-20T16:09:24.185593245Z,1,1,42399706,T,A,0,72.000000000,1,0,14207,180291381,72.000000000,72.250000000,1,4,1,2,ESM6 P6700
2026-04-20T16:09:37.018403609Z,2026-04-20T16:09:37.017869631Z,1,1,42506314,T,A,0,33.000000000,4,0,13516,180375187,33.000000000,33.500000000,4,336,1,6,ESU6 P5150
2026-04-20T16:09:48.170771683Z,2026-04-20T16:09:48.059206929Z,1,1,42611781,T,A,0,25.750000000,7,0,14580,180442385,25.750000000,26.000000000,133,2,6,1,ESM6 C7550
2026-04-20T16:09:52.077180152Z,2026-04-20T16:09:52.074486983Z,1,1,42399706,T,A,0,72.000000000,1,0,15632,180468877,72.000000000,72.500000000,7,195,4,9,ESM6 P6700
2026-04-20T16:09:52.096959211Z,2026-04-20T16:09:52.083261191Z,1,1,42399706,T,A,0,72.000000000,1,0,13844,180469215,72.000000000,72.500000000,5,193,2,8,ESM6 P6700
2026-04-20T16:09:58.432425916Z,2026-04-20T16:09:58.237155933Z,1,1,42212203,T,B,0,115.500000000,62,0,16777,180511320,114.500000000,115.500000000,160,62,10,7,ESM6 C7250
2026-04-20T16:09:58.493126327Z,2026-04-20T16:09:58.309910817Z,1,1,42212203,T,A,0,115.500000000,28,0,12809,180512697,115.500000000,116.000000000,28,66,1,3,ESM6 C7250
2026-04-20T16:10:14.202755495Z,2026-04-20T16:10:14.129973993Z,1,1,42506314,T,A,0,33.000000000,4,0,13207,180627163,33.000000000,33.250000000,4,226,1,4,ESU6 P5150
2026-04-20T16:10:24.043081742Z,2026-04-20T16:10:24.042036965Z,1,1,42366523,T,B,0,163.000000000,14,0,14060,180701516,162.500000000,163.000000000,106,25,9,1,ESM6 P7100
2026-04-20T16:10:24.046750209Z,2026-04-20T16:10:24.042413097Z,1,1,42366523,T,B,0,163.000000000,2,0,13727,180701586,162.500000000,163.000000000,106,11,9,1,ESM6 P7100
2026-04-20T16:10:25.868665147Z,2026-04-20T16:10:25.868121771Z,1,1,42366523,T,B,0,163.000000000,25,0,12772,180710949,162.500000000,163.000000000,105,25,8,1,ESM6 P7100
2026-04-20T16:10:48.757103641Z,2026-04-20T16:10:48.744066753Z,1,1,42378346,T,A,0,34.500000000,24,0,17777,180902427,34.500000000,35.000000000,24,247,4,8,ESM6 C7500
2026-04-20T16:10:48.779803039Z,2026-04-20T16:10:48.757052671Z,1,1,42378346,T,B,0,34.500000000,111,0,13597,180902892,34.250000000,34.500000000,149,111,8,1,ESM6 C7500
2026-04-20T16:10:50.864150605Z,2026-04-20T16:10:50.854752307Z,1,1,42366523,T,B,0,163.000000000,9,0,14669,180911733,162.500000000,163.000000000,81,25,7,1,ESM6 P7100
2026-04-20T16:10:50.966440963Z,2026-04-20T16:10:50.962534213Z,1,1,42366523,T,B,0,163.000000000,6,0,14113,180912482,162.500000000,163.000000000,81,16,7,1,ESM6 P7100
2026-04-20T16:10:50.977746409Z,2026-04-20T16:10:50.962791893Z,1,1,42366523,T,B,0,163.000000000,4,0,13960,180912646,162.500000000,163.000000000,81,10,7,1,ESM6 P7100
2026-04-20T16:10:51.372744190Z,2026-04-20T16:10:51.369926679Z,1,1,42366523,T,B,0,163.000000000,6,0,13013,180914908,162.500000000,163.000000000,110,6,8,1,ESM6 P7100
2026-04-20T16:10:53.755256788Z,2026-04-20T16:10:53.733925743Z,1,1,42300184,T,B,0,96.250000000,3,0,11142,180925589,96.000000000,96.250000000,48,3,6,1,ESM6 P6850
2026-04-20T16:10:56.470282035Z,2026-04-20T16:10:56.466362107Z,1,1,42366523,T,A,0,163.000000000,8,0,14209,180947456,163.000000000,163.500000000,8,17,2,4,ESM6 P7100
2026-04-20T16:10:56.476662399Z,2026-04-20T16:10:56.470233665Z,1,1,42366523,T,B,0,163.000000000,17,0,12882,180947567,162.500000000,163.000000000,56,17,6,1,ESM6 P7100
2026-04-20T16:11:00.098485385Z,2026-04-20T16:11:00.042108419Z,1,1,42372949,T,B,0,421.000000000,1,0,11130,180967335,420.500000000,421.000000000,6,1,2,1,ESM6 C6800
2026-04-20T16:12:05.146093084Z,2026-04-20T16:12:05.100818833Z,1,1,2505977,T,A,0,30.250000000,4,0,16251,69914392,30.250000000,30.500000000,4,448,1,5,UD:1V: VT 2505977
2026-04-20T16:12:27.922281364Z,2026-04-20T16:12:27.760527835Z,1,1,42378288,T,B,0,8.700000000,4,0,12743,181457676,8.500000000,8.700000000,299,4,8,1,ESM6 P5250
2026-04-20T16:12:28.047206756Z,2026-04-20T16:12:27.760739315Z,1,1,42397651,T,B,0,392.000000000,4,0,15176,181459905,391.000000000,392.000000000,4,4,1,1,ESU6 P7400
2026-04-20T16:12:29.829370141Z,2026-04-20T16:12:29.716749751Z,1,1,42883305,T,A,0,39.500000000,2,0,17574,181489937,39.500000000,39.750000000,2,205,1,4,ESM6 P6375
2026-04-20T16:12:29.928684487Z,2026-04-20T16:12:29.901985181Z,1,1,42883305,T,A,0,39.500000000,17,0,14498,181492608,39.500000000,39.750000000,94,209,1,5,ESM6 P6375
2026-04-20T16:13:26.976293483Z,2026-04-20T16:13:26.936371787Z,1,1,2655176,T,A,0,46.500000000,4,0,14302,70154554,46.500000000,46.750000000,4,725,1,7,UD:1V: VT 2655176
2026-04-20T16:13:54.940660609Z,2026-04-20T16:13:54.928939959Z,1,1,2655176,T,A,0,46.500000000,4,0,13853,70207677,46.500000000,46.750000000,4,1076,1,10,UD:1V: VT 2655176
2026-04-20T16:14:01.848554158Z,2026-04-20T16:14:01.841484317Z,1,1,2655176,T,A,0,46.500000000,4,0,13445,70220117,46.500000000,46.750000000,4,1058,1,10,UD:1V: VT 2655176
2026-04-20T16:14:08.415682335Z,2026-04-20T16:14:08.328373343Z,1,1,42372949,T,B,0,421.000000000,1,0,13075,182043745,420.500000000,421.000000000,33,1,4,1,ESM6 C6800
2026-04-20T16:14:17.880608980Z,2026-04-20T16:14:17.873436621Z,1,1,2517271,T,A,0,-46.000000000,1,0,14672,70254672,-46.000000000,-45.750000000,1,38,1,3,UD:1V: GN 2517271
2026-04-20T16:14:31.852218430Z,2026-04-20T16:14:31.851698451Z,1,1,42384726,T,B,0,11.400000000,1,0,16669,182168177,11.200000000,11.400000000,253,138,6,3,ESM6 P5500
2026-04-20T16:15:51.086457268Z,2026-04-20T16:15:51.084843765Z,1,1,2519420,T,B,0,36.500000000,4,0,14110,70493625,36.250000000,36.500000000,284,4,7,1,UD:1V: VT 2519420
2026-04-20T16:16:41.315247542Z,2026-04-20T16:16:41.246144611Z,1,1,2655176,T,A,0,46.250000000,4,0,14758,70664613,46.250000000,46.500000000,4,838,1,9,UD:1V: VT 2655176
2026-04-20T16:16:59.410069702Z,2026-04-20T16:16:59.409477675Z,1,1,2508655,T,B,0,5.100000000,1,0,14750,70744988,4.950000000,5.100000000,261,1278,3,7,UD:1V: VT 2508655
2026-04-20T16:18:38.181060046Z,2026-04-20T16:18:38.180502533Z,1,1,2693128,T,A,0,10.300000000,1,0,24116,71083996,10.300000000,10.500000000,219,636,1,5,UD:1V: VT 2693128
2026-04-20T16:18:56.134251236Z,2026-04-20T16:18:56.133758665Z,1,1,42384724,T,B,0,139.000000000,1,0,14243,183944616,138.500000000,139.000000000,110,1,10,1,ESM6 C7200
2026-04-20T16:18:59.902244052Z,2026-04-20T16:18:59.901188161Z,1,1,42602509,T,A,0,4.550000000,22,0,14002,183957074,4.550000000,4.650000000,22,156,1,2,ESM6 C7850
2026-04-20T16:19:49.071456478Z,2026-04-20T16:19:48.984229781Z,1,1,42392157,T,B,0,256.000000000,2,0,14336,184252775,255.000000000,256.000000000,52,2,3,1,ESZ6 C7500
2026-04-20T16:19:49.162726210Z,2026-04-20T16:19:49.047251819Z,1,1,42529459,T,B,0,281.000000000,2,0,14009,184254026,280.000000000,281.000000000,27,2,2,1,ESZ6 C7450
2026-04-20T16:20:31.637026596Z,2026-04-20T16:20:31.636429293Z,1,1,42378346,T,A,0,34.500000000,1,0,13018,184583475,34.500000000,34.750000000,16,4,4,2,ESM6 C7500
2026-04-20T16:20:31.640300543Z,2026-04-20T16:20:31.636687443Z,1,1,42378346,T,A,0,34.500000000,1,0,12527,184583518,34.500000000,34.750000000,15,4,4,2,ESM6 C7500
2026-04-20T16:20:31.755075595Z,2026-04-20T16:20:31.747680017Z,1,1,42378346,T,A,0,34.500000000,2,0,14055,184583894,34.500000000,34.750000000,14,4,3,2,ESM6 C7500
2026-04-20T16:20:35.446113956Z,2026-04-20T16:20:35.367506603Z,1,1,42289415,T,B,0,442.000000000,1,0,14288,184623230,441.500000000,442.000000000,17,1,1,1,ESZ7 C7900
2026-04-20T16:20:53.292232259Z,2026-04-20T16:20:53.284448393Z,1,1,42384725,T,A,0,58.750000000,2,0,15306,184708469,58.750000000,59.000000000,2,15,1,3,ESM6 C7400
2026-04-20T16:21:21.994423326Z,2026-04-20T16:21:21.873506573Z,1,1,42611781,T,A,0,26.000000000,4,0,13290,184879786,26.000000000,26.250000000,17,4,4,2,ESM6 C7550
2026-04-20T16:22:40.020662338Z,2026-04-20T16:22:40.020111453Z,1,1,2518081,T,B,0,676.500000000,200,0,13530,71771156,,676.500000000,0,200,0,1,UD:1V:CRR 2518081
2026-04-20T16:22:55.083600513Z,2026-04-20T16:22:55.083053437Z,1,1,42611781,T,A,0,25.750000000,4,0,13998,185422624,25.750000000,26.000000000,31,8,3,3,ESM6 C7550
2026-04-20T16:22:55.170446705Z,2026-04-20T16:22:55.169800449Z,1,1,42611781,T,A,0,25.750000000,4,0,13703,185422957,25.750000000,26.000000000,27,8,3,3,ESM6 C7550
2026-04-20T16:22:55.325377638Z,2026-04-20T16:22:55.315249273Z,1,1,42611781,T,A,0,25.750000000,4,0,15854,185423330,25.750000000,26.000000000,6,8,2,3,ESM6 C7550
2026-04-20T16:23:03.687053523Z,2026-04-20T16:23:03.686498925Z,1,1,42437894,T,B,0,189.500000000,6,0,14515,185475931,189.000000000,189.500000000,6,27,1,1,ESZ7 C8600
2026-04-20T16:23:26.755442092Z,2026-04-20T16:23:26.555236609Z,1,1,42935544,T,B,0,167.000000000,3,0,13669,185667516,166.500000000,167.000000000,47,3,2,1,ESU7 C8450
2026-04-20T16:23:31.215416015Z,2026-04-20T16:23:31.183300511Z,1,1,42523210,T,A,0,338.500000000,14,0,13872,185700644,338.500000000,339.000000000,14,27,1,1,ESU7 P6500
2026-04-20T16:23:31.319940795Z,2026-04-20T16:23:31.288855581Z,1,1,42413515,T,B,0,142.500000000,1,0,13700,185702855,142.000000000,142.500000000,50,1,5,1,ESU6 C7500
2026-04-20T16:23:38.408101931Z,2026-04-20T16:23:38.319084781Z,1,1,42777414,T,B,0,419.000000000,1,0,14587,185759040,418.500000000,419.000000000,18,1,1,1,ESZ7 C7950
2026-04-20T16:24:07.448145337Z,2026-04-20T16:24:07.447759273Z,1,1,42919949,T,A,0,90.750000000,8,0,14335,185925336,90.750000000,91.000000000,8,102,1,6,ESM6 P6825
2026-04-20T16:24:52.432067169Z,2026-04-20T16:24:52.225868387Z,1,1,42675183,T,A,0,181.000000000,16,0,14487,186167553,181.000000000,181.500000000,16,27,1,1,ESU7 C8400
2026-04-20T16:25:11.060048873Z,2026-04-20T16:25:11.059505705Z,1,1,2521247,T,A,0,9.900000000,8,0,15163,72209287,9.900000000,10.100000000,8,448,1,3,UD:1V: GN 2521247
2026-04-20T16:25:51.086153830Z,2026-04-20T16:25:51.081041731Z,1,1,42611781,T,A,0,26.000000000,2,0,14171,186469272,26.000000000,26.250000000,31,22,4,3,ESM6 C7550
2026-04-20T16:25:51.225092335Z,2026-04-20T16:25:51.093661643Z,1,1,42611781,T,A,0,26.000000000,2,0,17076,186471666,26.000000000,26.250000000,27,33,2,3,ESM6 C7550
2026-04-20T16:25:51.849678590Z,2026-04-20T16:25:51.605445813Z,1,1,42715011,T,A,0,95.250000000,3,0,14035,186483680,95.250000000,95.500000000,3,31,1,1,ESH7 C8250
2026-04-20T16:26:34.284144382Z,2026-04-20T16:26:34.077688247Z,1,1,42399646,T,A,0,10.600000000,2,0,14272,186733751,10.600000000,10.700000000,2,8,2,2,ESM6 C7700
2026-04-20T16:26:34.404622489Z,2026-04-20T16:26:34.109229543Z,1,1,2520560,T,B,0,27.750000000,2,0,14439,72409671,27.500000000,27.750000000,2,2,2,1,UD:1V: DB 2520560
2026-04-20T16:27:58.529415729Z,2026-04-20T16:27:58.521672917Z,1,1,42611781,T,A,0,26.000000000,2,0,16543,187190544,26.000000000,26.250000000,42,6,4,2,ESM6 C7550
2026-04-20T16:27:58.647235354Z,2026-04-20T16:27:58.646597259Z,1,1,42611781,T,A,0,26.000000000,4,0,14118,187191873,26.000000000,26.250000000,37,6,4,2,ESM6 C7550
2026-04-20T16:29:00.653766720Z,2026-04-20T16:29:00.589338879Z,1,1,42479660,T,B,0,53.250000000,3,0,14221,187522222,53.000000000,53.250000000,119,3,3,1,ESH7 P4550
2026-04-20T16:29:01.901653383Z,2026-04-20T16:29:01.898505223Z,1,1,42479660,T,B,0,53.250000000,3,0,14272,187531207,53.000000000,53.250000000,119,3,3,1,ESH7 P4550
2026-04-20T16:29:06.028106439Z,2026-04-20T16:29:06.016754711Z,1,1,42559343,T,B,0,55.250000000,3,0,14020,187550781,55.000000000,55.250000000,118,3,3,1,ESH7 P4600
2026-04-20T16:29:09.362870259Z,2026-04-20T16:29:09.360978883Z,1,1,42836583,T,A,0,30.250000000,1,0,14189,187568483,30.250000000,30.500000000,1,296,1,8,ESM6 P6225
2026-04-20T16:29:15.364779579Z,2026-04-20T16:29:15.362863885Z,1,1,42836583,T,A,0,30.250000000,1,0,16956,187581202,30.250000000,30.500000000,1,296,1,8,ESM6 P6225
2026-04-20T16:29:36.691661142Z,2026-04-20T16:29:36.691227039Z,1,1,2520795,T,B,0,19.000000000,126,0,13018,72858102,18.900000000,19.000000000,765,126,4,1,UD:1V: VT 2520795
2026-04-20T16:29:56.023152043Z,2026-04-20T16:29:56.022707549Z,1,1,2520795,T,B,0,19.000000000,6,0,12796,72907410,18.900000000,19.000000000,765,6,4,1,UD:1V: VT 2520795
2026-04-20T16:30:30.376065636Z,2026-04-20T16:30:30.375749303Z,1,1,2520795,T,B,0,19.000000000,4,0,13733,73015178,18.800000000,19.000000000,1563,4,5,1,UD:1V: VT 2520795
2026-04-20T16:32:07.703480859Z,2026-04-20T16:32:07.702939939Z,1,1,42510079,T,B,0,75.000000000,1,0,15291,188693988,74.750000000,75.000000000,48,99,7,1,ESM6 C7350
2026-04-20T16:32:07.703681718Z,2026-04-20T16:32:07.702940121Z,1,1,42510079,T,B,0,75.000000000,1,0,16552,188693990,74.750000000,75.000000000,48,98,7,1,ESM6 C7350
2026-04-20T16:32:07.703956476Z,2026-04-20T16:32:07.702940295Z,1,1,42510079,T,B,0,75.000000000,94,0,19952,188693992,74.750000000,75.000000000,48,97,7,1,ESM6 C7350
2026-04-20T16:32:07.704432802Z,2026-04-20T16:32:07.703959917Z,1,1,42510079,T,B,0,75.000000000,3,0,13559,188693999,74.750000000,75.000000000,48,3,7,1,ESM6 C7350
2026-04-20T16:32:11.329659246Z,2026-04-20T16:32:11.329101291Z,1,1,2513332,T,A,0,44.750000000,4,0,13981,73341805,44.750000000,45.000000000,4,925,1,9,UD:1V: VT 2513332
2026-04-20T16:33:17.949792521Z,2026-04-20T16:33:17.949193757Z,1,1,2626685,T,A,0,-29.750000000,17,0,13731,73470309,-29.750000000,-29.250000000,17,37,1,2,UD:1V: GN 2626685
2026-04-20T16:33:31.751013211Z,2026-04-20T16:33:31.749416563Z,1,1,42548948,T,B,0,57.250000000,6,0,13651,189105529,57.000000000,57.250000000,114,6,3,1,ESH7 P4650
2026-04-20T16:33:32.899438487Z,2026-04-20T16:33:32.897859771Z,1,1,42548948,T,B,0,57.250000000,6,0,13679,189108157,57.000000000,57.250000000,114,6,3,1,ESH7 P4650
2026-04-20T16:33:35.759876569Z,2026-04-20T16:33:35.687928649Z,1,1,42506288,T,A,0,101.500000000,1,0,14131,189117857,101.500000000,102.000000000,1,128,1,4,ESU6 P6250
2026-04-20T16:33:36.380473435Z,2026-04-20T16:33:36.213797513Z,1,1,42439354,T,A,0,198.000000000,1,0,11236,189128054,198.000000000,198.500000000,1,25,1,2,ESU6 P6850
2026-04-20T16:34:15.733785846Z,2026-04-20T16:34:15.732308827Z,1,1,42439505,T,B,0,35.750000000,1,0,15677,189374050,35.500000000,35.750000000,309,1,5,1,ESU6 P5250
2026-04-20T16:34:16.470529559Z,2026-04-20T16:34:16.417828263Z,1,1,42506315,T,A,0,39.250000000,1,0,11202,189380239,39.250000000,39.750000000,32,316,2,6,ESU6 P5350
2026-04-20T16:34:17.535266491Z,2026-04-20T16:34:17.526463427Z,1,1,42903306,T,A,0,67.250000000,2,0,15863,189388712,67.250000000,67.500000000,2,44,1,4,ESM6 C7375
2026-04-20T16:34:19.647230689Z,2026-04-20T16:34:19.646417873Z,1,1,2510197,T,B,0,-5.000000000,10,0,14116,73644007,-5.400000000,-5.000000000,52,10,3,1,UD:1V: GN 2510197
2026-04-20T16:34:19.962147398Z,2026-04-20T16:34:19.864130569Z,1,1,42458377,T,B,0,41.250000000,1,0,15950,189406795,41.000000000,41.250000000,94,1,3,1,ESU6 P5400
2026-04-20T16:34:21.259481259Z,2026-04-20T16:34:21.242817029Z,1,1,42439505,T,A,0,35.750000000,1,0,11364,189413996,35.750000000,36.000000000,29,208,1,5,ESU6 P5250
2026-04-20T16:34:21.769732057Z,2026-04-20T16:34:21.570922957Z,1,1,42506315,T,A,0,39.250000000,1,0,14277,189424151,39.250000000,39.500000000,28,5,1,2,ESU6 P5350
2026-04-20T16:34:22.720692175Z,2026-04-20T16:34:22.641995349Z,1,1,2689726,T,B,0,14.300000000,3,0,14623,73659758,14.200000000,14.300000000,1401,3,8,1,UD:1V: VT 2689726
2026-04-20T16:34:26.286879969Z,2026-04-20T16:34:26.286383069Z,1,1,42439505,T,A,0,35.750000000,1,0,15061,189470710,35.750000000,36.000000000,28,208,1,5,ESU6 P5250
2026-04-20T16:34:28.561113086Z,2026-04-20T16:34:28.494874919Z,1,1,42506315,T,A,0,39.250000000,1,0,14493,189490469,39.250000000,39.500000000,27,5,1,2,ESU6 P5350
2026-04-20T16:34:35.706540948Z,2026-04-20T16:34:35.659842019Z,1,1,42903306,T,A,0,67.250000000,2,0,16758,189530781,67.250000000,67.500000000,2,41,1,4,ESM6 C7375
2026-04-20T16:34:45.475426398Z,2026-04-20T16:34:45.044006123Z,1,1,42760605,T,B,0,46.500000000,39,0,11722,189593537,46.250000000,46.500000000,35,39,1,1,ESM6 P6475
2026-04-20T16:35:03.540911577Z,2026-04-20T16:35:03.539023213Z,1,1,42783705,T,A,0,32.750000000,1,0,15520,189716406,32.750000000,33.000000000,1,418,1,8,ESM6 P6275
2026-04-20T16:35:18.011246890Z,2026-04-20T16:35:17.810121437Z,1,1,2676277,T,B,0,14.500000000,4,0,15130,73827475,14.400000000,14.500000000,608,4,4,1,UD:1V: VT 2676277
2026-04-20T16:35:31.047233151Z,2026-04-20T16:35:31.046467335Z,1,1,2694033,T,B,0,19.900000000,4,0,13395,73872051,19.700000000,19.900000000,1325,4,7,1,UD:1V: VT 2694033
2026-04-20T16:36:29.591525135Z,2026-04-20T16:36:29.590925123Z,1,1,2691850,T,A,0,27.750000000,1,0,16060,74048097,27.750000000,28.000000000,43,871,2,8,UD:1V: VT 2691850
2026-04-20T16:36:54.106348711Z,2026-04-20T16:36:54.100650843Z,1,1,42378346,T,B,0,34.750000000,1,0,11764,190443720,34.500000000,34.750000000,113,10,7,1,ESM6 C7500
2026-04-20T16:36:54.122250283Z,2026-04-20T16:36:54.106502395Z,1,1,42378346,T,B,0,34.750000000,9,0,10920,190444010,34.500000000,34.750000000,113,9,7,1,ESM6 C7500
2026-04-20T16:36:58.223689411Z,2026-04-20T16:36:58.223216601Z,1,1,42384724,T,A,0,140.500000000,1,0,13750,190457059,140.500000000,141.500000000,74,146,8,10,ESM6 C7200
2026-04-20T16:37:01.669140998Z,2026-04-20T16:37:01.668480251Z,1,1,2655176,T,A,0,46.500000000,2,0,14671,74133818,46.500000000,46.750000000,4,836,1,8,UD:1V: VT 2655176
2026-04-20T16:37:10.550662174Z,2026-04-20T16:37:10.546047339Z,1,1,42378450,T,B,0,27.000000000,2,0,11464,190526245,26.750000000,27.000000000,301,27,10,1,ESM6 P6150
2026-04-20T16:37:13.529749781Z,2026-04-20T16:37:13.348852187Z,1,1,42836583,T,B,0,30.500000000,2,0,15573,190546149,30.250000000,30.500000000,304,2,10,1,ESM6 P6225
2026-04-20T16:37:21.411979732Z,2026-04-20T16:37:21.401577639Z,1,1,42378346,T,A,0,34.500000000,8,0,11762,190604688,34.500000000,34.750000000,29,35,2,5,ESM6 C7500
2026-04-20T16:37:27.431352564Z,2026-04-20T16:37:27.255548151Z,1,1,42378346,T,A,0,34.500000000,8,0,14574,190647844,34.500000000,34.750000000,21,8,1,3,ESM6 C7500
2026-04-20T16:37:27.687171772Z,2026-04-20T16:37:27.561720719Z,1,1,42378346,T,A,0,34.500000000,5,0,11593,190651265,34.500000000,34.750000000,13,53,1,6,ESM6 C7500
2026-04-20T16:37:27.687893251Z,2026-04-20T16:37:27.561751463Z,1,1,42378346,T,A,0,34.500000000,1,0,11127,190651286,34.500000000,34.750000000,8,53,1,6,ESM6 C7500
2026-04-20T16:37:28.040297894Z,2026-04-20T16:37:28.031158325Z,1,1,42378346,T,A,0,34.500000000,4,0,13888,190655666,34.500000000,34.750000000,7,15,1,5,ESM6 C7500
2026-04-20T16:37:28.043331047Z,2026-04-20T16:37:28.031255665Z,1,1,42378346,T,A,0,34.500000000,1,0,13104,190655710,34.500000000,34.750000000,3,15,1,5,ESM6 C7500
2026-04-20T16:37:28.044143646Z,2026-04-20T16:37:28.031292911Z,1,1,42378346,T,A,0,34.500000000,1,0,13054,190655728,34.500000000,34.750000000,2,15,1,5,ESM6 C7500
2026-04-20T16:37:28.069580324Z,2026-04-20T16:37:28.067177049Z,1,1,42378346,T,A,0,34.500000000,1,0,12719,190656129,34.500000000,34.750000000,1,40,1,6,ESM6 C7500
2026-04-20T16:37:46.506270788Z,2026-04-20T16:37:46.505926405Z,1,1,42394812,T,B,0,87.000000000,1,0,16224,190784420,86.750000000,87.000000000,93,1,8,1,ESM6 P6800
2026-04-20T16:37:50.719415643Z,2026-04-20T16:37:50.653200821Z,1,1,42510079,T,A,0,74.250000000,2,0,14870,190797724,74.250000000,74.500000000,2,1,1,1,ESM6 C7350
2026-04-20T16:39:13.683446212Z,2026-04-20T16:39:13.682907937Z,1,1,42378346,T,A,0,34.500000000,3,0,13526,191366273,34.500000000,34.750000000,38,4,3,2,ESM6 C7500
2026-04-20T16:39:13.867619989Z,2026-04-20T16:39:13.867119019Z,1,1,42378346,T,A,0,34.500000000,3,0,13714,191366564,34.500000000,34.750000000,35,4,3,2,ESM6 C7500
2026-04-20T16:39:14.210934571Z,2026-04-20T16:39:14.210459975Z,1,1,42378346,T,A,0,34.500000000,3,0,14223,191367577,34.500000000,34.750000000,32,4,3,2,ESM6 C7500
2026-04-20T16:39:14.439145338Z,2026-04-20T16:39:14.298647589Z,1,1,42378346,T,A,0,34.500000000,1,0,12176,191370255,34.500000000,35.000000000,49,105,5,8,ESM6 C7500
2026-04-20T16:39:14.442395883Z,2026-04-20T16:39:14.298905921Z,1,1,42378346,T,A,0,34.500000000,2,0,11378,191370280,34.500000000,35.000000000,48,105,5,8,ESM6 C7500
2026-04-20T16:39:14.545567019Z,2026-04-20T16:39:14.447444241Z,1,1,42378346,T,A,0,34.500000000,3,0,13810,191371440,34.500000000,35.000000000,69,165,6,9,ESM6 C7500
2026-04-20T16:39:14.590281583Z,2026-04-20T16:39:14.588022151Z,1,1,42378346,T,A,0,34.500000000,3,0,13812,191372365,34.500000000,35.000000000,54,165,6,9,ESM6 C7500
2026-04-20T16:40:01.582444639Z,2026-04-20T16:40:01.578587177Z,1,1,42532466,T,B,0,19.600000000,1,0,14920,191599320,19.500000000,19.600000000,145,1,3,1,ESH7 C9000
2026-04-20T16:40:05.973005567Z,2026-04-20T16:40:05.855108213Z,1,1,42399646,T,A,0,10.500000000,1,0,13659,191640445,10.500000000,10.600000000,33,4,2,2,ESM6 C7700
2026-04-20T16:40:08.061811267Z,2026-04-20T16:40:08.058839887Z,1,1,42532466,T,B,0,19.600000000,1,0,14899,191653880,19.400000000,19.600000000,255,1,4,1,ESH7 C9000
2026-04-20T16:40:09.446077009Z,2026-04-20T16:40:09.445462087Z,1,1,42572477,T,A,0,7.800000000,1,0,13345,191660984,7.800000000,7.900000000,50,4,3,2,ESM6 C7750
2026-04-20T16:40:13.573177292Z,2026-04-20T16:40:13.572747109Z,1,1,42399646,T,A,0,10.500000000,1,0,14080,191677715,10.500000000,10.600000000,3,4,1,2,ESM6 C7700
2026-04-20T16:40:14.613061748Z,2026-04-20T16:40:14.606411895Z,1,1,42532466,T,B,0,19.600000000,1,0,13642,191685864,19.400000000,19.600000000,227,1,3,1,ESH7 C9000
2026-04-20T16:40:20.910419744Z,2026-04-20T16:40:20.882460903Z,1,1,42572477,T,A,0,7.800000000,1,0,11535,191719991,7.800000000,7.900000000,72,4,4,2,ESM6 C7750
2026-04-20T16:40:23.806437019Z,2026-04-20T16:40:23.687230903Z,1,1,2519420,T,B,0,36.500000000,4,0,15012,74730091,36.250000000,36.500000000,295,4,6,1,UD:1V: VT 2519420
2026-04-20T16:40:23.962676670Z,2026-04-20T16:40:23.696471449Z,1,1,42394743,T,B,0,10.100000000,1,0,13915,191750453,10.000000000,10.100000000,320,1,7,1,ESM6 P5400
2026-04-20T16:40:27.566405076Z,2026-04-20T16:40:27.565846885Z,1,1,42572477,T,A,0,7.800000000,1,0,13960,191782593,7.800000000,8.000000000,71,279,3,9,ESM6 C7750
2026-04-20T16:40:37.438393998Z,2026-04-20T16:40:37.437944975Z,1,1,42572477,T,A,0,7.800000000,1,0,15404,191820502,7.800000000,7.900000000,82,4,4,2,ESM6 C7750
2026-04-20T16:40:49.737636732Z,2026-04-20T16:40:49.737127719Z,1,1,42572477,T,A,0,7.800000000,1,0,13015,191871581,7.800000000,7.900000000,97,3,4,2,ESM6 C7750
2026-04-20T16:41:56.669821112Z,2026-04-20T16:41:56.667581009Z,1,1,42611781,T,A,0,26.250000000,2,0,14291,192358178,26.250000000,26.500000000,3,72,2,6,ESM6 C7550
2026-04-20T16:41:56.681112217Z,2026-04-20T16:41:56.667987783Z,1,1,42611781,T,A,0,26.250000000,1,0,16261,192358331,26.250000000,26.500000000,1,72,1,6,ESM6 C7550
2026-04-20T16:44:40.563047509Z,2026-04-20T16:44:40.538467129Z,1,1,42510079,T,B,0,75.250000000,53,0,16009,193369240,74.750000000,75.250000000,146,53,8,4,ESM6 C7350
2026-04-20T16:44:40.608133416Z,2026-04-20T16:44:40.563000275Z,1,1,42510079,T,A,0,75.250000000,44,0,11399,193370154,75.250000000,75.500000000,44,55,1,7,ESM6 C7350
2026-04-20T16:44:59.353942595Z,2026-04-20T16:44:59.320648627Z,1,1,42510079,T,A,0,74.750000000,99,0,16486,193454369,74.750000000,75.250000000,103,71,7,8,ESM6 C7350
2026-04-20T16:45:15.478443788Z,2026-04-20T16:45:15.441789657Z,1,1,42510079,T,B,0,75.500000000,99,0,16221,193569955,75.000000000,75.500000000,64,121,3,10,ESM6 C7350
2026-04-20T16:45:35.371186073Z,2026-04-20T16:45:35.370589023Z,1,1,2512968,T,B,0,9.900000000,2,0,16580,75621744,9.700000000,9.900000000,565,507,5,5,UD:1V: VT 2512968
2026-04-20T16:46:53.132963115Z,2026-04-20T16:46:53.112357889Z,1,1,42378541,T,B,0,34.500000000,1,0,14166,194102135,34.250000000,34.500000000,303,1,10,1,ESM6 P6300
2026-04-20T16:46:53.946475472Z,2026-04-20T16:46:53.945891877Z,1,1,2517015,T,B,0,32.000000000,1,0,14096,75800962,31.500000000,32.000000000,801,803,7,7,UD:1V: VT 2517015
2026-04-20T16:50:20.323455779Z,2026-04-20T16:50:20.322831379Z,1,1,2512968,T,B,0,9.900000000,10,0,17760,76221220,9.700000000,9.900000000,664,516,7,7,UD:1V: VT 2512968
2026-04-20T16:51:33.293610737Z,2026-04-20T16:51:33.007955627Z,1,1,42372880,T,B,0,0.900000000,10,0,14068,195482450,0.850000000,0.900000000,591,10,6,1,ESM6 P3100
2026-04-20T16:52:43.927687867Z,2026-04-20T16:52:43.918936199Z,1,1,42492708,T,B,0,396.000000000,1,0,14004,195854262,395.500000000,396.000000000,11,17,2,1,ESZ6 P7250
2026-04-20T16:52:55.072904119Z,2026-04-20T16:52:54.997373697Z,1,1,42450434,T,B,0,283.500000000,7,0,13228,195903153,283.000000000,283.500000000,6,17,2,1,ESU6 P7150
2026-04-20T16:53:00.687808811Z,2026-04-20T16:53:00.687447499Z,1,1,42394743,T,B,0,10.000000000,1,0,13657,195928833,9.900000000,10.000000000,204,1,6,1,ESM6 P5400
2026-04-20T16:55:11.864995108Z,2026-04-20T16:55:11.864434081Z,1,1,2519377,T,B,0,-19.900000000,6,0,14537,76815809,-21.500000000,-19.900000000,19,19,1,1,UD:1V: 12 2519377
2026-04-20T16:55:18.726802737Z,2026-04-20T16:55:18.726242251Z,1,1,2522398,T,A,0,16.600000000,2,0,15488,76830109,16.600000000,16.800000000,4,79,1,3,UD:1V: VT 2522398
2026-04-20T16:55:32.326529932Z,2026-04-20T16:55:32.167529713Z,1,1,2517271,T,A,0,-46.000000000,1,0,11800,76847920,-46.000000000,-45.250000000,1,38,1,3,UD:1V: GN 2517271
2026-04-20T16:55:47.758250215Z,2026-04-20T16:55:47.757741355Z,1,1,42505875,T,B,0,362.000000000,1,0,13291,196637380,361.000000000,362.000000000,60,18,4,1,ESZ6 P7150
2026-04-20T16:55:51.421360331Z,2026-04-20T16:55:51.420814329Z,1,1,2655176,T,A,0,46.500000000,1,0,15224,76886596,46.500000000,46.750000000,4,908,1,8,UD:1V: VT 2655176
2026-04-20T16:56:48.510413555Z,2026-04-20T16:56:48.509996467Z,1,1,2522402,T,A,0,4.600000000,2,0,13626,76998254,4.600000000,4.700000000,2,993,1,7,UD:1V: VT 2522402
2026-04-20T16:58:00.070999824Z,2026-04-20T16:58:00.070484257Z,1,1,2655176,T,A,0,46.500000000,1,0,14141,77127616,46.500000000,46.750000000,3,826,1,9,UD:1V: VT 2655176
2026-04-20T16:59:14.966124521Z,2026-04-20T16:59:14.965584201Z,1,1,2522471,T,A,0,174.500000000,1,0,14753,77329741,174.500000000,175.000000000,1,107,1,4,UD:1V: GN 2522471
2026-04-20T16:59:17.557940036Z,2026-04-20T16:59:17.526867107Z,1,1,42587737,T,A,0,572.500000000,1,0,12969,197664446,572.500000000,573.500000000,1,26,1,2,ESH7 C7150
2026-04-20T16:59:25.849091812Z,2026-04-20T16:59:25.848561405Z,1,1,42212203,T,A,0,115.000000000,1,0,14548,197711880,115.000000000,116.000000000,145,100,11,7,ESM6 C7250
2026-04-20T17:00:52.007144175Z,2026-04-20T17:00:51.937041869Z,1,1,2590395,T,A,0,13.100000000,4,0,14397,77529755,13.100000000,13.200000000,80,321,2,2,UD:1V: VT 2590395
2026-04-20T17:01:02.935943924Z,2026-04-20T17:01:02.932775235Z,1,1,2519420,T,B,0,36.250000000,4,0,18036,77546130,36.000000000,36.250000000,688,4,8,1,UD:1V: VT 2519420
2026-04-20T17:01:28.159236881Z,2026-04-20T17:01:28.015871371Z,1,1,2522402,T,A,0,4.600000000,4,0,17671,77597742,4.600000000,4.700000000,4,383,1,5,UD:1V: VT 2522402
2026-04-20T17:01:31.359633861Z,2026-04-20T17:01:31.359209575Z,1,1,2522402,T,A,0,4.600000000,4,0,14323,77605232,4.600000000,4.650000000,4,248,1,2,UD:1V: VT 2522402
2026-04-20T17:01:34.560113079Z,2026-04-20T17:01:34.559343733Z,1,1,2522402,T,A,0,4.600000000,4,0,15116,77608667,4.600000000,4.650000000,4,248,1,2,UD:1V: VT 2522402
2026-04-20T17:01:37.183094335Z,2026-04-20T17:01:37.170250425Z,1,1,2655176,T,A,0,46.500000000,4,0,15172,77613462,46.500000000,46.750000000,4,932,1,9,UD:1V: VT 2655176
2026-04-20T17:01:38.243538266Z,2026-04-20T17:01:38.242982343Z,1,1,2522402,T,A,0,4.600000000,4,0,14686,77615659,4.600000000,4.650000000,4,248,1,2,UD:1V: VT 2522402
2026-04-20T17:01:41.359678971Z,2026-04-20T17:01:41.359243653Z,1,1,2522402,T,A,0,4.600000000,4,0,14346,77619673,4.600000000,4.650000000,4,248,1,2,UD:1V: VT 2522402
2026-04-20T17:01:49.213335335Z,2026-04-20T17:01:49.211945929Z,1,1,2522402,T,A,0,4.600000000,4,0,13467,77633272,4.600000000,4.650000000,4,248,1,2,UD:1V: VT 2522402
2026-04-20T17:02:11.032805495Z,2026-04-20T17:02:11.030766449Z,1,1,42611781,T,A,0,25.750000000,2,0,17277,198520492,25.750000000,26.000000000,4,111,2,4,ESM6 C7550
2026-04-20T17:02:11.217765330Z,2026-04-20T17:02:11.217210687Z,1,1,42611781,T,A,0,25.750000000,1,0,13555,198520809,25.750000000,26.000000000,2,111,1,4,ESM6 C7550
2026-04-20T17:02:14.413013111Z,2026-04-20T17:02:13.274315323Z,1,1,2505798,T,A,0,8.600000000,4,0,11600,77717301,8.600000000,8.800000000,199,438,2,4,UD:1V: VT 2505798
2026-04-20T17:02:14.860712484Z,2026-04-20T17:02:13.398365065Z,1,1,2522402,T,A,0,4.550000000,4,0,13421,77721061,4.550000000,4.650000000,4,586,1,3,UD:1V: VT 2522402
2026-04-20T17:02:15.128362350Z,2026-04-20T17:02:13.679230083Z,1,1,2520560,T,B,0,28.000000000,2,0,15123,77724209,27.750000000,28.000000000,82,2,1,1,UD:1V: DB 2520560
2026-04-20T17:02:15.752260710Z,2026-04-20T17:02:14.687607961Z,1,1,42404370,T,B,0,41.500000000,1,0,12124,198575989,41.250000000,41.500000000,172,1,6,1,ESM6 P6400
2026-04-20T17:02:24.945979744Z,2026-04-20T17:02:24.902012047Z,1,1,2522402,T,A,0,4.550000000,4,0,21711,77787021,4.550000000,4.650000000,4,883,1,8,UD:1V: VT 2522402
2026-04-20T17:02:31.249664916Z,2026-04-20T17:02:31.248894045Z,1,1,2522402,T,B,0,4.550000000,98,0,13070,77810272,4.500000000,4.550000000,306,98,4,1,UD:1V: VT 2522402
2026-04-20T17:02:45.220186719Z,2026-04-20T17:02:45.177609281Z,1,1,2505798,T,B,0,8.600000000,8,0,16474,77850950,8.500000000,8.600000000,669,98,7,1,UD:1V: VT 2505798
2026-04-20T17:02:45.905234086Z,2026-04-20T17:02:45.676263457Z,1,1,42429065,T,A,0,118.500000000,4,0,11508,198826830,118.500000000,119.000000000,4,66,1,4,ESM6 P6950
2026-04-20T17:02:57.246684057Z,2026-04-20T17:02:55.696192407Z,1,1,2691850,T,B,0,27.750000000,1,0,14212,77908485,27.500000000,27.750000000,753,1,6,1,UD:1V: VT 2691850
2026-04-20T17:03:01.761449534Z,2026-04-20T17:02:59.342595693Z,1,1,42629927,T,B,0,23.000000000,1,0,14021,198992403,22.500000000,23.000000000,128,38,3,2,ESM6 P6040
2026-04-20T17:03:08.096044320Z,2026-04-20T17:03:07.547178581Z,1,1,2688667,T,A,0,29.500000000,64,0,13850,78004659,29.500000000,29.750000000,64,172,1,3,UD:1V: VT 2688667
2026-04-20T17:03:16.880030318Z,2026-04-20T17:03:16.879515351Z,1,1,42399706,T,B,0,72.000000000,1,0,13539,199172250,71.500000000,72.000000000,53,91,4,4,ESM6 P6700
2026-04-20T17:03:21.995132919Z,2026-04-20T17:03:21.994527027Z,1,1,2522593,T,A,0,-14.500000000,1,0,16677,78067357,-14.500000000,-14.400000000,1,4,1,1,UD:1V: GN 2522593
2026-04-20T17:04:08.457485553Z,2026-04-20T17:04:08.437608523Z,1,1,42760624,T,A,0,101.000000000,2,0,14747,199529232,101.000000000,101.500000000,2,132,1,8,ESM6 P6875
2026-04-20T17:04:28.223370286Z,2026-04-20T17:04:28.222819443Z,1,1,2505798,T,A,0,8.700000000,1,0,12742,78246867,8.700000000,8.900000000,207,787,1,8,UD:1V: VT 2505798
2026-04-20T17:04:30.482533908Z,2026-04-20T17:04:30.277987215Z,1,1,42760607,T,A,0,124.000000000,2,0,11812,199679628,124.000000000,124.500000000,2,38,1,5,ESM6 P6975
2026-04-20T17:06:00.248923836Z,2026-04-20T17:06:00.196315719Z,1,1,42611781,T,A,0,25.750000000,2,0,17696,200215088,25.750000000,26.250000000,7,251,2,11,ESM6 C7550
2026-04-20T17:06:15.912453993Z,2026-04-20T17:06:15.897593271Z,1,1,2505798,T,A,0,8.700000000,6,0,17111,78514704,8.700000000,8.800000000,6,162,1,2,UD:1V: VT 2505798
2026-04-20T17:06:19.976794937Z,2026-04-20T17:06:19.540166129Z,1,1,42458398,T,B,0,237.000000000,4,0,11526,200379321,236.000000000,237.000000000,21,4,2,1,ESU6 C7300
2026-04-20T17:06:35.575994212Z,2026-04-20T17:06:35.573417377Z,1,1,42611781,T,A,0,26.000000000,2,0,14480,200492154,26.000000000,26.250000000,4,82,2,5,ESM6 C7550
2026-04-20T17:06:36.819130353Z,2026-04-20T17:06:36.815845715Z,1,1,42394761,T,A,0,31.500000000,1,0,14575,200497125,31.500000000,32.000000000,397,212,12,7,ESM6 P6250
2026-04-20T17:06:50.441192237Z,2026-04-20T17:06:50.427843023Z,1,1,42611781,T,A,0,26.000000000,2,0,16368,200559578,26.000000000,26.250000000,4,101,2,5,ESM6 C7550
2026-04-20T17:06:50.489534681Z,2026-04-20T17:06:50.465370249Z,1,1,42611781,T,A,0,26.000000000,2,0,15833,200560378,26.000000000,26.250000000,2,101,1,5,ESM6 C7550
2026-04-20T17:08:05.238911569Z,2026-04-20T17:08:05.098148427Z,1,1,2505977,T,A,0,30.250000000,65,0,20417,78775019,30.250000000,30.500000000,65,691,2,6,UD:1V: VT 2505977
2026-04-20T17:08:48.538479913Z,2026-04-20T17:08:48.372652755Z,1,1,42404355,T,A,0,10.600000000,4,0,12314,201202173,10.600000000,10.700000000,4,181,1,4,ESM6 P5450
2026-04-20T17:08:55.644952921Z,2026-04-20T17:08:55.610653439Z,1,1,42394753,T,A,0,19.800000000,4,0,16051,201243876,19.800000000,20.000000000,4,319,1,9,ESM6 P5950
2026-04-20T17:10:04.918551851Z,2026-04-20T17:10:04.918002199Z,1,1,2672880,T,B,0,31.500000000,1,0,14667,79032984,31.250000000,31.500000000,879,226,6,1,UD:1V: VT 2672880
2026-04-20T17:10:33.751104258Z,2026-04-20T17:10:33.670216701Z,1,1,42499829,T,A,0,169.500000000,2,0,12676,201694390,169.500000000,170.000000000,3,39,1,7,ESM6 C7150
2026-04-20T17:10:33.823029774Z,2026-04-20T17:10:33.685791425Z,1,1,42499829,T,A,0,169.500000000,1,0,15695,201695697,169.500000000,170.000000000,1,42,1,7,ESM6 C7150
2026-04-20T17:10:44.820534276Z,2026-04-20T17:10:44.539772947Z,1,1,42883306,T,B,0,171.500000000,3,0,13695,201788648,171.000000000,171.500000000,76,3,6,1,ESM6 P7125
2026-04-20T17:11:17.345707807Z,2026-04-20T17:11:17.332446801Z,1,1,2691850,T,B,0,28.000000000,1,0,14127,79216993,27.750000000,28.000000000,956,969,8,8,UD:1V: VT 2691850
2026-04-20T17:14:18.978761241Z,2026-04-20T17:14:18.977624671Z,1,1,300878,T,B,0,183.000000000,1,0,13803,202819257,182.500000000,183.000000000,23,1,1,1,ESZ6 P6400
2026-04-20T17:14:19.987129175Z,2026-04-20T17:14:19.983907757Z,1,1,300878,T,B,0,183.000000000,1,0,13018,202824022,182.500000000,183.000000000,141,1,3,1,ESZ6 P6400
2026-04-20T17:14:27.526584056Z,2026-04-20T17:14:27.032474481Z,1,1,42760624,T,A,0,99.250000000,2,0,14026,202888009,99.250000000,99.500000000,2,26,1,1,ESM6 P6875
2026-04-20T17:14:32.786230731Z,2026-04-20T17:14:32.785096635Z,1,1,300878,T,B,0,183.000000000,1,0,14644,202934803,182.500000000,183.000000000,127,1,3,1,ESZ6 P6400
2026-04-20T17:14:34.071812366Z,2026-04-20T17:14:33.989984177Z,1,1,300878,T,B,0,183.000000000,1,0,13843,202948583,182.500000000,183.000000000,127,1,3,1,ESZ6 P6400
2026-04-20T17:14:56.607866414Z,2026-04-20T17:14:56.600640921Z,1,1,42883305,T,A,0,38.750000000,2,0,16663,203057998,38.750000000,39.000000000,3,266,2,7,ESM6 P6375
2026-04-20T17:14:56.621262822Z,2026-04-20T17:14:56.613915277Z,1,1,42883305,T,A,0,38.750000000,1,0,17434,203058125,38.750000000,39.000000000,1,266,1,7,ESM6 P6375
2026-04-20T17:15:45.295396599Z,2026-04-20T17:15:45.268786615Z,1,1,42399704,T,A,0,64.000000000,8,0,13273,203325466,64.000000000,64.250000000,8,31,3,1,ESM6 P6650
2026-04-20T17:15:45.302055695Z,2026-04-20T17:15:45.268786823Z,1,1,42394812,T,A,0,85.500000000,1,0,11465,203325633,85.500000000,85.750000000,1,28,1,1,ESM6 P6800
2026-04-20T17:15:45.332037772Z,2026-04-20T17:15:45.268787001Z,1,1,42384779,T,A,0,58.250000000,3,0,13983,203326205,58.250000000,58.500000000,3,33,1,1,ESM6 P6600
2026-04-20T17:15:45.791542554Z,2026-04-20T17:15:45.785507239Z,1,1,42394812,T,A,0,85.500000000,6,0,14780,203332354,85.500000000,85.750000000,6,28,1,1,ESM6 P6800
2026-04-20T17:15:45.807690524Z,2026-04-20T17:15:45.799856013Z,1,1,42394812,T,A,0,85.500000000,6,0,11227,203332682,85.500000000,85.750000000,78,28,1,1,ESM6 P6800
2026-04-20T17:15:45.808631563Z,2026-04-20T17:15:45.807140029Z,1,1,42394812,T,A,0,85.500000000,1,0,11205,203332736,85.500000000,85.750000000,72,28,1,1,ESM6 P6800
2026-04-20T17:15:46.547965463Z,2026-04-20T17:15:46.547479863Z,1,1,42378541,T,A,0,34.000000000,21,0,12168,203336085,34.000000000,34.250000000,29,270,2,6,ESM6 P6300
2026-04-20T17:15:51.768898291Z,2026-04-20T17:15:51.739461981Z,1,1,42499829,T,A,0,170.500000000,2,0,13823,203370325,170.500000000,171.000000000,3,95,1,7,ESM6 C7150
2026-04-20T17:15:51.774069387Z,2026-04-20T17:15:51.739555755Z,1,1,42499829,T,A,0,170.500000000,1,0,12492,203370403,170.500000000,171.000000000,1,95,1,7,ESM6 C7150
2026-04-20T17:15:53.694967567Z,2026-04-20T17:15:53.664744387Z,1,1,42399646,T,A,0,10.700000000,4,0,17146,203391237,10.700000000,10.800000000,4,90,1,3,ESM6 C7700
2026-04-20T17:15:54.410881494Z,2026-04-20T17:15:54.367568019Z,1,1,42384729,T,A,0,3.600000000,25,0,21735,203396535,3.600000000,3.700000000,25,180,1,2,ESM6 C7900
2026-04-20T17:16:06.000572033Z,2026-04-20T17:16:05.997169177Z,1,1,2505798,T,A,0,8.800000000,9,0,14446,79856670,8.800000000,9.000000000,9,730,1,7,UD:1V: VT 2505798
2026-04-20T17:16:26.009869159Z,2026-04-20T17:16:26.009293469Z,1,1,141298,T,A,0,7.000000000,1,0,16214,203570995,7.000000000,7.100000000,1,585,1,3,ESZ6 P2500
2026-04-20T17:16:46.286375345Z,2026-04-20T17:16:46.285964397Z,1,1,2518965,T,A,0,63.000000000,1,0,13433,79930819,63.000000000,63.250000000,1,181,1,6,UD:1V: BO 2518965
2026-04-20T17:17:17.644706479Z,2026-04-20T17:17:17.644217831Z,1,1,42310070,T,B,0,367.500000000,2,0,14916,203791686,366.000000000,367.500000000,9,64,1,5,ESZ6 C7300
2026-04-20T17:17:27.522620017Z,2026-04-20T17:17:27.501762521Z,1,1,42429065,T,A,0,116.000000000,2,0,13040,203821335,116.000000000,116.500000000,2,82,1,7,ESM6 P6950
2026-04-20T17:17:43.513038715Z,2026-04-20T17:17:42.898894679Z,1,1,42439503,T,A,0,31.250000000,4,0,12912,203912801,31.250000000,31.500000000,31,115,2,3,ESU6 P5100
2026-04-20T17:17:43.540742428Z,2026-04-20T17:17:42.927210181Z,1,1,42398044,T,A,0,37.500000000,4,0,12793,203913300,37.500000000,37.750000000,33,13,2,2,ESU6 P5300
2026-04-20T17:17:45.070181364Z,2026-04-20T17:17:44.883448285Z,1,1,42330564,T,B,0,138.000000000,4,0,12542,203934521,137.500000000,138.000000000,46,4,2,1,ESZ6 C7800
2026-04-20T17:17:45.578425591Z,2026-04-20T17:17:45.054621823Z,1,1,42510079,T,B,0,76.250000000,105,0,14029,203941393,76.000000000,76.250000000,75,149,5,1,ESM6 C7350
2026-04-20T17:17:45.608334042Z,2026-04-20T17:17:45.054921829Z,1,1,42510079,T,B,0,76.250000000,24,0,17062,203941651,76.000000000,76.250000000,75,44,5,1,ESM6 C7350
2026-04-20T17:17:46.244839441Z,2026-04-20T17:17:45.578429381Z,1,1,42510079,T,B,0,76.250000000,1,0,13764,203949099,76.000000000,76.250000000,85,20,6,1,ESM6 C7350
2026-04-20T17:17:46.285967384Z,2026-04-20T17:17:45.638981015Z,1,1,42510079,T,B,0,76.250000000,19,0,16298,203949719,76.000000000,76.250000000,85,19,6,1,ESM6 C7350
2026-04-20T17:18:01.889185893Z,2026-04-20T17:18:01.750244893Z,1,1,42366523,T,B,0,160.000000000,1,0,11142,204042881,159.500000000,160.000000000,93,1,8,1,ESM6 P7100
2026-04-20T17:18:06.820919233Z,2026-04-20T17:18:06.820363079Z,1,1,279058,T,B,0,4.000000000,1,0,13206,204078339,3.800000000,4.000000000,168,1,1,1,ESZ6 P2000
2026-04-20T17:18:06.919536158Z,2026-04-20T17:18:06.918982229Z,1,1,2619702,T,A,0,30.500000000,1,0,13182,80123006,30.500000000,30.750000000,66,328,1,6,UD:1V: VT 2619702
2026-04-20T17:18:08.681790647Z,2026-04-20T17:18:08.164632155Z,1,1,2522851,T,B,0,25.250000000,1,0,13899,80131569,25.000000000,25.250000000,336,1,4,1,UD:1V: VT 2522851
2026-04-20T17:18:14.477090867Z,2026-04-20T17:18:14.440719481Z,1,1,2694033,T,B,0,19.800000000,4,0,13490,80150135,19.700000000,19.800000000,642,4,4,1,UD:1V: VT 2694033
2026-04-20T17:18:17.668103411Z,2026-04-20T17:18:17.667666037Z,1,1,2694033,T,B,0,19.800000000,4,0,15939,80153736,19.700000000,19.800000000,642,4,4,1,UD:1V: VT 2694033
2026-04-20T17:18:20.862180891Z,2026-04-20T17:18:20.860220907Z,1,1,2694033,T,B,0,19.800000000,4,0,14075,80157775,19.700000000,19.800000000,862,4,5,1,UD:1V: VT 2694033
2026-04-20T17:18:24.060375089Z,2026-04-20T17:18:24.059988283Z,1,1,2694033,T,B,0,19.800000000,4,0,14495,80162035,19.700000000,19.800000000,862,4,5,1,UD:1V: VT 2694033
2026-04-20T17:18:27.260396615Z,2026-04-20T17:18:27.259955717Z,1,1,2694033,T,B,0,19.800000000,4,0,12902,80165255,19.700000000,19.800000000,862,4,5,1,UD:1V: VT 2694033
2026-04-20T17:18:30.460352167Z,2026-04-20T17:18:30.459952759Z,1,1,2694033,T,B,0,19.800000000,4,0,14710,80168968,19.700000000,19.800000000,862,4,5,1,UD:1V: VT 2694033
2026-04-20T17:18:33.442313590Z,2026-04-20T17:18:33.334933409Z,1,1,2518965,T,A,0,62.750000000,1,0,13490,80174647,62.750000000,63.000000000,1,256,1,6,UD:1V: BO 2518965
2026-04-20T17:18:47.628984702Z,2026-04-20T17:18:47.264586131Z,1,1,42760624,T,A,0,99.000000000,1,0,11537,204256303,99.000000000,99.250000000,1,37,1,2,ESM6 P6875
2026-04-20T17:19:10.183898822Z,2026-04-20T17:19:10.059930497Z,1,1,42378393,T,A,0,565.000000000,1,0,12723,204381422,565.000000000,594.000000000,1,1,1,1,ESM6 P7700
2026-04-20T17:19:18.960600303Z,2026-04-20T17:19:18.946447449Z,1,1,42384779,T,A,0,57.750000000,1,0,14676,204451296,57.750000000,58.000000000,20,1,4,1,ESM6 P6600
2026-04-20T17:19:23.582125931Z,2026-04-20T17:19:23.564857461Z,1,1,42384779,T,A,0,57.750000000,1,0,14383,204477422,57.750000000,58.000000000,16,1,4,1,ESM6 P6600
2026-04-20T17:19:26.884954907Z,2026-04-20T17:19:26.884474819Z,1,1,42384779,T,A,0,57.750000000,1,0,16113,204492227,57.750000000,58.000000000,84,1,8,1,ESM6 P6600
2026-04-20T17:19:29.843526398Z,2026-04-20T17:19:29.736570237Z,1,1,42384779,T,B,0,58.000000000,1,0,12737,204507279,57.750000000,58.000000000,80,1,7,1,ESM6 P6600
2026-04-20T17:19:39.497314878Z,2026-04-20T17:19:39.494319365Z,1,1,42902241,T,A,0,40.500000000,1,0,11342,204559310,40.500000000,41.000000000,65,158,5,8,ESM6 C7475
2026-04-20T17:19:39.506231238Z,2026-04-20T17:19:39.494388977Z,1,1,42902241,T,A,0,40.500000000,1,0,17269,204559354,40.500000000,41.000000000,64,158,5,8,ESM6 C7475
2026-04-20T17:19:39.650242388Z,2026-04-20T17:19:39.508031619Z,1,1,42902241,T,A,0,40.500000000,1,0,13229,204562198,40.500000000,41.000000000,85,134,2,5,ESM6 C7475
2026-04-20T17:19:39.756630543Z,2026-04-20T17:19:39.535178689Z,1,1,42902241,T,A,0,40.500000000,1,0,13782,204563721,40.500000000,41.000000000,1,152,1,6,ESM6 C7475
2026-04-20T17:19:42.493899572Z,2026-04-20T17:19:42.493419911Z,1,1,42384779,T,A,0,58.000000000,1,0,16205,204585915,58.000000000,58.250000000,1,83,1,7,ESM6 P6600
2026-04-20T17:20:03.344168550Z,2026-04-20T17:20:03.318226373Z,1,1,42404370,T,A,0,40.250000000,1,0,13644,204735882,40.250000000,40.500000000,2,173,1,7,ESM6 P6400
2026-04-20T17:20:06.859452699Z,2026-04-20T17:20:06.763259707Z,1,1,42499829,T,A,0,171.500000000,3,0,12031,204751482,171.500000000,172.000000000,3,86,1,9,ESM6 C7150
2026-04-20T17:20:09.565492675Z,2026-04-20T17:20:09.489899063Z,1,1,42883306,T,B,0,169.500000000,3,0,13080,204784005,169.000000000,169.500000000,79,3,8,1,ESM6 P7125
2026-04-20T17:20:16.664355147Z,2026-04-20T17:20:16.663758067Z,1,1,2523094,T,A,0,640.000000000,5,0,13394,80460131,640.000000000,640.500000000,5,5,1,1,UD:1V:CRR 2523094
2026-04-20T17:20:16.664834815Z,2026-04-20T17:20:16.664298697Z,1,1,2523094,T,B,0,640.000000000,64,0,12655,80460133,,640.000000000,0,195,0,1,UD:1V:CRR 2523094
2026-04-20T17:20:16.690836803Z,2026-04-20T17:20:16.690331493Z,1,1,2523094,T,B,0,640.000000000,131,0,17549,80460151,,640.000000000,0,131,0,1,UD:1V:CRR 2523094
2026-04-20T17:20:35.179972079Z,2026-04-20T17:20:35.179512449Z,1,1,2523094,T,B,0,640.000000000,200,0,14470,80499576,,640.000000000,0,200,0,1,UD:1V:CRR 2523094
2026-04-20T17:20:37.314829169Z,2026-04-20T17:20:37.313345669Z,1,1,42611781,T,A,0,26.250000000,8,0,13357,204937291,26.250000000,26.750000000,101,221,6,8,ESM6 C7550
2026-04-20T17:20:38.635693339Z,2026-04-20T17:20:38.616339751Z,1,1,42611781,T,A,0,26.250000000,8,0,17154,204941722,26.250000000,26.750000000,108,221,6,8,ESM6 C7550
2026-04-20T17:20:39.767919179Z,2026-04-20T17:20:39.766693159Z,1,1,42611781,T,A,0,26.250000000,10,0,13057,204949958,26.250000000,26.750000000,145,257,6,8,ESM6 C7550
2026-04-20T17:20:39.934493572Z,2026-04-20T17:20:39.887864347Z,1,1,42611781,T,A,0,26.250000000,15,0,12761,204952761,26.250000000,26.750000000,131,262,5,9,ESM6 C7550
2026-04-20T17:20:39.972113895Z,2026-04-20T17:20:39.888035823Z,1,1,42404370,T,B,0,40.500000000,1,0,12856,204953374,40.250000000,40.500000000,152,1,8,1,ESM6 P6400
2026-04-20T17:20:48.542881655Z,2026-04-20T17:20:48.524881609Z,1,1,42611781,T,A,0,26.250000000,9,0,14246,204999892,26.250000000,26.750000000,128,287,5,10,ESM6 C7550
2026-04-20T17:20:48.554700425Z,2026-04-20T17:20:48.525178069Z,1,1,42611781,T,A,0,26.250000000,2,0,14278,205000097,26.250000000,26.750000000,119,287,5,10,ESM6 C7550
2026-04-20T17:20:48.578262148Z,2026-04-20T17:20:48.525594157Z,1,1,42611781,T,A,0,26.250000000,2,0,14610,205000412,26.250000000,26.750000000,117,287,5,10,ESM6 C7550
2026-04-20T17:20:48.621079310Z,2026-04-20T17:20:48.529362727Z,1,1,42611781,T,A,0,26.250000000,4,0,14210,205001179,26.250000000,26.750000000,114,287,4,10,ESM6 C7550
2026-04-20T17:20:57.892905228Z,2026-04-20T17:20:57.889959573Z,1,1,2523115,T,A,0,159.000000000,50,0,12562,80556252,159.000000000,159.500000000,50,755,1,5,UD:1V:CVT 2523115
2026-04-20T17:20:57.893175819Z,2026-04-20T17:20:57.889960179Z,1,1,2523115,T,A,0,159.000000000,50,0,11475,80556254,159.000000000,159.500000000,50,755,1,5,UD:1V:CVT 2523115
2026-04-20T17:21:20.441973937Z,2026-04-20T17:21:20.435242913Z,1,1,42611781,T,A,0,26.250000000,1,0,16030,205190304,26.250000000,26.500000000,1,30,1,5,ESM6 C7550
2026-04-20T17:24:28.807151820Z,2026-04-20T17:24:28.805250595Z,1,1,42384725,T,A,0,60.000000000,5,0,16260,206123863,60.000000000,60.500000000,84,65,7,7,ESM6 C7400
2026-04-20T17:24:45.230864806Z,2026-04-20T17:24:45.222645299Z,1,1,42394812,T,A,0,85.250000000,1,0,14755,206211077,85.250000000,85.500000000,1,99,1,7,ESM6 P6800
2026-04-20T17:24:47.310890231Z,2026-04-20T17:24:47.290478083Z,1,1,42372979,T,B,0,96.000000000,1,0,17575,206221604,95.500000000,96.000000000,85,2,9,2,ESM6 C7300
2026-04-20T17:25:59.545440367Z,2026-04-20T17:25:59.544882077Z,1,1,2523241,T,B,0,8.800000000,25,0,13527,81175923,8.600000000,8.800000000,25,25,1,1,UD:1V: VT 2523241
2026-04-20T17:25:59.545915177Z,2026-04-20T17:25:59.545426969Z,1,1,2523241,T,A,0,8.800000000,2,0,14286,81175925,8.800000000,8.900000000,2,319,1,1,UD:1V: VT 2523241
2026-04-20T17:26:02.209981665Z,2026-04-20T17:26:02.207730745Z,1,1,42378346,T,A,0,35.250000000,2,0,14859,206504763,35.250000000,35.500000000,8,4,3,2,ESM6 C7500
2026-04-20T17:26:02.512731006Z,2026-04-20T17:26:02.505686435Z,1,1,42378346,T,A,0,35.250000000,2,0,14743,206505254,35.250000000,35.500000000,6,4,2,2,ESM6 C7500
2026-04-20T17:26:09.113226394Z,2026-04-20T17:26:09.112605775Z,1,1,2523245,T,A,0,9.200000000,14,0,15173,81188802,9.200000000,9.300000000,14,1224,1,11,UD:1V: VT 2523245
2026-04-20T17:26:16.019864629Z,2026-04-20T17:26:16.015297455Z,1,1,43024830,T,B,0,9.100000000,4,0,11521,206552889,8.900000000,9.100000000,456,4,9,1,ESM6 P5325
2026-04-20T17:27:14.510424598Z,2026-04-20T17:27:14.471885271Z,1,1,42883306,T,A,0,169.500000000,3,0,14025,206796694,169.500000000,170.000000000,3,76,1,8,ESM6 P7125
2026-04-20T17:27:34.046016516Z,2026-04-20T17:27:34.045428529Z,1,1,2517298,T,B,0,-19.000000000,1,0,15320,81349487,-19.700000000,-19.000000000,65,72,3,4,UD:1V: GN 2517298
2026-04-20T17:27:38.515686756Z,2026-04-20T17:27:38.515108029Z,1,1,2691850,T,A,0,28.000000000,1,0,17968,81353005,28.000000000,28.250000000,718,1021,7,8,UD:1V: VT 2691850
2026-04-20T17:27:44.922613499Z,2026-04-20T17:27:44.922077727Z,1,1,81352,T,A,0,7.700000000,50,0,14487,206972552,7.700000000,7.800000000,50,153,1,2,ESZ6 C9000
2026-04-20T17:28:02.084579518Z,2026-04-20T17:28:02.051598723Z,1,1,2502786,T,B,0,40.750000000,4,0,13108,81420290,40.500000000,40.750000000,147,4,4,1,UD:1V: VT 2502786
2026-04-20T17:28:03.493839067Z,2026-04-20T17:28:03.250496001Z,1,1,2517298,T,A,0,-19.500000000,1,0,12262,81431969,-19.500000000,-19.100000000,1,17,1,2,UD:1V: GN 2517298
2026-04-20T17:28:06.926092169Z,2026-04-20T17:28:06.925521397Z,1,1,2672880,T,B,0,31.500000000,1,0,13584,81453367,31.250000000,31.500000000,627,228,6,1,UD:1V: VT 2672880
2026-04-20T17:28:32.971692657Z,2026-04-20T17:28:32.969591723Z,1,1,42378592,T,A,0,48.500000000,1,0,13171,207242448,48.500000000,48.750000000,1,170,1,7,ESM6 P6500
2026-04-20T17:29:05.116754573Z,2026-04-20T17:29:05.115269649Z,1,1,42429065,T,B,0,116.500000000,1,0,15621,207382950,116.000000000,116.500000000,75,82,7,7,ESM6 P6950
2026-04-20T17:29:09.441680983Z,2026-04-20T17:29:09.433962007Z,1,1,42384725,T,A,0,59.500000000,3,0,15317,207395880,59.500000000,60.000000000,75,122,6,9,ESM6 C7400
2026-04-20T17:29:09.554820655Z,2026-04-20T17:29:09.541872515Z,1,1,2694033,T,B,0,19.900000000,124,0,16760,81570948,19.700000000,19.900000000,1050,154,6,2,UD:1V: VT 2694033
2026-04-20T17:29:24.876973481Z,2026-04-20T17:29:24.866050959Z,1,1,2523318,T,A,0,2.200000000,4,0,13538,81610268,2.200000000,2.350000000,4,897,1,3,UD:1V: VT 2523318
2026-04-20T17:29:31.523068881Z,2026-04-20T17:29:31.471489051Z,1,1,2694033,T,B,0,19.900000000,4,0,12371,81632901,19.700000000,19.900000000,1148,4,7,1,UD:1V: VT 2694033
2026-04-20T17:30:37.582938695Z,2026-04-20T17:30:37.553163585Z,1,1,42372979,T,A,0,94.500000000,2,0,18668,207952279,94.500000000,95.000000000,4,85,2,6,ESM6 C7300
2026-04-20T17:30:42.279642759Z,2026-04-20T17:30:42.055999325Z,1,1,42883306,T,B,0,170.500000000,3,0,13910,207983499,170.000000000,170.500000000,113,3,9,1,ESM6 P7125
2026-04-20T17:30:42.715766769Z,2026-04-20T17:30:42.464995193Z,1,1,42611781,T,A,0,26.000000000,2,0,11495,207991165,26.000000000,26.250000000,2,18,1,5,ESM6 C7550
2026-04-20T17:30:44.287499629Z,2026-04-20T17:30:44.286274571Z,1,1,2655176,T,A,0,46.750000000,2,0,14711,81867154,46.750000000,47.000000000,2,807,2,7,UD:1V: VT 2655176
2026-04-20T17:30:45.703597646Z,2026-04-20T17:30:45.694608003Z,1,1,42836581,T,B,0,22.000000000,2,0,13708,208030108,21.750000000,22.000000000,348,2,9,1,ESM6 P6025
2026-04-20T17:30:48.422773006Z,2026-04-20T17:30:48.412357587Z,1,1,42377879,T,A,0,10.400000000,4,0,12686,208065804,10.400000000,10.700000000,4,152,1,3,ESU6 C8300
2026-04-20T17:30:51.715923491Z,2026-04-20T17:30:51.669585219Z,1,1,42377879,T,A,0,10.400000000,4,0,14178,208091692,10.400000000,10.700000000,4,152,1,3,ESU6 C8300
2026-04-20T17:32:12.244386001Z,2026-04-20T17:32:12.120171557Z,1,1,42366510,T,A,0,199.500000000,17,0,12698,208449436,199.500000000,200.000000000,36,23,1,3,ESM6 C7100
2026-04-20T17:32:12.465127794Z,2026-04-20T17:32:12.156940329Z,1,1,42919945,T,A,0,215.500000000,11,0,12260,208453876,215.500000000,216.500000000,11,41,2,3,ESM6 C7075
2026-04-20T17:32:30.386009219Z,2026-04-20T17:32:30.050585313Z,1,1,2513332,T,A,0,44.750000000,4,0,15154,82125956,44.750000000,45.000000000,4,757,1,7,UD:1V: VT 2513332
2026-04-20T17:32:32.458507564Z,2026-04-20T17:32:32.244465219Z,1,1,42510079,T,A,0,74.500000000,149,0,12704,208600517,74.500000000,74.750000000,149,37,1,4,ESM6 C7350
2026-04-20T17:32:33.500793267Z,2026-04-20T17:32:33.491448921Z,1,1,42572477,T,B,0,7.900000000,1,0,13789,208615751,7.600000000,7.900000000,272,363,8,8,ESM6 C7750
2026-04-20T17:32:52.201640876Z,2026-04-20T17:32:52.200725507Z,1,1,2523241,T,B,0,9.000000000,17,0,13111,82190433,8.700000000,9.000000000,1495,1508,9,9,UD:1V: VT 2523241
2026-04-20T17:33:14.581875427Z,2026-04-20T17:33:14.421362105Z,1,1,42572477,T,A,0,7.600000000,1,0,12873,208827746,7.600000000,7.900000000,261,367,7,9,ESM6 C7750
2026-04-20T17:33:28.967752662Z,2026-04-20T17:33:28.920360851Z,1,1,42883306,T,A,0,171.000000000,3,0,11487,208909247,171.000000000,171.500000000,3,92,1,8,ESM6 P7125
2026-04-20T17:33:49.358344422Z,2026-04-20T17:33:49.336982631Z,1,1,2523424,T,A,0,200.000000000,1,0,13600,82315576,200.000000000,201.000000000,9,9,1,1,UD:1V: GN 2523424
2026-04-20T17:35:39.998497399Z,2026-04-20T17:35:39.500871615Z,1,1,42499829,T,B,0,169.500000000,3,0,14139,209702164,168.000000000,169.500000000,4,3,1,1,ESM6 C7150
2026-04-20T17:35:57.392846055Z,2026-04-20T17:35:57.383782119Z,1,1,42611781,T,A,0,25.750000000,4,0,13985,209900993,25.750000000,26.000000000,10,4,3,2,ESM6 C7550
2026-04-20T17:36:17.034803141Z,2026-04-20T17:36:16.920991773Z,1,1,2513332,T,A,0,44.750000000,4,0,16200,82797410,44.750000000,45.000000000,4,841,1,7,UD:1V: VT 2513332
2026-04-20T17:37:02.172267201Z,2026-04-20T17:37:02.056560627Z,1,1,2689726,T,B,0,14.300000000,3,0,13822,82960512,14.200000000,14.300000000,1657,3,9,1,UD:1V: VT 2689726
2026-04-20T17:37:32.814251916Z,2026-04-20T17:37:32.813876175Z,1,1,2523501,T,A,0,9.200000000,1,0,13065,83065367,9.200000000,9.300000000,1,2045,1,11,UD:1V: VT 2523501
2026-04-20T17:39:51.689459559Z,2026-04-20T17:39:51.689181613Z,1,1,42439383,T,A,0,295.500000000,8,0,13327,211315392,295.500000000,296.000000000,8,34,1,6,ESU6 C7200
2026-04-20T17:40:51.900854195Z,2026-04-20T17:40:51.555822039Z,1,1,42315459,T,B,0,85.500000000,1,0,11380,211584318,85.000000000,85.500000000,25,2,1,1,ESZ6 C8000
2026-04-20T17:40:53.251957270Z,2026-04-20T17:40:52.440134983Z,1,1,42315459,T,B,0,85.500000000,1,0,14267,211606536,79.750000000,85.500000000,1,1,1,1,ESZ6 C8000
2026-04-20T17:40:53.493351697Z,2026-04-20T17:40:52.580775639Z,1,1,42510079,T,B,0,76.250000000,121,0,11801,211609568,7.000000000,76.250000000,3,149,1,1,ESM6 C7350
2026-04-20T17:40:58.061745911Z,2026-04-20T17:40:58.061406753Z,1,1,42439347,T,A,0,77.750000000,1,0,13570,211663419,77.750000000,78.000000000,1,61,1,3,ESU6 P6000
2026-04-20T17:41:27.606991971Z,2026-04-20T17:41:27.535004065Z,1,1,42439503,T,A,0,31.500000000,4,0,11444,211892116,31.500000000,31.750000000,4,105,1,2,ESU6 P5100
2026-04-20T17:41:53.526277265Z,2026-04-20T17:41:53.496276673Z,1,1,42439383,T,A,0,295.000000000,4,0,12731,212051890,295.000000000,295.500000000,4,8,1,3,ESU6 C7200
2026-04-20T17:42:04.198393211Z,2026-04-20T17:42:04.197738069Z,1,1,2523576,T,A,0,0.500000000,20,0,14207,83762802,0.500000000,1.250000000,20,38,1,3,UD:1V: GN 2523576
2026-04-20T17:42:23.946868222Z,2026-04-20T17:42:23.946325023Z,1,1,2523595,T,A,0,84.500000000,2,0,20004,83802446,84.500000000,84.750000000,2,73,1,5,UD:1V: GN 2523595
2026-04-20T17:42:29.725277409Z,2026-04-20T17:42:29.724731471Z,1,1,2513332,T,A,0,44.750000000,1,0,15983,83817904,44.750000000,45.000000000,4,1079,1,10,UD:1V: VT 2513332
2026-04-20T17:42:43.181682685Z,2026-04-20T17:42:43.179729829Z,1,1,42413475,T,B,0,114.500000000,1,0,14797,212360930,114.000000000,114.500000000,106,1,3,1,ESU6 P6350
2026-04-20T17:42:49.174297505Z,2026-04-20T17:42:49.168472521Z,1,1,2672880,T,B,0,31.750000000,1,0,12001,83873353,31.500000000,31.750000000,608,216,6,1,UD:1V: VT 2672880
2026-04-20T17:42:49.175932588Z,2026-04-20T17:42:49.171234903Z,1,1,42413475,T,B,0,114.500000000,1,0,16043,212390264,114.000000000,114.500000000,117,1,4,1,ESU6 P6350
2026-04-20T17:42:50.683297067Z,2026-04-20T17:42:50.669353565Z,1,1,42413476,T,B,0,121.000000000,1,0,14891,212396214,120.500000000,121.000000000,157,1,5,1,ESU6 P6400
2026-04-20T17:42:53.020124281Z,2026-04-20T17:42:52.973492919Z,1,1,42883306,T,A,0,172.000000000,3,0,14988,212404376,172.000000000,172.500000000,3,103,1,8,ESM6 P7125
2026-04-20T17:43:12.262301852Z,2026-04-20T17:43:12.031635393Z,1,1,42499829,T,B,0,169.500000000,3,0,14343,212546508,169.000000000,169.500000000,59,3,6,1,ESM6 C7150
2026-04-20T17:43:22.450521759Z,2026-04-20T17:43:22.250165681Z,1,1,2523595,T,A,0,84.250000000,1,0,13761,83979841,84.250000000,84.750000000,1,114,1,4,UD:1V: GN 2523595
2026-04-20T17:44:16.117751308Z,2026-04-20T17:44:16.067200359Z,1,1,2689726,T,B,0,14.300000000,3,0,13887,84089741,14.200000000,14.300000000,2088,3,9,1,UD:1V: VT 2689726
2026-04-20T17:44:23.532585735Z,2026-04-20T17:44:23.530271639Z,1,1,42712326,T,B,0,17.400000000,5,0,14169,212916803,17.200000000,17.400000000,97,5,1,2,ESU6 C8150
2026-04-20T17:44:27.037987139Z,2026-04-20T17:44:27.010820099Z,1,1,42572477,T,B,0,7.900000000,4,0,12404,212933279,7.800000000,7.900000000,153,4,4,1,ESM6 C7750
2026-04-20T17:45:23.637785097Z,2026-04-20T17:45:23.622901107Z,1,1,2523595,T,A,0,84.000000000,1,0,11823,84215801,84.000000000,84.500000000,2,163,1,8,UD:1V: GN 2523595
2026-04-20T17:45:24.903140094Z,2026-04-20T17:45:24.883614011Z,1,1,2523595,T,A,0,84.000000000,1,0,14926,84217545,84.000000000,84.500000000,1,163,1,8,UD:1V: GN 2523595
2026-04-20T17:45:53.392978126Z,2026-04-20T17:45:53.392466797Z,1,1,42409639,T,B,0,1.000000000,1,0,13866,213346200,0.950000000,1.000000000,1073,1,10,1,ESM6 P3200
2026-04-20T17:46:41.858463515Z,2026-04-20T17:46:41.562329675Z,1,1,2655176,T,A,0,46.750000000,4,0,14453,84387824,46.750000000,47.000000000,4,749,1,7,UD:1V: VT 2655176
2026-04-20T17:48:20.406836033Z,2026-04-20T17:48:20.406479403Z,1,1,42394754,T,B,0,29.000000000,1,0,13593,214023972,28.750000000,29.000000000,476,1,10,1,ESM6 P6200
2026-04-20T17:48:42.198969675Z,2026-04-20T17:48:42.198436903Z,1,1,42394754,T,B,0,29.000000000,1,0,14557,214132437,28.750000000,29.000000000,476,1,10,1,ESM6 P6200
2026-04-20T17:49:49.606690796Z,2026-04-20T17:49:49.598428209Z,1,1,42611781,T,A,0,26.250000000,2,0,21355,214416960,26.250000000,26.500000000,2,51,1,5,ESM6 C7550
2026-04-20T17:49:49.624485428Z,2026-04-20T17:49:49.622655687Z,1,1,42611781,T,A,0,26.250000000,92,0,11227,214417292,26.250000000,26.500000000,92,49,1,4,ESM6 C7550
2026-04-20T17:50:07.407752569Z,2026-04-20T17:50:07.403341475Z,1,1,2501619,T,B,0,29.250000000,1,0,13630,84754703,28.750000000,29.250000000,963,230,4,1,UD:1V: VT 2501619
2026-04-20T17:51:46.482533076Z,2026-04-20T17:51:46.460481459Z,1,1,42439383,T,B,0,296.000000000,4,0,13463,214926435,295.500000000,296.000000000,10,4,4,1,ESU6 C7200
2026-04-20T17:52:20.048848014Z,2026-04-20T17:52:20.020554503Z,1,1,2655176,T,A,0,46.750000000,4,0,13767,84985493,46.750000000,47.000000000,4,903,1,9,UD:1V: VT 2655176
2026-04-20T17:54:06.125121091Z,2026-04-20T17:54:06.109169239Z,1,1,42446245,T,B,0,144.500000000,2,0,15326,215466636,144.000000000,144.500000000,129,21,9,2,ESM6 P7050
2026-04-20T17:54:13.923926276Z,2026-04-20T17:54:13.915785195Z,1,1,42439383,T,B,0,296.000000000,8,0,13342,215495236,295.500000000,296.000000000,17,8,5,1,ESU6 C7200
2026-04-20T17:54:55.890564649Z,2026-04-20T17:54:55.890209629Z,1,1,42372981,T,A,0,2.350000000,20,0,13501,215649982,2.350000000,2.400000000,20,394,1,8,ESM6 C8000
2026-04-20T17:55:25.670406007Z,2026-04-20T17:55:25.670099165Z,1,1,42372981,T,A,0,2.350000000,20,0,14349,215774164,2.350000000,2.400000000,20,369,1,7,ESM6 C8000
2026-04-20T17:55:41.874446433Z,2026-04-20T17:55:41.800235601Z,1,1,2655176,T,A,0,46.750000000,4,0,13568,85283075,46.750000000,47.000000000,4,1055,1,10,UD:1V: VT 2655176
2026-04-20T17:59:27.032278428Z,2026-04-20T17:59:27.031272509Z,1,1,2693264,T,A,0,30.500000000,4,0,14106,85668055,30.500000000,30.750000000,4,695,1,6,UD:1V: VT 2693264
2026-04-20T17:59:47.889709335Z,2026-04-20T17:59:47.889142775Z,1,1,2693264,T,A,0,30.500000000,4,0,14841,85691328,30.500000000,30.750000000,4,1408,1,11,UD:1V: VT 2693264
2026-04-20T17:59:59.944445267Z,2026-04-20T17:59:59.885623203Z,1,1,42394812,T,A,0,86.500000000,1,0,13997,216884202,86.500000000,86.750000000,12,35,3,5,ESM6 P6800
2026-04-20T18:00:10.655668564Z,2026-04-20T18:00:10.655120375Z,1,1,2672880,T,B,0,31.750000000,1,0,13307,85734822,31.500000000,31.750000000,739,218,6,1,UD:1V: VT 2672880
2026-04-20T18:00:26.658999135Z,2026-04-20T18:00:26.658483941Z,1,1,42429258,T,A,0,69.750000000,2,0,14446,217012894,69.750000000,70.250000000,174,22,4,2,ESU6 P5900
2026-04-20T18:00:46.505733583Z,2026-04-20T18:00:46.504922961Z,1,1,2693264,T,A,0,30.500000000,4,0,13654,85803896,30.500000000,30.750000000,4,1213,1,10,UD:1V: VT 2693264
2026-04-20T18:00:54.644568290Z,2026-04-20T18:00:54.636464445Z,1,1,42394804,T,A,0,53.750000000,2,0,15292,217172383,53.750000000,54.250000000,6,210,2,10,ESM6 P6550
2026-04-20T18:01:06.886551249Z,2026-04-20T18:01:06.870997395Z,1,1,2523890,T,A,0,2.550000000,3,0,12547,85869905,2.550000000,2.700000000,3,821,1,6,UD:1V: GN 2523890
2026-04-20T18:01:07.622825575Z,2026-04-20T18:01:07.620185139Z,1,1,42510079,T,A,0,74.500000000,4,0,11383,217263375,74.500000000,74.750000000,125,79,2,6,ESM6 C7350
2026-04-20T18:01:07.721994839Z,2026-04-20T18:01:07.620815897Z,1,1,42510079,T,A,0,74.500000000,39,0,11303,217265353,74.500000000,74.750000000,121,70,2,5,ESM6 C7350
2026-04-20T18:01:08.031424366Z,2026-04-20T18:01:07.706045391Z,1,1,42510079,T,A,0,74.500000000,25,0,12872,217270384,74.500000000,74.750000000,78,79,1,6,ESM6 C7350
2026-04-20T18:01:08.031544449Z,2026-04-20T18:01:07.706047443Z,1,1,42510079,T,A,0,74.500000000,4,0,11208,217270389,74.500000000,74.750000000,53,79,1,6,ESM6 C7350
2026-04-20T18:01:08.049376958Z,2026-04-20T18:01:07.706392679Z,1,1,42510079,T,A,0,74.500000000,5,0,11288,217270815,74.500000000,74.750000000,49,79,1,6,ESM6 C7350
2026-04-20T18:01:08.417367814Z,2026-04-20T18:01:08.382524555Z,1,1,42510079,T,A,0,74.500000000,23,0,13753,217277149,74.500000000,74.750000000,44,105,1,6,ESM6 C7350
2026-04-20T18:01:08.425673376Z,2026-04-20T18:01:08.388384767Z,1,1,42510079,T,A,0,74.500000000,8,0,13593,217277338,74.500000000,74.750000000,21,105,1,6,ESM6 C7350
2026-04-20T18:01:08.430205071Z,2026-04-20T18:01:08.388565747Z,1,1,42510079,T,A,0,74.500000000,6,0,11285,217277431,74.500000000,74.750000000,13,105,1,6,ESM6 C7350
2026-04-20T18:01:08.436636563Z,2026-04-20T18:01:08.388889819Z,1,1,42510079,T,A,0,74.500000000,7,0,13217,217277569,74.500000000,74.750000000,7,105,1,6,ESM6 C7350
2026-04-20T18:01:17.805278274Z,2026-04-20T18:01:17.734740357Z,1,1,42854015,T,A,0,75.000000000,14,0,14869,217348948,75.000000000,75.250000000,14,85,2,3,ESM6 P6725
2026-04-20T18:01:33.601503188Z,2026-04-20T18:01:33.528388511Z,1,1,42560128,T,A,0,29.750000000,4,0,11813,217444578,29.750000000,30.000000000,4,86,1,3,ESM6 C7525
2026-04-20T18:01:52.653022549Z,2026-04-20T18:01:52.652466945Z,1,1,2524134,T,A,0,287.500000000,1,0,13510,86007303,287.500000000,288.000000000,1,36,1,2,UD:1V: GN 2524134
2026-04-20T18:02:13.028093988Z,2026-04-20T18:02:13.027451613Z,1,1,2523902,T,B,0,-3.000000000,3,0,17259,86059803,-3.100000000,-3.000000000,54,70,2,2,UD:1V: GN 2523902
2026-04-20T18:02:20.163496622Z,2026-04-20T18:02:20.141553817Z,1,1,2655176,T,A,0,46.500000000,1,0,14509,86075093,46.500000000,46.750000000,1,936,1,9,UD:1V: VT 2655176
2026-04-20T18:02:21.719469635Z,2026-04-20T18:02:21.237157673Z,1,1,42854015,T,A,0,75.250000000,4,0,13763,217723127,75.250000000,75.500000000,4,55,1,2,ESM6 P6725
2026-04-20T18:02:23.731983114Z,2026-04-20T18:02:23.717568259Z,1,1,2612581,T,A,0,11.700000000,154,0,18032,86093011,11.700000000,11.800000000,154,1522,2,6,UD:1V: VT 2612581
2026-04-20T18:02:53.675964294Z,2026-04-20T18:02:53.633271565Z,1,1,42366510,T,A,0,199.000000000,5,0,19349,217888864,199.000000000,199.500000000,6,70,2,7,ESM6 C7100
2026-04-20T18:02:53.918834268Z,2026-04-20T18:02:53.917123647Z,1,1,42394812,T,A,0,86.750000000,1,0,13039,217892714,86.750000000,87.000000000,15,60,3,3,ESM6 P6800
2026-04-20T18:03:17.217575756Z,2026-04-20T18:03:17.217105207Z,1,1,42507773,T,B,0,9.500000000,10,0,16347,217997633,9.000000000,9.500000000,167,314,2,3,ESZ6 C8900
2026-04-20T18:03:44.774894598Z,2026-04-20T18:03:44.715121031Z,1,1,42399646,T,B,0,10.400000000,2,0,14516,218087834,10.300000000,10.400000000,89,2,5,2,ESM6 C7700
2026-04-20T18:04:55.148717143Z,2026-04-20T18:04:55.148401543Z,1,1,42394743,T,B,0,10.000000000,5,0,13388,218359316,9.900000000,10.000000000,486,5,10,1,ESM6 P5400
2026-04-20T18:05:54.344869225Z,2026-04-20T18:05:54.234121567Z,1,1,42854015,T,A,0,74.500000000,2,0,17239,218628945,74.500000000,74.750000000,2,56,1,3,ESM6 P6725
2026-04-20T18:06:36.819029606Z,2026-04-20T18:06:36.807113469Z,1,1,2523851,T,B,0,33.000000000,1,0,13933,86564245,32.750000000,33.000000000,1093,1,7,1,UD:1V: VT 2523851
2026-04-20T18:06:42.694473827Z,2026-04-20T18:06:42.693940393Z,1,1,2522398,T,A,0,16.400000000,1,0,13230,86582366,16.400000000,16.600000000,238,803,1,6,UD:1V: VT 2522398
2026-04-20T18:06:43.823987196Z,2026-04-20T18:06:43.821176809Z,1,1,2522398,T,A,0,16.400000000,16,0,15756,86586827,16.400000000,16.600000000,16,917,1,8,UD:1V: VT 2522398
2026-04-20T18:07:12.440374420Z,2026-04-20T18:07:12.405811835Z,1,1,2523095,T,A,0,158.500000000,26,0,15682,86652664,158.500000000,159.000000000,68,172,1,5,UD:1V: VT 2523095
2026-04-20T18:07:13.116960766Z,2026-04-20T18:07:13.108465247Z,1,1,2523095,T,A,0,158.500000000,27,0,14715,86655926,158.500000000,159.000000000,66,308,1,7,UD:1V: VT 2523095
2026-04-20T18:07:32.141571261Z,2026-04-20T18:07:32.141008867Z,1,1,2509403,T,A,0,23.000000000,1,0,13333,86683772,23.000000000,23.250000000,213,567,1,6,UD:1V: VT 2509403
2026-04-20T18:07:55.040808668Z,2026-04-20T18:07:55.007591513Z,1,1,42399704,T,A,0,64.250000000,2,0,14556,219240533,64.250000000,64.500000000,6,68,2,3,ESM6 P6650
2026-04-20T18:07:57.307097185Z,2026-04-20T18:07:57.304403103Z,1,1,2524334,T,B,0,-34.750000000,6,0,15293,86719707,-35.000000000,-34.750000000,6,70,1,5,UD:1V: GN 2524334
2026-04-20T18:08:32.019633388Z,2026-04-20T18:08:31.913728783Z,1,1,42399706,T,A,0,70.750000000,2,0,13145,219389166,70.750000000,71.000000000,7,56,2,2,ESM6 P6700
2026-04-20T18:08:34.339964952Z,2026-04-20T18:08:32.546441165Z,1,1,2523595,T,A,0,83.750000000,1,0,11720,86799064,83.750000000,86.250000000,1,68,1,1,UD:1V: GN 2523595
2026-04-20T18:09:32.528996265Z,2026-04-20T18:09:32.528448201Z,1,1,2524384,T,B,0,10.100000000,1,0,15513,86948077,9.900000000,10.100000000,715,719,4,4,UD:1V: VT 2524384
2026-04-20T18:09:52.666454966Z,2026-04-20T18:09:52.664125629Z,1,1,42611781,T,A,0,26.250000000,2,0,20037,219862436,26.250000000,26.750000000,8,311,3,10,ESM6 C7550
2026-04-20T18:09:52.840145953Z,2026-04-20T18:09:52.833396639Z,1,1,42611781,T,A,0,26.250000000,2,0,14610,219862949,26.250000000,26.750000000,6,307,2,9,ESM6 C7550
2026-04-20T18:10:38.934775732Z,2026-04-20T18:10:38.815985187Z,1,1,42611781,T,A,0,26.250000000,11,0,12378,220083779,26.250000000,26.500000000,11,4,3,2,ESM6 C7550
2026-04-20T18:11:13.289044156Z,2026-04-20T18:11:13.283654139Z,1,1,42611781,T,A,0,26.250000000,10,0,16557,220221851,26.250000000,26.500000000,55,9,5,2,ESM6 C7550
2026-04-20T18:11:13.293476744Z,2026-04-20T18:11:13.283876531Z,1,1,42611781,T,A,0,26.250000000,1,0,13007,220221985,26.250000000,26.500000000,45,7,4,1,ESM6 C7550
2026-04-20T18:11:13.294261619Z,2026-04-20T18:11:13.283919211Z,1,1,42611781,T,A,0,26.250000000,3,0,12687,220222016,26.250000000,26.500000000,44,7,4,1,ESM6 C7550
2026-04-20T18:11:13.661218846Z,2026-04-20T18:11:13.646568139Z,1,1,42611781,T,A,0,26.250000000,9,0,15985,220224704,26.250000000,26.750000000,31,307,3,9,ESM6 C7550
2026-04-20T18:11:42.916682139Z,2026-04-20T18:11:42.585891731Z,1,1,42435330,T,A,0,234.500000000,4,0,13138,220348798,234.500000000,235.500000000,4,64,1,3,ESM6 C7050
2026-04-20T18:11:43.788561488Z,2026-04-20T18:11:42.675124765Z,1,1,42472886,T,B,0,17.300000000,1,0,13014,220355941,15.200000000,17.300000000,1,1,1,1,ESU6 P4350
2026-04-20T18:11:45.370925771Z,2026-04-20T18:11:44.900539845Z,1,1,42409657,T,B,0,12.600000000,4,0,14000,220381641,12.500000000,12.600000000,125,5,1,1,ESM6 P5600
2026-04-20T18:11:49.959762092Z,2026-04-20T18:11:49.416437207Z,1,1,42409657,T,B,0,12.600000000,1,0,11780,220441953,12.500000000,12.600000000,3,1,1,1,ESM6 P5600
2026-04-20T18:11:50.642521780Z,2026-04-20T18:11:50.128251577Z,1,1,42919948,T,B,0,19.400000000,4,0,11249,220452621,19.000000000,19.400000000,200,102,2,2,ESM6 P5925
2026-04-20T18:12:12.097139046Z,2026-04-20T18:12:12.036089943Z,1,1,42397652,T,B,0,108.000000000,10,0,14344,220710559,107.500000000,108.000000000,62,10,4,1,ESU6 C7600
2026-04-20T18:14:36.188666514Z,2026-04-20T18:14:36.144301095Z,1,1,42378218,T,A,0,1.800000000,1,0,12957,221406784,1.800000000,1.850000000,1,188,1,2,ESM6 P3700
2026-04-20T18:14:44.352438298Z,2026-04-20T18:14:44.197852393Z,1,1,42384872,T,A,0,77.500000000,6,0,17651,221437750,77.500000000,77.750000000,6,90,2,3,ESM6 P6750
2026-04-20T18:14:53.296757188Z,2026-04-20T18:14:53.294872171Z,1,1,42853788,T,A,0,35.500000000,1,0,16195,221481848,35.500000000,35.750000000,1,142,1,7,ESM6 P6325
2026-04-20T18:15:12.977171526Z,2026-04-20T18:15:12.933045479Z,1,1,42854015,T,A,0,73.750000000,6,0,16801,221575253,73.750000000,74.000000000,6,76,2,3,ESM6 P6725
2026-04-20T18:15:53.934985550Z,2026-04-20T18:15:53.742291791Z,1,1,42499829,T,A,0,171.000000000,4,0,11857,221723005,171.000000000,171.500000000,4,31,1,4,ESM6 C7150
2026-04-20T18:15:54.011703375Z,2026-04-20T18:15:53.742796041Z,1,1,42853782,T,A,0,186.000000000,7,0,13696,221724072,186.000000000,186.500000000,7,8,1,2,ESM6 C7125
2026-04-20T18:17:03.047823414Z,2026-04-20T18:17:03.035804121Z,1,1,42853788,T,A,0,35.500000000,5,0,15760,221999165,35.500000000,35.750000000,5,173,2,7,ESM6 P6325
2026-04-20T18:17:24.470521977Z,2026-04-20T18:17:24.265599037Z,1,1,42399706,T,A,0,70.250000000,4,0,12922,222078462,70.250000000,70.500000000,4,86,1,6,ESM6 P6700
2026-04-20T18:17:29.471073807Z,2026-04-20T18:17:29.470604315Z,1,1,42510079,T,B,0,76.250000000,1,0,13912,222117951,76.000000000,76.250000000,91,149,9,1,ESM6 C7350
2026-04-20T18:17:29.471103623Z,2026-04-20T18:17:29.470604491Z,1,1,42510079,T,B,0,76.250000000,1,0,11536,222117952,76.000000000,76.250000000,91,148,9,1,ESM6 C7350
2026-04-20T18:17:29.604132777Z,2026-04-20T18:17:29.522050905Z,1,1,42510079,T,B,0,76.250000000,147,0,14231,222120041,76.000000000,76.250000000,94,147,10,1,ESM6 C7350
2026-04-20T18:17:30.531278886Z,2026-04-20T18:17:30.527014777Z,1,1,2524524,T,B,0,30.000000000,24,0,22495,87966440,29.750000000,30.000000000,459,241,6,2,UD:1V: VT 2524524
2026-04-20T18:17:48.972623454Z,2026-04-20T18:17:48.964837079Z,1,1,2501443,T,A,0,47.750000000,40,0,14914,88014399,47.750000000,48.000000000,67,261,1,6,UD:1V: VT 2501443
2026-04-20T18:17:48.984020614Z,2026-04-20T18:17:48.965852811Z,1,1,2501443,T,A,0,47.750000000,27,0,15419,88014441,47.750000000,48.000000000,27,221,1,5,UD:1V: VT 2501443
2026-04-20T18:17:49.001495964Z,2026-04-20T18:17:48.994191529Z,1,1,2501443,T,A,0,47.750000000,32,0,13576,88014752,47.750000000,48.000000000,178,296,1,6,UD:1V: VT 2501443
2026-04-20T18:17:56.172352855Z,2026-04-20T18:17:56.169268577Z,1,1,2524524,T,A,0,30.000000000,92,0,15701,88027101,30.000000000,30.250000000,122,591,3,8,UD:1V: VT 2524524
2026-04-20T18:17:56.178817044Z,2026-04-20T18:17:56.169277773Z,1,1,2524524,T,A,0,30.000000000,30,0,18436,88027108,30.000000000,30.250000000,30,567,1,7,UD:1V: VT 2524524
2026-04-20T18:18:43.985562012Z,2026-04-20T18:18:43.736084271Z,1,1,42366459,T,A,0,1.600000000,2,0,13936,222428005,1.600000000,1.650000000,2,168,1,1,ESM6 P3600
2026-04-20T18:18:45.424643395Z,2026-04-20T18:18:45.406445879Z,1,1,2689726,T,B,0,14.400000000,3,0,13910,88096126,14.300000000,14.400000000,1546,3,8,1,UD:1V: VT 2689726
2026-04-20T18:19:06.418131031Z,2026-04-20T18:19:06.368692849Z,1,1,42499829,T,B,0,172.000000000,3,0,13992,222560054,171.500000000,172.000000000,40,3,6,1,ESM6 C7150
2026-04-20T18:19:07.575937183Z,2026-04-20T18:19:07.575412673Z,1,1,2509403,T,A,0,22.750000000,1,0,14056,88147331,22.750000000,23.000000000,191,523,1,6,UD:1V: VT 2509403
2026-04-20T18:19:08.439791906Z,2026-04-20T18:19:08.139117485Z,1,1,2523595,T,A,0,83.500000000,2,0,13534,88152203,83.500000000,84.000000000,2,4,1,1,UD:1V: GN 2523595
2026-04-20T18:19:10.920283364Z,2026-04-20T18:19:10.919732193Z,1,1,2522398,T,A,0,16.200000000,1,0,17274,88172407,16.200000000,16.400000000,230,903,1,7,UD:1V: VT 2522398
2026-04-20T18:19:14.257974387Z,2026-04-20T18:19:14.104355613Z,1,1,42404325,T,A,0,2.000000000,1,0,11108,222631825,2.000000000,2.050000000,1,168,1,1,ESM6 P3800
2026-04-20T18:19:41.935142071Z,2026-04-20T18:19:41.933563989Z,1,1,2524682,T,A,0,2.800000000,1,0,17364,88255355,2.800000000,3.250000000,10,33,1,2,UD:1V: GN 2524682
2026-04-20T18:19:41.938279495Z,2026-04-20T18:19:41.934265851Z,1,1,2524682,T,A,0,2.800000000,1,0,13374,88255379,2.800000000,3.250000000,9,33,1,2,UD:1V: GN 2524682
2026-04-20T18:19:42.202871888Z,2026-04-20T18:19:42.201047759Z,1,1,2524682,T,A,0,2.800000000,7,0,18272,88256264,2.800000000,3.250000000,8,33,1,2,UD:1V: GN 2524682
2026-04-20T18:19:44.568361866Z,2026-04-20T18:19:43.991601345Z,1,1,2524682,T,A,0,2.800000000,1,0,14227,88264316,2.800000000,3.300000000,1,137,1,4,UD:1V: GN 2524682
2026-04-20T18:19:51.566505540Z,2026-04-20T18:19:51.559652417Z,1,1,42854015,T,A,0,73.250000000,2,0,15575,222851774,73.250000000,73.500000000,2,95,1,3,ESM6 P6725
2026-04-20T18:19:51.587537929Z,2026-04-20T18:19:51.587051639Z,1,1,42854015,T,A,0,73.250000000,16,0,12688,222852155,73.250000000,73.500000000,66,95,1,3,ESM6 P6725
2026-04-20T18:19:52.126534575Z,2026-04-20T18:19:52.125978153Z,1,1,2522398,T,A,0,16.200000000,1,0,14251,88291157,16.200000000,16.400000000,201,727,1,7,UD:1V: VT 2522398
2026-04-20T18:20:13.239096737Z,2026-04-20T18:20:13.077627615Z,1,1,42404370,T,A,0,40.000000000,1,0,11262,222946413,40.000000000,40.250000000,7,155,3,5,ESM6 P6400
2026-04-20T18:20:36.493144185Z,2026-04-20T18:20:36.492640415Z,1,1,2524684,T,B,0,5.900000000,15,0,17183,88371033,5.800000000,5.900000000,110,15,2,1,UD:1V: BO 2524684
2026-04-20T18:20:45.507733134Z,2026-04-20T18:20:45.488894627Z,1,1,42399706,T,A,0,69.500000000,3,0,12181,223097083,69.500000000,69.750000000,18,78,4,4,ESM6 P6700
2026-04-20T18:20:45.772567670Z,2026-04-20T18:20:45.510861089Z,1,1,42399706,T,A,0,69.500000000,3,0,14417,223102475,69.500000000,69.750000000,71,83,2,5,ESM6 P6700
2026-04-20T18:20:46.409023058Z,2026-04-20T18:20:46.059150397Z,1,1,2523595,T,A,0,83.250000000,1,0,17057,88394115,83.250000000,83.750000000,1,148,1,6,UD:1V: GN 2523595
2026-04-20T18:20:49.658106105Z,2026-04-20T18:20:49.536579349Z,1,1,2509550,T,A,0,60.000000000,1,0,13933,88406851,60.000000000,60.500000000,1,83,1,3,UD:1V: GN 2509550
2026-04-20T18:21:03.938449078Z,2026-04-20T18:21:03.929921677Z,1,1,42399706,T,A,0,69.500000000,2,0,15569,223217855,69.500000000,69.750000000,6,88,2,4,ESM6 P6700
2026-04-20T18:21:22.764683793Z,2026-04-20T18:21:22.747839273Z,1,1,42372981,T,B,0,2.400000000,32,0,18382,223327406,2.300000000,2.400000000,72,32,2,4,ESM6 C8000
2026-04-20T18:21:22.786830913Z,2026-04-20T18:21:22.774744441Z,1,1,42372981,T,A,0,2.400000000,18,0,11460,223327850,2.400000000,2.450000000,18,531,1,5,ESM6 C8000
2026-04-20T18:21:30.947404543Z,2026-04-20T18:21:30.866754129Z,1,1,2502786,T,B,0,40.500000000,4,0,10613,88518359,40.250000000,40.500000000,192,4,3,1,UD:1V: VT 2502786
2026-04-20T18:23:06.988102236Z,2026-04-20T18:23:06.985059903Z,1,1,42760607,T,B,0,121.000000000,6,0,15380,223855557,120.500000000,121.000000000,131,22,7,1,ESM6 P6975
2026-04-20T18:23:52.671784868Z,2026-04-20T18:23:52.671214019Z,1,1,2524874,T,A,0,160.000000000,100,0,13534,88780243,160.000000000,160.500000000,252,293,2,3,UD:1V:CVT 2524874
2026-04-20T18:23:58.202223279Z,2026-04-20T18:23:58.092525483Z,1,1,42853782,T,A,0,188.000000000,4,0,15057,224076179,188.000000000,188.500000000,4,20,1,4,ESM6 C7125
2026-04-20T18:24:00.333414599Z,2026-04-20T18:24:00.183552155Z,1,1,42506302,T,A,0,441.500000000,1,0,14813,224090754,441.500000000,442.000000000,1,4,1,1,ESU6 P7500
2026-04-20T18:24:03.566747083Z,2026-04-20T18:24:03.422780001Z,1,1,2515845,T,A,0,2.400000000,1,0,14693,88819859,2.400000000,2.700000000,1,4,1,1,UD:1V: GN 2515845
2026-04-20T18:24:27.008723884Z,2026-04-20T18:24:27.008181617Z,1,1,2524874,T,B,0,160.000000000,50,0,14176,88863344,159.500000000,160.000000000,671,50,6,1,UD:1V:CVT 2524874
2026-04-20T18:24:52.235604367Z,2026-04-20T18:24:52.233571267Z,1,1,42429065,T,A,0,114.000000000,1,0,14277,224309992,114.000000000,115.000000000,145,160,9,11,ESM6 P6950
2026-04-20T18:25:00.346863619Z,2026-04-20T18:25:00.337688583Z,1,1,42372981,T,A,0,2.400000000,30,0,14202,224336543,2.400000000,2.450000000,30,580,1,7,ESM6 C8000
2026-04-20T18:25:37.328465874Z,2026-04-20T18:25:37.327900769Z,1,1,2502954,T,A,0,150.000000000,50,0,15068,88963500,150.000000000,153.500000000,50,27,1,1,UD:1V: GN 2502954
2026-04-20T18:25:48.439546777Z,2026-04-20T18:25:48.434594881Z,1,1,2524950,T,B,0,160.000000000,44,0,14001,88984300,159.500000000,160.000000000,558,50,4,1,UD:1V:CVT 2524950
2026-04-20T18:25:50.973652947Z,2026-04-20T18:25:50.943083599Z,1,1,2524950,T,B,0,160.000000000,6,0,12573,88995971,159.500000000,160.000000000,558,6,4,1,UD:1V:CVT 2524950
2026-04-20T18:26:03.701639120Z,2026-04-20T18:26:03.701070419Z,1,1,2517271,T,A,0,-44.750000000,1,0,15002,89019326,-44.750000000,-44.250000000,1,37,1,3,UD:1V: GN 2517271
2026-04-20T18:26:15.176915953Z,2026-04-20T18:26:15.176188255Z,1,1,2522398,T,A,0,16.200000000,1,0,14516,89075421,16.200000000,16.400000000,228,673,1,6,UD:1V: VT 2522398
2026-04-20T18:26:15.583035689Z,2026-04-20T18:26:15.582392671Z,1,1,2522398,T,A,0,16.200000000,1,0,18322,89076261,16.200000000,16.400000000,222,771,1,7,UD:1V: VT 2522398
2026-04-20T18:26:16.204574151Z,2026-04-20T18:26:16.204024137Z,1,1,2522398,T,A,0,16.200000000,1,0,14259,89077325,16.200000000,16.400000000,209,771,1,7,UD:1V: VT 2522398
2026-04-20T18:26:33.644470622Z,2026-04-20T18:26:33.643925815Z,1,1,2522398,T,A,0,16.200000000,1,0,23252,89093491,16.200000000,16.400000000,196,673,1,6,UD:1V: VT 2522398
2026-04-20T18:26:34.226671139Z,2026-04-20T18:26:34.226121377Z,1,1,2522398,T,A,0,16.200000000,1,0,18951,89094051,16.200000000,16.400000000,195,771,1,7,UD:1V: VT 2522398
2026-04-20T18:26:34.585351822Z,2026-04-20T18:26:34.584825133Z,1,1,2522398,T,A,0,16.200000000,1,0,14213,89094148,16.200000000,16.400000000,198,771,1,7,UD:1V: VT 2522398
2026-04-20T18:26:34.749437503Z,2026-04-20T18:26:34.748904253Z,1,1,2522398,T,A,0,16.200000000,1,0,14990,89094264,16.200000000,16.400000000,209,771,1,7,UD:1V: VT 2522398
2026-04-20T18:26:34.888019748Z,2026-04-20T18:26:34.887523389Z,1,1,2522398,T,A,0,16.200000000,1,0,11841,89094328,16.200000000,16.400000000,201,771,1,7,UD:1V: VT 2522398
2026-04-20T18:26:36.558712676Z,2026-04-20T18:26:36.558166073Z,1,1,2522398,T,A,0,16.200000000,1,0,14364,89096865,16.200000000,16.400000000,213,771,1,7,UD:1V: VT 2522398
2026-04-20T18:26:36.761279188Z,2026-04-20T18:26:36.760769509Z,1,1,2522398,T,A,0,16.200000000,1,0,15176,89096989,16.200000000,16.400000000,197,771,1,7,UD:1V: VT 2522398
2026-04-20T18:26:36.929997629Z,2026-04-20T18:26:36.929505875Z,1,1,2522398,T,A,0,16.200000000,1,0,14470,89097059,16.200000000,16.400000000,203,771,1,7,UD:1V: VT 2522398
2026-04-20T18:26:37.278745260Z,2026-04-20T18:26:37.278228115Z,1,1,2522398,T,A,0,16.200000000,1,0,15739,89097296,16.200000000,16.400000000,194,771,1,7,UD:1V: VT 2522398
2026-04-20T18:26:37.432493284Z,2026-04-20T18:26:37.431963359Z,1,1,2522398,T,A,0,16.200000000,1,0,18191,89097425,16.200000000,16.400000000,195,771,1,7,UD:1V: VT 2522398
2026-04-20T18:26:37.570103532Z,2026-04-20T18:26:37.569597899Z,1,1,2522398,T,A,0,16.200000000,1,0,17320,89097532,16.200000000,16.400000000,197,771,1,7,UD:1V: VT 2522398
2026-04-20T18:26:37.758451377Z,2026-04-20T18:26:37.757957275Z,1,1,2522398,T,A,0,16.200000000,1,0,14433,89097614,16.200000000,16.400000000,195,771,1,7,UD:1V: VT 2522398
2026-04-20T18:26:37.895026796Z,2026-04-20T18:26:37.894515567Z,1,1,2522398,T,A,0,16.200000000,1,0,17708,89097683,16.200000000,16.400000000,199,771,1,7,UD:1V: VT 2522398
2026-04-20T18:26:38.406409869Z,2026-04-20T18:26:38.405899413Z,1,1,2522398,T,A,0,16.200000000,1,0,24299,89097914,16.200000000,16.400000000,195,771,1,7,UD:1V: VT 2522398
2026-04-20T18:26:38.557957883Z,2026-04-20T18:26:38.557421159Z,1,1,2522398,T,A,0,16.200000000,1,0,24058,89098751,16.200000000,16.400000000,198,771,1,7,UD:1V: VT 2522398
2026-04-20T18:26:38.738084377Z,2026-04-20T18:26:38.737549511Z,1,1,2522398,T,A,0,16.200000000,1,0,18272,89098934,16.200000000,16.400000000,205,771,1,7,UD:1V: VT 2522398
2026-04-20T18:26:39.020309889Z,2026-04-20T18:26:39.019812305Z,1,1,2522398,T,A,0,16.200000000,1,0,14611,89099113,16.200000000,16.400000000,206,771,1,7,UD:1V: VT 2522398
2026-04-20T18:26:45.611654513Z,2026-04-20T18:26:45.608762769Z,1,1,2524931,T,B,0,853.000000000,1,0,14324,89111361,849.500000000,853.000000000,8,1,1,1,UD:1V: GT 2524931
2026-04-20T18:27:00.120015004Z,2026-04-20T18:27:00.113732121Z,1,1,42378618,T,B,0,103.500000000,25,0,14464,224883614,103.000000000,103.500000000,144,26,7,1,ESM6 P6900
2026-04-20T18:27:16.928747703Z,2026-04-20T18:27:16.928142465Z,1,1,42378618,T,B,0,103.500000000,12,0,13472,224948156,103.000000000,103.500000000,154,26,9,1,ESM6 P6900
2026-04-20T18:27:23.178430188Z,2026-04-20T18:27:23.146161883Z,1,1,42458378,T,B,0,43.750000000,4,0,14094,224961208,43.250000000,43.750000000,305,4,6,1,ESU6 P5450
2026-04-20T18:27:41.571381929Z,2026-04-20T18:27:41.570833453Z,1,1,2523095,T,A,0,159.500000000,24,0,15260,89179226,159.500000000,160.000000000,64,228,1,5,UD:1V: VT 2523095
2026-04-20T18:27:44.304988955Z,2026-04-20T18:27:44.214955129Z,1,1,2515774,T,A,0,2.300000000,1,0,15071,89184092,2.300000000,2.500000000,1,83,1,3,UD:1V: 12 2515774
2026-04-20T18:28:20.072453939Z,2026-04-20T18:28:20.071913099Z,1,1,2687543,T,A,0,24.000000000,2,0,18440,89234569,24.000000000,24.250000000,51,818,2,7,UD:1V: VT 2687543
2026-04-20T18:28:28.347428063Z,2026-04-20T18:28:28.341056785Z,1,1,42378449,T,A,0,21.000000000,1,0,11408,225220039,21.000000000,21.250000000,1,254,1,9,ESM6 P6000
2026-04-20T18:28:38.658869142Z,2026-04-20T18:28:38.433522533Z,1,1,42499829,T,A,0,172.500000000,15,0,11746,225261840,172.500000000,173.500000000,15,78,3,5,ESM6 C7150
2026-04-20T18:28:39.080436852Z,2026-04-20T18:28:38.452592927Z,1,1,42404370,T,B,0,40.500000000,1,0,14899,225268997,39.750000000,40.500000000,3,2,1,2,ESM6 P6400
2026-04-20T18:28:40.005775707Z,2026-04-20T18:28:38.951871307Z,1,1,42404370,T,B,0,40.500000000,1,0,14326,225283445,40.000000000,40.500000000,3,1,1,1,ESM6 P6400
2026-04-20T18:28:43.902705302Z,2026-04-20T18:28:43.898496697Z,1,1,42384725,T,A,0,60.000000000,5,0,13898,225331996,60.000000000,60.250000000,27,8,1,1,ESM6 C7400
2026-04-20T18:29:02.879323748Z,2026-04-20T18:29:02.839805023Z,1,1,2515809,T,A,0,2.800000000,1,0,14515,89386000,2.800000000,3.450000000,1,50,1,2,UD:1V: GN 2515809
2026-04-20T18:29:16.021837794Z,2026-04-20T18:29:15.945871583Z,1,1,42903306,T,A,0,68.000000000,5,0,11322,225638458,68.000000000,68.500000000,30,83,2,6,ESM6 C7375
2026-04-20T18:29:49.179788755Z,2026-04-20T18:29:48.931236253Z,1,1,42903306,T,A,0,68.000000000,4,0,11252,225811904,68.000000000,68.250000000,4,2,1,1,ESM6 C7375
2026-04-20T18:30:09.347289252Z,2026-04-20T18:30:09.334157937Z,1,1,2519381,T,B,0,-25.500000000,5,0,13922,89563206,-27.000000000,-25.500000000,23,23,1,1,UD:1V: 12 2519381
2026-04-20T18:30:19.690984438Z,2026-04-20T18:30:19.637719861Z,1,1,42510079,T,A,0,76.500000000,4,0,16008,225997207,76.500000000,76.750000000,4,10,1,2,ESM6 C7350
2026-04-20T18:30:28.731178732Z,2026-04-20T18:30:28.730629595Z,1,1,2693264,T,A,0,30.750000000,1,0,17594,89598841,30.750000000,31.000000000,4,820,1,7,UD:1V: VT 2693264
2026-04-20T18:30:35.837832583Z,2026-04-20T18:30:35.790718567Z,1,1,42378547,T,B,0,48.500000000,2,0,11686,226088848,48.250000000,48.500000000,88,4,3,1,ESU6 P5550
2026-04-20T18:30:52.258243873Z,2026-04-20T18:30:51.601443477Z,1,1,2519420,T,B,0,35.750000000,4,0,14129,89676906,35.500000000,35.750000000,4,4,1,1,UD:1V: VT 2519420
2026-04-20T18:30:52.433420367Z,2026-04-20T18:30:51.603522357Z,1,1,2694033,T,B,0,19.800000000,4,0,19325,89677378,19.600000000,19.800000000,400,4,2,1,UD:1V: VT 2694033
2026-04-20T18:30:55.399614801Z,2026-04-20T18:30:54.799282377Z,1,1,42378618,T,B,0,104.500000000,24,0,11552,226257055,104.000000000,104.500000000,100,25,8,1,ESM6 P6900
2026-04-20T18:30:55.418391729Z,2026-04-20T18:30:54.799453933Z,1,1,42903306,T,A,0,67.500000000,1,0,11206,226257475,67.500000000,68.000000000,4,75,1,5,ESM6 C7375
2026-04-20T18:31:00.910246145Z,2026-04-20T18:31:00.905979503Z,1,1,2687543,T,A,0,24.250000000,1,0,13938,89721867,24.250000000,24.500000000,110,1168,2,9,UD:1V: VT 2687543
2026-04-20T18:31:18.791968874Z,2026-04-20T18:31:18.769141595Z,1,1,42378618,T,B,0,104.500000000,24,0,12877,226387064,104.000000000,104.500000000,137,25,8,1,ESM6 P6900
2026-04-20T18:32:00.833504159Z,2026-04-20T18:32:00.698126943Z,1,1,42903306,T,A,0,67.250000000,1,0,13861,226616948,67.250000000,67.500000000,6,1,2,1,ESM6 C7375
2026-04-20T18:32:25.300936643Z,2026-04-20T18:32:25.105031513Z,1,1,42394733,T,A,0,8.900000000,3,0,15164,226829085,8.900000000,9.000000000,3,38,1,3,ESM6 P5300
2026-04-20T18:33:15.381065198Z,2026-04-20T18:33:15.362853461Z,1,1,42378618,T,B,0,104.500000000,24,0,17662,227079933,104.000000000,104.500000000,64,25,7,1,ESM6 P6900
2026-04-20T18:33:56.224863870Z,2026-04-20T18:33:56.201152581Z,1,1,42366506,T,A,0,4.850000000,61,0,16023,227254029,4.850000000,4.900000000,61,100,3,1,ESM6 P4700
2026-04-20T18:33:56.260724975Z,2026-04-20T18:33:56.224852347Z,1,1,42366506,T,B,0,4.850000000,37,0,11162,227254655,4.800000000,4.850000000,656,39,7,1,ESM6 P4700
2026-04-20T18:33:56.260762375Z,2026-04-20T18:33:56.224867695Z,1,1,42366506,T,B,0,4.850000000,2,0,12729,227254657,4.800000000,4.850000000,656,2,7,1,ESM6 P4700
2026-04-20T18:34:08.249530908Z,2026-04-20T18:34:08.248964939Z,1,1,42384646,T,B,0,4.650000000,1,0,13219,227308277,4.600000000,4.650000000,511,100,7,1,ESM6 P4650
2026-04-20T18:34:08.249751524Z,2026-04-20T18:34:08.248965117Z,1,1,42384646,T,B,0,4.650000000,1,0,14188,227308279,4.600000000,4.650000000,511,99,7,1,ESM6 P4650
2026-04-20T18:34:08.250017468Z,2026-04-20T18:34:08.248965293Z,1,1,42384646,T,B,0,4.650000000,3,0,14562,227308281,4.600000000,4.650000000,511,98,7,1,ESM6 P4650
2026-04-20T18:34:54.152754543Z,2026-04-20T18:34:54.152126547Z,1,1,2521660,T,A,0,497.500000000,1,0,24822,90204795,497.500000000,498.500000000,50,50,3,1,UD:1V: BX 2521660
2026-04-20T18:35:04.313956971Z,2026-04-20T18:35:04.296127351Z,1,1,42760626,T,B,0,109.500000000,11,0,14862,227503549,109.000000000,109.500000000,98,24,8,1,ESM6 P6925
2026-04-20T18:35:17.314975571Z,2026-04-20T18:35:17.314687019Z,1,1,42378541,T,A,0,34.000000000,1,0,14197,227555797,34.000000000,34.250000000,1,182,1,7,ESM6 P6300
2026-04-20T18:35:34.366166534Z,2026-04-20T18:35:34.365536437Z,1,1,2521660,T,A,0,497.500000000,1,0,12933,90271834,497.500000000,498.500000000,49,50,3,1,UD:1V: BX 2521660
2026-04-20T18:35:54.951659412Z,2026-04-20T18:35:54.951091799Z,1,1,2519381,T,B,0,-25.500000000,6,0,13426,90301074,-26.750000000,-25.500000000,23,23,1,1,UD:1V: 12 2519381
2026-04-20T18:36:01.968302939Z,2026-04-20T18:36:01.967289825Z,1,1,2523095,T,A,0,159.000000000,24,0,14485,90312806,159.000000000,159.500000000,65,204,1,3,UD:1V: VT 2523095
2026-04-20T18:36:36.627294343Z,2026-04-20T18:36:36.626682205Z,1,1,42384646,T,B,0,4.650000000,95,0,11962,227843991,4.600000000,4.650000000,463,95,6,1,ESM6 P4650
2026-04-20T18:37:06.021890285Z,2026-04-20T18:37:06.015986311Z,1,1,42394812,T,B,0,86.000000000,20,0,14328,228094662,85.500000000,86.000000000,20,100,1,6,ESM6 P6800
2026-04-20T18:37:51.082582705Z,2026-04-20T18:37:51.081918261Z,1,1,2521660,T,A,0,497.500000000,1,0,16278,90567048,497.500000000,498.500000000,48,50,3,1,UD:1V: BX 2521660
2026-04-20T18:38:11.181695508Z,2026-04-20T18:38:11.180890313Z,1,1,2521660,T,A,0,497.500000000,3,0,14577,90605448,497.500000000,498.500000000,47,50,3,1,UD:1V: BX 2521660
2026-04-20T18:38:15.220386367Z,2026-04-20T18:38:15.219757747Z,1,1,2521660,T,A,0,497.500000000,1,0,14230,90610485,497.500000000,498.500000000,44,50,3,1,UD:1V: BX 2521660
2026-04-20T18:38:55.419470708Z,2026-04-20T18:38:55.418823759Z,1,1,2521660,T,A,0,497.500000000,1,0,13650,90673449,497.500000000,498.500000000,43,50,3,1,UD:1V: BX 2521660
2026-04-20T18:39:06.459067673Z,2026-04-20T18:39:06.296156069Z,1,1,2689774,T,A,0,96.500000000,66,0,12828,90699031,96.500000000,97.000000000,67,117,1,3,UD:1V: VT 2689774
2026-04-20T18:39:06.465424942Z,2026-04-20T18:39:06.296156249Z,1,1,2693151,T,B,0,43.500000000,45,0,14357,90699158,43.000000000,43.500000000,82,45,2,1,UD:1V: VT 2693151
2026-04-20T18:39:15.379919574Z,2026-04-20T18:39:15.369781419Z,1,1,2525183,T,A,0,9.500000000,1,0,14408,90724961,9.500000000,9.600000000,55,35,2,2,UD:1V: BO 2525183
2026-04-20T18:39:23.571349779Z,2026-04-20T18:39:23.570710881Z,1,1,2521660,T,A,0,497.500000000,3,0,16390,90741389,497.500000000,498.500000000,42,50,3,1,UD:1V: BX 2521660
2026-04-20T18:40:12.414036199Z,2026-04-20T18:40:12.346025687Z,1,1,42760607,T,B,0,123.000000000,11,0,11260,228979712,122.500000000,123.000000000,100,22,8,1,ESM6 P6975
2026-04-20T18:40:23.778200203Z,2026-04-20T18:40:23.777757293Z,1,1,2944760,T,A,0,12.200000000,1,0,13718,90871734,12.200000000,12.300000000,1,735,1,5,UD:1V: VT 2944760
2026-04-20T18:40:31.875187870Z,2026-04-20T18:40:31.363268327Z,1,1,2525183,T,A,0,9.500000000,1,0,14896,90899242,9.500000000,9.700000000,1,3,1,1,UD:1V: BO 2525183
2026-04-20T18:40:41.681444148Z,2026-04-20T18:40:41.679002267Z,1,1,42378450,T,A,0,26.750000000,1,0,15352,229220351,26.750000000,27.000000000,1,200,1,6,ESM6 P6150
2026-04-20T18:41:20.069319236Z,2026-04-20T18:41:20.067418779Z,1,1,42394754,T,A,0,29.000000000,2,0,16609,229404826,29.000000000,29.250000000,2,262,1,9,ESM6 P6200
2026-04-20T18:41:32.236390609Z,2026-04-20T18:41:32.235747281Z,1,1,2521660,T,A,0,497.500000000,1,0,15161,91060780,497.500000000,498.500000000,39,50,3,1,UD:1V: BX 2521660
2026-04-20T18:41:52.415752398Z,2026-04-20T18:41:52.353889313Z,1,1,2525230,T,A,0,71.500000000,1,0,11505,91082942,71.500000000,72.000000000,1,24,1,3,UD:1V: GN 2525230
2026-04-20T18:42:08.794786809Z,2026-04-20T18:42:08.792179887Z,1,1,2944760,T,A,0,12.100000000,2,0,14647,91099252,12.100000000,12.200000000,2,716,1,6,UD:1V: VT 2944760
2026-04-20T18:44:07.026089580Z,2026-04-20T18:44:06.903245169Z,1,1,42392157,T,A,0,259.000000000,11,0,11704,230066130,259.000000000,260.000000000,11,40,1,3,ESZ6 C7500
2026-04-20T18:44:37.216423386Z,2026-04-20T18:44:37.215750229Z,1,1,2521660,T,A,0,497.500000000,1,0,17038,91321627,497.500000000,498.500000000,38,50,3,1,UD:1V: BX 2521660
2026-04-20T18:45:07.063063563Z,2026-04-20T18:45:06.628989937Z,1,1,42384725,T,A,0,59.750000000,4,0,15582,230246028,59.750000000,60.000000000,4,37,1,4,ESM6 C7400
2026-04-20T18:45:37.630568337Z,2026-04-20T18:45:37.574143957Z,1,1,42399706,T,A,0,70.500000000,14,0,14916,230411148,70.500000000,70.750000000,14,53,2,4,ESM6 P6700
2026-04-20T18:45:51.416459323Z,2026-04-20T18:45:51.369311941Z,1,1,42760625,T,A,0,50.750000000,15,0,20089,230467212,50.750000000,51.000000000,15,53,2,4,ESM6 P6525
2026-04-20T18:46:05.687929992Z,2026-04-20T18:46:05.670182097Z,1,1,2521660,T,A,0,497.500000000,3,0,12213,91473253,497.500000000,498.500000000,37,50,3,1,UD:1V: BX 2521660
2026-04-20T18:46:06.822727350Z,2026-04-20T18:46:06.820124223Z,1,1,42378547,T,A,0,48.750000000,2,0,12742,230531244,48.750000000,49.000000000,2,257,1,5,ESU6 P5550
2026-04-20T18:46:08.078399755Z,2026-04-20T18:46:08.076705323Z,1,1,42378547,T,A,0,48.750000000,2,0,15225,230535506,48.750000000,49.000000000,2,257,1,5,ESU6 P5550
2026-04-20T18:46:09.265124054Z,2026-04-20T18:46:09.262112849Z,1,1,42378547,T,A,0,48.750000000,2,0,16243,230543272,48.750000000,49.000000000,2,257,1,5,ESU6 P5550
2026-04-20T18:46:10.509257995Z,2026-04-20T18:46:10.507522477Z,1,1,42378547,T,A,0,48.750000000,2,0,14233,230546233,48.750000000,49.000000000,2,257,1,5,ESU6 P5550
2026-04-20T18:46:25.649999678Z,2026-04-20T18:46:25.649462267Z,1,1,2522398,T,A,0,16.300000000,1,0,15507,91508434,16.300000000,16.500000000,183,733,1,6,UD:1V: VT 2522398
2026-04-20T18:46:27.511369411Z,2026-04-20T18:46:27.508274823Z,1,1,42479317,T,B,0,1452.000000000,1,0,13774,230620460,,1452.000000000,0,1,0,1,ESH7 C6000
2026-04-20T18:46:27.561576849Z,2026-04-20T18:46:27.551901825Z,1,1,42479317,T,A,0,1451.500000000,1,0,17601,230621094,1451.500000000,,1,0,1,0,ESH7 C6000
2026-04-20T18:46:27.698338464Z,2026-04-20T18:46:27.693761535Z,1,1,42479317,T,A,0,1451.500000000,1,0,15408,230621849,1451.500000000,,1,0,1,0,ESH7 C6000
2026-04-20T18:46:27.803279217Z,2026-04-20T18:46:27.802799651Z,1,1,42479317,T,A,0,1451.500000000,1,0,14986,230622209,1451.500000000,,1,0,1,0,ESH7 C6000
2026-04-20T18:46:28.102810938Z,2026-04-20T18:46:28.097765983Z,1,1,42479317,T,A,0,1451.500000000,1,0,14103,230625461,1451.500000000,,1,0,1,0,ESH7 C6000
2026-04-20T18:46:52.196363124Z,2026-04-20T18:46:52.194898285Z,1,1,2522398,T,A,0,16.300000000,1,0,14210,91542430,16.300000000,16.500000000,202,688,1,6,UD:1V: VT 2522398
2026-04-20T18:46:52.203216207Z,2026-04-20T18:46:52.202748129Z,1,1,2522398,T,A,0,16.300000000,1,0,16456,91542482,16.300000000,16.500000000,201,786,1,7,UD:1V: VT 2522398
2026-04-20T18:47:38.412086935Z,2026-04-20T18:47:38.411533457Z,1,1,42522210,T,A,0,371.000000000,1,0,12591,230828755,371.000000000,372.500000000,65,20,3,1,ESH7 P7000
2026-04-20T18:48:11.444783630Z,2026-04-20T18:48:11.444313401Z,1,1,42409694,T,A,0,1846.000000000,1,0,14083,230942823,1846.000000000,,1,0,1,0,ESM6 C5300
2026-04-20T18:49:22.723544049Z,2026-04-20T18:49:22.722940781Z,1,1,2521660,T,A,0,497.500000000,1,0,13277,91753829,497.500000000,498.500000000,34,50,3,1,UD:1V: BX 2521660
2026-04-20T18:49:34.583563385Z,2026-04-20T18:49:34.513107881Z,1,1,42867406,T,A,0,53.000000000,1,0,11366,231281218,53.000000000,53.250000000,6,61,2,4,ESM6 C7425
2026-04-20T18:49:47.501523036Z,2026-04-20T18:49:47.500998713Z,1,1,42394812,T,A,0,85.000000000,1,0,12441,231313454,85.000000000,85.250000000,1,142,1,7,ESM6 P6800
2026-04-20T18:50:04.141216768Z,2026-04-20T18:50:04.140686653Z,1,1,2509403,T,A,0,22.750000000,1,0,14077,91797330,22.750000000,23.000000000,162,569,1,6,UD:1V: VT 2509403
2026-04-20T18:50:31.800683033Z,2026-04-20T18:50:31.799918493Z,1,1,2525284,T,B,0,-1.550000000,8,0,15003,91869646,-1.850000000,-1.550000000,190,14,2,1,UD:1V: GN 2525284
2026-04-20T18:50:55.311007310Z,2026-04-20T18:50:55.310475513Z,1,1,2522398,T,A,0,16.200000000,1,0,18851,91913166,16.200000000,16.400000000,194,855,1,7,UD:1V: VT 2522398
2026-04-20T18:50:57.910085972Z,2026-04-20T18:50:57.909583685Z,1,1,2522398,T,A,0,16.200000000,1,0,13599,91914528,16.200000000,16.400000000,202,953,1,8,UD:1V: VT 2522398
2026-04-20T18:50:58.244038657Z,2026-04-20T18:50:58.243519365Z,1,1,2522398,T,A,0,16.200000000,1,0,14159,91914726,16.200000000,16.400000000,213,953,1,8,UD:1V: VT 2522398
2026-04-20T18:50:58.428932014Z,2026-04-20T18:50:58.428411939Z,1,1,2522398,T,A,0,16.200000000,1,0,17048,91914872,16.200000000,16.400000000,208,953,1,8,UD:1V: VT 2522398
2026-04-20T18:50:58.634474996Z,2026-04-20T18:50:58.633979597Z,1,1,2522398,T,A,0,16.200000000,1,0,15890,91914940,16.200000000,16.400000000,193,953,1,8,UD:1V: VT 2522398
2026-04-20T18:50:59.196474684Z,2026-04-20T18:50:59.195946043Z,1,1,2522398,T,A,0,16.200000000,1,0,13651,91916239,16.200000000,16.400000000,201,927,1,8,UD:1V: VT 2522398
2026-04-20T18:51:56.054668684Z,2026-04-20T18:51:56.054051379Z,1,1,42394810,T,A,0,1750.000000000,1,0,14466,231792466,1750.000000000,,1,0,1,0,ESM6 C5400
2026-04-20T18:51:58.127873646Z,2026-04-20T18:51:58.038378269Z,1,1,2525537,T,B,0,6.000000000,1,0,15127,91967381,5.900000000,6.000000000,883,1,8,1,UD:1V: VT 2525537
2026-04-20T18:51:58.755217383Z,2026-04-20T18:51:58.751066133Z,1,1,42378541,T,A,0,33.750000000,2,0,17322,231801377,33.750000000,34.000000000,2,161,2,7,ESM6 P6300
2026-04-20T18:52:14.874600986Z,2026-04-20T18:52:14.872795691Z,1,1,42384779,T,A,0,57.750000000,1,0,11738,231855716,57.750000000,58.000000000,1,66,1,5,ESM6 P6600
2026-04-20T18:54:14.753538860Z,2026-04-20T18:54:14.659834475Z,1,1,42760624,T,B,0,98.250000000,25,0,11354,232240060,98.000000000,98.250000000,58,26,6,1,ESM6 P6875
2026-04-20T18:54:19.872192897Z,2026-04-20T18:54:19.508357617Z,1,1,2521063,T,A,0,43.500000000,5,0,11476,92157763,43.500000000,44.250000000,10,106,1,1,UD:1V: BO 2521063
2026-04-20T18:54:26.003165516Z,2026-04-20T18:54:25.862159665Z,1,1,42517291,T,B,0,50.250000000,6,0,14461,232330139,50.000000000,50.250000000,198,6,4,1,ESZ6 P4950
2026-04-20T18:54:28.346379424Z,2026-04-20T18:54:28.345734135Z,1,1,2521660,T,A,0,497.500000000,1,0,13916,92187929,497.500000000,498.500000000,83,100,4,2,UD:1V: BX 2521660
2026-04-20T18:54:32.354946652Z,2026-04-20T18:54:32.354327145Z,1,1,2521660,T,A,0,497.500000000,2,0,14253,92194284,497.500000000,498.500000000,82,100,4,2,UD:1V: BX 2521660
2026-04-20T18:54:33.782005103Z,2026-04-20T18:54:33.781461377Z,1,1,2517015,T,B,0,31.250000000,1,0,14413,92196927,31.000000000,31.250000000,493,540,5,4,UD:1V: VT 2517015
2026-04-20T18:54:42.462390871Z,2026-04-20T18:54:42.462083033Z,1,1,42378592,T,A,0,48.000000000,1,0,14242,232384080,48.000000000,48.250000000,1,141,1,7,ESM6 P6500
2026-04-20T18:54:44.421107901Z,2026-04-20T18:54:44.420472991Z,1,1,2521660,T,A,0,497.500000000,1,0,13467,92205096,497.500000000,498.500000000,80,100,3,2,UD:1V: BX 2521660
2026-04-20T18:54:52.198178692Z,2026-04-20T18:54:51.025823301Z,1,1,2506320,T,A,0,157.500000000,3,0,14474,92230033,157.500000000,159.000000000,3,38,1,1,UD:1V: SG 2506320
2026-04-20T18:54:56.177432942Z,2026-04-20T18:54:56.176755785Z,1,1,2521063,T,A,0,43.500000000,5,0,14282,92256691,43.500000000,43.750000000,5,312,1,4,UD:1V: BO 2521063
2026-04-20T18:54:56.215451124Z,2026-04-20T18:54:56.211506747Z,1,1,42378346,T,A,0,35.750000000,3,0,13629,232486491,35.750000000,36.000000000,16,108,3,4,ESM6 C7500
2026-04-20T18:54:58.643608622Z,2026-04-20T18:54:58.643085853Z,1,1,42378346,T,A,0,35.750000000,10,0,14442,232496727,35.750000000,36.000000000,19,108,3,4,ESM6 C7500
2026-04-20T18:54:58.686644521Z,2026-04-20T18:54:58.686103127Z,1,1,42378346,T,A,0,35.750000000,1,0,14236,232497053,35.750000000,36.000000000,9,108,2,4,ESM6 C7500
2026-04-20T18:55:13.180850491Z,2026-04-20T18:55:13.172518469Z,1,1,42433358,T,B,0,46.250000000,4,0,13812,232564826,45.750000000,46.250000000,314,4,5,1,ESZ6 P4850
2026-04-20T18:55:22.271365169Z,2026-04-20T18:55:22.269233497Z,1,1,2501767,T,A,0,88.000000000,7,0,13725,92302504,88.000000000,88.750000000,7,96,1,4,UD:1V: GN 2501767
2026-04-20T18:55:23.167778791Z,2026-04-20T18:55:23.167185959Z,1,1,2525773,T,A,0,-0.300000000,1,0,13898,92304727,-0.300000000,-0.250000000,1,4,1,1,UD:1V: GN 2525773
2026-04-20T18:55:27.615031430Z,2026-04-20T18:55:27.614339603Z,1,1,42821844,T,A,0,25.250000000,3,0,18857,232628647,25.250000000,25.500000000,12,206,3,8,ESM6 P6125
2026-04-20T18:55:44.741161227Z,2026-04-20T18:55:44.740501443Z,1,1,2521660,T,A,0,497.500000000,1,0,15743,92337632,497.500000000,498.500000000,29,50,2,1,UD:1V: BX 2521660
2026-04-20T18:55:53.945368191Z,2026-04-20T18:55:53.945114277Z,1,1,42413515,T,B,0,145.500000000,1,0,14238,232736955,145.000000000,145.500000000,35,1,4,1,ESU6 C7500
2026-04-20T18:56:46.627215244Z,2026-04-20T18:56:46.556115661Z,1,1,2525166,T,A,0,40.250000000,29,0,13273,92411521,40.250000000,40.500000000,29,136,1,2,UD:1V: GN 2525166
2026-04-20T18:57:13.182434708Z,2026-04-20T18:57:13.181855405Z,1,1,2513332,T,A,0,45.250000000,1,0,13277,92466650,45.250000000,45.500000000,4,983,1,8,UD:1V: VT 2513332
2026-04-20T18:57:32.976694910Z,2026-04-20T18:57:32.860828469Z,1,1,2513332,T,A,0,45.250000000,3,0,14813,92493264,45.250000000,45.500000000,3,839,1,8,UD:1V: VT 2513332
2026-04-20T18:57:36.164555279Z,2026-04-20T18:57:36.164123259Z,1,1,2513332,T,A,0,45.250000000,4,0,14248,92496613,45.250000000,45.500000000,4,1087,1,10,UD:1V: VT 2513332
2026-04-20T18:57:42.326598697Z,2026-04-20T18:57:42.326111977Z,1,1,2515712,T,A,0,2.700000000,1,0,13907,92505454,2.700000000,3.050000000,1,98,1,3,UD:1V: 12 2515712
2026-04-20T18:57:42.678084044Z,2026-04-20T18:57:42.677512445Z,1,1,2515186,T,A,0,3.700000000,1,0,14130,92505727,3.700000000,3.950000000,1,75,1,2,UD:1V: 12 2515186
2026-04-20T18:57:48.616818199Z,2026-04-20T18:57:48.483890883Z,1,1,2577559,T,B,0,4.300000000,154,0,20537,92518256,4.200000000,4.300000000,1699,154,4,2,UD:1V: VT 2577559
2026-04-20T18:57:48.938456575Z,2026-04-20T18:57:48.669019529Z,1,1,2515774,T,A,0,2.200000000,1,0,14019,92521576,2.200000000,2.500000000,1,4,1,1,UD:1V: 12 2515774
2026-04-20T18:57:52.012785702Z,2026-04-20T18:57:51.983216475Z,1,1,2513332,T,A,0,45.250000000,4,0,13654,92525774,45.250000000,45.500000000,4,839,1,8,UD:1V: VT 2513332
2026-04-20T18:58:57.862623828Z,2026-04-20T18:58:57.862055469Z,1,1,2690242,T,A,0,116.000000000,1,0,14245,92624386,116.000000000,116.500000000,1,32,1,2,UD:1V: GN 2690242
2026-04-20T18:59:04.259216923Z,2026-04-20T18:59:04.193781283Z,1,1,2510197,T,A,0,-5.300000000,1,0,12491,92637262,-5.300000000,-4.950000000,1,52,1,3,UD:1V: GN 2510197
2026-04-20T18:59:21.087085535Z,2026-04-20T18:59:21.027297653Z,1,1,42458378,T,B,0,44.000000000,2,0,12936,233552040,43.750000000,44.000000000,93,4,3,1,ESU6 P5450
2026-04-20T18:59:31.559287735Z,2026-04-20T18:59:31.558806057Z,1,1,42510079,T,A,0,76.500000000,30,0,13877,233598002,76.500000000,76.750000000,149,134,1,7,ESM6 C7350
2026-04-20T18:59:31.559710171Z,2026-04-20T18:59:31.559267531Z,1,1,42510079,T,A,0,76.500000000,22,0,11163,233598004,76.500000000,76.750000000,119,134,1,7,ESM6 C7350
2026-04-20T18:59:41.564745023Z,2026-04-20T18:59:41.564243153Z,1,1,42510079,T,A,0,76.500000000,38,0,13129,233623545,76.500000000,76.750000000,97,182,1,9,ESM6 C7350
2026-04-20T18:59:42.251663044Z,2026-04-20T18:59:42.248789689Z,1,1,42510079,T,A,0,76.500000000,1,0,13410,233625857,76.500000000,76.750000000,59,181,1,8,ESM6 C7350
2026-04-20T18:59:42.253227763Z,2026-04-20T18:59:42.251613663Z,1,1,42510079,T,A,0,76.500000000,31,0,13057,233625893,76.500000000,76.750000000,58,181,1,8,ESM6 C7350
2026-04-20T18:59:45.387742478Z,2026-04-20T18:59:45.387241973Z,1,1,42510079,T,A,0,76.500000000,27,0,13270,233642064,76.500000000,76.750000000,27,181,1,8,ESM6 C7350
2026-04-20T19:00:16.854337153Z,2026-04-20T19:00:16.847501161Z,1,1,42378547,T,B,0,48.500000000,2,0,13375,233816429,48.250000000,48.500000000,90,4,3,1,ESU6 P5550
2026-04-20T19:00:21.940188802Z,2026-04-20T19:00:21.939678573Z,1,1,42378547,T,B,0,48.500000000,2,0,14958,233838283,48.250000000,48.500000000,90,4,3,1,ESU6 P5550
2026-04-20T19:00:21.940695195Z,2026-04-20T19:00:21.940192659Z,1,1,42378547,T,B,0,48.500000000,2,0,13294,233838285,48.250000000,48.500000000,90,2,3,1,ESU6 P5550
2026-04-20T19:00:22.163499579Z,2026-04-20T19:00:22.162882117Z,1,1,2521660,T,A,0,497.500000000,1,0,15876,92773828,497.500000000,498.500000000,28,50,2,1,UD:1V: BX 2521660
2026-04-20T19:00:29.417403467Z,2026-04-20T19:00:29.394363903Z,1,1,2515845,T,A,0,2.300000000,1,0,13147,92794219,2.300000000,2.550000000,1,9,1,2,UD:1V: GN 2515845
2026-04-20T19:00:30.209774486Z,2026-04-20T19:00:30.204759809Z,1,1,2521660,T,A,0,497.500000000,1,0,13560,92796206,497.500000000,498.500000000,27,50,2,1,UD:1V: BX 2521660
2026-04-20T19:01:12.593343196Z,2026-04-20T19:01:12.589268559Z,1,1,42378547,T,A,0,48.500000000,1,0,13797,234110732,48.500000000,48.750000000,1,307,1,5,ESU6 P5550
2026-04-20T19:01:33.324813095Z,2026-04-20T19:01:33.324321227Z,1,1,2525929,T,B,0,4.100000000,1,0,14225,92918253,3.900000000,4.100000000,4,1,1,1,UD:1V: GN 2525929
2026-04-20T19:02:24.243691197Z,2026-04-20T19:02:24.210634437Z,1,1,2523902,T,B,0,-2.950000000,32,0,13766,92983938,-3.050000000,-2.950000000,368,111,4,1,UD:1V: GN 2523902
2026-04-20T19:02:42.098229824Z,2026-04-20T19:02:42.049804375Z,1,1,42384724,T,A,0,144.000000000,1,0,14119,234439934,144.000000000,144.500000000,1,103,1,9,ESM6 C7200
2026-04-20T19:03:09.157783139Z,2026-04-20T19:03:09.157242161Z,1,1,2687650,T,B,0,-0.900000000,1,0,14416,93039026,-1.000000000,-0.900000000,24,1,2,1,UD:1V: 12 2687650
2026-04-20T19:03:25.678095476Z,2026-04-20T19:03:25.677576561Z,1,1,2687650,T,B,0,-0.900000000,1,0,14724,93058483,-1.000000000,-0.900000000,30,1,3,1,UD:1V: 12 2687650
2026-04-20T19:03:42.326014428Z,2026-04-20T19:03:42.235493681Z,1,1,42510079,T,A,0,76.500000000,23,0,16962,234675774,76.500000000,76.750000000,201,78,1,8,ESM6 C7350
2026-04-20T19:03:42.361584614Z,2026-04-20T19:03:42.267504321Z,1,1,42510079,T,A,0,76.500000000,1,0,14002,234676405,76.500000000,76.750000000,178,85,1,9,ESM6 C7350
2026-04-20T19:03:42.401699075Z,2026-04-20T19:03:42.325991105Z,1,1,42510079,T,A,0,76.500000000,23,0,12978,234677201,76.500000000,76.750000000,177,85,1,9,ESM6 C7350
2026-04-20T19:03:42.402245784Z,2026-04-20T19:03:42.326220841Z,1,1,42510079,T,A,0,76.500000000,1,0,12783,234677209,76.500000000,76.750000000,154,96,1,10,ESM6 C7350
2026-04-20T19:03:45.544584447Z,2026-04-20T19:03:45.514723463Z,1,1,42510079,T,A,0,76.500000000,27,0,12527,234697587,76.500000000,76.750000000,153,194,1,9,ESM6 C7350
2026-04-20T19:03:45.558216562Z,2026-04-20T19:03:45.544538461Z,1,1,42510079,T,A,0,76.500000000,30,0,14001,234697914,76.500000000,76.750000000,126,194,1,9,ESM6 C7350
2026-04-20T19:03:45.558487364Z,2026-04-20T19:03:45.544588273Z,1,1,42510079,T,A,0,76.500000000,24,0,11387,234697916,76.500000000,76.750000000,96,194,1,9,ESM6 C7350
2026-04-20T19:03:49.739645337Z,2026-04-20T19:03:49.720743121Z,1,1,42472886,T,B,0,17.300000000,4,0,13126,234712766,17.200000000,17.300000000,143,4,2,1,ESU6 P4350
2026-04-20T19:04:05.050884921Z,2026-04-20T19:04:05.050316855Z,1,1,2687666,T,B,0,-3.300000000,1,0,15109,93122214,-3.500000000,-3.300000000,30,1,2,1,UD:1V: 12 2687666
2026-04-20T19:04:27.859503681Z,2026-04-20T19:04:27.858977119Z,1,1,2687666,T,B,0,-3.300000000,1,0,13903,93151309,-3.400000000,-3.300000000,8,1,2,1,UD:1V: 12 2687666
2026-04-20T19:05:06.829312521Z,2026-04-20T19:05:06.828766389Z,1,1,2520778,T,B,0,-26.000000000,1,0,13608,93197631,-26.750000000,-26.000000000,24,1,1,1,UD:1V: 12 2520778
2026-04-20T19:05:22.505129223Z,2026-04-20T19:05:22.504521483Z,1,1,2520778,T,B,0,-26.000000000,1,0,14334,93233455,-26.750000000,-26.000000000,24,1,1,1,UD:1V: 12 2520778
2026-04-20T19:06:02.967346577Z,2026-04-20T19:06:02.826125077Z,1,1,2526034,T,B,0,-45.000000000,1,0,14274,93301981,-45.250000000,-45.000000000,72,1,1,1,UD:1V: GN 2526034
2026-04-20T19:06:06.110426812Z,2026-04-20T19:06:06.108486351Z,1,1,42394761,T,A,0,31.250000000,4,0,13996,235272997,31.250000000,31.500000000,4,225,1,7,ESM6 P6250
2026-04-20T19:06:27.657518988Z,2026-04-20T19:06:27.621781499Z,1,1,2515705,T,A,0,3.200000000,1,0,13586,93357496,3.200000000,3.450000000,1,34,1,3,UD:1V: 12 2515705
2026-04-20T19:06:42.279912692Z,2026-04-20T19:06:42.275686941Z,1,1,42783705,T,A,0,32.500000000,4,0,13235,235442836,32.500000000,32.750000000,4,198,1,7,ESM6 P6275
2026-04-20T19:06:52.195166371Z,2026-04-20T19:06:52.194507675Z,1,1,2521660,T,A,0,497.500000000,2,0,13572,93398293,497.500000000,498.500000000,26,50,2,1,UD:1V: BX 2521660
2026-04-20T19:06:52.195254590Z,2026-04-20T19:06:52.194519561Z,1,1,42300184,T,B,0,93.500000000,2,0,14981,235480388,93.250000000,93.500000000,116,27,6,1,ESM6 P6850
2026-04-20T19:06:54.185027833Z,2026-04-20T19:06:54.173556465Z,1,1,42404367,T,A,0,24.500000000,12,0,18778,235483923,24.500000000,24.750000000,12,288,3,9,ESM6 P6100
2026-04-20T19:06:55.527049271Z,2026-04-20T19:06:55.524822361Z,1,1,2515809,T,A,0,2.700000000,1,0,15038,93399860,2.700000000,3.050000000,1,91,1,4,UD:1V: GN 2515809
2026-04-20T19:06:57.467204499Z,2026-04-20T19:06:57.299898285Z,1,1,42378450,T,A,0,26.500000000,4,0,16709,235505725,26.500000000,26.750000000,4,230,1,8,ESM6 P6150
2026-04-20T19:07:09.907574411Z,2026-04-20T19:07:09.883931731Z,1,1,42384646,T,B,0,4.700000000,100,0,13170,235557952,4.650000000,4.700000000,310,100,4,1,ESM6 P4650
2026-04-20T19:07:14.494939809Z,2026-04-20T19:07:14.494598681Z,1,1,42394633,T,A,0,4.150000000,4,0,12861,235573455,4.150000000,4.200000000,4,1039,1,10,ESM6 P4500
2026-04-20T19:07:56.522048158Z,2026-04-20T19:07:56.521187945Z,1,1,2521660,T,A,0,497.500000000,1,0,14983,93466711,497.500000000,498.500000000,24,50,2,1,UD:1V: BX 2521660
2026-04-20T19:09:26.538527891Z,2026-04-20T19:09:26.529603411Z,1,1,42372953,T,A,0,347.000000000,1,0,14486,235972788,347.000000000,347.500000000,1,8,1,3,ESM6 C6900
2026-04-20T19:10:18.196738205Z,2026-04-20T19:10:18.194753417Z,1,1,42836583,T,A,0,30.000000000,4,0,14512,236099907,30.000000000,30.250000000,4,312,1,9,ESM6 P6225
2026-04-20T19:12:13.872027524Z,2026-04-20T19:12:13.871688141Z,1,1,42384307,T,B,0,2.450000000,2,0,13660,236505999,2.400000000,2.450000000,580,2,8,1,ESM6 P4000
2026-04-20T19:12:15.152690765Z,2026-04-20T19:12:15.139891359Z,1,1,42394812,T,A,0,85.000000000,2,0,14581,236510505,85.000000000,85.250000000,2,31,1,4,ESM6 P6800
2026-04-20T19:12:17.566369676Z,2026-04-20T19:12:17.565569835Z,1,1,42883177,T,B,0,107.500000000,1,0,12948,236531423,107.000000000,107.500000000,100,1,8,1,ESM6 C7275
2026-04-20T19:12:34.925462974Z,2026-04-20T19:12:34.924920731Z,1,1,42378449,T,B,0,21.250000000,1,0,13698,236590251,21.000000000,21.250000000,235,47,6,4,ESM6 P6000
2026-04-20T19:12:46.078264386Z,2026-04-20T19:12:46.077697347Z,1,1,2518561,T,B,0,-20.000000000,1,0,13964,93753931,-21.250000000,-20.000000000,51,51,4,4,UD:1V: 12 2518561
2026-04-20T19:13:08.750961306Z,2026-04-20T19:13:08.380659161Z,1,1,42366511,T,B,0,20.000000000,1,0,14294,236697347,19.900000000,20.000000000,2,1,1,1,ESM6 C7600
2026-04-20T19:13:53.425086297Z,2026-04-20T19:13:53.424305493Z,1,1,42384729,T,B,0,3.700000000,1,0,14002,236843511,3.550000000,3.700000000,300,42,6,3,ESM6 C7900
2026-04-20T19:14:43.548491286Z,2026-04-20T19:14:43.548047313Z,1,1,42409639,T,A,0,0.950000000,2,0,14048,236983268,0.950000000,1.050000000,247,103,5,3,ESM6 P3200
2026-04-20T19:14:53.460010517Z,2026-04-20T19:14:53.459393221Z,1,1,2526285,T,A,0,19.700000000,1,0,17838,93884659,19.700000000,19.800000000,104,12,2,1,UD:1V: IC 2526285
2026-04-20T19:15:42.777663801Z,2026-04-20T19:15:42.728792269Z,1,1,2523902,T,B,0,-2.950000000,29,0,13097,93943222,-3.050000000,-2.950000000,352,111,3,1,UD:1V: GN 2523902
2026-04-20T19:16:14.247658657Z,2026-04-20T19:16:14.247097619Z,1,1,2672880,T,B,0,31.500000000,1,0,15131,93981941,31.250000000,31.500000000,474,228,4,1,UD:1V: VT 2672880
2026-04-20T19:16:23.583149217Z,2026-04-20T19:16:23.582595139Z,1,1,2685922,T,B,0,10.000000000,1,0,14794,93999267,9.900000000,10.000000000,1496,1,8,1,UD:1V: VT 2685922
2026-04-20T19:17:09.683457963Z,2026-04-20T19:17:09.651067957Z,1,1,42804683,T,B,0,212.500000000,1,0,14022,237461107,212.000000000,212.500000000,9,2,4,1,ESM6 P7225
2026-04-20T19:17:19.443363115Z,2026-04-20T19:17:19.442725593Z,1,1,2521660,T,A,0,497.500000000,1,0,13532,94052607,497.500000000,498.500000000,23,50,2,1,UD:1V: BX 2521660
2026-04-20T19:21:00.573783339Z,2026-04-20T19:21:00.525689417Z,1,1,2694033,T,B,0,19.800000000,120,0,23003,94283269,19.600000000,19.800000000,1540,154,7,2,UD:1V: VT 2694033
2026-04-20T19:21:06.356973740Z,2026-04-20T19:21:06.346243759Z,1,1,2503594,T,A,0,29.500000000,4,0,12907,94308007,29.500000000,29.750000000,4,973,1,7,UD:1V: VT 2503594
2026-04-20T19:21:09.465572560Z,2026-04-20T19:21:09.465029607Z,1,1,2503594,T,A,0,29.500000000,4,0,14049,94310866,29.500000000,29.750000000,4,1545,1,11,UD:1V: VT 2503594
2026-04-20T19:22:59.487027439Z,2026-04-20T19:22:59.486385993Z,1,1,2526405,T,A,0,308.000000000,50,0,15279,94447496,308.000000000,308.500000000,76,66,2,2,UD:1V:CFO 2526405
2026-04-20T19:23:05.251614087Z,2026-04-20T19:23:05.250984883Z,1,1,2521660,T,A,0,497.500000000,1,0,15652,94458874,497.500000000,498.500000000,22,50,2,1,UD:1V: BX 2521660
2026-04-20T19:23:09.492730457Z,2026-04-20T19:23:09.492216487Z,1,1,42378449,T,B,0,21.250000000,2,0,13966,238635192,21.000000000,21.250000000,452,2,10,1,ESM6 P6000
2026-04-20T19:23:10.947439833Z,2026-04-20T19:23:10.856763373Z,1,1,42366511,T,A,0,19.500000000,2,0,13158,238646464,19.500000000,19.800000000,124,10,7,3,ESM6 C7600
2026-04-20T19:23:22.937948151Z,2026-04-20T19:23:22.937623713Z,1,1,42404374,T,A,0,129.000000000,1,0,14054,238679078,129.000000000,129.500000000,1,149,1,11,ESM6 P7000
2026-04-20T19:24:29.603811373Z,2026-04-20T19:24:29.603507101Z,1,1,42480043,T,B,0,11.500000000,5,0,13870,238953542,11.400000000,11.500000000,181,5,2,1,ESZ6 C8800
2026-04-20T19:25:38.357152861Z,2026-04-20T19:25:38.316981069Z,1,1,2502786,T,B,0,40.750000000,4,0,15652,94674896,40.500000000,40.750000000,354,4,5,1,UD:1V: VT 2502786
2026-04-20T19:26:13.336927935Z,2026-04-20T19:26:13.336385005Z,1,1,2501443,T,A,0,47.500000000,1,0,15146,94752281,47.500000000,47.750000000,63,447,1,7,UD:1V: VT 2501443
2026-04-20T19:26:22.309389030Z,2026-04-20T19:26:22.308532919Z,1,1,2521660,T,A,0,497.500000000,1,0,13292,94767211,497.500000000,498.500000000,21,50,2,1,UD:1V: BX 2521660
2026-04-20T19:26:31.818718381Z,2026-04-20T19:26:31.818211337Z,1,1,42517291,T,B,0,51.000000000,1,0,16690,239443238,50.250000000,51.000000000,219,126,3,3,ESZ6 P4950
2026-04-20T19:27:51.352225908Z,2026-04-20T19:27:51.349180377Z,1,1,42399646,T,B,0,10.700000000,1,0,13990,239768939,10.500000000,10.700000000,177,4,7,1,ESM6 C7700
2026-04-20T19:30:00.428534084Z,2026-04-20T19:30:00.144856737Z,1,1,42404370,T,B,0,41.000000000,1,0,12943,240275087,40.750000000,41.000000000,281,1,8,1,ESM6 P6400
2026-04-20T19:30:22.952635369Z,2026-04-20T19:30:22.936424529Z,1,1,2690832,T,B,0,4.050000000,32,0,14698,95143400,3.950000000,4.050000000,408,227,5,2,UD:1V: VT 2690832
2026-04-20T19:30:23.481403726Z,2026-04-20T19:30:23.441913105Z,1,1,2690832,T,B,0,4.050000000,26,0,18792,95147748,3.950000000,4.050000000,795,195,8,2,UD:1V: VT 2690832
2026-04-20T19:30:27.617078116Z,2026-04-20T19:30:27.616465875Z,1,1,2521660,T,A,0,497.500000000,1,0,15761,95158702,497.500000000,498.500000000,20,50,2,1,UD:1V: BX 2521660
2026-04-20T19:30:36.760652611Z,2026-04-20T19:30:36.719896659Z,1,1,2513332,T,A,0,45.000000000,4,0,13201,95175707,45.000000000,45.250000000,4,988,1,8,UD:1V: VT 2513332
2026-04-20T19:31:19.509368791Z,2026-04-20T19:31:19.508679713Z,1,1,2522398,T,A,0,16.400000000,1,0,13712,95272351,16.400000000,16.500000000,222,276,1,3,UD:1V: VT 2522398
2026-04-20T19:31:40.066678404Z,2026-04-20T19:31:40.036542885Z,1,1,2516102,T,A,0,29.250000000,69,0,14090,95307851,29.250000000,29.500000000,69,272,1,5,UD:1V: VT 2516102
2026-04-20T19:32:19.516235350Z,2026-04-20T19:32:19.515695085Z,1,1,2692490,T,A,0,172.000000000,1,0,15048,95367715,172.000000000,190.500000000,1,174,1,2,UD:1V: GN 2692490
2026-04-20T19:32:25.190187489Z,2026-04-20T19:32:25.021055401Z,1,1,2519377,T,B,0,-21.000000000,6,0,10451,95382633,-22.250000000,-21.000000000,19,19,1,1,UD:1V: 12 2519377
2026-04-20T19:33:22.928583259Z,2026-04-20T19:33:22.907875435Z,1,1,42394812,T,B,0,86.000000000,1,0,14405,241269034,85.750000000,86.000000000,141,1,7,1,ESM6 P6800
2026-04-20T19:33:54.799126390Z,2026-04-20T19:33:54.697190667Z,1,1,42372931,T,B,0,7.400000000,5,0,11284,241428662,7.300000000,7.400000000,507,5,6,1,ESM6 P5100
2026-04-20T19:33:54.799201975Z,2026-04-20T19:33:54.697191909Z,1,1,42384872,T,B,0,78.250000000,5,0,11701,241428666,78.000000000,78.250000000,149,25,7,1,ESM6 P6750
2026-04-20T19:33:54.816501579Z,2026-04-20T19:33:54.697383119Z,1,1,42384872,T,B,0,78.250000000,1,0,11213,241429086,78.000000000,78.250000000,149,20,7,1,ESM6 P6750
2026-04-20T19:33:54.860202857Z,2026-04-20T19:33:54.699897791Z,1,1,42384872,T,B,0,78.250000000,1,0,12866,241430211,78.000000000,78.250000000,149,19,7,1,ESM6 P6750
2026-04-20T19:33:54.869361758Z,2026-04-20T19:33:54.700315663Z,1,1,42372979,T,A,0,95.000000000,1,0,13278,241430367,95.000000000,95.250000000,1,57,1,5,ESM6 C7300
2026-04-20T19:33:54.907626150Z,2026-04-20T19:33:54.705766835Z,1,1,42384872,T,B,0,78.250000000,18,0,12415,241431257,78.000000000,78.250000000,149,18,7,1,ESM6 P6750
2026-04-20T19:34:15.098546780Z,2026-04-20T19:34:15.094648267Z,1,1,42384872,T,A,0,78.250000000,14,0,15021,241558030,78.250000000,78.500000000,19,4,3,2,ESM6 P6750
2026-04-20T19:34:15.105330708Z,2026-04-20T19:34:15.098550397Z,1,1,42384872,T,B,0,78.250000000,8,0,11517,241558180,78.000000000,78.250000000,202,11,8,1,ESM6 P6750
2026-04-20T19:34:15.105870430Z,2026-04-20T19:34:15.104062443Z,1,1,42384872,T,B,0,78.250000000,3,0,11305,241558208,78.000000000,78.250000000,192,3,7,1,ESM6 P6750
2026-04-20T19:34:31.789239679Z,2026-04-20T19:34:31.751863141Z,1,1,2523902,T,B,0,-3.000000000,34,0,22226,95639980,-3.100000000,-3.000000000,395,98,3,1,UD:1V: GN 2523902
2026-04-20T19:34:48.939499983Z,2026-04-20T19:34:48.799885453Z,1,1,42399706,T,B,0,71.250000000,1,0,11541,241756828,71.000000000,71.250000000,166,1,8,1,ESM6 P6700
2026-04-20T19:35:00.259959251Z,2026-04-20T19:35:00.154684755Z,1,1,2694033,T,B,0,19.900000000,120,0,16871,95713874,19.700000000,19.900000000,1539,154,7,2,UD:1V: VT 2694033
2026-04-20T19:35:00.293532889Z,2026-04-20T19:35:00.154684947Z,1,1,2694033,T,B,0,19.900000000,4,0,13099,95714449,19.700000000,19.900000000,1389,4,6,1,UD:1V: VT 2694033
2026-04-20T19:35:00.302480391Z,2026-04-20T19:35:00.155881557Z,1,1,2522402,T,A,0,4.650000000,4,0,14240,95714739,4.650000000,4.750000000,4,1000,1,5,UD:1V: VT 2522402
2026-04-20T19:35:23.145106670Z,2026-04-20T19:35:23.075912955Z,1,1,42372953,T,B,0,344.000000000,1,0,11792,242044745,343.500000000,344.000000000,5,1,2,1,ESM6 C6900
2026-04-20T19:36:49.270713271Z,2026-04-20T19:36:49.254990445Z,1,1,42394754,T,A,0,29.250000000,1,0,14717,242520945,29.250000000,29.500000000,1,196,1,9,ESM6 P6200
2026-04-20T19:36:50.981615767Z,2026-04-20T19:36:50.978615701Z,1,1,42510079,T,B,0,76.000000000,2,0,13500,242525835,75.750000000,76.000000000,13,2,4,1,ESM6 C7350
2026-04-20T19:36:50.987517559Z,2026-04-20T19:36:50.978625033Z,1,1,42429065,T,B,0,117.000000000,23,0,13831,242525901,116.500000000,117.000000000,120,23,11,1,ESM6 P6950
2026-04-20T19:36:51.003708420Z,2026-04-20T19:36:50.979581557Z,1,1,42426302,T,B,0,306.000000000,1,0,14154,242526088,305.000000000,306.000000000,51,1,5,1,ESM6 C6950
2026-04-20T19:36:51.456215068Z,2026-04-20T19:36:51.439539491Z,1,1,42372979,T,B,0,95.250000000,2,0,11326,242529697,94.750000000,95.250000000,116,2,7,2,ESM6 C7300
2026-04-20T19:36:52.320419459Z,2026-04-20T19:36:52.319924501Z,1,1,42506301,T,B,0,0.800000000,250,0,13225,242534377,0.750000000,0.800000000,776,250,6,1,ESU6 P1500
2026-04-20T19:36:54.600441961Z,2026-04-20T19:36:54.599988973Z,1,1,42836583,T,B,0,30.500000000,1,0,14180,242543772,30.250000000,30.500000000,323,4,8,2,ESM6 P6225
2026-04-20T19:36:54.667246608Z,2026-04-20T19:36:54.660970269Z,1,1,42760603,T,B,0,251.500000000,1,0,15215,242544423,250.500000000,251.500000000,101,1,7,1,ESM6 C7025
2026-04-20T19:36:54.864778745Z,2026-04-20T19:36:54.860525679Z,1,1,42300184,T,B,0,95.500000000,4,0,18095,242545872,95.000000000,95.500000000,89,4,7,2,ESM6 P6850
2026-04-20T19:36:59.514893726Z,2026-04-20T19:36:59.502621357Z,1,1,42404367,T,B,0,25.000000000,2,0,16179,242567143,24.750000000,25.000000000,356,45,11,3,ESM6 P6100
2026-04-20T19:37:08.231353939Z,2026-04-20T19:37:08.219690863Z,1,1,42506301,T,A,0,0.800000000,148,0,15845,242617933,0.800000000,0.900000000,148,279,2,2,ESU6 P1500
2026-04-20T19:37:08.276415339Z,2026-04-20T19:37:08.243792141Z,1,1,42506301,T,B,0,0.800000000,102,0,11230,242618849,0.750000000,0.800000000,747,102,4,1,ESU6 P1500
2026-04-20T19:37:08.640653814Z,2026-04-20T19:37:08.640132821Z,1,1,2690832,T,B,0,4.050000000,1,0,13961,96024705,4.000000000,4.050000000,198,230,3,1,UD:1V: VT 2690832
2026-04-20T19:37:09.962338001Z,2026-04-20T19:37:09.961790509Z,1,1,2690832,T,B,0,4.050000000,1,0,14105,96026265,4.000000000,4.050000000,198,229,3,1,UD:1V: VT 2690832
2026-04-20T19:37:10.099989043Z,2026-04-20T19:37:10.099480287Z,1,1,2690832,T,B,0,4.050000000,1,0,17450,96026319,4.000000000,4.050000000,198,234,3,1,UD:1V: VT 2690832
2026-04-20T19:37:10.237879556Z,2026-04-20T19:37:10.237363305Z,1,1,2690832,T,B,0,4.050000000,1,0,22216,96026421,4.000000000,4.050000000,198,225,3,1,UD:1V: VT 2690832
2026-04-20T19:37:10.376768206Z,2026-04-20T19:37:10.376272579Z,1,1,2690832,T,B,0,4.050000000,1,0,14474,96026536,4.000000000,4.050000000,198,223,3,1,UD:1V: VT 2690832
2026-04-20T19:37:10.513931827Z,2026-04-20T19:37:10.513415161Z,1,1,2690832,T,B,0,4.050000000,1,0,15012,96026690,4.000000000,4.050000000,198,217,3,1,UD:1V: VT 2690832
2026-04-20T19:37:13.158537156Z,2026-04-20T19:37:13.158008897Z,1,1,2690832,T,B,0,4.050000000,1,0,13507,96028143,4.000000000,4.050000000,198,219,3,1,UD:1V: VT 2690832
2026-04-20T19:37:33.614828995Z,2026-04-20T19:37:33.614277067Z,1,1,2672880,T,B,0,31.750000000,1,0,13339,96049437,31.500000000,31.750000000,746,216,6,1,UD:1V: VT 2672880
2026-04-20T19:37:40.028884374Z,2026-04-20T19:37:40.027024479Z,1,1,42404367,T,B,0,25.000000000,2,0,15405,242729068,24.750000000,25.000000000,357,28,11,1,ESM6 P6100
2026-04-20T19:37:43.022327121Z,2026-04-20T19:37:43.017632349Z,1,1,42404367,T,A,0,25.000000000,3,0,15634,242737772,25.000000000,25.250000000,3,208,1,10,ESM6 P6100
2026-04-20T19:37:45.265073945Z,2026-04-20T19:37:45.264538253Z,1,1,2690832,T,B,0,4.050000000,1,0,14832,96060313,4.000000000,4.050000000,198,218,3,1,UD:1V: VT 2690832
2026-04-20T19:37:47.391732517Z,2026-04-20T19:37:47.391202499Z,1,1,2672880,T,B,0,31.750000000,1,0,14583,96065990,31.500000000,31.750000000,941,219,7,1,UD:1V: VT 2672880
2026-04-20T19:37:53.290771422Z,2026-04-20T19:37:53.290227777Z,1,1,2672880,T,B,0,31.750000000,1,0,13338,96073870,31.500000000,31.750000000,941,233,7,1,UD:1V: VT 2672880
2026-04-20T19:38:04.072586464Z,2026-04-20T19:38:04.003768177Z,1,1,42378592,T,A,0,49.000000000,12,0,14499,242809121,49.000000000,49.250000000,40,95,1,6,ESM6 P6500
2026-04-20T19:38:04.114365771Z,2026-04-20T19:38:04.004893663Z,1,1,42378592,T,A,0,49.000000000,3,0,14086,242809764,49.000000000,49.250000000,28,95,1,6,ESM6 P6500
2026-04-20T19:38:04.166266329Z,2026-04-20T19:38:04.073058289Z,1,1,42378592,T,A,0,49.000000000,25,0,13900,242810775,49.000000000,49.250000000,25,95,1,6,ESM6 P6500
2026-04-20T19:38:11.343247588Z,2026-04-20T19:38:11.198517353Z,1,1,42836580,T,A,0,24.000000000,4,0,13152,242901853,24.000000000,24.250000000,4,177,1,7,ESM6 P6075
2026-04-20T19:38:12.350793726Z,2026-04-20T19:38:12.348098569Z,1,1,42836580,T,A,0,24.000000000,4,0,14559,242911902,24.000000000,24.250000000,4,177,1,7,ESM6 P6075
2026-04-20T19:38:13.278249721Z,2026-04-20T19:38:13.034149283Z,1,1,42404367,T,B,0,25.000000000,2,0,11412,242920909,24.750000000,25.000000000,417,29,11,1,ESM6 P6100
2026-04-20T19:38:16.743263654Z,2026-04-20T19:38:16.719199083Z,1,1,42836580,T,A,0,24.000000000,4,0,12712,242951952,24.000000000,24.250000000,4,174,1,6,ESM6 P6075
2026-04-20T19:38:50.316317640Z,2026-04-20T19:38:50.315434847Z,1,1,2521660,T,A,0,497.500000000,1,0,14940,96195467,497.500000000,498.500000000,19,50,2,1,UD:1V: BX 2521660
2026-04-20T19:39:36.924143949Z,2026-04-20T19:39:36.921167947Z,1,1,2655176,T,A,0,46.750000000,4,0,12939,96259822,46.750000000,47.000000000,4,870,1,7,UD:1V: VT 2655176
2026-04-20T19:40:05.851624999Z,2026-04-20T19:40:05.851111315Z,1,1,2513517,T,B,0,39.750000000,1,0,13896,96314407,39.250000000,39.750000000,996,223,4,1,UD:1V: VT 2513517
2026-04-20T19:40:06.018444598Z,2026-04-20T19:40:06.017888405Z,1,1,2526892,T,B,0,-27.000000000,1,0,13978,96314640,-27.500000000,-27.000000000,74,60,3,2,UD:1V: GN 2526892
2026-04-20T19:40:58.738934695Z,2026-04-20T19:40:58.738489117Z,1,1,42399646,T,A,0,10.600000000,4,0,11807,243666296,10.600000000,10.800000000,4,283,1,8,ESM6 C7700
2026-04-20T19:41:12.422161523Z,2026-04-20T19:41:12.340271383Z,1,1,42399646,T,A,0,10.600000000,1,0,11525,243743809,10.600000000,10.700000000,1,115,1,3,ESM6 C7700
2026-04-20T19:41:58.319827051Z,2026-04-20T19:41:58.237014563Z,1,1,42426302,T,B,0,305.500000000,1,0,19924,243968845,305.000000000,305.500000000,11,1,3,1,ESM6 C6950
2026-04-20T19:43:36.513296308Z,2026-04-20T19:43:36.512580425Z,1,1,2526980,T,A,0,-0.450000000,1,0,15097,96684865,-0.450000000,-0.350000000,1,105,1,2,UD:1V: GN 2526980
2026-04-20T19:43:49.134234890Z,2026-04-20T19:43:49.133585083Z,1,1,2655176,T,A,0,46.750000000,4,0,14466,96698426,46.750000000,47.000000000,4,1028,1,9,UD:1V: VT 2655176
2026-04-20T19:43:49.789265646Z,2026-04-20T19:43:49.352405125Z,1,1,2694033,T,B,0,19.900000000,4,0,13515,96706055,19.700000000,19.900000000,1024,4,5,1,UD:1V: VT 2694033
2026-04-20T19:43:53.257170827Z,2026-04-20T19:43:53.230477097Z,1,1,2694033,T,B,0,19.900000000,4,0,14576,96728025,19.700000000,19.900000000,1397,103,7,2,UD:1V: VT 2694033
2026-04-20T19:43:53.257402636Z,2026-04-20T19:43:53.230478421Z,1,1,2694033,T,B,0,19.900000000,4,0,13945,96728027,19.700000000,19.900000000,1397,99,7,1,UD:1V: VT 2694033
2026-04-20T19:43:53.278208189Z,2026-04-20T19:43:53.257481813Z,1,1,2694033,T,B,0,19.900000000,95,0,17457,96728101,19.700000000,19.900000000,1495,95,8,1,UD:1V: VT 2694033
2026-04-20T19:43:56.366303175Z,2026-04-20T19:43:56.365921785Z,1,1,2694033,T,B,0,19.900000000,4,0,14064,96735040,19.800000000,19.900000000,321,4,3,1,UD:1V: VT 2694033
2026-04-20T19:43:59.566308255Z,2026-04-20T19:43:59.565943489Z,1,1,2694033,T,B,0,19.900000000,4,0,14057,96739175,19.800000000,19.900000000,321,4,3,1,UD:1V: VT 2694033
2026-04-20T19:44:02.766325026Z,2026-04-20T19:44:02.765898327Z,1,1,2694033,T,B,0,19.900000000,4,0,12807,96742245,19.800000000,19.900000000,315,4,3,1,UD:1V: VT 2694033
2026-04-20T19:44:05.966276573Z,2026-04-20T19:44:05.965896913Z,1,1,2694033,T,B,0,19.900000000,4,0,14469,96750174,19.800000000,19.900000000,517,4,4,1,UD:1V: VT 2694033
2026-04-20T19:44:09.815175454Z,2026-04-20T19:44:09.567467015Z,1,1,2694033,T,B,0,19.900000000,4,0,14910,96764278,19.800000000,19.900000000,504,4,4,1,UD:1V: VT 2694033
2026-04-20T19:44:10.726405967Z,2026-04-20T19:44:10.725872997Z,1,1,42378449,T,B,0,21.500000000,1,0,13918,244586599,21.250000000,21.500000000,407,40,12,1,ESM6 P6000
2026-04-20T19:44:10.914751991Z,2026-04-20T19:44:10.899680659Z,1,1,42378449,T,B,0,21.500000000,39,0,13866,244587565,21.250000000,21.500000000,407,39,12,1,ESM6 P6000
2026-04-20T19:44:16.153119010Z,2026-04-20T19:44:16.061627617Z,1,1,2523902,T,B,0,-3.000000000,25,0,14140,96776372,-3.100000000,-3.000000000,54,97,2,1,UD:1V: GN 2523902
2026-04-20T19:45:48.872929233Z,2026-04-20T19:45:48.853751115Z,1,1,42426302,T,B,0,304.500000000,1,0,17567,245180609,304.000000000,304.500000000,11,1,3,1,ESM6 C6950
2026-04-20T19:45:55.489518390Z,2026-04-20T19:45:55.489040929Z,1,1,42372981,T,A,0,2.300000000,48,0,16199,245221403,2.300000000,2.350000000,48,346,1,5,ESM6 C8000
2026-04-20T19:45:55.959028267Z,2026-04-20T19:45:55.958480139Z,1,1,2522398,T,A,0,16.600000000,1,0,14173,97022839,16.600000000,16.800000000,185,859,1,7,UD:1V: VT 2522398
2026-04-20T19:45:57.648239017Z,2026-04-20T19:45:57.633269531Z,1,1,42435330,T,B,0,233.000000000,1,0,22932,245234915,232.000000000,233.000000000,81,9,9,4,ESM6 C7050
2026-04-20T19:46:01.701464721Z,2026-04-20T19:46:01.616610847Z,1,1,42372969,T,B,0,267.500000000,1,0,16946,245252188,267.000000000,267.500000000,6,1,3,1,ESM6 C7000
2026-04-20T19:46:03.414523785Z,2026-04-20T19:46:03.414252321Z,1,1,42428853,T,A,0,4.400000000,1,0,13992,245263544,4.400000000,4.450000000,1,188,1,1,ESU6 C8600
2026-04-20T19:46:04.810591030Z,2026-04-20T19:46:04.809999033Z,1,1,2526191,T,A,0,0.450000000,1,0,14097,97038794,0.450000000,0.700000000,1,160,1,4,UD:1V: GN 2526191
2026-04-20T19:46:06.502872433Z,2026-04-20T19:46:06.497588265Z,1,1,42458390,T,B,0,169.500000000,1,0,13854,245292045,169.000000000,169.500000000,35,1,3,1,ESU6 P6700
2026-04-20T19:46:06.981165883Z,2026-04-20T19:46:06.960758009Z,1,1,42377577,T,B,0,57.250000000,1,0,13235,245300254,57.000000000,57.250000000,115,1,3,1,ESU6 C7800
2026-04-20T19:46:09.753370287Z,2026-04-20T19:46:09.750690597Z,1,1,42377432,T,B,0,98.250000000,1,0,13862,245310950,97.500000000,98.250000000,83,86,4,4,ESU6 P6200
2026-04-20T19:46:10.447647019Z,2026-04-20T19:46:10.447159293Z,1,1,42399646,T,A,0,10.500000000,1,0,14009,245315313,10.500000000,10.600000000,1,273,1,6,ESM6 C7700
2026-04-20T19:46:11.459369111Z,2026-04-20T19:46:11.449716231Z,1,1,42399646,T,A,0,10.500000000,1,0,13900,245324635,10.500000000,10.600000000,1,273,1,6,ESM6 C7700
2026-04-20T19:46:20.307438198Z,2026-04-20T19:46:20.235224377Z,1,1,42399646,T,A,0,10.500000000,1,0,14714,245402053,10.500000000,10.600000000,1,19,1,2,ESM6 C7700
2026-04-20T19:46:21.236400251Z,2026-04-20T19:46:21.214761103Z,1,1,42399646,T,A,0,10.500000000,1,0,11188,245411165,10.500000000,10.600000000,1,19,1,2,ESM6 C7700
2026-04-20T19:46:28.795153671Z,2026-04-20T19:46:28.708318745Z,1,1,42426302,T,B,0,304.500000000,1,0,19467,245456709,304.000000000,304.500000000,11,1,3,1,ESM6 C6950
2026-04-20T19:46:30.324716240Z,2026-04-20T19:46:30.324190809Z,1,1,42366512,T,A,0,14.300000000,1,0,13989,245467589,14.300000000,14.500000000,39,346,3,9,ESM6 P5700
2026-04-20T19:48:33.513662007Z,2026-04-20T19:48:33.513123743Z,1,1,42510079,T,B,0,75.500000000,21,0,13159,246036726,75.250000000,75.500000000,87,127,7,1,ESM6 C7350
2026-04-20T19:48:33.554653202Z,2026-04-20T19:48:33.547475111Z,1,1,42510079,T,B,0,75.500000000,6,0,14580,246037106,75.250000000,75.500000000,87,106,7,1,ESM6 C7350
2026-04-20T19:48:33.562139219Z,2026-04-20T19:48:33.554628617Z,1,1,42510079,T,B,0,75.500000000,27,0,11090,246037272,75.250000000,75.500000000,87,100,7,1,ESM6 C7350
2026-04-20T19:48:34.575106895Z,2026-04-20T19:48:34.572872285Z,1,1,42510079,T,B,0,75.500000000,22,0,14515,246042283,75.250000000,75.500000000,87,73,7,1,ESM6 C7350
2026-04-20T19:48:34.577424713Z,2026-04-20T19:48:34.573059767Z,1,1,42510079,T,B,0,75.500000000,3,0,11841,246042336,75.250000000,75.500000000,87,51,7,1,ESM6 C7350
2026-04-20T19:48:35.715051487Z,2026-04-20T19:48:35.714474117Z,1,1,42510079,T,B,0,75.500000000,16,0,15350,246045361,75.250000000,75.500000000,112,48,8,1,ESM6 C7350
2026-04-20T19:48:36.111595043Z,2026-04-20T19:48:36.109634053Z,1,1,42510079,T,B,0,75.500000000,10,0,13518,246046149,75.250000000,75.500000000,119,32,9,1,ESM6 C7350
2026-04-20T19:48:36.112716782Z,2026-04-20T19:48:36.109848797Z,1,1,42510079,T,B,0,75.500000000,2,0,11445,246046173,75.250000000,75.500000000,119,22,9,1,ESM6 C7350
2026-04-20T19:48:36.216023273Z,2026-04-20T19:48:36.215523367Z,1,1,42510079,T,B,0,75.500000000,18,0,14216,246046708,75.250000000,75.500000000,119,20,9,1,ESM6 C7350
2026-04-20T19:48:36.711202876Z,2026-04-20T19:48:36.710708453Z,1,1,42510079,T,B,0,75.500000000,2,0,14563,246048374,75.250000000,75.500000000,119,2,9,1,ESM6 C7350
2026-04-20T19:48:45.777667832Z,2026-04-20T19:48:45.777135489Z,1,1,42399646,T,A,0,10.600000000,1,0,13892,246094360,10.600000000,10.700000000,1,228,1,6,ESM6 C7700
2026-04-20T19:49:07.616918072Z,2026-04-20T19:49:07.616387955Z,1,1,2509403,T,A,0,23.250000000,1,0,11609,97388859,23.250000000,23.500000000,150,417,1,6,UD:1V: VT 2509403
2026-04-20T19:49:45.251225608Z,2026-04-20T19:49:45.250690407Z,1,1,42399646,T,A,0,10.600000000,1,0,14274,246403018,10.600000000,10.700000000,1,124,1,4,ESM6 C7700
2026-04-20T19:49:48.447005844Z,2026-04-20T19:49:48.445061245Z,1,1,42821844,T,A,0,26.000000000,3,0,18924,246420980,26.000000000,26.250000000,3,224,1,8,ESM6 P6125
2026-04-20T19:50:07.626250921Z,2026-04-20T19:50:07.514501281Z,1,1,2525507,T,B,0,6.000000000,4,0,13320,97533201,5.700000000,6.000000000,569,4,5,1,UD:1V: GN 2525507
2026-04-20T19:50:10.234419255Z,2026-04-20T19:50:10.134016765Z,1,1,2515705,T,A,0,3.100000000,1,0,13052,97550617,3.100000000,3.450000000,1,4,1,1,UD:1V: 12 2515705
2026-04-20T19:50:10.452208182Z,2026-04-20T19:50:10.451685887Z,1,1,2515712,T,A,0,2.600000000,1,0,14390,97551731,2.600000000,2.900000000,1,4,1,1,UD:1V: 12 2515712
2026-04-20T19:50:10.993054563Z,2026-04-20T19:50:10.980303441Z,1,1,2515774,T,A,0,2.100000000,1,0,13218,97554445,2.100000000,2.400000000,1,4,1,1,UD:1V: 12 2515774
2026-04-20T19:50:12.421249341Z,2026-04-20T19:50:12.211073693Z,1,1,2515845,T,A,0,2.200000000,1,0,12963,97559660,2.200000000,2.650000000,1,67,1,2,UD:1V: GN 2515845
2026-04-20T19:50:14.414025599Z,2026-04-20T19:50:14.413356621Z,1,1,2525507,T,B,0,6.000000000,4,0,14987,97568772,5.800000000,6.000000000,122,4,3,1,UD:1V: GN 2525507
2026-04-20T19:50:21.477404838Z,2026-04-20T19:50:21.465754973Z,1,1,2525507,T,B,0,6.000000000,4,0,12327,97589144,5.800000000,6.000000000,122,4,3,1,UD:1V: GN 2525507
2026-04-20T19:50:33.329651262Z,2026-04-20T19:50:33.252147611Z,1,1,42399646,T,A,0,10.600000000,1,0,13076,246828048,10.600000000,10.700000000,1,135,1,4,ESM6 C7700
2026-04-20T19:50:33.346933607Z,2026-04-20T19:50:33.257728551Z,1,1,2525507,T,B,0,6.000000000,4,0,14781,97630686,5.800000000,6.000000000,24,4,2,1,UD:1V: GN 2525507
2026-04-20T19:50:36.286606180Z,2026-04-20T19:50:36.172377727Z,1,1,42399646,T,A,0,10.600000000,1,0,11922,246854855,10.600000000,10.700000000,1,171,1,4,ESM6 C7700
2026-04-20T19:50:58.481862868Z,2026-04-20T19:50:58.475273227Z,1,1,2524524,T,B,0,29.750000000,64,0,16494,97686804,29.500000000,29.750000000,690,64,6,1,UD:1V: VT 2524524
2026-04-20T19:51:08.980341667Z,2026-04-20T19:51:08.853572121Z,1,1,42919947,T,B,0,14.900000000,10,0,15659,247083039,14.800000000,14.900000000,73,10,1,3,ESM6 P5725
2026-04-20T19:51:08.995802678Z,2026-04-20T19:51:08.857055393Z,1,1,42394733,T,B,0,9.200000000,6,0,14341,247083348,9.100000000,9.200000000,96,6,3,2,ESM6 P5300
2026-04-20T19:51:09.151050414Z,2026-04-20T19:51:09.149828413Z,1,1,42394731,T,B,0,6.800000000,4,0,14682,247086299,6.700000000,6.800000000,133,4,3,2,ESM6 P5000
2026-04-20T19:51:12.182226930Z,2026-04-20T19:51:12.181557983Z,1,1,2525507,T,B,0,6.000000000,4,0,14798,97725185,5.800000000,6.000000000,122,4,3,1,UD:1V: GN 2525507
2026-04-20T19:51:15.077017364Z,2026-04-20T19:51:14.914644231Z,1,1,42506298,T,A,0,237.000000000,20,0,11298,247129763,237.000000000,237.500000000,20,24,1,2,ESU6 P7000
2026-04-20T19:51:34.429507623Z,2026-04-20T19:51:34.428982599Z,1,1,42366510,T,A,0,201.000000000,1,0,15249,247251936,201.000000000,202.000000000,101,23,9,6,ESM6 C7100
2026-04-20T19:51:38.035533846Z,2026-04-20T19:51:37.612593265Z,1,1,2525507,T,B,0,6.000000000,4,0,10524,97786664,5.800000000,6.000000000,4,4,1,1,UD:1V: GN 2525507
2026-04-20T19:51:38.053662535Z,2026-04-20T19:51:37.612601573Z,1,1,42506315,T,B,0,40.500000000,4,0,14067,247285922,40.250000000,40.500000000,4,4,1,1,ESU6 P5350
2026-04-20T19:51:38.053858448Z,2026-04-20T19:51:37.612605481Z,1,1,42458377,T,B,0,42.500000000,4,0,12558,247285924,42.250000000,42.500000000,4,4,1,1,ESU6 P5400
2026-04-20T19:51:38.053934457Z,2026-04-20T19:51:37.612607257Z,1,1,42472887,T,B,0,19.700000000,4,0,13097,247285926,19.500000000,19.700000000,5,4,2,1,ESU6 P4500
2026-04-20T19:51:38.169289547Z,2026-04-20T19:51:37.616065653Z,1,1,42378592,T,B,0,49.250000000,1,0,11253,247288331,,49.250000000,0,1,0,1,ESM6 P6500
2026-04-20T19:51:38.667398400Z,2026-04-20T19:51:37.707235879Z,1,1,42399646,T,A,0,10.600000000,1,0,14379,247295828,10.600000000,10.700000000,1,74,1,2,ESM6 C7700
2026-04-20T19:51:40.715157618Z,2026-04-20T19:51:40.130077085Z,1,1,42428853,T,B,0,4.450000000,1,0,14444,247332125,4.200000000,4.450000000,459,188,3,1,ESU6 C8600
2026-04-20T19:51:41.420873899Z,2026-04-20T19:51:41.346513701Z,1,1,2525507,T,B,0,6.000000000,4,0,13944,97811827,5.800000000,6.000000000,122,4,3,1,UD:1V: GN 2525507
2026-04-20T19:51:42.135111758Z,2026-04-20T19:51:41.974104907Z,1,1,42428853,T,A,0,4.400000000,1,0,14342,247355782,4.400000000,4.450000000,1,188,1,1,ESU6 C8600
2026-04-20T19:51:44.774885947Z,2026-04-20T19:51:44.773253071Z,1,1,2525507,T,B,0,6.000000000,4,0,17844,97828914,5.800000000,6.000000000,122,4,3,1,UD:1V: GN 2525507
2026-04-20T19:51:47.966653686Z,2026-04-20T19:51:47.966195259Z,1,1,2525507,T,B,0,6.000000000,4,0,17328,97834836,5.800000000,6.000000000,24,4,2,1,UD:1V: GN 2525507
2026-04-20T19:52:00.441476983Z,2026-04-20T19:52:00.324367223Z,1,1,2525507,T,B,0,6.000000000,4,0,12327,97859151,5.800000000,6.000000000,24,4,2,1,UD:1V: GN 2525507
2026-04-20T19:52:03.566652687Z,2026-04-20T19:52:03.566234869Z,1,1,2525507,T,B,0,6.000000000,4,0,14427,97867304,5.800000000,6.000000000,24,4,2,1,UD:1V: GN 2525507
2026-04-20T19:52:06.766693557Z,2026-04-20T19:52:06.766249543Z,1,1,2525507,T,B,0,6.000000000,4,0,13523,97872248,5.800000000,6.000000000,24,4,2,1,UD:1V: GN 2525507
2026-04-20T19:52:09.966579687Z,2026-04-20T19:52:09.966222727Z,1,1,2525507,T,B,0,6.000000000,4,0,13105,97875402,5.800000000,6.000000000,24,4,2,1,UD:1V: GN 2525507
2026-04-20T19:52:13.166792279Z,2026-04-20T19:52:13.166204497Z,1,1,2525507,T,B,0,6.000000000,4,0,15604,97884235,5.800000000,6.000000000,24,4,2,1,UD:1V: GN 2525507
2026-04-20T19:52:16.754173591Z,2026-04-20T19:52:16.590199867Z,1,1,42439505,T,B,0,37.000000000,4,0,15404,247567379,36.500000000,37.000000000,200,4,5,1,ESU6 P5250
2026-04-20T19:52:16.796685665Z,2026-04-20T19:52:16.754177277Z,1,1,42439505,T,A,0,37.000000000,96,0,14154,247568535,37.000000000,37.250000000,96,274,1,4,ESU6 P5250
2026-04-20T19:52:22.863816319Z,2026-04-20T19:52:22.863325147Z,1,1,42428853,T,A,0,4.400000000,1,0,14350,247599394,4.400000000,4.450000000,1,188,1,1,ESU6 C8600
2026-04-20T19:52:42.775003446Z,2026-04-20T19:52:42.770621781Z,1,1,42399646,T,A,0,10.500000000,1,0,13966,247699932,10.500000000,10.600000000,1,96,1,3,ESM6 C7700
2026-04-20T19:52:56.982828732Z,2026-04-20T19:52:56.780851405Z,1,1,42372979,T,B,0,94.750000000,1,0,15654,247768980,94.500000000,94.750000000,23,1,2,1,ESM6 C7300
2026-04-20T19:53:09.906110613Z,2026-04-20T19:53:09.724865767Z,1,1,42377432,T,A,0,97.500000000,1,0,16506,247883995,97.500000000,97.750000000,1,51,1,3,ESU6 P6200
2026-04-20T19:53:11.063730542Z,2026-04-20T19:53:11.059632271Z,1,1,42506298,T,A,0,236.500000000,5,0,13911,247897709,236.500000000,237.000000000,5,24,1,2,ESU6 P7000
2026-04-20T19:53:13.449239008Z,2026-04-20T19:53:13.447478247Z,1,1,42627610,T,A,0,14.400000000,1,0,13989,247914635,14.400000000,14.500000000,1,23,1,3,ESM6 C7650
2026-04-20T19:53:47.175961411Z,2026-04-20T19:53:47.167785243Z,1,1,2515809,T,A,0,2.600000000,1,0,13120,98128214,2.600000000,2.900000000,1,9,1,2,UD:1V: GN 2515809
2026-04-20T19:54:08.994876743Z,2026-04-20T19:54:08.801186849Z,1,1,2505977,T,A,0,30.250000000,74,0,13669,98181976,30.250000000,30.500000000,237,693,1,5,UD:1V: VT 2505977
2026-04-20T19:54:10.569360001Z,2026-04-20T19:54:10.021808723Z,1,1,2515306,T,A,0,3.300000000,1,0,14335,98190253,3.300000000,3.950000000,1,4,1,1,UD:1V: GN 2515306
2026-04-20T19:54:11.251689906Z,2026-04-20T19:54:10.177783419Z,1,1,2515845,T,A,0,2.100000000,1,0,13449,98194412,2.100000000,2.450000000,1,4,1,1,UD:1V: GN 2515845
2026-04-20T19:54:23.888129099Z,2026-04-20T19:54:23.878613627Z,1,1,42378346,T,A,0,35.250000000,6,0,15777,248474229,35.250000000,35.500000000,6,36,2,3,ESM6 C7500
2026-04-20T19:54:23.934440154Z,2026-04-20T19:54:23.910080899Z,1,1,42378346,T,A,0,35.250000000,12,0,11639,248475393,35.250000000,35.500000000,95,34,1,2,ESM6 C7500
2026-04-20T19:54:23.935372323Z,2026-04-20T19:54:23.916612561Z,1,1,42378346,T,A,0,35.250000000,83,0,11348,248475437,35.250000000,35.500000000,83,34,1,2,ESM6 C7500
2026-04-20T19:54:31.054748331Z,2026-04-20T19:54:31.053074329Z,1,1,42404367,T,A,0,25.000000000,4,0,17475,248531066,25.000000000,25.250000000,4,82,1,7,ESM6 P6100
2026-04-20T19:54:31.337736031Z,2026-04-20T19:54:31.331744217Z,1,1,42821844,T,B,0,26.000000000,3,0,11776,248534193,25.750000000,26.000000000,258,42,5,1,ESM6 P6125
2026-04-20T19:54:44.764793675Z,2026-04-20T19:54:44.764467607Z,1,1,42372981,T,A,0,2.300000000,30,0,14049,248642997,2.300000000,2.400000000,30,344,1,7,ESM6 C8000
2026-04-20T19:55:01.081021795Z,2026-04-20T19:55:00.144657953Z,1,1,42404370,T,B,0,41.000000000,1,0,12147,248756688,40.750000000,41.000000000,4,1,1,1,ESM6 P6400
2026-04-20T19:55:10.638900181Z,2026-04-20T19:55:10.626131537Z,1,1,42903306,T,B,0,67.750000000,2,0,11592,248894339,67.250000000,67.750000000,56,101,3,5,ESM6 C7375
2026-04-20T19:55:23.961537010Z,2026-04-20T19:55:23.936906645Z,1,1,42611781,T,A,0,26.250000000,10,0,17262,249042740,26.250000000,26.500000000,10,14,2,4,ESM6 C7550
2026-04-20T19:55:28.208898983Z,2026-04-20T19:55:28.194492817Z,1,1,42836580,T,A,0,24.000000000,4,0,14121,249097208,24.000000000,24.250000000,4,186,1,7,ESM6 P6075
2026-04-20T19:55:40.886533962Z,2026-04-20T19:55:40.674931121Z,1,1,42366506,T,B,0,5.000000000,10,0,17077,249181934,4.950000000,5.000000000,144,10,4,1,ESM6 P4700
2026-04-20T19:56:16.092367726Z,2026-04-20T19:56:16.037274457Z,1,1,42378272,T,A,0,733.500000000,1,0,13070,249459063,733.500000000,737.500000000,1,1,1,1,ESM6 C6450
2026-04-20T19:56:17.100595242Z,2026-04-20T19:56:16.975866995Z,1,1,2689611,T,A,0,-17.500000000,4,0,13420,98636169,-17.500000000,-15.500000000,4,20,1,1,UD:1V: RR 2689611
2026-04-20T19:56:20.052013069Z,2026-04-20T19:56:20.043874293Z,1,1,42378272,T,A,0,733.000000000,1,0,13425,249486402,733.000000000,737.500000000,1,1,1,1,ESM6 C6450
2026-04-20T19:56:22.308991575Z,2026-04-20T19:56:22.308621923Z,1,1,42372953,T,B,0,345.000000000,5,0,13836,249501438,344.500000000,345.000000000,40,5,6,1,ESM6 C6900
2026-04-20T19:56:42.334634529Z,2026-04-20T19:56:42.326157735Z,1,1,42372953,T,A,0,345.000000000,3,0,14067,249636065,345.000000000,346.000000000,22,11,1,4,ESM6 C6900
2026-04-20T19:56:46.016550720Z,2026-04-20T19:56:46.014692355Z,1,1,273847,T,B,0,167.500000000,1,0,16906,249663544,167.000000000,167.500000000,192,1,5,1,ESZ6 P6300
2026-04-20T19:56:51.912406361Z,2026-04-20T19:56:51.911917019Z,1,1,42378272,T,A,0,734.000000000,2,0,15394,249723302,734.000000000,737.500000000,2,9,1,2,ESM6 C6450
2026-04-20T19:57:18.859230343Z,2026-04-20T19:57:18.858882371Z,1,1,42378272,T,A,0,735.000000000,1,0,14237,249954632,735.000000000,735.500000000,1,1,1,1,ESM6 C6450
2026-04-20T19:57:20.466531718Z,2026-04-20T19:57:20.459018305Z,1,1,42378272,T,A,0,734.500000000,1,0,13654,249961451,734.500000000,735.500000000,1,1,1,1,ESM6 C6450
2026-04-20T19:57:21.788210758Z,2026-04-20T19:57:21.769402623Z,1,1,42378272,T,A,0,734.500000000,1,0,13611,249966362,734.500000000,735.500000000,1,1,1,1,ESM6 C6450
2026-04-20T19:57:39.493635676Z,2026-04-20T19:57:39.490849799Z,1,1,42378346,T,A,0,35.250000000,15,0,13502,250043458,35.250000000,35.500000000,15,38,2,3,ESM6 C7500
2026-04-20T19:57:43.263617760Z,2026-04-20T19:57:43.214165755Z,1,1,42439381,T,B,0,14.600000000,4,0,13393,250084376,14.400000000,14.600000000,99,4,1,1,ESU6 C8200
2026-04-20T19:57:55.806126371Z,2026-04-20T19:57:55.805602381Z,1,1,42439381,T,B,0,14.600000000,4,0,15578,250173719,14.400000000,14.600000000,103,4,2,1,ESU6 C8200
2026-04-20T19:57:56.342980999Z,2026-04-20T19:57:56.342683859Z,1,1,42378272,T,A,0,735.500000000,1,0,14950,250175282,735.500000000,736.000000000,1,1,1,1,ESM6 C6450
2026-04-20T19:57:57.336166414Z,2026-04-20T19:57:57.335925373Z,1,1,42378272,T,A,0,735.500000000,1,0,13317,250180732,735.500000000,736.000000000,1,1,1,1,ESM6 C6450
2026-04-20T19:57:58.677285315Z,2026-04-20T19:57:58.596800431Z,1,1,42378272,T,A,0,735.000000000,1,0,11391,250186329,735.000000000,736.500000000,1,4,1,1,ESM6 C6450
2026-04-20T19:58:00.847888215Z,2026-04-20T19:58:00.743281883Z,1,1,42378272,T,A,0,734.500000000,2,0,11415,250210976,734.500000000,736.000000000,2,1,1,1,ESM6 C6450
2026-04-20T19:58:09.129418868Z,2026-04-20T19:58:09.128924239Z,1,1,42378449,T,A,0,21.250000000,7,0,13399,250292044,21.250000000,21.500000000,7,214,1,7,ESM6 P6000
2026-04-20T19:58:13.250183444Z,2026-04-20T19:58:13.111806131Z,1,1,42439381,T,B,0,14.600000000,4,0,11325,250332365,14.400000000,14.600000000,103,4,2,1,ESU6 C8200
2026-04-20T19:58:16.482023566Z,2026-04-20T19:58:16.403168333Z,1,1,42439381,T,B,0,14.600000000,4,0,11642,250357681,14.400000000,14.600000000,103,4,2,1,ESU6 C8200
2026-04-20T19:58:23.035425559Z,2026-04-20T19:58:22.936716699Z,1,1,42439381,T,B,0,14.600000000,4,0,13317,250418546,14.400000000,14.600000000,103,4,2,1,ESU6 C8200
2026-04-20T19:58:29.434539153Z,2026-04-20T19:58:29.434013623Z,1,1,42439381,T,B,0,14.600000000,4,0,18645,250476895,14.400000000,14.600000000,103,4,2,1,ESU6 C8200
2026-04-20T19:58:41.284774313Z,2026-04-20T19:58:40.797290143Z,1,1,42439381,T,B,0,14.600000000,4,0,11914,250577988,14.400000000,14.600000000,103,4,2,1,ESU6 C8200
2026-04-20T19:58:41.294063019Z,2026-04-20T19:58:40.797608693Z,1,1,2527150,T,A,0,-3.000000000,1,0,13296,99080448,-3.000000000,-1.250000000,1,114,1,1,UD:1V: GN 2527150
2026-04-20T19:58:42.821464364Z,2026-04-20T19:58:42.309226369Z,1,1,42372953,T,B,0,348.000000000,1,0,11416,250602361,347.000000000,348.000000000,31,1,4,1,ESM6 C6900
2026-04-20T19:58:47.267898710Z,2026-04-20T19:58:47.216472041Z,1,1,42378272,T,A,0,736.500000000,1,0,11324,250675876,736.500000000,738.500000000,1,4,1,1,ESM6 C6450
2026-04-20T19:58:47.302766321Z,2026-04-20T19:58:47.255129695Z,1,1,2519377,T,B,0,-20.500000000,6,0,14272,99124275,-21.750000000,-20.500000000,19,19,1,1,UD:1V: 12 2519377
2026-04-20T19:58:48.359522865Z,2026-04-20T19:58:48.357561453Z,1,1,42378272,T,A,0,736.500000000,2,0,13547,250686445,736.500000000,738.500000000,2,4,1,1,ESM6 C6450
2026-04-20T19:58:49.297702998Z,2026-04-20T19:58:49.293059049Z,1,1,42384725,T,B,0,60.500000000,1,0,13444,250697851,60.250000000,60.500000000,102,1,5,1,ESM6 C7400
2026-04-20T19:58:54.610813700Z,2026-04-20T19:58:54.600616563Z,1,1,42919949,T,B,0,89.000000000,1,0,15819,250750315,88.500000000,89.000000000,111,1,7,1,ESM6 P6825
2026-04-20T19:58:56.957428555Z,2026-04-20T19:58:56.947923321Z,1,1,42300184,T,B,0,93.500000000,1,0,14989,250774622,93.000000000,93.500000000,128,1,7,1,ESM6 P6850
2026-04-20T19:58:57.425151500Z,2026-04-20T19:58:57.286716365Z,1,1,42399704,T,B,0,63.250000000,7,0,14348,250782605,63.000000000,63.250000000,184,7,7,1,ESM6 P6650
2026-04-20T19:58:57.497972198Z,2026-04-20T19:58:57.384680243Z,1,1,42760626,T,B,0,109.000000000,2,0,15114,250783792,108.500000000,109.000000000,40,24,4,1,ESM6 P6925
2026-04-20T19:58:58.322531287Z,2026-04-20T19:58:58.206056767Z,1,1,42760626,T,B,0,109.000000000,6,0,17073,250793257,108.500000000,109.000000000,73,6,5,1,ESM6 P6925
2026-04-20T19:59:01.592461211Z,2026-04-20T19:59:01.146640035Z,1,1,2519377,T,B,0,-20.500000000,6,0,13212,99200537,-21.750000000,-20.500000000,19,19,1,1,UD:1V: 12 2519377
2026-04-20T19:59:02.153562143Z,2026-04-20T19:59:01.644094647Z,1,1,42836580,T,B,0,23.750000000,9,0,13860,250855225,23.500000000,23.750000000,140,43,4,3,ESM6 P6075
2026-04-20T19:59:10.012757003Z,2026-04-20T19:59:09.972759693Z,1,1,42378272,T,A,0,737.500000000,1,0,11397,250986424,737.500000000,739.000000000,1,1,1,1,ESM6 C6450
2026-04-20T19:59:10.849124879Z,2026-04-20T19:59:10.837040735Z,1,1,42378272,T,A,0,737.500000000,1,0,13171,251003775,737.500000000,739.000000000,1,1,1,1,ESM6 C6450
2026-04-20T19:59:13.729086125Z,2026-04-20T19:59:13.575453197Z,1,1,42458390,T,B,0,166.500000000,24,0,15956,251042376,166.000000000,166.500000000,7,27,1,1,ESU6 P6700
2026-04-20T19:59:26.258836067Z,2026-04-20T19:59:26.241233113Z,1,1,2515809,T,A,0,2.500000000,1,0,13229,99360649,2.500000000,2.850000000,1,8,1,2,UD:1V: GN 2515809
2026-04-20T19:59:26.740599170Z,2026-04-20T19:59:26.674798383Z,1,1,2515774,T,A,0,2.000000000,1,0,14315,99362293,2.000000000,2.150000000,1,24,1,2,UD:1V: 12 2515774
2026-04-20T19:59:37.357041422Z,2026-04-20T19:59:37.323300325Z,1,1,2515705,T,A,0,3.000000000,1,0,11610,99437573,3.000000000,3.100000000,1,24,1,2,UD:1V: 12 2515705
2026-04-20T19:59:41.270468601Z,2026-04-20T19:59:41.270095215Z,1,1,42378272,T,A,0,738.500000000,1,0,13534,251381046,738.500000000,760.500000000,1,1,1,1,ESM6 C6450
2026-04-20T19:59:41.728470313Z,2026-04-20T19:59:41.727422123Z,1,1,2944760,T,A,0,11.900000000,2,0,14937,99470682,11.900000000,12.000000000,2,683,1,6,UD:1V: VT 2944760
2026-04-20T19:59:42.474447448Z,2026-04-20T19:59:42.396956369Z,1,1,42378272,T,A,0,738.500000000,1,0,11346,251400008,738.500000000,740.000000000,1,4,1,1,ESM6 C6450
2026-04-20T19:59:42.971687583Z,2026-04-20T19:59:42.685962605Z,1,1,42384725,T,B,0,61.000000000,1,0,11527,251408339,60.500000000,61.000000000,12,1,2,1,ESM6 C7400
2026-04-20T19:59:43.069197979Z,2026-04-20T19:59:42.701806313Z,1,1,2523595,T,A,0,83.000000000,2,0,16295,99482822,83.000000000,83.500000000,2,99,1,1,UD:1V: GN 2523595
2026-04-20T19:59:43.071606569Z,2026-04-20T19:59:42.702245343Z,1,1,2525166,T,A,0,40.000000000,1,0,14887,99482838,40.000000000,40.250000000,1,126,1,1,UD:1V: GN 2525166
2026-04-20T19:59:43.072122179Z,2026-04-20T19:59:42.702245875Z,1,1,2515712,T,A,0,2.500000000,1,0,12732,99482842,2.500000000,2.650000000,1,47,1,2,UD:1V: 12 2515712
2026-04-20T19:59:43.074867711Z,2026-04-20T19:59:42.706981177Z,1,1,2515186,T,A,0,3.500000000,1,0,15630,99482868,3.500000000,3.700000000,1,42,1,1,UD:1V: 12 2515186
2026-04-20T19:59:43.913619431Z,2026-04-20T19:59:43.630960251Z,1,1,42378272,T,A,0,739.000000000,2,0,12971,251425252,739.000000000,,2,0,1,0,ESM6 C6450
2026-04-20T19:59:51.670643635Z,2026-04-20T19:59:51.596779101Z,1,1,2515845,T,A,0,2.000000000,1,0,14078,99561261,2.000000000,2.350000000,1,68,1,2,UD:1V: GN 2515845
2026-04-20T20:00:08.805391493Z,2026-04-20T20:00:08.803251583Z,1,1,2689042,T,A,0,56.750000000,4,0,13891,99708454,56.750000000,57.000000000,4,244,1,6,UD:1V: VT 2689042
2026-04-20T20:01:11.433319631Z,2026-04-20T20:01:11.176522939Z,1,1,42506298,T,A,0,233.000000000,5,0,11516,252281192,233.000000000,233.500000000,5,4,1,1,ESU6 P7000
2026-04-20T20:01:14.595542676Z,2026-04-20T20:01:14.595227131Z,1,1,42372981,T,A,0,2.350000000,30,0,13934,252302986,2.350000000,2.400000000,30,275,1,4,ESM6 C8000
2026-04-20T20:02:04.414258926Z,2026-04-20T20:02:04.412323651Z,1,1,42384724,T,B,0,145.000000000,25,0,13557,252499074,144.500000000,145.000000000,106,25,9,1,ESM6 C7200
2026-04-20T20:02:17.960538963Z,2026-04-20T20:02:17.959998529Z,1,1,2672880,T,B,0,31.250000000,1,0,14023,99989966,31.000000000,31.250000000,441,222,4,1,UD:1V: VT 2672880
2026-04-20T20:02:38.657062176Z,2026-04-20T20:02:38.640647933Z,1,1,42372969,T,B,0,273.500000000,2,0,16372,252601287,272.500000000,273.500000000,25,2,5,2,ESM6 C7000
2026-04-20T20:02:41.858701563Z,2026-04-20T20:02:41.858053103Z,1,1,2521660,T,A,0,497.500000000,1,0,17649,100015417,497.500000000,498.500000000,18,50,2,1,UD:1V: BX 2521660
2026-04-20T20:03:19.450677795Z,2026-04-20T20:03:19.442719325Z,1,1,42378346,T,A,0,35.500000000,50,0,16188,252713557,35.500000000,36.000000000,94,91,8,6,ESM6 C7500
2026-04-20T20:03:27.329840463Z,2026-04-20T20:03:27.329173575Z,1,1,2521660,T,A,0,497.500000000,17,0,14912,100080460,497.500000000,498.500000000,17,50,2,1,UD:1V: BX 2521660
2026-04-20T20:03:44.687487999Z,2026-04-20T20:03:44.686982125Z,1,1,42378218,T,A,0,1.800000000,1,0,13498,252828784,1.800000000,1.850000000,1,400,1,5,ESM6 P3700
2026-04-20T20:03:55.124551580Z,2026-04-20T20:03:54.968267601Z,1,1,42394812,T,A,0,83.500000000,1,0,11298,252852843,83.500000000,83.750000000,1,34,1,4,ESM6 P6800
2026-04-20T20:05:32.413522759Z,2026-04-20T20:05:32.413040849Z,1,1,42404370,T,B,0,39.750000000,1,0,12085,253191341,39.500000000,39.750000000,136,1,8,1,ESM6 P6400
2026-04-20T20:05:32.497950701Z,2026-04-20T20:05:32.490945513Z,1,1,2524524,T,B,0,30.500000000,64,0,20757,100264674,30.250000000,30.500000000,318,64,6,1,UD:1V: VT 2524524
2026-04-20T20:06:33.317964254Z,2026-04-20T20:06:33.317672409Z,1,1,229664,T,B,0,80.250000000,1,0,13337,253343998,80.000000000,80.250000000,81,1,3,1,ESZ6 P5500
2026-04-20T20:07:05.625225907Z,2026-04-20T20:07:05.624904099Z,1,1,273382,T,B,0,35.250000000,1,0,13452,253414989,35.000000000,35.250000000,230,1,5,1,ESZ6 P4500
2026-04-20T20:07:22.883539628Z,2026-04-20T20:07:22.883053919Z,1,1,42836585,T,A,0,186.500000000,15,0,13531,253475892,186.500000000,187.000000000,15,125,1,7,ESM6 P7175
2026-04-20T20:07:26.489049903Z,2026-04-20T20:07:26.488807565Z,1,1,244701,T,B,0,16.700000000,1,0,16373,253482165,16.600000000,16.700000000,106,1,3,1,ESZ6 P3500
2026-04-20T20:07:44.436458252Z,2026-04-20T20:07:44.430197309Z,1,1,42853788,T,B,0,35.000000000,2,0,20001,253527473,34.750000000,35.000000000,129,2,6,1,ESM6 P6325
2026-04-20T20:08:16.793649899Z,2026-04-20T20:08:16.793147893Z,1,1,2515705,T,A,0,2.900000000,1,0,14656,100405200,2.900000000,3.150000000,1,65,1,3,UD:1V: 12 2515705
2026-04-20T20:08:39.730518363Z,2026-04-20T20:08:39.730026607Z,1,1,2527713,T,B,0,7.200000000,1,0,14495,100421189,7.000000000,7.200000000,42,1,2,1,UD:1V: DB 2527713
2026-04-20T20:09:01.640711444Z,2026-04-20T20:09:01.433859381Z,1,1,42439522,T,B,0,96.750000000,1,0,11655,253678007,95.750000000,96.750000000,37,82,2,2,ESM7 P5000
2026-04-20T20:09:32.591324503Z,2026-04-20T20:09:32.590548961Z,1,1,2676271,T,A,0,41.000000000,1,0,14008,100445784,41.000000000,41.250000000,1,179,1,5,UD:1V: VT 2676271
2026-04-20T20:09:42.397108555Z,2026-04-20T20:09:42.374014509Z,1,1,42836585,T,B,0,186.500000000,9,0,13875,253753093,185.500000000,186.500000000,78,9,8,4,ESM6 P7175
2026-04-20T20:09:42.438276181Z,2026-04-20T20:09:42.397041497Z,1,1,42836585,T,A,0,186.500000000,6,0,11612,253753921,186.500000000,187.000000000,6,83,1,6,ESM6 P7175
2026-04-20T20:09:47.995941982Z,2026-04-20T20:09:47.995376027Z,1,1,2513332,T,A,0,45.500000000,1,0,14821,100461341,45.500000000,45.750000000,4,722,1,8,UD:1V: VT 2513332
2026-04-20T20:09:51.859107547Z,2026-04-20T20:09:51.858552253Z,1,1,2527732,T,A,0,-31.500000000,1,0,15471,100462684,-31.500000000,-31.000000000,1,27,1,3,UD:1V: GN 2527732
2026-04-20T20:10:27.860694012Z,2026-04-20T20:10:27.860183975Z,1,1,2511532,T,B,0,256.000000000,10,0,17077,100483040,255.500000000,256.000000000,48,10,2,1,UD:1V: IB 2511532
2026-04-20T20:10:31.488305334Z,2026-04-20T20:10:31.487756757Z,1,1,273847,T,B,0,166.000000000,5,0,13208,253833292,165.500000000,166.000000000,177,5,4,1,ESZ6 P6300
2026-04-20T20:10:37.333920121Z,2026-04-20T20:10:37.331454955Z,1,1,42372979,T,B,0,96.750000000,2,0,13473,253838389,96.500000000,96.750000000,30,3,3,2,ESM6 C7300
2026-04-20T20:10:53.554705967Z,2026-04-20T20:10:53.554367299Z,1,1,229664,T,A,0,80.500000000,5,0,16463,253867216,80.500000000,80.750000000,5,55,1,2,ESZ6 P5500
2026-04-20T20:12:35.205043052Z,2026-04-20T20:12:35.178153341Z,1,1,2511532,T,B,0,256.500000000,2,0,14049,100564775,256.000000000,256.500000000,51,10,4,1,UD:1V: IB 2511532
2026-04-20T20:12:52.413646977Z,2026-04-20T20:12:52.413006967Z,1,1,2511532,T,B,0,256.500000000,2,0,14089,100575048,256.000000000,256.500000000,51,18,4,1,UD:1V: IB 2511532
2026-04-20T20:14:22.245086719Z,2026-04-20T20:14:22.112831789Z,1,1,2527831,T,B,0,128.500000000,1,0,13279,100621177,128.000000000,128.500000000,19,18,2,1,UD:1V: VT 2527831
2026-04-20T20:14:31.992046247Z,2026-04-20T20:14:31.991398403Z,1,1,2511532,T,B,0,256.500000000,2,0,12805,100635670,256.000000000,256.500000000,50,16,3,1,UD:1V: IB 2511532
2026-04-20T20:14:34.074233988Z,2026-04-20T20:14:34.056027525Z,1,1,2511532,T,B,0,256.500000000,2,0,13072,100639461,256.000000000,256.500000000,50,14,3,1,UD:1V: IB 2511532
2026-04-20T20:14:37.022744390Z,2026-04-20T20:14:37.021327555Z,1,1,2511532,T,B,0,256.500000000,2,0,13524,100644012,256.000000000,256.500000000,50,12,3,1,UD:1V: IB 2511532
2026-04-20T20:14:39.811964223Z,2026-04-20T20:14:39.811333931Z,1,1,2511532,T,B,0,256.500000000,1,0,14155,100644720,256.000000000,256.500000000,50,10,3,1,UD:1V: IB 2511532
2026-04-20T20:14:42.021471116Z,2026-04-20T20:14:42.020745533Z,1,1,2511532,T,B,0,256.500000000,1,0,13753,100645499,256.000000000,256.500000000,50,9,3,1,UD:1V: IB 2511532
2026-04-20T20:14:43.021839185Z,2026-04-20T20:14:43.021199617Z,1,1,2511532,T,B,0,256.500000000,1,0,14195,100645730,256.000000000,256.500000000,50,8,3,1,UD:1V: IB 2511532
2026-04-20T20:14:45.020477425Z,2026-04-20T20:14:45.019852769Z,1,1,2511532,T,B,0,256.500000000,1,0,14194,100646159,256.000000000,256.500000000,50,7,3,1,UD:1V: IB 2511532
2026-04-20T20:14:48.039239313Z,2026-04-20T20:14:48.020052705Z,1,1,2511532,T,B,0,256.500000000,1,0,12395,100652867,256.000000000,256.500000000,50,6,3,1,UD:1V: IB 2511532
2026-04-20T20:14:53.064909046Z,2026-04-20T20:14:53.064294755Z,1,1,2511532,T,B,0,256.500000000,2,0,15510,100661207,256.000000000,256.500000000,50,5,3,1,UD:1V: IB 2511532
2026-04-20T20:14:55.020655823Z,2026-04-20T20:14:55.020058513Z,1,1,2511532,T,B,0,256.500000000,2,0,13957,100662037,256.000000000,256.500000000,50,3,3,1,UD:1V: IB 2511532
2026-04-20T20:14:55.515024412Z,2026-04-20T20:14:55.514415021Z,1,1,2511532,T,B,0,256.500000000,1,0,14379,100662566,256.000000000,256.500000000,50,1,3,1,UD:1V: IB 2511532
2026-04-20T20:15:24.503528908Z,2026-04-20T20:15:24.503014327Z,1,1,2691850,T,A,0,28.250000000,1,0,13486,100706810,28.250000000,28.500000000,23,346,2,5,UD:1V: VT 2691850
2026-04-20T20:15:42.647720516Z,2026-04-20T20:15:42.647188053Z,1,1,42399646,T,A,0,10.500000000,4,0,12902,254422845,10.500000000,10.700000000,4,79,1,5,ESM6 C7700
2026-04-20T20:15:45.767737363Z,2026-04-20T20:15:45.767202835Z,1,1,42399646,T,A,0,10.500000000,4,0,13643,254428387,10.500000000,10.700000000,4,79,1,5,ESM6 C7700
2026-04-20T20:15:56.853511681Z,2026-04-20T20:15:56.853000043Z,1,1,42399706,T,B,0,69.750000000,1,0,17122,254434089,69.000000000,69.750000000,47,65,6,6,ESM6 P6700
2026-04-20T20:16:15.572571891Z,2026-04-20T20:16:15.572064579Z,1,1,42399646,T,A,0,10.500000000,4,0,13464,254446849,10.500000000,10.700000000,4,40,1,4,ESM6 C7700
2026-04-20T20:16:30.358351783Z,2026-04-20T20:16:30.323231501Z,1,1,42394743,T,A,0,10.000000000,3,0,14292,254473694,10.000000000,10.100000000,3,150,1,6,ESM6 P5400
2026-04-20T20:16:41.632804164Z,2026-04-20T20:16:41.575230601Z,1,1,42399646,T,A,0,10.500000000,4,0,12559,254490039,10.500000000,10.700000000,4,58,1,5,ESM6 C7700
2026-04-20T20:17:21.016601761Z,2026-04-20T20:17:21.016042783Z,1,1,2527891,T,B,0,6.700000000,1,0,18170,100760269,6.500000000,6.700000000,124,216,2,4,UD:1V: VT 2527891
2026-04-20T20:18:54.460323743Z,2026-04-20T20:18:54.459798605Z,1,1,2527912,T,B,0,18.300000000,1,0,13973,100778664,18.200000000,18.300000000,1506,1,6,1,UD:1V: VT 2527912
2026-04-20T20:19:10.558582061Z,2026-04-20T20:19:10.557969465Z,1,1,2527915,T,B,0,19.900000000,1,0,13519,100781526,19.800000000,19.900000000,520,1,5,1,UD:1V: VT 2527915
2026-04-20T20:19:28.279422845Z,2026-04-20T20:19:28.278813609Z,1,1,2527919,T,B,0,-134.000000000,1,0,14228,100789436,-135.000000000,-134.000000000,24,75,2,3,UD:1V: GN 2527919
2026-04-20T20:20:07.734305815Z,2026-04-20T20:20:07.733782709Z,1,1,2527924,T,B,0,39.000000000,1,0,14753,100793999,37.500000000,39.000000000,63,57,2,2,UD:1V: GN 2527924
2026-04-20T20:20:26.543142671Z,2026-04-20T20:20:26.542632731Z,1,1,42378395,T,B,0,853.000000000,1,0,13240,254605399,,853.000000000,0,1,0,1,ESM6 P8000
2026-04-20T20:20:49.901700265Z,2026-04-20T20:20:49.901098953Z,1,1,2527936,T,B,0,86.250000000,2,0,14146,100799415,85.500000000,86.250000000,177,36,3,2,UD:1V: IC 2527936
2026-04-20T20:21:16.822088407Z,2026-04-20T20:21:16.821503071Z,1,1,2527942,T,B,0,-14.500000000,1,0,13197,100801448,-14.800000000,-14.500000000,112,32,3,1,UD:1V: GN 2527942
2026-04-20T20:22:14.571690055Z,2026-04-20T20:22:14.571138677Z,1,1,42439522,T,B,0,96.750000000,1,0,12602,254673246,95.250000000,96.750000000,70,26,2,1,ESM7 P5000
2026-04-20T20:23:36.599513321Z,2026-04-20T20:23:36.598977759Z,1,1,42378395,T,B,0,851.000000000,1,0,13983,254727289,,851.000000000,0,1,0,1,ESM6 P8000
2026-04-20T20:24:50.619796489Z,2026-04-20T20:24:50.619279609Z,1,1,42404370,T,B,0,40.000000000,10,0,13973,254761560,39.500000000,40.000000000,10,29,3,4,ESM6 P6400
2026-04-20T20:25:00.688128108Z,2026-04-20T20:25:00.676923043Z,1,1,42404370,T,B,0,40.000000000,9,0,28464,254767137,39.500000000,40.000000000,16,9,4,3,ESM6 P6400
2026-04-20T20:25:00.688128108Z,2026-04-20T20:25:00.676923043Z,1,1,42404370,T,B,0,40.250000000,3,0,28464,254767137,39.500000000,40.000000000,16,9,4,3,ESM6 P6400
2026-04-20T20:25:09.425755860Z,2026-04-20T20:25:09.425270407Z,1,1,42404370,T,B,0,40.250000000,12,0,13323,254770864,39.500000000,40.250000000,6,146,2,8,ESM6 P6400
2026-04-20T20:25:33.933660268Z,2026-04-20T20:25:33.933328145Z,1,1,42378395,T,B,0,851.000000000,1,0,18861,254783435,,851.000000000,0,1,0,1,ESM6 P8000
2026-04-20T20:26:57.766002625Z,2026-04-20T20:26:57.765446509Z,1,1,2577559,T,A,0,4.200000000,4,0,13478,100900390,4.200000000,4.250000000,4,5,1,1,UD:1V: VT 2577559
2026-04-20T20:26:57.766548606Z,2026-04-20T20:26:57.766015073Z,1,1,2577559,T,B,0,4.200000000,1,0,13738,100900392,4.150000000,4.200000000,1918,1,3,1,UD:1V: VT 2577559
2026-04-20T20:29:50.442308006Z,2026-04-20T20:29:50.441762981Z,1,1,42384779,T,A,0,56.750000000,1,0,14744,254913617,56.750000000,57.500000000,43,39,6,5,ESM6 P6600
2026-04-20T20:30:04.874768473Z,2026-04-20T20:30:04.511731411Z,1,1,42696853,T,A,0,16.700000000,4,0,13089,254932526,16.700000000,17.100000000,4,30,1,2,ESM6 C7625
2026-04-20T20:31:56.602499726Z,2026-04-20T20:31:56.601924875Z,1,1,2528090,T,B,0,64.000000000,1,0,13558,101049887,63.500000000,64.000000000,2,69,1,2,UD:1V: GN 2528090
2026-04-20T20:33:43.725366435Z,2026-04-20T20:33:43.672097987Z,1,1,2502786,T,B,0,39.750000000,4,0,13737,101157385,39.500000000,39.750000000,364,4,6,1,UD:1V: VT 2502786
2026-04-20T20:34:07.352597683Z,2026-04-20T20:34:07.351773337Z,1,1,2509550,T,A,0,59.750000000,1,0,11436,101183724,59.750000000,60.500000000,1,45,1,1,UD:1V: GN 2509550
2026-04-20T20:34:13.500835896Z,2026-04-20T20:34:13.497512745Z,1,1,42372953,T,B,0,352.000000000,1,0,13092,255609215,351.500000000,352.000000000,5,1,1,1,ESM6 C6900
2026-04-20T20:34:17.013041844Z,2026-04-20T20:34:16.910596401Z,1,1,42439347,T,A,0,76.500000000,1,0,11128,255625886,76.500000000,77.000000000,1,4,1,1,ESU6 P6000
2026-04-20T20:34:27.461420028Z,2026-04-20T20:34:27.460864349Z,1,1,2525166,T,A,0,39.500000000,1,0,14286,101224825,39.500000000,40.000000000,1,155,1,5,UD:1V: GN 2525166
2026-04-20T20:34:32.726886455Z,2026-04-20T20:34:32.458592281Z,1,1,2525230,T,A,0,70.500000000,1,0,13357,101239165,70.500000000,71.000000000,1,8,1,1,UD:1V: GN 2525230
2026-04-20T20:34:41.433686697Z,2026-04-20T20:34:41.432653129Z,1,1,42903306,T,B,0,70.000000000,1,0,13860,255724288,69.500000000,70.000000000,38,1,5,1,ESM6 C7375
2026-04-20T20:34:56.467388465Z,2026-04-20T20:34:56.415537595Z,1,1,42439354,T,A,0,193.500000000,1,0,13936,255776961,193.500000000,194.000000000,1,16,1,2,ESU6 P6850
2026-04-20T20:34:58.840554628Z,2026-04-20T20:34:58.774820105Z,1,1,42384724,T,B,0,148.500000000,1,0,14101,255783027,148.000000000,148.500000000,13,1,4,1,ESM6 C7200
2026-04-20T20:34:58.880207686Z,2026-04-20T20:34:58.798171367Z,1,1,2524882,T,A,0,3.600000000,1,0,14911,101282423,3.600000000,5.300000000,1,8,1,1,UD:1V: GN 2524882
2026-04-20T20:35:20.778253824Z,2026-04-20T20:35:20.777742057Z,1,1,42399706,T,A,0,67.250000000,1,0,13846,255892668,67.250000000,67.500000000,1,24,1,4,ESM6 P6700
2026-04-20T20:35:35.309107212Z,2026-04-20T20:35:35.254522217Z,1,1,2524965,T,A,0,5.100000000,1,0,13386,101355121,5.100000000,,1,0,1,0,UD:1V: GN 2524965
2026-04-20T20:35:38.905543028Z,2026-04-20T20:35:38.899828493Z,1,1,2676272,T,B,0,158.000000000,1,0,14860,101365074,157.000000000,158.000000000,52,1,2,1,UD:1V: VT 2676272
2026-04-20T20:36:04.394227785Z,2026-04-20T20:36:04.386233077Z,1,1,42394812,T,A,0,81.250000000,1,0,13904,256026743,81.250000000,81.500000000,1,7,1,3,ESM6 P6800
2026-04-20T20:36:19.054135267Z,2026-04-20T20:36:19.050656231Z,1,1,42404374,T,A,0,122.500000000,10,0,13439,256059792,122.500000000,123.000000000,10,37,1,7,ESM6 P7000
2026-04-20T20:36:35.920162006Z,2026-04-20T20:36:35.787838179Z,1,1,2515712,T,A,0,2.400000000,1,0,13647,101419955,2.400000000,2.950000000,1,11,1,2,UD:1V: 12 2515712
2026-04-20T20:37:16.204806081Z,2026-04-20T20:37:16.178338131Z,1,1,2524968,T,A,0,5.300000000,1,0,16564,101469673,5.300000000,,1,0,1,0,UD:1V: GN 2524968
2026-04-20T20:37:16.344101615Z,2026-04-20T20:37:16.343522555Z,1,1,2526162,T,A,0,76.500000000,1,0,13654,101471071,76.500000000,77.750000000,1,7,1,1,UD:1V: GN 2526162
2026-04-20T20:37:17.523811139Z,2026-04-20T20:37:17.523264003Z,1,1,42423838,T,A,0,444.000000000,1,0,14134,256207646,444.000000000,444.500000000,1,9,1,1,ESM7 P7100
2026-04-20T20:38:36.879463299Z,2026-04-20T20:38:36.878920903Z,1,1,42366524,T,B,0,0.200000000,1,0,18363,256402976,0.050000000,0.200000000,206,4,2,1,ESM6 P1800
2026-04-20T20:38:43.708524833Z,2026-04-20T20:38:43.703724041Z,1,1,2528159,T,A,0,44.000000000,1,0,13848,101589089,44.000000000,44.250000000,100,165,1,5,UD:1V: VT 2528159
2026-04-20T20:39:09.192476369Z,2026-04-20T20:39:09.191951085Z,1,1,42366524,T,A,0,0.050000000,1,0,13727,256452487,0.050000000,0.100000000,206,1,2,1,ESM6 P1800
2026-04-20T20:39:21.244795811Z,2026-04-20T20:39:21.244200537Z,1,1,2528159,T,A,0,44.000000000,99,0,14564,101615556,44.000000000,44.250000000,99,162,1,4,UD:1V: VT 2528159
2026-04-20T20:39:21.797344068Z,2026-04-20T20:39:21.566038777Z,1,1,2515774,T,A,0,1.900000000,1,0,11618,101619512,1.900000000,2.450000000,1,4,1,1,UD:1V: 12 2515774
2026-04-20T20:40:51.439294932Z,2026-04-20T20:40:51.438735671Z,1,1,2515705,T,A,0,2.800000000,1,0,13289,101692061,2.800000000,3.450000000,1,17,1,2,UD:1V: 12 2515705
2026-04-20T20:40:51.439492644Z,2026-04-20T20:40:51.438767869Z,1,1,2515186,T,A,0,3.300000000,1,0,12105,101692063,3.300000000,4.000000000,1,180,1,3,UD:1V: 12 2515186
2026-04-20T20:40:51.454885977Z,2026-04-20T20:40:51.454411995Z,1,1,2516053,T,A,0,3.500000000,1,0,15027,101692098,3.500000000,4.200000000,1,284,1,4,UD:1V: 12 2516053
2026-04-20T20:42:14.421682884Z,2026-04-20T20:42:14.421184381Z,1,1,42919949,T,B,0,85.250000000,10,0,15983,256723431,85.000000000,85.250000000,28,10,5,1,ESM6 P6825
2026-04-20T20:50:16.096098762Z,2026-04-20T20:50:16.095611467Z,1,1,42378618,T,B,0,101.000000000,1,0,14264,257301322,100.500000000,101.000000000,36,1,6,1,ESM6 P6900
2026-04-20T20:50:42.180743198Z,2026-04-20T20:50:42.127784803Z,1,1,42378618,T,B,0,101.000000000,1,0,13467,257331650,100.500000000,101.000000000,25,1,5,1,ESM6 P6900
2026-04-20T20:51:45.289341751Z,2026-04-20T20:51:45.250924231Z,1,1,42212203,T,A,0,122.500000000,1,0,14780,257377520,122.500000000,123.000000000,1,20,1,5,ESM6 C7250
2026-04-20T20:56:25.910007629Z,2026-04-20T20:56:25.832944691Z,1,1,2528304,T,A,0,-46.000000000,1,0,11336,102104505,-46.000000000,-45.500000000,1,9,1,2,UD:1V: GN 2528304
2026-04-20T20:56:56.180916724Z,2026-04-20T20:56:56.180352767Z,1,1,2528383,T,A,0,6.300000000,2,0,16102,102126167,6.300000000,6.700000000,2,53,1,1,UD:1V: 12 2528383
2026-04-20T20:59:28.796392654Z,2026-04-20T20:59:28.795880501Z,1,1,42394754,T,B,0,28.250000000,1,0,14030,257877889,28.000000000,28.250000000,31,1,3,1,ESM6 P6200
2026-04-20T20:59:33.178311110Z,2026-04-20T20:59:33.177744939Z,1,1,42394754,T,B,0,28.250000000,1,0,13042,257879746,28.000000000,28.250000000,48,1,4,1,ESM6 P6200
2026-04-20T20:59:35.412912215Z,2026-04-20T20:59:35.412437417Z,1,1,42394754,T,B,0,28.250000000,1,0,13716,257880323,28.000000000,28.250000000,48,1,4,1,ESM6 P6200
2026-04-20T20:59:41.155870447Z,2026-04-20T20:59:41.155369983Z,1,1,42394754,T,B,0,28.250000000,5,0,16231,257889037,28.000000000,28.250000000,48,5,4,1,ESM6 P6200
2026-04-20T20:59:47.053386745Z,2026-04-20T20:59:47.040931657Z,1,1,2688268,T,B,0,40.000000000,1,0,13279,102196798,39.750000000,40.000000000,93,1,3,1,UD:1V: VT 2688268
2026-04-20T20:59:50.254851289Z,2026-04-20T20:59:50.254422043Z,1,1,2688268,T,B,0,40.000000000,1,0,15029,102198603,39.750000000,40.000000000,275,1,5,1,UD:1V: VT 2688268
2026-04-20T22:01:47.640028081Z,2026-04-20T22:01:47.639404725Z,1,1,2577559,T,A,0,4.250000000,5,0,17832,102219628,4.250000000,4.300000000,5,181,1,1,UD:1V: VT 2577559
2026-04-20T22:03:30.951540233Z,2026-04-20T22:03:30.951046145Z,1,1,42487843,T,B,0,171.000000000,1,0,13189,258162907,170.500000000,171.000000000,11,1,2,1,ESM6 P7150
2026-04-20T22:05:11.133285212Z,2026-04-20T22:05:11.129698021Z,1,1,42366523,T,A,0,153.000000000,1,0,14132,258204845,153.000000000,154.000000000,1,9,1,1,ESM6 P7100
2026-04-20T22:08:50.243855905Z,2026-04-20T22:08:50.242946057Z,1,1,42384725,T,B,0,63.500000000,1,0,13946,258313829,62.750000000,63.500000000,11,1,2,1,ESM6 C7400
2026-04-20T22:11:42.529815308Z,2026-04-20T22:11:42.529272219Z,1,1,42627610,T,B,0,15.200000000,1,0,14433,258365841,14.800000000,15.200000000,28,1,1,1,ESM6 C7650
2026-04-20T22:12:38.152110292Z,2026-04-20T22:12:38.151500027Z,1,1,42378592,T,B,0,46.250000000,2,0,14220,258383505,45.750000000,46.250000000,14,2,2,1,ESM6 P6500
2026-04-20T22:19:37.304539380Z,2026-04-20T22:19:37.304051915Z,1,1,42378346,T,B,0,37.000000000,1,0,14099,258534665,36.500000000,37.000000000,9,1,2,1,ESM6 C7500
2026-04-20T22:20:17.943638600Z,2026-04-20T22:20:17.943123555Z,1,1,2529756,T,A,0,89.000000000,12,0,11823,102256387,89.000000000,89.500000000,12,69,1,2,UD:1V: GN 2529756
2026-04-20T22:21:53.346553849Z,2026-04-20T22:21:53.346019463Z,1,1,42510079,T,B,0,80.500000000,1,0,13337,258579681,79.500000000,80.500000000,19,1,3,1,ESM6 C7350
2026-04-20T22:27:32.005025621Z,2026-04-20T22:27:31.912089813Z,1,1,42377432,T,B,0,94.250000000,1,0,13313,258681761,93.750000000,94.250000000,28,1,2,1,ESU6 P6200
2026-04-20T22:28:24.031975580Z,2026-04-20T22:28:24.031458503Z,1,1,42378449,T,A,0,20.250000000,1,0,13513,258704813,20.250000000,21.250000000,75,191,3,4,ESM6 P6000
2026-04-20T22:30:20.393614930Z,2026-04-20T22:30:20.343666939Z,1,1,42394804,T,B,0,51.000000000,1,0,11315,258768252,50.500000000,51.000000000,39,1,2,1,ESM6 P6550
2026-04-20T22:31:06.761567203Z,2026-04-20T22:31:06.761167561Z,1,1,42366510,T,B,0,209.000000000,1,0,13417,258794329,208.500000000,209.000000000,8,1,2,1,ESM6 C7100
2026-04-20T22:32:07.696871100Z,2026-04-20T22:32:07.696483727Z,1,1,42366523,T,A,0,154.500000000,1,0,14108,258810168,154.500000000,155.000000000,1,40,1,4,ESM6 P7100
2026-04-20T22:40:02.828835421Z,2026-04-20T22:40:02.828285843Z,1,1,42330564,T,A,0,141.500000000,18,0,13116,258978683,141.500000000,142.000000000,99,23,1,2,ESZ6 C7800
2026-04-20T22:40:02.829046321Z,2026-04-20T22:40:02.828316313Z,1,1,42330564,T,A,0,141.500000000,23,0,13414,258978685,141.500000000,142.000000000,81,23,1,2,ESZ6 C7800
2026-04-20T22:40:02.829326319Z,2026-04-20T22:40:02.828838859Z,1,1,42330564,T,A,0,141.500000000,58,0,13400,258978687,141.500000000,142.000000000,58,23,1,2,ESZ6 C7800
2026-04-20T22:40:11.856098659Z,2026-04-20T22:40:11.841309567Z,1,1,42510079,T,B,0,80.750000000,10,0,14911,258981416,80.000000000,80.750000000,36,10,2,2,ESM6 C7350
2026-04-20T22:40:11.880326951Z,2026-04-20T22:40:11.856042959Z,1,1,42510079,T,A,0,80.750000000,62,0,11816,258981942,80.750000000,81.000000000,89,4,1,1,ESM6 C7350
2026-04-20T22:40:11.891097916Z,2026-04-20T22:40:11.880330415Z,1,1,42510079,T,A,0,80.750000000,27,0,13166,258982314,80.750000000,81.000000000,27,12,1,2,ESM6 C7350
2026-04-20T22:41:05.539007161Z,2026-04-20T22:41:05.530795319Z,1,1,42510079,T,B,0,81.250000000,8,0,14529,259010785,80.500000000,81.250000000,38,8,3,1,ESM6 C7350
2026-04-20T22:41:05.555363459Z,2026-04-20T22:41:05.539010659Z,1,1,42510079,T,A,0,81.250000000,25,0,13209,259011086,81.250000000,81.500000000,42,7,1,2,ESM6 C7350
2026-04-20T22:41:05.566180868Z,2026-04-20T22:41:05.552413949Z,1,1,42510079,T,A,0,81.250000000,17,0,13042,259011467,81.250000000,81.500000000,17,15,1,3,ESM6 C7350
2026-04-20T22:41:47.044890396Z,2026-04-20T22:41:47.044298705Z,1,1,42510079,T,A,0,81.000000000,25,0,14290,259019613,81.000000000,81.500000000,25,46,1,4,ESM6 C7350
2026-04-20T22:45:21.951176830Z,2026-04-20T22:45:21.950821267Z,1,1,42510079,T,B,0,80.750000000,75,0,14251,259068111,80.500000000,80.750000000,39,75,3,1,ESM6 C7350
2026-04-20T22:45:36.262780358Z,2026-04-20T22:45:36.262225755Z,1,1,42510079,T,B,0,80.750000000,5,0,13334,259071663,80.500000000,80.750000000,39,15,3,1,ESM6 C7350
2026-04-20T22:45:36.262996231Z,2026-04-20T22:45:36.262225933Z,1,1,42510079,T,B,0,80.750000000,10,0,13761,259071665,80.500000000,80.750000000,39,10,3,1,ESM6 C7350
2026-04-20T22:50:50.021920427Z,2026-04-20T22:50:50.021604349Z,1,1,42499829,T,A,0,180.000000000,2,0,13372,259201993,180.000000000,181.000000000,2,34,1,3,ESM6 C7150
2026-04-20T22:50:50.024558774Z,2026-04-20T22:50:50.024337163Z,1,1,42499829,T,A,0,180.000000000,2,0,13410,259201997,180.000000000,181.000000000,2,34,1,3,ESM6 C7150
2026-04-20T22:50:50.027136834Z,2026-04-20T22:50:50.026667787Z,1,1,42499829,T,A,0,180.000000000,2,0,13817,259202002,180.000000000,181.000000000,2,34,1,3,ESM6 C7150
2026-04-20T22:50:50.074468995Z,2026-04-20T22:50:50.074024549Z,1,1,42499829,T,A,0,180.000000000,2,0,14415,259202033,180.000000000,181.000000000,2,34,1,3,ESM6 C7150
2026-04-20T22:50:50.106939343Z,2026-04-20T22:50:50.076604615Z,1,1,42487843,T,B,0,172.500000000,42,0,14170,259202036,170.500000000,172.500000000,18,42,3,3,ESM6 P7150
2026-04-20T22:50:50.173489145Z,2026-04-20T22:50:50.116992309Z,1,1,42487843,T,A,0,175.000000000,2,0,11250,259203604,175.000000000,,2,0,1,0,ESM6 P7150
2026-04-20T22:50:50.175230955Z,2026-04-20T22:50:50.133237083Z,1,1,42487843,T,B,0,172.500000000,6,0,11441,259203704,170.500000000,172.500000000,13,41,2,1,ESM6 P7150
2026-04-20T22:51:27.211321882Z,2026-04-20T22:51:27.183576165Z,1,1,42499829,T,B,0,181.000000000,34,0,13903,259213426,178.500000000,181.000000000,32,34,2,3,ESM6 C7150
2026-04-20T22:51:27.279253953Z,2026-04-20T22:51:27.215888251Z,1,1,42499829,T,B,0,181.000000000,2,0,13940,259214781,125.000000000,181.000000000,1,67,1,1,ESM6 C7150
2026-04-20T22:51:27.279819806Z,2026-04-20T22:51:27.228711745Z,1,1,42499829,T,B,0,181.000000000,6,0,11600,259214829,125.000000000,181.000000000,1,65,1,1,ESM6 C7150
2026-04-20T22:53:25.322397511Z,2026-04-20T22:53:25.321933581Z,1,1,42510079,T,A,0,81.750000000,1,0,13477,259255196,81.750000000,82.000000000,80,37,1,2,ESM6 C7350
2026-04-20T22:53:25.322655873Z,2026-04-20T22:53:25.321933757Z,1,1,42510079,T,A,0,81.750000000,1,0,13627,259255198,81.750000000,82.000000000,79,37,1,2,ESM6 C7350
2026-04-20T22:53:25.558756657Z,2026-04-20T22:53:25.558037715Z,1,1,42510079,T,A,0,81.750000000,1,0,13369,259256059,81.750000000,82.250000000,78,47,1,3,ESM6 C7350
2026-04-20T22:53:29.743784718Z,2026-04-20T22:53:29.743331195Z,1,1,42510079,T,A,0,82.000000000,1,0,14297,259257308,82.000000000,82.250000000,77,47,1,3,ESM6 C7350
2026-04-20T22:53:29.744038240Z,2026-04-20T22:53:29.743331371Z,1,1,42510079,T,A,0,82.000000000,1,0,13740,259257310,82.000000000,82.250000000,76,47,1,3,ESM6 C7350
2026-04-20T22:53:29.744310981Z,2026-04-20T22:53:29.743331551Z,1,1,42510079,T,A,0,82.000000000,29,0,12961,259257312,82.000000000,82.250000000,75,47,1,3,ESM6 C7350
2026-04-20T22:53:29.744579076Z,2026-04-20T22:53:29.743331727Z,1,1,42510079,T,A,0,82.000000000,36,0,13258,259257314,82.000000000,82.250000000,46,47,1,3,ESM6 C7350
2026-04-20T22:53:30.972548227Z,2026-04-20T22:53:30.972070401Z,1,1,42510079,T,A,0,82.000000000,10,0,13611,259257764,82.000000000,82.250000000,10,93,1,4,ESM6 C7350
2026-04-20T22:56:33.424707449Z,2026-04-20T22:56:33.424075283Z,1,1,42378346,T,A,0,38.000000000,5,0,16670,259319873,38.000000000,38.500000000,5,62,1,4,ESM6 C7500
2026-04-20T23:06:40.386122779Z,2026-04-20T23:06:40.385583591Z,1,1,42611781,T,A,0,28.750000000,1,0,13194,259481051,28.750000000,29.000000000,1,64,1,3,ESM6 C7550
2026-04-20T23:17:25.100655710Z,2026-04-20T23:17:25.100124381Z,1,1,42372953,T,A,0,358.000000000,1,0,13723,259698968,358.000000000,359.000000000,1,9,1,2,ESM6 C6900
2026-04-20T23:18:14.752273163Z,2026-04-20T23:18:14.751733027Z,1,1,2529825,T,B,0,4.200000000,10,0,13575,102448538,4.050000000,4.200000000,231,10,1,1,UD:1V: VT 2529825
2026-04-20T23:21:46.027428643Z,2026-04-20T23:21:46.026848981Z,1,1,42378449,T,B,0,21.250000000,1,0,12640,259774513,20.500000000,21.250000000,1,192,1,4,ESM6 P6000
2026-04-20T23:29:26.468773215Z,2026-04-20T23:29:26.468198775Z,1,1,42378592,T,A,0,47.500000000,1,0,13608,259877885,47.500000000,47.750000000,1,14,1,2,ESM6 P6500
2026-04-20T23:35:19.021509414Z,2026-04-20T23:35:19.020956105Z,1,1,42399706,T,B,0,68.250000000,1,0,13877,259986103,68.000000000,68.250000000,40,1,2,1,ESM6 P6700
2026-04-20T23:37:51.991162135Z,2026-04-20T23:37:51.990636495Z,1,1,42510079,T,B,0,81.000000000,15,0,14028,260034491,80.500000000,81.000000000,32,85,2,1,ESM6 C7350
2026-04-20T23:37:51.991422398Z,2026-04-20T23:37:51.990636671Z,1,1,42510079,T,B,0,81.000000000,18,0,14219,260034493,80.500000000,81.000000000,32,70,2,1,ESM6 C7350
2026-04-20T23:37:51.991685807Z,2026-04-20T23:37:51.991165685Z,1,1,42510079,T,B,0,81.000000000,25,0,13624,260034495,80.500000000,81.000000000,32,52,2,1,ESM6 C7350
2026-04-20T23:37:56.885587060Z,2026-04-20T23:37:56.885072649Z,1,1,42510079,T,A,0,80.750000000,27,0,13453,260035793,80.750000000,81.750000000,41,30,1,1,ESM6 C7350
2026-04-20T23:38:15.470466753Z,2026-04-20T23:38:15.469882289Z,1,1,42510079,T,B,0,80.750000000,23,0,12984,260038525,80.250000000,80.750000000,42,79,3,1,ESM6 C7350
2026-04-20T23:38:18.677515849Z,2026-04-20T23:38:18.677171125Z,1,1,42510079,T,B,0,80.500000000,56,0,13346,260038950,80.250000000,80.500000000,42,56,3,1,ESM6 C7350
2026-04-20T23:57:26.750343161Z,2026-04-20T23:57:26.749790431Z,1,1,42384872,T,A,0,75.500000000,10,0,14460,260398683,75.500000000,75.750000000,10,46,1,3,ESM6 P6750
2026-04-20T23:57:39.249332334Z,2026-04-20T23:57:39.248764253Z,1,1,42366515,T,B,0,36.000000000,10,0,16202,260403271,35.750000000,36.000000000,26,10,3,1,ESM6 P6350
