ts_recv,ts_event,rtype,publisher_id,instrument_id,action,side,depth,price,size,flags,ts_in_delta,sequence,bid_px_00,ask_px_00,bid_sz_00,ask_sz_00,bid_ct_00,ask_ct_00,symbol
2026-03-24T00:01:48.293705793Z,2026-03-24T00:01:48.101495215Z,1,1,2546385,T,B,0,170.000000000,1,0,13465,215559552,,170.000000000,0,1,0,1,UD:1V: GN 2546385
2026-03-24T00:01:48.319832243Z,2026-03-24T00:01:48.102015397Z,1,1,2548247,T,A,0,27.000000000,1,0,14463,215559565,27.000000000,,1,0,1,0,UD:1V: VT 2548247
2026-03-24T00:01:48.504854171Z,2026-03-24T00:01:48.143255879Z,1,1,42366510,T,A,0,49.000000000,2,0,12740,512018745,49.000000000,49.500000000,2,40,1,1,ESM6 C7100
2026-03-24T00:01:54.321157531Z,2026-03-24T00:01:54.182038789Z,1,1,2547423,T,A,0,142.500000000,5,0,13099,215570620,142.500000000,,5,0,1,0,UD:1V: VT 2547423
2026-03-24T00:09:00.030106035Z,2026-03-24T00:08:59.929329963Z,1,1,42378449,T,B,0,106.000000000,1,0,13742,513234331,105.500000000,106.000000000,40,1,2,1,ESM6 P6000
2026-03-24T00:12:37.262018877Z,2026-03-24T00:12:37.159645595Z,1,1,2547902,T,B,0,-8.100000000,1,0,14049,215849186,-8.300000000,-8.100000000,81,1,2,1,UD:1V: GN 2547902
2026-03-24T00:14:46.410730034Z,2026-03-24T00:14:46.392342015Z,1,1,42394761,T,B,0,154.000000000,13,0,16704,513938199,152.500000000,154.000000000,33,13,1,2,ESM6 P6250
2026-03-24T00:14:46.440185904Z,2026-03-24T00:14:46.410654943Z,1,1,42394761,T,A,0,154.000000000,22,0,14375,513938882,154.000000000,154.500000000,27,33,1,1,ESM6 P6250
2026-03-24T00:14:46.440185904Z,2026-03-24T00:14:46.410733545Z,1,1,42394761,T,A,0,154.000000000,5,0,14375,513938882,154.000000000,154.500000000,5,33,1,1,ESM6 P6250
2026-03-24T00:15:14.848488217Z,2026-03-24T00:15:14.670237603Z,1,1,2547423,T,A,0,140.000000000,5,0,14735,215901272,140.000000000,141.000000000,5,17,1,1,UD:1V: VT 2547423
2026-03-24T00:15:22.918310916Z,2026-03-24T00:15:22.820565283Z,1,1,42384724,T,A,0,28.000000000,2,0,12676,514078279,28.000000000,28.500000000,2,81,1,3,ESM6 C7200
2026-03-24T00:15:57.281599244Z,2026-03-24T00:15:57.280871049Z,1,1,2548437,T,A,0,141.500000000,1,0,12887,215942121,141.500000000,143.000000000,2,83,1,2,UD:1V: GN 2548437
2026-03-24T00:26:49.929038423Z,2026-03-24T00:26:49.919300789Z,1,1,42397652,T,A,0,31.000000000,1,0,12136,516099969,31.000000000,31.500000000,1,30,1,1,ESU6 C7600
2026-03-24T00:28:32.633301919Z,2026-03-24T00:28:32.580667137Z,1,1,42378449,T,A,0,108.000000000,1,0,12947,516340677,108.000000000,108.500000000,1,40,1,2,ESM6 P6000
2026-03-24T00:30:09.124210104Z,2026-03-24T00:30:09.080150905Z,1,1,42378541,T,A,0,164.000000000,1,0,13923,516542401,164.000000000,164.500000000,1,31,1,1,ESM6 P6300
2026-03-24T00:50:01.617587180Z,2026-03-24T00:50:01.617226687Z,1,1,42372931,T,A,0,35.000000000,1,0,12148,519658792,35.000000000,35.500000000,1,79,1,2,ESM6 P5100
2026-03-24T00:51:39.134916643Z,2026-03-24T00:51:39.133149335Z,1,1,42372931,T,A,0,35.000000000,1,0,13472,519896424,35.000000000,35.500000000,1,79,1,2,ESM6 P5100
2026-03-24T01:01:32.659263411Z,2026-03-24T01:01:32.658660005Z,1,1,2549029,T,B,0,4.900000000,1,0,13535,217244026,4.800000000,4.900000000,127,1,1,1,UD:1V: VT 2549029
2026-03-24T01:01:43.784745337Z,2026-03-24T01:01:43.784031481Z,1,1,2549029,T,B,0,4.900000000,1,0,15129,217247989,4.800000000,4.900000000,343,1,3,1,UD:1V: VT 2549029
2026-03-24T01:01:51.184534156Z,2026-03-24T01:01:51.183978143Z,1,1,2549029,T,B,0,4.900000000,1,0,14548,217249386,4.800000000,4.900000000,334,1,3,1,UD:1V: VT 2549029
2026-03-24T01:02:12.996554428Z,2026-03-24T01:02:12.910964815Z,1,1,2546979,T,B,0,17.000000000,30,0,14457,217257332,16.800000000,17.000000000,465,30,3,1,UD:1V: VT 2546979
2026-03-24T01:03:22.643601689Z,2026-03-24T01:03:22.546942539Z,1,1,2546979,T,B,0,17.100000000,10,0,14361,217295279,16.900000000,17.100000000,470,10,4,1,UD:1V: VT 2546979
2026-03-24T01:03:25.247721914Z,2026-03-24T01:03:25.247282183Z,1,1,2549029,T,B,0,4.800000000,1,0,14491,217297697,4.700000000,4.800000000,453,1,3,1,UD:1V: VT 2549029
2026-03-24T01:06:38.655268382Z,2026-03-24T01:06:38.539805587Z,1,1,42384724,T,A,0,26.750000000,4,0,13596,521886841,26.750000000,27.500000000,4,81,1,3,ESM6 C7200
2026-03-24T01:08:33.522020551Z,2026-03-24T01:08:33.521677603Z,1,1,42384779,T,A,0,266.000000000,1,0,15425,522249041,266.000000000,266.500000000,1,22,1,1,ESM6 P6600
2026-03-24T01:08:47.822058929Z,2026-03-24T01:08:47.734879497Z,1,1,42384779,T,A,0,265.500000000,1,0,12406,522277731,265.500000000,266.500000000,1,24,1,2,ESM6 P6600
2026-03-24T01:09:18.074332175Z,2026-03-24T01:09:18.073870459Z,1,1,42399706,T,B,0,305.000000000,1,0,13551,522332895,303.500000000,305.000000000,27,1,2,1,ESM6 P6700
2026-03-24T01:10:46.595076735Z,2026-03-24T01:10:46.474953257Z,1,1,42384718,T,B,0,268.000000000,1,0,14044,522532728,266.000000000,268.000000000,10,1,3,1,ESM6 C6600
2026-03-24T01:15:11.404130611Z,2026-03-24T01:15:11.403418163Z,1,1,2547304,T,B,0,12.300000000,5,0,13208,217693602,12.000000000,12.300000000,415,5,3,1,UD:1V: VT 2547304
2026-03-24T01:17:43.127938576Z,2026-03-24T01:17:43.099815763Z,1,1,2547423,T,A,0,135.000000000,5,0,14288,217769954,135.000000000,136.000000000,5,80,1,2,UD:1V: VT 2547423
2026-03-24T01:20:16.606404297Z,2026-03-24T01:20:16.605664193Z,1,1,42384646,T,A,0,22.750000000,1,0,13844,523930983,22.750000000,23.250000000,1,235,1,5,ESM6 P4650
2026-03-24T01:20:23.254024470Z,2026-03-24T01:20:23.226755261Z,1,1,42435330,T,B,0,57.000000000,2,0,12569,523954796,56.500000000,57.000000000,46,2,2,1,ESM6 C7050
2026-03-24T01:22:02.928429534Z,2026-03-24T01:22:02.928084215Z,1,1,42372953,T,A,0,109.000000000,3,0,17106,524185355,109.000000000,109.500000000,3,32,1,2,ESM6 C6900
2026-03-24T01:22:37.402194422Z,2026-03-24T01:22:37.239762185Z,1,1,42409666,T,A,0,86.500000000,1,0,13782,524277223,86.500000000,86.750000000,1,42,1,1,ESM6 P5800
2026-03-24T01:22:53.903407182Z,2026-03-24T01:22:53.883073019Z,1,1,42384646,T,A,0,22.500000000,1,0,14113,524341234,22.500000000,22.750000000,1,144,1,2,ESM6 P4650
2026-03-24T01:22:54.632183383Z,2026-03-24T01:22:54.606100645Z,1,1,42522931,T,B,0,298.500000000,5,0,10524,524343658,297.500000000,298.500000000,37,5,2,1,ESH7 C7200
2026-03-24T01:23:56.276173451Z,2026-03-24T01:23:56.275585633Z,1,1,2549392,T,A,0,30.750000000,12,0,13353,217973319,30.750000000,31.000000000,12,430,1,3,UD:1V: VT 2549392
2026-03-24T01:24:41.483373618Z,2026-03-24T01:24:41.482882051Z,1,1,42439503,T,A,0,76.000000000,1,0,13732,524583235,76.000000000,76.500000000,1,12,1,2,ESU6 P5100
2026-03-24T01:25:59.888584355Z,2026-03-24T01:25:59.888139999Z,1,1,2549392,T,A,0,30.750000000,3,0,13805,218008205,30.750000000,31.000000000,3,650,1,4,UD:1V: VT 2549392
2026-03-24T01:28:00.701643078Z,2026-03-24T01:28:00.701054423Z,1,1,2549454,T,B,0,34.500000000,1,0,14734,218049286,33.750000000,34.500000000,74,91,1,1,UD:1V: VT 2549454
2026-03-24T01:28:44.680499726Z,2026-03-24T01:28:44.680196569Z,1,1,357964,T,B,0,21.500000000,5,0,13934,524990984,21.000000000,21.500000000,224,5,2,1,ESZ6 P3100
2026-03-24T01:32:55.096744177Z,2026-03-24T01:32:55.083229063Z,1,1,42384726,T,B,0,58.000000000,1,0,12948,525578658,57.250000000,58.000000000,87,1,4,1,ESM6 P5500
2026-03-24T01:37:33.965167046Z,2026-03-24T01:37:33.874404129Z,1,1,42458740,T,B,0,126.500000000,1,0,14282,526129100,125.500000000,126.500000000,50,1,2,1,ESU6 P5600
2026-03-24T01:41:33.715703726Z,2026-03-24T01:41:33.586385535Z,1,1,42366515,T,B,0,190.000000000,1,0,12998,526570657,189.000000000,190.000000000,29,1,2,1,ESM6 P6350
2026-03-24T01:46:58.161768569Z,2026-03-24T01:46:58.160815537Z,1,1,313087,T,B,0,5.700000000,1,0,14063,527208513,5.500000000,5.700000000,210,1,1,1,ESZ6 P1800
2026-03-24T01:48:41.301677579Z,2026-03-24T01:48:41.301145503Z,1,1,2549746,T,B,0,18.500000000,1,0,14086,218554548,18.100000000,18.500000000,441,520,4,4,UD:1V: VT 2549746
2026-03-24T01:49:20.625658188Z,2026-03-24T01:49:20.625080895Z,1,1,2548247,T,A,0,25.250000000,1,0,14726,218573581,25.250000000,25.750000000,389,501,3,4,UD:1V: VT 2548247
2026-03-24T01:50:08.109616587Z,2026-03-24T01:50:07.989674319Z,1,1,42409666,T,A,0,88.500000000,1,0,15161,527651291,88.500000000,88.750000000,1,41,1,1,ESM6 P5800
2026-03-24T01:52:09.570207526Z,2026-03-24T01:52:09.569674459Z,1,1,42384308,T,A,0,21.750000000,1,0,13831,527923503,21.750000000,22.250000000,1,208,1,4,ESM6 P4600
2026-03-24T01:54:34.470583678Z,2026-03-24T01:54:34.441584299Z,1,1,42384726,T,B,0,59.000000000,1,0,11279,528185134,58.500000000,59.000000000,2,1,1,1,ESM6 P5500
2026-03-24T01:56:35.429998873Z,2026-03-24T01:56:35.429418229Z,1,1,2546979,T,B,0,17.300000000,38,0,14790,218742057,17.200000000,17.300000000,352,38,2,1,UD:1V: VT 2546979
2026-03-24T01:57:05.991705814Z,2026-03-24T01:57:05.991160675Z,1,1,2549811,T,A,0,-4.800000000,1,0,15301,218749101,-4.800000000,-4.450000000,1,122,1,2,UD:1V: GN 2549811
2026-03-24T02:15:33.566786406Z,2026-03-24T02:15:33.566298923Z,1,1,2550093,T,B,0,19.900000000,3,0,13883,219113751,19.600000000,19.900000000,174,3,2,1,UD:1V: IC 2550093
2026-03-24T02:19:14.935127870Z,2026-03-24T02:19:14.934713077Z,1,1,42384724,T,A,0,26.500000000,20,0,12558,530791500,26.500000000,26.750000000,20,69,1,3,ESM6 C7200
2026-03-24T02:19:17.757997417Z,2026-03-24T02:19:17.757622649Z,1,1,42384724,T,A,0,26.500000000,20,0,13538,530795914,26.500000000,26.750000000,20,70,1,3,ESM6 C7200
2026-03-24T02:19:20.540154787Z,2026-03-24T02:19:20.539551765Z,1,1,42384724,T,A,0,26.500000000,20,0,13275,530798308,26.500000000,26.750000000,20,70,1,3,ESM6 C7200
2026-03-24T02:19:27.556732465Z,2026-03-24T02:19:27.556214453Z,1,1,42384724,T,A,0,26.500000000,20,0,13857,530804578,26.500000000,26.750000000,20,103,1,2,ESM6 C7200
2026-03-24T02:19:35.863725873Z,2026-03-24T02:19:35.855298843Z,1,1,42394761,T,A,0,164.500000000,10,0,17050,530815854,164.500000000,166.500000000,33,35,2,3,ESM6 P6250
2026-03-24T02:22:19.844948148Z,2026-03-24T02:22:19.844203225Z,1,1,42384308,T,A,0,21.500000000,1,0,13124,531176426,21.500000000,21.750000000,1,148,1,2,ESM6 P4600
2026-03-24T02:23:26.473157332Z,2026-03-24T02:23:26.472794305Z,1,1,42372953,T,A,0,110.000000000,3,0,14306,531317058,110.000000000,110.500000000,3,44,1,3,ESM6 C6900
2026-03-24T02:32:41.779619513Z,2026-03-24T02:32:41.779006901Z,1,1,2550419,T,A,0,-7.000000000,5,0,13986,219465825,-7.000000000,-6.400000000,5,4,1,1,UD:1V: GN 2550419
2026-03-24T02:34:05.421785584Z,2026-03-24T02:34:05.421236461Z,1,1,42760602,T,A,0,251.500000000,10,0,13226,532393663,251.500000000,253.000000000,10,35,1,4,ESM6 C6625
2026-03-24T02:39:26.849656188Z,2026-03-24T02:39:26.848874297Z,1,1,42409666,T,B,0,86.000000000,1,0,15102,532869609,85.500000000,86.000000000,44,1,2,1,ESM6 P5800
2026-03-24T02:41:33.628390052Z,2026-03-24T02:41:33.590313351Z,1,1,2550482,T,A,0,42.000000000,5,0,13593,219606667,42.000000000,43.000000000,5,39,1,1,UD:1V: 3W 2550482
2026-03-24T02:45:52.135729001Z,2026-03-24T02:45:52.134987925Z,1,1,2550553,T,B,0,116.000000000,1,0,13918,219655569,115.500000000,116.000000000,108,3,3,1,UD:1V: VT 2550553
2026-03-24T02:46:38.815371139Z,2026-03-24T02:46:38.806906467Z,1,1,2550486,T,A,0,5.700000000,1,0,14203,219665446,5.700000000,5.900000000,1,29,1,1,UD:1V: GN 2550486
2026-03-24T02:49:18.738938287Z,2026-03-24T02:49:18.738328799Z,1,1,2550553,T,B,0,116.000000000,2,0,17426,219697309,115.500000000,116.000000000,103,2,2,1,UD:1V: VT 2550553
2026-03-24T02:50:24.373056020Z,2026-03-24T02:50:24.369278077Z,1,1,42384726,T,B,0,58.000000000,1,0,12266,533665367,57.250000000,58.000000000,69,1,3,1,ESM6 P5500
2026-03-24T02:56:19.254601486Z,2026-03-24T02:56:19.113693615Z,1,1,42409666,T,B,0,87.000000000,1,0,12797,534229745,86.500000000,87.000000000,44,1,2,1,ESM6 P5800
2026-03-24T02:59:52.011738974Z,2026-03-24T02:59:51.937049079Z,1,1,2547304,T,B,0,12.500000000,50,0,13537,219873046,12.200000000,12.500000000,378,50,3,1,UD:1V: VT 2547304
2026-03-24T03:01:09.567285876Z,2026-03-24T03:01:09.559880829Z,1,1,42384779,T,A,0,269.000000000,1,0,13755,534582871,269.000000000,270.500000000,1,38,1,3,ESM6 P6600
2026-03-24T03:01:13.469536887Z,2026-03-24T03:01:13.468996689Z,1,1,42384779,T,A,0,269.000000000,1,0,15281,534587073,269.000000000,270.500000000,1,38,1,3,ESM6 P6600
2026-03-24T03:01:39.750804273Z,2026-03-24T03:01:39.750241863Z,1,1,42384724,T,A,0,26.250000000,20,0,14300,534612220,26.250000000,27.000000000,20,121,1,4,ESM6 C7200
2026-03-24T03:04:03.328439678Z,2026-03-24T03:04:03.328091415Z,1,1,42384724,T,A,0,26.500000000,5,0,13470,534763133,26.500000000,27.000000000,5,121,1,4,ESM6 C7200
2026-03-24T03:06:12.276622444Z,2026-03-24T03:06:12.276233783Z,1,1,42522931,T,B,0,295.500000000,3,0,11610,534899213,294.500000000,295.500000000,37,3,2,1,ESH7 C7200
2026-03-24T03:07:31.934312823Z,2026-03-24T03:07:31.933788913Z,1,1,42384718,T,B,0,264.000000000,1,0,17289,534989035,262.500000000,264.000000000,45,1,5,1,ESM6 C6600
2026-03-24T03:09:43.276916751Z,2026-03-24T03:09:43.258449667Z,1,1,42399706,T,B,0,310.000000000,1,0,13938,535111313,308.500000000,310.000000000,25,1,1,1,ESM6 P6700
2026-03-24T03:10:40.253949649Z,2026-03-24T03:10:40.253566043Z,1,1,42366510,T,A,0,44.500000000,20,0,13973,535187850,44.500000000,45.000000000,20,55,1,3,ESM6 C7100
2026-03-24T03:10:42.701174742Z,2026-03-24T03:10:42.700639395Z,1,1,42366510,T,A,0,44.500000000,2,0,13829,535192498,44.500000000,45.000000000,20,55,1,3,ESM6 C7100
2026-03-24T03:10:42.701384433Z,2026-03-24T03:10:42.700639571Z,1,1,42366510,T,A,0,44.500000000,18,0,11135,535192500,44.500000000,45.000000000,18,55,1,3,ESM6 C7100
2026-03-24T03:10:45.682800044Z,2026-03-24T03:10:45.682413829Z,1,1,42366510,T,A,0,44.500000000,20,0,13179,535194751,44.500000000,44.750000000,20,47,1,1,ESM6 C7100
2026-03-24T03:11:14.016085021Z,2026-03-24T03:11:14.015501449Z,1,1,2550698,T,A,0,76.500000000,2,0,13111,220012632,76.500000000,77.000000000,2,181,1,4,UD:1V: VT 2550698
2026-03-24T03:13:40.948872771Z,2026-03-24T03:13:40.948516679Z,1,1,42315459,T,B,0,28.500000000,50,0,13683,535342528,28.000000000,28.500000000,164,50,5,1,ESZ6 C8000
2026-03-24T03:13:43.774172873Z,2026-03-24T03:13:43.773648617Z,1,1,42315459,T,B,0,28.500000000,31,0,13381,535344047,28.250000000,28.500000000,141,50,1,1,ESZ6 C8000
2026-03-24T03:13:43.864779361Z,2026-03-24T03:13:43.863508039Z,1,1,42315459,T,B,0,28.500000000,19,0,14652,535344250,28.250000000,28.500000000,141,19,1,1,ESZ6 C8000
2026-03-24T03:17:18.788355848Z,2026-03-24T03:17:18.788040493Z,1,1,42804681,T,B,0,258.000000000,1,0,14290,535583696,257.500000000,258.000000000,34,1,3,1,ESM6 P6575
2026-03-24T03:20:32.527007139Z,2026-03-24T03:20:32.510771933Z,1,1,42377425,T,A,0,157.500000000,1,0,14175,535730673,157.500000000,158.500000000,1,38,1,1,ESU6 P5800
2026-03-24T03:20:51.757726757Z,2026-03-24T03:20:51.757342261Z,1,1,42458739,T,B,0,84.000000000,1,0,14489,535766687,83.500000000,84.000000000,16,1,2,1,ESU6 P5200
2026-03-24T03:22:59.646266951Z,2026-03-24T03:22:59.645746513Z,1,1,42377425,T,A,0,157.500000000,1,0,14049,535892976,157.500000000,158.000000000,1,59,1,4,ESU6 P5800
2026-03-24T03:23:48.459108355Z,2026-03-24T03:23:48.458728939Z,1,1,42458739,T,B,0,84.000000000,1,0,14075,535921620,83.500000000,84.000000000,13,1,1,1,ESU6 P5200
2026-03-24T03:25:57.380258929Z,2026-03-24T03:25:57.379718173Z,1,1,42377425,T,A,0,157.500000000,1,0,13692,536025408,157.500000000,158.500000000,1,65,1,5,ESU6 P5800
2026-03-24T03:26:06.287914142Z,2026-03-24T03:26:06.287551789Z,1,1,42458739,T,B,0,84.250000000,1,0,13478,536033892,83.500000000,84.250000000,16,1,2,1,ESU6 P5200
2026-03-24T03:29:03.869775404Z,2026-03-24T03:29:03.869180697Z,1,1,2550967,T,A,0,37.250000000,26,0,13598,220192175,37.250000000,37.750000000,26,117,1,2,UD:1V: VT 2550967
2026-03-24T03:29:13.922478060Z,2026-03-24T03:29:13.921907251Z,1,1,2550967,T,A,0,37.250000000,25,0,16478,220193177,37.250000000,37.750000000,25,117,1,2,UD:1V: VT 2550967
2026-03-24T03:37:11.111886741Z,2026-03-24T03:37:11.111472587Z,1,1,2551040,T,A,0,31.000000000,1,0,13529,220332460,31.000000000,31.500000000,1,218,1,4,UD:1V: VT 2551040
2026-03-24T03:37:49.843085950Z,2026-03-24T03:37:49.830958529Z,1,1,42384779,T,A,0,270.000000000,1,0,12855,537009094,270.000000000,271.000000000,1,26,1,1,ESM6 P6600
2026-03-24T03:44:40.704202939Z,2026-03-24T03:44:40.703638527Z,1,1,2545944,T,B,0,69.000000000,1,0,13903,220427385,68.250000000,69.000000000,69,66,1,1,UD:1V: VT 2545944
2026-03-24T03:50:40.022073002Z,2026-03-24T03:50:40.021684697Z,1,1,42315459,T,B,0,28.500000000,50,0,13283,537817409,28.000000000,28.500000000,84,50,4,1,ESZ6 C8000
2026-03-24T03:50:59.493846356Z,2026-03-24T03:50:59.387078241Z,1,1,42315459,T,B,0,28.500000000,28,0,11425,537836859,28.000000000,28.500000000,52,50,3,1,ESZ6 C8000
2026-03-24T03:50:59.509870590Z,2026-03-24T03:50:59.493849853Z,1,1,42315459,T,B,0,28.500000000,22,0,11188,537837444,28.000000000,28.500000000,52,22,3,1,ESZ6 C8000
2026-03-24T03:51:00.137097265Z,2026-03-24T03:51:00.136479147Z,1,1,2550662,T,A,0,165.000000000,15,0,13806,220485046,165.000000000,169.000000000,15,53,1,2,UD:1V: GN 2550662
2026-03-24T03:56:32.217650708Z,2026-03-24T03:56:32.217246201Z,1,1,42315459,T,B,0,28.500000000,20,0,13483,538176459,28.250000000,28.500000000,137,20,3,1,ESZ6 C8000
2026-03-24T03:56:35.613381622Z,2026-03-24T03:56:35.612813863Z,1,1,42315459,T,A,0,28.500000000,20,0,13794,538178428,28.500000000,29.500000000,140,110,1,2,ESZ6 C8000
2026-03-24T03:56:38.484887217Z,2026-03-24T03:56:38.484356015Z,1,1,42315459,T,A,0,28.500000000,10,0,13455,538184683,28.500000000,29.500000000,120,110,1,2,ESZ6 C8000
2026-03-24T03:59:34.952512743Z,2026-03-24T03:59:34.951950279Z,1,1,42384724,T,A,0,26.750000000,2,0,13660,538329377,26.750000000,27.250000000,20,120,1,4,ESM6 C7200
2026-03-24T03:59:34.952983446Z,2026-03-24T03:59:34.952547205Z,1,1,42384724,T,A,0,26.750000000,16,0,14183,538329379,26.750000000,27.250000000,18,120,1,4,ESM6 C7200
2026-03-24T03:59:48.284170803Z,2026-03-24T03:59:48.283470383Z,1,1,42384724,T,A,0,26.750000000,2,0,13628,538338576,26.750000000,27.000000000,2,92,1,1,ESM6 C7200
2026-03-24T04:01:07.127716025Z,2026-03-24T04:01:07.127200611Z,1,1,42315459,T,B,0,28.500000000,20,0,11441,538422096,28.250000000,28.500000000,52,20,3,1,ESZ6 C8000
2026-03-24T04:03:38.225938652Z,2026-03-24T04:03:38.225610307Z,1,1,42315459,T,B,0,28.250000000,20,0,13081,538561533,28.000000000,28.250000000,194,20,4,1,ESZ6 C8000
2026-03-24T04:03:41.298537116Z,2026-03-24T04:03:41.298152841Z,1,1,42315459,T,B,0,28.250000000,20,0,13250,538566064,28.000000000,28.250000000,199,20,4,1,ESZ6 C8000
2026-03-24T04:03:44.311952311Z,2026-03-24T04:03:44.311308797Z,1,1,42315459,T,B,0,28.500000000,20,0,12904,538569251,28.000000000,28.500000000,167,20,3,1,ESZ6 C8000
2026-03-24T04:03:46.358721614Z,2026-03-24T04:03:46.358359481Z,1,1,42315459,T,B,0,28.250000000,10,0,13354,538569859,28.000000000,28.250000000,199,10,4,1,ESZ6 C8000
2026-03-24T04:05:07.923254140Z,2026-03-24T04:05:07.922650041Z,1,1,42315459,T,B,0,28.500000000,10,0,13604,538642409,28.000000000,28.500000000,277,10,5,1,ESZ6 C8000
2026-03-24T04:05:22.521873517Z,2026-03-24T04:05:22.520621747Z,1,1,42372953,T,A,0,110.000000000,1,0,13398,538649309,110.000000000,110.500000000,1,42,1,3,ESM6 C6900
2026-03-24T04:05:33.797182459Z,2026-03-24T04:05:33.796840799Z,1,1,42315459,T,B,0,28.250000000,20,0,13644,538678396,28.000000000,28.250000000,245,20,4,1,ESZ6 C8000
2026-03-24T04:05:36.626738220Z,2026-03-24T04:05:36.626483259Z,1,1,42315459,T,B,0,28.250000000,20,0,14835,538680785,28.000000000,28.250000000,248,20,4,1,ESZ6 C8000
2026-03-24T04:05:58.234258183Z,2026-03-24T04:05:58.233699609Z,1,1,42384724,T,A,0,27.000000000,10,0,15646,538699625,27.000000000,27.250000000,10,2,1,1,ESM6 C7200
2026-03-24T04:08:53.499242542Z,2026-03-24T04:08:53.498826443Z,1,1,42315459,T,B,0,28.250000000,10,0,12949,538852447,28.000000000,28.250000000,195,10,4,1,ESZ6 C8000
2026-03-24T04:08:56.398834147Z,2026-03-24T04:08:56.398410663Z,1,1,42315459,T,B,0,28.250000000,10,0,12603,538855256,28.000000000,28.250000000,77,10,4,1,ESZ6 C8000
2026-03-24T04:10:23.978156353Z,2026-03-24T04:10:23.977607689Z,1,1,42394731,T,B,0,31.750000000,1,0,14457,538933318,30.750000000,31.750000000,57,142,2,2,ESM6 P5000
2026-03-24T04:12:08.840702411Z,2026-03-24T04:12:08.840169063Z,1,1,42372969,T,A,0,73.000000000,2,0,16564,539030654,73.000000000,73.500000000,2,47,1,3,ESM6 C7000
2026-03-24T04:16:08.718181188Z,2026-03-24T04:16:08.717609805Z,1,1,2550967,T,A,0,37.250000000,1,0,13405,220738881,37.250000000,37.500000000,75,65,1,1,UD:1V: VT 2550967
2026-03-24T04:30:04.472210123Z,2026-03-24T04:30:04.471655225Z,1,1,42394812,T,B,0,355.000000000,1,0,16328,539824880,351.500000000,355.000000000,28,28,2,2,ESM6 P6800
2026-03-24T04:30:44.559559220Z,2026-03-24T04:30:44.558928191Z,1,1,2693891,T,A,0,825.000000000,1,0,16731,220846996,825.000000000,834.000000000,1,3,1,1,UD:1V: ST 2693891
2026-03-24T04:31:06.814677127Z,2026-03-24T04:31:06.800589821Z,1,1,2693891,T,A,0,824.500000000,1,0,14669,220854655,824.500000000,830.500000000,1,3,1,1,UD:1V: ST 2693891
2026-03-24T04:31:34.343178618Z,2026-03-24T04:31:34.342070519Z,1,1,2693891,T,A,0,824.000000000,1,0,13627,220866595,824.000000000,829.000000000,1,3,1,1,UD:1V: ST 2693891
2026-03-24T04:31:42.244408556Z,2026-03-24T04:31:42.243847639Z,1,1,2693891,T,A,0,823.500000000,1,0,14413,220868950,823.500000000,826.500000000,1,3,1,1,UD:1V: ST 2693891
2026-03-24T04:52:39.626275009Z,2026-03-24T04:52:39.625967595Z,1,1,42366510,T,B,0,44.000000000,2,0,13875,540802491,43.750000000,44.000000000,43,2,2,1,ESM6 C7100
2026-03-24T04:53:58.658949228Z,2026-03-24T04:53:58.654763809Z,1,1,42394731,T,B,0,31.750000000,25,0,12985,540872780,31.250000000,31.750000000,68,25,3,1,ESM6 P5000
2026-03-24T05:01:51.304714315Z,2026-03-24T05:01:51.304175895Z,1,1,2547304,T,B,0,12.500000000,50,0,13937,221109273,12.100000000,12.500000000,358,50,3,1,UD:1V: VT 2547304
2026-03-24T05:09:29.932672851Z,2026-03-24T05:09:29.774346033Z,1,1,42384724,T,A,0,25.500000000,20,0,16139,541924809,25.500000000,26.000000000,20,52,1,2,ESM6 C7200
2026-03-24T05:09:34.420988881Z,2026-03-24T05:09:34.420722161Z,1,1,42384724,T,A,0,25.500000000,20,0,13819,541941421,25.500000000,25.750000000,20,142,1,1,ESM6 C7200
2026-03-24T05:09:50.998154092Z,2026-03-24T05:09:50.997811495Z,1,1,42372969,T,A,0,69.500000000,20,0,13362,541961884,69.500000000,70.000000000,20,43,1,3,ESM6 C7000
2026-03-24T05:09:54.895573777Z,2026-03-24T05:09:54.895227293Z,1,1,42372969,T,A,0,69.500000000,20,0,16424,541970938,69.500000000,70.000000000,20,43,1,3,ESM6 C7000
2026-03-24T05:10:00.276295567Z,2026-03-24T05:10:00.275683433Z,1,1,42372969,T,A,0,69.500000000,11,0,12887,541979307,69.500000000,70.000000000,40,38,2,2,ESM6 C7000
2026-03-24T05:10:06.341314475Z,2026-03-24T05:10:06.340180391Z,1,1,42372969,T,A,0,69.500000000,29,0,14330,541992623,69.500000000,69.750000000,29,25,2,1,ESM6 C7000
2026-03-24T05:13:59.617429913Z,2026-03-24T05:13:59.616866445Z,1,1,2551891,T,A,0,-14.500000000,2,0,16442,221310764,-14.500000000,-13.900000000,2,18,1,1,UD:1V: 12 2551891
2026-03-24T05:14:46.364632497Z,2026-03-24T05:14:46.359440767Z,1,1,2551595,T,A,0,62.750000000,14,0,13546,221323776,62.750000000,63.000000000,14,100,1,1,UD:1V: GN 2551595
2026-03-24T05:14:46.367511329Z,2026-03-24T05:14:46.364566551Z,1,1,2551595,T,B,0,62.750000000,56,0,14156,221323824,62.000000000,62.750000000,14,86,1,1,UD:1V: GN 2551595
2026-03-24T05:14:46.367840305Z,2026-03-24T05:14:46.367342429Z,1,1,2551595,T,B,0,62.750000000,30,0,13096,221323826,62.000000000,62.750000000,14,30,1,1,UD:1V: GN 2551595
2026-03-24T05:15:12.415041968Z,2026-03-24T05:15:12.414697091Z,1,1,42409639,T,A,0,5.800000000,1,0,13903,542451115,5.800000000,5.900000000,1,229,1,3,ESM6 P3200
2026-03-24T05:15:35.496510446Z,2026-03-24T05:15:35.496148881Z,1,1,42409639,T,A,0,5.800000000,1,0,13540,542476953,5.800000000,5.900000000,1,229,1,3,ESM6 P3200
2026-03-24T05:18:36.864261919Z,2026-03-24T05:18:36.815518063Z,1,1,42372949,T,A,0,153.500000000,2,0,15305,542684238,153.500000000,155.500000000,2,2,1,1,ESM6 C6800
2026-03-24T05:18:39.025855761Z,2026-03-24T05:18:38.830895145Z,1,1,2551595,T,A,0,62.500000000,50,0,14058,221382604,62.500000000,62.750000000,50,100,1,1,UD:1V: GN 2551595
2026-03-24T05:18:51.332057714Z,2026-03-24T05:18:51.170797429Z,1,1,42536155,T,B,0,27.250000000,1,0,11498,542809411,26.500000000,27.250000000,54,1,3,1,ESH7 C8400
2026-03-24T05:19:05.168710343Z,2026-03-24T05:19:05.168132137Z,1,1,42394731,T,B,0,31.000000000,25,0,14959,542905035,30.500000000,31.000000000,166,25,3,1,ESM6 P5000
2026-03-24T05:23:00.370914390Z,2026-03-24T05:23:00.308598831Z,1,1,2522986,T,A,0,44.750000000,51,0,13857,221600735,44.750000000,45.000000000,51,460,1,4,UD:1V: VT 2522986
2026-03-24T05:26:48.009185756Z,2026-03-24T05:26:47.992242799Z,1,1,42760596,T,A,0,116.500000000,10,0,14293,544023002,116.500000000,117.000000000,20,31,1,2,ESM6 C6875
2026-03-24T05:26:59.094892652Z,2026-03-24T05:26:59.094324323Z,1,1,42760596,T,A,0,116.500000000,10,0,13571,544034054,116.500000000,117.000000000,10,31,1,2,ESM6 C6875
2026-03-24T05:28:43.422467178Z,2026-03-24T05:28:43.127376691Z,1,1,42372969,T,A,0,69.500000000,5,0,12870,544184742,69.500000000,69.750000000,5,36,1,1,ESM6 C7000
2026-03-24T05:28:51.208880735Z,2026-03-24T05:28:51.203112719Z,1,1,42394731,T,B,0,33.000000000,1,0,10444,544219040,32.750000000,33.000000000,2,1,1,1,ESM6 P5000
2026-03-24T05:29:34.645694289Z,2026-03-24T05:29:34.645364215Z,1,1,42372969,T,A,0,69.500000000,20,0,13635,544312786,69.500000000,69.750000000,20,38,1,2,ESM6 C7000
2026-03-24T05:29:38.364945287Z,2026-03-24T05:29:38.364412127Z,1,1,42372969,T,B,0,69.500000000,20,0,13935,544318878,68.500000000,69.500000000,39,46,2,1,ESM6 C7000
2026-03-24T05:31:53.583245012Z,2026-03-24T05:31:53.529461285Z,1,1,42384718,T,B,0,260.500000000,6,0,13123,544557826,259.000000000,260.500000000,38,10,5,1,ESM6 C6600
2026-03-24T05:31:53.759006479Z,2026-03-24T05:31:53.597213755Z,1,1,42384718,T,B,0,260.500000000,4,0,12880,544561217,259.000000000,260.500000000,31,4,4,1,ESM6 C6600
2026-03-24T05:31:59.879506701Z,2026-03-24T05:31:59.878890777Z,1,1,2550946,T,B,0,-46.750000000,50,0,13724,221770557,-49.250000000,-46.750000000,63,50,1,1,UD:1V:CRR 2550946
2026-03-24T05:32:21.559392932Z,2026-03-24T05:32:21.558757283Z,1,1,2550946,T,B,0,-46.500000000,50,0,13872,221776931,-48.500000000,-46.500000000,63,50,1,1,UD:1V:CRR 2550946
2026-03-24T05:37:47.010592872Z,2026-03-24T05:37:47.009672581Z,1,1,2552068,T,A,0,18.000000000,1,0,13777,221841075,18.000000000,18.300000000,39,39,1,1,UD:1V: VT 2552068
2026-03-24T05:45:06.061723103Z,2026-03-24T05:45:06.061343701Z,1,1,42536178,T,B,0,254.000000000,1,0,14176,545699050,253.500000000,254.000000000,51,1,3,1,ESH7 P5800
2026-03-24T05:45:47.760706626Z,2026-03-24T05:45:47.758810893Z,1,1,42409672,T,B,0,101.000000000,1,0,15362,545766333,100.000000000,101.000000000,44,1,4,1,ESM6 P5900
2026-03-24T05:45:47.763948377Z,2026-03-24T05:45:47.760710115Z,1,1,42409672,T,A,0,101.000000000,1,0,11243,545766392,101.000000000,101.500000000,24,34,1,3,ESM6 P5900
2026-03-24T05:45:47.825198732Z,2026-03-24T05:45:47.824727269Z,1,1,42409672,T,A,0,101.000000000,14,0,14345,545766483,101.000000000,101.500000000,23,33,1,2,ESM6 P5900
2026-03-24T05:45:47.836452416Z,2026-03-24T05:45:47.836011005Z,1,1,42409672,T,A,0,101.000000000,9,0,16142,545766534,101.000000000,101.500000000,9,33,1,2,ESM6 P5900
2026-03-24T05:45:53.323762297Z,2026-03-24T05:45:53.279193153Z,1,1,42372969,T,B,0,71.000000000,1,0,13008,545776067,70.500000000,71.000000000,35,1,4,1,ESM6 C7000
2026-03-24T05:47:31.434747331Z,2026-03-24T05:47:31.434204523Z,1,1,42372969,T,A,0,71.250000000,11,0,14035,545895641,71.250000000,71.750000000,20,9,1,3,ESM6 C7000
2026-03-24T05:47:31.434930143Z,2026-03-24T05:47:31.434235033Z,1,1,42372969,T,A,0,71.250000000,9,0,13736,545895643,71.250000000,71.750000000,9,9,1,3,ESM6 C7000
2026-03-24T05:51:23.107155828Z,2026-03-24T05:51:23.106600019Z,1,1,42399706,T,B,0,308.000000000,1,0,13918,546184230,307.500000000,308.000000000,3,1,2,1,ESM6 P6700
2026-03-24T05:52:16.522401734Z,2026-03-24T05:52:16.385902455Z,1,1,42384718,T,B,0,265.000000000,1,0,11182,546242720,264.000000000,265.000000000,3,1,2,1,ESM6 C6600
2026-03-24T05:56:49.024373982Z,2026-03-24T05:56:49.023989549Z,1,1,42372969,T,A,0,71.500000000,10,0,13575,546562201,71.500000000,71.750000000,10,3,1,2,ESM6 C7000
2026-03-24T05:57:01.292100793Z,2026-03-24T05:57:01.287654221Z,1,1,42372969,T,A,0,71.250000000,10,0,13781,546569915,71.250000000,71.750000000,10,3,1,2,ESM6 C7000
2026-03-24T05:57:13.416293113Z,2026-03-24T05:57:13.415917845Z,1,1,42315459,T,B,0,28.000000000,20,0,16420,546584052,27.500000000,28.000000000,142,20,5,1,ESZ6 C8000
2026-03-24T05:57:22.598234852Z,2026-03-24T05:57:22.597652503Z,1,1,42315459,T,B,0,28.250000000,50,0,13141,546591864,28.000000000,28.250000000,139,50,1,1,ESZ6 C8000
2026-03-24T05:57:49.082891127Z,2026-03-24T05:57:49.080897359Z,1,1,42372969,T,A,0,71.500000000,2,0,13936,546618545,71.500000000,71.750000000,10,3,1,2,ESM6 C7000
2026-03-24T05:57:49.083458745Z,2026-03-24T05:57:49.082894659Z,1,1,42372969,T,A,0,71.500000000,8,0,10563,546618553,71.500000000,71.750000000,8,3,1,2,ESM6 C7000
2026-03-24T05:57:49.715791487Z,2026-03-24T05:57:49.707517615Z,1,1,42372969,T,A,0,71.250000000,10,0,15699,546621899,71.250000000,71.750000000,10,3,1,2,ESM6 C7000
2026-03-24T05:58:09.090894668Z,2026-03-24T05:58:09.090332641Z,1,1,42315459,T,B,0,28.250000000,100,0,13773,546646497,28.000000000,28.250000000,90,100,1,2,ESZ6 C8000
2026-03-24T05:59:09.733737730Z,2026-03-24T05:59:09.733185425Z,1,1,42372969,T,A,0,71.250000000,12,0,13467,546680706,71.250000000,71.750000000,20,3,1,2,ESM6 C7000
2026-03-24T05:59:09.746737756Z,2026-03-24T05:59:09.746287691Z,1,1,42372969,T,A,0,71.250000000,8,0,13715,546680877,71.250000000,71.750000000,8,3,1,2,ESM6 C7000
2026-03-24T05:59:35.783185035Z,2026-03-24T05:59:35.782810563Z,1,1,42384779,T,A,0,268.500000000,1,0,13525,546705805,268.500000000,269.000000000,1,24,1,3,ESM6 P6600
2026-03-24T06:01:53.339686073Z,2026-03-24T06:01:53.339296555Z,1,1,42439351,T,B,0,323.000000000,10,0,13986,546898389,322.500000000,323.000000000,23,10,2,1,ESU6 P6500
2026-03-24T06:02:00.399266423Z,2026-03-24T06:02:00.105460477Z,1,1,42378449,T,A,0,115.000000000,3,0,11410,546921067,115.000000000,115.500000000,3,30,1,1,ESM6 P6000
2026-03-24T06:02:56.775622253Z,2026-03-24T06:02:56.773920321Z,1,1,42404374,T,B,0,470.000000000,5,0,13409,547090447,460.500000000,470.000000000,10,10,2,2,ESM6 P7000
2026-03-24T06:04:39.601261455Z,2026-03-24T06:04:39.600887067Z,1,1,42883305,T,B,0,193.000000000,5,0,13572,547279678,192.500000000,193.000000000,26,5,3,1,ESM6 P6375
2026-03-24T06:05:07.889727116Z,2026-03-24T06:05:07.889166921Z,1,1,42883305,T,A,0,192.500000000,5,0,15662,547317566,192.500000000,194.500000000,32,24,4,2,ESM6 P6375
2026-03-24T06:11:00.376490262Z,2026-03-24T06:11:00.342783101Z,1,1,42409666,T,A,0,85.750000000,1,0,12629,547824428,85.750000000,86.000000000,1,34,1,2,ESM6 P5800
2026-03-24T06:15:10.900490668Z,2026-03-24T06:15:10.899851821Z,1,1,2552319,T,B,0,8.800000000,1,0,13470,222429053,8.500000000,8.800000000,372,6,4,1,UD:1V: VT 2552319
2026-03-24T06:15:53.571946498Z,2026-03-24T06:15:53.529928125Z,1,1,42384718,T,B,0,268.500000000,1,0,13506,548288714,267.500000000,268.500000000,10,1,3,1,ESM6 C6600
2026-03-24T06:17:55.350057573Z,2026-03-24T06:17:55.349670779Z,1,1,42372969,T,A,0,73.500000000,10,0,16991,548617084,73.500000000,73.750000000,10,39,1,4,ESM6 C7000
2026-03-24T06:17:58.113417241Z,2026-03-24T06:17:58.112858643Z,1,1,42372969,T,A,0,73.500000000,10,0,18771,548626666,73.500000000,73.750000000,10,27,1,2,ESM6 C7000
2026-03-24T06:18:03.546408127Z,2026-03-24T06:18:03.545856301Z,1,1,42372969,T,A,0,73.500000000,10,0,13408,548648268,73.500000000,73.750000000,10,54,1,3,ESM6 C7000
2026-03-24T06:18:06.384621007Z,2026-03-24T06:18:06.379641077Z,1,1,42372969,T,B,0,73.500000000,10,0,13565,548652615,73.000000000,73.500000000,20,31,2,2,ESM6 C7000
2026-03-24T06:18:45.127073685Z,2026-03-24T06:18:45.116940261Z,1,1,42372969,T,A,0,73.000000000,20,0,12850,548734400,73.000000000,73.500000000,20,4,2,2,ESM6 C7000
2026-03-24T06:25:33.193351876Z,2026-03-24T06:25:32.925403403Z,1,1,2549392,T,A,0,30.500000000,3,0,12328,222790725,30.500000000,31.000000000,3,400,1,3,UD:1V: VT 2549392
2026-03-24T06:31:35.211179871Z,2026-03-24T06:31:35.201845501Z,1,1,42435330,T,A,0,59.000000000,2,0,12727,550768159,59.000000000,59.500000000,2,16,1,2,ESM6 C7050
2026-03-24T06:34:24.722675017Z,2026-03-24T06:34:24.595648555Z,1,1,42384718,T,B,0,274.000000000,1,0,13793,551247668,272.500000000,274.000000000,1,1,1,1,ESM6 C6600
2026-03-24T06:34:24.752005059Z,2026-03-24T06:34:24.722678467Z,1,1,42384718,T,A,0,274.000000000,4,0,14567,551248283,274.000000000,274.500000000,4,3,1,2,ESM6 C6600
2026-03-24T06:36:01.887899027Z,2026-03-24T06:36:01.843059041Z,1,1,42429065,T,B,0,424.000000000,9,0,14375,551464519,420.000000000,424.000000000,8,9,2,1,ESM6 P6950
2026-03-24T06:37:11.634541679Z,2026-03-24T06:37:11.633442241Z,1,1,42384718,T,B,0,274.000000000,1,0,11152,551609578,273.500000000,274.000000000,3,1,2,1,ESM6 C6600
2026-03-24T06:37:14.015414283Z,2026-03-24T06:37:13.825388271Z,1,1,42372969,T,B,0,75.000000000,10,0,13680,551621142,74.500000000,75.000000000,3,10,2,1,ESM6 C7000
2026-03-24T06:40:08.263605718Z,2026-03-24T06:40:08.082595359Z,1,1,42384718,T,B,0,274.500000000,5,0,13197,552103944,274.000000000,274.500000000,7,5,4,1,ESM6 C6600
2026-03-24T06:48:40.909116130Z,2026-03-24T06:48:40.908731603Z,1,1,42372953,T,A,0,114.000000000,1,0,13416,553348981,114.000000000,114.500000000,1,27,1,3,ESM6 C6900
2026-03-24T06:49:38.780015225Z,2026-03-24T06:49:38.773175605Z,1,1,42384724,T,A,0,28.000000000,20,0,13926,553469564,28.000000000,28.500000000,20,2,1,1,ESM6 C7200
2026-03-24T06:50:07.487752793Z,2026-03-24T06:50:07.487365869Z,1,1,42315459,T,B,0,29.250000000,20,0,13343,553523430,29.000000000,29.250000000,55,20,3,1,ESZ6 C8000
2026-03-24T06:50:11.060172849Z,2026-03-24T06:50:11.059772627Z,1,1,42315459,T,B,0,29.250000000,20,0,13464,553528639,29.000000000,29.250000000,56,20,3,1,ESZ6 C8000
2026-03-24T06:50:15.044639155Z,2026-03-24T06:50:15.043809153Z,1,1,42315459,T,B,0,29.250000000,10,0,13959,553534059,29.000000000,29.250000000,56,10,3,1,ESZ6 C8000
2026-03-24T06:50:17.934946553Z,2026-03-24T06:50:17.927852677Z,1,1,42384724,T,A,0,28.000000000,30,0,14030,553542164,28.000000000,28.500000000,30,2,2,1,ESM6 C7200
2026-03-24T06:53:52.812063718Z,2026-03-24T06:53:52.811515915Z,1,1,42394731,T,A,0,30.000000000,1,0,13774,553995480,30.000000000,30.250000000,1,30,1,2,ESM6 P5000
2026-03-24T06:54:25.509817564Z,2026-03-24T06:54:25.509498135Z,1,1,42384718,T,A,0,278.000000000,2,0,13833,554084111,278.000000000,278.500000000,2,3,1,2,ESM6 C6600
2026-03-24T06:55:27.802172137Z,2026-03-24T06:55:27.801014667Z,1,1,42404370,T,B,0,190.000000000,1,0,14200,554395494,189.500000000,190.000000000,11,1,4,1,ESM6 P6400
2026-03-24T07:03:20.424890545Z,2026-03-24T07:03:20.422028303Z,1,1,42492552,T,A,0,121.500000000,1,0,13551,555962275,121.500000000,122.500000000,41,1,3,1,ESZ6 P5250
2026-03-24T07:03:34.033789319Z,2026-03-24T07:03:34.033228391Z,1,1,525442,T,A,0,116.000000000,1,0,13404,556013505,116.000000000,117.000000000,43,1,3,1,ESZ6 P5200
2026-03-24T07:03:45.357285446Z,2026-03-24T07:03:45.356646055Z,1,1,42492552,T,A,0,121.500000000,1,0,14775,556065164,121.500000000,122.500000000,40,1,3,1,ESZ6 P5250
2026-03-24T07:03:51.709826003Z,2026-03-24T07:03:51.709294401Z,1,1,525442,T,A,0,116.000000000,1,0,12868,556100770,116.000000000,117.000000000,42,1,3,1,ESZ6 P5200
2026-03-24T07:03:52.212125087Z,2026-03-24T07:03:52.211817791Z,1,1,42492679,T,B,0,101.500000000,1,0,15805,556103317,101.000000000,101.500000000,50,1,3,1,ESZ6 P5050
2026-03-24T07:03:55.228101412Z,2026-03-24T07:03:55.227587585Z,1,1,489904,T,A,0,106.000000000,1,0,15573,556118880,106.000000000,106.500000000,37,1,2,1,ESZ6 P5100
2026-03-24T07:05:36.707242700Z,2026-03-24T07:05:36.535286915Z,1,1,42378449,T,A,0,105.000000000,2,0,13700,556586263,105.000000000,105.500000000,3,4,1,2,ESM6 P6000
2026-03-24T07:05:43.547410486Z,2026-03-24T07:05:43.498344491Z,1,1,42378449,T,A,0,105.000000000,1,0,11554,556618274,105.000000000,105.500000000,1,4,1,2,ESM6 P6000
2026-03-24T07:05:49.741258892Z,2026-03-24T07:05:49.670568399Z,1,1,42372953,T,B,0,118.000000000,1,0,11468,556662114,117.500000000,118.000000000,6,1,3,1,ESM6 C6900
2026-03-24T07:06:06.643917989Z,2026-03-24T07:06:06.622520301Z,1,1,42404348,T,A,0,194.500000000,1,0,13702,556794758,194.500000000,195.500000000,1,18,1,2,ESM6 C6750
2026-03-24T07:06:11.734661003Z,2026-03-24T07:06:11.651199313Z,1,1,42372969,T,B,0,80.000000000,1,0,15641,556837851,79.500000000,80.000000000,3,1,2,1,ESM6 C7000
2026-03-24T07:09:44.963283788Z,2026-03-24T07:09:44.962465865Z,1,1,42384724,T,A,0,30.000000000,10,0,15043,557800159,30.000000000,30.250000000,10,23,1,2,ESM6 C7200
2026-03-24T07:09:50.559348364Z,2026-03-24T07:09:50.558534395Z,1,1,42384724,T,A,0,30.000000000,10,0,13209,557815566,30.000000000,30.250000000,10,1,1,1,ESM6 C7200
2026-03-24T07:09:58.667414148Z,2026-03-24T07:09:58.666903697Z,1,1,42366510,T,A,0,50.500000000,10,0,13806,557841930,50.500000000,50.750000000,10,2,1,1,ESM6 C7100
2026-03-24T07:10:42.630099383Z,2026-03-24T07:10:42.629464771Z,1,1,42384718,T,B,0,288.000000000,2,0,13936,558051782,287.500000000,288.000000000,3,2,2,1,ESM6 C6600
2026-03-24T07:11:04.406262979Z,2026-03-24T07:11:04.405752117Z,1,1,2696200,T,B,0,124.000000000,50,0,15379,224956703,123.500000000,124.000000000,64,50,1,1,UD:1V: VT 2696200
2026-03-24T07:12:28.198252470Z,2026-03-24T07:12:28.131619907Z,1,1,42372969,T,B,0,81.000000000,1,0,13563,558468368,80.750000000,81.000000000,3,1,2,1,ESM6 C7000
2026-03-24T07:12:56.396992340Z,2026-03-24T07:12:56.171786323Z,1,1,42378346,T,B,0,6.100000000,1,0,17670,558623679,5.800000000,6.100000000,103,1,3,1,ESM6 C7500
2026-03-24T07:13:27.629993411Z,2026-03-24T07:13:27.448736503Z,1,1,2696200,T,B,0,123.000000000,50,0,13849,225146252,122.500000000,123.000000000,66,73,1,2,UD:1V: VT 2696200
2026-03-24T07:15:42.472060902Z,2026-03-24T07:15:42.294111571Z,1,1,42384779,T,A,0,241.000000000,6,0,11165,559488449,241.000000000,241.500000000,6,17,1,1,ESM6 P6600
2026-03-24T07:19:32.415433743Z,2026-03-24T07:19:32.414928215Z,1,1,388474,T,B,0,30.500000000,1,0,13215,560671857,30.250000000,30.500000000,35,1,3,1,ESZ6 P3600
2026-03-24T07:21:04.563283137Z,2026-03-24T07:21:04.434144217Z,1,1,42372953,T,A,0,120.500000000,1,0,12513,561130519,120.500000000,121.500000000,1,27,1,4,ESM6 C6900
2026-03-24T07:22:11.646485147Z,2026-03-24T07:22:11.645899359Z,1,1,2552933,T,B,0,30.250000000,20,0,13688,225840744,30.000000000,30.250000000,593,20,6,1,UD:1V: VT 2552933
2026-03-24T07:22:11.646695260Z,2026-03-24T07:22:11.645899535Z,1,1,2552933,T,B,0,30.250000000,21,0,14127,225840746,30.000000000,30.250000000,593,20,6,1,UD:1V: VT 2552933
2026-03-24T07:23:05.680820473Z,2026-03-24T07:23:05.623735757Z,1,1,2552933,T,B,0,30.250000000,19,0,13752,225907824,30.000000000,30.250000000,455,19,5,1,UD:1V: VT 2552933
2026-03-24T07:23:14.788205991Z,2026-03-24T07:23:14.707665237Z,1,1,2552933,T,B,0,30.250000000,20,0,13637,225917926,30.000000000,30.250000000,455,20,5,1,UD:1V: VT 2552933
2026-03-24T07:23:27.247868115Z,2026-03-24T07:23:27.125892477Z,1,1,2552933,T,B,0,30.250000000,37,0,13635,225928533,30.000000000,30.250000000,455,20,5,1,UD:1V: VT 2552933
2026-03-24T07:23:27.318621303Z,2026-03-24T07:23:27.132646009Z,1,1,2552933,T,B,0,30.250000000,33,0,13018,225928724,30.000000000,30.250000000,455,3,5,1,UD:1V: VT 2552933
2026-03-24T07:24:07.467943185Z,2026-03-24T07:24:07.467158449Z,1,1,42378280,T,B,0,356.000000000,1,0,14778,561910505,353.000000000,356.000000000,4,4,2,2,ESM6 C6500
2026-03-24T07:33:03.070174311Z,2026-03-24T07:33:03.065553885Z,1,1,42384724,T,A,0,29.750000000,10,0,13900,563897978,29.750000000,30.000000000,10,5,1,3,ESM6 C7200
2026-03-24T07:35:15.622179356Z,2026-03-24T07:35:15.588436787Z,1,1,42384724,T,A,0,29.500000000,10,0,13778,564413400,29.500000000,29.750000000,10,1,1,1,ESM6 C7200
2026-03-24T07:38:09.003636150Z,2026-03-24T07:38:09.003285429Z,1,1,42394602,T,A,0,2.900000000,1,0,13025,564995681,2.900000000,3.000000000,1,24,1,2,ESM6 P2700
2026-03-24T07:41:37.225437257Z,2026-03-24T07:41:37.224898193Z,1,1,42372953,T,A,0,119.000000000,1,0,13491,565648640,119.000000000,119.500000000,1,11,1,5,ESM6 C6900
2026-03-24T07:42:02.549025780Z,2026-03-24T07:42:02.548660397Z,1,1,42394602,T,A,0,2.850000000,1,0,13124,565753154,2.850000000,3.000000000,1,192,1,3,ESM6 P2700
2026-03-24T07:44:01.059894231Z,2026-03-24T07:44:00.987571373Z,1,1,42435330,T,A,0,63.250000000,1,0,11580,566106983,63.250000000,64.250000000,6,7,3,3,ESM6 C7050
2026-03-24T07:47:39.973481158Z,2026-03-24T07:47:39.963334255Z,1,1,42439343,T,A,0,106.500000000,3,0,17293,566824007,106.500000000,107.000000000,3,75,1,1,ESU6 P5500
2026-03-24T07:47:39.995815868Z,2026-03-24T07:47:39.973485077Z,1,1,42439343,T,B,0,106.500000000,18,0,13454,566824406,106.000000000,106.500000000,50,72,3,1,ESU6 P5500
2026-03-24T07:47:40.019706198Z,2026-03-24T07:47:39.995208621Z,1,1,42439343,T,B,0,106.500000000,3,0,15292,566825143,106.000000000,106.500000000,50,54,3,1,ESU6 P5500
2026-03-24T07:47:40.038086356Z,2026-03-24T07:47:39.995819797Z,1,1,42439343,T,B,0,106.500000000,51,0,13219,566825569,106.000000000,106.500000000,50,51,3,1,ESU6 P5500
2026-03-24T07:49:25.663395939Z,2026-03-24T07:49:25.643665585Z,1,1,42439343,T,A,0,106.000000000,75,0,18243,567199282,106.000000000,106.500000000,77,75,3,1,ESU6 P5500
2026-03-24T07:49:39.756326155Z,2026-03-24T07:49:39.755771349Z,1,1,42378449,T,B,0,103.500000000,1,0,13546,567265699,103.000000000,103.500000000,48,1,8,1,ESM6 P6000
2026-03-24T07:50:06.570201825Z,2026-03-24T07:50:06.143831901Z,1,1,42372949,T,A,0,166.500000000,1,0,12630,567399459,166.500000000,167.500000000,1,12,1,3,ESM6 C6800
2026-03-24T07:50:40.576920678Z,2026-03-24T07:50:40.483570295Z,1,1,42435330,T,B,0,63.500000000,1,0,13354,567567501,63.250000000,63.500000000,2,1,1,1,ESM6 C7050
2026-03-24T07:53:06.882499460Z,2026-03-24T07:53:06.867951075Z,1,1,42404370,T,A,0,182.500000000,1,0,14435,568184057,182.500000000,183.500000000,1,38,1,5,ESM6 P6400
2026-03-24T07:53:27.030174838Z,2026-03-24T07:53:27.029625457Z,1,1,42378541,T,A,0,158.500000000,1,0,12699,568279456,158.500000000,159.500000000,1,44,1,5,ESM6 P6300
2026-03-24T07:54:12.240826350Z,2026-03-24T07:54:12.176465849Z,1,1,42378592,T,A,0,211.500000000,1,0,13583,568465690,211.500000000,212.500000000,1,32,1,4,ESM6 P6500
2026-03-24T07:54:33.535320899Z,2026-03-24T07:54:33.534860767Z,1,1,42384718,T,A,0,286.000000000,10,0,13454,568542711,286.000000000,286.500000000,10,13,1,5,ESM6 C6600
2026-03-24T07:58:14.411509739Z,2026-03-24T07:58:14.410831039Z,1,1,42378346,T,A,0,6.100000000,1,0,15202,569517880,6.100000000,6.200000000,1,53,1,3,ESM6 C7500
2026-03-24T07:58:59.511630996Z,2026-03-24T07:58:59.510622185Z,1,1,42429381,T,B,0,63.750000000,2,0,13899,569689119,63.250000000,63.750000000,94,2,4,1,ESU6 P5000
2026-03-24T07:59:20.848036420Z,2026-03-24T07:59:20.837301539Z,1,1,547283,T,B,0,95.000000000,2,0,13051,569760418,94.750000000,95.000000000,89,2,4,1,ESZ6 P5000
2026-03-24T07:59:32.383327940Z,2026-03-24T07:59:32.382809473Z,1,1,414671,T,B,0,79.750000000,2,0,14170,569824250,79.250000000,79.750000000,116,2,4,1,ESZ6 P4800
2026-03-24T08:00:00.561201084Z,2026-03-24T08:00:00.467509683Z,1,1,42506307,T,B,0,52.750000000,2,0,13244,569975467,52.500000000,52.750000000,121,2,4,1,ESU6 P4800
2026-03-24T08:02:06.002052065Z,2026-03-24T08:02:05.818880341Z,1,1,2553812,T,A,0,0.450000000,1,0,15610,228271174,0.450000000,0.550000000,1,4556,1,5,UD:1V: VT 2553812
2026-03-24T08:04:21.453907086Z,2026-03-24T08:04:21.446315005Z,1,1,42384718,T,B,0,287.000000000,10,0,14323,571831171,286.500000000,287.000000000,3,10,2,1,ESM6 C6600
2026-03-24T08:05:52.623829048Z,2026-03-24T08:05:52.623475013Z,1,1,42384779,T,A,0,239.000000000,1,0,14943,572468471,239.000000000,239.500000000,1,37,1,6,ESM6 P6600
2026-03-24T08:06:15.676652541Z,2026-03-24T08:06:15.612055403Z,1,1,42384718,T,A,0,289.000000000,10,0,13653,572615518,289.000000000,290.000000000,10,13,1,5,ESM6 C6600
2026-03-24T08:08:19.740870806Z,2026-03-24T08:08:19.524973879Z,1,1,42315459,T,A,0,31.250000000,1,0,10929,573371914,31.250000000,32.000000000,1,127,1,5,ESZ6 C8000
2026-03-24T08:08:50.117872113Z,2026-03-24T08:08:50.116038553Z,1,1,42372953,T,B,0,120.500000000,1,0,17144,573545882,119.500000000,120.500000000,3,1,2,1,ESM6 C6900
2026-03-24T08:08:50.117872113Z,2026-03-24T08:08:50.116038553Z,1,1,42372953,T,B,0,121.000000000,1,0,17144,573545882,119.500000000,120.500000000,3,1,2,1,ESM6 C6900
2026-03-24T08:09:21.849135334Z,2026-03-24T08:09:21.840493099Z,1,1,42429284,T,A,0,332.000000000,4,0,14062,573712159,332.000000000,334.500000000,4,13,1,2,ESU6 P6600
2026-03-24T08:09:28.801165166Z,2026-03-24T08:09:28.700592687Z,1,1,42429284,T,A,0,331.500000000,4,0,15418,573754916,331.500000000,334.500000000,4,40,1,5,ESU6 P6600
2026-03-24T08:10:06.047621951Z,2026-03-24T08:10:06.047023919Z,1,1,42429284,T,A,0,332.000000000,2,0,14049,573994129,332.000000000,334.000000000,4,4,1,1,ESU6 P6600
2026-03-24T08:10:48.920898254Z,2026-03-24T08:10:48.911283479Z,1,1,42429284,T,A,0,332.500000000,4,0,17795,574210859,332.500000000,335.000000000,4,13,1,2,ESU6 P6600
2026-03-24T08:10:49.071375447Z,2026-03-24T08:10:49.070848177Z,1,1,42429284,T,A,0,332.500000000,3,0,17094,574212278,332.500000000,335.000000000,28,4,1,1,ESU6 P6600
2026-03-24T08:10:50.258940972Z,2026-03-24T08:10:50.258373287Z,1,1,42429284,T,A,0,332.500000000,2,0,16476,574219985,332.500000000,335.000000000,4,13,1,2,ESU6 P6600
2026-03-24T08:11:29.636108935Z,2026-03-24T08:11:29.626419267Z,1,1,42378592,T,A,0,209.000000000,2,0,13825,574406043,209.000000000,210.500000000,6,40,4,6,ESM6 P6500
2026-03-24T08:11:34.733356100Z,2026-03-24T08:11:34.499681419Z,1,1,42429284,T,A,0,332.000000000,1,0,11319,574436684,332.000000000,334.500000000,6,13,2,2,ESU6 P6600
2026-03-24T08:12:19.625903209Z,2026-03-24T08:12:19.620060713Z,1,1,42472878,T,B,0,250.500000000,1,0,13814,574680245,250.000000000,250.500000000,7,1,2,1,ESU6 C6900
2026-03-24T08:19:53.287170531Z,2026-03-24T08:19:53.256007439Z,1,1,42472878,T,A,0,246.000000000,1,0,13871,577516519,246.000000000,247.500000000,1,11,1,2,ESU6 C6900
2026-03-24T08:21:10.006808470Z,2026-03-24T08:21:10.006491987Z,1,1,42384718,T,B,0,279.000000000,10,0,14128,578098394,278.500000000,279.000000000,1,10,1,1,ESM6 C6600
2026-03-24T08:24:35.706744512Z,2026-03-24T08:24:35.451254141Z,1,1,2554116,T,B,0,115.500000000,24,0,12803,230270099,115.000000000,115.500000000,106,24,4,1,UD:1V: VT 2554116
2026-03-24T08:24:43.086920990Z,2026-03-24T08:24:43.036781407Z,1,1,42384779,T,B,0,249.000000000,7,0,14187,579423415,248.000000000,249.000000000,33,7,7,1,ESM6 P6600
2026-03-24T08:26:57.581353659Z,2026-03-24T08:26:57.580726625Z,1,1,42372969,T,A,0,76.250000000,5,0,14356,580283469,76.250000000,77.000000000,5,20,1,4,ESM6 C7000
2026-03-24T08:28:46.688442483Z,2026-03-24T08:28:46.562315811Z,1,1,2553114,T,A,0,3.950000000,1,0,13441,230621582,3.950000000,4.200000000,1,2,1,1,UD:1V: GN 2553114
2026-03-24T08:35:22.560738495Z,2026-03-24T08:35:22.485614021Z,1,1,42760606,T,A,0,259.000000000,1,0,14756,583072703,259.000000000,260.000000000,1,36,1,5,ESM6 P6625
2026-03-24T08:39:49.894558390Z,2026-03-24T08:39:49.875951283Z,1,1,42439347,T,A,0,184.000000000,1,0,14866,584558322,184.000000000,185.000000000,1,21,1,4,ESU6 P6000
2026-03-24T08:39:55.886097863Z,2026-03-24T08:39:55.790612501Z,1,1,42372979,T,A,0,16.400000000,5,0,12404,584582456,16.400000000,16.800000000,5,128,1,5,ESM6 C7300
2026-03-24T08:41:58.029991494Z,2026-03-24T08:41:58.029425961Z,1,1,42399704,T,A,0,267.500000000,1,0,13787,585252688,267.500000000,268.000000000,1,7,1,4,ESM6 P6650
2026-03-24T08:42:43.445697439Z,2026-03-24T08:42:43.367436895Z,1,1,42536178,T,B,0,245.500000000,6,0,11839,585471081,243.500000000,245.500000000,65,6,3,2,ESH7 P5800
2026-03-24T08:43:01.422837710Z,2026-03-24T08:43:01.317384709Z,1,1,42372953,T,B,0,114.500000000,1,0,12878,585597918,114.000000000,114.500000000,5,1,3,1,ESM6 C6900
2026-03-24T08:43:18.373390561Z,2026-03-24T08:43:18.292507477Z,1,1,42372969,T,A,0,76.000000000,5,0,13567,585668007,76.000000000,76.500000000,5,3,1,2,ESM6 C7000
2026-03-24T08:44:19.304615273Z,2026-03-24T08:44:19.188291837Z,1,1,42439347,T,A,0,184.500000000,8,0,11267,585962509,184.500000000,185.500000000,8,10,4,2,ESU6 P6000
2026-03-24T08:46:20.729364753Z,2026-03-24T08:46:20.647489873Z,1,1,42439347,T,A,0,184.000000000,5,0,13800,586523874,184.000000000,185.000000000,5,10,1,2,ESU6 P6000
2026-03-24T08:49:44.250291544Z,2026-03-24T08:49:44.151696489Z,1,1,42536178,T,B,0,245.000000000,4,0,11086,587715259,243.000000000,245.000000000,29,5,1,1,ESH7 P5800
2026-03-24T08:50:04.128443598Z,2026-03-24T08:50:04.063232621Z,1,1,42536178,T,B,0,245.000000000,1,0,11638,587846743,244.000000000,245.000000000,2,1,1,1,ESH7 P5800
2026-03-24T08:50:26.383761623Z,2026-03-24T08:50:26.208626121Z,1,1,42536178,T,B,0,245.500000000,13,0,11279,587979895,244.500000000,245.500000000,2,13,1,1,ESH7 P5800
2026-03-24T08:50:33.384492361Z,2026-03-24T08:50:33.309039035Z,1,1,42439347,T,A,0,184.000000000,5,0,11734,588019274,184.000000000,185.000000000,5,32,1,4,ESU6 P6000
2026-03-24T08:51:46.992828304Z,2026-03-24T08:51:46.992292277Z,1,1,42536178,T,B,0,247.000000000,5,0,13443,588822580,245.500000000,247.000000000,2,5,1,1,ESH7 P5800
2026-03-24T08:52:15.935339078Z,2026-03-24T08:52:15.779529987Z,1,1,42439347,T,A,0,185.500000000,5,0,13401,589008651,185.500000000,187.000000000,5,44,1,2,ESU6 P6000
2026-03-24T08:52:38.123629361Z,2026-03-24T08:52:38.063320103Z,1,1,42439347,T,A,0,185.000000000,5,0,11744,589139108,185.000000000,186.000000000,5,2,1,1,ESU6 P6000
2026-03-24T08:56:19.161941286Z,2026-03-24T08:56:19.097799059Z,1,1,42536178,T,B,0,246.500000000,10,0,13857,590366838,245.500000000,246.500000000,9,10,2,1,ESH7 P5800
2026-03-24T08:56:30.196397659Z,2026-03-24T08:56:30.097163863Z,1,1,42384725,T,A,0,9.200000000,1,0,13893,590442338,9.200000000,9.700000000,1,158,1,5,ESM6 C7400
2026-03-24T09:01:24.437835481Z,2026-03-24T09:01:24.136667457Z,1,1,42439347,T,A,0,185.000000000,2,0,11228,591976404,185.000000000,186.500000000,5,44,1,2,ESU6 P6000
2026-03-24T09:01:30.353426921Z,2026-03-24T09:01:30.088400321Z,1,1,42439347,T,A,0,185.000000000,3,0,14452,592007003,185.000000000,186.000000000,3,10,1,2,ESU6 P6000
2026-03-24T09:02:13.950616955Z,2026-03-24T09:02:13.946284353Z,1,1,42384718,T,A,0,275.000000000,3,0,14832,592283872,275.000000000,276.000000000,6,6,1,4,ESM6 C6600
2026-03-24T09:02:14.064053723Z,2026-03-24T09:02:13.946968801Z,1,1,42384718,T,A,0,275.000000000,1,0,11330,592285278,275.000000000,276.000000000,3,13,1,5,ESM6 C6600
2026-03-24T09:02:14.110796827Z,2026-03-24T09:02:14.110291011Z,1,1,42384718,T,A,0,275.000000000,2,0,16138,592286536,275.000000000,276.000000000,2,20,1,6,ESM6 C6600
2026-03-24T09:02:14.136565835Z,2026-03-24T09:02:14.110494479Z,1,1,42372969,T,A,0,75.000000000,5,0,16248,592286910,75.000000000,75.500000000,5,6,1,4,ESM6 C7000
2026-03-24T09:04:28.379429535Z,2026-03-24T09:04:28.307921453Z,1,1,42439347,T,A,0,184.500000000,3,0,11519,593021915,184.500000000,185.500000000,5,2,1,1,ESU6 P6000
2026-03-24T09:04:28.515607279Z,2026-03-24T09:04:28.310362605Z,1,1,42384725,T,B,0,9.400000000,2,0,11426,593024599,9.100000000,9.400000000,86,2,4,2,ESM6 C7400
2026-03-24T09:04:28.602535970Z,2026-03-24T09:04:28.379641587Z,1,1,42439347,T,A,0,184.500000000,2,0,13396,593026302,184.500000000,185.500000000,2,2,1,1,ESU6 P6000
2026-03-24T09:05:20.816979940Z,2026-03-24T09:05:20.760749803Z,1,1,42384718,T,A,0,277.500000000,1,0,13330,593270203,277.500000000,278.000000000,1,1,1,1,ESM6 C6600
2026-03-24T09:05:39.821546684Z,2026-03-24T09:05:39.821162091Z,1,1,42384718,T,A,0,277.000000000,10,0,13265,593389372,277.000000000,277.500000000,10,28,1,7,ESM6 C6600
2026-03-24T09:06:52.492132038Z,2026-03-24T09:06:52.491557067Z,1,1,2554582,T,A,0,0.900000000,1,0,13651,233673404,0.900000000,0.950000000,1,2000,1,2,UD:1V: VT 2554582
2026-03-24T09:07:06.289878479Z,2026-03-24T09:07:06.289196181Z,1,1,2554578,T,A,0,10.700000000,1,0,14375,233690176,10.700000000,11.000000000,1,23,1,1,UD:1V: GN 2554578
2026-03-24T09:09:10.429213724Z,2026-03-24T09:09:10.428658761Z,1,1,42399704,T,B,0,275.000000000,1,0,13437,594597421,274.500000000,275.000000000,5,1,3,1,ESM6 P6650
2026-03-24T09:10:04.978804080Z,2026-03-24T09:10:04.917148839Z,1,1,42439505,T,B,0,86.000000000,1,0,10938,594838405,85.250000000,86.000000000,51,1,3,1,ESU6 P5250
2026-03-24T09:12:43.736387643Z,2026-03-24T09:12:43.736001923Z,1,1,42372969,T,A,0,73.500000000,1,0,14060,595782149,73.500000000,73.750000000,1,2,1,1,ESM6 C7000
2026-03-24T09:14:01.763283862Z,2026-03-24T09:14:01.758403429Z,1,1,42372953,T,A,0,110.000000000,1,0,11300,596214725,110.000000000,110.500000000,1,6,1,3,ESM6 C6900
2026-03-24T09:14:05.931380410Z,2026-03-24T09:14:05.784179747Z,1,1,42366459,T,B,0,8.400000000,1,0,11265,596267663,8.200000000,8.400000000,91,1,2,1,ESM6 P3600
2026-03-24T09:16:04.189955924Z,2026-03-24T09:16:04.124728101Z,1,1,42384718,T,A,0,268.000000000,6,0,14874,597003293,268.000000000,269.000000000,6,24,1,6,ESM6 C6600
2026-03-24T09:16:04.454565907Z,2026-03-24T09:16:04.190033749Z,1,1,42384718,T,B,0,268.000000000,4,0,13931,597009194,267.500000000,268.000000000,2,4,1,1,ESM6 C6600
2026-03-24T09:18:35.038133156Z,2026-03-24T09:18:35.024810177Z,1,1,42439351,T,A,0,316.000000000,9,0,13088,597790574,316.000000000,317.000000000,9,13,1,3,ESU6 P6500
2026-03-24T09:20:30.591257935Z,2026-03-24T09:20:30.590898705Z,1,1,42409666,T,A,0,84.000000000,2,0,13487,598349651,84.000000000,84.250000000,2,1,1,1,ESM6 P5800
2026-03-24T09:22:16.672894786Z,2026-03-24T09:22:16.669838711Z,1,1,42372981,T,B,0,0.900000000,108,0,14283,598852969,0.850000000,0.900000000,97,200,1,1,ESM6 C8000
2026-03-24T09:26:54.663298751Z,2026-03-24T09:26:54.662585799Z,1,1,42372981,T,B,0,0.850000000,1,0,13023,600139587,0.750000000,0.850000000,137,92,3,1,ESM6 C8000
2026-03-24T09:26:54.663439385Z,2026-03-24T09:26:54.662585975Z,1,1,42372981,T,B,0,0.850000000,1,0,11196,600139589,0.750000000,0.850000000,137,91,3,1,ESM6 C8000
2026-03-24T09:27:05.102996883Z,2026-03-24T09:27:05.102422437Z,1,1,42372981,T,B,0,0.850000000,30,0,13381,600201319,0.750000000,0.850000000,137,90,3,1,ESM6 C8000
2026-03-24T09:42:20.431824668Z,2026-03-24T09:42:20.430733253Z,1,1,42384718,T,B,0,277.000000000,6,0,12887,604348568,276.500000000,277.000000000,5,6,3,1,ESM6 C6600
2026-03-24T09:43:38.658754745Z,2026-03-24T09:43:38.658214691Z,1,1,42372981,T,B,0,0.800000000,60,0,15793,604644155,0.750000000,0.800000000,133,60,2,1,ESM6 C8000
2026-03-24T09:45:44.608854277Z,2026-03-24T09:45:44.504356921Z,1,1,42384718,T,B,0,277.000000000,6,0,12554,605153497,276.500000000,277.000000000,6,6,4,1,ESM6 C6600
2026-03-24T09:57:46.339114867Z,2026-03-24T09:57:46.338719697Z,1,1,42397652,T,A,0,30.750000000,1,0,19446,608339856,30.750000000,31.000000000,1,116,1,5,ESU6 C7600
2026-03-24T09:58:23.766118783Z,2026-03-24T09:58:23.765569809Z,1,1,42439351,T,A,0,305.000000000,9,0,13674,608499463,305.000000000,306.000000000,46,9,6,1,ESU6 P6500
2026-03-24T09:58:36.083672123Z,2026-03-24T09:58:36.083301211Z,1,1,42384718,T,A,0,281.000000000,10,0,16776,608534135,281.000000000,281.500000000,10,18,1,6,ESM6 C6600
2026-03-24T10:01:37.407961423Z,2026-03-24T10:01:37.407605775Z,1,1,42372953,T,A,0,114.500000000,1,0,13741,609402298,114.500000000,115.000000000,1,42,1,6,ESM6 C6900
2026-03-24T10:02:56.495566265Z,2026-03-24T10:02:56.494511267Z,1,1,43029220,T,B,0,41.500000000,1,0,16673,609875590,41.000000000,41.500000000,73,1,6,1,ESM6 P5275
2026-03-24T10:05:28.597303745Z,2026-03-24T10:05:28.596733247Z,1,1,42394754,T,B,0,142.500000000,1,0,13547,610700342,141.000000000,142.500000000,64,78,7,7,ESM6 P6200
2026-03-24T10:07:37.790381974Z,2026-03-24T10:07:37.348288801Z,1,1,42394602,T,A,0,2.950000000,1,0,11796,611306719,2.950000000,3.100000000,1,482,1,5,ESM6 P2700
2026-03-24T10:08:22.830625102Z,2026-03-24T10:08:22.830104951Z,1,1,42394754,T,B,0,140.500000000,1,0,15609,611560974,139.000000000,140.500000000,66,31,8,4,ESM6 P6200
2026-03-24T10:11:51.906359627Z,2026-03-24T10:11:51.771700563Z,1,1,42384724,T,A,0,28.750000000,2,0,14146,612398240,28.750000000,29.250000000,2,43,2,4,ESM6 C7200
2026-03-24T10:16:21.207244180Z,2026-03-24T10:16:21.108006855Z,1,1,42366510,T,B,0,48.500000000,1,0,11574,613605846,48.000000000,48.500000000,20,1,5,1,ESM6 C7100
2026-03-24T10:19:57.497736591Z,2026-03-24T10:19:57.497362555Z,1,1,42372953,T,A,0,116.000000000,1,0,15758,614551031,116.000000000,116.500000000,1,65,1,6,ESM6 C6900
2026-03-24T10:20:37.002005438Z,2026-03-24T10:20:36.604948489Z,1,1,4247450,T,B,0,308.000000000,1,0,12866,614727379,306.500000000,308.000000000,48,1,5,1,ESZ6 C7000
2026-03-24T10:28:20.465820380Z,2026-03-24T10:28:20.254264037Z,1,1,42435330,T,A,0,60.750000000,2,0,11598,616660777,60.750000000,61.250000000,2,24,1,4,ESM6 C7050
2026-03-24T10:30:00.814261426Z,2026-03-24T10:30:00.610671173Z,1,1,42394754,T,B,0,143.000000000,2,0,12199,617237432,142.500000000,143.000000000,27,2,1,1,ESM6 P6200
2026-03-24T10:30:19.255335999Z,2026-03-24T10:30:19.246705739Z,1,1,42404367,T,A,0,124.000000000,1,0,13763,617383667,124.000000000,124.500000000,1,3,1,2,ESM6 P6100
2026-03-24T10:33:30.974021811Z,2026-03-24T10:33:30.747933191Z,1,1,42399706,T,A,0,290.500000000,1,0,11254,618316655,290.500000000,291.500000000,1,8,1,2,ESM6 P6700
2026-03-24T10:37:26.596372091Z,2026-03-24T10:37:26.381508421Z,1,1,2554795,T,A,0,57.250000000,1,0,13467,239784921,57.250000000,57.750000000,1,121,1,3,UD:1V: VT 2554795
2026-03-24T10:38:04.320850255Z,2026-03-24T10:38:04.320525051Z,1,1,42506288,T,B,0,238.500000000,1,0,13848,619631243,238.000000000,238.500000000,60,1,7,1,ESU6 P6250
2026-03-24T10:43:59.964479609Z,2026-03-24T10:43:59.793117377Z,1,1,42384718,T,B,0,280.000000000,1,0,11094,621169374,279.000000000,280.000000000,12,1,4,1,ESM6 C6600
2026-03-24T10:52:48.894536435Z,2026-03-24T10:52:48.893931379Z,1,1,42378449,T,A,0,106.000000000,1,0,14950,623447169,106.000000000,106.500000000,25,1,4,1,ESM6 P6000
2026-03-24T10:55:20.956366527Z,2026-03-24T10:55:20.955783963Z,1,1,42399706,T,A,0,289.000000000,1,0,14142,623980598,289.000000000,289.500000000,1,2,1,2,ESM6 P6700
2026-03-24T10:55:39.826985593Z,2026-03-24T10:55:39.821190621Z,1,1,42429065,T,A,0,415.000000000,1,0,14052,624042518,415.000000000,416.000000000,1,2,1,2,ESM6 P6950
2026-03-24T10:56:49.114399081Z,2026-03-24T10:56:48.973066989Z,1,1,42394761,T,B,0,152.000000000,1,0,13145,624316269,151.500000000,152.000000000,27,1,5,1,ESM6 P6250
2026-03-24T11:00:49.786510156Z,2026-03-24T11:00:49.115220805Z,1,1,42372969,T,B,0,77.000000000,5,0,11966,625376262,76.500000000,77.000000000,1,5,1,1,ESM6 C7000
2026-03-24T11:01:59.096831496Z,2026-03-24T11:01:59.096100123Z,1,1,42384724,T,A,0,28.000000000,2,0,11989,625855852,28.000000000,28.750000000,2,140,1,5,ESM6 C7200
2026-03-24T11:07:33.120159815Z,2026-03-24T11:07:33.069856253Z,1,1,42384779,T,B,0,249.000000000,1,0,13467,627639343,248.500000000,249.000000000,5,1,3,1,ESM6 P6600
2026-03-24T11:17:35.242420868Z,2026-03-24T11:17:35.241778733Z,1,1,42399706,T,B,0,291.500000000,1,0,18162,630408798,291.000000000,291.500000000,14,1,6,1,ESM6 P6700
2026-03-24T11:17:44.362477603Z,2026-03-24T11:17:44.360620933Z,1,1,42399706,T,A,0,291.000000000,1,0,17306,630439678,291.000000000,292.500000000,13,1,5,1,ESM6 P6700
2026-03-24T11:18:51.564312387Z,2026-03-24T11:18:51.514913255Z,1,1,2557019,T,A,0,54.000000000,1,0,13699,242554696,54.000000000,54.250000000,1,76,1,1,UD:1V: SG 2557019
2026-03-24T11:20:52.638229636Z,2026-03-24T11:20:52.637676099Z,1,1,42378449,T,A,0,107.500000000,1,0,14207,631460529,107.500000000,108.000000000,1,64,1,6,ESM6 P6000
2026-03-24T11:21:03.744389140Z,2026-03-24T11:21:03.743873653Z,1,1,42404370,T,A,0,190.000000000,1,0,13098,631500375,190.000000000,190.500000000,1,30,1,4,ESM6 P6400
2026-03-24T11:21:20.770784838Z,2026-03-24T11:21:20.769052261Z,1,1,42378541,T,A,0,164.000000000,1,0,14397,631558457,164.000000000,165.500000000,2,96,2,8,ESM6 P6300
2026-03-24T11:22:24.342408548Z,2026-03-24T11:22:24.341811997Z,1,1,42378373,T,A,0,75.750000000,1,0,13633,631841211,75.750000000,76.000000000,1,5,1,3,ESM6 P5750
2026-03-24T11:24:33.197377616Z,2026-03-24T11:24:33.196797051Z,1,1,42366510,T,B,0,47.750000000,1,0,18521,632355238,47.000000000,47.750000000,40,6,5,3,ESM6 C7100
2026-03-24T11:25:58.085415532Z,2026-03-24T11:25:58.084159589Z,1,1,42854015,T,A,0,302.000000000,2,0,14001,632758921,302.000000000,303.500000000,3,10,1,3,ESM6 P6725
2026-03-24T11:25:58.178690680Z,2026-03-24T11:25:58.124027169Z,1,1,42854015,T,A,0,302.000000000,1,0,14257,632760408,302.000000000,303.500000000,1,30,1,4,ESM6 P6725
2026-03-24T11:27:40.164956716Z,2026-03-24T11:27:40.164420357Z,1,1,2557229,T,A,0,6.300000000,2,0,18506,243086711,6.300000000,6.400000000,2,40,1,1,UD:1V: GN 2557229
2026-03-24T11:30:17.856533524Z,2026-03-24T11:30:17.852685115Z,1,1,42384718,T,A,0,276.000000000,1,0,13827,633986695,276.000000000,277.000000000,1,36,1,6,ESM6 C6600
2026-03-24T11:30:36.540518197Z,2026-03-24T11:30:36.527062341Z,1,1,42394754,T,B,0,143.500000000,31,0,17379,634125649,142.500000000,143.500000000,1,31,1,4,ESM6 P6200
2026-03-24T11:30:36.566217995Z,2026-03-24T11:30:36.540459429Z,1,1,42394754,T,A,0,143.500000000,96,0,12619,634126201,143.500000000,144.000000000,19,70,1,5,ESM6 P6200
2026-03-24T11:30:36.566238230Z,2026-03-24T11:30:36.540459947Z,1,1,42394754,T,A,0,143.500000000,65,0,11052,634126203,143.500000000,144.000000000,23,70,1,5,ESM6 P6200
2026-03-24T11:30:36.566342059Z,2026-03-24T11:30:36.540521615Z,1,1,42394754,T,A,0,143.500000000,8,0,12516,634126205,143.500000000,144.000000000,8,70,1,5,ESM6 P6200
2026-03-24T11:38:42.275489041Z,2026-03-24T11:38:42.265667939Z,1,1,42378217,T,B,0,4.100000000,10,0,11131,636554635,4.050000000,4.100000000,209,10,3,1,ESM6 P3000
2026-03-24T11:39:15.928607798Z,2026-03-24T11:39:15.906871643Z,1,1,2557348,T,B,0,100.000000000,1,0,12834,243927907,99.750000000,100.000000000,436,1,4,1,UD:1V: VT 2557348
2026-03-24T11:39:29.020824888Z,2026-03-24T11:39:29.020199587Z,1,1,2545537,T,B,0,-59.000000000,1,0,13975,243944522,-59.500000000,-59.000000000,16,1,2,1,UD:1V: GN 2545537
2026-03-24T11:40:22.571234600Z,2026-03-24T11:40:22.570650379Z,1,1,42378449,T,B,0,108.000000000,1,0,11986,637054542,106.500000000,108.000000000,93,81,9,6,ESM6 P6000
2026-03-24T11:47:22.844331231Z,2026-03-24T11:47:22.595167379Z,1,1,42384718,T,B,0,279.000000000,1,0,14118,639172070,278.500000000,279.000000000,1,1,1,1,ESM6 C6600
2026-03-24T11:51:25.077682631Z,2026-03-24T11:51:25.077090919Z,1,1,42409640,T,B,0,7.100000000,1,0,13415,640331818,7.000000000,7.100000000,430,1,4,1,ESM6 P3500
2026-03-24T11:52:52.253304150Z,2026-03-24T11:52:52.028914719Z,1,1,4247450,T,A,0,303.000000000,1,0,12834,641028855,303.000000000,304.500000000,1,12,1,2,ESZ6 C7000
2026-03-24T11:53:05.414056534Z,2026-03-24T11:53:05.150969273Z,1,1,2555946,T,B,0,37.500000000,1,0,11138,245011620,37.250000000,37.500000000,2,1,1,1,UD:1V: SG 2555946
2026-03-24T11:53:06.966481086Z,2026-03-24T11:53:06.307057573Z,1,1,42394740,T,B,0,38.500000000,1,0,13623,641219981,35.000000000,38.500000000,57,1,1,1,ESM6 P5200
2026-03-24T11:53:51.930509502Z,2026-03-24T11:53:51.732737449Z,1,1,2557925,T,A,0,-10.600000000,1,0,14841,245247992,-10.600000000,-8.700000000,1,7,1,2,UD:1V: 3W 2557925
2026-03-24T11:53:59.793703311Z,2026-03-24T11:53:59.582935333Z,1,1,42399706,T,B,0,302.000000000,1,0,15696,641987280,300.000000000,302.000000000,11,1,4,1,ESM6 P6700
2026-03-24T11:57:28.714843483Z,2026-03-24T11:57:28.714261221Z,1,1,2558128,T,A,0,91.000000000,1,0,14158,245692757,91.000000000,91.250000000,1,133,1,2,UD:1V: VT 2558128
2026-03-24T11:57:41.309737622Z,2026-03-24T11:57:41.161739307Z,1,1,42384724,T,B,0,27.500000000,2,0,10181,643796702,27.250000000,27.500000000,3,2,2,2,ESM6 C7200
2026-03-24T11:57:46.450315124Z,2026-03-24T11:57:46.358014621Z,1,1,42384718,T,A,0,274.000000000,1,0,12793,643841692,274.000000000,275.000000000,1,7,1,4,ESM6 C6600
2026-03-24T12:00:02.531335679Z,2026-03-24T12:00:01.868418901Z,1,1,42384718,T,B,0,278.000000000,1,0,11530,644847935,277.500000000,278.000000000,1,1,1,1,ESM6 C6600
2026-03-24T12:02:02.251599110Z,2026-03-24T12:02:02.077295761Z,1,1,42394740,T,B,0,37.250000000,2,0,14211,645562758,36.750000000,37.250000000,164,2,7,1,ESM6 P5200
2026-03-24T12:05:21.110873078Z,2026-03-24T12:05:21.110440535Z,1,1,2558267,T,B,0,6.000000000,1,0,14268,246343242,5.900000000,6.000000000,2464,1,5,1,UD:1V: VT 2558267
2026-03-24T12:08:38.611124836Z,2026-03-24T12:08:38.388823237Z,1,1,42378449,T,B,0,110.000000000,1,0,13276,647409391,109.500000000,110.000000000,37,1,6,1,ESM6 P6000
2026-03-24T12:08:44.007634683Z,2026-03-24T12:08:43.994843057Z,1,1,42378449,T,B,0,110.000000000,1,0,14058,647442681,109.500000000,110.000000000,94,1,8,1,ESM6 P6000
2026-03-24T12:22:07.647472308Z,2026-03-24T12:22:07.646923651Z,1,1,42384779,T,B,0,256.500000000,1,0,13440,651045175,256.000000000,256.500000000,17,1,5,1,ESM6 P6600
2026-03-24T12:22:31.791533051Z,2026-03-24T12:22:31.791022285Z,1,1,2696200,T,B,0,130.000000000,5,0,14536,247542532,129.500000000,130.000000000,71,5,3,1,UD:1V: VT 2696200
2026-03-24T12:22:37.500088699Z,2026-03-24T12:22:37.499487791Z,1,1,2696200,T,B,0,130.000000000,1,0,13278,247549565,129.500000000,130.000000000,113,1,5,1,UD:1V: VT 2696200
2026-03-24T12:22:38.131480745Z,2026-03-24T12:22:38.130913927Z,1,1,2696200,T,B,0,130.000000000,1,0,13784,247550292,129.500000000,130.000000000,113,1,5,1,UD:1V: VT 2696200
2026-03-24T12:22:56.455899239Z,2026-03-24T12:22:56.356515909Z,1,1,2696200,T,B,0,130.500000000,1,0,14422,247573103,129.500000000,130.500000000,150,1,6,1,UD:1V: VT 2696200
2026-03-24T12:26:22.531426622Z,2026-03-24T12:26:22.354652685Z,1,1,42378449,T,A,0,108.000000000,1,0,12749,652322848,108.000000000,109.000000000,1,86,1,6,ESM6 P6000
2026-03-24T12:26:58.948420791Z,2026-03-24T12:26:58.942497089Z,1,1,42399706,T,A,0,292.000000000,1,0,11156,652487728,292.000000000,293.000000000,1,33,1,7,ESM6 P6700
2026-03-24T12:27:08.025408099Z,2026-03-24T12:27:08.021566323Z,1,1,42854015,T,B,0,302.000000000,3,0,13843,652536982,301.500000000,302.000000000,5,3,3,1,ESM6 P6725
2026-03-24T12:28:00.745063422Z,2026-03-24T12:28:00.744457073Z,1,1,2696200,T,B,0,128.500000000,1,0,13304,247970155,128.000000000,128.500000000,109,1,5,1,UD:1V: VT 2696200
2026-03-24T12:28:06.093365519Z,2026-03-24T12:28:06.088174723Z,1,1,42404367,T,B,0,124.000000000,1,0,13567,652749684,123.500000000,124.000000000,103,1,10,1,ESM6 P6100
2026-03-24T12:28:11.808466470Z,2026-03-24T12:28:11.807905893Z,1,1,42394753,T,A,0,100.500000000,50,0,12870,652762333,100.500000000,101.000000000,50,82,1,7,ESM6 P5950
2026-03-24T12:28:15.202853751Z,2026-03-24T12:28:15.184108625Z,1,1,42404367,T,A,0,124.000000000,1,0,15389,652778480,124.000000000,124.500000000,5,1,3,1,ESM6 P6100
2026-03-24T12:28:51.253724084Z,2026-03-24T12:28:51.218900507Z,1,1,42760625,T,B,0,228.000000000,1,0,14941,652887258,227.500000000,228.000000000,7,1,4,1,ESM6 P6525
2026-03-24T12:29:00.335857035Z,2026-03-24T12:29:00.287514569Z,1,1,42404367,T,B,0,124.500000000,1,0,14872,652910807,124.000000000,124.500000000,21,1,5,1,ESM6 P6100
2026-03-24T12:30:13.374813908Z,2026-03-24T12:30:13.349843477Z,1,1,42372969,T,B,0,75.000000000,53,0,16749,653254677,73.750000000,75.000000000,1,53,1,5,ESM6 C7000
2026-03-24T12:30:13.416089082Z,2026-03-24T12:30:13.374725605Z,1,1,42372969,T,A,0,75.000000000,6,0,10563,653255437,75.000000000,75.250000000,387,2,1,1,ESM6 C7000
2026-03-24T12:30:13.416151537Z,2026-03-24T12:30:13.374759185Z,1,1,42372969,T,A,0,75.000000000,7,0,12797,653255439,75.000000000,75.250000000,381,2,1,1,ESM6 C7000
2026-03-24T12:30:13.416188609Z,2026-03-24T12:30:13.374760607Z,1,1,42372969,T,A,0,75.000000000,133,0,11418,653255441,75.000000000,75.250000000,374,2,1,1,ESM6 C7000
2026-03-24T12:30:13.416203092Z,2026-03-24T12:30:13.374761853Z,1,1,42372969,T,A,0,75.000000000,86,0,11498,653255443,75.000000000,75.250000000,241,2,1,1,ESM6 C7000
2026-03-24T12:30:13.416283817Z,2026-03-24T12:30:13.374817321Z,1,1,42372969,T,A,0,75.000000000,155,0,12677,653255445,75.000000000,75.250000000,155,2,1,1,ESM6 C7000
2026-03-24T12:31:33.830347065Z,2026-03-24T12:31:33.710039537Z,1,1,2555941,T,B,0,37.000000000,1,0,13566,248234631,36.250000000,37.000000000,10,1,3,1,UD:1V: SG 2555941
2026-03-24T12:31:38.257654289Z,2026-03-24T12:31:38.152496369Z,1,1,42394740,T,B,0,38.500000000,2,0,15053,653751548,38.000000000,38.500000000,125,2,5,1,ESM6 P5200
2026-03-24T12:31:38.445699699Z,2026-03-24T12:31:38.190364135Z,1,1,42394804,T,B,0,240.000000000,1,0,15258,653755366,239.000000000,240.000000000,32,1,6,1,ESM6 P6550
2026-03-24T12:33:05.211433081Z,2026-03-24T12:33:05.210617001Z,1,1,42384779,T,A,0,260.000000000,1,0,13805,654245029,260.000000000,260.500000000,1,84,1,8,ESM6 P6600
2026-03-24T12:36:41.510593822Z,2026-03-24T12:36:41.510047561Z,1,1,42384718,T,B,0,269.000000000,10,0,13353,655635641,268.500000000,269.000000000,32,10,8,1,ESM6 C6600
2026-03-24T12:36:54.940985044Z,2026-03-24T12:36:54.913086275Z,1,1,42439351,T,B,0,318.500000000,8,0,16095,655695350,316.500000000,318.500000000,57,8,5,3,ESU6 P6500
2026-03-24T12:37:22.443222055Z,2026-03-24T12:37:22.092389819Z,1,1,42372969,T,A,0,72.500000000,5,0,11071,655901911,72.500000000,73.250000000,5,45,1,3,ESM6 C7000
2026-03-24T12:37:27.246329130Z,2026-03-24T12:37:27.245732609Z,1,1,42611781,T,B,0,4.500000000,2,0,15061,655962376,4.350000000,4.500000000,199,2,3,1,ESM6 C7550
2026-03-24T12:37:52.000832827Z,2026-03-24T12:37:51.886820973Z,1,1,42399706,T,B,0,304.000000000,1,0,16098,656133088,303.000000000,304.000000000,15,1,5,1,ESM6 P6700
2026-03-24T12:38:45.394032769Z,2026-03-24T12:38:45.377357513Z,1,1,42384779,T,B,0,265.500000000,1,0,11203,656597548,264.000000000,265.500000000,35,32,7,7,ESM6 P6600
2026-03-24T12:39:04.051628158Z,2026-03-24T12:39:04.051114767Z,1,1,42384779,T,A,0,265.000000000,1,0,14250,656739352,265.000000000,265.500000000,1,35,1,3,ESM6 P6600
2026-03-24T12:39:59.128337606Z,2026-03-24T12:39:59.127665589Z,1,1,2554397,T,A,0,-0.500000000,25,0,14240,249165485,-0.500000000,-0.200000000,25,127,1,4,UD:1V: 12 2554397
2026-03-24T12:40:14.931445728Z,2026-03-24T12:40:14.930910389Z,1,1,42372979,T,B,0,15.500000000,1,0,15279,657230414,15.100000000,15.500000000,200,2,7,1,ESM6 C7300
2026-03-24T12:40:24.143798251Z,2026-03-24T12:40:24.143317211Z,1,1,2557925,T,B,0,-9.600000000,1,0,14381,249210148,-11.300000000,-9.600000000,5,1,1,1,UD:1V: 3W 2557925
2026-03-24T12:41:27.420468617Z,2026-03-24T12:41:27.352234135Z,1,1,42378449,T,B,0,113.000000000,1,0,13486,657766575,112.500000000,113.000000000,37,1,4,1,ESM6 P6000
2026-03-24T12:42:23.532404212Z,2026-03-24T12:42:23.498212753Z,1,1,4247450,T,A,0,298.000000000,1,0,11389,658090569,298.000000000,299.000000000,1,31,1,3,ESZ6 C7000
2026-03-24T12:43:01.874090864Z,2026-03-24T12:43:01.867441219Z,1,1,42399706,T,B,0,304.500000000,1,0,13657,658307207,304.000000000,304.500000000,7,1,4,1,ESM6 P6700
2026-03-24T12:47:06.398705593Z,2026-03-24T12:47:06.333466387Z,1,1,42372969,T,B,0,72.250000000,1,0,11443,659901082,71.500000000,72.250000000,6,1,4,1,ESM6 C7000
2026-03-24T12:48:31.474746132Z,2026-03-24T12:48:30.890922909Z,1,1,42372969,T,A,0,71.250000000,3,0,11621,660414880,71.250000000,71.750000000,10,1,1,1,ESM6 C7000
2026-03-24T12:48:31.488040881Z,2026-03-24T12:48:30.926096081Z,1,1,42372969,T,A,0,71.250000000,7,0,12994,660415207,71.250000000,71.750000000,7,1,1,1,ESM6 C7000
2026-03-24T12:48:43.922511444Z,2026-03-24T12:48:43.692695097Z,1,1,42426302,T,B,0,88.500000000,2,0,14097,660519777,87.500000000,88.500000000,70,2,5,1,ESM6 C6950
2026-03-24T12:48:47.355722155Z,2026-03-24T12:48:47.224566675Z,1,1,42426302,T,B,0,88.500000000,4,0,14988,660554559,87.750000000,88.500000000,2,4,2,2,ESM6 C6950
2026-03-24T12:48:54.776664719Z,2026-03-24T12:48:54.776104315Z,1,1,2559939,T,B,0,25.000000000,1,0,13298,250096967,24.500000000,25.000000000,599,673,4,5,UD:1V: VT 2559939
2026-03-24T12:49:08.215699593Z,2026-03-24T12:49:08.215082785Z,1,1,2559939,T,B,0,24.750000000,2,0,15245,250124339,24.500000000,24.750000000,899,2,10,1,UD:1V: VT 2559939
2026-03-24T12:49:57.747861932Z,2026-03-24T12:49:57.622058311Z,1,1,2927819,T,A,0,11.400000000,2,0,14122,250219062,11.400000000,11.600000000,2,939,1,7,UD:1V: VT 2927819
2026-03-24T12:50:06.425714203Z,2026-03-24T12:50:06.425203059Z,1,1,42378541,T,B,0,175.000000000,1,0,13644,661102135,174.500000000,175.000000000,87,1,8,1,ESM6 P6300
2026-03-24T12:50:44.234797529Z,2026-03-24T12:50:44.230492349Z,1,1,42372969,T,A,0,71.500000000,1,0,14056,661376241,71.500000000,72.000000000,1,14,1,5,ESM6 C7000
2026-03-24T12:51:14.003773111Z,2026-03-24T12:51:13.776622575Z,1,1,42426302,T,B,0,88.750000000,2,0,16868,661560312,88.000000000,88.750000000,6,2,4,1,ESM6 C6950
2026-03-24T12:52:37.724088502Z,2026-03-24T12:52:37.144255045Z,1,1,2927819,T,A,0,11.300000000,2,0,14262,250523346,11.300000000,11.600000000,60,1092,1,8,UD:1V: VT 2927819
2026-03-24T12:56:57.583914023Z,2026-03-24T12:56:57.354644397Z,1,1,42439347,T,B,0,192.000000000,31,0,11478,664075553,191.000000000,192.000000000,99,50,5,1,ESU6 P6000
2026-03-24T12:56:57.585564023Z,2026-03-24T12:56:57.354925487Z,1,1,42439347,T,B,0,192.000000000,3,0,12527,664075618,191.000000000,192.000000000,99,19,5,1,ESU6 P6000
2026-03-24T12:56:57.621777764Z,2026-03-24T12:56:57.355166721Z,1,1,42439347,T,B,0,192.000000000,8,0,11194,664076288,191.000000000,192.000000000,99,16,5,1,ESU6 P6000
2026-03-24T12:56:57.707745950Z,2026-03-24T12:56:57.356269567Z,1,1,42439347,T,B,0,192.000000000,3,0,11500,664077819,191.000000000,192.000000000,72,8,2,1,ESU6 P6000
2026-03-24T12:56:57.709280527Z,2026-03-24T12:56:57.356911855Z,1,1,42439347,T,B,0,192.000000000,3,0,11391,664077884,191.000000000,192.000000000,72,5,2,1,ESU6 P6000
2026-03-24T12:56:57.879371638Z,2026-03-24T12:56:57.584050641Z,1,1,42439347,T,B,0,192.000000000,2,0,14091,664082364,191.000000000,192.000000000,78,2,3,1,ESU6 P6000
2026-03-24T12:59:11.894915569Z,2026-03-24T12:59:11.893769271Z,1,1,2560488,T,B,0,81.250000000,12,0,16778,251267340,81.000000000,81.250000000,109,12,2,1,UD:1V: VT 2560488
2026-03-24T12:59:20.986138026Z,2026-03-24T12:59:20.935323065Z,1,1,42426302,T,B,0,88.500000000,5,0,11126,664946836,87.500000000,88.500000000,97,5,8,3,ESM6 C6950
2026-03-24T12:59:25.237570915Z,2026-03-24T12:59:25.228178663Z,1,1,2560493,T,B,0,69.750000000,100,0,24027,251294293,69.000000000,69.750000000,121,143,4,4,UD:1V: VT 2560493
2026-03-24T13:00:02.027188073Z,2026-03-24T13:00:01.962464495Z,1,1,42372969,T,A,0,71.250000000,1,0,12159,665229974,71.250000000,71.750000000,1,26,1,2,ESM6 C7000
2026-03-24T13:02:40.308489340Z,2026-03-24T13:02:40.306761059Z,1,1,42378592,T,A,0,230.000000000,2,0,13771,666286954,230.000000000,231.000000000,2,134,1,9,ESM6 P6500
2026-03-24T13:02:45.737439556Z,2026-03-24T13:02:45.677843419Z,1,1,311354,T,A,0,145.500000000,1,0,14485,666356224,145.500000000,146.000000000,1,34,1,1,ESZ6 P5400
2026-03-24T13:03:51.626007247Z,2026-03-24T13:03:51.625451799Z,1,1,2696200,T,B,0,133.500000000,1,0,14111,251760384,133.000000000,133.500000000,133,1,5,1,UD:1V: VT 2696200
2026-03-24T13:04:19.621167707Z,2026-03-24T13:04:19.592190599Z,1,1,42404367,T,B,0,130.500000000,1,0,11264,666925847,130.000000000,130.500000000,40,1,6,1,ESM6 P6100
2026-03-24T13:04:37.390008379Z,2026-03-24T13:04:37.389498703Z,1,1,42384779,T,A,0,265.500000000,1,0,13187,667067830,265.500000000,266.000000000,1,111,1,9,ESM6 P6600
2026-03-24T13:04:43.135556255Z,2026-03-24T13:04:43.128794707Z,1,1,42384779,T,A,0,265.500000000,1,0,14973,667102187,265.500000000,266.500000000,1,146,1,11,ESM6 P6600
2026-03-24T13:05:23.305648743Z,2026-03-24T13:05:23.280606417Z,1,1,2696200,T,A,0,134.000000000,1,0,14687,251886536,134.000000000,134.500000000,1,143,1,4,UD:1V: VT 2696200
2026-03-24T13:06:13.455486788Z,2026-03-24T13:06:13.409950635Z,1,1,42378449,T,A,0,113.500000000,30,0,13559,667597866,113.500000000,114.000000000,75,2,1,2,ESM6 P6000
2026-03-24T13:06:13.477013494Z,2026-03-24T13:06:13.419621663Z,1,1,42378449,T,A,0,113.500000000,22,0,11257,667598349,113.500000000,114.000000000,45,2,1,2,ESM6 P6000
2026-03-24T13:06:13.489674542Z,2026-03-24T13:06:13.419812369Z,1,1,42378449,T,A,0,113.500000000,7,0,11757,667598603,113.500000000,114.000000000,23,2,1,2,ESM6 P6000
2026-03-24T13:06:13.524981867Z,2026-03-24T13:06:13.430681991Z,1,1,42378449,T,A,0,113.500000000,7,0,13373,667599371,113.500000000,114.000000000,16,2,1,2,ESM6 P6000
2026-03-24T13:06:13.527615184Z,2026-03-24T13:06:13.430708007Z,1,1,42378449,T,A,0,113.500000000,6,0,12507,667599407,113.500000000,114.000000000,9,2,1,2,ESM6 P6000
2026-03-24T13:06:13.648837806Z,2026-03-24T13:06:13.635951645Z,1,1,42378449,T,A,0,113.500000000,2,0,12490,667602282,113.500000000,114.000000000,3,2,1,2,ESM6 P6000
2026-03-24T13:06:13.656067092Z,2026-03-24T13:06:13.636068889Z,1,1,42378449,T,A,0,113.500000000,1,0,13439,667602410,113.500000000,114.000000000,1,2,1,2,ESM6 P6000
2026-03-24T13:06:13.682545586Z,2026-03-24T13:06:13.640649951Z,1,1,42378449,T,A,0,113.500000000,8,0,14085,667602946,113.500000000,114.000000000,75,2,1,2,ESM6 P6000
2026-03-24T13:06:15.970208097Z,2026-03-24T13:06:15.955374321Z,1,1,42378449,T,A,0,113.500000000,25,0,13944,667614956,113.500000000,114.000000000,67,5,1,4,ESM6 P6000
2026-03-24T13:06:17.663128894Z,2026-03-24T13:06:17.612306413Z,1,1,42378449,T,A,0,113.500000000,42,0,13110,667622795,113.500000000,114.000000000,42,52,1,6,ESM6 P6000
2026-03-24T13:06:17.681981431Z,2026-03-24T13:06:17.612409309Z,1,1,42378449,T,A,0,113.500000000,100,0,13279,667623049,113.500000000,114.000000000,75,52,1,6,ESM6 P6000
2026-03-24T13:06:18.566746923Z,2026-03-24T13:06:18.239977667Z,1,1,42378449,T,A,0,113.500000000,43,0,14962,667635035,113.500000000,114.000000000,50,161,1,8,ESM6 P6000
2026-03-24T13:06:18.652378911Z,2026-03-24T13:06:18.450371665Z,1,1,42378449,T,A,0,113.500000000,7,0,13838,667636548,113.500000000,114.000000000,7,136,1,7,ESM6 P6000
2026-03-24T13:06:19.304166689Z,2026-03-24T13:06:19.299875959Z,1,1,42378449,T,A,0,113.500000000,25,0,13520,667642149,113.500000000,114.000000000,75,182,1,9,ESM6 P6000
2026-03-24T13:06:19.305646503Z,2026-03-24T13:06:19.300018377Z,1,1,42378449,T,A,0,113.500000000,7,0,13326,667642181,113.500000000,114.000000000,50,182,1,9,ESM6 P6000
2026-03-24T13:06:19.308044535Z,2026-03-24T13:06:19.300254913Z,1,1,42378449,T,A,0,113.500000000,7,0,13426,667642221,113.500000000,114.000000000,43,182,1,9,ESM6 P6000
2026-03-24T13:06:19.969056294Z,2026-03-24T13:06:19.968525325Z,1,1,42378449,T,A,0,113.500000000,20,0,14292,667644808,113.500000000,114.000000000,36,183,1,10,ESM6 P6000
2026-03-24T13:06:19.969632627Z,2026-03-24T13:06:19.968927779Z,1,1,42378449,T,A,0,113.500000000,5,0,11465,667644819,113.500000000,114.000000000,16,183,1,10,ESM6 P6000
2026-03-24T13:06:19.970288025Z,2026-03-24T13:06:19.969015885Z,1,1,42378449,T,A,0,113.500000000,5,0,11596,667644828,113.500000000,114.000000000,11,183,1,10,ESM6 P6000
2026-03-24T13:06:19.971787409Z,2026-03-24T13:06:19.969078129Z,1,1,42378449,T,A,0,113.500000000,6,0,11464,667644865,113.500000000,114.000000000,6,183,1,10,ESM6 P6000
2026-03-24T13:06:20.778966830Z,2026-03-24T13:06:20.778381465Z,1,1,42378449,T,A,0,113.500000000,40,0,12706,667647523,113.500000000,114.000000000,75,183,1,10,ESM6 P6000
2026-03-24T13:06:20.785847406Z,2026-03-24T13:06:20.778699853Z,1,1,42378449,T,A,0,113.500000000,16,0,13792,667647646,113.500000000,114.000000000,35,183,1,10,ESM6 P6000
2026-03-24T13:06:20.787598047Z,2026-03-24T13:06:20.778736839Z,1,1,42378449,T,A,0,113.500000000,8,0,15060,667647668,113.500000000,114.000000000,19,183,1,10,ESM6 P6000
2026-03-24T13:06:20.795406319Z,2026-03-24T13:06:20.778802847Z,1,1,42378449,T,A,0,113.500000000,5,0,13662,667647792,113.500000000,114.000000000,11,183,1,10,ESM6 P6000
2026-03-24T13:06:20.831605287Z,2026-03-24T13:06:20.780489563Z,1,1,42378449,T,A,0,113.500000000,6,0,14222,667648476,113.500000000,114.000000000,6,193,1,11,ESM6 P6000
2026-03-24T13:06:21.166769945Z,2026-03-24T13:06:21.166160289Z,1,1,42378449,T,A,0,113.500000000,41,0,13260,667650484,113.500000000,114.000000000,75,183,1,10,ESM6 P6000
2026-03-24T13:06:21.774787471Z,2026-03-24T13:06:21.768245833Z,1,1,42378449,T,A,0,113.500000000,11,0,13777,667652240,113.500000000,114.000000000,34,183,1,10,ESM6 P6000
2026-03-24T13:06:22.714842788Z,2026-03-24T13:06:22.692119189Z,1,1,42378449,T,A,0,113.500000000,100,0,11247,667656782,113.500000000,114.000000000,23,194,1,11,ESM6 P6000
2026-03-24T13:06:23.690015479Z,2026-03-24T13:06:23.689509421Z,1,1,42378449,T,A,0,113.500000000,14,0,13304,667662174,113.500000000,114.000000000,73,194,1,11,ESM6 P6000
2026-03-24T13:06:24.298739675Z,2026-03-24T13:06:24.298009613Z,1,1,42378449,T,A,0,113.500000000,22,0,12433,667665767,113.500000000,114.000000000,59,194,1,11,ESM6 P6000
2026-03-24T13:06:24.301874508Z,2026-03-24T13:06:24.298123821Z,1,1,42378449,T,A,0,113.500000000,5,0,13496,667665832,113.500000000,114.000000000,37,194,1,11,ESM6 P6000
2026-03-24T13:06:24.428493588Z,2026-03-24T13:06:24.427282363Z,1,1,42378449,T,A,0,113.500000000,15,0,16292,667666579,113.500000000,114.000000000,32,194,1,11,ESM6 P6000
2026-03-24T13:06:24.428730907Z,2026-03-24T13:06:24.427288373Z,1,1,42378449,T,A,0,113.500000000,6,0,11146,667666581,113.500000000,114.000000000,17,194,1,11,ESM6 P6000
2026-03-24T13:06:24.454896951Z,2026-03-24T13:06:24.431539673Z,1,1,42378449,T,A,0,113.500000000,7,0,13413,667667156,113.500000000,114.000000000,11,194,1,11,ESM6 P6000
2026-03-24T13:06:24.536376923Z,2026-03-24T13:06:24.503705907Z,1,1,42378449,T,A,0,113.500000000,3,0,13952,667668926,113.500000000,114.000000000,4,227,1,12,ESM6 P6000
2026-03-24T13:06:24.545662921Z,2026-03-24T13:06:24.541163129Z,1,1,42378449,T,A,0,113.500000000,1,0,13461,667669263,113.500000000,114.000000000,1,227,1,12,ESM6 P6000
2026-03-24T13:06:24.576193359Z,2026-03-24T13:06:24.553907099Z,1,1,42378449,T,A,0,113.500000000,47,0,13269,667669890,113.500000000,114.000000000,75,227,1,12,ESM6 P6000
2026-03-24T13:06:24.576785015Z,2026-03-24T13:06:24.553915719Z,1,1,42378449,T,A,0,113.500000000,43,0,12740,667669892,113.500000000,114.000000000,28,227,1,12,ESM6 P6000
2026-03-24T13:06:24.577053359Z,2026-03-24T13:06:24.553917947Z,1,1,42378449,T,A,0,113.500000000,5,0,12959,667669894,113.500000000,114.000000000,60,227,1,12,ESM6 P6000
2026-03-24T13:06:24.580866358Z,2026-03-24T13:06:24.553955801Z,1,1,42378449,T,A,0,113.500000000,4,0,12940,667669941,113.500000000,114.000000000,55,227,1,12,ESM6 P6000
2026-03-24T13:06:25.327286423Z,2026-03-24T13:06:25.326745911Z,1,1,42378449,T,A,0,113.500000000,51,0,14371,667676014,113.500000000,114.000000000,51,229,1,12,ESM6 P6000
2026-03-24T13:06:25.896611159Z,2026-03-24T13:06:25.896103501Z,1,1,42378449,T,A,0,113.500000000,42,0,13749,667677442,113.500000000,114.000000000,75,243,1,12,ESM6 P6000
2026-03-24T13:06:30.997642979Z,2026-03-24T13:06:30.997067429Z,1,1,42394754,T,B,0,150.500000000,4,0,13365,667697916,150.000000000,150.500000000,54,10,6,1,ESM6 P6200
2026-03-24T13:06:30.997838135Z,2026-03-24T13:06:30.997067607Z,1,1,42394754,T,B,0,150.500000000,6,0,13902,667697918,150.000000000,150.500000000,54,6,6,1,ESM6 P6200
2026-03-24T13:06:33.706047215Z,2026-03-24T13:06:33.705515947Z,1,1,42378449,T,A,0,113.500000000,12,0,13628,667709262,113.500000000,114.000000000,33,88,1,7,ESM6 P6000
2026-03-24T13:06:35.928921328Z,2026-03-24T13:06:35.905792251Z,1,1,42378449,T,A,0,113.500000000,7,0,12865,667715928,113.500000000,114.000000000,21,216,1,13,ESM6 P6000
2026-03-24T13:06:35.930946151Z,2026-03-24T13:06:35.905909165Z,1,1,42378449,T,A,0,113.500000000,14,0,11280,667715980,113.500000000,114.000000000,14,216,1,13,ESM6 P6000
2026-03-24T13:06:35.930967167Z,2026-03-24T13:06:35.905912219Z,1,1,42378449,T,A,0,113.500000000,15,0,11903,667715982,113.500000000,114.000000000,75,216,1,13,ESM6 P6000
2026-03-24T13:06:36.045693009Z,2026-03-24T13:06:35.912507221Z,1,1,42378449,T,A,0,113.500000000,2,0,12580,667718453,113.500000000,114.000000000,60,257,1,14,ESM6 P6000
2026-03-24T13:06:36.550838508Z,2026-03-24T13:06:36.544621001Z,1,1,42378449,T,A,0,113.500000000,24,0,14179,667722947,113.500000000,114.000000000,58,205,1,12,ESM6 P6000
2026-03-24T13:06:36.557354611Z,2026-03-24T13:06:36.550916207Z,1,1,42378449,T,A,0,113.500000000,83,0,11568,667723114,113.500000000,114.000000000,34,205,1,12,ESM6 P6000
2026-03-24T13:06:36.623497099Z,2026-03-24T13:06:36.618215979Z,1,1,42378449,T,A,0,113.500000000,14,0,14435,667723613,113.500000000,114.000000000,26,205,1,12,ESM6 P6000
2026-03-24T13:06:36.624203468Z,2026-03-24T13:06:36.618223793Z,1,1,42378449,T,A,0,113.500000000,4,0,11205,667723627,113.500000000,114.000000000,12,205,1,12,ESM6 P6000
2026-03-24T13:06:36.628070857Z,2026-03-24T13:06:36.618300879Z,1,1,42378449,T,A,0,113.500000000,3,0,11571,667723696,113.500000000,114.000000000,8,205,1,12,ESM6 P6000
2026-03-24T13:06:36.631282292Z,2026-03-24T13:06:36.618534417Z,1,1,42378449,T,A,0,113.500000000,4,0,11138,667723767,113.500000000,114.000000000,5,205,1,12,ESM6 P6000
2026-03-24T13:06:36.633649203Z,2026-03-24T13:06:36.618629627Z,1,1,42378449,T,A,0,113.500000000,1,0,14201,667723806,113.500000000,114.000000000,1,205,1,12,ESM6 P6000
2026-03-24T13:06:36.713771230Z,2026-03-24T13:06:36.638873515Z,1,1,42378449,T,A,0,113.500000000,45,0,14016,667725428,113.500000000,114.000000000,75,204,1,13,ESM6 P6000
2026-03-24T13:06:36.721124753Z,2026-03-24T13:06:36.639023941Z,1,1,42378449,T,A,0,113.500000000,5,0,11414,667725551,113.500000000,114.000000000,30,204,1,13,ESM6 P6000
2026-03-24T13:06:37.527584340Z,2026-03-24T13:06:37.483940435Z,1,1,42378449,T,A,0,113.500000000,15,0,14240,667732843,113.500000000,114.000000000,25,166,1,11,ESM6 P6000
2026-03-24T13:07:01.170336423Z,2026-03-24T13:07:00.269602917Z,1,1,42378449,T,B,0,114.500000000,1,0,13536,667942016,113.500000000,114.500000000,132,1,5,1,ESM6 P6000
2026-03-24T13:07:06.963158473Z,2026-03-24T13:07:06.939672329Z,1,1,42378449,T,B,0,115.000000000,10,0,12139,668037193,114.000000000,115.000000000,164,12,8,2,ESM6 P6000
2026-03-24T13:07:06.963197127Z,2026-03-24T13:07:06.939672859Z,1,1,42366512,T,B,0,75.750000000,1,0,11300,668037197,75.000000000,75.750000000,166,1,7,1,ESM6 P5700
2026-03-24T13:07:10.490155779Z,2026-03-24T13:07:10.017771737Z,1,1,42394740,T,B,0,40.250000000,2,0,11529,668095151,39.500000000,40.250000000,373,2,8,1,ESM6 P5200
2026-03-24T13:07:10.497656097Z,2026-03-24T13:07:10.017775353Z,1,1,42399612,T,B,0,38.000000000,2,0,14021,668095338,37.250000000,38.000000000,331,2,6,1,ESM6 P5150
2026-03-24T13:07:10.497656097Z,2026-03-24T13:07:10.017774865Z,1,1,42378288,T,B,0,42.750000000,2,0,14021,668095338,42.000000000,42.750000000,383,2,8,1,ESM6 P5250
2026-03-24T13:07:29.987666119Z,2026-03-24T13:07:29.597610679Z,1,1,42378449,T,B,0,115.500000000,105,0,17070,668365077,114.500000000,115.500000000,32,105,2,6,ESM6 P6000
2026-03-24T13:07:30.179145700Z,2026-03-24T13:07:29.724231175Z,1,1,42378449,T,A,0,115.500000000,30,0,16145,668368952,115.500000000,116.000000000,55,120,1,3,ESM6 P6000
2026-03-24T13:07:30.407596385Z,2026-03-24T13:07:29.763226499Z,1,1,42378449,T,A,0,115.500000000,2,0,16463,668372707,115.500000000,116.000000000,25,90,1,2,ESM6 P6000
2026-03-24T13:07:30.414917942Z,2026-03-24T13:07:29.767944645Z,1,1,42378449,T,A,0,115.500000000,2,0,12652,668372884,115.500000000,116.000000000,23,88,1,1,ESM6 P6000
2026-03-24T13:07:30.488763644Z,2026-03-24T13:07:29.987572507Z,1,1,42378449,T,A,0,115.500000000,36,0,14694,668374454,115.500000000,116.000000000,21,90,1,2,ESM6 P6000
2026-03-24T13:07:30.489058911Z,2026-03-24T13:07:29.987669595Z,1,1,42378449,T,A,0,115.500000000,150,0,11339,668374456,115.500000000,116.000000000,60,90,1,2,ESM6 P6000
2026-03-24T13:07:30.489332267Z,2026-03-24T13:07:29.987669777Z,1,1,42378449,T,A,0,115.500000000,83,0,11439,668374458,115.500000000,116.000000000,60,90,1,2,ESM6 P6000
2026-03-24T13:07:30.489608886Z,2026-03-24T13:07:29.987669951Z,1,1,42378449,T,A,0,115.500000000,91,0,11749,668374460,115.500000000,116.000000000,52,90,1,2,ESM6 P6000
2026-03-24T13:07:30.489648340Z,2026-03-24T13:07:29.987670131Z,1,1,42378449,T,A,0,115.500000000,19,0,12049,668374461,115.500000000,116.000000000,36,90,1,2,ESM6 P6000
2026-03-24T13:07:30.489722390Z,2026-03-24T13:07:29.987677353Z,1,1,42378449,T,A,0,115.500000000,4,0,11340,668374462,115.500000000,116.000000000,17,90,1,2,ESM6 P6000
2026-03-24T13:07:30.493545103Z,2026-03-24T13:07:29.989296671Z,1,1,42378449,T,A,0,115.500000000,25,0,12542,668374521,115.500000000,116.000000000,13,88,1,1,ESM6 P6000
2026-03-24T13:07:30.497048402Z,2026-03-24T13:07:29.996579621Z,1,1,42378449,T,A,0,115.500000000,4,0,13210,668374581,115.500000000,116.000000000,63,88,1,1,ESM6 P6000
2026-03-24T13:07:30.502422124Z,2026-03-24T13:07:30.010816155Z,1,1,42378449,T,A,0,115.500000000,6,0,13741,668374678,115.500000000,116.000000000,59,101,1,2,ESM6 P6000
2026-03-24T13:07:30.520977035Z,2026-03-24T13:07:30.073086563Z,1,1,42378449,T,A,0,115.500000000,3,0,14468,668375166,115.500000000,116.000000000,53,92,1,1,ESM6 P6000
2026-03-24T13:07:30.522171404Z,2026-03-24T13:07:30.079122945Z,1,1,42378449,T,A,0,115.500000000,8,0,11506,668375204,115.500000000,116.000000000,50,92,1,1,ESM6 P6000
2026-03-24T13:07:30.690246061Z,2026-03-24T13:07:30.229631487Z,1,1,42378449,T,A,0,115.500000000,11,0,14031,668377848,115.500000000,116.000000000,42,95,1,2,ESM6 P6000
2026-03-24T13:07:30.782761945Z,2026-03-24T13:07:30.271134021Z,1,1,42378449,T,A,0,115.500000000,25,0,10370,668379647,115.500000000,116.000000000,31,92,1,1,ESM6 P6000
2026-03-24T13:07:30.848744027Z,2026-03-24T13:07:30.274119457Z,1,1,42378449,T,A,0,115.500000000,12,0,16449,668380723,115.500000000,116.000000000,6,92,1,1,ESM6 P6000
2026-03-24T13:07:31.301691971Z,2026-03-24T13:07:30.357893969Z,1,1,42378449,T,A,0,115.500000000,373,0,11526,668388957,115.500000000,117.000000000,69,46,1,1,ESM6 P6000
2026-03-24T13:08:31.348115865Z,2026-03-24T13:08:31.098744771Z,1,1,244701,T,B,0,30.000000000,1,0,13984,669086923,29.500000000,30.000000000,234,1,3,1,ESZ6 P3500
2026-03-24T13:08:32.502877916Z,2026-03-24T13:08:31.932323783Z,1,1,42472815,T,B,0,143.000000000,1,0,12758,669105565,141.500000000,143.000000000,33,1,2,1,ESU6 P5700
2026-03-24T13:08:51.993258167Z,2026-03-24T13:08:51.968382401Z,1,1,42384779,T,A,0,272.000000000,1,0,10248,669373582,272.000000000,273.000000000,1,93,1,7,ESM6 P6600
2026-03-24T13:08:56.979172627Z,2026-03-24T13:08:56.958207069Z,1,1,42384779,T,A,0,271.500000000,1,0,14081,669419130,271.500000000,272.000000000,1,34,1,6,ESM6 P6600
2026-03-24T13:08:59.136650450Z,2026-03-24T13:08:59.084822169Z,1,1,42394754,T,B,0,155.500000000,1,0,14636,669461773,155.000000000,155.500000000,5,5,2,1,ESM6 P6200
2026-03-24T13:08:59.136875693Z,2026-03-24T13:08:59.085086253Z,1,1,42394754,T,B,0,155.500000000,4,0,13477,669461775,155.000000000,155.500000000,5,4,2,1,ESM6 P6200
2026-03-24T13:09:08.264326310Z,2026-03-24T13:09:08.263009011Z,1,1,315095,T,B,0,44.500000000,1,0,13977,669597258,44.000000000,44.500000000,273,1,4,1,ESZ6 P4000
2026-03-24T13:09:11.223151068Z,2026-03-24T13:09:10.878100207Z,1,1,42384872,T,B,0,337.500000000,1,0,12761,669644631,336.000000000,337.500000000,45,1,5,1,ESM6 P6750
2026-03-24T13:09:19.957184941Z,2026-03-24T13:09:19.897700363Z,1,1,42404370,T,B,0,210.000000000,1,0,14006,669812530,209.000000000,210.000000000,8,1,3,1,ESM6 P6400
2026-03-24T13:09:38.946427763Z,2026-03-24T13:09:38.830084373Z,1,1,42409657,T,A,0,68.500000000,1,0,10187,670094036,68.500000000,69.000000000,1,142,1,6,ESM6 P5600
2026-03-24T13:10:24.041580536Z,2026-03-24T13:10:23.474512401Z,1,1,42409657,T,A,0,68.000000000,1,0,11191,670622685,68.000000000,68.250000000,1,37,1,1,ESM6 P5600
2026-03-24T13:11:14.530528836Z,2026-03-24T13:11:14.425563059Z,1,1,42394754,T,A,0,154.500000000,5,0,12377,671083234,154.500000000,155.000000000,5,99,1,7,ESM6 P6200
2026-03-24T13:12:01.433719975Z,2026-03-24T13:12:01.136124065Z,1,1,2546256,T,A,0,20.000000000,149,0,13356,253166978,20.000000000,20.250000000,225,107,1,1,UD:1V: VT 2546256
2026-03-24T13:12:01.441160259Z,2026-03-24T13:12:01.136124391Z,1,1,2546256,T,A,0,20.000000000,76,0,14645,253166980,20.000000000,20.250000000,76,107,1,1,UD:1V: VT 2546256
2026-03-24T13:12:53.722883606Z,2026-03-24T13:12:53.722381415Z,1,1,42413515,T,A,0,40.500000000,10,0,18558,671858702,40.500000000,40.750000000,10,107,1,2,ESU6 C7500
2026-03-24T13:13:13.481012391Z,2026-03-24T13:13:13.480498485Z,1,1,42394754,T,A,0,154.000000000,1,0,13349,671996471,154.000000000,154.500000000,100,109,1,7,ESM6 P6200
2026-03-24T13:13:13.481545393Z,2026-03-24T13:13:13.481128013Z,1,1,42394754,T,A,0,154.000000000,99,0,14147,671996473,154.000000000,154.500000000,99,109,1,7,ESM6 P6200
2026-03-24T13:13:22.917783692Z,2026-03-24T13:13:22.917279893Z,1,1,42378449,T,B,0,116.000000000,1,0,16753,672050754,115.500000000,116.000000000,10,1,5,1,ESM6 P6000
2026-03-24T13:13:32.130353132Z,2026-03-24T13:13:32.064656387Z,1,1,42409657,T,B,0,66.750000000,100,0,13755,672114823,66.500000000,66.750000000,210,100,7,1,ESM6 P5600
2026-03-24T13:13:43.669133911Z,2026-03-24T13:13:43.668641037Z,1,1,42399706,T,B,0,308.500000000,19,0,16982,672189406,308.000000000,308.500000000,1,30,1,1,ESM6 P6700
2026-03-24T13:13:43.669373515Z,2026-03-24T13:13:43.668641213Z,1,1,42399706,T,B,0,308.500000000,9,0,17050,672189408,308.000000000,308.500000000,1,11,1,1,ESM6 P6700
2026-03-24T13:13:44.447329066Z,2026-03-24T13:13:44.406541307Z,1,1,42399706,T,B,0,308.500000000,2,0,14302,672191582,308.000000000,308.500000000,2,2,2,1,ESM6 P6700
2026-03-24T13:14:02.978577915Z,2026-03-24T13:14:02.978125359Z,1,1,2561152,T,B,0,15.800000000,10,0,13806,253355461,15.600000000,15.800000000,2,10,1,1,UD:1V: SG 2561152
2026-03-24T13:14:21.824933713Z,2026-03-24T13:14:21.784180133Z,1,1,2561152,T,B,0,15.800000000,10,0,13548,253381270,15.600000000,15.800000000,2,10,1,1,UD:1V: SG 2561152
2026-03-24T13:14:54.543956683Z,2026-03-24T13:14:54.517451609Z,1,1,42394754,T,A,0,154.000000000,9,0,11128,672614862,154.000000000,154.500000000,50,104,1,7,ESM6 P6200
2026-03-24T13:14:54.569754989Z,2026-03-24T13:14:54.544103645Z,1,1,42394754,T,A,0,154.000000000,41,0,16697,672615545,154.000000000,154.500000000,41,104,1,7,ESM6 P6200
2026-03-24T13:14:58.686656491Z,2026-03-24T13:14:58.686097541Z,1,1,42409657,T,B,0,67.000000000,50,0,15757,672653555,66.500000000,67.000000000,278,50,9,1,ESM6 P5600
2026-03-24T13:15:01.673611393Z,2026-03-24T13:15:01.445576285Z,1,1,2550553,T,A,0,118.000000000,5,0,13951,253441341,118.000000000,119.000000000,10,119,1,5,UD:1V: VT 2550553
2026-03-24T13:15:01.690063497Z,2026-03-24T13:15:01.477228911Z,1,1,2550553,T,A,0,118.000000000,1,0,15104,253441432,118.000000000,119.000000000,5,119,1,5,UD:1V: VT 2550553
2026-03-24T13:15:01.705960249Z,2026-03-24T13:15:01.477345865Z,1,1,2550553,T,A,0,118.000000000,1,0,14738,253441507,118.000000000,119.000000000,4,119,1,5,UD:1V: VT 2550553
2026-03-24T13:15:01.714862921Z,2026-03-24T13:15:01.477394617Z,1,1,2550553,T,A,0,118.000000000,1,0,14042,253441532,118.000000000,119.000000000,3,119,1,5,UD:1V: VT 2550553
2026-03-24T13:15:01.719475692Z,2026-03-24T13:15:01.477412371Z,1,1,2550553,T,A,0,118.000000000,1,0,14618,253441543,118.000000000,119.000000000,2,119,1,5,UD:1V: VT 2550553
2026-03-24T13:15:01.723023150Z,2026-03-24T13:15:01.477438681Z,1,1,2550553,T,A,0,118.000000000,1,0,14439,253441560,118.000000000,119.000000000,1,119,1,5,UD:1V: VT 2550553
2026-03-24T13:15:04.487531793Z,2026-03-24T13:15:04.196746331Z,1,1,2545532,T,B,0,63.250000000,2,0,11282,253452386,62.500000000,63.250000000,3,2,1,1,UD:1V: VT 2545532
2026-03-24T13:15:04.622419987Z,2026-03-24T13:15:04.196742377Z,1,1,42472815,T,A,0,141.500000000,1,0,12577,672722498,141.500000000,142.500000000,1,34,1,2,ESU6 P5700
2026-03-24T13:15:04.792381057Z,2026-03-24T13:15:04.318024131Z,1,1,792621,T,B,0,8.000000000,1,0,11596,672727534,7.800000000,8.000000000,115,1,1,1,ESZ6 C8500
2026-03-24T13:15:09.224565236Z,2026-03-24T13:15:09.223927597Z,1,1,2548491,T,B,0,3.050000000,2,0,14846,253477153,2.850000000,3.050000000,103,2,3,1,UD:1V: VT 2548491
2026-03-24T13:15:12.443900780Z,2026-03-24T13:15:12.437422061Z,1,1,42399706,T,B,0,308.000000000,20,0,11293,672829033,307.000000000,308.000000000,7,20,4,1,ESM6 P6700
2026-03-24T13:15:34.687118145Z,2026-03-24T13:15:34.686670721Z,1,1,2547677,T,A,0,57.000000000,2,0,14979,253523596,57.000000000,57.250000000,2,251,1,5,UD:1V: VT 2547677
2026-03-24T13:16:01.567811767Z,2026-03-24T13:16:01.382116811Z,1,1,2561152,T,B,0,15.700000000,10,0,14000,253567534,15.500000000,15.700000000,2,10,1,1,UD:1V: SG 2561152
2026-03-24T13:16:52.144239713Z,2026-03-24T13:16:52.137822125Z,1,1,42378592,T,B,0,235.000000000,2,0,16681,673484700,233.500000000,235.000000000,85,2,8,2,ESM6 P6500
2026-03-24T13:16:52.155845083Z,2026-03-24T13:16:52.154571461Z,1,1,42378592,T,A,0,235.000000000,2,0,11329,673484950,235.000000000,235.500000000,2,89,1,8,ESM6 P6500
2026-03-24T13:16:52.160623751Z,2026-03-24T13:16:52.160375659Z,1,1,42378592,T,A,0,235.000000000,2,0,13270,673485087,235.000000000,235.500000000,2,88,1,7,ESM6 P6500
2026-03-24T13:16:52.166071755Z,2026-03-24T13:16:52.165580325Z,1,1,42378592,T,A,0,235.000000000,2,0,12940,673485139,235.000000000,235.500000000,2,119,1,8,ESM6 P6500
2026-03-24T13:16:52.168775375Z,2026-03-24T13:16:52.168288745Z,1,1,42378592,T,A,0,235.000000000,2,0,13710,673485173,235.000000000,235.500000000,2,119,1,8,ESM6 P6500
2026-03-24T13:16:52.171525996Z,2026-03-24T13:16:52.171065583Z,1,1,42378592,T,A,0,235.000000000,2,0,13652,673485199,235.000000000,235.500000000,2,119,1,8,ESM6 P6500
2026-03-24T13:16:52.202371199Z,2026-03-24T13:16:52.201317457Z,1,1,42378592,T,A,0,235.000000000,2,0,12721,673485543,235.000000000,235.500000000,2,119,1,8,ESM6 P6500
2026-03-24T13:16:52.210182926Z,2026-03-24T13:16:52.209761229Z,1,1,42378592,T,A,0,235.000000000,1,0,12613,673485599,235.000000000,235.500000000,1,119,1,8,ESM6 P6500
2026-03-24T13:17:12.117004750Z,2026-03-24T13:17:12.009874885Z,1,1,42435330,T,A,0,56.250000000,1,0,17000,673584927,56.250000000,56.750000000,2,92,1,6,ESM6 C7050
2026-03-24T13:17:12.455242483Z,2026-03-24T13:17:12.035332287Z,1,1,42394740,T,B,0,40.750000000,2,0,13695,673589053,40.250000000,40.750000000,407,2,9,1,ESM6 P5200
2026-03-24T13:17:12.583685281Z,2026-03-24T13:17:12.038034211Z,1,1,42384779,T,B,0,270.000000000,1,0,13724,673590608,269.000000000,270.000000000,28,1,5,1,ESM6 P6600
2026-03-24T13:17:12.724060215Z,2026-03-24T13:17:12.117121945Z,1,1,42435330,T,A,0,56.250000000,1,0,12830,673592323,56.250000000,56.750000000,1,98,1,7,ESM6 C7050
2026-03-24T13:17:25.064632646Z,2026-03-24T13:17:24.982693825Z,1,1,42399612,T,B,0,38.500000000,2,0,11161,673691566,38.000000000,38.500000000,383,2,8,1,ESM6 P5150
2026-03-24T13:18:38.303417406Z,2026-03-24T13:18:38.247376437Z,1,1,42521843,T,A,0,873.000000000,7,0,11685,674227363,873.000000000,878.500000000,7,7,1,1,ESH7 P7450
2026-03-24T13:18:49.870947979Z,2026-03-24T13:18:49.836901755Z,1,1,42384779,T,B,0,272.000000000,1,0,12729,674310723,271.000000000,272.000000000,11,1,6,1,ESM6 P6600
2026-03-24T13:18:49.881234917Z,2026-03-24T13:18:49.836964131Z,1,1,42399612,T,B,0,38.750000000,2,0,12879,674310858,38.250000000,38.750000000,385,2,9,1,ESM6 P5150
2026-03-24T13:19:05.070437199Z,2026-03-24T13:19:05.069851183Z,1,1,2561447,T,A,0,58.000000000,2,0,15457,253877388,58.000000000,58.250000000,13,112,1,1,UD:1V: VT 2561447
2026-03-24T13:20:12.626444953Z,2026-03-24T13:20:12.626090247Z,1,1,42384779,T,A,0,272.500000000,5,0,14092,674811605,272.500000000,273.000000000,5,114,1,10,ESM6 P6600
2026-03-24T13:20:26.859067310Z,2026-03-24T13:20:26.844908335Z,1,1,2545537,T,A,0,-54.000000000,1,0,14471,253986206,-54.000000000,-53.750000000,1,55,1,4,UD:1V: GN 2545537
2026-03-24T13:20:28.041033689Z,2026-03-24T13:20:28.040434203Z,1,1,2545537,T,A,0,-54.000000000,1,0,14401,253987111,-54.000000000,-53.750000000,1,134,1,6,UD:1V: GN 2545537
2026-03-24T13:20:46.707103223Z,2026-03-24T13:20:46.706511251Z,1,1,2696200,T,A,0,137.000000000,1,0,16626,254008617,137.000000000,137.500000000,1,137,1,5,UD:1V: VT 2696200
2026-03-24T13:20:52.496916628Z,2026-03-24T13:20:52.496339413Z,1,1,2696200,T,A,0,137.000000000,1,0,13608,254011696,137.000000000,137.500000000,1,205,1,6,UD:1V: VT 2696200
2026-03-24T13:21:14.845499428Z,2026-03-24T13:21:14.843510787Z,1,1,42409648,T,A,0,202.000000000,1,0,18100,675217427,202.000000000,203.500000000,34,124,7,8,ESM6 C6700
2026-03-24T13:21:53.710820518Z,2026-03-24T13:21:53.710246985Z,1,1,42409657,T,B,0,67.750000000,10,0,12926,675417734,67.500000000,67.750000000,213,10,9,1,ESM6 P5600
2026-03-24T13:24:04.041590963Z,2026-03-24T13:24:04.041018945Z,1,1,2545533,T,A,0,97.500000000,1,0,12979,254352948,97.500000000,97.750000000,1,97,1,4,UD:1V: VT 2545533
2026-03-24T13:24:12.324047239Z,2026-03-24T13:24:12.319653657Z,1,1,42399706,T,B,0,310.000000000,1,0,13363,676334370,309.500000000,310.000000000,1,1,1,1,ESM6 P6700
2026-03-24T13:25:39.274312353Z,2026-03-24T13:25:39.273688823Z,1,1,2545971,T,B,0,6.300000000,17,0,13595,254522001,3.550000000,6.300000000,17,17,1,1,UD:1V: GN 2545971
2026-03-24T13:25:56.084624737Z,2026-03-24T13:25:55.642748767Z,1,1,42853783,T,B,0,13.200000000,2,0,11174,677072106,12.900000000,13.200000000,2,2,1,1,ESM6 C7325
2026-03-24T13:26:00.615490625Z,2026-03-24T13:25:59.504141163Z,1,1,42372979,T,B,0,15.200000000,2,0,11408,677153749,14.900000000,15.200000000,27,2,2,1,ESM6 C7300
2026-03-24T13:26:00.616895089Z,2026-03-24T13:25:59.504659619Z,1,1,42384779,T,A,0,269.000000000,1,0,12504,677153764,269.000000000,276.000000000,1,1,1,1,ESM6 P6600
2026-03-24T13:26:52.762817988Z,2026-03-24T13:26:52.760971699Z,1,1,42404374,T,B,0,478.000000000,1,0,15584,677542317,475.500000000,478.000000000,4,1,2,1,ESM6 P7000
2026-03-24T13:26:52.765527964Z,2026-03-24T13:26:52.762780455Z,1,1,42404374,T,A,0,478.000000000,4,0,11497,677542368,478.000000000,478.500000000,4,4,1,2,ESM6 P7000
2026-03-24T13:27:26.908801433Z,2026-03-24T13:27:26.686750073Z,1,1,42399612,T,B,0,38.750000000,2,0,13782,677825523,38.250000000,38.750000000,302,2,7,1,ESM6 P5150
2026-03-24T13:27:29.262292675Z,2026-03-24T13:27:29.096860675Z,1,1,42883305,T,B,0,199.500000000,3,0,11219,677852256,198.500000000,199.500000000,23,3,2,1,ESM6 P6375
2026-03-24T13:27:32.764637395Z,2026-03-24T13:27:32.718560201Z,1,1,42804681,T,B,0,263.500000000,2,0,14180,677903204,262.500000000,263.500000000,21,2,3,1,ESM6 P6575
2026-03-24T13:27:53.696317988Z,2026-03-24T13:27:53.533786277Z,1,1,42521843,T,A,0,876.000000000,8,0,11345,678076129,876.000000000,880.500000000,8,8,2,2,ESH7 P7450
2026-03-24T13:28:00.161483471Z,2026-03-24T13:28:00.022922807Z,1,1,42378592,T,B,0,238.000000000,2,0,16440,678142971,237.500000000,238.000000000,18,2,1,1,ESM6 P6500
2026-03-24T13:28:06.686740925Z,2026-03-24T13:28:06.611378741Z,1,1,42399612,T,B,0,39.000000000,2,0,14796,678222223,38.500000000,39.000000000,398,2,9,1,ESM6 P5150
2026-03-24T13:28:12.099200775Z,2026-03-24T13:28:11.966259935Z,1,1,42853781,T,B,0,340.500000000,2,0,18148,678274360,339.500000000,340.500000000,22,2,3,1,ESM6 C6475
2026-03-24T13:28:20.242532462Z,2026-03-24T13:28:20.224918975Z,1,1,42521843,T,A,0,876.500000000,8,0,23493,678340626,876.500000000,880.500000000,8,9,2,2,ESH7 P7450
2026-03-24T13:28:56.995692959Z,2026-03-24T13:28:56.995144873Z,1,1,42384779,T,A,0,273.500000000,1,0,22805,678657438,273.500000000,274.000000000,1,2,1,1,ESM6 P6600
2026-03-24T13:29:12.282118236Z,2026-03-24T13:29:12.190555061Z,1,1,42521843,T,A,0,875.500000000,1,0,11434,678774500,875.500000000,879.500000000,1,7,1,1,ESH7 P7450
2026-03-24T13:29:36.969642255Z,2026-03-24T13:29:36.860938021Z,1,1,42378280,T,B,0,325.500000000,2,0,10648,678992905,324.500000000,325.500000000,60,2,6,1,ESM6 C6500
2026-03-24T13:30:03.342960958Z,2026-03-24T13:30:01.746594183Z,1,1,42378541,T,A,0,178.500000000,32,0,11467,679293165,178.500000000,180.000000000,100,1,1,1,ESM6 P6300
2026-03-24T13:30:03.343916972Z,2026-03-24T13:30:01.746689743Z,1,1,42378541,T,A,0,178.500000000,11,0,11539,679293200,178.500000000,180.000000000,68,1,1,1,ESM6 P6300
2026-03-24T13:30:03.375457777Z,2026-03-24T13:30:01.748680735Z,1,1,42378541,T,A,0,178.500000000,22,0,13834,679293607,178.500000000,180.000000000,57,1,1,1,ESM6 P6300
2026-03-24T13:30:03.381372853Z,2026-03-24T13:30:01.749039741Z,1,1,42378541,T,A,0,178.500000000,35,0,13310,679293711,178.500000000,180.000000000,35,1,1,1,ESM6 P6300
2026-03-24T13:30:07.589263558Z,2026-03-24T13:30:05.938054533Z,1,1,2545971,T,B,0,6.400000000,9,0,12918,255246262,4.100000000,6.400000000,17,17,1,1,UD:1V: GN 2545971
2026-03-24T13:30:08.671205474Z,2026-03-24T13:30:07.387289201Z,1,1,42366512,T,B,0,77.500000000,51,0,11647,679384464,76.500000000,77.500000000,19,100,3,1,ESM6 P5700
2026-03-24T13:30:09.553085911Z,2026-03-24T13:30:08.516201339Z,1,1,42366512,T,B,0,77.500000000,49,0,14352,679401000,76.500000000,77.500000000,140,49,3,1,ESM6 P5700
2026-03-24T13:30:26.595595135Z,2026-03-24T13:30:25.438221039Z,1,1,42399706,T,B,0,314.000000000,20,0,13718,679682505,313.500000000,314.000000000,50,30,5,1,ESM6 P6700
2026-03-24T13:30:26.977582649Z,2026-03-24T13:30:25.818807771Z,1,1,42399706,T,B,0,314.000000000,3,0,12366,679690415,313.500000000,314.000000000,31,10,5,1,ESM6 P6700
2026-03-24T13:30:27.305168598Z,2026-03-24T13:30:26.255386481Z,1,1,42399706,T,B,0,314.000000000,2,0,16043,679696527,313.500000000,314.000000000,28,7,4,1,ESM6 P6700
2026-03-24T13:30:27.444812870Z,2026-03-24T13:30:26.447846735Z,1,1,42399706,T,B,0,314.000000000,5,0,12995,679699635,313.500000000,314.000000000,26,5,3,1,ESM6 P6700
2026-03-24T13:30:36.846621748Z,2026-03-24T13:30:36.450275617Z,1,1,42521843,T,A,0,875.000000000,1,0,15500,679868808,875.000000000,878.500000000,1,2,1,1,ESH7 P7450
2026-03-24T13:30:38.475955563Z,2026-03-24T13:30:37.708286541Z,1,1,2545535,T,B,0,28.500000000,1,0,12839,255496463,28.000000000,28.500000000,369,1,6,1,UD:1V: VT 2545535
2026-03-24T13:30:43.612360011Z,2026-03-24T13:30:43.075309217Z,1,1,42378541,T,A,0,178.500000000,50,0,12656,679993459,178.500000000,179.000000000,50,23,1,1,ESM6 P6300
2026-03-24T13:30:48.987582562Z,2026-03-24T13:30:48.987049195Z,1,1,42366512,T,B,0,77.250000000,25,0,14674,680094883,76.750000000,77.250000000,185,50,7,1,ESM6 P5700
2026-03-24T13:30:48.988391575Z,2026-03-24T13:30:48.987967397Z,1,1,42366512,T,B,0,77.250000000,25,0,11278,680094890,76.750000000,77.250000000,185,25,7,1,ESM6 P5700
2026-03-24T13:31:03.810285905Z,2026-03-24T13:31:03.073914451Z,1,1,2560389,T,A,0,38.000000000,2,0,14604,255687125,38.000000000,38.500000000,2,115,1,3,UD:1V: GN 2560389
2026-03-24T13:31:04.289529038Z,2026-03-24T13:31:03.187978105Z,1,1,42399706,T,B,0,312.500000000,9,0,16929,680363112,310.000000000,312.500000000,2,20,1,1,ESM6 P6700
2026-03-24T13:31:04.409900132Z,2026-03-24T13:31:03.213675297Z,1,1,42399706,T,B,0,312.500000000,5,0,13256,680364151,310.000000000,312.500000000,2,11,1,1,ESM6 P6700
2026-03-24T13:31:04.422837262Z,2026-03-24T13:31:03.224256341Z,1,1,42399706,T,B,0,312.500000000,2,0,15991,680364288,310.000000000,312.500000000,2,6,1,1,ESM6 P6700
2026-03-24T13:31:04.425345591Z,2026-03-24T13:31:03.226587337Z,1,1,42399706,T,B,0,312.500000000,3,0,13753,680364325,310.000000000,312.500000000,2,4,1,1,ESM6 P6700
2026-03-24T13:31:04.427539078Z,2026-03-24T13:31:03.226836813Z,1,1,42399706,T,B,0,312.500000000,1,0,16452,680364342,310.000000000,312.500000000,2,1,1,1,ESM6 P6700
2026-03-24T13:31:07.418933835Z,2026-03-24T13:31:06.183208859Z,1,1,4247450,T,A,0,292.000000000,1,0,11406,680413810,292.000000000,293.000000000,1,18,1,1,ESZ6 C7000
2026-03-24T13:31:10.151622852Z,2026-03-24T13:31:08.853480319Z,1,1,42394804,T,A,0,253.500000000,2,0,11260,680460042,253.500000000,254.500000000,2,17,1,1,ESM6 P6550
2026-03-24T13:31:17.513138604Z,2026-03-24T13:31:15.199594955Z,1,1,42384779,T,A,0,268.500000000,1,0,11206,680578622,268.500000000,270.500000000,2,3,2,1,ESM6 P6600
2026-03-24T13:31:17.639006895Z,2026-03-24T13:31:15.233192271Z,1,1,42384779,T,A,0,268.500000000,1,0,11645,680580891,268.500000000,270.500000000,1,3,1,1,ESM6 P6600
2026-03-24T13:31:58.680980886Z,2026-03-24T13:31:57.719607085Z,1,1,42426302,T,B,0,88.500000000,1,0,15831,681273520,87.750000000,88.500000000,1,27,1,1,ESM6 C6950
2026-03-24T13:32:11.845375211Z,2026-03-24T13:32:10.853519015Z,1,1,42804677,T,B,0,97.250000000,1,0,13106,681512023,96.500000000,97.250000000,4,22,1,1,ESM6 C6925
2026-03-24T13:32:13.065918623Z,2026-03-24T13:32:12.071071605Z,1,1,42435330,T,B,0,56.750000000,1,0,14011,681533527,56.250000000,56.750000000,30,2,1,1,ESM6 C7050
2026-03-24T13:32:15.840259942Z,2026-03-24T13:32:15.270634499Z,1,1,42521843,T,A,0,868.500000000,1,0,16651,681584641,868.500000000,872.000000000,1,7,1,1,ESH7 P7450
2026-03-24T13:32:20.631275339Z,2026-03-24T13:32:20.304469473Z,1,1,42426302,T,B,0,88.250000000,1,0,11587,681669411,87.750000000,88.250000000,1,57,1,1,ESM6 C6950
2026-03-24T13:32:20.636447420Z,2026-03-24T13:32:20.304760325Z,1,1,42836578,T,B,0,79.500000000,1,0,14310,681669514,78.750000000,79.500000000,6,55,2,1,ESM6 C6975
2026-03-24T13:32:20.636799069Z,2026-03-24T13:32:20.304761443Z,1,1,42760603,T,B,0,63.750000000,1,0,13575,681669517,63.000000000,63.750000000,12,62,3,1,ESM6 C7025
2026-03-24T13:32:45.283114782Z,2026-03-24T13:32:44.759355537Z,1,1,42804677,T,B,0,97.250000000,1,0,12479,682091843,96.250000000,97.250000000,31,67,5,1,ESM6 C6925
2026-03-24T13:32:56.739223303Z,2026-03-24T13:32:56.211641497Z,1,1,42760603,T,B,0,63.500000000,3,0,13732,682298803,63.000000000,63.500000000,29,72,1,1,ESM6 C7025
2026-03-24T13:33:05.415619993Z,2026-03-24T13:33:04.825525499Z,1,1,42521843,T,A,0,868.500000000,1,0,15423,682452132,868.500000000,872.500000000,1,1,1,1,ESH7 P7450
2026-03-24T13:33:08.841301226Z,2026-03-24T13:33:08.383621195Z,1,1,42836578,T,B,0,79.250000000,3,0,12855,682519107,78.750000000,79.250000000,4,11,1,1,ESM6 C6975
2026-03-24T13:33:13.802032760Z,2026-03-24T13:33:13.339841653Z,1,1,42426302,T,B,0,88.000000000,3,0,14092,682609513,87.500000000,88.000000000,1,43,1,1,ESM6 C6950
2026-03-24T13:33:14.662232323Z,2026-03-24T13:33:14.330069813Z,1,1,42804677,T,B,0,97.500000000,3,0,13077,682627297,96.500000000,97.500000000,31,36,4,1,ESM6 C6925
2026-03-24T13:33:20.973045430Z,2026-03-24T13:33:20.704756379Z,1,1,42426302,T,B,0,88.250000000,2,0,12654,682741950,87.500000000,88.250000000,92,61,5,2,ESM6 C6950
2026-03-24T13:33:21.511471950Z,2026-03-24T13:33:20.986164703Z,1,1,42804677,T,B,0,97.750000000,2,0,14742,682751682,97.000000000,97.750000000,56,65,3,2,ESM6 C6925
2026-03-24T13:33:21.843327221Z,2026-03-24T13:33:21.056790255Z,1,1,42372969,T,B,0,71.500000000,2,0,11175,682757971,70.750000000,71.500000000,36,83,3,1,ESM6 C7000
2026-03-24T13:33:22.097310855Z,2026-03-24T13:33:21.319592225Z,1,1,42836578,T,B,0,79.750000000,2,0,13226,682762169,79.000000000,79.750000000,27,46,1,1,ESM6 C6975
2026-03-24T13:33:25.626572396Z,2026-03-24T13:33:24.478082375Z,1,1,2553129,T,B,0,0.400000000,1,0,15381,256703218,0.150000000,0.400000000,1200,755,2,1,UD:1V: GN 2553129
2026-03-24T13:33:42.326736859Z,2026-03-24T13:33:42.033879867Z,1,1,42384779,T,B,0,266.500000000,1,0,15966,683121511,265.500000000,266.500000000,6,1,3,1,ESM6 P6600
2026-03-24T13:33:48.009347123Z,2026-03-24T13:33:46.744836149Z,1,1,42384779,T,A,0,265.500000000,1,0,11870,683210421,265.500000000,266.000000000,1,3,1,1,ESM6 P6600
2026-03-24T13:34:08.517273364Z,2026-03-24T13:34:07.041743797Z,1,1,42366509,T,A,0,233.500000000,1,0,14233,683577168,233.500000000,234.500000000,2,3,1,1,ESM6 C6650
2026-03-24T13:34:20.960663637Z,2026-03-24T13:34:20.664377773Z,1,1,42384779,T,B,0,265.000000000,1,0,16493,683801385,264.000000000,265.000000000,27,1,4,1,ESM6 P6600
2026-03-24T13:34:23.447020156Z,2026-03-24T13:34:23.000522423Z,1,1,2561152,T,B,0,15.700000000,10,0,12598,257112304,15.200000000,15.700000000,94,10,1,1,UD:1V: SG 2561152
2026-03-24T13:34:34.921601708Z,2026-03-24T13:34:34.667012711Z,1,1,42409672,T,B,0,98.750000000,1,0,14004,684032538,98.250000000,98.750000000,114,1,8,1,ESM6 P5900
2026-03-24T13:34:40.236096084Z,2026-03-24T13:34:39.917306301Z,1,1,42521843,T,A,0,865.000000000,1,0,16440,684120824,865.000000000,868.500000000,1,8,1,1,ESH7 P7450
2026-03-24T13:34:46.381525454Z,2026-03-24T13:34:46.320652043Z,1,1,42384779,T,A,0,263.500000000,1,0,16428,684225918,263.500000000,264.000000000,1,38,1,2,ESM6 P6600
2026-03-24T13:35:17.816453441Z,2026-03-24T13:35:17.424570133Z,1,1,2553485,T,B,0,37.250000000,2,0,16191,257479984,37.000000000,37.250000000,321,2,4,1,UD:1V: VT 2553485
2026-03-24T13:35:18.587422047Z,2026-03-24T13:35:18.020782919Z,1,1,42372953,T,A,0,108.000000000,1,0,14155,684737096,108.000000000,108.500000000,1,102,1,7,ESM6 C6900
2026-03-24T13:35:24.978217145Z,2026-03-24T13:35:24.106565809Z,1,1,42394804,T,B,0,248.000000000,7,0,11351,684854972,246.500000000,248.000000000,2,7,1,2,ESM6 P6550
2026-03-24T13:35:25.127722011Z,2026-03-24T13:35:24.115187791Z,1,1,42394731,T,B,0,31.750000000,1,0,11688,684858205,21.000000000,31.750000000,2,1,1,1,ESM6 P5000
2026-03-24T13:35:25.474582236Z,2026-03-24T13:35:24.390418131Z,1,1,2561152,T,B,0,15.700000000,10,0,14090,257535668,15.200000000,15.700000000,94,10,1,1,UD:1V: SG 2561152
2026-03-24T13:35:25.686183937Z,2026-03-24T13:35:24.587546657Z,1,1,42384779,T,B,0,267.000000000,1,0,11201,684866462,266.000000000,267.000000000,3,3,1,3,ESM6 P6600
2026-03-24T13:35:31.846659800Z,2026-03-24T13:35:30.511836235Z,1,1,42409648,T,B,0,205.000000000,1,0,15084,684965672,203.500000000,205.000000000,22,3,3,1,ESM6 C6700
2026-03-24T13:35:34.596045841Z,2026-03-24T13:35:33.932705223Z,1,1,42378592,T,A,0,232.000000000,1,0,15419,685018212,232.000000000,233.000000000,1,29,1,6,ESM6 P6500
2026-03-24T13:35:35.019934855Z,2026-03-24T13:35:34.428171651Z,1,1,42384779,T,A,0,266.500000000,1,0,13226,685026577,266.500000000,268.000000000,1,11,1,4,ESM6 P6600
2026-03-24T13:35:39.564011399Z,2026-03-24T13:35:39.082932489Z,1,1,42919922,T,A,0,219.000000000,1,0,14078,685103978,219.000000000,220.000000000,2,74,1,5,ESM6 C6675
2026-03-24T13:35:43.325741843Z,2026-03-24T13:35:42.953620205Z,1,1,42409648,T,A,0,204.500000000,1,0,12612,685165498,204.500000000,205.500000000,2,80,1,5,ESM6 C6700
2026-03-24T13:35:45.563798370Z,2026-03-24T13:35:44.818274583Z,1,1,42384779,T,A,0,265.500000000,1,0,16721,685207075,265.500000000,266.500000000,1,24,1,2,ESM6 P6600
2026-03-24T13:36:11.371163823Z,2026-03-24T13:36:10.242225217Z,1,1,42378449,T,B,0,115.000000000,1,0,11829,685641868,113.500000000,115.000000000,16,1,2,1,ESM6 P6000
2026-03-24T13:36:30.742269858Z,2026-03-24T13:36:30.582854315Z,1,1,2553485,T,B,0,37.750000000,2,0,13062,257996045,37.500000000,37.750000000,278,2,6,1,UD:1V: VT 2553485
2026-03-24T13:36:38.874358674Z,2026-03-24T13:36:38.004660159Z,1,1,4249047,T,A,0,346.500000000,1,0,13071,686112662,346.500000000,348.500000000,1,7,1,1,ESZ6 C6900
2026-03-24T13:36:43.459596931Z,2026-03-24T13:36:43.188615947Z,1,1,42384779,T,B,0,269.000000000,1,0,11234,686199667,268.000000000,269.000000000,56,1,7,1,ESM6 P6600
2026-03-24T13:36:53.004980577Z,2026-03-24T13:36:52.814706157Z,1,1,42505828,T,B,0,116.500000000,5,0,11586,686351731,116.000000000,116.500000000,72,5,3,1,ESZ6 P5150
2026-03-24T13:37:01.611065039Z,2026-03-24T13:37:00.657879767Z,1,1,148805,T,A,0,133.000000000,4,0,13779,686480972,133.000000000,135.000000000,64,265,3,5,ESZ6 P5300
2026-03-24T13:37:04.284552228Z,2026-03-24T13:37:03.746422527Z,1,1,42505828,T,B,0,116.500000000,5,0,16715,686533662,116.000000000,116.500000000,101,5,3,1,ESZ6 P5150
2026-03-24T13:37:07.653169630Z,2026-03-24T13:37:07.297281437Z,1,1,4247450,T,B,0,295.500000000,1,0,17642,686600965,294.000000000,295.500000000,18,46,1,2,ESZ6 C7000
2026-03-24T13:37:08.504342945Z,2026-03-24T13:37:08.428966321Z,1,1,42506118,T,A,0,320.000000000,1,0,13440,686616333,320.000000000,321.000000000,1,30,1,4,ESZ6 C6950
2026-03-24T13:37:11.496358295Z,2026-03-24T13:37:10.444986371Z,1,1,42384779,T,A,0,267.500000000,1,0,11278,686666749,267.500000000,268.500000000,1,3,1,1,ESM6 P6600
2026-03-24T13:38:21.847606507Z,2026-03-24T13:38:21.632328231Z,1,1,42919922,T,B,0,219.000000000,20,0,14622,687862357,218.500000000,219.000000000,5,20,2,1,ESM6 C6675
2026-03-24T13:38:29.010104018Z,2026-03-24T13:38:28.987906643Z,1,1,42394753,T,B,0,107.000000000,25,0,10664,687972903,106.500000000,107.000000000,10,25,2,1,ESM6 P5950
2026-03-24T13:38:39.199815783Z,2026-03-24T13:38:39.150423775Z,1,1,42372931,T,B,0,36.000000000,2,0,13610,688149000,35.500000000,36.000000000,386,2,9,1,ESM6 P5100
2026-03-24T13:38:40.399346963Z,2026-03-24T13:38:40.325713295Z,1,1,42384718,T,B,0,262.500000000,20,0,14098,688171718,262.000000000,262.500000000,4,20,2,1,ESM6 C6600
2026-03-24T13:38:42.922660457Z,2026-03-24T13:38:42.625526949Z,1,1,42499829,T,B,0,34.250000000,270,0,16977,688206393,33.500000000,34.250000000,36,270,3,7,ESM6 C7150
2026-03-24T13:38:43.094737363Z,2026-03-24T13:38:42.922546887Z,1,1,42499829,T,A,0,34.250000000,58,0,16838,688210219,34.250000000,34.500000000,170,111,1,3,ESM6 C7150
2026-03-24T13:38:43.094957153Z,2026-03-24T13:38:42.922568197Z,1,1,42499829,T,A,0,34.250000000,112,0,11331,688210221,34.250000000,34.500000000,112,111,1,3,ESM6 C7150
2026-03-24T13:38:58.886564159Z,2026-03-24T13:38:58.463712159Z,1,1,42499829,T,B,0,34.250000000,2,0,14281,688470233,34.000000000,34.250000000,42,2,4,1,ESM6 C7150
2026-03-24T13:39:08.327274707Z,2026-03-24T13:39:08.204312341Z,1,1,42836580,T,B,0,128.000000000,2,0,13223,688643111,127.500000000,128.000000000,8,2,3,1,ESM6 P6075
2026-03-24T13:39:08.592495364Z,2026-03-24T13:39:08.542946571Z,1,1,42384718,T,B,0,263.500000000,1,0,15767,688647307,263.000000000,263.500000000,5,1,2,1,ESM6 C6600
2026-03-24T13:39:09.449515569Z,2026-03-24T13:39:09.428753171Z,1,1,42836580,T,B,0,128.000000000,2,0,15686,688660407,127.500000000,128.000000000,16,2,4,1,ESM6 P6075
2026-03-24T13:39:10.704872342Z,2026-03-24T13:39:10.678260527Z,1,1,42836580,T,B,0,128.000000000,2,0,14199,688678593,127.500000000,128.000000000,48,2,5,1,ESM6 P6075
2026-03-24T13:39:11.475473537Z,2026-03-24T13:39:11.450294833Z,1,1,42836580,T,B,0,128.000000000,2,0,15834,688690272,127.500000000,128.000000000,48,2,5,1,ESM6 P6075
2026-03-24T13:39:12.668309200Z,2026-03-24T13:39:12.468266989Z,1,1,42399612,T,B,0,38.000000000,2,0,14212,688707390,37.500000000,38.000000000,415,2,8,1,ESM6 P5150
2026-03-24T13:39:12.875539019Z,2026-03-24T13:39:12.632028681Z,1,1,42836580,T,B,0,128.000000000,2,0,11600,688711707,127.500000000,128.000000000,52,2,6,1,ESM6 P6075
2026-03-24T13:39:13.616495724Z,2026-03-24T13:39:13.452881883Z,1,1,42384724,T,A,0,26.250000000,8,0,15230,688724063,26.250000000,26.750000000,8,317,1,7,ESM6 C7200
2026-03-24T13:39:14.088250585Z,2026-03-24T13:39:14.002962579Z,1,1,42384718,T,B,0,263.000000000,1,0,13840,688733105,262.500000000,263.000000000,2,1,1,1,ESM6 C6600
2026-03-24T13:39:16.338518710Z,2026-03-24T13:39:16.222912645Z,1,1,42409642,T,B,0,34.000000000,2,0,16975,688757899,33.750000000,34.000000000,145,2,4,1,ESM6 P5050
2026-03-24T13:39:16.382373089Z,2026-03-24T13:39:16.223154275Z,1,1,42836580,T,B,0,128.500000000,2,0,14572,688758283,128.000000000,128.500000000,73,2,4,1,ESM6 P6075
2026-03-24T13:39:16.609470974Z,2026-03-24T13:39:16.233701001Z,1,1,42372931,T,B,0,36.000000000,2,0,16929,688760762,35.750000000,36.000000000,115,2,4,1,ESM6 P5100
2026-03-24T13:39:17.279572888Z,2026-03-24T13:39:16.314016571Z,1,1,42384724,T,A,0,26.250000000,9,0,16185,688767675,26.250000000,26.750000000,9,334,1,9,ESM6 C7200
2026-03-24T13:39:17.685598885Z,2026-03-24T13:39:16.561234951Z,1,1,2562490,T,A,0,-23.500000000,1,0,15634,259129429,-23.500000000,-23.000000000,1,123,1,3,UD:1V: GN 2562490
2026-03-24T13:39:19.291456153Z,2026-03-24T13:39:19.042909121Z,1,1,42384724,T,A,0,26.250000000,10,0,16347,688804599,26.250000000,26.500000000,10,19,1,1,ESM6 C7200
2026-03-24T13:39:20.382498436Z,2026-03-24T13:39:19.983599975Z,1,1,42836580,T,B,0,129.000000000,2,0,11316,688824444,128.500000000,129.000000000,72,2,4,1,ESM6 P6075
2026-03-24T13:39:20.557365979Z,2026-03-24T13:39:19.989066929Z,1,1,42903306,T,A,0,10.200000000,2,0,13903,688827523,10.200000000,10.500000000,2,352,1,5,ESM6 C7375
2026-03-24T13:39:25.592236159Z,2026-03-24T13:39:24.700928295Z,1,1,42821843,T,B,0,189.000000000,17,0,13270,688917680,188.500000000,189.000000000,23,20,3,1,ESM6 C6725
2026-03-24T13:39:25.815694732Z,2026-03-24T13:39:25.035232737Z,1,1,42409648,T,B,0,203.000000000,20,0,17336,688922060,202.500000000,203.000000000,6,20,3,1,ESM6 C6700
2026-03-24T13:39:28.834322416Z,2026-03-24T13:39:27.966409539Z,1,1,42378592,T,B,0,235.000000000,20,0,11525,688966653,234.500000000,235.000000000,18,20,1,1,ESM6 P6500
2026-03-24T13:39:35.533231470Z,2026-03-24T13:39:35.253751683Z,1,1,42384779,T,B,0,271.000000000,1,0,12800,689083792,270.500000000,271.000000000,4,1,2,1,ESM6 P6600
2026-03-24T13:39:35.733526887Z,2026-03-24T13:39:35.258542155Z,1,1,42384724,T,A,0,26.000000000,8,0,10256,689087150,26.000000000,26.250000000,8,100,1,2,ESM6 C7200
2026-03-24T13:39:35.738218009Z,2026-03-24T13:39:35.259560057Z,1,1,42903306,T,A,0,10.200000000,4,0,11150,689087319,10.200000000,10.400000000,4,327,1,7,ESM6 C7375
2026-03-24T13:39:35.965278790Z,2026-03-24T13:39:35.425812317Z,1,1,42409642,T,B,0,34.500000000,2,0,11487,689091238,34.250000000,34.500000000,62,2,1,1,ESM6 P5050
2026-03-24T13:39:36.019305784Z,2026-03-24T13:39:35.427027963Z,1,1,42836580,T,B,0,130.000000000,2,0,13702,689092060,129.500000000,130.000000000,32,2,2,1,ESM6 P6075
2026-03-24T13:39:38.604750785Z,2026-03-24T13:39:38.543942759Z,1,1,42429284,T,A,0,361.000000000,1,0,16111,689137366,361.000000000,361.500000000,1,10,1,1,ESU6 P6600
2026-03-24T13:39:41.264230313Z,2026-03-24T13:39:41.185054271Z,1,1,42903306,T,A,0,10.200000000,5,0,11189,689172942,10.200000000,10.400000000,5,301,1,6,ESM6 C7375
2026-03-24T13:39:45.420061103Z,2026-03-24T13:39:45.138412175Z,1,1,42384779,T,B,0,271.500000000,1,0,13045,689234054,271.000000000,271.500000000,3,1,1,1,ESM6 P6600
2026-03-24T13:39:45.609309192Z,2026-03-24T13:39:45.359244861Z,1,1,42384724,T,A,0,26.000000000,8,0,11141,689237560,26.000000000,26.250000000,8,271,1,5,ESM6 C7200
2026-03-24T13:39:46.187393337Z,2026-03-24T13:39:46.082124777Z,1,1,42384718,T,B,0,260.500000000,1,0,13459,689248944,260.000000000,260.500000000,14,1,5,1,ESM6 C6600
2026-03-24T13:39:48.104674454Z,2026-03-24T13:39:48.079647817Z,1,1,42919922,T,B,0,216.000000000,20,0,18273,689275087,215.500000000,216.000000000,10,20,5,1,ESM6 C6675
2026-03-24T13:39:49.595886644Z,2026-03-24T13:39:49.359133645Z,1,1,42384779,T,B,0,272.000000000,1,0,14855,689303112,271.500000000,272.000000000,3,1,1,1,ESM6 P6600
2026-03-24T13:39:50.204820394Z,2026-03-24T13:39:50.030769507Z,1,1,42821843,T,B,0,188.000000000,3,0,16702,689314719,187.500000000,188.000000000,33,20,4,1,ESM6 C6725
2026-03-24T13:39:50.205021849Z,2026-03-24T13:39:50.030769685Z,1,1,42821843,T,B,0,188.000000000,17,0,11527,689314721,187.500000000,188.000000000,33,17,4,1,ESM6 C6725
2026-03-24T13:39:59.284433187Z,2026-03-24T13:39:59.263608389Z,1,1,2562519,T,B,0,63.500000000,131,0,12872,259413337,63.250000000,63.500000000,48,50,1,1,UD:1V:CGN 2562519
2026-03-24T13:40:00.588899073Z,2026-03-24T13:40:00.172839145Z,1,1,42836580,T,B,0,130.500000000,2,0,13113,689481765,130.000000000,130.500000000,32,2,2,1,ESM6 P6075
2026-03-24T13:40:04.369861063Z,2026-03-24T13:40:03.516573401Z,1,1,2550990,T,A,0,55.000000000,7,0,11106,259448982,55.000000000,55.500000000,10,22,1,1,UD:1V: GN 2550990
2026-03-24T13:40:07.804764513Z,2026-03-24T13:40:06.997696083Z,1,1,2550990,T,A,0,55.000000000,3,0,16263,259474953,55.000000000,55.500000000,3,2,1,1,UD:1V: GN 2550990
2026-03-24T13:40:15.938288814Z,2026-03-24T13:40:15.629223999Z,1,1,42384779,T,B,0,273.500000000,1,0,13735,689752990,272.500000000,273.500000000,31,1,6,1,ESM6 P6600
2026-03-24T13:40:19.707094204Z,2026-03-24T13:40:19.073181269Z,1,1,2562519,T,B,0,63.500000000,69,0,13124,259563485,62.500000000,63.500000000,157,19,2,1,UD:1V:CGN 2562519
2026-03-24T13:40:21.900925923Z,2026-03-24T13:40:21.622069065Z,1,1,42573086,T,A,0,845.000000000,1,0,17507,689862775,845.000000000,849.000000000,1,1,1,1,ESH7 P7400
2026-03-24T13:40:33.988674603Z,2026-03-24T13:40:33.365063411Z,1,1,42903306,T,A,0,10.200000000,4,0,17614,690077154,10.200000000,10.300000000,4,2,1,1,ESM6 C7375
2026-03-24T13:40:34.120184427Z,2026-03-24T13:40:33.425451555Z,1,1,42384724,T,A,0,26.000000000,10,0,13197,690079364,26.000000000,26.250000000,10,10,1,1,ESM6 C7200
2026-03-24T13:40:35.421091903Z,2026-03-24T13:40:35.137521647Z,1,1,42903306,T,A,0,10.200000000,2,0,14444,690102949,10.200000000,10.300000000,2,2,1,1,ESM6 C7375
2026-03-24T13:40:36.102079915Z,2026-03-24T13:40:35.365885727Z,1,1,42836580,T,B,0,130.500000000,2,0,11774,690110878,130.000000000,130.500000000,35,2,3,1,ESM6 P6075
2026-03-24T13:40:37.773070946Z,2026-03-24T13:40:37.715920373Z,1,1,42384724,T,A,0,26.000000000,9,0,11498,690140200,26.000000000,26.250000000,9,172,1,6,ESM6 C7200
2026-03-24T13:40:39.261362291Z,2026-03-24T13:40:38.806487377Z,1,1,2555941,T,B,0,38.250000000,1,0,11260,259704839,37.250000000,38.250000000,90,1,4,1,UD:1V: SG 2555941
2026-03-24T13:40:41.556355452Z,2026-03-24T13:40:40.635115131Z,1,1,42384718,T,B,0,259.500000000,1,0,12679,690206564,259.000000000,259.500000000,21,1,1,1,ESM6 C6600
2026-03-24T13:40:41.691796985Z,2026-03-24T13:40:40.812936571Z,1,1,42836580,T,B,0,131.500000000,2,0,16220,690208750,130.500000000,131.500000000,6,2,1,1,ESM6 P6075
2026-03-24T13:40:43.866507519Z,2026-03-24T13:40:43.157789623Z,1,1,42384718,T,B,0,259.000000000,1,0,17317,690249374,258.500000000,259.000000000,3,1,2,1,ESM6 C6600
2026-03-24T13:40:44.671531044Z,2026-03-24T13:40:43.758183905Z,1,1,42404348,T,B,0,174.000000000,1,0,17574,690264640,173.500000000,174.000000000,19,1,1,1,ESM6 C6750
2026-03-24T13:40:45.647563161Z,2026-03-24T13:40:44.646671559Z,1,1,42426302,T,B,0,86.250000000,2,0,16638,690281275,85.750000000,86.250000000,11,2,1,1,ESM6 C6950
2026-03-24T13:40:55.388380311Z,2026-03-24T13:40:54.653148813Z,1,1,42384724,T,A,0,25.750000000,10,0,12904,690431864,25.750000000,26.000000000,10,133,1,3,ESM6 C7200
2026-03-24T13:40:55.399778558Z,2026-03-24T13:40:54.653211683Z,1,1,42903306,T,A,0,10.100000000,4,0,14338,690432006,10.100000000,10.300000000,4,213,1,3,ESM6 C7375
2026-03-24T13:40:56.923821971Z,2026-03-24T13:40:55.687820809Z,1,1,42384307,T,B,0,13.000000000,4,0,15833,690454781,12.900000000,13.000000000,172,4,2,3,ESM6 P4000
2026-03-24T13:40:58.830922809Z,2026-03-24T13:40:57.354233905Z,1,1,42903306,T,A,0,10.100000000,5,0,13759,690478602,10.100000000,10.200000000,5,25,1,1,ESM6 C7375
2026-03-24T13:41:02.241966502Z,2026-03-24T13:41:01.327029215Z,1,1,42903306,T,A,0,10.100000000,5,0,15064,690544667,10.100000000,10.200000000,5,2,1,1,ESM6 C7375
2026-03-24T13:41:14.304537985Z,2026-03-24T13:41:14.151992349Z,1,1,2549454,T,A,0,35.500000000,1,0,19404,259953471,35.500000000,35.750000000,39,396,1,4,UD:1V: VT 2549454
2026-03-24T13:41:16.474155784Z,2026-03-24T13:41:16.281384449Z,1,1,42836580,T,B,0,132.500000000,2,0,11217,690798987,132.000000000,132.500000000,7,2,3,1,ESM6 P6075
2026-03-24T13:41:18.160807324Z,2026-03-24T13:41:17.649646077Z,1,1,42573086,T,A,0,848.500000000,1,0,13921,690829505,848.500000000,852.500000000,1,1,1,1,ESH7 P7400
2026-03-24T13:41:35.530490787Z,2026-03-24T13:41:35.510845453Z,1,1,42573086,T,A,0,848.000000000,1,0,12534,691114842,848.000000000,851.500000000,1,10,1,2,ESH7 P7400
2026-03-24T13:41:36.200700802Z,2026-03-24T13:41:36.011329241Z,1,1,42372969,T,A,0,69.250000000,1,0,13545,691127762,69.250000000,69.500000000,1,34,1,2,ESM6 C7000
2026-03-24T13:41:38.419524453Z,2026-03-24T13:41:38.129729699Z,1,1,42783702,T,A,0,273.000000000,2,0,12182,691168307,273.000000000,274.000000000,2,7,1,3,ESM6 C6575
2026-03-24T13:41:38.770473089Z,2026-03-24T13:41:38.235979699Z,1,1,42366461,T,B,0,15.600000000,3,0,13171,691174435,15.500000000,15.600000000,139,3,1,1,ESM6 P4200
2026-03-24T13:41:38.843805905Z,2026-03-24T13:41:38.274551819Z,1,1,42384724,T,A,0,25.750000000,10,0,17074,691175712,25.750000000,26.000000000,10,173,1,5,ESM6 C7200
2026-03-24T13:41:39.501509871Z,2026-03-24T13:41:38.889551321Z,1,1,42384779,T,B,0,277.000000000,1,0,14477,691186431,276.000000000,277.000000000,3,1,1,1,ESM6 P6600
2026-03-24T13:41:39.555011843Z,2026-03-24T13:41:38.897835431Z,1,1,42409648,T,A,0,199.000000000,2,0,14668,691187281,199.000000000,200.000000000,2,22,1,3,ESM6 C6700
2026-03-24T13:41:39.832075015Z,2026-03-24T13:41:38.913711147Z,1,1,2551595,T,B,0,65.000000000,11,0,13833,260132652,64.000000000,65.000000000,16,50,2,1,UD:1V: GN 2551595
2026-03-24T13:41:40.191008537Z,2026-03-24T13:41:39.045567767Z,1,1,42903306,T,A,0,10.100000000,5,0,14313,691197805,10.100000000,10.300000000,5,228,1,3,ESM6 C7375
2026-03-24T13:41:40.223688497Z,2026-03-24T13:41:39.057696415Z,1,1,2551595,T,B,0,65.000000000,9,0,14064,260136001,64.000000000,65.000000000,2,39,1,1,UD:1V: GN 2551595
2026-03-24T13:41:40.228088831Z,2026-03-24T13:41:39.057707561Z,1,1,2551595,T,B,0,65.000000000,1,0,13904,260136046,64.000000000,65.000000000,2,30,1,1,UD:1V: GN 2551595
2026-03-24T13:41:40.257047123Z,2026-03-24T13:41:39.078183891Z,1,1,2551595,T,B,0,65.000000000,3,0,14369,260136293,64.000000000,65.000000000,2,29,1,1,UD:1V: GN 2551595
2026-03-24T13:41:40.271741281Z,2026-03-24T13:41:39.078250721Z,1,1,2551595,T,B,0,65.000000000,1,0,13814,260136420,64.000000000,65.000000000,2,26,1,1,UD:1V: GN 2551595
2026-03-24T13:41:41.024002323Z,2026-03-24T13:41:39.822931485Z,1,1,42384724,T,A,0,25.750000000,9,0,13625,691211316,25.750000000,26.000000000,9,305,1,8,ESM6 C7200
2026-03-24T13:41:41.879807156Z,2026-03-24T13:41:40.618285661Z,1,1,42836580,T,B,0,133.500000000,2,0,15042,691225995,133.000000000,133.500000000,36,2,4,1,ESM6 P6075
2026-03-24T13:41:43.203001699Z,2026-03-24T13:41:41.649417093Z,1,1,2551595,T,B,0,65.000000000,7,0,11426,260156788,64.000000000,65.000000000,15,25,2,1,UD:1V: GN 2551595
2026-03-24T13:41:43.306377022Z,2026-03-24T13:41:41.716165781Z,1,1,2551595,T,B,0,65.000000000,2,0,14027,260157596,64.000000000,65.000000000,16,18,2,1,UD:1V: GN 2551595
2026-03-24T13:41:43.827792337Z,2026-03-24T13:41:42.048170565Z,1,1,2551595,T,B,0,65.000000000,16,0,14599,260161721,64.250000000,65.000000000,14,16,1,1,UD:1V: GN 2551595
2026-03-24T13:41:46.774045423Z,2026-03-24T13:41:45.767678151Z,1,1,42573086,T,A,0,851.500000000,9,0,11055,691311177,851.500000000,855.000000000,9,1,1,1,ESH7 P7400
2026-03-24T13:41:46.805522814Z,2026-03-24T13:41:45.814653427Z,1,1,2561974,T,B,0,35.750000000,25,0,16925,260186407,33.750000000,35.750000000,25,25,1,1,UD:1V: 12 2561974
2026-03-24T13:41:47.864525974Z,2026-03-24T13:41:47.430878833Z,1,1,2545971,T,B,0,7.000000000,17,0,18055,260196968,5.900000000,7.000000000,40,17,1,1,UD:1V: GN 2545971
2026-03-24T13:41:48.228385641Z,2026-03-24T13:41:47.891151369Z,1,1,42384725,T,B,0,8.800000000,13,0,12764,691339550,8.700000000,8.800000000,41,50,3,1,ESM6 C7400
2026-03-24T13:41:48.372901185Z,2026-03-24T13:41:48.040056959Z,1,1,42681742,T,A,0,32.000000000,1,0,14211,691342454,32.000000000,32.500000000,1,155,1,4,ESZ6 C7950
2026-03-24T13:41:48.514733243Z,2026-03-24T13:41:48.124550091Z,1,1,42384718,T,A,0,256.000000000,2,0,17024,691345259,256.000000000,257.000000000,2,3,1,1,ESM6 C6600
2026-03-24T13:41:48.596708067Z,2026-03-24T13:41:48.228399579Z,1,1,42384725,T,B,0,8.800000000,5,0,16776,691346475,8.700000000,8.800000000,41,37,3,1,ESM6 C7400
2026-03-24T13:41:49.910568388Z,2026-03-24T13:41:49.809297621Z,1,1,2547423,T,A,0,130.000000000,5,0,16070,260215856,130.000000000,130.500000000,5,111,1,3,UD:1V: VT 2547423
2026-03-24T13:41:50.979147228Z,2026-03-24T13:41:50.718149925Z,1,1,42384725,T,B,0,8.800000000,32,0,11215,691388707,8.700000000,8.800000000,41,32,3,1,ESM6 C7400
2026-03-24T13:41:51.068361475Z,2026-03-24T13:41:50.929092707Z,1,1,42521843,T,A,0,883.500000000,8,0,12819,691391432,883.500000000,887.500000000,8,8,2,2,ESH7 P7450
2026-03-24T13:41:52.950269881Z,2026-03-24T13:41:52.949788957Z,1,1,42384724,T,A,0,25.500000000,11,0,13918,691414864,25.500000000,26.000000000,11,282,1,8,ESM6 C7200
2026-03-24T13:41:53.804943449Z,2026-03-24T13:41:53.496935853Z,1,1,42384718,T,B,0,256.000000000,1,0,11197,691425670,255.500000000,256.000000000,16,1,4,1,ESM6 C6600
2026-03-24T13:41:56.161287294Z,2026-03-24T13:41:55.801869047Z,1,1,42384718,T,A,0,255.500000000,1,0,17300,691465501,255.500000000,256.000000000,1,1,1,1,ESM6 C6600
2026-03-24T13:41:56.547749427Z,2026-03-24T13:41:56.139474385Z,1,1,42404348,T,A,0,171.000000000,1,0,11246,691472067,171.000000000,172.000000000,1,68,1,6,ESM6 C6750
2026-03-24T13:41:57.200153486Z,2026-03-24T13:41:56.789724815Z,1,1,42760602,T,A,0,240.000000000,2,0,16240,691483357,240.000000000,241.000000000,2,25,1,1,ESM6 C6625
2026-03-24T13:41:57.384056087Z,2026-03-24T13:41:56.892006127Z,1,1,42378592,T,A,0,243.000000000,3,0,17082,691486431,243.000000000,244.500000000,8,92,3,4,ESM6 P6500
2026-03-24T13:41:57.395163305Z,2026-03-24T13:41:56.907352511Z,1,1,42804681,T,A,0,269.500000000,3,0,11269,691486635,269.500000000,270.500000000,3,25,1,1,ESM6 P6575
2026-03-24T13:41:58.115625156Z,2026-03-24T13:41:57.822963313Z,1,1,42919922,T,A,0,211.000000000,5,0,17285,691499464,211.000000000,212.000000000,6,58,2,4,ESM6 C6675
2026-03-24T13:41:58.958201449Z,2026-03-24T13:41:58.245317037Z,1,1,42366509,T,A,0,225.000000000,2,0,16418,691514975,225.000000000,226.000000000,2,20,1,2,ESM6 C6650
2026-03-24T13:41:58.961771118Z,2026-03-24T13:41:58.245342299Z,1,1,42903306,T,A,0,10.000000000,4,0,11085,691515055,10.000000000,10.300000000,4,417,1,7,ESM6 C7375
2026-03-24T13:41:59.456215185Z,2026-03-24T13:41:58.605046897Z,1,1,42836580,T,B,0,135.000000000,2,0,11685,691523201,134.500000000,135.000000000,28,2,1,1,ESM6 P6075
2026-03-24T13:41:59.551102950Z,2026-03-24T13:41:58.634476561Z,1,1,42760602,T,A,0,239.500000000,2,0,14589,691525204,239.500000000,240.500000000,2,3,1,1,ESM6 C6625
2026-03-24T13:42:01.440498374Z,2026-03-24T13:42:00.159053343Z,1,1,42384718,T,B,0,255.000000000,1,0,11647,691557902,252.000000000,255.000000000,19,1,1,1,ESM6 C6600
2026-03-24T13:42:02.336644155Z,2026-03-24T13:42:00.904532123Z,1,1,42384725,T,B,0,8.800000000,13,0,13611,691572856,8.600000000,8.800000000,13,50,1,1,ESM6 C7400
2026-03-24T13:42:02.385953038Z,2026-03-24T13:42:00.931219283Z,1,1,42384725,T,B,0,8.800000000,1,0,13757,691573573,8.600000000,8.800000000,13,37,1,1,ESM6 C7400
2026-03-24T13:42:02.773467110Z,2026-03-24T13:42:01.169567095Z,1,1,42384725,T,B,0,8.800000000,1,0,14927,691580185,8.300000000,8.800000000,187,36,1,1,ESM6 C7400
2026-03-24T13:42:02.794332755Z,2026-03-24T13:42:01.176089927Z,1,1,42384725,T,B,0,8.800000000,6,0,11636,691580385,8.600000000,8.800000000,13,35,1,1,ESM6 C7400
2026-03-24T13:42:04.238785334Z,2026-03-24T13:42:02.161579893Z,1,1,42521843,T,A,0,884.000000000,11,0,10363,691602846,884.000000000,,35,0,1,0,ESH7 P7450
2026-03-24T13:42:04.467607827Z,2026-03-24T13:42:02.173551843Z,1,1,42384725,T,B,0,8.800000000,1,0,17003,691606853,8.300000000,8.800000000,200,29,2,1,ESM6 C7400
2026-03-24T13:42:04.561692539Z,2026-03-24T13:42:02.231924985Z,1,1,42384725,T,B,0,8.800000000,1,0,16648,691607603,8.300000000,8.800000000,200,28,2,1,ESM6 C7400
2026-03-24T13:42:04.580725083Z,2026-03-24T13:42:02.241625401Z,1,1,42384725,T,B,0,8.800000000,1,0,16390,691607802,8.300000000,8.800000000,200,27,2,1,ESM6 C7400
2026-03-24T13:42:04.651649563Z,2026-03-24T13:42:02.274758329Z,1,1,42384725,T,B,0,8.800000000,10,0,15159,691608382,8.300000000,8.800000000,200,26,2,1,ESM6 C7400
2026-03-24T13:42:04.740601787Z,2026-03-24T13:42:02.336655139Z,1,1,42384725,T,B,0,8.800000000,11,0,16323,691609114,8.300000000,8.800000000,200,16,2,1,ESM6 C7400
2026-03-24T13:42:05.288771487Z,2026-03-24T13:42:02.679901303Z,1,1,42384725,T,B,0,8.800000000,4,0,15554,691614137,8.300000000,8.800000000,272,5,4,1,ESM6 C7400
2026-03-24T13:42:05.487070587Z,2026-03-24T13:42:02.807578051Z,1,1,42384725,T,B,0,8.800000000,1,0,11300,691615857,8.300000000,8.800000000,272,1,4,1,ESM6 C7400
2026-03-24T13:42:13.622085668Z,2026-03-24T13:42:12.291612465Z,1,1,42384725,T,B,0,8.800000000,13,0,14119,691757768,8.700000000,8.800000000,57,50,3,1,ESM6 C7400
2026-03-24T13:42:17.515543711Z,2026-03-24T13:42:16.418257491Z,1,1,2562519,T,A,0,63.500000000,31,0,17051,260415850,63.500000000,63.750000000,31,50,1,1,UD:1V:CGN 2562519
2026-03-24T13:42:18.518612442Z,2026-03-24T13:42:17.299357809Z,1,1,42384725,T,B,0,8.800000000,15,0,13108,691842222,8.700000000,8.800000000,13,37,2,1,ESM6 C7400
2026-03-24T13:42:19.214477750Z,2026-03-24T13:42:18.049219207Z,1,1,42384725,T,B,0,8.800000000,9,0,11573,691855292,8.700000000,8.800000000,13,22,2,1,ESM6 C7400
2026-03-24T13:42:19.660689523Z,2026-03-24T13:42:18.801518157Z,1,1,42384725,T,B,0,8.800000000,4,0,16742,691863158,8.700000000,8.800000000,13,13,2,1,ESM6 C7400
2026-03-24T13:42:20.118579474Z,2026-03-24T13:42:19.540409275Z,1,1,42384725,T,B,0,8.800000000,7,0,13305,691872356,8.700000000,8.800000000,82,9,4,1,ESM6 C7400
2026-03-24T13:42:20.180702195Z,2026-03-24T13:42:19.688679341Z,1,1,42384725,T,B,0,8.800000000,2,0,14192,691873708,8.700000000,8.800000000,82,2,4,1,ESM6 C7400
2026-03-24T13:42:31.053892481Z,2026-03-24T13:42:30.412479459Z,1,1,2696200,T,A,0,138.500000000,1,0,16380,260519951,138.500000000,139.000000000,1,152,1,6,UD:1V: VT 2696200
2026-03-24T13:42:35.206831862Z,2026-03-24T13:42:35.202671599Z,1,1,2696200,T,A,0,138.500000000,1,0,13557,260553447,138.500000000,139.000000000,1,309,1,7,UD:1V: VT 2696200
2026-03-24T13:42:38.227889067Z,2026-03-24T13:42:37.584399125Z,1,1,42559352,T,A,0,162.500000000,3,0,16305,692186184,162.500000000,163.500000000,3,6,1,1,ESH7 P5250
2026-03-24T13:42:50.952310859Z,2026-03-24T13:42:49.719749757Z,1,1,42384724,T,A,0,26.250000000,10,0,16091,692400031,26.250000000,26.500000000,10,117,1,5,ESM6 C7200
2026-03-24T13:42:50.960498924Z,2026-03-24T13:42:49.722024939Z,1,1,42836580,T,B,0,131.000000000,2,0,11521,692400195,130.500000000,131.000000000,37,2,4,1,ESM6 P6075
2026-03-24T13:42:52.921856775Z,2026-03-24T13:42:52.250841065Z,1,1,42384729,T,A,0,1.300000000,2,0,13994,692435883,1.300000000,1.400000000,2,258,1,3,ESM6 C7900
2026-03-24T13:42:54.065676774Z,2026-03-24T13:42:53.838955685Z,1,1,42409696,T,B,0,3.700000000,7,0,17999,692459246,3.600000000,3.700000000,219,7,3,1,ESM6 P2800
2026-03-24T13:42:54.275228414Z,2026-03-24T13:42:54.080515119Z,1,1,42384718,T,B,0,260.000000000,1,0,12648,692463634,259.500000000,260.000000000,6,1,3,1,ESM6 C6600
2026-03-24T13:42:55.577510665Z,2026-03-24T13:42:55.468353825Z,1,1,42384718,T,B,0,260.500000000,1,0,18439,692489572,260.000000000,260.500000000,1,1,1,1,ESM6 C6600
2026-03-24T13:43:01.352425129Z,2026-03-24T13:43:00.785327785Z,1,1,42394804,T,B,0,255.000000000,1,0,13205,692573598,254.000000000,255.000000000,42,1,6,1,ESM6 P6550
2026-03-24T13:43:01.505476198Z,2026-03-24T13:43:00.974384987Z,1,1,42409696,T,B,0,3.700000000,7,0,15929,692576388,3.600000000,3.700000000,193,7,2,1,ESM6 P2800
2026-03-24T13:43:02.759047199Z,2026-03-24T13:43:01.950511975Z,1,1,42903306,T,A,0,10.300000000,2,0,13442,692600593,10.300000000,10.500000000,2,318,1,6,ESM6 C7375
2026-03-24T13:43:04.139793626Z,2026-03-24T13:43:03.153540287Z,1,1,42853804,T,B,0,304.000000000,7,0,16028,692625370,303.500000000,304.000000000,3,7,1,1,ESM6 P6675
2026-03-24T13:43:05.289577457Z,2026-03-24T13:43:04.514049215Z,1,1,42384725,T,B,0,9.000000000,1,0,15779,692645774,8.900000000,9.000000000,2,50,1,1,ESM6 C7400
2026-03-24T13:43:09.742642566Z,2026-03-24T13:43:09.555481243Z,1,1,42384725,T,B,0,9.000000000,6,0,16158,692717760,8.900000000,9.000000000,2,49,1,1,ESM6 C7400
2026-03-24T13:43:10.909705708Z,2026-03-24T13:43:10.237345797Z,1,1,42903306,T,A,0,10.300000000,5,0,18148,692733223,10.300000000,10.500000000,5,443,1,8,ESM6 C7375
2026-03-24T13:43:12.447436487Z,2026-03-24T13:43:11.931136787Z,1,1,42384725,T,B,0,9.000000000,6,0,13571,692755579,8.900000000,9.000000000,2,43,1,1,ESM6 C7400
2026-03-24T13:43:12.505358272Z,2026-03-24T13:43:12.055041799Z,1,1,42384725,T,B,0,9.000000000,1,0,13685,692756549,8.900000000,9.000000000,2,37,1,1,ESM6 C7400
2026-03-24T13:43:13.110992895Z,2026-03-24T13:43:12.816022317Z,1,1,42384725,T,B,0,9.000000000,6,0,13837,692768220,8.900000000,9.000000000,2,36,1,1,ESM6 C7400
2026-03-24T13:43:13.435264707Z,2026-03-24T13:43:13.187741979Z,1,1,42384725,T,B,0,9.000000000,1,0,13116,692774506,8.900000000,9.000000000,2,30,1,1,ESM6 C7400
2026-03-24T13:43:13.569098878Z,2026-03-24T13:43:13.351461971Z,1,1,42384725,T,B,0,9.000000000,5,0,11667,692776955,8.900000000,9.000000000,2,29,1,1,ESM6 C7400
2026-03-24T13:43:13.812769876Z,2026-03-24T13:43:13.811997817Z,1,1,42384725,T,B,0,9.000000000,5,0,13780,692782001,8.900000000,9.000000000,51,24,3,1,ESM6 C7400
2026-03-24T13:43:13.905718557Z,2026-03-24T13:43:13.868114797Z,1,1,42384725,T,B,0,9.000000000,19,0,15337,692783010,8.900000000,9.000000000,46,19,3,1,ESM6 C7400
2026-03-24T13:43:18.313767106Z,2026-03-24T13:43:18.283319493Z,1,1,42384725,T,B,0,9.000000000,1,0,13650,692851593,8.900000000,9.000000000,88,50,3,1,ESM6 C7400
2026-03-24T13:43:23.672734438Z,2026-03-24T13:43:23.333843233Z,1,1,42384725,T,B,0,9.000000000,5,0,17055,692926844,8.900000000,9.000000000,40,49,2,1,ESM6 C7400
2026-03-24T13:43:23.761020207Z,2026-03-24T13:43:23.464881377Z,1,1,42384725,T,B,0,9.000000000,1,0,13388,692927825,8.900000000,9.000000000,40,44,2,1,ESM6 C7400
2026-03-24T13:43:24.174621246Z,2026-03-24T13:43:23.923661333Z,1,1,42384725,T,B,0,9.000000000,4,0,15553,692933638,8.900000000,9.000000000,84,43,3,1,ESM6 C7400
2026-03-24T13:43:24.282477275Z,2026-03-24T13:43:24.044952835Z,1,1,42384725,T,B,0,9.000000000,1,0,14453,692935690,8.900000000,9.000000000,84,39,3,1,ESM6 C7400
2026-03-24T13:43:24.500156225Z,2026-03-24T13:43:24.224632455Z,1,1,42384725,T,B,0,9.000000000,1,0,13907,692940149,8.900000000,9.000000000,44,38,1,1,ESM6 C7400
2026-03-24T13:43:24.812200017Z,2026-03-24T13:43:24.449824553Z,1,1,42384725,T,B,0,9.000000000,3,0,13899,692946964,8.800000000,9.000000000,15,37,1,1,ESM6 C7400
2026-03-24T13:43:24.844616257Z,2026-03-24T13:43:24.523580075Z,1,1,42384725,T,B,0,9.000000000,1,0,16670,692947418,8.800000000,9.000000000,15,34,1,1,ESM6 C7400
2026-03-24T13:43:24.882019686Z,2026-03-24T13:43:24.571581331Z,1,1,42384725,T,B,0,9.000000000,1,0,13936,692948182,8.900000000,9.000000000,25,33,1,1,ESM6 C7400
2026-03-24T13:43:25.366218239Z,2026-03-24T13:43:25.170760361Z,1,1,42384725,T,B,0,9.000000000,4,0,13414,692955831,8.900000000,9.000000000,25,32,1,1,ESM6 C7400
2026-03-24T13:43:25.817112646Z,2026-03-24T13:43:25.677358781Z,1,1,42384725,T,B,0,9.000000000,3,0,15002,692963602,8.900000000,9.000000000,27,28,2,1,ESM6 C7400
2026-03-24T13:43:26.086275449Z,2026-03-24T13:43:26.085133953Z,1,1,42399706,T,B,0,315.500000000,7,0,14086,692966862,315.000000000,315.500000000,1,7,1,1,ESM6 P6700
2026-03-24T13:43:26.224732275Z,2026-03-24T13:43:26.198661277Z,1,1,42384725,T,B,0,9.000000000,2,0,16281,692968479,8.900000000,9.000000000,27,25,2,1,ESM6 C7400
2026-03-24T13:43:26.448871529Z,2026-03-24T13:43:26.448356011Z,1,1,42384725,T,B,0,9.000000000,2,0,16320,692970753,8.900000000,9.000000000,27,23,2,1,ESM6 C7400
2026-03-24T13:43:26.491100086Z,2026-03-24T13:43:26.473069975Z,1,1,42384725,T,B,0,9.000000000,1,0,14289,692971158,8.900000000,9.000000000,27,21,2,1,ESM6 C7400
2026-03-24T13:43:26.642033113Z,2026-03-24T13:43:26.567217583Z,1,1,42384725,T,B,0,9.000000000,1,0,13782,692974219,8.900000000,9.000000000,27,20,2,1,ESM6 C7400
2026-03-24T13:43:26.836547769Z,2026-03-24T13:43:26.706575483Z,1,1,42384725,T,B,0,9.000000000,2,0,15123,692977988,8.900000000,9.000000000,46,19,3,1,ESM6 C7400
2026-03-24T13:43:26.899123521Z,2026-03-24T13:43:26.785016775Z,1,1,42384725,T,B,0,9.000000000,1,0,11469,692979049,8.900000000,9.000000000,89,17,4,1,ESM6 C7400
2026-03-24T13:43:26.963058235Z,2026-03-24T13:43:26.907923529Z,1,1,42384725,T,B,0,9.000000000,1,0,16328,692980413,8.900000000,9.000000000,87,16,4,1,ESM6 C7400
2026-03-24T13:43:27.097835348Z,2026-03-24T13:43:27.093770831Z,1,1,2547677,T,B,0,58.250000000,10,0,16520,260899794,57.750000000,58.250000000,326,114,6,4,UD:1V: VT 2547677
2026-03-24T13:43:27.125910527Z,2026-03-24T13:43:27.120526895Z,1,1,42384725,T,B,0,9.000000000,1,0,13601,692981584,8.900000000,9.000000000,85,15,4,1,ESM6 C7400
2026-03-24T13:43:27.180267964Z,2026-03-24T13:43:27.179790959Z,1,1,42384725,T,B,0,9.000000000,1,0,13857,692981790,8.900000000,9.000000000,84,14,4,1,ESM6 C7400
2026-03-24T13:43:27.201751127Z,2026-03-24T13:43:27.201289247Z,1,1,42384725,T,B,0,9.000000000,1,0,16997,692981959,8.900000000,9.000000000,84,13,4,1,ESM6 C7400
2026-03-24T13:43:27.299344614Z,2026-03-24T13:43:27.298842337Z,1,1,42384725,T,B,0,9.000000000,1,0,13649,692982183,8.900000000,9.000000000,82,12,4,1,ESM6 C7400
2026-03-24T13:43:27.394059404Z,2026-03-24T13:43:27.371119099Z,1,1,42919944,T,B,0,137.500000000,7,0,14073,692983553,137.000000000,137.500000000,7,7,2,1,ESM6 C6825
2026-03-24T13:43:27.979111777Z,2026-03-24T13:43:27.934092195Z,1,1,42384725,T,B,0,9.000000000,2,0,14117,692989037,8.900000000,9.000000000,81,11,4,1,ESM6 C7400
2026-03-24T13:43:28.039849128Z,2026-03-24T13:43:28.030426347Z,1,1,42384725,T,B,0,9.000000000,1,0,12927,692989852,8.900000000,9.000000000,81,9,4,1,ESM6 C7400
2026-03-24T13:43:28.245674083Z,2026-03-24T13:43:28.245105457Z,1,1,42384725,T,B,0,9.000000000,2,0,19228,692990594,8.900000000,9.000000000,70,8,3,1,ESM6 C7400
2026-03-24T13:43:28.279955198Z,2026-03-24T13:43:28.262268159Z,1,1,42384725,T,B,0,9.000000000,1,0,14281,692991115,8.900000000,9.000000000,70,6,3,1,ESM6 C7400
2026-03-24T13:43:28.306090140Z,2026-03-24T13:43:28.273845203Z,1,1,42384725,T,B,0,9.000000000,1,0,14215,692991707,8.900000000,9.000000000,70,5,3,1,ESM6 C7400
2026-03-24T13:43:28.394253545Z,2026-03-24T13:43:28.287956561Z,1,1,42384725,T,B,0,9.000000000,1,0,11494,692993247,8.900000000,9.000000000,85,4,4,1,ESM6 C7400
2026-03-24T13:43:28.422763116Z,2026-03-24T13:43:28.288291203Z,1,1,42384725,T,B,0,9.000000000,3,0,13338,692993788,8.900000000,9.000000000,85,3,4,1,ESM6 C7400
2026-03-24T13:43:32.868884510Z,2026-03-24T13:43:32.868449777Z,1,1,42409648,T,B,0,201.000000000,7,0,14200,693053600,200.500000000,201.000000000,18,7,2,1,ESM6 C6700
2026-03-24T13:43:40.953896792Z,2026-03-24T13:43:40.700288501Z,1,1,42836580,T,B,0,132.000000000,2,0,11337,693144571,131.500000000,132.000000000,68,2,6,1,ESM6 P6075
2026-03-24T13:43:44.084545798Z,2026-03-24T13:43:43.944041405Z,1,1,42384724,T,A,0,26.000000000,10,0,14083,693186973,26.000000000,26.250000000,10,135,1,7,ESM6 C7200
2026-03-24T13:43:44.807941332Z,2026-03-24T13:43:44.750061661Z,1,1,42384718,T,B,0,258.500000000,1,0,15017,693201358,258.000000000,258.500000000,32,1,6,1,ESM6 C6600
2026-03-24T13:43:55.926890745Z,2026-03-24T13:43:55.770358075Z,1,1,42384724,T,A,0,26.000000000,11,0,11200,693329928,26.000000000,26.250000000,11,256,1,10,ESM6 C7200
2026-03-24T13:43:56.040817287Z,2026-03-24T13:43:55.770544001Z,1,1,42836580,T,B,0,132.500000000,1,0,12391,693331477,132.000000000,132.500000000,72,2,5,1,ESM6 P6075
2026-03-24T13:43:56.254410310Z,2026-03-24T13:43:55.827687137Z,1,1,42836580,T,B,0,132.500000000,1,0,13975,693334091,132.000000000,132.500000000,74,1,6,1,ESM6 P6075
2026-03-24T13:43:57.628263993Z,2026-03-24T13:43:57.542952365Z,1,1,42384718,T,B,0,258.500000000,1,0,13001,693355550,258.000000000,258.500000000,9,1,3,1,ESM6 C6600
2026-03-24T13:44:00.935841438Z,2026-03-24T13:44:00.661788249Z,1,1,42384718,T,B,0,259.000000000,1,0,16432,693398879,258.500000000,259.000000000,4,1,1,1,ESM6 C6600
2026-03-24T13:44:02.562810349Z,2026-03-24T13:44:02.546273493Z,1,1,42404348,T,B,0,173.500000000,4,0,17100,693423008,173.000000000,173.500000000,62,4,7,1,ESM6 C6750
2026-03-24T13:44:21.641575385Z,2026-03-24T13:44:21.552538337Z,1,1,42409647,T,B,0,31.500000000,3,0,13721,693664149,31.250000000,31.500000000,173,3,6,1,ESM6 P4950
2026-03-24T13:44:26.604413889Z,2026-03-24T13:44:26.579001439Z,1,1,42836577,T,B,0,161.000000000,3,0,13864,693729258,160.500000000,161.000000000,27,3,4,1,ESM6 C6775
2026-03-24T13:44:27.387720646Z,2026-03-24T13:44:27.387212663Z,1,1,42821843,T,B,0,187.000000000,3,0,13677,693733185,186.500000000,187.000000000,68,3,6,1,ESM6 C6725
2026-03-24T13:44:30.925208926Z,2026-03-24T13:44:30.899716763Z,1,1,42919922,T,B,0,214.500000000,3,0,11218,693771371,214.000000000,214.500000000,42,3,5,1,ESM6 C6675
2026-03-24T13:44:32.500890011Z,2026-03-24T13:44:32.294048049Z,1,1,42821843,T,B,0,186.500000000,3,0,13667,693793132,186.000000000,186.500000000,31,3,4,1,ESM6 C6725
2026-03-24T13:44:32.539035745Z,2026-03-24T13:44:32.413817183Z,1,1,2561974,T,B,0,36.500000000,25,0,12841,261250523,34.250000000,36.500000000,63,25,2,1,UD:1V: 12 2561974
2026-03-24T13:44:33.090657124Z,2026-03-24T13:44:33.090156357Z,1,1,42372949,T,B,0,148.500000000,3,0,16496,693802213,148.000000000,148.500000000,20,3,5,1,ESM6 C6800
2026-03-24T13:44:33.465164321Z,2026-03-24T13:44:33.464665483Z,1,1,42384718,T,A,0,258.500000000,6,0,12848,693806279,258.500000000,259.000000000,6,39,1,4,ESM6 C6600
2026-03-24T13:44:34.483680169Z,2026-03-24T13:44:34.480037341Z,1,1,42836580,T,B,0,132.500000000,2,0,13273,693819497,132.000000000,132.500000000,84,2,7,1,ESM6 P6075
2026-03-24T13:44:34.714753471Z,2026-03-24T13:44:34.682293167Z,1,1,42853804,T,B,0,306.000000000,3,0,14220,693821150,305.000000000,306.000000000,17,3,6,1,ESM6 P6675
2026-03-24T13:44:53.144959236Z,2026-03-24T13:44:53.144410569Z,1,1,42372949,T,B,0,148.500000000,1,0,11441,694033910,148.000000000,148.500000000,45,3,5,1,ESM6 C6800
2026-03-24T13:44:53.146738580Z,2026-03-24T13:44:53.146285235Z,1,1,42372949,T,B,0,148.500000000,2,0,13682,694033914,148.000000000,148.500000000,45,2,5,1,ESM6 C6800
2026-03-24T13:44:53.749660879Z,2026-03-24T13:44:53.739838411Z,1,1,42760602,T,B,0,243.500000000,3,0,11324,694040918,243.000000000,243.500000000,37,3,4,1,ESM6 C6625
2026-03-24T13:44:54.642700639Z,2026-03-24T13:44:54.629032723Z,1,1,42836580,T,B,0,132.500000000,2,0,11717,694046363,132.000000000,132.500000000,60,2,5,1,ESM6 P6075
2026-03-24T13:44:58.069661838Z,2026-03-24T13:44:57.973383299Z,1,1,42821843,T,B,0,186.500000000,3,0,12898,694075368,185.500000000,186.500000000,5,3,2,1,ESM6 C6725
2026-03-24T13:44:59.654702379Z,2026-03-24T13:44:59.570703659Z,1,1,42804681,T,B,0,266.500000000,1,0,11812,694097248,264.500000000,266.500000000,32,3,2,1,ESM6 P6575
2026-03-24T13:44:59.779400345Z,2026-03-24T13:44:59.768429643Z,1,1,42384724,T,A,0,26.000000000,8,0,11186,694100320,26.000000000,26.500000000,8,115,1,2,ESM6 C7200
2026-03-24T13:45:00.073108217Z,2026-03-24T13:45:00.059002559Z,1,1,42399704,T,B,0,295.500000000,3,0,11427,694102625,293.000000000,295.500000000,1,3,1,1,ESM6 P6650
2026-03-24T13:45:00.823668495Z,2026-03-24T13:45:00.822135627Z,1,1,42384724,T,A,0,26.000000000,1,0,15795,694111242,26.000000000,26.250000000,10,27,1,1,ESM6 C7200
2026-03-24T13:45:00.959094113Z,2026-03-24T13:45:00.958627541Z,1,1,42384724,T,A,0,26.000000000,9,0,16624,694111528,26.000000000,26.250000000,9,36,1,2,ESM6 C7200
2026-03-24T13:45:01.888773980Z,2026-03-24T13:45:01.888319865Z,1,1,42836577,T,B,0,160.000000000,3,0,14621,694121266,159.000000000,160.000000000,3,3,1,1,ESM6 C6775
2026-03-24T13:45:02.740728670Z,2026-03-24T13:45:02.740233375Z,1,1,42384718,T,B,0,258.000000000,1,0,16094,694125604,257.000000000,258.000000000,14,1,3,1,ESM6 C6600
2026-03-24T13:45:04.808911983Z,2026-03-24T13:45:04.788297451Z,1,1,42384718,T,B,0,258.000000000,1,0,14383,694137333,257.000000000,258.000000000,4,1,2,1,ESM6 C6600
2026-03-24T13:45:05.263329902Z,2026-03-24T13:45:05.263056255Z,1,1,42903306,T,A,0,10.300000000,5,0,16633,694138542,10.300000000,10.500000000,5,71,1,3,ESM6 C7375
2026-03-24T13:45:05.752257455Z,2026-03-24T13:45:05.731341617Z,1,1,42384718,T,B,0,258.000000000,1,0,14828,694141818,257.000000000,258.000000000,3,1,2,1,ESM6 C6600
2026-03-24T13:45:10.624499059Z,2026-03-24T13:45:10.351992713Z,1,1,42903306,T,A,0,10.200000000,4,0,14921,694199211,10.200000000,10.400000000,4,2,1,1,ESM6 C7375
2026-03-24T13:45:10.760875242Z,2026-03-24T13:45:10.660213685Z,1,1,42384729,T,A,0,1.350000000,2,0,13991,694201527,1.350000000,1.500000000,2,384,1,3,ESM6 C7900
2026-03-24T13:45:11.323881481Z,2026-03-24T13:45:10.838769881Z,1,1,2522986,T,B,0,44.250000000,2,0,14174,261426839,44.000000000,44.250000000,294,2,4,1,UD:1V: VT 2522986
2026-03-24T13:45:12.404676322Z,2026-03-24T13:45:12.040902515Z,1,1,42384729,T,A,0,1.350000000,2,0,16403,694225785,1.350000000,1.450000000,2,256,1,3,ESM6 C7900
2026-03-24T13:45:13.259246854Z,2026-03-24T13:45:13.258981289Z,1,1,42384729,T,A,0,1.350000000,2,0,16578,694238116,1.350000000,1.450000000,2,256,1,3,ESM6 C7900
2026-03-24T13:45:14.419405648Z,2026-03-24T13:45:14.390579157Z,1,1,42384729,T,A,0,1.350000000,3,0,14686,694251265,1.350000000,1.450000000,3,282,1,4,ESM6 C7900
2026-03-24T13:45:14.808686130Z,2026-03-24T13:45:14.726701597Z,1,1,42384718,T,B,0,258.000000000,3,0,16780,694254092,257.000000000,258.000000000,41,3,5,1,ESM6 C6600
2026-03-24T13:45:16.641144607Z,2026-03-24T13:45:15.987788329Z,1,1,42384729,T,A,0,1.350000000,3,0,12882,694281486,1.350000000,1.450000000,3,293,1,4,ESM6 C7900
2026-03-24T13:45:19.242250631Z,2026-03-24T13:45:18.495815349Z,1,1,42384729,T,A,0,1.350000000,2,0,13012,694320822,1.350000000,1.450000000,2,291,1,5,ESM6 C7900
2026-03-24T13:45:19.424466999Z,2026-03-24T13:45:18.519543699Z,1,1,42426302,T,B,0,86.750000000,1,0,15499,694323790,86.000000000,86.750000000,27,2,1,1,ESM6 C6950
2026-03-24T13:45:22.042138108Z,2026-03-24T13:45:21.397101343Z,1,1,42836578,T,B,0,78.250000000,2,0,18780,694366507,77.500000000,78.250000000,2,2,1,1,ESM6 C6975
2026-03-24T13:45:23.178967881Z,2026-03-24T13:45:22.543208629Z,1,1,2522986,T,B,0,44.500000000,2,0,19432,261511593,44.250000000,44.500000000,522,2,7,1,UD:1V: VT 2522986
2026-03-24T13:45:33.390827694Z,2026-03-24T13:45:33.210443189Z,1,1,42399612,T,B,0,39.250000000,2,0,20803,694532450,39.000000000,39.250000000,66,7,2,1,ESM6 P5150
2026-03-24T13:45:33.449070328Z,2026-03-24T13:45:33.232058963Z,1,1,42854015,T,B,0,326.000000000,7,0,14494,694533379,325.500000000,326.000000000,21,7,2,1,ESM6 P6725
2026-03-24T13:45:35.003556663Z,2026-03-24T13:45:34.207012709Z,1,1,42836580,T,B,0,132.000000000,2,0,12953,694559297,131.000000000,132.000000000,2,2,1,1,ESM6 P6075
2026-03-24T13:45:36.211924045Z,2026-03-24T13:45:34.731206069Z,1,1,42903306,T,A,0,10.300000000,5,0,14240,694571502,10.300000000,10.500000000,5,180,1,5,ESM6 C7375
2026-03-24T13:45:37.470071340Z,2026-03-24T13:45:35.738277147Z,1,1,42836580,T,A,0,132.000000000,2,0,14202,694589329,132.000000000,133.000000000,28,7,1,3,ESM6 P6075
2026-03-24T13:45:41.654479123Z,2026-03-24T13:45:40.224857735Z,1,1,42821843,T,A,0,187.000000000,1,0,17110,694653886,187.000000000,188.000000000,1,13,1,5,ESM6 C6725
2026-03-24T13:45:41.715280601Z,2026-03-24T13:45:40.324555549Z,1,1,42821843,T,B,0,187.000000000,6,0,12410,694655266,186.500000000,187.000000000,25,6,4,1,ESM6 C6725
2026-03-24T13:45:47.160438993Z,2026-03-24T13:45:46.540155959Z,1,1,42366509,T,B,0,230.000000000,3,0,13619,694742045,229.500000000,230.000000000,26,7,5,1,ESM6 C6650
2026-03-24T13:45:47.202678859Z,2026-03-24T13:45:46.611779161Z,1,1,42919921,T,B,0,307.500000000,7,0,15320,694742838,307.000000000,307.500000000,7,7,3,1,ESM6 C6525
2026-03-24T13:45:49.619294482Z,2026-03-24T13:45:49.432880435Z,1,1,42372949,T,B,0,149.500000000,2,0,11370,694783155,149.000000000,149.500000000,35,7,7,1,ESM6 C6800
2026-03-24T13:45:49.903885771Z,2026-03-24T13:45:49.633388271Z,1,1,42760625,T,B,0,246.500000000,7,0,14115,694788481,246.000000000,246.500000000,7,7,3,1,ESM6 P6525
2026-03-24T13:45:50.880030076Z,2026-03-24T13:45:50.878674313Z,1,1,2672880,T,A,0,80.750000000,63,0,13618,261703258,80.750000000,81.250000000,63,75,1,2,UD:1V: VT 2672880
2026-03-24T13:45:50.884040536Z,2026-03-24T13:45:50.879289359Z,1,1,2561594,T,A,0,-2.650000000,29,0,13022,261703265,-2.650000000,-2.150000000,29,113,1,2,UD:1V: 12 2561594
2026-03-24T13:45:55.539460715Z,2026-03-24T13:45:55.208039907Z,1,1,42760625,T,B,0,247.500000000,7,0,15999,694880224,247.000000000,247.500000000,23,7,3,1,ESM6 P6525
2026-03-24T13:45:56.108290163Z,2026-03-24T13:45:55.570121749Z,1,1,42384729,T,A,0,1.350000000,3,0,12765,694888939,1.350000000,1.450000000,3,296,1,4,ESM6 C7900
2026-03-24T13:45:59.577995941Z,2026-03-24T13:45:58.125183721Z,1,1,42760625,T,B,0,247.500000000,7,0,14045,694938963,247.000000000,247.500000000,45,7,3,1,ESM6 P6525
2026-03-24T13:46:03.690540436Z,2026-03-24T13:46:02.333084891Z,1,1,42760625,T,B,0,247.500000000,7,0,16757,695004094,247.000000000,247.500000000,43,7,4,1,ESM6 P6525
2026-03-24T13:46:12.994677942Z,2026-03-24T13:46:11.034868269Z,1,1,42426302,T,B,0,86.500000000,2,0,15365,695142041,85.500000000,86.500000000,6,27,3,1,ESM6 C6950
2026-03-24T13:46:22.974275060Z,2026-03-24T13:46:20.610982685Z,1,1,42409657,T,A,0,68.000000000,1,0,13343,695293636,68.000000000,68.250000000,1,37,1,1,ESM6 P5600
2026-03-24T13:46:23.193155259Z,2026-03-24T13:46:20.698802123Z,1,1,42384718,T,A,0,260.000000000,1,0,13307,695296857,260.000000000,261.500000000,5,26,2,3,ESM6 C6600
2026-03-24T13:46:23.571564233Z,2026-03-24T13:46:21.070355793Z,1,1,42384779,T,A,0,272.500000000,1,0,11293,695302418,272.500000000,273.000000000,1,3,1,1,ESM6 P6600
2026-03-24T13:46:32.058156393Z,2026-03-24T13:46:30.082075323Z,1,1,42372983,T,B,0,126.500000000,1,0,13871,695437379,126.000000000,126.500000000,58,1,6,1,ESM6 P6050
2026-03-24T13:46:32.424192345Z,2026-03-24T13:46:30.603185157Z,1,1,42821843,T,B,0,188.000000000,7,0,12824,695443780,187.500000000,188.000000000,4,7,2,1,ESM6 C6725
2026-03-24T13:46:38.251865171Z,2026-03-24T13:46:36.765080659Z,1,1,42919944,T,A,0,138.000000000,7,0,13037,695531240,138.000000000,138.500000000,21,6,1,1,ESM6 C6825
2026-03-24T13:46:41.057827609Z,2026-03-24T13:46:39.921351309Z,1,1,42372983,T,B,0,126.500000000,1,0,16257,695576358,126.000000000,126.500000000,32,1,5,1,ESM6 P6050
2026-03-24T13:46:41.371776293Z,2026-03-24T13:46:40.269685113Z,1,1,42760602,T,A,0,245.000000000,3,0,16397,695581517,245.000000000,246.000000000,3,4,2,2,ESM6 C6625
2026-03-24T13:46:41.558716190Z,2026-03-24T13:46:40.503284103Z,1,1,42760602,T,B,0,245.000000000,2,0,14156,695585165,244.500000000,245.000000000,72,4,7,1,ESM6 C6625
2026-03-24T13:46:42.272429813Z,2026-03-24T13:46:41.347289985Z,1,1,42409647,T,B,0,31.250000000,6,0,17351,695597191,31.000000000,31.250000000,198,7,7,1,ESM6 P4950
2026-03-24T13:46:42.342617211Z,2026-03-24T13:46:41.596825659Z,1,1,42372949,T,A,0,149.500000000,7,0,13928,695598609,149.500000000,150.500000000,24,26,2,3,ESM6 C6800
2026-03-24T13:46:42.345828902Z,2026-03-24T13:46:41.607851261Z,1,1,42384724,T,A,0,26.500000000,1,0,11563,695598680,26.500000000,26.750000000,1,172,1,8,ESM6 C7200
2026-03-24T13:46:43.874712734Z,2026-03-24T13:46:42.866685671Z,1,1,42919944,T,A,0,138.000000000,4,0,15268,695622964,138.000000000,139.000000000,4,12,1,5,ESM6 C6825
2026-03-24T13:46:44.255721593Z,2026-03-24T13:46:43.534545527Z,1,1,42409648,T,A,0,202.000000000,2,0,17359,695629590,202.000000000,203.000000000,2,55,1,6,ESM6 C6700
2026-03-24T13:46:44.609359907Z,2026-03-24T13:46:43.805933743Z,1,1,42409648,T,B,0,202.000000000,4,0,10599,695635467,201.500000000,202.000000000,55,4,5,1,ESM6 C6700
2026-03-24T13:46:47.968111086Z,2026-03-24T13:46:47.199850493Z,1,1,42821843,T,B,0,189.000000000,6,0,14031,695685813,188.500000000,189.000000000,24,6,3,1,ESM6 C6725
2026-03-24T13:46:48.279046095Z,2026-03-24T13:46:47.458811143Z,1,1,42384779,T,A,0,272.000000000,1,0,13801,695691189,272.000000000,272.500000000,1,3,1,1,ESM6 P6600
2026-03-24T13:46:49.935827914Z,2026-03-24T13:46:48.617389247Z,1,1,42384779,T,A,0,271.500000000,1,0,10509,695718619,271.500000000,272.000000000,1,9,1,2,ESM6 P6600
2026-03-24T13:46:55.082675541Z,2026-03-24T13:46:54.115698877Z,1,1,42384779,T,A,0,271.500000000,1,0,16533,695803466,271.500000000,272.000000000,1,28,1,3,ESM6 P6600
2026-03-24T13:46:57.548414227Z,2026-03-24T13:46:56.931161451Z,1,1,42394731,T,B,0,32.750000000,3,0,13015,695843701,32.500000000,32.750000000,261,3,9,1,ESM6 P5000
2026-03-24T13:47:01.635652705Z,2026-03-24T13:47:00.748711089Z,1,1,42439351,T,A,0,326.500000000,8,0,16531,695907914,326.500000000,328.000000000,19,19,1,1,ESU6 P6500
2026-03-24T13:47:03.229632859Z,2026-03-24T13:47:02.131194131Z,1,1,42372983,T,B,0,126.000000000,1,0,11364,695934533,125.500000000,126.000000000,8,1,2,1,ESM6 P6050
2026-03-24T13:47:04.032373841Z,2026-03-24T13:47:03.093380919Z,1,1,42384779,T,A,0,271.500000000,1,0,14170,695948988,271.500000000,272.500000000,1,4,1,2,ESM6 P6600
2026-03-24T13:47:05.070305086Z,2026-03-24T13:47:04.035705077Z,1,1,42384724,T,A,0,26.500000000,1,0,12676,695966411,26.500000000,26.750000000,1,68,1,4,ESM6 C7200
2026-03-24T13:47:08.752169475Z,2026-03-24T13:47:07.452589189Z,1,1,42384724,T,A,0,26.500000000,1,0,13414,696026539,26.500000000,26.750000000,1,176,1,8,ESM6 C7200
2026-03-24T13:47:16.167329036Z,2026-03-24T13:47:15.521925335Z,1,1,42372931,T,B,0,36.750000000,3,0,13233,696147080,36.500000000,36.750000000,33,3,4,1,ESM6 P5100
2026-03-24T13:47:21.068479433Z,2026-03-24T13:47:20.246740601Z,1,1,42409642,T,B,0,34.750000000,3,0,16908,696224826,34.500000000,34.750000000,187,3,6,1,ESM6 P5050
2026-03-24T13:47:22.421673756Z,2026-03-24T13:47:22.108022673Z,1,1,42366506,T,B,0,24.250000000,3,0,16308,696248111,24.000000000,24.250000000,242,3,8,1,ESM6 P4700
2026-03-24T13:47:22.424210193Z,2026-03-24T13:47:22.118489435Z,1,1,42867406,T,A,0,8.100000000,1,0,15468,696248148,8.100000000,8.200000000,1,23,1,3,ESM6 C7425
2026-03-24T13:47:22.464374551Z,2026-03-24T13:47:22.180770189Z,1,1,2562967,T,B,0,43.500000000,6,0,13011,262325697,42.000000000,43.500000000,92,6,2,1,UD:1V: 12 2562967
2026-03-24T13:47:23.643265993Z,2026-03-24T13:47:23.566215983Z,1,1,42384308,T,B,0,22.000000000,3,0,13086,696270415,21.750000000,22.000000000,286,3,9,1,ESM6 P4600
2026-03-24T13:47:24.733265761Z,2026-03-24T13:47:24.481331379Z,1,1,42404354,T,B,0,29.500000000,3,0,14380,696287220,29.250000000,29.500000000,397,3,11,1,ESM6 P4900
2026-03-24T13:47:26.483549478Z,2026-03-24T13:47:26.222462611Z,1,1,42372931,T,B,0,36.750000000,3,0,17004,696316423,36.500000000,36.750000000,156,3,7,1,ESM6 P5100
2026-03-24T13:47:27.775901807Z,2026-03-24T13:47:27.618999689Z,1,1,42384308,T,B,0,22.000000000,3,0,13235,696338686,21.750000000,22.000000000,265,3,8,1,ESM6 P4600
2026-03-24T13:47:30.535329844Z,2026-03-24T13:47:30.304312453Z,1,1,42366462,T,B,0,28.000000000,1,0,14235,696378513,27.750000000,28.000000000,344,3,9,1,ESM6 P4850
2026-03-24T13:47:30.535526999Z,2026-03-24T13:47:30.304349853Z,1,1,42366462,T,B,0,28.000000000,2,0,13838,696378515,27.750000000,28.000000000,344,2,9,1,ESM6 P4850
2026-03-24T13:47:31.994729827Z,2026-03-24T13:47:31.975050557Z,1,1,42366462,T,B,0,28.000000000,1,0,13998,696404739,27.750000000,28.000000000,323,3,10,1,ESM6 P4850
2026-03-24T13:47:32.347850246Z,2026-03-24T13:47:32.346611143Z,1,1,42372931,T,B,0,36.750000000,3,0,14199,696410903,36.500000000,36.750000000,83,3,5,1,ESM6 P5100
2026-03-24T13:47:38.140172318Z,2026-03-24T13:47:37.732925625Z,1,1,42384718,T,A,0,261.000000000,1,0,12915,696501736,261.000000000,261.500000000,1,38,1,6,ESM6 C6600
2026-03-24T13:47:41.025584492Z,2026-03-24T13:47:40.934790313Z,1,1,42404354,T,B,0,29.500000000,3,0,16493,696547700,29.250000000,29.500000000,479,3,13,1,ESM6 P4900
2026-03-24T13:47:41.859558052Z,2026-03-24T13:47:41.857787769Z,1,1,42404354,T,B,0,29.500000000,3,0,16557,696561832,29.250000000,29.500000000,452,3,12,1,ESM6 P4900
2026-03-24T13:47:43.284110452Z,2026-03-24T13:47:43.189237325Z,1,1,42366462,T,B,0,28.000000000,3,0,13002,696582960,27.750000000,28.000000000,462,3,12,1,ESM6 P4850
2026-03-24T13:47:46.583359985Z,2026-03-24T13:47:46.142982007Z,1,1,42404354,T,B,0,29.500000000,3,0,14297,696634255,29.250000000,29.500000000,350,3,10,1,ESM6 P4900
2026-03-24T13:47:47.569184707Z,2026-03-24T13:47:47.427518419Z,1,1,42867406,T,A,0,8.100000000,1,0,11336,696653199,8.100000000,8.200000000,1,8,1,3,ESM6 C7425
2026-03-24T13:47:49.499426854Z,2026-03-24T13:47:48.726110379Z,1,1,42867406,T,A,0,8.100000000,1,0,11155,696683698,8.100000000,8.200000000,1,24,1,3,ESM6 C7425
2026-03-24T13:47:51.364225665Z,2026-03-24T13:47:50.631624779Z,1,1,42867406,T,A,0,8.100000000,1,0,13015,696713747,8.100000000,8.200000000,1,10,1,3,ESM6 C7425
2026-03-24T13:47:52.303425507Z,2026-03-24T13:47:51.628808081Z,1,1,42372931,T,B,0,37.000000000,3,0,11220,696730072,36.500000000,37.000000000,190,5,6,2,ESM6 P5100
2026-03-24T13:47:52.304189550Z,2026-03-24T13:47:51.628822343Z,1,1,42384724,T,A,0,26.250000000,1,0,11237,696730095,26.250000000,26.500000000,1,48,1,4,ESM6 C7200
2026-03-24T13:47:54.396049720Z,2026-03-24T13:47:53.820357853Z,1,1,42384724,T,A,0,26.250000000,1,0,13801,696763225,26.250000000,26.500000000,1,247,1,8,ESM6 C7200
2026-03-24T13:47:54.504132448Z,2026-03-24T13:47:54.084605063Z,1,1,42409647,T,B,0,31.250000000,3,0,14283,696764844,31.000000000,31.250000000,315,3,9,1,ESM6 P4950
2026-03-24T13:47:59.508802020Z,2026-03-24T13:47:58.846363229Z,1,1,42399612,T,B,0,39.000000000,3,0,16354,696839234,38.750000000,39.000000000,267,3,10,1,ESM6 P5150
2026-03-24T13:48:01.098647473Z,2026-03-24T13:48:00.717104051Z,1,1,42372931,T,B,0,37.000000000,2,0,15570,696867293,36.750000000,37.000000000,43,5,4,2,ESM6 P5100
2026-03-24T13:48:13.993562585Z,2026-03-24T13:48:13.101245857Z,1,1,42399612,T,B,0,39.000000000,3,0,16583,697079061,38.750000000,39.000000000,62,3,5,1,ESM6 P5150
2026-03-24T13:48:15.230280814Z,2026-03-24T13:48:14.316024499Z,1,1,42372983,T,B,0,126.500000000,1,0,14041,697100382,126.000000000,126.500000000,47,1,9,1,ESM6 P6050
2026-03-24T13:48:17.525539550Z,2026-03-24T13:48:17.022643045Z,1,1,42384724,T,A,0,26.250000000,1,0,24278,697141893,26.250000000,26.500000000,1,134,1,7,ESM6 C7200
2026-03-24T13:48:22.255147577Z,2026-03-24T13:48:21.474094513Z,1,1,42372931,T,B,0,37.000000000,3,0,16767,697214733,36.750000000,37.000000000,109,3,6,1,ESM6 P5100
2026-03-24T13:48:25.951262648Z,2026-03-24T13:48:25.107565467Z,1,1,42372931,T,B,0,37.000000000,3,0,13257,697275966,36.750000000,37.000000000,209,3,7,1,ESM6 P5100
2026-03-24T13:48:27.367377119Z,2026-03-24T13:48:27.064900683Z,1,1,42399612,T,B,0,39.250000000,3,0,13616,697301671,39.000000000,39.250000000,180,3,8,1,ESM6 P5150
2026-03-24T13:48:30.286743054Z,2026-03-24T13:48:29.887488053Z,1,1,42394731,T,B,0,33.250000000,3,0,17189,697351758,33.000000000,33.250000000,133,3,6,1,ESM6 P5000
2026-03-24T13:48:36.467246215Z,2026-03-24T13:48:36.040946615Z,1,1,42404354,T,B,0,29.750000000,3,0,12874,697454670,29.500000000,29.750000000,373,3,9,1,ESM6 P4900
2026-03-24T13:48:38.099666667Z,2026-03-24T13:48:38.069087313Z,1,1,42404354,T,B,0,29.750000000,3,0,16298,697485499,29.500000000,29.750000000,415,3,11,1,ESM6 P4900
2026-03-24T13:48:40.337725731Z,2026-03-24T13:48:39.665208125Z,1,1,42394731,T,B,0,33.250000000,3,0,14730,697519549,33.000000000,33.250000000,210,3,7,1,ESM6 P5000
2026-03-24T13:48:41.155662887Z,2026-03-24T13:48:40.500337605Z,1,1,42867406,T,A,0,8.000000000,1,0,16892,697532131,8.000000000,8.200000000,1,138,1,6,ESM6 C7425
2026-03-24T13:48:41.625864260Z,2026-03-24T13:48:40.570263575Z,1,1,42384724,T,A,0,26.000000000,1,0,10599,697539173,26.000000000,26.250000000,1,12,1,1,ESM6 C7200
2026-03-24T13:48:41.936409649Z,2026-03-24T13:48:40.680726537Z,1,1,42372983,T,B,0,128.000000000,1,0,13517,697544226,127.500000000,128.000000000,5,1,1,1,ESM6 P6050
2026-03-24T13:48:41.977560839Z,2026-03-24T13:48:40.692913769Z,1,1,42384779,T,B,0,276.000000000,1,0,15496,697544805,274.500000000,276.000000000,5,1,2,1,ESM6 P6600
2026-03-24T13:48:43.579941860Z,2026-03-24T13:48:42.194297059Z,1,1,42399612,T,B,0,39.500000000,3,0,13988,697568701,39.250000000,39.500000000,125,3,7,1,ESM6 P5150
2026-03-24T13:48:44.815185042Z,2026-03-24T13:48:43.096410369Z,1,1,42867406,T,A,0,8.000000000,1,0,11368,697588166,8.000000000,8.200000000,1,354,1,6,ESM6 C7425
2026-03-24T13:48:47.193883456Z,2026-03-24T13:48:45.367256497Z,1,1,42394770,T,B,0,225.000000000,19,0,11484,697622138,224.500000000,225.000000000,19,25,1,1,ESM6 P6450
2026-03-24T13:48:47.223790156Z,2026-03-24T13:48:45.367370843Z,1,1,42384779,T,B,0,277.000000000,1,0,11289,697622672,275.500000000,277.000000000,4,1,3,1,ESM6 P6600
2026-03-24T13:48:50.683592889Z,2026-03-24T13:48:48.435819013Z,1,1,42384724,T,A,0,25.750000000,1,0,10444,697673618,25.750000000,26.000000000,1,34,1,1,ESM6 C7200
2026-03-24T13:48:51.049717695Z,2026-03-24T13:48:48.675699047Z,1,1,42372983,T,B,0,129.000000000,1,0,11164,697679317,128.500000000,129.000000000,56,1,3,1,ESM6 P6050
2026-03-24T13:48:53.927897991Z,2026-03-24T13:48:52.630409329Z,1,1,2545541,T,B,0,84.750000000,2,0,14614,262937416,84.500000000,84.750000000,67,2,2,1,UD:1V: VT 2545541
2026-03-24T13:48:58.466368859Z,2026-03-24T13:48:57.928326685Z,1,1,42409642,T,B,0,35.500000000,3,0,14714,697797737,35.250000000,35.500000000,178,3,6,1,ESM6 P5050
2026-03-24T13:48:58.588465969Z,2026-03-24T13:48:57.945079387Z,1,1,42804681,T,A,0,268.000000000,3,0,15682,697799697,268.000000000,268.500000000,3,17,1,1,ESM6 P6575
2026-03-24T13:49:15.906982656Z,2026-03-24T13:49:15.733696541Z,1,1,42409647,T,B,0,31.750000000,3,0,14215,698080146,31.500000000,31.750000000,326,3,9,1,ESM6 P4950
2026-03-24T13:49:18.684558404Z,2026-03-24T13:49:18.684047857Z,1,1,42409647,T,B,0,31.750000000,3,0,17283,698122544,31.500000000,31.750000000,360,3,10,1,ESM6 P4950
2026-03-24T13:49:19.790677295Z,2026-03-24T13:49:19.747130851Z,1,1,42409647,T,B,0,31.750000000,3,0,16222,698141012,31.500000000,31.750000000,326,3,9,1,ESM6 P4950
2026-03-24T13:49:21.350786644Z,2026-03-24T13:49:21.300938433Z,1,1,42409647,T,B,0,31.750000000,3,0,21952,698167108,31.500000000,31.750000000,360,3,10,1,ESM6 P4950
2026-03-24T13:49:30.143013960Z,2026-03-24T13:49:30.141909027Z,1,1,42409647,T,B,0,31.750000000,3,0,13759,698289864,31.500000000,31.750000000,371,3,9,1,ESM6 P4950
2026-03-24T13:49:30.470327046Z,2026-03-24T13:49:30.469987839Z,1,1,42384729,T,A,0,1.350000000,1,0,13814,698294294,1.350000000,1.400000000,1,292,1,3,ESM6 C7900
2026-03-24T13:49:32.270491793Z,2026-03-24T13:49:32.207613321Z,1,1,42409647,T,B,0,31.750000000,3,0,17033,698317926,31.500000000,31.750000000,337,3,8,1,ESM6 P4950
2026-03-24T13:49:32.831950900Z,2026-03-24T13:49:32.831454701Z,1,1,42409647,T,B,0,31.750000000,3,0,16931,698322393,31.500000000,31.750000000,372,3,9,1,ESM6 P4950
2026-03-24T13:49:33.165237602Z,2026-03-24T13:49:33.162692555Z,1,1,2696200,T,A,0,139.000000000,1,0,13598,263175602,139.000000000,139.500000000,1,128,1,3,UD:1V: VT 2696200
2026-03-24T13:49:34.362464635Z,2026-03-24T13:49:34.360989125Z,1,1,42409647,T,B,0,31.750000000,3,0,17601,698346214,31.500000000,31.750000000,372,3,9,1,ESM6 P4950
2026-03-24T13:49:35.200251246Z,2026-03-24T13:49:34.985503267Z,1,1,2545535,T,A,0,28.000000000,1,0,11545,263186709,28.000000000,28.500000000,3,359,2,6,UD:1V: VT 2545535
2026-03-24T13:49:36.744803073Z,2026-03-24T13:49:36.025376521Z,1,1,2545535,T,A,0,28.000000000,1,0,15904,263194176,28.000000000,28.250000000,1,98,1,1,UD:1V: VT 2545535
2026-03-24T13:49:37.603464215Z,2026-03-24T13:49:36.799472839Z,1,1,2696200,T,A,0,139.500000000,1,0,16939,263199594,139.500000000,140.000000000,1,168,1,5,UD:1V: VT 2696200
2026-03-24T13:49:44.641132759Z,2026-03-24T13:49:44.386592101Z,1,1,2696200,T,A,0,139.500000000,1,0,13544,263249050,139.500000000,140.000000000,1,173,1,5,UD:1V: VT 2696200
2026-03-24T13:49:46.164191075Z,2026-03-24T13:49:46.003882393Z,1,1,42404354,T,B,0,30.250000000,3,0,12800,698524172,30.000000000,30.250000000,378,3,9,1,ESM6 P4900
2026-03-24T13:49:49.763523259Z,2026-03-24T13:49:49.469315377Z,1,1,42783702,T,A,0,271.500000000,2,0,12575,698573959,271.500000000,272.000000000,2,2,1,1,ESM6 C6575
2026-03-24T13:49:52.821834969Z,2026-03-24T13:49:52.341067263Z,1,1,42384779,T,B,0,279.000000000,1,0,16297,698624410,277.500000000,279.000000000,26,7,4,3,ESM6 P6600
2026-03-24T13:49:53.950054822Z,2026-03-24T13:49:53.087023681Z,1,1,42760602,T,A,0,241.000000000,2,0,17646,698641406,241.000000000,241.500000000,2,2,1,1,ESM6 C6625
2026-03-24T13:49:54.163057863Z,2026-03-24T13:49:53.122781591Z,1,1,42867406,T,A,0,7.900000000,1,0,11234,698644557,7.900000000,8.100000000,1,454,1,10,ESM6 C7425
2026-03-24T13:49:56.137822753Z,2026-03-24T13:49:55.714556049Z,1,1,42867406,T,A,0,7.900000000,1,0,14006,698677020,7.900000000,8.100000000,1,504,1,11,ESM6 C7425
2026-03-24T13:50:00.337092537Z,2026-03-24T13:50:00.025965035Z,1,1,2563105,T,A,0,0.600000000,6,0,13982,263350244,0.600000000,0.850000000,20,14,1,2,UD:1V: 13 2563105
2026-03-24T13:50:05.416167764Z,2026-03-24T13:50:04.822809161Z,1,1,42372931,T,B,0,37.750000000,7,0,14223,698820945,37.500000000,37.750000000,310,7,10,1,ESM6 P5100
2026-03-24T13:50:06.142600473Z,2026-03-24T13:50:05.271093501Z,1,1,42804681,T,A,0,269.500000000,3,0,12501,698831848,269.500000000,270.000000000,3,3,1,1,ESM6 P6575
2026-03-24T13:50:09.849565251Z,2026-03-24T13:50:08.565279161Z,1,1,42409666,T,A,0,91.000000000,1,0,16084,698893230,91.000000000,91.750000000,2,33,1,1,ESM6 P5800
2026-03-24T13:50:13.895261951Z,2026-03-24T13:50:12.379033443Z,1,1,42384718,T,B,0,257.000000000,3,0,14350,698953052,256.500000000,257.000000000,5,3,3,1,ESM6 C6600
2026-03-24T13:50:14.673850630Z,2026-03-24T13:50:12.831895571Z,1,1,2563266,T,A,0,-8.700000000,1,0,14565,263448818,-8.700000000,-5.900000000,1,3,1,1,UD:1V: 3W 2563266
2026-03-24T13:50:23.170940847Z,2026-03-24T13:50:22.531291743Z,1,1,42760602,T,A,0,241.500000000,2,0,17466,699106352,241.500000000,242.500000000,2,32,1,5,ESM6 C6625
2026-03-24T13:50:24.143584015Z,2026-03-24T13:50:22.852310139Z,1,1,42384724,T,A,0,25.750000000,1,0,12074,699117586,25.750000000,26.000000000,1,140,1,7,ESM6 C7200
2026-03-24T13:50:26.061019942Z,2026-03-24T13:50:25.225493277Z,1,1,42404348,T,A,0,171.500000000,1,0,13891,699148957,171.500000000,172.000000000,1,19,1,1,ESM6 C6750
2026-03-24T13:50:30.662855646Z,2026-03-24T13:50:30.257665285Z,1,1,42366506,T,B,0,24.750000000,7,0,11504,699225121,24.500000000,24.750000000,294,7,9,1,ESM6 P4700
2026-03-24T13:50:32.777546790Z,2026-03-24T13:50:31.925899591Z,1,1,42372969,T,A,0,68.500000000,1,0,17380,699259095,68.500000000,68.750000000,1,37,1,3,ESM6 C7000
2026-03-24T13:50:33.527136303Z,2026-03-24T13:50:32.646771973Z,1,1,42867406,T,A,0,7.900000000,1,0,12834,699271890,7.900000000,8.100000000,1,355,1,7,ESM6 C7425
2026-03-24T13:50:35.259097921Z,2026-03-24T13:50:34.759780743Z,1,1,42409647,T,B,0,32.000000000,7,0,17385,699300022,31.750000000,32.000000000,224,7,7,1,ESM6 P4950
2026-03-24T13:50:40.635626722Z,2026-03-24T13:50:40.317421045Z,1,1,42404354,T,B,0,30.250000000,5,0,16686,699381830,30.000000000,30.250000000,390,5,10,1,ESM6 P4900
2026-03-24T13:50:44.624796094Z,2026-03-24T13:50:44.458558537Z,1,1,42409642,T,B,0,35.750000000,5,0,13709,699449304,35.500000000,35.750000000,195,5,9,1,ESM6 P5050
2026-03-24T13:50:45.481821890Z,2026-03-24T13:50:45.458097723Z,1,1,42372932,T,B,0,286.500000000,2,0,16371,699461684,286.000000000,286.500000000,41,2,5,1,ESM6 C6550
2026-03-24T13:50:45.621557857Z,2026-03-24T13:50:45.520589939Z,1,1,42409647,T,B,0,32.000000000,5,0,15420,699464245,31.750000000,32.000000000,358,5,9,1,ESM6 P4950
2026-03-24T13:50:48.602565820Z,2026-03-24T13:50:48.356472579Z,1,1,42409648,T,A,0,197.500000000,2,0,14176,699505751,197.500000000,198.500000000,17,90,1,8,ESM6 C6700
2026-03-24T13:50:58.408824929Z,2026-03-24T13:50:58.373997753Z,1,1,42409647,T,B,0,32.000000000,5,0,13916,699645789,31.750000000,32.000000000,305,5,10,1,ESM6 P4950
2026-03-24T13:50:59.186953407Z,2026-03-24T13:50:59.165109729Z,1,1,42783702,T,A,0,270.500000000,5,0,16274,699656117,270.500000000,271.500000000,5,55,2,6,ESM6 C6575
2026-03-24T13:51:00.568403129Z,2026-03-24T13:51:00.432660979Z,1,1,42409647,T,B,0,32.000000000,5,0,13856,699680760,31.750000000,32.000000000,423,5,11,1,ESM6 P4950
2026-03-24T13:51:02.810068134Z,2026-03-24T13:51:02.248263283Z,1,1,42760625,T,A,0,252.000000000,2,0,16669,699718827,252.000000000,253.000000000,2,20,1,2,ESM6 P6525
2026-03-24T13:51:04.296910147Z,2026-03-24T13:51:03.816227381Z,1,1,42409647,T,B,0,32.000000000,5,0,14508,699740755,31.750000000,32.000000000,311,5,7,1,ESM6 P4950
2026-03-24T13:51:06.538030575Z,2026-03-24T13:51:05.807094847Z,1,1,42394731,T,B,0,33.750000000,5,0,14658,699777844,33.500000000,33.750000000,207,5,8,1,ESM6 P5000
2026-03-24T13:51:07.362287205Z,2026-03-24T13:51:07.081084377Z,1,1,42903306,T,A,0,10.100000000,1,0,13802,699793170,10.100000000,10.300000000,1,329,1,7,ESM6 C7375
2026-03-24T13:51:07.499189508Z,2026-03-24T13:51:07.359917013Z,1,1,42394731,T,B,0,33.750000000,5,0,14048,699796206,33.500000000,33.750000000,239,5,9,1,ESM6 P5000
2026-03-24T13:51:08.074567214Z,2026-03-24T13:51:08.059127341Z,1,1,42372931,T,B,0,37.750000000,5,0,16835,699807605,37.500000000,37.750000000,120,5,6,1,ESM6 P5100
2026-03-24T13:51:08.754215649Z,2026-03-24T13:51:08.709461837Z,1,1,42394731,T,B,0,33.750000000,5,0,12801,699815888,33.500000000,33.750000000,239,5,9,1,ESM6 P5000
2026-03-24T13:51:08.942333271Z,2026-03-24T13:51:08.920692273Z,1,1,42883176,T,A,0,29.250000000,1,0,12688,699819075,29.250000000,29.500000000,1,7,1,3,ESM6 C7175
2026-03-24T13:51:09.357835178Z,2026-03-24T13:51:09.357363699Z,1,1,42372931,T,B,0,37.750000000,5,0,13708,699826384,37.500000000,37.750000000,158,5,7,1,ESM6 P5100
2026-03-24T13:51:10.618168503Z,2026-03-24T13:51:10.616557843Z,1,1,42409647,T,B,0,32.000000000,3,0,13605,699839416,31.750000000,32.000000000,292,3,8,1,ESM6 P4950
2026-03-24T13:51:11.604006535Z,2026-03-24T13:51:11.584325723Z,1,1,42366462,T,B,0,28.750000000,3,0,12948,699851662,28.500000000,28.750000000,293,3,9,1,ESM6 P4850
2026-03-24T13:51:18.703027862Z,2026-03-24T13:51:18.030822419Z,1,1,42404354,T,B,0,30.250000000,3,0,13875,699961341,30.000000000,30.250000000,290,3,9,1,ESM6 P4900
2026-03-24T13:51:20.033694761Z,2026-03-24T13:51:19.706662277Z,1,1,42366506,T,B,0,24.750000000,3,0,11414,699984820,24.500000000,24.750000000,340,3,10,1,ESM6 P4700
2026-03-24T13:51:25.996161865Z,2026-03-24T13:51:25.898421307Z,1,1,42404354,T,B,0,30.250000000,3,0,14443,700080366,30.000000000,30.250000000,317,3,10,1,ESM6 P4900
2026-03-24T13:51:34.402023560Z,2026-03-24T13:51:33.894222227Z,1,1,42384724,T,A,0,25.750000000,1,0,11651,700213250,25.750000000,26.000000000,1,145,1,7,ESM6 C7200
2026-03-24T13:51:34.771896655Z,2026-03-24T13:51:34.505729445Z,1,1,2563105,T,A,0,0.700000000,10,0,14686,263969490,0.700000000,0.950000000,10,24,1,3,UD:1V: 13 2563105
2026-03-24T13:51:36.266278343Z,2026-03-24T13:51:35.998193483Z,1,1,42409647,T,B,0,31.750000000,3,0,12662,700245939,31.500000000,31.750000000,455,3,11,1,ESM6 P4950
2026-03-24T13:51:38.624941087Z,2026-03-24T13:51:38.530859991Z,1,1,42399612,T,B,0,39.750000000,3,0,12319,700283986,39.500000000,39.750000000,129,3,7,1,ESM6 P5150
2026-03-24T13:51:42.279075532Z,2026-03-24T13:51:41.546012445Z,1,1,42867406,T,A,0,7.900000000,1,0,14075,700335710,7.900000000,8.000000000,1,138,1,3,ESM6 C7425
2026-03-24T13:51:46.451287855Z,2026-03-24T13:51:46.091284643Z,1,1,42399599,T,B,0,27.250000000,6,0,15269,700407276,27.000000000,27.250000000,363,6,11,1,ESM6 P4800
2026-03-24T13:51:48.203487956Z,2026-03-24T13:51:47.507185631Z,1,1,42404354,T,B,0,30.250000000,6,0,16828,700435609,30.000000000,30.250000000,376,6,11,1,ESM6 P4900
2026-03-24T13:51:50.381165583Z,2026-03-24T13:51:49.075599887Z,1,1,2545539,T,B,0,-26.750000000,12,0,17034,264076758,-27.000000000,-26.750000000,23,12,1,1,UD:1V: GN 2545539
2026-03-24T13:51:50.466174025Z,2026-03-24T13:51:49.134508167Z,1,1,2563177,T,B,0,540.500000000,2,0,13458,264077415,539.500000000,540.500000000,2,2,1,1,UD:1V: ST 2563177
2026-03-24T13:51:56.524690313Z,2026-03-24T13:51:56.284049031Z,1,1,42409647,T,B,0,32.000000000,6,0,11116,700569491,31.750000000,32.000000000,395,6,10,1,ESM6 P4950
2026-03-24T13:51:58.168042323Z,2026-03-24T13:51:57.798434409Z,1,1,42521843,T,A,0,885.000000000,7,0,16950,700594307,885.000000000,888.500000000,7,7,1,1,ESH7 P7450
2026-03-24T13:51:58.457779835Z,2026-03-24T13:51:58.070001095Z,1,1,2522986,T,B,0,44.000000000,2,0,15890,264137472,43.750000000,44.000000000,594,2,7,1,UD:1V: VT 2522986
2026-03-24T13:51:58.509990297Z,2026-03-24T13:51:58.101414909Z,1,1,42804681,T,A,0,269.500000000,3,0,11411,700600798,269.500000000,270.000000000,3,17,1,1,ESM6 P6575
2026-03-24T13:51:59.312488668Z,2026-03-24T13:51:58.998215429Z,1,1,42404354,T,B,0,30.250000000,6,0,15728,700616082,30.000000000,30.250000000,391,6,10,1,ESM6 P4900
2026-03-24T13:52:00.790239031Z,2026-03-24T13:52:00.672199289Z,1,1,42409647,T,B,0,32.000000000,6,0,12006,700643732,31.750000000,32.000000000,351,6,10,1,ESM6 P4950
2026-03-24T13:52:07.823263109Z,2026-03-24T13:52:07.160669847Z,1,1,42521843,T,A,0,886.500000000,14,0,12954,700763021,886.500000000,890.000000000,31,7,1,1,ESH7 P7450
2026-03-24T13:52:11.133951836Z,2026-03-24T13:52:10.729875985Z,1,1,42573259,T,A,0,178.500000000,1,0,11843,700826750,178.500000000,180.500000000,3,41,1,2,ESH7 P5350
2026-03-24T13:52:11.556438219Z,2026-03-24T13:52:11.148189765Z,1,1,42366462,T,B,0,28.750000000,6,0,12733,700834286,28.500000000,28.750000000,466,6,12,1,ESM6 P4850
2026-03-24T13:52:12.378793599Z,2026-03-24T13:52:12.367337509Z,1,1,42372949,T,B,0,146.500000000,7,0,14570,700850795,146.000000000,146.500000000,56,7,6,1,ESM6 C6800
2026-03-24T13:52:17.742770497Z,2026-03-24T13:52:17.684160997Z,1,1,42404354,T,B,0,30.250000000,7,0,11311,700932522,30.000000000,30.250000000,458,7,11,1,ESM6 P4900
2026-03-24T13:52:19.057816490Z,2026-03-24T13:52:18.972771511Z,1,1,42853804,T,B,0,310.000000000,7,0,13525,700947221,309.000000000,310.000000000,55,7,6,1,ESM6 P6675
2026-03-24T13:52:19.626781268Z,2026-03-24T13:52:19.560878799Z,1,1,42511762,T,A,0,171.000000000,1,0,13833,700955204,171.000000000,172.000000000,3,5,1,1,ESH7 P5300
2026-03-24T13:52:20.463590095Z,2026-03-24T13:52:20.425589149Z,1,1,42310070,T,A,0,161.500000000,3,0,10878,700971949,161.500000000,162.500000000,26,71,1,5,ESZ6 C7300
2026-03-24T13:52:20.467634691Z,2026-03-24T13:52:20.425834111Z,1,1,42529458,T,A,0,179.500000000,3,0,11327,700972119,179.500000000,180.500000000,24,19,1,2,ESZ6 C7250
2026-03-24T13:52:21.299280852Z,2026-03-24T13:52:21.186848237Z,1,1,2522986,T,B,0,44.000000000,2,0,14335,264302498,43.750000000,44.000000000,597,2,7,1,UD:1V: VT 2522986
2026-03-24T13:52:21.695125664Z,2026-03-24T13:52:21.299290555Z,1,1,42384718,T,B,0,256.000000000,3,0,14627,700995680,255.500000000,256.000000000,7,3,3,1,ESM6 C6600
2026-03-24T13:52:21.718186003Z,2026-03-24T13:52:21.299707139Z,1,1,42573250,T,A,0,186.000000000,1,0,13924,700996019,186.000000000,186.500000000,3,33,1,1,ESH7 P5400
2026-03-24T13:52:25.224592660Z,2026-03-24T13:52:24.299361151Z,1,1,141298,T,A,0,12.900000000,120,0,14579,701052948,12.900000000,13.000000000,154,159,1,1,ESZ6 P2500
2026-03-24T13:52:25.226112913Z,2026-03-24T13:52:24.299367069Z,1,1,141298,T,A,0,12.900000000,34,0,12641,701052953,12.900000000,13.000000000,34,159,1,1,ESZ6 P2500
2026-03-24T13:52:27.614708726Z,2026-03-24T13:52:26.697000975Z,1,1,2675792,T,B,0,15.000000000,3,0,14322,264346529,14.900000000,15.000000000,1645,3,4,1,UD:1V: VT 2675792
2026-03-24T13:52:29.112244940Z,2026-03-24T13:52:28.571668413Z,1,1,2545971,T,B,0,7.000000000,17,0,15095,264359103,6.000000000,7.000000000,39,17,1,1,UD:1V: GN 2545971
2026-03-24T13:52:29.267359810Z,2026-03-24T13:52:28.803207133Z,1,1,2563474,T,B,0,18.700000000,9,0,13413,264360549,18.500000000,18.700000000,250,225,2,1,UD:1V: BO 2563474
2026-03-24T13:52:29.411004558Z,2026-03-24T13:52:28.876291567Z,1,1,2563474,T,B,0,18.700000000,8,0,14889,264361572,18.500000000,18.700000000,205,180,2,1,UD:1V: BO 2563474
2026-03-24T13:52:29.470794398Z,2026-03-24T13:52:29.013721403Z,1,1,42919944,T,B,0,135.000000000,5,0,14993,701125818,134.500000000,135.000000000,80,7,11,1,ESM6 C6825
2026-03-24T13:52:29.482663966Z,2026-03-24T13:52:29.013881465Z,1,1,42409648,T,B,0,198.000000000,7,0,15789,701126043,197.500000000,198.000000000,79,7,9,1,ESM6 C6700
2026-03-24T13:52:30.050780571Z,2026-03-24T13:52:30.032793835Z,1,1,42409648,T,B,0,198.000000000,7,0,14183,701138300,197.500000000,198.000000000,59,7,8,1,ESM6 C6700
2026-03-24T13:52:30.879498772Z,2026-03-24T13:52:30.776849589Z,1,1,42372931,T,B,0,37.500000000,7,0,16162,701154975,37.250000000,37.500000000,250,7,9,1,ESM6 P5100
2026-03-24T13:52:31.432885671Z,2026-03-24T13:52:31.427676383Z,1,1,42760602,T,B,0,241.000000000,7,0,14584,701163107,240.500000000,241.000000000,58,7,7,1,ESM6 C6625
2026-03-24T13:52:32.093709085Z,2026-03-24T13:52:32.092515423Z,1,1,42854015,T,B,0,331.000000000,7,0,17492,701172494,330.500000000,331.000000000,4,7,2,1,ESM6 P6725
2026-03-24T13:52:32.983289787Z,2026-03-24T13:52:32.926114689Z,1,1,42821843,T,B,0,184.500000000,2,0,13780,701187115,184.000000000,184.500000000,13,7,5,1,ESM6 C6725
2026-03-24T13:52:33.198614553Z,2026-03-24T13:52:33.135284039Z,1,1,42919944,T,B,0,135.000000000,7,0,11207,701191002,134.500000000,135.000000000,46,7,9,1,ESM6 C6825
2026-03-24T13:52:34.791408142Z,2026-03-24T13:52:34.634698777Z,1,1,42394731,T,B,0,33.500000000,7,0,11386,701220355,33.250000000,33.500000000,284,7,9,1,ESM6 P5000
2026-03-24T13:52:35.692569507Z,2026-03-24T13:52:35.633474859Z,1,1,42372949,T,B,0,147.000000000,7,0,11578,701237336,146.500000000,147.000000000,30,7,5,1,ESM6 C6800
2026-03-24T13:52:38.766310597Z,2026-03-24T13:52:38.198390915Z,1,1,42404348,T,B,0,172.000000000,7,0,13259,701286982,171.500000000,172.000000000,13,7,4,1,ESM6 C6750
2026-03-24T13:52:39.902983999Z,2026-03-24T13:52:39.532275043Z,1,1,42760625,T,B,0,250.000000000,7,0,13690,701310205,249.500000000,250.000000000,51,7,7,1,ESM6 P6525
2026-03-24T13:52:40.305211785Z,2026-03-24T13:52:40.100333563Z,1,1,2563245,T,A,0,70.250000000,10,0,14019,264443009,70.250000000,70.500000000,10,109,1,5,UD:1V: GN 2563245
2026-03-24T13:52:40.638774215Z,2026-03-24T13:52:40.622571161Z,1,1,42821843,T,B,0,185.000000000,7,0,11462,701325021,184.500000000,185.000000000,91,7,9,1,ESM6 C6725
2026-03-24T13:52:42.218680839Z,2026-03-24T13:52:42.085719443Z,1,1,42366462,T,B,0,28.500000000,7,0,17109,701346772,28.250000000,28.500000000,344,7,10,1,ESM6 P4850
2026-03-24T13:52:42.746243372Z,2026-03-24T13:52:42.745638655Z,1,1,42760602,T,B,0,241.500000000,1,0,13222,701354051,241.000000000,241.500000000,88,7,8,1,ESM6 C6625
2026-03-24T13:52:42.746460763Z,2026-03-24T13:52:42.745638829Z,1,1,42760602,T,B,0,241.500000000,6,0,20941,701354053,241.000000000,241.500000000,88,6,8,1,ESM6 C6625
2026-03-24T13:52:43.718819625Z,2026-03-24T13:52:43.473135363Z,1,1,42384724,T,A,0,25.750000000,1,0,17272,701371642,25.750000000,26.000000000,1,130,1,6,ESM6 C7200
2026-03-24T13:52:43.942540695Z,2026-03-24T13:52:43.838463187Z,1,1,42836577,T,B,0,159.000000000,7,0,17181,701376606,158.500000000,159.000000000,49,7,7,1,ESM6 C6775
2026-03-24T13:52:45.357725217Z,2026-03-24T13:52:45.191462159Z,1,1,42919944,T,B,0,135.500000000,7,0,17493,701401631,135.000000000,135.500000000,66,7,10,1,ESM6 C6825
2026-03-24T13:52:46.041366934Z,2026-03-24T13:52:45.883082767Z,1,1,42404348,T,A,0,172.000000000,1,0,16542,701415830,172.000000000,172.500000000,1,43,1,4,ESM6 C6750
2026-03-24T13:52:46.293385425Z,2026-03-24T13:52:45.899614009Z,1,1,42384726,T,A,0,60.750000000,6,0,14078,701420357,60.750000000,61.000000000,6,44,1,2,ESM6 P5500
2026-03-24T13:52:48.913799902Z,2026-03-24T13:52:47.884667963Z,1,1,42867406,T,A,0,7.900000000,1,0,16070,701454041,7.900000000,8.100000000,1,194,1,4,ESM6 C7425
2026-03-24T13:52:50.067762398Z,2026-03-24T13:52:49.556183347Z,1,1,42919944,T,B,0,136.000000000,7,0,16005,701477418,135.500000000,136.000000000,83,7,11,1,ESM6 C6825
2026-03-24T13:52:51.399108138Z,2026-03-24T13:52:50.441464695Z,1,1,42867406,T,A,0,7.900000000,1,0,11890,701502664,7.900000000,8.000000000,1,2,1,1,ESM6 C7425
2026-03-24T13:52:52.673033527Z,2026-03-24T13:52:52.200163127Z,1,1,42372949,T,B,0,147.500000000,2,0,17384,701525613,147.000000000,147.500000000,63,7,10,1,ESM6 C6800
2026-03-24T13:52:52.682681407Z,2026-03-24T13:52:52.202845313Z,1,1,42404348,T,B,0,172.500000000,7,0,11145,701525765,172.000000000,172.500000000,8,7,3,1,ESM6 C6750
2026-03-24T13:52:52.893259662Z,2026-03-24T13:52:52.361384825Z,1,1,2563245,T,A,0,70.500000000,10,0,14117,264537395,70.500000000,70.750000000,10,108,1,5,UD:1V: GN 2563245
2026-03-24T13:52:52.905961719Z,2026-03-24T13:52:52.381444401Z,1,1,2563245,T,A,0,70.500000000,10,0,14089,264537513,70.500000000,70.750000000,10,108,1,5,UD:1V: GN 2563245
2026-03-24T13:52:52.906862324Z,2026-03-24T13:52:52.384231951Z,1,1,2563245,T,A,0,70.500000000,10,0,15622,264537524,70.500000000,70.750000000,10,108,1,5,UD:1V: GN 2563245
2026-03-24T13:52:53.328194500Z,2026-03-24T13:52:52.906009767Z,1,1,2563245,T,A,0,70.500000000,10,0,13226,264540881,70.500000000,70.750000000,10,108,1,5,UD:1V: GN 2563245
2026-03-24T13:52:53.774130499Z,2026-03-24T13:52:53.212000229Z,1,1,42404348,T,B,0,172.500000000,7,0,14167,701546475,172.000000000,172.500000000,42,7,8,1,ESM6 C6750
2026-03-24T13:52:56.652629894Z,2026-03-24T13:52:56.189228631Z,1,1,42804682,T,B,0,351.500000000,7,0,16606,701600573,350.500000000,351.500000000,5,7,2,1,ESM6 P6775
2026-03-24T13:52:59.164528305Z,2026-03-24T13:52:58.350081345Z,1,1,42384779,T,A,0,275.000000000,1,0,13601,701641063,275.000000000,275.500000000,1,3,1,1,ESM6 P6600
2026-03-24T13:52:59.885292697Z,2026-03-24T13:52:59.031271369Z,1,1,42760625,T,B,0,248.000000000,7,0,13528,701653231,247.500000000,248.000000000,3,7,1,1,ESM6 P6525
2026-03-24T13:53:02.337018228Z,2026-03-24T13:53:01.453267209Z,1,1,42409642,T,B,0,35.000000000,3,0,12865,701696552,34.750000000,35.000000000,213,3,8,1,ESM6 P5050
2026-03-24T13:53:02.834762420Z,2026-03-24T13:53:01.706285527Z,1,1,2563245,T,A,0,70.500000000,10,0,17005,264615884,70.500000000,70.750000000,10,81,1,2,UD:1V: GN 2563245
2026-03-24T13:53:05.511147717Z,2026-03-24T13:53:04.883154529Z,1,1,42404354,T,B,0,29.750000000,3,0,13032,701752727,29.500000000,29.750000000,427,3,11,1,ESM6 P4900
2026-03-24T13:53:09.719742227Z,2026-03-24T13:53:08.594836893Z,1,1,2675792,T,B,0,15.100000000,1,0,16620,264668911,15.000000000,15.100000000,864,6,7,1,UD:1V: VT 2675792
2026-03-24T13:53:09.720547260Z,2026-03-24T13:53:08.594881063Z,1,1,2675792,T,B,0,15.100000000,1,0,17198,264668913,15.000000000,15.100000000,864,5,7,1,UD:1V: VT 2675792
2026-03-24T13:53:09.721789819Z,2026-03-24T13:53:08.594962571Z,1,1,2675792,T,B,0,15.100000000,1,0,15709,264668919,15.000000000,15.100000000,864,4,7,1,UD:1V: VT 2675792
2026-03-24T13:53:09.729440716Z,2026-03-24T13:53:08.601848039Z,1,1,2675792,T,B,0,15.100000000,1,0,13875,264668953,15.000000000,15.100000000,864,3,7,1,UD:1V: VT 2675792
2026-03-24T13:53:10.858971662Z,2026-03-24T13:53:10.239965201Z,1,1,2563105,T,A,0,0.750000000,14,0,15462,264677179,0.750000000,1.000000000,14,2,1,1,UD:1V: 13 2563105
2026-03-24T13:53:10.968356889Z,2026-03-24T13:53:10.421065679Z,1,1,42399612,T,B,0,39.250000000,3,0,14283,701845982,39.000000000,39.250000000,207,3,9,1,ESM6 P5150
2026-03-24T13:53:12.900789022Z,2026-03-24T13:53:12.158800397Z,1,1,2675792,T,B,0,15.100000000,1,0,15627,264693650,15.000000000,15.100000000,864,2,7,1,UD:1V: VT 2675792
2026-03-24T13:53:12.900992379Z,2026-03-24T13:53:12.158837683Z,1,1,2675792,T,B,0,15.100000000,1,0,12820,264693652,15.000000000,15.100000000,864,1,7,1,UD:1V: VT 2675792
2026-03-24T13:53:14.546327022Z,2026-03-24T13:53:14.126786431Z,1,1,42366463,T,B,0,25.500000000,3,0,12282,701911468,25.250000000,25.500000000,326,3,10,1,ESM6 P4750
2026-03-24T13:53:15.579350841Z,2026-03-24T13:53:15.363012971Z,1,1,42372931,T,B,0,37.000000000,3,0,13579,701931842,36.750000000,37.000000000,187,3,9,1,ESM6 P5100
2026-03-24T13:53:17.380765865Z,2026-03-24T13:53:17.368345047Z,1,1,42404354,T,B,0,29.750000000,3,0,17144,701965392,29.500000000,29.750000000,267,3,10,1,ESM6 P4900
2026-03-24T13:53:18.038544806Z,2026-03-24T13:53:17.983447691Z,1,1,42372931,T,B,0,37.000000000,3,0,15780,701973160,36.750000000,37.000000000,226,3,10,1,ESM6 P5100
2026-03-24T13:53:19.655827293Z,2026-03-24T13:53:19.259519911Z,1,1,42366463,T,B,0,25.500000000,3,0,17183,701995073,25.250000000,25.500000000,375,3,11,1,ESM6 P4750
2026-03-24T13:53:20.753599386Z,2026-03-24T13:53:20.657658051Z,1,1,42404354,T,B,0,29.750000000,3,0,16435,702014065,29.500000000,29.750000000,339,3,10,1,ESM6 P4900
2026-03-24T13:53:21.348013911Z,2026-03-24T13:53:21.347493111Z,1,1,42372931,T,B,0,37.000000000,3,0,13921,702020613,36.750000000,37.000000000,253,3,10,1,ESM6 P5100
2026-03-24T13:53:23.881501476Z,2026-03-24T13:53:23.862069887Z,1,1,42372931,T,B,0,37.000000000,3,0,15665,702061479,36.750000000,37.000000000,253,3,10,1,ESM6 P5100
2026-03-24T13:53:26.086934839Z,2026-03-24T13:53:25.782624987Z,1,1,42384779,T,A,0,274.500000000,1,0,12679,702098504,274.500000000,275.500000000,1,3,1,1,ESM6 P6600
2026-03-24T13:53:27.077939029Z,2026-03-24T13:53:26.658349197Z,1,1,42394731,T,B,0,33.000000000,3,0,14560,702117336,32.750000000,33.000000000,263,3,9,1,ESM6 P5000
2026-03-24T13:53:28.510486468Z,2026-03-24T13:53:28.273736557Z,1,1,42409647,T,B,0,31.250000000,3,0,16148,702145551,31.000000000,31.250000000,325,3,10,1,ESM6 P4950
2026-03-24T13:53:29.666118452Z,2026-03-24T13:53:29.586939237Z,1,1,42404354,T,B,0,29.750000000,3,0,14556,702168641,29.500000000,29.750000000,305,3,10,1,ESM6 P4900
2026-03-24T13:53:30.443898951Z,2026-03-24T13:53:30.422596515Z,1,1,42404354,T,B,0,29.750000000,3,0,12032,702180010,29.500000000,29.750000000,305,3,10,1,ESM6 P4900
2026-03-24T13:53:38.170292476Z,2026-03-24T13:53:38.125529187Z,1,1,42903306,T,B,0,10.300000000,2,0,11251,702301775,10.200000000,10.300000000,11,2,1,1,ESM6 C7375
2026-03-24T13:53:38.173714044Z,2026-03-24T13:53:38.129549385Z,1,1,42416106,T,B,0,7.100000000,2,0,16620,702301817,7.000000000,7.100000000,12,2,1,1,ESM6 C7450
2026-03-24T13:53:38.181352750Z,2026-03-24T13:53:38.130367067Z,1,1,42384725,T,B,0,9.100000000,2,0,17352,702301846,9.000000000,9.100000000,11,2,1,1,ESM6 C7400
2026-03-24T13:53:38.242516341Z,2026-03-24T13:53:38.167554245Z,1,1,2563105,T,A,0,0.750000000,20,0,17368,264871022,0.750000000,0.900000000,20,32,1,1,UD:1V: 13 2563105
2026-03-24T13:53:38.390860333Z,2026-03-24T13:53:38.371040107Z,1,1,42377577,T,A,0,13.900000000,8,0,13848,702306248,13.900000000,14.100000000,112,105,1,1,ESU6 C7800
2026-03-24T13:53:39.879977002Z,2026-03-24T13:53:39.774356547Z,1,1,42903306,T,A,0,10.300000000,1,0,12839,702327218,10.300000000,10.600000000,1,33,1,3,ESM6 C7375
2026-03-24T13:53:43.748088457Z,2026-03-24T13:53:43.318412221Z,1,1,42394608,T,B,0,11.800000000,1,0,14580,702392778,11.700000000,11.800000000,181,1,3,1,ESM6 P3900
2026-03-24T13:53:44.230082039Z,2026-03-24T13:53:43.476544243Z,1,1,42883176,T,A,0,29.750000000,1,0,13414,702398002,29.750000000,30.000000000,1,60,1,4,ESM6 C7175
2026-03-24T13:53:46.741551421Z,2026-03-24T13:53:46.737132539Z,1,1,42399612,T,B,0,39.250000000,6,0,11065,702441531,39.000000000,39.250000000,158,6,8,1,ESM6 P5150
2026-03-24T13:54:00.063626175Z,2026-03-24T13:53:58.096074333Z,1,1,42760605,T,A,0,232.000000000,2,0,16962,702613542,232.000000000,232.500000000,2,3,1,1,ESM6 P6475
2026-03-24T13:54:45.135526247Z,2026-03-24T13:54:45.087366629Z,1,1,42409648,T,A,0,199.000000000,1,0,16131,703320580,199.000000000,199.500000000,1,2,1,1,ESM6 C6700
2026-03-24T13:54:49.902998993Z,2026-03-24T13:54:49.380885219Z,1,1,42366509,T,A,0,226.500000000,2,0,15962,703399700,226.500000000,227.000000000,2,17,1,1,ESM6 C6650
2026-03-24T13:54:51.391198433Z,2026-03-24T13:54:51.127372657Z,1,1,42384779,T,B,0,278.000000000,1,0,13109,703426770,277.500000000,278.000000000,8,1,3,1,ESM6 P6600
2026-03-24T13:55:00.390523081Z,2026-03-24T13:55:00.170036381Z,1,1,42804681,T,A,0,268.000000000,2,0,15672,703541366,268.000000000,268.500000000,2,19,1,2,ESM6 P6575
2026-03-24T13:55:15.501129748Z,2026-03-24T13:55:15.384008425Z,1,1,2563245,T,A,0,70.500000000,30,0,14141,265528361,70.500000000,70.750000000,10,99,1,4,UD:1V: GN 2563245
2026-03-24T13:55:25.866524221Z,2026-03-24T13:55:25.026149429Z,1,1,42384779,T,A,0,276.000000000,1,0,13688,703940616,276.000000000,277.000000000,1,4,1,2,ESM6 P6600
2026-03-24T13:55:26.664718315Z,2026-03-24T13:55:25.869545837Z,1,1,42384779,T,A,0,276.500000000,1,0,13097,703950751,276.500000000,277.000000000,1,7,1,3,ESM6 P6600
2026-03-24T13:55:32.985987636Z,2026-03-24T13:55:32.431881885Z,1,1,42384779,T,B,0,277.000000000,1,0,11232,704058392,276.500000000,277.000000000,3,1,1,1,ESM6 P6600
2026-03-24T13:55:35.397043539Z,2026-03-24T13:55:35.392968539Z,1,1,2563266,T,B,0,-7.300000000,1,0,13770,265664472,-9.300000000,-7.300000000,35,1,3,1,UD:1V: 3W 2563266
2026-03-24T13:56:32.782301599Z,2026-03-24T13:56:32.212659893Z,1,1,42396443,T,B,0,125.500000000,2,0,16878,705045994,125.000000000,125.500000000,10,2,2,1,ESM6 C6850
2026-03-24T13:56:59.579149487Z,2026-03-24T13:56:59.498366509Z,1,1,2522986,T,A,0,44.250000000,40,0,13589,266253438,44.250000000,44.500000000,40,897,1,8,UD:1V: VT 2522986
2026-03-24T13:57:07.538779180Z,2026-03-24T13:57:07.510272125Z,1,1,2522986,T,A,0,44.250000000,40,0,15926,266306673,44.250000000,44.500000000,40,995,1,9,UD:1V: VT 2522986
2026-03-24T13:57:07.561394193Z,2026-03-24T13:57:07.556306273Z,1,1,2522986,T,A,0,44.250000000,15,0,13367,266306804,44.250000000,44.500000000,15,1032,1,10,UD:1V: VT 2522986
2026-03-24T13:57:10.760154231Z,2026-03-24T13:57:09.590497121Z,1,1,42384718,T,B,0,259.500000000,3,0,10755,705653039,257.500000000,259.500000000,2,5,1,2,ESM6 C6600
2026-03-24T13:57:12.038992326Z,2026-03-24T13:57:10.288606729Z,1,1,42836578,T,B,0,77.000000000,1,0,13891,705674423,76.750000000,77.000000000,2,1,1,1,ESM6 C6975
2026-03-24T13:57:12.457617523Z,2026-03-24T13:57:10.470627175Z,1,1,42372969,T,B,0,70.000000000,1,0,10796,705680259,69.750000000,70.000000000,28,2,1,2,ESM6 C7000
2026-03-24T13:57:12.459486219Z,2026-03-24T13:57:10.470727163Z,1,1,42372969,T,B,0,70.000000000,1,0,16739,705680280,69.750000000,70.000000000,28,1,1,1,ESM6 C7000
2026-03-24T13:57:14.856649095Z,2026-03-24T13:57:12.692031781Z,1,1,311354,T,A,0,148.000000000,1,0,16435,705722464,148.000000000,149.000000000,1,3,1,1,ESZ6 P5400
2026-03-24T13:57:33.180327201Z,2026-03-24T13:57:33.124202507Z,1,1,42372969,T,B,0,70.000000000,1,0,11253,706027325,69.750000000,70.000000000,34,1,3,1,ESM6 C7000
2026-03-24T13:57:36.917522454Z,2026-03-24T13:57:36.646077311Z,1,1,42396443,T,A,0,126.000000000,3,0,12307,706095442,126.000000000,126.500000000,3,74,1,6,ESM6 C6850
2026-03-24T13:57:38.202974028Z,2026-03-24T13:57:38.141098477Z,1,1,2563895,T,B,0,103.500000000,2,0,13886,266529828,103.000000000,103.500000000,20,2,1,1,UD:1V: 12 2563895
2026-03-24T13:57:40.543071220Z,2026-03-24T13:57:40.542430745Z,1,1,2563829,T,B,0,4.050000000,49,0,16482,266543696,3.950000000,4.050000000,24,49,3,1,UD:1V: GN 2563829
2026-03-24T13:58:01.797943937Z,2026-03-24T13:58:01.577298555Z,1,1,2545537,T,B,0,-53.500000000,1,0,13609,266688826,-54.000000000,-53.500000000,88,1,5,1,UD:1V: GN 2545537
2026-03-24T13:58:10.515412435Z,2026-03-24T13:58:09.631927165Z,1,1,42394731,T,A,0,32.500000000,1,0,12729,706633005,32.500000000,33.000000000,196,165,7,6,ESM6 P5000
2026-03-24T13:58:19.637819698Z,2026-03-24T13:58:19.024400529Z,1,1,42394754,T,B,0,156.000000000,5,0,14062,706783862,155.500000000,156.000000000,105,5,8,1,ESM6 P6200
2026-03-24T13:58:27.892158343Z,2026-03-24T13:58:27.880167359Z,1,1,42404348,T,A,0,172.000000000,1,0,17398,706915164,172.000000000,172.500000000,1,39,1,4,ESM6 C6750
2026-03-24T13:58:35.450573235Z,2026-03-24T13:58:35.108430097Z,1,1,2522986,T,B,0,44.250000000,2,0,16238,266926726,44.000000000,44.250000000,541,2,5,1,UD:1V: VT 2522986
2026-03-24T13:59:02.606146285Z,2026-03-24T13:59:02.280177739Z,1,1,2560488,T,B,0,79.000000000,65,0,16621,267104348,78.000000000,79.000000000,146,152,5,6,UD:1V: VT 2560488
2026-03-24T13:59:28.845711678Z,2026-03-24T13:59:28.709921379Z,1,1,42384779,T,B,0,271.000000000,1,0,15774,707916010,270.500000000,271.000000000,55,1,7,1,ESM6 P6600
2026-03-24T13:59:44.803571139Z,2026-03-24T13:59:44.549548971Z,1,1,42394754,T,B,0,154.500000000,5,0,17443,708127858,154.000000000,154.500000000,4,26,1,1,ESM6 P6200
2026-03-24T14:00:08.068460191Z,2026-03-24T14:00:07.616855095Z,1,1,42384779,T,A,0,270.000000000,1,0,16984,708448432,270.000000000,271.000000000,1,21,1,1,ESM6 P6600
2026-03-24T14:00:10.415308750Z,2026-03-24T14:00:09.034003069Z,1,1,2560736,T,A,0,1.900000000,1,0,14303,267523355,1.900000000,2.050000000,1,366,1,1,UD:1V: VT 2560736
2026-03-24T14:00:11.201317694Z,2026-03-24T14:00:09.696712161Z,1,1,42378288,T,A,0,42.250000000,2,0,12998,708499420,42.250000000,42.750000000,2,2,1,1,ESM6 P5250
2026-03-24T14:00:13.820717929Z,2026-03-24T14:00:12.097781829Z,1,1,571476,T,B,0,720.000000000,5,0,14903,708537826,718.500000000,720.000000000,8,5,1,1,ESZ6 C6300
2026-03-24T14:00:14.924326103Z,2026-03-24T14:00:12.918700459Z,1,1,42439388,T,A,0,13.200000000,1,0,11080,708557322,13.200000000,13.300000000,203,156,1,1,ESU6 P3000
2026-03-24T14:00:17.421819599Z,2026-03-24T14:00:15.910903047Z,1,1,792621,T,B,0,8.200000000,1,0,15959,708602415,7.900000000,8.200000000,167,1,1,1,ESZ6 C8500
2026-03-24T14:00:32.690148432Z,2026-03-24T14:00:31.645998675Z,1,1,42760625,T,A,0,240.000000000,1,0,12654,708873053,240.000000000,240.500000000,1,27,1,2,ESM6 P6525
2026-03-24T14:00:33.537233709Z,2026-03-24T14:00:32.365333413Z,1,1,42883304,T,A,0,72.250000000,25,0,11237,708889442,72.250000000,72.500000000,25,33,1,1,ESM6 P5675
2026-03-24T14:00:33.545087078Z,2026-03-24T14:00:32.366149705Z,1,1,42409657,T,A,0,65.250000000,38,0,15333,708889541,65.250000000,65.750000000,88,40,2,2,ESM6 P5600
2026-03-24T14:00:35.584560798Z,2026-03-24T14:00:34.270566521Z,1,1,42366510,T,A,0,44.000000000,2,0,14626,708921019,44.000000000,44.250000000,2,33,1,1,ESM6 C7100
2026-03-24T14:00:35.586889751Z,2026-03-24T14:00:34.273295917Z,1,1,42404348,T,A,0,176.500000000,2,0,15059,708921089,176.500000000,177.000000000,2,18,1,1,ESM6 C6750
2026-03-24T14:00:42.581237110Z,2026-03-24T14:00:41.973290007Z,1,1,42384718,T,A,0,263.000000000,3,0,12918,709050999,263.000000000,263.500000000,3,21,1,1,ESM6 C6600
2026-03-24T14:00:48.209320173Z,2026-03-24T14:00:47.736528439Z,1,1,42804681,T,B,0,257.500000000,3,0,12604,709147524,257.000000000,257.500000000,76,3,7,1,ESM6 P6575
2026-03-24T14:01:15.145666668Z,2026-03-24T14:01:14.645174401Z,1,1,42384779,T,B,0,267.500000000,1,0,11160,709614827,267.000000000,267.500000000,2,1,1,1,ESM6 P6600
2026-03-24T14:01:18.411957630Z,2026-03-24T14:01:17.661157853Z,1,1,42394608,T,A,0,11.300000000,1,0,17217,709671797,11.300000000,11.400000000,1,459,1,8,ESM6 P3900
2026-03-24T14:01:30.690198722Z,2026-03-24T14:01:30.253152607Z,1,1,42384779,T,A,0,266.500000000,1,0,12582,709872243,266.500000000,267.000000000,1,6,1,3,ESM6 P6600
2026-03-24T14:02:02.062872679Z,2026-03-24T14:02:01.203064983Z,1,1,42384779,T,B,0,268.000000000,1,0,13546,710350800,267.500000000,268.000000000,3,1,1,1,ESM6 P6600
2026-03-24T14:02:02.381346828Z,2026-03-24T14:02:01.264255995Z,1,1,42384779,T,B,0,268.500000000,1,0,12749,710356302,268.000000000,268.500000000,3,1,1,1,ESM6 P6600
2026-03-24T14:02:02.384756454Z,2026-03-24T14:02:01.264553609Z,1,1,2561447,T,B,0,57.000000000,2,0,12873,268333286,56.250000000,57.000000000,22,2,2,1,UD:1V: VT 2561447
2026-03-24T14:02:02.610492161Z,2026-03-24T14:02:01.290369351Z,1,1,42384779,T,B,0,269.000000000,1,0,11083,710360089,267.000000000,269.000000000,5,1,2,1,ESM6 P6600
2026-03-24T14:02:03.424190315Z,2026-03-24T14:02:01.925357913Z,1,1,42384779,T,B,0,269.500000000,1,0,14459,710373303,269.000000000,269.500000000,3,1,1,1,ESM6 P6600
2026-03-24T14:02:11.689422950Z,2026-03-24T14:02:10.379962549Z,1,1,2564194,T,A,0,-0.300000000,10,0,13202,268410776,-0.300000000,0.250000000,10,2,1,1,UD:1V: GN 2564194
2026-03-24T14:02:30.808598174Z,2026-03-24T14:02:30.479123753Z,1,1,42384779,T,A,0,267.000000000,1,0,16593,710841278,267.000000000,267.500000000,1,1,1,1,ESM6 P6600
2026-03-24T14:02:31.693144013Z,2026-03-24T14:02:30.832305971Z,1,1,42384779,T,A,0,266.500000000,1,0,13536,710855576,266.500000000,267.500000000,1,3,1,1,ESM6 P6600
2026-03-24T14:02:38.497324518Z,2026-03-24T14:02:38.468209755Z,1,1,42384779,T,A,0,266.000000000,1,0,13971,710973589,266.000000000,266.500000000,1,1,1,1,ESM6 P6600
2026-03-24T14:02:42.259301902Z,2026-03-24T14:02:41.706784547Z,1,1,42384779,T,A,0,265.500000000,1,0,10461,711038802,265.500000000,266.000000000,1,3,1,1,ESM6 P6600
2026-03-24T14:02:44.478305751Z,2026-03-24T14:02:43.293222901Z,1,1,2564231,T,A,0,-1.850000000,1,0,14720,268659432,-1.850000000,-1.650000000,1,244,1,2,UD:1V: GN 2564231
2026-03-24T14:02:58.855620114Z,2026-03-24T14:02:58.707811593Z,1,1,42404374,T,B,0,471.000000000,1,0,12459,711308663,469.500000000,471.000000000,4,1,2,1,ESM6 P7000
2026-03-24T14:03:00.858667230Z,2026-03-24T14:03:00.769275633Z,1,1,42429065,T,B,0,438.500000000,1,0,16880,711347060,437.000000000,438.500000000,3,1,1,1,ESM6 P6950
2026-03-24T14:03:01.111168205Z,2026-03-24T14:03:01.088449563Z,1,1,42573250,T,B,0,181.000000000,33,0,14570,711351739,180.000000000,181.000000000,36,33,2,1,ESH7 P5400
2026-03-24T14:03:08.207169796Z,2026-03-24T14:03:08.153110131Z,1,1,2563177,T,B,0,533.500000000,10,0,15681,268832841,532.500000000,533.500000000,10,10,3,1,UD:1V: ST 2563177
2026-03-24T14:03:08.207460681Z,2026-03-24T14:03:08.153172735Z,1,1,42804681,T,B,0,257.500000000,10,0,16094,711465165,257.000000000,257.500000000,21,10,3,1,ESM6 P6575
2026-03-24T14:03:08.207772242Z,2026-03-24T14:03:08.153202279Z,1,1,42394804,T,B,0,248.500000000,10,0,13261,711465167,248.000000000,248.500000000,25,10,5,1,ESM6 P6550
2026-03-24T14:03:15.518863147Z,2026-03-24T14:03:15.041497421Z,1,1,42853786,T,A,0,58.500000000,2,0,13082,711579118,58.500000000,59.000000000,2,205,1,6,ESM6 P5525
2026-03-24T14:03:16.908010939Z,2026-03-24T14:03:16.128247729Z,1,1,42384718,T,B,0,262.000000000,6,0,13735,711602977,261.500000000,262.000000000,29,6,5,1,ESM6 C6600
2026-03-24T14:03:25.986914801Z,2026-03-24T14:03:25.986415975Z,1,1,42384726,T,B,0,57.000000000,1,0,13690,711741782,56.250000000,57.000000000,328,101,8,6,ESM6 P5500
2026-03-24T14:03:46.240371628Z,2026-03-24T14:03:45.492711401Z,1,1,2553485,T,B,0,37.500000000,2,0,14667,269088972,37.250000000,37.500000000,270,2,5,1,UD:1V: VT 2553485
2026-03-24T14:04:23.388007888Z,2026-03-24T14:04:23.242167857Z,1,1,2554795,T,A,0,60.000000000,1,0,17394,269340300,60.000000000,60.750000000,208,179,6,5,UD:1V: VT 2554795
2026-03-24T14:04:25.708164592Z,2026-03-24T14:04:25.548202405Z,1,1,2561122,T,B,0,526.000000000,10,0,13897,269354671,525.000000000,526.000000000,60,10,4,1,UD:1V: ST 2561122
2026-03-24T14:04:30.405654887Z,2026-03-24T14:04:30.053832453Z,1,1,2564194,T,A,0,-0.250000000,16,0,15073,269384234,-0.250000000,0.150000000,20,14,1,2,UD:1V: GN 2564194
2026-03-24T14:04:39.336000540Z,2026-03-24T14:04:38.773825373Z,1,1,2564194,T,A,0,-0.250000000,4,0,14192,269447787,-0.250000000,0.050000000,4,26,1,2,UD:1V: GN 2564194
2026-03-24T14:05:08.132125822Z,2026-03-24T14:05:08.082377657Z,1,1,42384718,T,A,0,262.000000000,3,0,12770,713303594,262.000000000,263.000000000,3,95,1,9,ESM6 C6600
2026-03-24T14:05:09.265310623Z,2026-03-24T14:05:09.192788495Z,1,1,42378280,T,B,0,326.500000000,10,0,13531,713323793,326.000000000,326.500000000,37,10,6,1,ESM6 C6500
2026-03-24T14:05:09.265541644Z,2026-03-24T14:05:09.192789057Z,1,1,42378280,T,B,0,326.500000000,10,0,17038,713323795,326.000000000,326.500000000,37,10,6,1,ESM6 C6500
2026-03-24T14:05:22.690520441Z,2026-03-24T14:05:22.451021267Z,1,1,42804681,T,B,0,255.500000000,3,0,15816,713538025,255.000000000,255.500000000,20,3,2,1,ESM6 P6575
2026-03-24T14:05:22.735379744Z,2026-03-24T14:05:22.452241327Z,1,1,42760602,T,A,0,246.000000000,2,0,17408,713538671,246.000000000,247.000000000,2,64,1,6,ESM6 C6625
2026-03-24T14:05:29.642869674Z,2026-03-24T14:05:29.581381665Z,1,1,42384718,T,A,0,261.000000000,3,0,16051,713655122,261.000000000,262.000000000,3,87,1,7,ESM6 C6600
2026-03-24T14:05:29.745170631Z,2026-03-24T14:05:29.595074587Z,1,1,42404374,T,B,0,471.000000000,1,0,11735,713656753,469.500000000,471.000000000,4,1,2,1,ESM6 P7000
2026-03-24T14:05:39.004397235Z,2026-03-24T14:05:38.404767351Z,1,1,2564169,T,A,0,47.750000000,1,0,13330,269869969,47.750000000,48.000000000,1,1008,1,8,UD:1V: VT 2564169
2026-03-24T14:05:45.428976638Z,2026-03-24T14:05:45.059999481Z,1,1,42919921,T,A,0,308.000000000,2,0,16600,713927672,308.000000000,308.500000000,2,2,1,1,ESM6 C6525
2026-03-24T14:05:46.304107633Z,2026-03-24T14:05:46.064124341Z,1,1,42413515,T,A,0,39.750000000,1,0,16468,713945436,39.750000000,40.750000000,40,356,1,6,ESU6 C7500
2026-03-24T14:05:50.083380148Z,2026-03-24T14:05:49.024164967Z,1,1,42384718,T,A,0,259.500000000,1,0,16028,714002742,259.500000000,260.500000000,1,30,1,3,ESM6 C6600
2026-03-24T14:05:57.535428022Z,2026-03-24T14:05:56.966321583Z,1,1,42760602,T,A,0,244.500000000,1,0,15964,714123516,244.500000000,245.500000000,1,27,1,4,ESM6 C6625
2026-03-24T14:06:00.680855174Z,2026-03-24T14:06:00.125711031Z,1,1,42760602,T,A,0,244.000000000,2,0,15311,714179208,244.000000000,245.000000000,2,25,1,4,ESM6 C6625
2026-03-24T14:06:28.107103991Z,2026-03-24T14:06:27.437475707Z,1,1,42377988,T,A,0,8.900000000,121,0,15195,714624283,8.900000000,9.000000000,167,163,1,1,ESU6 P2600
2026-03-24T14:06:32.406134574Z,2026-03-24T14:06:31.709743447Z,1,1,42372983,T,B,0,121.000000000,2,0,12111,714694289,120.500000000,121.000000000,62,2,4,1,ESM6 P6050
2026-03-24T14:06:49.137743479Z,2026-03-24T14:06:49.100027565Z,1,1,42409672,T,A,0,97.500000000,1,0,17679,714946383,97.500000000,97.750000000,1,34,1,3,ESM6 P5900
2026-03-24T14:06:50.679644099Z,2026-03-24T14:06:50.669025387Z,1,1,42429065,T,B,0,437.000000000,1,0,17184,714971436,436.000000000,437.000000000,1,1,1,1,ESM6 P6950
2026-03-24T14:06:58.227030679Z,2026-03-24T14:06:58.226428397Z,1,1,2564507,T,A,0,36.500000000,2,0,18543,270420574,36.500000000,36.750000000,64,25,2,1,UD:1V: VT 2564507
2026-03-24T14:07:03.068598227Z,2026-03-24T14:07:02.900825145Z,1,1,42439350,T,B,0,262.000000000,1,0,16494,715147668,260.500000000,262.000000000,7,27,2,2,ESU6 P6300
2026-03-24T14:07:10.368972867Z,2026-03-24T14:07:08.558985833Z,1,1,2550758,T,A,0,8.700000000,11,0,17636,270507677,8.700000000,9.000000000,11,660,1,5,UD:1V: VT 2550758
2026-03-24T14:07:13.322276631Z,2026-03-24T14:07:11.207046521Z,1,1,2515430,T,A,0,13.900000000,2,0,12867,270529614,13.900000000,14.200000000,9,11,1,2,UD:1V: VT 2515430
2026-03-24T14:07:13.322492467Z,2026-03-24T14:07:11.207047881Z,1,1,2515430,T,A,0,13.900000000,2,0,15564,270529616,13.900000000,14.200000000,7,11,1,2,UD:1V: VT 2515430
2026-03-24T14:07:13.339023419Z,2026-03-24T14:07:11.221420771Z,1,1,2515430,T,A,0,13.900000000,2,0,13187,270529721,13.900000000,14.200000000,5,11,1,2,UD:1V: VT 2515430
2026-03-24T14:07:18.962068091Z,2026-03-24T14:07:16.625724577Z,1,1,42472815,T,B,0,138.000000000,1,0,15887,715387534,137.000000000,138.000000000,9,1,2,1,ESU6 P5700
2026-03-24T14:07:19.203009386Z,2026-03-24T14:07:16.978426265Z,1,1,2560493,T,A,0,68.500000000,63,0,17185,270571358,68.500000000,69.000000000,63,105,1,2,UD:1V: VT 2560493
2026-03-24T14:07:21.076069647Z,2026-03-24T14:07:19.202955691Z,1,1,2560493,T,B,0,68.500000000,37,0,14016,270587217,68.250000000,68.500000000,12,37,2,1,UD:1V: VT 2560493
2026-03-24T14:07:29.799866356Z,2026-03-24T14:07:27.701724495Z,1,1,2560488,T,B,0,81.500000000,2,0,13050,270651291,80.750000000,81.500000000,45,2,1,1,UD:1V: VT 2560488
2026-03-24T14:07:38.134678326Z,2026-03-24T14:07:36.785068399Z,1,1,42404367,T,A,0,125.500000000,1,0,17024,715686196,125.500000000,126.500000000,117,2,5,1,ESM6 P6100
2026-03-24T14:07:39.545425702Z,2026-03-24T14:07:38.150479165Z,1,1,42404367,T,A,0,125.500000000,1,0,14573,715707987,125.500000000,126.500000000,48,34,4,4,ESM6 P6100
2026-03-24T14:07:40.150907938Z,2026-03-24T14:07:38.938939089Z,1,1,2547677,T,B,0,55.750000000,10,0,16356,270731538,55.500000000,55.750000000,226,10,5,1,UD:1V: VT 2547677
2026-03-24T14:07:47.381914507Z,2026-03-24T14:07:46.453004853Z,1,1,42404367,T,B,0,125.500000000,1,0,13800,715840474,125.000000000,125.500000000,59,1,4,1,ESM6 P6100
2026-03-24T14:07:48.805560243Z,2026-03-24T14:07:48.042289403Z,1,1,42404367,T,B,0,126.000000000,1,0,16454,715866549,125.500000000,126.000000000,24,1,2,1,ESM6 P6100
2026-03-24T14:07:51.147024414Z,2026-03-24T14:07:50.601292489Z,1,1,42404348,T,B,0,180.000000000,1,0,12822,715907013,179.000000000,180.000000000,11,22,5,3,ESM6 C6750
2026-03-24T14:07:55.399674958Z,2026-03-24T14:07:55.249099871Z,1,1,42409648,T,B,0,206.500000000,1,0,16910,715983037,205.500000000,206.500000000,47,17,4,1,ESM6 C6700
2026-03-24T14:08:02.131787719Z,2026-03-24T14:08:01.891459109Z,1,1,42429065,T,B,0,429.500000000,1,0,16593,716089689,427.500000000,429.500000000,29,1,3,1,ESM6 P6950
2026-03-24T14:08:06.471520911Z,2026-03-24T14:08:06.263210561Z,1,1,42919945,T,B,0,50.000000000,16,0,16542,716161122,49.500000000,50.000000000,37,31,3,1,ESM6 C7075
2026-03-24T14:08:12.359629415Z,2026-03-24T14:08:12.022987025Z,1,1,42372969,T,B,0,71.000000000,1,0,13823,716251251,70.750000000,71.000000000,27,1,3,1,ESM6 C7000
2026-03-24T14:08:24.427156244Z,2026-03-24T14:08:24.220713749Z,1,1,42372969,T,B,0,71.000000000,1,0,16849,716406057,70.500000000,71.000000000,70,1,6,1,ESM6 C7000
2026-03-24T14:08:27.045259692Z,2026-03-24T14:08:26.883036789Z,1,1,42404374,T,B,0,462.500000000,1,0,11632,716453307,460.500000000,462.500000000,23,1,2,1,ESM6 P7000
2026-03-24T14:08:49.295117395Z,2026-03-24T14:08:49.119805973Z,1,1,42378618,T,B,0,401.000000000,1,0,10511,716758700,400.000000000,401.000000000,1,1,1,1,ESM6 P6900
2026-03-24T14:09:03.089216290Z,2026-03-24T14:09:02.809077177Z,1,1,42409648,T,A,0,205.500000000,1,0,12612,716991449,205.500000000,206.000000000,1,21,1,3,ESM6 C6700
2026-03-24T14:09:51.537090011Z,2026-03-24T14:09:51.362155817Z,1,1,42384718,T,B,0,266.000000000,1,0,14897,717699863,265.500000000,266.000000000,34,1,6,1,ESM6 C6600
2026-03-24T14:10:01.661249361Z,2026-03-24T14:10:00.804900301Z,1,1,311354,T,A,0,142.500000000,1,0,12616,717857375,142.500000000,143.000000000,1,34,1,1,ESZ6 P5400
2026-03-24T14:10:46.951572935Z,2026-03-24T14:10:46.951036619Z,1,1,42394754,T,A,0,145.000000000,3,0,17296,718593926,145.000000000,145.500000000,10,166,1,9,ESM6 P6200
2026-03-24T14:10:46.952300444Z,2026-03-24T14:10:46.951875147Z,1,1,42394754,T,A,0,145.000000000,7,0,11498,718593928,145.000000000,145.500000000,7,166,1,9,ESM6 P6200
2026-03-24T14:10:47.994472518Z,2026-03-24T14:10:47.969595559Z,1,1,2562967,T,A,0,46.500000000,6,0,13853,272032013,46.500000000,47.000000000,6,53,1,1,UD:1V: 12 2562967
2026-03-24T14:10:53.364415487Z,2026-03-24T14:10:53.339127709Z,1,1,42384718,T,A,0,265.000000000,7,0,13463,718699161,265.000000000,266.000000000,7,106,3,7,ESM6 C6600
2026-03-24T14:11:05.639666548Z,2026-03-24T14:11:05.313608473Z,1,1,42384725,T,A,0,8.900000000,2,0,16792,718906878,8.900000000,9.000000000,2,193,2,6,ESM6 C7400
2026-03-24T14:11:12.168973510Z,2026-03-24T14:11:11.110810329Z,1,1,2563895,T,B,0,107.000000000,2,0,13715,272206926,105.000000000,107.000000000,22,61,1,2,UD:1V: 12 2563895
2026-03-24T14:11:27.582458506Z,2026-03-24T14:11:26.927632195Z,1,1,42372969,T,B,0,70.500000000,1,0,18284,719267512,70.000000000,70.500000000,28,1,1,1,ESM6 C7000
2026-03-24T14:11:36.566059743Z,2026-03-24T14:11:36.565590355Z,1,1,42372949,T,A,0,151.500000000,1,0,14204,719402530,151.500000000,152.000000000,20,20,5,1,ESM6 C6800
2026-03-24T14:12:23.051667180Z,2026-03-24T14:12:22.405798435Z,1,1,2563177,T,B,0,530.000000000,1,0,17381,272722853,528.500000000,530.000000000,4,1,1,1,UD:1V: ST 2563177
2026-03-24T14:12:25.261142615Z,2026-03-24T14:12:25.125126903Z,1,1,42429065,T,B,0,432.500000000,1,0,13669,720193607,431.500000000,432.500000000,1,1,1,1,ESM6 P6950
2026-03-24T14:12:31.426822326Z,2026-03-24T14:12:31.267491957Z,1,1,42372969,T,B,0,70.250000000,1,0,17429,720302936,69.750000000,70.250000000,6,1,2,1,ESM6 C7000
2026-03-24T14:12:44.689128223Z,2026-03-24T14:12:44.643800353Z,1,1,42446245,T,B,0,500.500000000,1,0,16515,720507086,499.000000000,500.500000000,4,1,2,1,ESM6 P7050
2026-03-24T14:13:01.928883964Z,2026-03-24T14:13:01.605989525Z,1,1,42372953,T,B,0,105.500000000,4,0,13404,720778111,105.000000000,105.500000000,27,4,3,1,ESM6 C6900
2026-03-24T14:13:22.541274937Z,2026-03-24T14:13:21.056771127Z,1,1,2553851,T,B,0,2.050000000,17,0,15644,273157858,1.850000000,2.050000000,2440,17,3,1,UD:1V: BO 2553851
2026-03-24T14:13:23.802027802Z,2026-03-24T14:13:22.546271289Z,1,1,2553851,T,B,0,2.050000000,17,0,11100,273169327,1.850000000,2.050000000,2678,31,4,1,UD:1V: BO 2553851
2026-03-24T14:13:39.385584294Z,2026-03-24T14:13:39.001759575Z,1,1,42384718,T,B,0,259.000000000,1,0,13524,721446080,257.500000000,259.000000000,90,55,8,8,ESM6 C6600
2026-03-24T14:13:44.071248556Z,2026-03-24T14:13:43.527726889Z,1,1,42439350,T,B,0,264.000000000,3,0,15642,721518908,263.500000000,264.000000000,22,3,1,1,ESU6 P6300
2026-03-24T14:13:44.523102316Z,2026-03-24T14:13:43.998439533Z,1,1,42384779,T,A,0,267.000000000,1,0,11304,721528526,267.000000000,267.500000000,1,21,1,1,ESM6 P6600
2026-03-24T14:14:28.542995116Z,2026-03-24T14:14:27.722922879Z,1,1,42404370,T,B,0,199.000000000,1,0,13802,722239202,197.500000000,199.000000000,84,67,5,5,ESM6 P6400
2026-03-24T14:14:44.094981687Z,2026-03-24T14:14:44.023287993Z,1,1,2564274,T,A,0,3.050000000,6,0,17841,273776463,3.050000000,3.450000000,6,27,2,3,UD:1V: GN 2564274
2026-03-24T14:14:46.469640838Z,2026-03-24T14:14:46.436674393Z,1,1,2563502,T,A,0,20.750000000,12,0,17523,273792380,20.750000000,21.000000000,12,55,2,2,UD:1V: BO 2563502
2026-03-24T14:15:49.102042580Z,2026-03-24T14:15:48.647446259Z,1,1,2553485,T,B,0,37.000000000,2,0,13918,274233797,36.750000000,37.000000000,422,2,5,1,UD:1V: VT 2553485
2026-03-24T14:15:58.237614943Z,2026-03-24T14:15:58.065365539Z,1,1,42399612,T,B,0,36.250000000,2,0,16944,723694733,35.750000000,36.250000000,296,2,8,1,ESM6 P5150
2026-03-24T14:15:58.244391769Z,2026-03-24T14:15:58.065365715Z,1,1,42836583,T,B,0,153.500000000,25,0,15961,723694735,153.000000000,153.500000000,2,26,1,1,ESM6 P6225
2026-03-24T14:15:59.587987695Z,2026-03-24T14:15:58.668608699Z,1,1,2563502,T,A,0,20.750000000,13,0,17103,274302718,20.750000000,21.000000000,13,364,2,6,UD:1V: BO 2563502
2026-03-24T14:16:43.027009478Z,2026-03-24T14:16:42.619056147Z,1,1,42760602,T,A,0,245.000000000,3,0,14647,724392561,245.000000000,245.500000000,3,4,1,1,ESM6 C6625
2026-03-24T14:16:52.937546718Z,2026-03-24T14:16:52.746868363Z,1,1,2553851,T,B,0,2.050000000,46,0,18620,274665649,2.000000000,2.050000000,106,46,1,2,UD:1V: BO 2553851
2026-03-24T14:16:54.023756313Z,2026-03-24T14:16:53.461682339Z,1,1,42384779,T,B,0,266.000000000,3,0,15683,724565682,265.500000000,266.000000000,3,3,1,1,ESM6 P6600
2026-03-24T14:17:26.464698606Z,2026-03-24T14:17:26.366103757Z,1,1,42521843,T,A,0,870.000000000,7,0,11264,725125250,870.000000000,873.500000000,7,7,1,1,ESH7 P7450
2026-03-24T14:18:44.018050881Z,2026-03-24T14:18:43.861514545Z,1,1,42394754,T,B,0,148.000000000,10,0,13177,726354631,147.500000000,148.000000000,140,10,7,1,ESM6 P6200
2026-03-24T14:18:45.141359662Z,2026-03-24T14:18:45.055396037Z,1,1,42548935,T,A,0,342.000000000,1,0,11010,726366261,342.000000000,342.500000000,1,18,1,1,ESH7 C7100
2026-03-24T14:19:05.011608399Z,2026-03-24T14:19:04.149397387Z,1,1,42384718,T,B,0,263.000000000,1,0,15557,726680242,262.500000000,263.000000000,4,1,2,1,ESM6 C6600
2026-03-24T14:19:12.805042824Z,2026-03-24T14:19:12.520179141Z,1,1,42397643,T,A,0,342.500000000,25,0,14268,726824517,342.500000000,343.000000000,25,4,1,1,ESU6 C6700
2026-03-24T14:19:16.744620531Z,2026-03-24T14:19:16.522104785Z,1,1,42397643,T,A,0,342.500000000,25,0,17486,726871884,342.500000000,343.500000000,25,78,1,6,ESU6 C6700
2026-03-24T14:19:27.394562944Z,2026-03-24T14:19:27.262891349Z,1,1,2565236,T,A,0,2.000000000,2,0,18785,275749498,2.000000000,2.100000000,437,731,5,5,UD:1V: VT 2565236
2026-03-24T14:19:35.260982529Z,2026-03-24T14:19:34.614120745Z,1,1,42573244,T,B,0,98.000000000,1,0,13692,727168884,97.500000000,98.000000000,31,1,1,1,ESH7 C7800
2026-03-24T14:21:07.911708583Z,2026-03-24T14:21:07.665144521Z,1,1,42372979,T,B,0,15.000000000,68,0,12865,728657427,14.800000000,15.000000000,33,68,3,2,ESM6 C7300
2026-03-24T14:21:30.724198383Z,2026-03-24T14:21:29.811552981Z,1,1,2554400,T,A,0,-1.150000000,1,0,13456,276605283,-1.150000000,-0.400000000,100,200,1,2,UD:1V: 12 2554400
2026-03-24T14:21:34.196212889Z,2026-03-24T14:21:34.195640907Z,1,1,2545537,T,B,0,-55.000000000,1,0,14315,276631597,-55.250000000,-55.000000000,25,1,3,1,UD:1V: GN 2545537
2026-03-24T14:21:47.868164620Z,2026-03-24T14:21:47.672844675Z,1,1,42409666,T,B,0,83.250000000,1,0,18437,729300752,82.750000000,83.250000000,194,1,8,1,ESM6 P5800
2026-03-24T14:21:59.076111165Z,2026-03-24T14:21:58.593765669Z,1,1,42399612,T,B,0,36.250000000,2,0,12495,729474756,35.750000000,36.250000000,309,2,9,1,ESM6 P5150
2026-03-24T14:22:44.694879209Z,2026-03-24T14:22:43.133507917Z,1,1,2944760,T,B,0,40.250000000,6,0,11017,277099993,40.000000000,40.250000000,163,6,3,1,UD:1V: VT 2944760
2026-03-24T14:23:02.796335465Z,2026-03-24T14:23:00.710503607Z,1,1,2545533,T,B,0,97.000000000,1,0,13916,277241264,96.750000000,97.000000000,65,1,1,1,UD:1V: VT 2545533
2026-03-24T14:23:09.081430597Z,2026-03-24T14:23:08.166408807Z,1,1,2565521,T,A,0,52.250000000,1,0,14542,277293344,52.250000000,52.500000000,1,22,1,2,UD:1V: GN 2565521
2026-03-24T14:23:44.143367393Z,2026-03-24T14:23:43.882904153Z,1,1,42372969,T,B,0,70.000000000,1,0,13871,731154327,69.750000000,70.000000000,2,1,1,1,ESM6 C7000
2026-03-24T14:23:52.645006547Z,2026-03-24T14:23:52.449176407Z,1,1,42378449,T,B,0,112.000000000,2,0,12402,731299413,111.000000000,112.000000000,28,2,2,1,ESM6 P6000
2026-03-24T14:23:52.663585206Z,2026-03-24T14:23:52.454938107Z,1,1,42853787,T,B,0,93.750000000,7,0,16605,731299632,93.000000000,93.750000000,11,7,2,1,ESM6 P5875
2026-03-24T14:24:11.673259590Z,2026-03-24T14:24:10.452131881Z,1,1,42372969,T,B,0,70.500000000,1,0,13316,731591565,70.000000000,70.500000000,2,1,1,1,ESM6 C7000
2026-03-24T14:24:36.329621145Z,2026-03-24T14:24:35.538163569Z,1,1,2565529,T,B,0,6.700000000,8,0,25627,277894720,6.600000000,6.700000000,47,28,2,1,UD:1V: GN 2565529
2026-03-24T14:25:01.491517764Z,2026-03-24T14:25:01.022050525Z,1,1,2565529,T,B,0,6.700000000,9,0,17636,278059669,6.600000000,6.700000000,64,20,3,1,UD:1V: GN 2565529
2026-03-24T14:25:06.960837431Z,2026-03-24T14:25:06.856932925Z,1,1,2565529,T,B,0,6.700000000,9,0,16104,278104523,6.600000000,6.700000000,64,11,3,1,UD:1V: GN 2565529
2026-03-24T14:25:10.441531487Z,2026-03-24T14:25:10.271937347Z,1,1,2565529,T,B,0,6.700000000,2,0,15583,278128494,6.600000000,6.700000000,131,2,3,1,UD:1V: GN 2565529
2026-03-24T14:25:19.140432678Z,2026-03-24T14:25:18.978001805Z,1,1,2565529,T,B,0,6.700000000,15,0,14387,278178438,6.600000000,6.700000000,145,28,4,1,UD:1V: GN 2565529
2026-03-24T14:25:20.607454831Z,2026-03-24T14:25:20.064570561Z,1,1,2565529,T,B,0,6.700000000,2,0,16948,278190314,6.600000000,6.700000000,145,13,4,1,UD:1V: GN 2565529
2026-03-24T14:25:21.767106138Z,2026-03-24T14:25:21.173488273Z,1,1,2565529,T,B,0,6.700000000,11,0,13806,278199601,6.600000000,6.700000000,145,11,4,1,UD:1V: GN 2565529
2026-03-24T14:25:22.170017907Z,2026-03-24T14:25:21.329073485Z,1,1,2563750,T,A,0,84.500000000,2,0,17175,278202754,84.500000000,85.000000000,2,152,1,4,UD:1V: VT 2563750
2026-03-24T14:25:24.903946266Z,2026-03-24T14:25:23.734826713Z,1,1,2565529,T,B,0,6.700000000,28,0,13061,278223051,6.600000000,6.700000000,113,28,2,1,UD:1V: GN 2565529
2026-03-24T14:25:27.329892875Z,2026-03-24T14:25:26.524314751Z,1,1,42783702,T,A,0,276.000000000,2,0,16852,732800984,276.000000000,277.000000000,2,81,1,6,ESM6 C6575
2026-03-24T14:25:27.793529745Z,2026-03-24T14:25:27.118868965Z,1,1,42409648,T,A,0,201.500000000,2,0,13574,732809770,201.500000000,202.000000000,2,21,1,2,ESM6 C6700
2026-03-24T14:25:32.382335540Z,2026-03-24T14:25:31.401516957Z,1,1,42804681,T,A,0,256.500000000,3,0,11577,732886472,256.500000000,257.000000000,3,20,1,2,ESM6 P6575
2026-03-24T14:25:44.950395854Z,2026-03-24T14:25:44.614782727Z,1,1,42384718,T,B,0,262.000000000,3,0,11491,733086892,261.500000000,262.000000000,11,3,5,1,ESM6 C6600
2026-03-24T14:25:52.319788465Z,2026-03-24T14:25:52.246672047Z,1,1,2565529,T,B,0,6.700000000,28,0,13108,278415515,6.600000000,6.700000000,114,28,3,1,UD:1V: GN 2565529
2026-03-24T14:25:53.714159591Z,2026-03-24T14:25:53.653373951Z,1,1,42521843,T,A,0,869.500000000,1,0,17754,733219861,869.500000000,873.000000000,1,8,1,2,ESH7 P7450
2026-03-24T14:26:23.254981979Z,2026-03-24T14:26:23.254207871Z,1,1,2565529,T,B,0,6.700000000,32,0,13664,278621124,6.600000000,6.700000000,377,32,5,1,UD:1V: GN 2565529
2026-03-24T14:26:30.208165828Z,2026-03-24T14:26:29.934921643Z,1,1,2565727,T,A,0,779.500000000,5,0,14086,278670957,779.500000000,780.000000000,5,5,1,1,UD:1V:CRR 2565727
2026-03-24T14:26:30.473420036Z,2026-03-24T14:26:30.238858985Z,1,1,2565727,T,B,0,779.500000000,15,0,13428,278672789,,779.500000000,0,15,0,1,UD:1V:CRR 2565727
2026-03-24T14:26:37.030872747Z,2026-03-24T14:26:36.271496007Z,1,1,2675792,T,B,0,15.300000000,3,0,17637,278712314,15.200000000,15.300000000,742,3,5,1,UD:1V: VT 2675792
2026-03-24T14:26:42.166867455Z,2026-03-24T14:26:41.756672519Z,1,1,2565529,T,B,0,6.700000000,58,0,16332,278755127,6.600000000,6.700000000,375,58,4,1,UD:1V: GN 2565529
2026-03-24T14:26:42.327979312Z,2026-03-24T14:26:41.928777625Z,1,1,42573086,T,A,0,836.000000000,1,0,16641,733994887,836.000000000,839.000000000,1,11,1,2,ESH7 P7400
2026-03-24T14:26:45.418963946Z,2026-03-24T14:26:43.756716555Z,1,1,42396443,T,B,0,128.500000000,1,0,16569,734037665,128.000000000,128.500000000,42,1,3,1,ESM6 C6850
2026-03-24T14:26:56.522990561Z,2026-03-24T14:26:55.374800843Z,1,1,2553851,T,A,0,2.000000000,26,0,13039,278862759,2.000000000,2.050000000,106,47,1,2,UD:1V: BO 2553851
2026-03-24T14:26:58.744436561Z,2026-03-24T14:26:58.509734323Z,1,1,2565766,T,A,0,1.450000000,1,0,15378,278881574,1.450000000,1.550000000,728,1061,2,4,UD:1V: VT 2565766
2026-03-24T14:27:29.895169252Z,2026-03-24T14:27:29.485819439Z,1,1,42404324,T,B,0,6.100000000,1,0,11306,734746349,6.000000000,6.100000000,247,1,5,1,ESM6 P3300
2026-03-24T14:27:48.478078038Z,2026-03-24T14:27:47.187071965Z,1,1,42399599,T,A,0,25.000000000,1,0,11522,735047767,25.000000000,25.250000000,1,289,1,6,ESM6 P4800
2026-03-24T14:27:54.967400699Z,2026-03-24T14:27:53.124718211Z,1,1,42372953,T,B,0,108.500000000,12,0,16839,735152282,108.000000000,108.500000000,1,30,1,2,ESM6 C6900
2026-03-24T14:27:55.010721815Z,2026-03-24T14:27:53.158590883Z,1,1,42760596,T,B,0,119.000000000,9,0,11638,735153021,118.000000000,119.000000000,93,23,6,1,ESM6 C6875
2026-03-24T14:27:55.109244369Z,2026-03-24T14:27:53.277346137Z,1,1,42426302,T,B,0,89.000000000,2,0,15564,735154767,88.750000000,89.000000000,4,2,1,1,ESM6 C6950
2026-03-24T14:27:55.275843535Z,2026-03-24T14:27:53.363236721Z,1,1,42372969,T,B,0,72.000000000,11,0,16946,735156301,71.750000000,72.000000000,4,25,1,1,ESM6 C7000
2026-03-24T14:27:55.660346233Z,2026-03-24T14:27:53.630043317Z,1,1,42372953,T,B,0,108.500000000,8,0,14179,735159734,108.000000000,108.500000000,4,25,2,1,ESM6 C6900
2026-03-24T14:27:57.896234667Z,2026-03-24T14:27:56.583472731Z,1,1,2563752,T,A,0,48.000000000,5,0,13191,279297501,48.000000000,49.250000000,5,17,1,1,UD:1V: GN 2563752
2026-03-24T14:28:01.824886470Z,2026-03-24T14:28:01.036019059Z,1,1,42372953,T,B,0,108.500000000,1,0,13917,735268662,107.500000000,108.500000000,134,3,9,2,ESM6 C6900
2026-03-24T14:28:02.237970875Z,2026-03-24T14:28:01.592969587Z,1,1,42426302,T,B,0,89.000000000,3,0,16812,735276812,88.500000000,89.000000000,16,3,3,1,ESM6 C6950
2026-03-24T14:28:04.246268099Z,2026-03-24T14:28:03.785652121Z,1,1,42404370,T,A,0,195.000000000,1,0,12608,735315464,195.000000000,196.000000000,26,58,3,3,ESM6 P6400
2026-03-24T14:28:06.027093547Z,2026-03-24T14:28:05.260461837Z,1,1,2553485,T,B,0,36.750000000,2,0,13347,279361310,36.500000000,36.750000000,641,2,8,1,UD:1V: VT 2553485
2026-03-24T14:28:23.851974022Z,2026-03-24T14:28:23.759302131Z,1,1,2565816,T,B,0,4.750000000,1,0,14210,279497743,4.650000000,4.750000000,447,98,5,1,UD:1V: VT 2565816
2026-03-24T14:28:27.623692769Z,2026-03-24T14:28:27.536635349Z,1,1,42521843,T,A,0,861.000000000,1,0,15858,735687436,861.000000000,864.000000000,1,8,1,1,ESH7 P7450
2026-03-24T14:28:28.579493602Z,2026-03-24T14:28:28.515497071Z,1,1,42521843,T,A,0,861.000000000,1,0,16131,735701285,861.000000000,864.000000000,1,8,1,1,ESH7 P7450
2026-03-24T14:28:35.061407206Z,2026-03-24T14:28:35.038634407Z,1,1,42521843,T,A,0,860.500000000,1,0,13982,735810618,860.500000000,863.500000000,1,8,1,1,ESH7 P7450
2026-03-24T14:28:49.539040853Z,2026-03-24T14:28:49.297204707Z,1,1,2696200,T,B,0,132.500000000,5,0,13721,279682131,132.000000000,132.500000000,98,50,3,1,UD:1V: VT 2696200
2026-03-24T14:28:49.810174665Z,2026-03-24T14:28:49.564926307Z,1,1,2696200,T,B,0,132.500000000,45,0,13810,279684286,132.000000000,132.500000000,248,45,6,1,UD:1V: VT 2696200
2026-03-24T14:29:03.355813200Z,2026-03-24T14:29:03.122915425Z,1,1,2565529,T,B,0,6.700000000,12,0,11208,279769660,6.600000000,6.700000000,257,35,4,1,UD:1V: GN 2565529
2026-03-24T14:29:15.494303302Z,2026-03-24T14:29:15.244818289Z,1,1,2553485,T,B,0,36.750000000,2,0,14583,279851901,36.500000000,36.750000000,815,2,9,1,UD:1V: VT 2553485
2026-03-24T14:29:17.056663087Z,2026-03-24T14:29:16.872830605Z,1,1,2696200,T,B,0,133.000000000,50,0,13189,279864880,132.500000000,133.000000000,211,50,6,1,UD:1V: VT 2696200
2026-03-24T14:29:21.169954809Z,2026-03-24T14:29:21.144946209Z,1,1,42510079,T,A,0,11.800000000,1,0,13156,736520923,11.800000000,11.900000000,1,178,1,6,ESM6 C7350
2026-03-24T14:29:24.151637983Z,2026-03-24T14:29:24.076077145Z,1,1,2565860,T,B,0,2.000000000,4,0,16508,279919368,1.900000000,2.000000000,1342,98,6,1,UD:1V: VT 2565860
2026-03-24T14:29:24.829846414Z,2026-03-24T14:29:24.781401739Z,1,1,2565801,T,B,0,0.550000000,1,0,17044,279924510,0.500000000,0.550000000,2968,1,8,1,UD:1V: VT 2565801
2026-03-24T14:29:25.939422603Z,2026-03-24T14:29:25.890113341Z,1,1,2565529,T,B,0,6.700000000,12,0,13570,279930709,6.600000000,6.700000000,257,23,4,1,UD:1V: GN 2565529
2026-03-24T14:29:27.035957328Z,2026-03-24T14:29:26.836101751Z,1,1,42229818,T,A,0,68.000000000,1,0,13210,736612913,68.000000000,69.000000000,31,112,1,4,ESU6 C7350
2026-03-24T14:29:29.830238530Z,2026-03-24T14:29:29.164532549Z,1,1,2565529,T,B,0,6.700000000,11,0,13727,279952504,6.600000000,6.700000000,257,11,4,1,UD:1V: GN 2565529
2026-03-24T14:29:30.739263014Z,2026-03-24T14:29:29.847635093Z,1,1,2563502,T,A,0,20.750000000,2,0,12952,279958717,20.750000000,21.000000000,2,415,1,7,UD:1V: BO 2563502
2026-03-24T14:29:33.572277031Z,2026-03-24T14:29:33.286801835Z,1,1,2565529,T,B,0,6.700000000,11,0,14882,279979804,6.600000000,6.700000000,257,35,4,1,UD:1V: GN 2565529
2026-03-24T14:29:34.539157090Z,2026-03-24T14:29:33.991809317Z,1,1,2565529,T,B,0,6.700000000,3,0,14468,279988965,6.600000000,6.700000000,257,24,4,1,UD:1V: GN 2565529
2026-03-24T14:29:37.024151335Z,2026-03-24T14:29:37.007059725Z,1,1,2563502,T,A,0,20.750000000,2,0,13831,280009316,20.750000000,21.000000000,2,464,1,8,UD:1V: BO 2563502
2026-03-24T14:29:39.197904633Z,2026-03-24T14:29:38.743103399Z,1,1,2565529,T,B,0,6.700000000,10,0,14053,280018214,6.600000000,6.700000000,257,21,4,1,UD:1V: GN 2565529
2026-03-24T14:29:39.646605199Z,2026-03-24T14:29:38.823198635Z,1,1,2565529,T,B,0,6.700000000,2,0,11969,280021435,6.600000000,6.700000000,257,11,4,1,UD:1V: GN 2565529
2026-03-24T14:29:40.313800060Z,2026-03-24T14:29:39.158329771Z,1,1,2565529,T,B,0,6.700000000,1,0,12621,280027049,6.600000000,6.700000000,257,9,4,1,UD:1V: GN 2565529
2026-03-24T14:29:41.938789252Z,2026-03-24T14:29:40.181995243Z,1,1,2565529,T,B,0,6.700000000,8,0,16656,280035918,6.600000000,6.700000000,255,8,3,1,UD:1V: GN 2565529
2026-03-24T14:29:42.395741201Z,2026-03-24T14:29:40.289821445Z,1,1,42399596,T,B,0,13.400000000,1,0,14422,736835478,13.300000000,13.400000000,146,1,1,1,ESM6 P4100
2026-03-24T14:29:42.418962070Z,2026-03-24T14:29:40.324279543Z,1,1,42372883,T,B,0,14.000000000,1,0,15248,736835692,13.900000000,14.000000000,144,1,1,1,ESM6 P4150
2026-03-24T14:30:01.055234611Z,2026-03-24T14:30:00.705829293Z,1,1,42521843,T,A,0,867.000000000,9,0,9986,737127444,867.000000000,870.500000000,9,9,2,2,ESH7 P7450
2026-03-24T14:30:02.745700513Z,2026-03-24T14:30:02.262050689Z,1,1,2565529,T,B,0,6.700000000,26,0,17456,280190486,6.600000000,6.700000000,241,35,3,1,UD:1V: GN 2565529
2026-03-24T14:30:02.952534569Z,2026-03-24T14:30:02.318368051Z,1,1,2565529,T,B,0,6.700000000,1,0,11858,280191985,6.600000000,6.700000000,241,9,3,1,UD:1V: GN 2565529
2026-03-24T14:30:08.699401771Z,2026-03-24T14:30:07.154542901Z,1,1,42853788,T,A,0,177.000000000,2,0,11635,737257865,177.000000000,177.500000000,2,3,1,1,ESM6 P6325
2026-03-24T14:30:08.990305331Z,2026-03-24T14:30:07.426759969Z,1,1,2563502,T,A,0,20.750000000,2,0,13486,280240713,20.750000000,21.000000000,2,348,1,5,UD:1V: BO 2563502
2026-03-24T14:30:09.759292737Z,2026-03-24T14:30:08.439588995Z,1,1,42416106,T,A,0,6.900000000,1,0,14072,737277394,6.900000000,7.100000000,2,2,1,1,ESM6 C7450
2026-03-24T14:30:15.623538574Z,2026-03-24T14:30:15.503180083Z,1,1,2563502,T,A,0,20.750000000,2,0,17141,280294707,20.750000000,21.000000000,2,402,1,6,UD:1V: BO 2563502
2026-03-24T14:30:20.689288363Z,2026-03-24T14:30:20.631355839Z,1,1,42404374,T,B,0,465.500000000,1,0,11418,737451218,464.000000000,465.500000000,1,1,1,1,ESM6 P7000
2026-03-24T14:30:22.639052862Z,2026-03-24T14:30:22.192764039Z,1,1,2563502,T,A,0,20.750000000,2,0,11579,280340679,20.750000000,21.000000000,2,402,1,6,UD:1V: BO 2563502
2026-03-24T14:30:29.004553748Z,2026-03-24T14:30:28.891076659Z,1,1,2563502,T,A,0,20.750000000,2,0,17113,280388440,20.750000000,21.000000000,2,402,1,6,UD:1V: BO 2563502
2026-03-24T14:30:51.471632177Z,2026-03-24T14:30:50.447298485Z,1,1,42366512,T,A,0,72.750000000,2,0,13852,737908444,72.750000000,73.250000000,2,78,1,7,ESM6 P5700
2026-03-24T14:30:53.831822231Z,2026-03-24T14:30:53.033469621Z,1,1,2565913,T,A,0,639.000000000,1,0,14281,280538542,639.000000000,644.500000000,1,18,1,1,UD:1V: GN 2565913
2026-03-24T14:31:29.577155068Z,2026-03-24T14:31:29.112094667Z,1,1,42372949,T,A,0,152.500000000,2,0,15320,738533278,152.500000000,153.000000000,2,20,1,1,ESM6 C6800
2026-03-24T14:31:29.725442665Z,2026-03-24T14:31:29.208155211Z,1,1,42836577,T,A,0,165.000000000,2,0,16096,738535915,165.000000000,165.500000000,2,19,1,1,ESM6 C6775
2026-03-24T14:31:29.790891353Z,2026-03-24T14:31:29.227519337Z,1,1,42821843,T,A,0,191.500000000,2,0,17286,738537301,191.500000000,192.000000000,2,17,1,1,ESM6 C6725
2026-03-24T14:31:30.199632118Z,2026-03-24T14:31:29.725446235Z,1,1,42836577,T,B,0,165.000000000,19,0,15137,738544193,164.500000000,165.000000000,58,19,3,1,ESM6 C6775
2026-03-24T14:31:34.465574007Z,2026-03-24T14:31:34.368181263Z,1,1,42853788,T,A,0,176.000000000,2,0,14433,738608920,176.000000000,176.500000000,2,77,1,5,ESM6 P6325
2026-03-24T14:31:39.763353982Z,2026-03-24T14:31:39.333594139Z,1,1,42760625,T,A,0,234.500000000,2,0,15231,738688086,234.500000000,235.000000000,2,20,1,2,ESM6 P6525
2026-03-24T14:31:52.273496884Z,2026-03-24T14:31:52.236922125Z,1,1,2565816,T,B,0,4.700000000,1,0,14413,280946063,4.600000000,4.700000000,102,95,2,3,UD:1V: VT 2565816
2026-03-24T14:31:53.509671810Z,2026-03-24T14:31:53.318096263Z,1,1,42372969,T,A,0,70.750000000,3,0,11604,738903383,70.750000000,71.500000000,3,68,1,5,ESM6 C7000
2026-03-24T14:31:54.343870475Z,2026-03-24T14:31:54.117526625Z,1,1,42836577,T,A,0,164.500000000,4,0,14899,738920342,164.500000000,165.000000000,4,19,1,1,ESM6 C6775
2026-03-24T14:31:54.533534892Z,2026-03-24T14:31:54.343812063Z,1,1,42836577,T,B,0,164.500000000,7,0,13652,738924330,164.000000000,164.500000000,44,15,1,1,ESM6 C6775
2026-03-24T14:31:54.540294014Z,2026-03-24T14:31:54.343873997Z,1,1,42836577,T,B,0,164.500000000,8,0,16547,738924332,164.000000000,164.500000000,44,8,1,1,ESM6 C6775
2026-03-24T14:32:15.814835329Z,2026-03-24T14:32:15.814290197Z,1,1,2565816,T,B,0,4.650000000,1,0,16821,281090817,4.550000000,4.650000000,267,293,4,5,UD:1V: VT 2565816
2026-03-24T14:32:44.617144113Z,2026-03-24T14:32:44.406797685Z,1,1,2565816,T,A,0,4.600000000,1,0,13151,281267068,4.600000000,4.650000000,1,242,1,5,UD:1V: VT 2565816
2026-03-24T14:32:51.342158006Z,2026-03-24T14:32:51.075979649Z,1,1,2566029,T,A,0,158.000000000,1,0,13996,281319386,158.000000000,158.500000000,1,198,1,6,UD:1V: GN 2566029
2026-03-24T14:32:57.092233439Z,2026-03-24T14:32:56.907878377Z,1,1,42804681,T,A,0,251.500000000,15,0,13097,739871813,251.500000000,252.000000000,20,64,1,5,ESM6 P6575
2026-03-24T14:32:57.175877782Z,2026-03-24T14:32:56.912187389Z,1,1,42804681,T,A,0,251.500000000,5,0,12889,739873257,251.500000000,252.000000000,5,66,1,5,ESM6 P6575
2026-03-24T14:33:16.307802591Z,2026-03-24T14:33:15.999285935Z,1,1,42394812,T,B,0,343.000000000,3,0,14874,740205825,342.500000000,343.000000000,5,3,2,1,ESM6 P6800
2026-03-24T14:33:17.271900191Z,2026-03-24T14:33:17.052785975Z,1,1,2558128,T,A,0,92.000000000,1,0,15963,281513626,92.000000000,92.250000000,1,131,1,2,UD:1V: VT 2558128
2026-03-24T14:33:20.487819843Z,2026-03-24T14:33:20.463504559Z,1,1,42404374,T,B,0,460.000000000,1,0,17971,740271469,458.500000000,460.000000000,30,1,3,1,ESM6 P7000
2026-03-24T14:34:06.886047956Z,2026-03-24T14:34:06.885548563Z,1,1,42372949,T,A,0,153.000000000,1,0,14021,740933971,153.000000000,153.500000000,1,82,1,5,ESM6 C6800
2026-03-24T14:34:42.718816763Z,2026-03-24T14:34:42.646146643Z,1,1,42399706,T,A,0,297.000000000,1,0,13547,741417487,297.000000000,297.500000000,1,14,1,5,ESM6 P6700
2026-03-24T14:36:01.283483409Z,2026-03-24T14:36:00.827196565Z,1,1,2545537,T,B,0,-55.500000000,1,0,16237,282528153,-55.750000000,-55.500000000,86,1,4,1,UD:1V: GN 2545537
2026-03-24T14:36:08.275205353Z,2026-03-24T14:36:08.191259381Z,1,1,2566185,T,A,0,50.000000000,1,0,12926,282587230,50.000000000,50.250000000,25,353,1,4,UD:1V: VT 2566185
2026-03-24T14:36:09.073663806Z,2026-03-24T14:36:08.619727323Z,1,1,2566185,T,B,0,50.000000000,2,0,16411,282591876,49.750000000,50.000000000,285,2,5,1,UD:1V: VT 2566185
2026-03-24T14:36:11.562041461Z,2026-03-24T14:36:10.969700209Z,1,1,2553485,T,B,0,36.750000000,2,0,11367,282610031,36.500000000,36.750000000,694,2,7,1,UD:1V: VT 2553485
2026-03-24T14:36:13.470524315Z,2026-03-24T14:36:12.843291037Z,1,1,2545533,T,B,0,98.000000000,1,0,14051,282625899,97.750000000,98.000000000,96,1,2,1,UD:1V: VT 2545533
2026-03-24T14:36:16.633013998Z,2026-03-24T14:36:16.490655187Z,1,1,42919922,T,A,0,218.000000000,2,0,16601,742862919,218.000000000,218.500000000,2,22,1,2,ESM6 C6675
2026-03-24T14:36:17.399265627Z,2026-03-24T14:36:17.076669277Z,1,1,2566185,T,B,0,50.250000000,2,0,13680,282660700,50.000000000,50.250000000,191,2,4,1,UD:1V: VT 2566185
2026-03-24T14:36:24.845813102Z,2026-03-24T14:36:24.492899539Z,1,1,42919922,T,A,0,218.000000000,2,0,17316,743000340,218.000000000,218.500000000,2,22,1,2,ESM6 C6675
2026-03-24T14:36:29.967777724Z,2026-03-24T14:36:29.869100299Z,1,1,2566185,T,B,0,50.250000000,2,0,14343,282745678,50.000000000,50.250000000,191,2,4,1,UD:1V: VT 2566185
2026-03-24T14:36:31.358336185Z,2026-03-24T14:36:31.219134303Z,1,1,2545533,T,A,0,97.750000000,1,0,14631,282753418,97.750000000,98.250000000,125,277,3,7,UD:1V: VT 2545533
2026-03-24T14:36:36.396279199Z,2026-03-24T14:36:36.343868807Z,1,1,2566185,T,B,0,50.250000000,2,0,16687,282783369,50.000000000,50.250000000,191,2,4,1,UD:1V: VT 2566185
2026-03-24T14:36:53.809262914Z,2026-03-24T14:36:53.447414051Z,1,1,2566185,T,B,0,50.250000000,2,0,14512,282902509,50.000000000,50.250000000,191,2,4,1,UD:1V: VT 2566185
2026-03-24T14:36:56.762858292Z,2026-03-24T14:36:55.959914637Z,1,1,42372949,T,A,0,150.500000000,1,0,13812,743468887,150.500000000,151.000000000,1,40,1,5,ESM6 C6800
2026-03-24T14:36:57.195270315Z,2026-03-24T14:36:56.338966819Z,1,1,42760602,T,A,0,247.000000000,2,0,16457,743476485,247.000000000,247.500000000,2,4,1,1,ESM6 C6625
2026-03-24T14:37:06.032687859Z,2026-03-24T14:37:05.197412957Z,1,1,42409666,T,B,0,84.000000000,1,0,15089,743624286,83.750000000,84.000000000,34,1,1,1,ESM6 P5800
2026-03-24T14:37:47.923841607Z,2026-03-24T14:37:47.533558461Z,1,1,2566185,T,B,0,50.250000000,2,0,17024,283280550,50.000000000,50.250000000,193,2,4,1,UD:1V: VT 2566185
2026-03-24T14:38:24.141342091Z,2026-03-24T14:38:23.730030797Z,1,1,42919922,T,A,0,216.500000000,2,0,16472,744851936,216.500000000,217.000000000,2,21,1,2,ESM6 C6675
2026-03-24T14:38:24.539676452Z,2026-03-24T14:38:24.125342163Z,1,1,2566185,T,B,0,50.500000000,2,0,14786,283532087,50.250000000,50.500000000,191,2,4,1,UD:1V: VT 2566185
2026-03-24T14:38:30.150629099Z,2026-03-24T14:38:29.570421003Z,1,1,42409648,T,B,0,202.500000000,2,0,17606,744954093,202.000000000,202.500000000,34,2,5,1,ESM6 C6700
2026-03-24T14:38:31.437522894Z,2026-03-24T14:38:30.459334595Z,1,1,42804681,T,A,0,254.000000000,3,0,15341,744975388,254.000000000,254.500000000,3,20,1,2,ESM6 P6575
2026-03-24T14:38:46.661420547Z,2026-03-24T14:38:45.953035851Z,1,1,42366506,T,A,0,22.750000000,1,0,14156,745201209,22.750000000,23.000000000,1,149,1,4,ESM6 P4700
2026-03-24T14:38:51.599661735Z,2026-03-24T14:38:51.195404113Z,1,1,42384718,T,B,0,263.000000000,3,0,11157,745271803,262.500000000,263.000000000,3,3,1,1,ESM6 C6600
2026-03-24T14:39:01.999280387Z,2026-03-24T14:39:01.077769595Z,1,1,42399599,T,B,0,25.250000000,1,0,11314,745433740,24.750000000,25.250000000,258,12,7,3,ESM6 P4800
2026-03-24T14:39:13.519648156Z,2026-03-24T14:39:13.519033395Z,1,1,2566379,T,A,0,24.000000000,1,0,15881,283870053,24.000000000,24.250000000,582,910,6,6,UD:1V: VT 2566379
2026-03-24T14:39:24.043505089Z,2026-03-24T14:39:23.697667703Z,1,1,2566185,T,A,0,50.000000000,1,0,13376,283940914,50.000000000,50.250000000,193,2,4,1,UD:1V: VT 2566185
2026-03-24T14:39:33.384585198Z,2026-03-24T14:39:33.119757095Z,1,1,2566185,T,B,0,50.250000000,2,0,16756,283998566,50.000000000,50.250000000,196,2,4,1,UD:1V: VT 2566185
2026-03-24T14:40:01.708845150Z,2026-03-24T14:40:01.313479655Z,1,1,2566185,T,B,0,50.250000000,2,0,14510,284167299,50.000000000,50.250000000,193,2,4,1,UD:1V: VT 2566185
2026-03-24T14:40:51.020547881Z,2026-03-24T14:40:50.002499295Z,1,1,2675792,T,B,0,15.400000000,1,0,15177,284468264,15.300000000,15.400000000,1816,3,7,1,UD:1V: VT 2675792
2026-03-24T14:40:51.032472033Z,2026-03-24T14:40:50.002585891Z,1,1,2675792,T,B,0,15.400000000,1,0,16409,284468346,15.300000000,15.400000000,1816,2,7,1,UD:1V: VT 2675792
2026-03-24T14:40:51.037920536Z,2026-03-24T14:40:50.002623595Z,1,1,2675792,T,B,0,15.400000000,1,0,14540,284468378,15.300000000,15.400000000,1816,1,7,1,UD:1V: VT 2675792
2026-03-24T14:41:37.560299846Z,2026-03-24T14:41:37.554250333Z,1,1,2566185,T,A,0,49.750000000,1,0,13129,284779804,49.750000000,50.000000000,25,172,1,4,UD:1V: VT 2566185
2026-03-24T14:41:39.499184163Z,2026-03-24T14:41:39.209166879Z,1,1,2553485,T,B,0,36.500000000,2,0,14143,284788449,36.250000000,36.500000000,667,2,8,1,UD:1V: VT 2553485
2026-03-24T14:42:32.815320851Z,2026-03-24T14:42:32.814546623Z,1,1,2565816,T,A,0,4.650000000,1,0,14095,285132811,4.650000000,4.700000000,1,173,1,4,UD:1V: VT 2565816
2026-03-24T14:43:00.514265753Z,2026-03-24T14:42:59.283669251Z,1,1,42919949,T,B,0,354.000000000,1,0,16707,748885404,353.000000000,354.000000000,3,1,1,1,ESM6 P6825
2026-03-24T14:43:21.611118552Z,2026-03-24T14:43:21.447054349Z,1,1,2566579,T,A,0,0.500000000,1,0,13310,285443602,0.500000000,0.600000000,1517,6694,4,12,UD:1V: VT 2566579
2026-03-24T14:43:51.843179398Z,2026-03-24T14:43:51.334963921Z,1,1,2566185,T,B,0,49.750000000,2,0,12844,285626934,49.500000000,49.750000000,193,2,4,1,UD:1V: VT 2566185
2026-03-24T14:44:03.983102777Z,2026-03-24T14:44:02.959106223Z,1,1,42760602,T,B,0,250.500000000,6,0,14016,749805833,250.000000000,250.500000000,3,6,1,1,ESM6 C6625
2026-03-24T14:44:43.974802065Z,2026-03-24T14:44:43.164731797Z,1,1,42366506,T,A,0,22.250000000,2,0,10306,750393855,22.250000000,22.500000000,2,339,1,8,ESM6 P4700
2026-03-24T14:44:59.886129646Z,2026-03-24T14:44:59.342178037Z,1,1,311354,T,A,0,143.000000000,1,0,11135,750618059,143.000000000,143.500000000,1,169,1,4,ESZ6 P5400
2026-03-24T14:45:13.888808574Z,2026-03-24T14:45:13.851140101Z,1,1,42394812,T,B,0,341.000000000,1,0,11070,750841866,340.000000000,341.000000000,45,1,6,1,ESM6 P6800
2026-03-24T14:45:34.461552614Z,2026-03-24T14:45:34.087804171Z,1,1,2566185,T,B,0,49.750000000,2,0,16632,286298025,49.500000000,49.750000000,195,2,4,1,UD:1V: VT 2566185
2026-03-24T14:45:46.038725853Z,2026-03-24T14:45:45.116955383Z,1,1,42435330,T,A,0,56.000000000,2,0,10382,751307504,56.000000000,56.250000000,2,70,1,6,ESM6 C7050
2026-03-24T14:45:46.244774780Z,2026-03-24T14:45:45.207603007Z,1,1,42378449,T,B,0,110.000000000,1,0,12034,751310828,109.500000000,110.000000000,13,1,4,1,ESM6 P6000
2026-03-24T14:45:47.721809303Z,2026-03-24T14:45:46.641625661Z,1,1,2566185,T,B,0,50.000000000,2,0,13005,286389332,49.750000000,50.000000000,191,2,4,1,UD:1V: VT 2566185
2026-03-24T14:45:52.406670633Z,2026-03-24T14:45:52.405798203Z,1,1,2563454,T,B,0,16.200000000,3,0,14551,286428092,15.900000000,16.200000000,225,236,3,2,UD:1V: BO 2563454
2026-03-24T14:45:55.479821171Z,2026-03-24T14:45:54.645201789Z,1,1,2553851,T,B,0,2.000000000,32,0,17925,286445399,1.800000000,2.000000000,2732,32,7,2,UD:1V: BO 2553851
2026-03-24T14:45:55.836895723Z,2026-03-24T14:45:54.806430877Z,1,1,2566538,T,B,0,85.250000000,333,0,17181,286447314,85.000000000,85.250000000,418,350,3,1,UD:1V:CVT 2566538
2026-03-24T14:45:56.652545567Z,2026-03-24T14:45:55.859660503Z,1,1,2566538,T,B,0,85.250000000,17,0,13422,286454927,85.000000000,85.250000000,381,17,2,1,UD:1V:CVT 2566538
2026-03-24T14:45:58.945293428Z,2026-03-24T14:45:58.826572429Z,1,1,2563454,T,B,0,16.200000000,2,0,13302,286474963,15.900000000,16.200000000,308,2,5,1,UD:1V: BO 2563454
2026-03-24T14:46:05.939981346Z,2026-03-24T14:46:04.292551745Z,1,1,2563266,T,A,0,-18.000000000,1,0,15086,286529068,-18.000000000,,1,0,1,0,UD:1V: 3W 2563266
2026-03-24T14:46:07.468304225Z,2026-03-24T14:46:06.104113691Z,1,1,42366506,T,A,0,22.500000000,2,0,13020,751670466,22.500000000,22.750000000,2,271,1,7,ESM6 P4700
2026-03-24T14:46:18.234182350Z,2026-03-24T14:46:18.176414951Z,1,1,4247450,T,A,0,296.000000000,18,0,17148,751840793,296.000000000,297.500000000,18,106,1,5,ESZ6 C7000
2026-03-24T14:46:18.234182350Z,2026-03-24T14:46:18.176414951Z,1,1,4247450,T,A,0,295.500000000,5,0,17148,751840793,296.000000000,297.500000000,18,106,1,5,ESZ6 C7000
2026-03-24T14:46:18.234182350Z,2026-03-24T14:46:18.176414951Z,1,1,4247450,T,A,0,295.000000000,7,0,17148,751840793,296.000000000,297.500000000,18,106,1,5,ESZ6 C7000
2026-03-24T14:46:29.946400739Z,2026-03-24T14:46:29.902562839Z,1,1,42409657,T,A,0,63.000000000,1,0,11452,752001879,63.000000000,63.250000000,1,113,1,5,ESM6 P5600
2026-03-24T14:46:31.731089454Z,2026-03-24T14:46:31.612608333Z,1,1,42392157,T,A,0,105.500000000,120,0,13663,752024582,105.500000000,106.000000000,120,179,1,5,ESZ6 C7500
2026-03-24T14:46:37.385086073Z,2026-03-24T14:46:36.826557975Z,1,1,42366506,T,A,0,22.500000000,2,0,11516,752083698,22.500000000,22.750000000,2,152,1,6,ESM6 P4700
2026-03-24T14:46:59.139445281Z,2026-03-24T14:46:55.958835735Z,1,1,42384725,T,B,0,9.000000000,3,0,14182,752388879,8.700000000,9.000000000,167,116,1,1,ESM6 C7400
2026-03-24T14:46:59.206769562Z,2026-03-24T14:46:56.003433419Z,1,1,42384725,T,B,0,9.000000000,2,0,15012,752389775,8.700000000,9.000000000,167,113,1,1,ESM6 C7400
2026-03-24T14:47:01.419634796Z,2026-03-24T14:46:57.856150683Z,1,1,42903306,T,B,0,10.300000000,4,0,15126,752421858,10.100000000,10.300000000,124,110,1,1,ESM6 C7375
2026-03-24T14:47:01.469180403Z,2026-03-24T14:46:57.891771289Z,1,1,42903306,T,B,0,10.300000000,1,0,13810,752422317,10.100000000,10.300000000,124,106,1,1,ESM6 C7375
2026-03-24T14:47:02.977543665Z,2026-03-24T14:46:59.534484539Z,1,1,42394804,T,A,0,236.500000000,2,0,17271,752444630,236.500000000,237.000000000,2,17,1,1,ESM6 P6550
2026-03-24T14:47:04.363236632Z,2026-03-24T14:47:00.903938935Z,1,1,2563266,T,B,0,-28.250000000,1,0,12897,286890710,-30.250000000,-28.250000000,23,1,1,1,UD:1V: 3W 2563266
2026-03-24T14:47:14.445517399Z,2026-03-24T14:47:14.445085639Z,1,1,2696200,T,B,0,130.500000000,1,0,16176,286976054,130.000000000,130.500000000,129,1,4,1,UD:1V: VT 2696200
2026-03-24T14:47:14.629732572Z,2026-03-24T14:47:14.627311139Z,1,1,2696200,T,A,0,130.500000000,1,0,16409,286977049,130.500000000,131.500000000,69,171,1,5,UD:1V: VT 2696200
2026-03-24T14:47:14.908768894Z,2026-03-24T14:47:14.797417727Z,1,1,2696200,T,A,0,130.500000000,1,0,13905,286979224,130.500000000,131.500000000,68,171,1,5,UD:1V: VT 2696200
2026-03-24T14:47:15.093872970Z,2026-03-24T14:47:15.057971127Z,1,1,2696200,T,B,0,130.500000000,1,0,12862,286980849,130.000000000,130.500000000,170,1,4,1,UD:1V: VT 2696200
2026-03-24T14:47:15.129887505Z,2026-03-24T14:47:15.129548981Z,1,1,2696200,T,B,0,130.500000000,1,0,12986,286981090,130.000000000,130.500000000,170,1,4,1,UD:1V: VT 2696200
2026-03-24T14:47:16.430916643Z,2026-03-24T14:47:16.429360035Z,1,1,2696200,T,B,0,130.500000000,1,0,13584,286988769,130.000000000,130.500000000,195,1,5,1,UD:1V: VT 2696200
2026-03-24T14:47:20.756794499Z,2026-03-24T14:47:20.593110143Z,1,1,2696200,T,A,0,130.500000000,1,0,15673,287021072,130.500000000,131.000000000,31,2,1,2,UD:1V: VT 2696200
2026-03-24T14:47:21.172174113Z,2026-03-24T14:47:21.058666313Z,1,1,2696200,T,B,0,131.000000000,1,0,11026,287023726,130.500000000,131.000000000,131,2,5,2,UD:1V: VT 2696200
2026-03-24T14:47:21.264970820Z,2026-03-24T14:47:21.065465247Z,1,1,2696200,T,B,0,131.000000000,1,0,13676,287024190,130.500000000,131.000000000,188,1,6,1,UD:1V: VT 2696200
2026-03-24T14:47:23.731865512Z,2026-03-24T14:47:23.467621229Z,1,1,2566185,T,B,0,49.500000000,2,0,13252,287040364,49.250000000,49.500000000,186,2,4,1,UD:1V: VT 2566185
2026-03-24T14:47:26.183418500Z,2026-03-24T14:47:25.906202503Z,1,1,2696200,T,B,0,131.000000000,1,0,13477,287061297,130.500000000,131.000000000,350,1,9,1,UD:1V: VT 2696200
2026-03-24T14:48:03.938441211Z,2026-03-24T14:48:03.532288197Z,1,1,2563454,T,B,0,16.100000000,2,0,12974,287351446,15.900000000,16.100000000,271,2,4,1,UD:1V: BO 2563454
2026-03-24T14:48:35.947895257Z,2026-03-24T14:48:35.947339293Z,1,1,2559939,T,A,0,24.000000000,3,0,16373,287567611,24.000000000,24.500000000,695,906,5,6,UD:1V: VT 2559939
2026-03-24T14:48:54.825253563Z,2026-03-24T14:48:54.817642921Z,1,1,42854015,T,A,0,307.000000000,3,0,14669,754158564,307.000000000,307.500000000,3,24,1,3,ESM6 P6725
2026-03-24T14:49:18.718908164Z,2026-03-24T14:49:18.638061367Z,1,1,2566185,T,B,0,49.750000000,2,0,15841,287825802,49.500000000,49.750000000,194,2,4,1,UD:1V: VT 2566185
2026-03-24T14:49:28.453687650Z,2026-03-24T14:49:28.440607617Z,1,1,2565816,T,A,0,4.650000000,1,0,15886,287894569,4.650000000,4.700000000,1,604,1,8,UD:1V: VT 2565816
2026-03-24T14:49:40.895186614Z,2026-03-24T14:49:40.840093143Z,1,1,2566185,T,B,0,50.000000000,2,0,13371,287978559,49.750000000,50.000000000,191,2,4,1,UD:1V: VT 2566185
2026-03-24T14:49:55.372939569Z,2026-03-24T14:49:55.309605173Z,1,1,42366509,T,A,0,233.000000000,2,0,17587,755024450,233.000000000,233.500000000,2,4,1,2,ESM6 C6650
2026-03-24T14:49:56.565886339Z,2026-03-24T14:49:56.498453567Z,1,1,42760602,T,A,0,248.000000000,2,0,10397,755038671,248.000000000,248.500000000,2,2,1,1,ESM6 C6625
2026-03-24T14:49:58.925291038Z,2026-03-24T14:49:58.787378759Z,1,1,2563502,T,A,0,21.000000000,2,0,13017,288091697,21.000000000,21.250000000,2,354,1,6,UD:1V: BO 2563502
2026-03-24T14:49:59.083269169Z,2026-03-24T14:49:58.999600451Z,1,1,42919922,T,A,0,218.000000000,2,0,11208,755074673,218.000000000,218.500000000,2,24,1,2,ESM6 C6675
2026-03-24T14:50:01.078011979Z,2026-03-24T14:50:00.738676775Z,1,1,42760602,T,A,0,247.500000000,2,0,17223,755110692,247.500000000,248.500000000,2,37,1,6,ESM6 C6625
2026-03-24T14:50:02.891538401Z,2026-03-24T14:50:02.268518461Z,1,1,42919922,T,A,0,217.500000000,2,0,14025,755141128,217.500000000,218.500000000,2,10,1,4,ESM6 C6675
2026-03-24T14:50:03.690784533Z,2026-03-24T14:50:02.539190803Z,1,1,2553851,T,B,0,2.000000000,44,0,18132,288129960,1.800000000,2.000000000,2920,44,8,3,UD:1V: BO 2553851
2026-03-24T14:50:05.057777554Z,2026-03-24T14:50:03.874718453Z,1,1,2566185,T,B,0,50.250000000,2,0,16561,288142039,50.000000000,50.250000000,166,2,3,1,UD:1V: VT 2566185
2026-03-24T14:50:06.015727617Z,2026-03-24T14:50:04.854729813Z,1,1,2553851,T,B,0,2.000000000,24,0,13984,288150435,1.800000000,2.000000000,3004,24,8,1,UD:1V: BO 2553851
2026-03-24T14:50:08.992132391Z,2026-03-24T14:50:08.365402253Z,1,1,2563454,T,B,0,16.200000000,2,0,13008,288176881,16.000000000,16.200000000,295,2,4,1,UD:1V: BO 2563454
2026-03-24T14:50:11.705192964Z,2026-03-24T14:50:11.700503657Z,1,1,2566185,T,B,0,50.250000000,2,0,13831,288199561,50.000000000,50.250000000,194,2,4,1,UD:1V: VT 2566185
2026-03-24T14:50:12.149396030Z,2026-03-24T14:50:11.984094495Z,1,1,2553851,T,B,0,2.000000000,2,0,12806,288202612,1.800000000,2.000000000,2700,2,7,1,UD:1V: BO 2553851
2026-03-24T14:50:12.543821537Z,2026-03-24T14:50:12.050799829Z,1,1,2565816,T,A,0,4.500000000,1,0,14994,288205078,4.500000000,4.600000000,1,230,1,5,UD:1V: VT 2565816
2026-03-24T14:50:17.597437132Z,2026-03-24T14:50:16.897996121Z,1,1,2566889,T,B,0,3.950000000,1,0,14440,288246011,3.900000000,3.950000000,2,1,1,1,UD:1V: IC 2566889
2026-03-24T14:50:17.681957707Z,2026-03-24T14:50:16.955319475Z,1,1,42372932,T,A,0,293.500000000,2,0,17491,755394891,293.500000000,294.500000000,2,46,1,4,ESM6 C6550
2026-03-24T14:50:20.496299169Z,2026-03-24T14:50:20.477760857Z,1,1,42366509,T,A,0,231.000000000,2,0,15561,755445425,231.000000000,231.500000000,2,2,1,1,ESM6 C6650
2026-03-24T14:50:26.736601531Z,2026-03-24T14:50:25.672825095Z,1,1,42399706,T,B,0,303.000000000,1,0,13717,755532437,302.000000000,303.000000000,5,1,2,1,ESM6 P6700
2026-03-24T14:50:26.799825021Z,2026-03-24T14:50:25.733555475Z,1,1,42384718,T,A,0,261.000000000,1,0,16049,755533154,261.000000000,262.000000000,1,14,1,2,ESM6 C6600
2026-03-24T14:50:36.284398126Z,2026-03-24T14:50:35.815429717Z,1,1,42366506,T,A,0,22.750000000,2,0,13992,755673964,22.750000000,23.000000000,2,172,1,6,ESM6 P4700
2026-03-24T14:50:48.460719292Z,2026-03-24T14:50:47.915042873Z,1,1,2566185,T,B,0,50.500000000,2,0,15997,288453752,50.250000000,50.500000000,189,2,4,1,UD:1V: VT 2566185
2026-03-24T14:50:51.073478508Z,2026-03-24T14:50:50.998169897Z,1,1,42429284,T,B,0,354.000000000,3,0,17439,755897106,353.500000000,354.000000000,17,3,1,1,ESU6 P6600
2026-03-24T14:50:53.391108300Z,2026-03-24T14:50:53.243518377Z,1,1,42804681,T,A,0,253.500000000,3,0,12796,755925828,253.500000000,254.000000000,3,32,1,2,ESM6 P6575
2026-03-24T14:50:53.950873694Z,2026-03-24T14:50:53.573808755Z,1,1,42384718,T,B,0,262.000000000,2,0,11221,755936429,260.500000000,262.000000000,30,2,3,1,ESM6 C6600
2026-03-24T14:50:53.953011463Z,2026-03-24T14:50:53.575608583Z,1,1,42836578,T,B,0,77.250000000,6,0,11236,755936497,77.000000000,77.250000000,27,6,1,1,ESM6 C6975
2026-03-24T14:50:54.037836878Z,2026-03-24T14:50:53.647118165Z,1,1,2545541,T,B,0,86.500000000,2,0,13824,288493106,86.250000000,86.500000000,90,2,4,1,UD:1V: VT 2545541
2026-03-24T14:50:55.528545163Z,2026-03-24T14:50:55.250215447Z,1,1,42378592,T,B,0,228.500000000,3,0,15061,755968165,227.500000000,228.500000000,8,25,2,1,ESM6 P6500
2026-03-24T14:50:55.543163510Z,2026-03-24T14:50:55.260975641Z,1,1,42378592,T,B,0,228.500000000,3,0,12909,755968395,227.500000000,228.500000000,15,22,3,1,ESM6 P6500
2026-03-24T14:50:55.669951227Z,2026-03-24T14:50:55.390298225Z,1,1,42396832,T,B,0,372.500000000,3,0,13725,755970877,371.500000000,372.500000000,2,3,1,1,ESU6 P6650
2026-03-24T14:50:57.452276081Z,2026-03-24T14:50:57.247927367Z,1,1,42429284,T,B,0,354.500000000,3,0,15889,756003878,354.000000000,354.500000000,17,3,1,1,ESU6 P6600
2026-03-24T14:51:05.768793235Z,2026-03-24T14:51:05.262237393Z,1,1,42384718,T,B,0,262.500000000,3,0,15871,756134069,261.500000000,262.500000000,67,3,6,1,ESM6 C6600
2026-03-24T14:51:18.467688163Z,2026-03-24T14:51:18.461110683Z,1,1,42854015,T,B,0,313.000000000,3,0,12059,756337915,312.000000000,313.000000000,50,3,5,1,ESM6 P6725
2026-03-24T14:51:22.943223507Z,2026-03-24T14:51:22.897393681Z,1,1,42399599,T,B,0,25.250000000,2,0,13063,756414793,25.000000000,25.250000000,157,2,5,1,ESM6 P4800
2026-03-24T14:51:33.402547553Z,2026-03-24T14:51:33.402051057Z,1,1,2563266,T,A,0,-16.000000000,1,0,15737,288776341,-16.000000000,-15.200000000,1,34,1,2,UD:1V: 3W 2563266
2026-03-24T14:51:42.817214830Z,2026-03-24T14:51:42.816659083Z,1,1,2566185,T,B,0,50.250000000,1,0,13988,288827563,50.000000000,50.250000000,193,1,4,1,UD:1V: VT 2566185
2026-03-24T14:51:51.175382171Z,2026-03-24T14:51:49.766062759Z,1,1,2675792,T,B,0,15.400000000,3,0,13199,288883681,15.300000000,15.400000000,822,3,6,1,UD:1V: VT 2675792
2026-03-24T14:51:55.753399696Z,2026-03-24T14:51:53.022476911Z,1,1,42372969,T,B,0,71.250000000,2,0,13746,756887468,70.500000000,71.250000000,28,11,1,1,ESM6 C7000
2026-03-24T14:51:59.277752390Z,2026-03-24T14:51:55.947708091Z,1,1,42384724,T,B,0,27.000000000,1,0,12701,756941882,26.000000000,27.000000000,80,1,1,1,ESM6 C7200
2026-03-24T14:52:00.583360761Z,2026-03-24T14:51:56.620996521Z,1,1,42472886,T,A,0,37.250000000,1,0,12912,756957421,37.250000000,37.500000000,1,100,1,1,ESU6 P4350
2026-03-24T14:52:01.702960290Z,2026-03-24T14:51:57.709221917Z,1,1,42384724,T,B,0,27.250000000,1,0,12038,756976595,26.250000000,27.250000000,77,1,1,1,ESM6 C7200
2026-03-24T14:52:06.102991157Z,2026-03-24T14:52:04.612924189Z,1,1,42384724,T,B,0,27.500000000,1,0,13704,757045112,21.000000000,27.500000000,1,1,1,1,ESM6 C7200
2026-03-24T14:52:08.381083371Z,2026-03-24T14:52:06.904355321Z,1,1,42384724,T,B,0,27.750000000,1,0,13765,757077408,27.000000000,27.750000000,69,1,1,1,ESM6 C7200
2026-03-24T14:52:08.819940273Z,2026-03-24T14:52:07.435243257Z,1,1,42435330,T,B,0,60.000000000,2,0,14396,757085259,58.000000000,60.000000000,97,2,2,1,ESM6 C7050
2026-03-24T14:52:08.886778508Z,2026-03-24T14:52:07.538638907Z,1,1,42429382,T,B,0,62.500000000,65,0,14072,757086351,52.750000000,62.500000000,4,69,1,1,ESU6 P4950
2026-03-24T14:52:10.558366415Z,2026-03-24T14:52:08.958496499Z,1,1,2565236,T,A,0,1.950000000,1,0,13720,289025293,1.950000000,2.100000000,2,765,2,2,UD:1V: VT 2565236
2026-03-24T14:52:10.686884821Z,2026-03-24T14:52:09.076747877Z,1,1,42384724,T,B,0,28.000000000,1,0,14204,757105036,21.000000000,28.000000000,1,2,1,2,ESM6 C7200
2026-03-24T14:52:11.071181213Z,2026-03-24T14:52:09.626834621Z,1,1,42384724,T,B,0,28.000000000,1,0,13905,757109552,27.000000000,28.000000000,167,1,2,1,ESM6 C7200
2026-03-24T14:52:19.524561182Z,2026-03-24T14:52:18.749510821Z,1,1,42384724,T,B,0,28.250000000,1,0,16054,757246772,27.500000000,28.250000000,66,1,1,1,ESM6 C7200
2026-03-24T14:52:20.328514956Z,2026-03-24T14:52:19.417227925Z,1,1,42372953,T,B,0,115.000000000,1,0,16653,757257209,113.000000000,115.000000000,2,1,1,1,ESM6 C6900
2026-03-24T14:52:38.548083995Z,2026-03-24T14:52:37.161075259Z,1,1,2696200,T,B,0,126.500000000,1,0,13389,289265682,126.000000000,126.500000000,71,1,2,1,UD:1V: VT 2696200
2026-03-24T14:52:40.425057247Z,2026-03-24T14:52:38.851389089Z,1,1,42760602,T,B,0,262.000000000,3,0,17190,757578212,259.500000000,262.000000000,4,3,2,1,ESM6 C6625
2026-03-24T14:52:43.419238116Z,2026-03-24T14:52:42.287014955Z,1,1,42760602,T,B,0,261.500000000,2,0,16263,757619174,259.500000000,261.500000000,28,23,4,2,ESM6 C6625
2026-03-24T14:52:49.417713415Z,2026-03-24T14:52:48.866479631Z,1,1,2696200,T,B,0,127.500000000,1,0,14336,289367541,126.500000000,127.500000000,89,1,2,1,UD:1V: VT 2696200
2026-03-24T14:52:50.672219958Z,2026-03-24T14:52:50.108151703Z,1,1,2696200,T,B,0,128.000000000,1,0,13158,289380027,127.000000000,128.000000000,74,1,2,1,UD:1V: VT 2696200
2026-03-24T14:52:51.448613342Z,2026-03-24T14:52:50.872731893Z,1,1,42506307,T,B,0,54.000000000,4,0,16168,757766054,53.750000000,54.000000000,134,4,2,1,ESU6 P4800
2026-03-24T14:53:11.161485755Z,2026-03-24T14:53:09.549888503Z,1,1,2566185,T,B,0,49.000000000,2,0,17444,289547544,48.750000000,49.000000000,141,2,2,1,UD:1V: VT 2566185
2026-03-24T14:53:13.094584955Z,2026-03-24T14:53:11.513927665Z,1,1,42372953,T,B,0,110.500000000,1,0,15333,758134535,109.500000000,110.500000000,2,1,1,1,ESM6 C6900
2026-03-24T14:53:20.780429817Z,2026-03-24T14:53:19.919946085Z,1,1,42854015,T,B,0,303.000000000,3,0,13559,758272196,299.500000000,303.000000000,36,45,2,4,ESM6 P6725
2026-03-24T14:53:23.189753876Z,2026-03-24T14:53:22.010013749Z,1,1,42399706,T,B,0,292.000000000,1,0,17132,758308290,290.000000000,292.000000000,2,5,1,2,ESM6 P6700
2026-03-24T14:54:10.080834737Z,2026-03-24T14:54:09.312482459Z,1,1,4247450,T,B,0,306.000000000,2,0,18277,759094153,305.000000000,306.000000000,14,2,2,1,ESZ6 C7000
2026-03-24T14:54:18.759748270Z,2026-03-24T14:54:18.549371793Z,1,1,414671,T,B,0,81.250000000,4,0,15297,759255451,80.750000000,81.250000000,230,4,5,1,ESZ6 P4800
2026-03-24T14:54:41.073127539Z,2026-03-24T14:54:40.286238003Z,1,1,2567164,T,B,0,50.000000000,1,0,14034,290279077,49.250000000,50.000000000,9,1,1,1,UD:1V: VT 2567164
2026-03-24T14:54:43.840596756Z,2026-03-24T14:54:42.985517745Z,1,1,2565816,T,A,0,5.000000000,1,0,15671,290302532,5.000000000,5.100000000,1,57,1,1,UD:1V: VT 2565816
2026-03-24T14:55:01.281014394Z,2026-03-24T14:55:00.903819715Z,1,1,42404367,T,A,0,123.000000000,1,0,12856,759968300,123.000000000,123.500000000,1,28,1,1,ESM6 P6100
2026-03-24T14:55:05.818824761Z,2026-03-24T14:55:05.112045247Z,1,1,2547677,T,B,0,54.500000000,10,0,11236,290485725,53.000000000,54.500000000,103,10,1,1,UD:1V: VT 2547677
2026-03-24T14:55:47.174406826Z,2026-03-24T14:55:46.320081151Z,1,1,2545533,T,A,0,101.000000000,1,0,13191,290816195,101.000000000,101.500000000,2,143,2,4,UD:1V: VT 2545533
2026-03-24T14:55:47.860110098Z,2026-03-24T14:55:47.017618303Z,1,1,2545533,T,A,0,101.000000000,1,0,15871,290822577,101.000000000,101.500000000,1,143,1,4,UD:1V: VT 2545533
2026-03-24T14:56:10.279287900Z,2026-03-24T14:56:09.035424105Z,1,1,2545533,T,B,0,101.500000000,1,0,13005,291001779,100.500000000,101.500000000,324,44,8,2,UD:1V: VT 2545533
2026-03-24T14:56:10.502321553Z,2026-03-24T14:56:09.275128397Z,1,1,2545533,T,B,0,101.500000000,1,0,12581,291003331,100.500000000,101.500000000,282,44,7,2,UD:1V: VT 2545533
2026-03-24T14:56:29.531960444Z,2026-03-24T14:56:28.381651583Z,1,1,2545533,T,B,0,102.000000000,1,0,13797,291148740,101.500000000,102.000000000,113,1,2,1,UD:1V: VT 2545533
2026-03-24T14:56:33.745750955Z,2026-03-24T14:56:32.900164343Z,1,1,2554400,T,A,0,-0.950000000,22,0,15379,291183144,-0.950000000,-0.200000000,99,188,1,2,UD:1V: 12 2554400
2026-03-24T14:56:33.830910743Z,2026-03-24T14:56:32.998883171Z,1,1,2554400,T,A,0,-0.950000000,1,0,12688,291183795,-0.950000000,-0.200000000,77,188,1,2,UD:1V: 12 2554400
2026-03-24T14:56:40.065814287Z,2026-03-24T14:56:39.123741281Z,1,1,42378541,T,A,0,161.000000000,2,0,11231,761666860,161.000000000,161.500000000,2,25,1,1,ESM6 P6300
2026-03-24T14:56:46.147412790Z,2026-03-24T14:56:45.774233995Z,1,1,42366509,T,A,0,246.000000000,3,0,13783,761778645,246.000000000,247.000000000,3,39,1,5,ESM6 C6650
2026-03-24T14:56:46.409247729Z,2026-03-24T14:56:46.169639257Z,1,1,2554400,T,A,0,-0.950000000,37,0,13944,291282192,-0.950000000,-0.200000000,76,188,1,2,UD:1V: 12 2554400
2026-03-24T14:56:46.861510175Z,2026-03-24T14:56:46.819292289Z,1,1,42854015,T,B,0,296.000000000,3,0,14542,761791884,295.000000000,296.000000000,53,3,6,1,ESM6 P6725
2026-03-24T14:56:47.641567863Z,2026-03-24T14:56:47.622636125Z,1,1,2554400,T,A,0,-0.950000000,30,0,16464,291289939,-0.950000000,-0.200000000,39,188,1,2,UD:1V: 12 2554400
2026-03-24T14:56:48.359191230Z,2026-03-24T14:56:48.115834053Z,1,1,2545533,T,B,0,102.000000000,1,0,12123,291293537,101.500000000,102.000000000,295,1,7,1,UD:1V: VT 2545533
2026-03-24T14:56:52.218461653Z,2026-03-24T14:56:51.379311567Z,1,1,2554400,T,A,0,-0.950000000,9,0,13818,291322795,-0.950000000,-0.200000000,9,188,1,2,UD:1V: 12 2554400
2026-03-24T14:57:01.562452756Z,2026-03-24T14:57:00.863573151Z,1,1,2551880,T,A,0,11.500000000,1,0,16820,291385626,11.500000000,11.900000000,1,22,1,3,UD:1V: VT 2551880
2026-03-24T14:57:02.613817817Z,2026-03-24T14:57:01.637971311Z,1,1,42760606,T,B,0,257.500000000,3,0,13178,762046699,256.500000000,257.500000000,7,3,3,1,ESM6 P6625
2026-03-24T14:57:37.030923361Z,2026-03-24T14:57:36.976484845Z,1,1,2566185,T,B,0,48.250000000,2,0,14008,291650228,48.000000000,48.250000000,186,2,4,1,UD:1V: VT 2566185
2026-03-24T14:58:00.532872095Z,2026-03-24T14:58:00.184495809Z,1,1,42409666,T,B,0,79.000000000,1,0,13720,762995064,78.500000000,79.000000000,3,1,2,1,ESM6 P5800
2026-03-24T14:58:01.634877591Z,2026-03-24T14:58:01.200551205Z,1,1,42384726,T,B,0,53.000000000,4,0,14424,763015116,52.250000000,53.000000000,311,4,9,1,ESM6 P5500
2026-03-24T14:58:09.059737585Z,2026-03-24T14:58:07.548468977Z,1,1,2521985,T,A,0,47.250000000,1,0,17554,291874577,47.250000000,47.500000000,1,2,1,1,UD:1V: VT 2521985
2026-03-24T14:58:36.380747623Z,2026-03-24T14:58:35.446564981Z,1,1,42378449,T,B,0,106.500000000,2,0,17534,763599545,106.000000000,106.500000000,39,75,9,1,ESM6 P6000
2026-03-24T14:58:37.390446379Z,2026-03-24T14:58:36.133184179Z,1,1,42378449,T,B,0,106.500000000,73,0,12577,763616628,106.000000000,106.500000000,3,73,2,1,ESM6 P6000
2026-03-24T14:58:58.340715468Z,2026-03-24T14:58:58.284657011Z,1,1,42378449,T,B,0,106.000000000,50,0,11892,763927376,105.000000000,106.000000000,182,52,11,2,ESM6 P6000
2026-03-24T14:58:58.442869417Z,2026-03-24T14:58:58.285573491Z,1,1,42378449,T,B,0,106.000000000,2,0,11473,763929032,105.000000000,106.000000000,180,2,10,1,ESM6 P6000
2026-03-24T14:59:15.334370948Z,2026-03-24T14:59:14.960769297Z,1,1,2545536,T,A,0,46.250000000,66,0,16529,292367746,46.250000000,46.750000000,66,132,1,4,UD:1V: VT 2545536
2026-03-24T14:59:22.464473585Z,2026-03-24T14:59:20.071767543Z,1,1,42372953,T,A,0,108.000000000,1,0,18265,764322976,108.000000000,110.500000000,2,36,2,1,ESM6 C6900
2026-03-24T14:59:25.473304814Z,2026-03-24T14:59:23.339234437Z,1,1,547283,T,A,0,99.750000000,4,0,14395,764364237,99.750000000,101.500000000,44,44,1,1,ESZ6 P5000
2026-03-24T14:59:36.976219293Z,2026-03-24T14:59:36.573659949Z,1,1,2545533,T,A,0,99.000000000,1,0,13799,292535995,99.000000000,100.500000000,66,66,2,1,UD:1V: VT 2545533
2026-03-24T14:59:43.734283131Z,2026-03-24T14:59:43.351321001Z,1,1,42853785,T,B,0,49.750000000,47,0,11564,764649209,49.000000000,49.750000000,9,48,2,1,ESM6 P5425
2026-03-24T14:59:43.914975569Z,2026-03-24T14:59:43.685768897Z,1,1,42853785,T,B,0,49.750000000,1,0,13592,764652670,49.000000000,49.750000000,73,1,4,1,ESM6 P5425
2026-03-24T14:59:56.992858171Z,2026-03-24T14:59:56.143612593Z,1,1,42384779,T,A,0,256.000000000,1,0,12879,764871237,256.000000000,257.000000000,1,20,1,7,ESM6 P6600
2026-03-24T15:00:01.659294369Z,2026-03-24T15:00:00.597549527Z,1,1,2545533,T,B,0,100.000000000,1,0,12864,292732518,99.500000000,100.000000000,67,1,1,1,UD:1V: VT 2545533
2026-03-24T15:00:16.242438476Z,2026-03-24T15:00:14.618123755Z,1,1,42404367,T,B,0,121.500000000,1,0,11233,765175361,121.000000000,121.500000000,31,1,2,1,ESM6 P6100
2026-03-24T15:00:22.510939875Z,2026-03-24T15:00:21.791462131Z,1,1,42378449,T,B,0,105.500000000,25,0,14645,765280559,105.000000000,105.500000000,35,25,2,1,ESM6 P6000
2026-03-24T15:01:13.748931564Z,2026-03-24T15:01:13.066959635Z,1,1,42372969,T,B,0,75.500000000,16,0,11370,766145547,71.000000000,75.500000000,39,16,1,1,ESM6 C7000
2026-03-24T15:01:21.146119470Z,2026-03-24T15:01:20.346024389Z,1,1,42429381,T,B,0,65.500000000,4,0,13760,766267022,65.250000000,65.500000000,52,4,1,1,ESU6 P5000
2026-03-24T15:01:59.253110268Z,2026-03-24T15:01:58.683921125Z,1,1,42366510,T,B,0,47.500000000,2,0,13850,766832406,47.000000000,47.500000000,4,2,2,1,ESM6 C7100
2026-03-24T15:02:14.823136308Z,2026-03-24T15:02:12.886046579Z,1,1,42366509,T,A,0,244.000000000,3,0,11799,767063678,244.000000000,245.000000000,3,3,1,1,ESM6 C6650
2026-03-24T15:02:28.717189259Z,2026-03-24T15:02:27.565289305Z,1,1,42378450,T,B,0,131.500000000,3,0,10470,767271039,130.500000000,131.500000000,4,3,1,1,ESM6 P6150
2026-03-24T15:02:28.730547135Z,2026-03-24T15:02:27.565571915Z,1,1,42760605,T,B,0,209.500000000,2,0,10742,767271294,208.000000000,209.500000000,6,2,2,1,ESM6 P6475
2026-03-24T15:02:28.731838383Z,2026-03-24T15:02:27.565572107Z,1,1,42372983,T,B,0,114.000000000,2,0,16597,767271327,113.000000000,114.000000000,4,2,1,1,ESM6 P6050
2026-03-24T15:02:28.732866470Z,2026-03-24T15:02:27.565572299Z,1,1,42404367,T,B,0,122.500000000,2,0,11624,767271346,121.500000000,122.500000000,4,2,1,1,ESM6 P6100
2026-03-24T15:02:28.735333579Z,2026-03-24T15:02:27.566087453Z,1,1,42399597,T,B,0,17.600000000,2,0,11193,767271430,17.400000000,17.600000000,130,2,1,1,ESM6 P4450
2026-03-24T15:02:28.735504067Z,2026-03-24T15:02:27.566134221Z,1,1,42394633,T,B,0,18.400000000,2,0,13435,767271437,18.200000000,18.400000000,127,2,1,1,ESM6 P4500
2026-03-24T15:02:28.735511363Z,2026-03-24T15:02:27.566134413Z,1,1,42384307,T,B,0,11.800000000,1,0,11498,767271438,11.700000000,11.800000000,149,1,1,1,ESM6 P4000
2026-03-24T15:02:28.764509625Z,2026-03-24T15:02:27.570289869Z,1,1,42987642,T,B,0,102.500000000,5,0,14904,767272264,102.000000000,102.500000000,31,5,1,1,ESM6 P5975
2026-03-24T15:02:28.771354394Z,2026-03-24T15:02:27.570325023Z,1,1,42394812,T,B,0,333.500000000,2,0,10626,767272424,332.000000000,333.500000000,2,2,1,1,ESM6 P6800
2026-03-24T15:02:29.052095262Z,2026-03-24T15:02:27.851590237Z,1,1,2561447,T,B,0,52.500000000,10,0,14479,293845074,52.000000000,52.500000000,145,64,3,1,UD:1V: VT 2561447
2026-03-24T15:02:29.052300863Z,2026-03-24T15:02:27.851590909Z,1,1,2561447,T,B,0,52.500000000,10,0,11179,293845076,52.000000000,52.500000000,145,54,3,1,UD:1V: VT 2561447
2026-03-24T15:02:29.122520590Z,2026-03-24T15:02:27.924833247Z,1,1,2561447,T,B,0,52.500000000,10,0,14467,293845574,52.000000000,52.500000000,145,44,3,1,UD:1V: VT 2561447
2026-03-24T15:02:31.985119697Z,2026-03-24T15:02:31.462237493Z,1,1,2521985,T,A,0,47.250000000,1,0,13331,293869665,47.250000000,47.500000000,1,876,1,6,UD:1V: VT 2521985
2026-03-24T15:02:32.925782262Z,2026-03-24T15:02:31.621460007Z,1,1,42760606,T,B,0,260.500000000,3,0,13086,767347916,258.500000000,260.500000000,2,3,1,1,ESM6 P6625
2026-03-24T15:02:41.507065259Z,2026-03-24T15:02:41.107035947Z,1,1,42760606,T,A,0,260.000000000,8,0,16518,767490223,260.000000000,261.500000000,8,33,1,6,ESM6 P6625
2026-03-24T15:03:00.610427158Z,2026-03-24T15:02:59.654753349Z,1,1,42366510,T,B,0,47.250000000,1,0,13675,767791544,47.000000000,47.250000000,8,1,3,1,ESM6 C7100
2026-03-24T15:03:04.979018415Z,2026-03-24T15:03:04.830775585Z,1,1,42836577,T,A,0,172.500000000,2,0,17161,767860898,172.500000000,173.500000000,2,15,1,4,ESM6 C6775
2026-03-24T15:03:17.122885630Z,2026-03-24T15:03:16.809448345Z,1,1,2560488,T,A,0,84.750000000,65,0,17285,294208385,84.750000000,85.500000000,65,2,1,1,UD:1V: VT 2560488
2026-03-24T15:03:31.240044330Z,2026-03-24T15:03:30.469169199Z,1,1,42394731,T,A,0,29.750000000,1,0,13965,768244062,29.750000000,30.000000000,1,122,1,4,ESM6 P5000
2026-03-24T15:03:58.277917833Z,2026-03-24T15:03:57.909912065Z,1,1,42458740,T,A,0,120.000000000,1,0,17594,768615746,120.000000000,121.000000000,1,14,1,3,ESU6 P5600
2026-03-24T15:04:15.456315703Z,2026-03-24T15:04:15.408064773Z,1,1,42836580,T,B,0,118.000000000,1,0,15052,768883661,117.000000000,118.000000000,164,2,10,1,ESM6 P6075
2026-03-24T15:04:18.132352271Z,2026-03-24T15:04:18.117595311Z,1,1,42404367,T,B,0,122.500000000,1,0,13234,768929376,121.500000000,122.500000000,152,28,11,1,ESM6 P6100
2026-03-24T15:05:01.644024862Z,2026-03-24T15:05:00.981957303Z,1,1,42378450,T,B,0,132.000000000,1,0,14524,769605244,131.000000000,132.000000000,65,2,7,1,ESM6 P6150
2026-03-24T15:05:21.779683759Z,2026-03-24T15:05:21.770613841Z,1,1,2545533,T,B,0,101.000000000,1,0,14290,295011283,100.500000000,101.000000000,342,1,7,1,UD:1V: VT 2545533
2026-03-24T15:05:54.248120443Z,2026-03-24T15:05:53.396388293Z,1,1,2554987,T,B,0,36.500000000,2,0,16859,295206130,36.250000000,36.500000000,67,2,1,1,UD:1V: VT 2554987
2026-03-24T15:07:00.409345233Z,2026-03-24T15:07:00.124817157Z,1,1,42372953,T,B,0,113.000000000,1,0,13878,771376884,112.500000000,113.000000000,41,1,5,1,ESM6 C6900
2026-03-24T15:07:15.549157966Z,2026-03-24T15:07:15.523617925Z,1,1,2550553,T,A,0,111.000000000,13,0,13284,295664002,111.000000000,111.500000000,300,111,1,4,UD:1V: VT 2550553
2026-03-24T15:07:17.463489931Z,2026-03-24T15:07:17.274798175Z,1,1,2550553,T,A,0,111.000000000,13,0,14485,295672465,111.000000000,111.500000000,287,257,1,6,UD:1V: VT 2550553
2026-03-24T15:07:17.474829374Z,2026-03-24T15:07:17.282819287Z,1,1,2550553,T,A,0,111.000000000,3,0,14575,295672541,111.000000000,111.500000000,274,257,1,6,UD:1V: VT 2550553
2026-03-24T15:07:17.636934262Z,2026-03-24T15:07:17.326800109Z,1,1,2550553,T,A,0,111.000000000,1,0,13715,295673871,111.000000000,111.500000000,271,257,1,6,UD:1V: VT 2550553
2026-03-24T15:07:17.637139038Z,2026-03-24T15:07:17.326832901Z,1,1,2550553,T,A,0,111.000000000,1,0,13899,295673873,111.000000000,111.500000000,270,257,1,6,UD:1V: VT 2550553
2026-03-24T15:07:17.637441249Z,2026-03-24T15:07:17.326839985Z,1,1,2550553,T,A,0,111.000000000,1,0,13531,295673875,111.000000000,111.500000000,269,257,1,6,UD:1V: VT 2550553
2026-03-24T15:07:17.637712108Z,2026-03-24T15:07:17.326850873Z,1,1,2550553,T,A,0,111.000000000,1,0,13831,295673877,111.000000000,111.500000000,268,257,1,6,UD:1V: VT 2550553
2026-03-24T15:07:17.637757226Z,2026-03-24T15:07:17.326854233Z,1,1,2550553,T,A,0,111.000000000,1,0,12185,295673878,111.000000000,111.500000000,267,257,1,6,UD:1V: VT 2550553
2026-03-24T15:07:17.807526198Z,2026-03-24T15:07:17.657976953Z,1,1,2550553,T,A,0,111.000000000,2,0,15942,295675235,111.000000000,111.500000000,266,257,1,6,UD:1V: VT 2550553
2026-03-24T15:07:17.981907250Z,2026-03-24T15:07:17.693369301Z,1,1,2550553,T,A,0,111.000000000,56,0,14092,295676336,111.000000000,111.500000000,264,257,1,6,UD:1V: VT 2550553
2026-03-24T15:07:18.072463622Z,2026-03-24T15:07:17.704866621Z,1,1,2550553,T,A,0,111.000000000,11,0,14231,295676940,111.000000000,111.500000000,208,257,1,6,UD:1V: VT 2550553
2026-03-24T15:07:18.130521619Z,2026-03-24T15:07:17.725428649Z,1,1,2550553,T,A,0,111.000000000,3,0,16565,295677323,111.000000000,111.500000000,197,314,1,7,UD:1V: VT 2550553
2026-03-24T15:07:18.149754715Z,2026-03-24T15:07:17.744072839Z,1,1,2550553,T,A,0,111.000000000,13,0,17293,295677475,111.000000000,111.500000000,194,314,1,7,UD:1V: VT 2550553
2026-03-24T15:07:18.153337267Z,2026-03-24T15:07:17.748438969Z,1,1,2550553,T,A,0,111.000000000,6,0,11170,295677510,111.000000000,111.500000000,181,314,1,7,UD:1V: VT 2550553
2026-03-24T15:07:18.161586921Z,2026-03-24T15:07:17.751755285Z,1,1,2550553,T,A,0,111.000000000,1,0,15922,295677583,111.000000000,111.500000000,175,333,1,8,UD:1V: VT 2550553
2026-03-24T15:07:18.185675634Z,2026-03-24T15:07:17.753458985Z,1,1,2550553,T,A,0,111.000000000,17,0,17661,295677782,111.000000000,111.500000000,174,380,1,9,UD:1V: VT 2550553
2026-03-24T15:07:18.190176840Z,2026-03-24T15:07:17.757043131Z,1,1,2550553,T,A,0,111.000000000,5,0,13824,295677853,111.000000000,111.500000000,157,361,1,8,UD:1V: VT 2550553
2026-03-24T15:07:18.217796767Z,2026-03-24T15:07:17.764050263Z,1,1,2550553,T,A,0,111.000000000,4,0,16881,295678071,111.000000000,111.500000000,152,361,1,8,UD:1V: VT 2550553
2026-03-24T15:07:18.219808918Z,2026-03-24T15:07:17.765804457Z,1,1,2550553,T,A,0,111.000000000,9,0,14493,295678097,111.000000000,111.500000000,148,361,1,8,UD:1V: VT 2550553
2026-03-24T15:07:18.617025363Z,2026-03-24T15:07:18.417387755Z,1,1,2550553,T,A,0,111.000000000,15,0,13811,295682000,111.000000000,111.500000000,139,314,1,7,UD:1V: VT 2550553
2026-03-24T15:07:18.618884114Z,2026-03-24T15:07:18.417497921Z,1,1,2550553,T,A,0,111.000000000,81,0,13850,295682015,111.000000000,111.500000000,124,314,1,7,UD:1V: VT 2550553
2026-03-24T15:07:18.637559862Z,2026-03-24T15:07:18.441804323Z,1,1,2550553,T,A,0,111.000000000,1,0,15366,295682256,111.000000000,111.500000000,43,314,1,7,UD:1V: VT 2550553
2026-03-24T15:07:19.016791822Z,2026-03-24T15:07:19.015114221Z,1,1,2550553,T,A,0,111.000000000,14,0,17803,295684484,111.000000000,111.500000000,42,314,1,7,UD:1V: VT 2550553
2026-03-24T15:07:19.270298095Z,2026-03-24T15:07:19.224448007Z,1,1,2550553,T,A,0,111.000000000,13,0,13068,295685684,111.000000000,111.500000000,28,312,1,7,UD:1V: VT 2550553
2026-03-24T15:07:19.605918771Z,2026-03-24T15:07:19.543027717Z,1,1,2550553,T,A,0,111.000000000,9,0,14349,295688109,111.000000000,111.500000000,15,327,1,8,UD:1V: VT 2550553
2026-03-24T15:07:20.170177849Z,2026-03-24T15:07:20.100798315Z,1,1,2550553,T,A,0,111.000000000,6,0,11311,295689753,111.000000000,111.500000000,6,318,1,8,UD:1V: VT 2550553
2026-03-24T15:07:40.640851279Z,2026-03-24T15:07:40.551885121Z,1,1,42409666,T,A,0,80.000000000,1,0,14745,771922848,80.000000000,80.250000000,1,49,1,3,ESM6 P5800
2026-03-24T15:08:35.902663295Z,2026-03-24T15:08:35.331159797Z,1,1,42366511,T,A,0,3.900000000,2,0,13787,772715308,3.900000000,4.000000000,2,250,1,5,ESM6 C7600
2026-03-24T15:09:09.571150070Z,2026-03-24T15:09:09.517992335Z,1,1,42384724,T,A,0,27.500000000,1,0,12774,773200825,27.500000000,28.250000000,94,142,6,6,ESM6 C7200
2026-03-24T15:09:23.302659787Z,2026-03-24T15:09:23.118898023Z,1,1,42366511,T,B,0,3.900000000,2,0,17180,773400930,3.750000000,3.900000000,27,51,2,3,ESM6 C7600
2026-03-24T15:09:49.491563587Z,2026-03-24T15:09:49.384016095Z,1,1,42366511,T,B,0,3.900000000,2,0,17447,773695150,3.700000000,3.900000000,56,80,3,4,ESM6 C7600
2026-03-24T15:10:12.504357312Z,2026-03-24T15:10:12.493145049Z,1,1,42366511,T,B,0,3.900000000,2,0,13314,774045741,3.700000000,3.900000000,2,117,1,5,ESM6 C7600
2026-03-24T15:10:22.468799475Z,2026-03-24T15:10:22.164026145Z,1,1,42394740,T,B,0,37.250000000,1,0,15694,774177026,37.000000000,37.250000000,388,1,8,1,ESM6 P5200
2026-03-24T15:10:33.866637889Z,2026-03-24T15:10:33.212558127Z,1,1,2566185,T,B,0,48.750000000,2,0,16072,296852261,48.500000000,48.750000000,34,2,3,1,UD:1V: VT 2566185
2026-03-24T15:10:43.173490225Z,2026-03-24T15:10:43.172982309Z,1,1,2561152,T,B,0,15.400000000,10,0,15756,296912840,15.200000000,15.400000000,38,10,4,1,UD:1V: SG 2561152
2026-03-24T15:10:50.365997974Z,2026-03-24T15:10:50.136798275Z,1,1,42854015,T,A,0,301.000000000,3,0,13556,774546108,301.000000000,302.000000000,3,9,1,4,ESM6 P6725
2026-03-24T15:11:12.545219567Z,2026-03-24T15:11:12.043993923Z,1,1,42404367,T,B,0,121.500000000,1,0,13497,774905081,121.000000000,121.500000000,163,1,9,1,ESM6 P6100
2026-03-24T15:11:48.531989669Z,2026-03-24T15:11:48.265626129Z,1,1,2566185,T,B,0,48.250000000,2,0,17545,297350790,48.000000000,48.250000000,188,2,4,1,UD:1V: VT 2566185
2026-03-24T15:11:50.030263238Z,2026-03-24T15:11:49.119156357Z,1,1,42366509,T,A,0,244.500000000,2,0,13674,775437023,244.500000000,245.000000000,3,3,1,1,ESM6 C6650
2026-03-24T15:11:50.033085164Z,2026-03-24T15:11:49.119266467Z,1,1,42366509,T,A,0,244.500000000,1,0,13473,775437065,244.500000000,245.000000000,1,3,1,1,ESM6 C6650
2026-03-24T15:11:52.819092830Z,2026-03-24T15:11:52.366800077Z,1,1,42760606,T,B,0,258.000000000,3,0,12861,775487453,257.500000000,258.000000000,42,3,5,1,ESM6 P6625
2026-03-24T15:12:36.353087761Z,2026-03-24T15:12:36.170995367Z,1,1,42372983,T,B,0,113.000000000,22,0,13085,776041316,112.500000000,113.000000000,6,22,3,1,ESM6 P6050
2026-03-24T15:13:10.908093979Z,2026-03-24T15:13:10.906066003Z,1,1,42384724,T,A,0,27.500000000,2,0,13170,776431323,27.500000000,28.250000000,116,247,7,8,ESM6 C7200
2026-03-24T15:13:14.803588647Z,2026-03-24T15:13:14.557116057Z,1,1,2566185,T,A,0,48.250000000,1,0,14949,297799041,48.250000000,48.500000000,51,7,3,2,UD:1V: VT 2566185
2026-03-24T15:14:12.970199694Z,2026-03-24T15:14:12.945476901Z,1,1,42366510,T,A,0,46.250000000,2,0,13968,777181934,46.250000000,46.750000000,39,159,5,6,ESM6 C7100
2026-03-24T15:14:22.020144126Z,2026-03-24T15:14:21.855637137Z,1,1,2521985,T,A,0,47.250000000,1,0,13287,298149167,47.250000000,47.500000000,1,745,1,7,UD:1V: VT 2521985
2026-03-24T15:14:37.379326870Z,2026-03-24T15:14:37.378457015Z,1,1,42372969,T,B,0,74.500000000,4,0,13487,777490398,73.750000000,74.500000000,13,145,4,7,ESM6 C7000
2026-03-24T15:15:08.275517697Z,2026-03-24T15:15:07.955675141Z,1,1,42372953,T,A,0,112.500000000,1,0,11229,777890238,112.500000000,113.000000000,1,47,1,6,ESM6 C6900
2026-03-24T15:16:23.362424406Z,2026-03-24T15:16:23.173309807Z,1,1,42366506,T,A,0,21.750000000,2,0,12622,778828413,21.750000000,22.000000000,2,174,1,6,ESM6 P4700
2026-03-24T15:16:45.287917937Z,2026-03-24T15:16:45.212203705Z,1,1,42366511,T,B,0,3.850000000,2,0,13198,779100481,3.700000000,3.850000000,29,71,3,4,ESM6 C7600
2026-03-24T15:16:55.250489924Z,2026-03-24T15:16:55.037493657Z,1,1,42372969,T,B,0,75.750000000,1,0,15156,779198637,75.250000000,75.750000000,16,1,5,1,ESM6 C7000
2026-03-24T15:17:28.804644407Z,2026-03-24T15:17:28.769598187Z,1,1,42399704,T,B,0,264.500000000,2,0,12803,779585836,263.500000000,264.500000000,30,2,5,1,ESM6 P6650
2026-03-24T15:17:55.729933244Z,2026-03-24T15:17:55.074672869Z,1,1,42506296,T,A,0,551.000000000,1,0,14955,779919209,551.000000000,553.000000000,1,2,1,2,ESU6 C6400
2026-03-24T15:18:19.180393057Z,2026-03-24T15:18:19.164895499Z,1,1,2568303,T,B,0,3.700000000,1,0,14562,299525277,3.600000000,3.700000000,338,2,3,1,UD:1V: VT 2568303
2026-03-24T15:18:22.081586621Z,2026-03-24T15:18:22.034526927Z,1,1,42399704,T,A,0,264.000000000,2,0,16243,780277074,264.000000000,265.000000000,2,52,1,5,ESM6 P6650
2026-03-24T15:18:38.890103265Z,2026-03-24T15:18:38.754311029Z,1,1,42366506,T,A,0,21.750000000,2,0,14459,780463417,21.750000000,22.000000000,2,259,1,7,ESM6 P4700
2026-03-24T15:19:21.726135361Z,2026-03-24T15:19:21.689059775Z,1,1,42315459,T,A,0,30.000000000,1,0,14433,780901562,30.000000000,30.750000000,1,333,1,7,ESZ6 C8000
2026-03-24T15:19:31.286762825Z,2026-03-24T15:19:30.377460835Z,1,1,42366506,T,A,0,21.750000000,2,0,14407,780997334,21.750000000,22.000000000,2,174,1,7,ESM6 P4700
2026-03-24T15:19:57.142487419Z,2026-03-24T15:19:56.679087231Z,1,1,42384724,T,A,0,28.000000000,1,0,11686,781255579,28.000000000,28.500000000,1,1,1,1,ESM6 C7200
2026-03-24T15:20:01.642296415Z,2026-03-24T15:20:01.386660739Z,1,1,42372983,T,B,0,111.500000000,2,0,14006,781321681,111.000000000,111.500000000,1,2,1,1,ESM6 P6050
2026-03-24T15:20:27.283646444Z,2026-03-24T15:20:26.441232939Z,1,1,42366461,T,B,0,14.000000000,3,0,15469,781651551,13.800000000,14.000000000,262,3,8,1,ESM6 P4200
2026-03-24T15:20:30.311157515Z,2026-03-24T15:20:29.934174291Z,1,1,2568368,T,B,0,2.000000000,1,0,13885,300205631,1.950000000,2.000000000,2,1,1,1,UD:1V: DB 2568368
2026-03-24T15:20:33.153578054Z,2026-03-24T15:20:33.150931733Z,1,1,42384725,T,A,0,9.400000000,2,0,15640,781736472,9.400000000,9.500000000,2,2,2,1,ESM6 C7400
2026-03-24T15:20:59.115038271Z,2026-03-24T15:20:59.061450933Z,1,1,42399704,T,B,0,263.500000000,1,0,11537,781998310,262.500000000,263.500000000,18,1,6,1,ESM6 P6650
2026-03-24T15:21:16.792174110Z,2026-03-24T15:21:15.201434939Z,1,1,2546383,T,B,0,-9.900000000,1,0,11929,300461054,-10.300000000,-9.900000000,125,1,1,1,UD:1V: GN 2546383
2026-03-24T15:21:19.541424783Z,2026-03-24T15:21:17.798125233Z,1,1,42372983,T,B,0,110.500000000,2,0,11561,782265866,109.500000000,110.500000000,117,2,4,1,ESM6 P6050
2026-03-24T15:21:36.705919444Z,2026-03-24T15:21:36.494593777Z,1,1,42372983,T,B,0,110.500000000,1,0,16135,782476212,110.000000000,110.500000000,6,1,3,1,ESM6 P6050
2026-03-24T15:21:37.249781963Z,2026-03-24T15:21:37.062140933Z,1,1,42378449,T,B,0,103.000000000,2,0,15502,782485346,102.500000000,103.000000000,2,2,1,1,ESM6 P6000
2026-03-24T15:21:39.640088996Z,2026-03-24T15:21:39.469039961Z,1,1,42919922,T,B,0,232.500000000,1,0,15640,782523640,231.500000000,232.500000000,9,1,4,1,ESM6 C6675
2026-03-24T15:21:45.735501403Z,2026-03-24T15:21:45.336164707Z,1,1,42404374,T,B,0,439.000000000,5,0,16727,782597843,437.000000000,439.000000000,31,5,3,1,ESM6 P7000
2026-03-24T15:21:47.479051775Z,2026-03-24T15:21:47.135314917Z,1,1,42378541,T,B,0,159.000000000,1,0,14094,782621818,158.500000000,159.000000000,25,1,1,1,ESM6 P6300
2026-03-24T15:22:08.592082615Z,2026-03-24T15:22:08.591550555Z,1,1,42366511,T,B,0,3.850000000,2,0,18475,782910547,3.700000000,3.850000000,27,139,2,6,ESM6 C7600
2026-03-24T15:22:20.580709964Z,2026-03-24T15:22:20.551193361Z,1,1,42399704,T,B,0,262.000000000,1,0,11358,783091098,261.000000000,262.000000000,21,1,6,1,ESM6 P6650
2026-03-24T15:22:47.127728927Z,2026-03-24T15:22:47.105464585Z,1,1,42372953,T,B,0,114.500000000,1,0,18517,783376054,114.000000000,114.500000000,34,1,8,1,ESM6 C6900
2026-03-24T15:23:05.708610156Z,2026-03-24T15:23:05.090065517Z,1,1,2568453,T,A,0,4.200000000,4,0,16861,301118199,4.200000000,4.700000000,25,8,1,2,UD:1V: 3W 2568453
2026-03-24T15:23:05.877663831Z,2026-03-24T15:23:05.151824429Z,1,1,2568453,T,A,0,4.200000000,3,0,13861,301119578,4.200000000,4.700000000,21,8,1,2,UD:1V: 3W 2568453
2026-03-24T15:23:06.698622900Z,2026-03-24T15:23:06.250040319Z,1,1,42377530,T,B,0,411.500000000,3,0,17186,783618818,410.000000000,411.500000000,21,3,1,1,ESU6 P6800
2026-03-24T15:23:06.724259703Z,2026-03-24T15:23:06.252800817Z,1,1,2568453,T,A,0,4.200000000,3,0,13389,301127554,4.200000000,4.650000000,18,98,1,1,UD:1V: 3W 2568453
2026-03-24T15:23:06.724653321Z,2026-03-24T15:23:06.252843725Z,1,1,2568453,T,A,0,4.200000000,1,0,14042,301127556,4.200000000,4.650000000,15,98,1,1,UD:1V: 3W 2568453
2026-03-24T15:23:07.154082156Z,2026-03-24T15:23:06.962374229Z,1,1,2568453,T,A,0,4.200000000,3,0,13320,301131925,4.200000000,4.650000000,14,100,1,2,UD:1V: 3W 2568453
2026-03-24T15:23:07.739840833Z,2026-03-24T15:23:07.736883721Z,1,1,2568453,T,A,0,4.200000000,3,0,16633,301136958,4.200000000,4.500000000,11,98,1,1,UD:1V: 3W 2568453
2026-03-24T15:23:08.176591350Z,2026-03-24T15:23:08.145799521Z,1,1,2568453,T,A,0,4.200000000,3,0,11234,301139286,4.200000000,4.500000000,8,196,1,4,UD:1V: 3W 2568453
2026-03-24T15:23:08.593082727Z,2026-03-24T15:23:08.592384903Z,1,1,2568453,T,A,0,4.200000000,3,0,13718,301142133,4.200000000,4.500000000,5,202,1,5,UD:1V: 3W 2568453
2026-03-24T15:23:08.748239982Z,2026-03-24T15:23:08.728512483Z,1,1,2568453,T,A,0,4.200000000,1,0,14505,301142618,4.200000000,4.500000000,2,202,1,5,UD:1V: 3W 2568453
2026-03-24T15:23:08.986481937Z,2026-03-24T15:23:08.985706031Z,1,1,2568453,T,A,0,4.200000000,1,0,13565,301144074,4.200000000,4.500000000,1,202,1,5,UD:1V: 3W 2568453
2026-03-24T15:23:09.117144516Z,2026-03-24T15:23:09.115800693Z,1,1,2568453,T,A,0,4.200000000,2,0,13859,301144335,4.200000000,4.450000000,25,25,1,1,UD:1V: 3W 2568453
2026-03-24T15:23:09.241136097Z,2026-03-24T15:23:09.188059119Z,1,1,2568453,T,A,0,4.200000000,1,0,14119,301145009,4.200000000,4.450000000,23,169,1,3,UD:1V: 3W 2568453
2026-03-24T15:23:09.317105129Z,2026-03-24T15:23:09.235798571Z,1,1,2568453,T,A,0,4.200000000,1,0,13084,301145604,4.200000000,4.450000000,22,169,1,3,UD:1V: 3W 2568453
2026-03-24T15:23:09.544046778Z,2026-03-24T15:23:09.288063061Z,1,1,42836580,T,B,0,115.000000000,2,0,12694,783658865,114.000000000,115.000000000,183,2,11,1,ESM6 P6075
2026-03-24T15:23:09.588931791Z,2026-03-24T15:23:09.321186621Z,1,1,2568453,T,A,0,4.200000000,2,0,14055,301147570,4.200000000,4.450000000,21,170,1,4,UD:1V: 3W 2568453
2026-03-24T15:23:09.789537743Z,2026-03-24T15:23:09.521798303Z,1,1,2568453,T,A,0,4.200000000,1,0,14248,301149335,4.200000000,4.450000000,19,169,1,4,UD:1V: 3W 2568453
2026-03-24T15:23:10.001293595Z,2026-03-24T15:23:09.883143913Z,1,1,2568453,T,A,0,4.200000000,2,0,14526,301151454,4.200000000,4.400000000,18,18,1,1,UD:1V: 3W 2568453
2026-03-24T15:23:10.594466036Z,2026-03-24T15:23:10.592206591Z,1,1,2568453,T,A,0,4.200000000,2,0,13574,301156008,4.200000000,4.400000000,16,42,1,2,UD:1V: 3W 2568453
2026-03-24T15:23:11.124703942Z,2026-03-24T15:23:11.055321543Z,1,1,2568453,T,A,0,4.200000000,2,0,11275,301157604,4.200000000,4.400000000,14,105,1,4,UD:1V: 3W 2568453
2026-03-24T15:23:11.437299836Z,2026-03-24T15:23:11.271118373Z,1,1,2568453,T,A,0,4.200000000,1,0,14178,301160584,4.200000000,4.400000000,12,90,1,3,UD:1V: 3W 2568453
2026-03-24T15:23:11.642710233Z,2026-03-24T15:23:11.544800415Z,1,1,2568453,T,A,0,4.200000000,2,0,13810,301162502,4.200000000,4.350000000,11,11,1,1,UD:1V: 3W 2568453
2026-03-24T15:23:11.710788743Z,2026-03-24T15:23:11.674802017Z,1,1,2568453,T,A,0,4.200000000,1,0,15704,301163189,4.200000000,4.350000000,9,2,1,1,UD:1V: 3W 2568453
2026-03-24T15:23:12.048444238Z,2026-03-24T15:23:12.034818977Z,1,1,2568453,T,A,0,4.200000000,2,0,13327,301164521,4.200000000,4.400000000,8,98,1,4,UD:1V: 3W 2568453
2026-03-24T15:23:12.322483362Z,2026-03-24T15:23:12.320912337Z,1,1,2568453,T,A,0,4.200000000,2,0,17208,301166559,4.200000000,4.400000000,6,90,1,3,UD:1V: 3W 2568453
2026-03-24T15:23:12.529376517Z,2026-03-24T15:23:12.528819205Z,1,1,2568453,T,A,0,4.200000000,2,0,13779,301167277,4.200000000,4.400000000,4,90,1,3,UD:1V: 3W 2568453
2026-03-24T15:23:12.677366641Z,2026-03-24T15:23:12.586162373Z,1,1,2568453,T,A,0,4.200000000,1,0,13981,301168551,4.200000000,4.400000000,2,90,1,3,UD:1V: 3W 2568453
2026-03-24T15:23:12.819726700Z,2026-03-24T15:23:12.604627525Z,1,1,2568453,T,A,0,4.200000000,27,0,16459,301169474,4.200000000,4.400000000,1,90,1,3,UD:1V: 3W 2568453
2026-03-24T15:23:12.821063662Z,2026-03-24T15:23:12.605248697Z,1,1,2568453,T,A,0,4.200000000,25,0,11595,301169483,4.200000000,4.400000000,24,90,1,3,UD:1V: 3W 2568453
2026-03-24T15:23:12.879118702Z,2026-03-24T15:23:12.635779039Z,1,1,2568453,T,A,0,4.200000000,1,0,14441,301169988,4.200000000,4.400000000,24,90,1,3,UD:1V: 3W 2568453
2026-03-24T15:23:13.131711116Z,2026-03-24T15:23:12.876518841Z,1,1,2568453,T,A,0,4.200000000,1,0,14157,301172164,4.200000000,4.400000000,23,90,1,3,UD:1V: 3W 2568453
2026-03-24T15:23:13.283108249Z,2026-03-24T15:23:13.158987379Z,1,1,2568453,T,A,0,4.200000000,1,0,14385,301173615,4.200000000,4.450000000,22,8,1,2,UD:1V: 3W 2568453
2026-03-24T15:23:13.386045988Z,2026-03-24T15:23:13.333855967Z,1,1,2568453,T,A,0,4.200000000,1,0,11449,301174476,4.200000000,4.450000000,21,8,1,2,UD:1V: 3W 2568453
2026-03-24T15:23:13.530427635Z,2026-03-24T15:23:13.515800017Z,1,1,2568453,T,A,0,4.200000000,1,0,13608,301176401,4.200000000,4.450000000,20,8,1,2,UD:1V: 3W 2568453
2026-03-24T15:23:13.602995823Z,2026-03-24T15:23:13.602435171Z,1,1,2568453,T,A,0,4.200000000,1,0,15009,301176549,4.200000000,4.450000000,19,8,1,2,UD:1V: 3W 2568453
2026-03-24T15:23:13.717019815Z,2026-03-24T15:23:13.715990969Z,1,1,2568453,T,A,0,4.200000000,1,0,13276,301176785,4.200000000,4.450000000,18,8,1,2,UD:1V: 3W 2568453
2026-03-24T15:23:13.864833334Z,2026-03-24T15:23:13.863797511Z,1,1,2568453,T,A,0,4.200000000,1,0,17085,301177464,4.200000000,4.450000000,17,8,1,2,UD:1V: 3W 2568453
2026-03-24T15:23:14.228335999Z,2026-03-24T15:23:14.227797521Z,1,1,2568453,T,A,0,4.200000000,2,0,13719,301178548,4.200000000,4.600000000,16,200,1,6,UD:1V: 3W 2568453
2026-03-24T15:23:14.629177963Z,2026-03-24T15:23:14.628544343Z,1,1,2568453,T,A,0,4.200000000,2,0,15257,301181762,4.200000000,4.550000000,14,104,1,2,UD:1V: 3W 2568453
2026-03-24T15:23:14.828707409Z,2026-03-24T15:23:14.827736343Z,1,1,2568453,T,A,0,4.200000000,1,0,13646,301182273,4.200000000,4.550000000,12,104,1,2,UD:1V: 3W 2568453
2026-03-24T15:23:15.005527918Z,2026-03-24T15:23:14.992443551Z,1,1,2568453,T,A,0,4.200000000,1,0,11535,301182736,4.200000000,4.500000000,11,98,1,1,UD:1V: 3W 2568453
2026-03-24T15:23:15.528455985Z,2026-03-24T15:23:15.369836777Z,1,1,2568453,T,A,0,4.200000000,1,0,17451,301187084,4.200000000,4.450000000,10,10,1,1,UD:1V: 3W 2568453
2026-03-24T15:23:16.576716665Z,2026-03-24T15:23:16.559125291Z,1,1,2568453,T,A,0,4.200000000,1,0,14437,301192899,4.200000000,4.450000000,9,11,1,2,UD:1V: 3W 2568453
2026-03-24T15:23:16.775417340Z,2026-03-24T15:23:16.768194743Z,1,1,2568453,T,A,0,4.200000000,1,0,14154,301193721,4.200000000,4.450000000,8,10,1,2,UD:1V: 3W 2568453
2026-03-24T15:23:17.795290404Z,2026-03-24T15:23:17.762641163Z,1,1,2568453,T,A,0,4.200000000,1,0,14356,301200153,4.200000000,4.450000000,7,9,1,2,UD:1V: 3W 2568453
2026-03-24T15:23:18.148432357Z,2026-03-24T15:23:18.146966099Z,1,1,2568453,T,A,0,4.200000000,1,0,14188,301201549,4.200000000,4.450000000,6,8,1,2,UD:1V: 3W 2568453
2026-03-24T15:23:18.423568739Z,2026-03-24T15:23:18.299798857Z,1,1,2568453,T,A,0,4.200000000,1,0,16847,301202588,4.200000000,4.450000000,5,98,1,1,UD:1V: 3W 2568453
2026-03-24T15:23:18.673030615Z,2026-03-24T15:23:18.325801065Z,1,1,2568453,T,A,0,4.200000000,1,0,14428,301203502,4.200000000,4.450000000,4,98,1,1,UD:1V: 3W 2568453
2026-03-24T15:23:18.809236635Z,2026-03-24T15:23:18.507798621Z,1,1,2568453,T,A,0,4.200000000,1,0,12775,301204177,4.200000000,4.450000000,3,98,1,1,UD:1V: 3W 2568453
2026-03-24T15:23:19.388807091Z,2026-03-24T15:23:19.127798509Z,1,1,2568453,T,A,0,4.200000000,1,0,15437,301209821,4.200000000,4.450000000,2,100,1,2,UD:1V: 3W 2568453
2026-03-24T15:23:20.301738852Z,2026-03-24T15:23:20.191797775Z,1,1,2568453,T,A,0,4.200000000,1,0,15261,301214885,4.200000000,4.450000000,1,100,1,2,UD:1V: 3W 2568453
2026-03-24T15:23:20.531763383Z,2026-03-24T15:23:20.529799081Z,1,1,2568453,T,A,0,4.200000000,1,0,18915,301216995,4.200000000,4.450000000,25,100,1,2,UD:1V: 3W 2568453
2026-03-24T15:23:20.733056524Z,2026-03-24T15:23:20.722256769Z,1,1,2568453,T,A,0,4.200000000,1,0,11609,301217559,4.200000000,4.450000000,24,100,1,2,UD:1V: 3W 2568453
2026-03-24T15:23:21.016442003Z,2026-03-24T15:23:21.015901679Z,1,1,2568453,T,A,0,4.200000000,1,0,13519,301217996,4.200000000,4.450000000,23,123,1,3,UD:1V: 3W 2568453
2026-03-24T15:23:21.349317372Z,2026-03-24T15:23:21.319799309Z,1,1,2568453,T,A,0,4.200000000,1,0,13600,301218924,4.200000000,4.450000000,22,122,1,3,UD:1V: 3W 2568453
2026-03-24T15:23:22.004836294Z,2026-03-24T15:23:21.999296105Z,1,1,2568453,T,A,0,4.200000000,1,0,14461,301221109,4.200000000,4.400000000,21,23,1,2,UD:1V: 3W 2568453
2026-03-24T15:23:22.389021271Z,2026-03-24T15:23:22.387002135Z,1,1,2568453,T,A,0,4.200000000,1,0,14015,301221831,4.200000000,4.400000000,20,37,1,3,UD:1V: 3W 2568453
2026-03-24T15:23:24.170097467Z,2026-03-24T15:23:24.159753061Z,1,1,2568453,T,A,0,4.200000000,1,0,13933,301226170,4.200000000,4.400000000,19,113,1,4,UD:1V: 3W 2568453
2026-03-24T15:23:24.458246414Z,2026-03-24T15:23:24.355670693Z,1,1,2568453,T,A,0,4.200000000,1,0,14422,301228799,4.200000000,4.400000000,18,116,1,4,UD:1V: 3W 2568453
2026-03-24T15:23:24.567502504Z,2026-03-24T15:23:24.484799767Z,1,1,2568453,T,A,0,4.200000000,1,0,17725,301229905,4.200000000,4.400000000,17,214,1,5,UD:1V: 3W 2568453
2026-03-24T15:23:24.912954367Z,2026-03-24T15:23:24.793016895Z,1,1,2568453,T,A,0,4.200000000,2,0,13647,301232565,4.200000000,4.350000000,16,2,1,1,UD:1V: 3W 2568453
2026-03-24T15:23:25.121682549Z,2026-03-24T15:23:24.935356939Z,1,1,2568453,T,A,0,4.200000000,1,0,11419,301234352,4.200000000,4.400000000,14,210,1,5,UD:1V: 3W 2568453
2026-03-24T15:23:25.184127423Z,2026-03-24T15:23:24.938279961Z,1,1,2568453,T,A,0,4.200000000,25,0,13432,301234773,4.200000000,4.400000000,13,210,1,5,UD:1V: 3W 2568453
2026-03-24T15:23:25.188072895Z,2026-03-24T15:23:24.939812195Z,1,1,2568453,T,A,0,4.200000000,27,0,13824,301234797,4.200000000,4.400000000,13,210,1,5,UD:1V: 3W 2568453
2026-03-24T15:23:25.208511476Z,2026-03-24T15:23:24.945275959Z,1,1,2568453,T,A,0,4.200000000,1,0,14854,301234900,4.200000000,4.400000000,11,210,1,5,UD:1V: 3W 2568453
2026-03-24T15:23:25.246068019Z,2026-03-24T15:23:24.951434277Z,1,1,2568453,T,A,0,4.200000000,1,0,13878,301235197,4.200000000,4.400000000,10,210,1,5,UD:1V: 3W 2568453
2026-03-24T15:23:25.246656615Z,2026-03-24T15:23:24.952093731Z,1,1,2568453,T,A,0,4.200000000,1,0,12313,301235200,4.200000000,4.400000000,9,210,1,5,UD:1V: 3W 2568453
2026-03-24T15:23:25.322205311Z,2026-03-24T15:23:25.002271511Z,1,1,2568453,T,A,0,4.200000000,4,0,11155,301235674,4.200000000,4.350000000,8,98,1,1,UD:1V: 3W 2568453
2026-03-24T15:23:25.331927204Z,2026-03-24T15:23:25.002384313Z,1,1,2568453,T,A,0,4.200000000,1,0,14199,301235698,4.200000000,4.350000000,4,98,1,1,UD:1V: 3W 2568453
2026-03-24T15:23:25.336160602Z,2026-03-24T15:23:25.002455039Z,1,1,2568453,T,A,0,4.200000000,1,0,13845,301235731,4.200000000,4.350000000,3,98,1,1,UD:1V: 3W 2568453
2026-03-24T15:23:25.350610708Z,2026-03-24T15:23:25.004151333Z,1,1,2568453,T,A,0,4.200000000,5,0,14453,301235814,4.200000000,4.350000000,2,98,1,1,UD:1V: 3W 2568453
2026-03-24T15:23:25.353944286Z,2026-03-24T15:23:25.006008281Z,1,1,2568453,T,A,0,4.200000000,1,0,14428,301235838,4.200000000,4.350000000,22,98,1,1,UD:1V: 3W 2568453
2026-03-24T15:23:25.376820551Z,2026-03-24T15:23:25.010884627Z,1,1,2568453,T,A,0,4.200000000,1,0,14529,301235969,4.200000000,4.350000000,21,98,1,1,UD:1V: 3W 2568453
2026-03-24T15:23:25.387356628Z,2026-03-24T15:23:25.011635317Z,1,1,2568453,T,A,0,4.200000000,2,0,14281,301236042,4.200000000,4.350000000,20,98,1,1,UD:1V: 3W 2568453
2026-03-24T15:23:25.425214458Z,2026-03-24T15:23:25.013881411Z,1,1,2568453,T,A,0,4.200000000,2,0,13993,301236301,4.200000000,4.350000000,18,98,1,1,UD:1V: 3W 2568453
2026-03-24T15:23:25.436939209Z,2026-03-24T15:23:25.015831993Z,1,1,2568453,T,A,0,4.200000000,1,0,13943,301236392,4.200000000,4.350000000,16,98,1,1,UD:1V: 3W 2568453
2026-03-24T15:23:25.443830247Z,2026-03-24T15:23:25.018148261Z,1,1,2568453,T,A,0,4.200000000,2,0,14029,301236459,4.200000000,4.350000000,15,98,1,1,UD:1V: 3W 2568453
2026-03-24T15:23:25.479817843Z,2026-03-24T15:23:25.024183433Z,1,1,2568453,T,A,0,4.200000000,3,0,12272,301236767,4.200000000,4.350000000,13,98,1,1,UD:1V: 3W 2568453
2026-03-24T15:23:25.518801598Z,2026-03-24T15:23:25.026286477Z,1,1,2568453,T,A,0,4.200000000,7,0,15297,301237021,4.200000000,4.350000000,10,98,1,1,UD:1V: 3W 2568453
2026-03-24T15:23:25.543842849Z,2026-03-24T15:23:25.026827049Z,1,1,2568453,T,A,0,4.200000000,1,0,16758,301237350,4.200000000,4.350000000,3,98,1,1,UD:1V: 3W 2568453
2026-03-24T15:23:25.574383172Z,2026-03-24T15:23:25.029964199Z,1,1,2568453,T,A,0,4.200000000,4,0,14016,301237545,4.200000000,4.350000000,2,98,1,1,UD:1V: 3W 2568453
2026-03-24T15:23:25.576220305Z,2026-03-24T15:23:25.030955167Z,1,1,2568453,T,A,0,4.200000000,12,0,11451,301237561,4.200000000,4.350000000,23,98,1,1,UD:1V: 3W 2568453
2026-03-24T15:23:25.843016788Z,2026-03-24T15:23:25.184037053Z,1,1,2568453,T,A,0,4.200000000,11,0,14334,301239793,4.200000000,4.350000000,11,98,1,1,UD:1V: 3W 2568453
2026-03-24T15:23:33.977909751Z,2026-03-24T15:23:33.529569807Z,1,1,42372969,T,B,0,76.000000000,2,0,10561,783960206,75.750000000,76.000000000,7,5,2,1,ESM6 C7000
2026-03-24T15:23:34.024146335Z,2026-03-24T15:23:33.529892227Z,1,1,42372969,T,B,0,76.000000000,3,0,14286,783960706,75.750000000,76.000000000,7,3,2,1,ESM6 C7000
2026-03-24T15:23:37.118676635Z,2026-03-24T15:23:37.116284621Z,1,1,42409666,T,B,0,77.750000000,1,0,16749,784001087,77.250000000,77.750000000,128,1,9,1,ESM6 P5800
2026-03-24T15:23:37.557674492Z,2026-03-24T15:23:37.541755045Z,1,1,42404367,T,B,0,119.000000000,1,0,15865,784005855,118.500000000,119.000000000,121,1,6,1,ESM6 P6100
2026-03-24T15:23:43.639128291Z,2026-03-24T15:23:43.629886139Z,1,1,42409672,T,B,0,89.500000000,1,0,12854,784054284,89.000000000,89.500000000,37,1,5,1,ESM6 P5900
2026-03-24T15:24:29.610881859Z,2026-03-24T15:24:29.584768587Z,1,1,42399704,T,B,0,261.000000000,1,0,14313,784546076,260.000000000,261.000000000,6,1,4,1,ESM6 P6650
2026-03-24T15:24:44.012678097Z,2026-03-24T15:24:44.009217589Z,1,1,42404367,T,B,0,118.000000000,1,0,14696,784701890,117.500000000,118.000000000,40,1,5,1,ESM6 P6100
2026-03-24T15:24:45.668757403Z,2026-03-24T15:24:45.668136237Z,1,1,2568542,T,B,0,-20.500000000,1,0,19508,301631733,-21.000000000,-20.500000000,33,27,3,2,UD:1V: GN 2568542
2026-03-24T15:24:52.445339228Z,2026-03-24T15:24:52.241521493Z,1,1,42384724,T,B,0,28.500000000,1,0,13097,784788128,28.250000000,28.500000000,202,1,5,1,ESM6 C7200
2026-03-24T15:25:06.005784519Z,2026-03-24T15:25:05.875660981Z,1,1,42404367,T,B,0,117.500000000,1,0,15921,784967512,117.000000000,117.500000000,210,1,13,1,ESM6 P6100
2026-03-24T15:25:06.110170126Z,2026-03-24T15:25:06.093529961Z,1,1,42404367,T,B,0,117.500000000,1,0,14004,784969605,117.000000000,117.500000000,210,1,13,1,ESM6 P6100
2026-03-24T15:25:06.251266463Z,2026-03-24T15:25:06.246989437Z,1,1,42404367,T,B,0,117.500000000,1,0,11347,784971869,117.000000000,117.500000000,210,1,13,1,ESM6 P6100
2026-03-24T15:25:08.436346247Z,2026-03-24T15:25:07.973843257Z,1,1,42404367,T,A,0,117.500000000,1,0,12772,784998677,117.500000000,118.500000000,40,5,3,2,ESM6 P6100
2026-03-24T15:25:18.364266831Z,2026-03-24T15:25:18.334841813Z,1,1,42377530,T,B,0,409.000000000,3,0,15383,785129298,408.000000000,409.000000000,5,3,2,1,ESU6 P6800
2026-03-24T15:25:29.749766201Z,2026-03-24T15:25:29.521412127Z,1,1,2546383,T,B,0,-9.800000000,1,0,14048,301888701,-10.300000000,-9.800000000,477,1,4,1,UD:1V: GN 2546383
2026-03-24T15:25:29.780714546Z,2026-03-24T15:25:29.521974369Z,1,1,42409648,T,B,0,220.500000000,1,0,18082,785269664,220.000000000,220.500000000,4,15,2,1,ESM6 C6700
2026-03-24T15:25:29.878290902Z,2026-03-24T15:25:29.534922771Z,1,1,2546385,T,A,0,170.000000000,1,0,14405,301889480,170.000000000,171.000000000,1,17,1,1,UD:1V: GN 2546385
2026-03-24T15:25:30.002913675Z,2026-03-24T15:25:29.541620895Z,1,1,42836577,T,B,0,178.000000000,1,0,11598,785273617,177.000000000,178.000000000,68,15,7,1,ESM6 C6775
2026-03-24T15:25:30.519601335Z,2026-03-24T15:25:29.726940627Z,1,1,42384724,T,B,0,28.750000000,1,0,12580,785283455,28.250000000,28.750000000,180,1,4,1,ESM6 C7200
2026-03-24T15:25:33.990277439Z,2026-03-24T15:25:33.285076637Z,1,1,42384872,T,B,0,300.000000000,1,0,11534,785342751,299.000000000,300.000000000,5,1,2,1,ESM6 P6750
2026-03-24T15:25:34.457967188Z,2026-03-24T15:25:33.969058247Z,1,1,42409672,T,B,0,88.500000000,25,0,11121,785351301,87.750000000,88.500000000,100,69,8,1,ESM6 P5900
2026-03-24T15:25:34.992612817Z,2026-03-24T15:25:34.877552273Z,1,1,42821844,T,B,0,122.000000000,5,0,15983,785360841,121.000000000,122.000000000,111,5,8,2,ESM6 P6125
2026-03-24T15:25:52.136217927Z,2026-03-24T15:25:52.043754165Z,1,1,42409666,T,A,0,76.500000000,1,0,10258,785571460,76.500000000,76.750000000,1,173,1,5,ESM6 P5800
2026-03-24T15:26:01.082865097Z,2026-03-24T15:26:00.905410161Z,1,1,42394633,T,B,0,17.900000000,3,0,13202,785690516,17.800000000,17.900000000,2,3,1,1,ESM6 P4500
2026-03-24T15:26:05.202167575Z,2026-03-24T15:26:05.141948665Z,1,1,42366509,T,A,0,251.000000000,3,0,11369,785740414,251.000000000,252.000000000,3,94,1,7,ESM6 C6650
2026-03-24T15:26:06.939668963Z,2026-03-24T15:26:06.936672097Z,1,1,42384725,T,A,0,9.600000000,2,0,17163,785758978,9.600000000,9.800000000,2,34,1,3,ESM6 C7400
2026-03-24T15:26:07.190642727Z,2026-03-24T15:26:07.190181921Z,1,1,42399756,T,B,0,2.400000000,21,0,16896,785760693,2.350000000,2.400000000,218,21,4,1,ESM6 P2600
2026-03-24T15:26:11.380458533Z,2026-03-24T15:26:11.379967301Z,1,1,42853783,T,A,0,14.300000000,2,0,17979,785792042,14.300000000,14.600000000,2,2,1,1,ESM6 C7325
2026-03-24T15:26:11.389780433Z,2026-03-24T15:26:11.382401567Z,1,1,42416106,T,A,0,7.400000000,2,0,15800,785792088,7.400000000,7.600000000,2,23,1,2,ESM6 C7450
2026-03-24T15:26:13.672835641Z,2026-03-24T15:26:13.063318929Z,1,1,42760606,T,B,0,250.000000000,3,0,17113,785822778,249.500000000,250.000000000,3,3,1,1,ESM6 P6625
2026-03-24T15:26:21.025236694Z,2026-03-24T15:26:21.015222533Z,1,1,2568466,T,A,0,79.000000000,36,0,17827,302197204,79.000000000,79.250000000,36,144,2,4,UD:1V: VT 2568466
2026-03-24T15:26:21.037634121Z,2026-03-24T15:26:21.025240195Z,1,1,2568466,T,B,0,79.000000000,45,0,12540,302197466,78.750000000,79.000000000,156,14,3,1,UD:1V: VT 2568466
2026-03-24T15:26:21.037972753Z,2026-03-24T15:26:21.034941285Z,1,1,2568466,T,B,0,79.000000000,16,0,11024,302197485,78.750000000,79.000000000,169,19,4,1,UD:1V: VT 2568466
2026-03-24T15:26:21.038042887Z,2026-03-24T15:26:21.036408909Z,1,1,2568466,T,B,0,79.000000000,52,0,11822,302197489,78.750000000,79.000000000,169,3,4,1,UD:1V: VT 2568466
2026-03-24T15:26:21.048911727Z,2026-03-24T15:26:21.040592339Z,1,1,2568466,T,B,0,79.000000000,74,0,14422,302197565,78.750000000,79.000000000,192,1,5,1,UD:1V: VT 2568466
2026-03-24T15:26:21.076940460Z,2026-03-24T15:26:21.044764499Z,1,1,2568466,T,B,0,79.000000000,3,0,16174,302197738,78.750000000,79.000000000,192,27,5,1,UD:1V: VT 2568466
2026-03-24T15:26:22.471331055Z,2026-03-24T15:26:22.461678713Z,1,1,2568466,T,B,0,79.000000000,1,0,13082,302201142,78.750000000,79.000000000,158,24,4,1,UD:1V: VT 2568466
2026-03-24T15:26:23.869548105Z,2026-03-24T15:26:23.726358623Z,1,1,2568466,T,B,0,79.000000000,98,0,13756,302207105,78.750000000,79.000000000,158,23,4,1,UD:1V: VT 2568466
2026-03-24T15:26:24.065122215Z,2026-03-24T15:26:24.035343777Z,1,1,42409648,T,B,0,220.500000000,1,0,17627,785919951,219.500000000,220.500000000,136,1,10,1,ESM6 C6700
2026-03-24T15:26:30.002809423Z,2026-03-24T15:26:29.898947763Z,1,1,42399706,T,B,0,278.000000000,1,0,13762,785976885,277.000000000,278.000000000,34,1,7,1,ESM6 P6700
2026-03-24T15:26:30.004897621Z,2026-03-24T15:26:29.898948741Z,1,1,42394812,T,B,0,321.500000000,1,0,12770,785976926,321.000000000,321.500000000,2,1,1,1,ESM6 P6800
2026-03-24T15:26:30.968915291Z,2026-03-24T15:26:30.587583623Z,1,1,2568466,T,B,0,79.000000000,3,0,15019,302240739,78.750000000,79.000000000,160,3,4,1,UD:1V: VT 2568466
2026-03-24T15:26:32.065728611Z,2026-03-24T15:26:32.057693135Z,1,1,42399704,T,B,0,259.000000000,1,0,15778,786002260,258.000000000,259.000000000,29,1,7,1,ESM6 P6650
2026-03-24T15:26:49.604232311Z,2026-03-24T15:26:49.545043419Z,1,1,42416106,T,A,0,7.400000000,2,0,11199,786123268,7.400000000,7.600000000,2,72,1,4,ESM6 C7450
2026-03-24T15:26:49.637252745Z,2026-03-24T15:26:49.559083761Z,1,1,42883176,T,A,0,32.500000000,4,0,11393,786124182,32.500000000,33.000000000,4,87,1,3,ESM6 C7175
2026-03-24T15:26:49.881307892Z,2026-03-24T15:26:49.878065865Z,1,1,756943,T,B,0,553.500000000,5,0,12809,786129673,553.000000000,553.500000000,20,5,1,1,ESZ7 P6600
2026-03-24T15:26:50.227996846Z,2026-03-24T15:26:50.227732023Z,1,1,756943,T,B,0,553.500000000,5,0,13970,786130661,553.000000000,553.500000000,20,5,1,1,ESZ7 P6600
2026-03-24T15:26:51.562503562Z,2026-03-24T15:26:51.556664639Z,1,1,42384724,T,A,0,28.500000000,2,0,16939,786137336,28.500000000,28.750000000,2,14,1,3,ESM6 C7200
2026-03-24T15:26:51.987414470Z,2026-03-24T15:26:51.846941955Z,1,1,42384724,T,A,0,28.500000000,2,0,15435,786143949,28.500000000,28.750000000,2,6,1,1,ESM6 C7200
2026-03-24T15:26:52.930330359Z,2026-03-24T15:26:52.907826341Z,1,1,42366506,T,B,0,21.500000000,3,0,14169,786153257,21.250000000,21.500000000,380,3,8,1,ESM6 P4700
2026-03-24T15:26:53.572612120Z,2026-03-24T15:26:53.087504493Z,1,1,756943,T,B,0,553.500000000,5,0,14185,786164902,553.000000000,553.500000000,20,5,1,1,ESZ7 P6600
2026-03-24T15:26:53.775487817Z,2026-03-24T15:26:53.175208813Z,1,1,2521985,T,A,0,48.000000000,1,0,15090,302322129,48.000000000,48.250000000,1,710,1,6,UD:1V: VT 2521985
2026-03-24T15:27:03.872974357Z,2026-03-24T15:27:02.697893529Z,1,1,42394743,T,B,0,46.000000000,2,0,12830,786284265,45.500000000,46.000000000,53,2,2,1,ESM6 P5400
2026-03-24T15:27:04.058261700Z,2026-03-24T15:27:03.003072543Z,1,1,42372931,T,B,0,32.500000000,2,0,13271,786287103,32.000000000,32.500000000,274,2,4,1,ESM6 P5100
2026-03-24T15:27:25.849402414Z,2026-03-24T15:27:25.849050057Z,1,1,2545533,T,B,0,103.000000000,1,0,14458,302526590,102.500000000,103.000000000,247,1,6,1,UD:1V: VT 2545533
2026-03-24T15:27:28.976885691Z,2026-03-24T15:27:28.805750681Z,1,1,42404370,T,A,0,182.000000000,12,0,16634,786608351,182.000000000,183.000000000,12,146,5,6,ESM6 P6400
2026-03-24T15:27:29.103413234Z,2026-03-24T15:27:28.976791771Z,1,1,42404370,T,B,0,182.000000000,42,0,14210,786610817,181.500000000,182.000000000,89,42,6,1,ESM6 P6400
2026-03-24T15:27:46.374203979Z,2026-03-24T15:27:46.373644397Z,1,1,42394754,T,A,0,137.000000000,10,0,17179,786797238,137.000000000,137.500000000,10,150,1,9,ESM6 P6200
2026-03-24T15:28:20.656701086Z,2026-03-24T15:28:20.656175599Z,1,1,42394731,T,B,0,29.500000000,1,0,14173,787119171,29.000000000,29.500000000,175,258,7,7,ESM6 P5000
2026-03-24T15:28:36.734801775Z,2026-03-24T15:28:36.629516155Z,1,1,42760606,T,B,0,253.000000000,1,0,14648,787295960,252.000000000,253.000000000,55,34,6,2,ESM6 P6625
2026-03-24T15:28:47.250139933Z,2026-03-24T15:28:47.249591595Z,1,1,2568791,T,B,0,-13.600000000,1,0,15203,302896845,-14.900000000,-13.600000000,20,20,1,1,UD:1V: RR 2568791
2026-03-24T15:29:56.421277638Z,2026-03-24T15:29:56.062675961Z,1,1,42378541,T,A,0,158.500000000,1,0,13204,788110038,158.500000000,159.000000000,1,50,1,6,ESM6 P6300
2026-03-24T15:30:35.041582419Z,2026-03-24T15:30:34.955736371Z,1,1,42522935,T,A,0,43.250000000,3,0,17677,788619444,43.250000000,44.500000000,166,117,3,4,ESH7 C8200
2026-03-24T15:30:35.065233936Z,2026-03-24T15:30:34.955755255Z,1,1,42676519,T,A,0,48.250000000,3,0,11179,788619693,48.250000000,49.500000000,83,80,2,3,ESH7 C8150
2026-03-24T15:30:42.463042783Z,2026-03-24T15:30:42.438807453Z,1,1,42522935,T,A,0,43.250000000,3,0,13941,788711674,43.250000000,44.500000000,160,117,3,4,ESH7 C8200
2026-03-24T15:30:47.415844621Z,2026-03-24T15:30:47.167661457Z,1,1,42458390,T,B,0,371.500000000,3,0,13028,788763527,370.500000000,371.500000000,20,3,2,1,ESU6 P6700
2026-03-24T15:31:00.561998023Z,2026-03-24T15:31:00.560138609Z,1,1,42372949,T,B,0,162.500000000,1,0,16395,788894700,161.500000000,162.500000000,117,1,10,1,ESM6 C6800
2026-03-24T15:31:06.228778836Z,2026-03-24T15:31:06.142526073Z,1,1,42594298,T,A,0,753.500000000,2,0,16482,788950308,753.500000000,756.000000000,2,15,1,1,ESH7 P7300
2026-03-24T15:31:07.509263751Z,2026-03-24T15:31:07.395216373Z,1,1,42626389,T,A,0,726.500000000,2,0,11140,788960813,726.500000000,729.500000000,2,16,1,1,ESH7 P7250
2026-03-24T15:31:09.024804699Z,2026-03-24T15:31:09.005338693Z,1,1,42559336,T,B,0,410.000000000,1,0,12181,788984553,408.000000000,410.000000000,17,11,1,1,ESH7 C7000
2026-03-24T15:31:09.034685527Z,2026-03-24T15:31:09.006126201Z,1,1,42589199,T,B,0,383.500000000,1,0,14712,788984740,381.500000000,383.500000000,17,40,1,2,ESH7 C7050
2026-03-24T15:31:09.079639456Z,2026-03-24T15:31:09.013774343Z,1,1,42522931,T,B,0,309.000000000,1,0,15508,788985390,307.000000000,309.000000000,19,46,1,2,ESH7 C7200
2026-03-24T15:31:09.180331163Z,2026-03-24T15:31:09.032500997Z,1,1,42760606,T,A,0,252.000000000,3,0,13708,788987318,252.000000000,252.500000000,3,36,1,3,ESM6 P6625
2026-03-24T15:31:11.415207319Z,2026-03-24T15:31:11.406082031Z,1,1,42399704,T,B,0,261.500000000,1,0,15378,789008550,260.500000000,261.500000000,29,1,8,1,ESM6 P6650
2026-03-24T15:31:12.654890246Z,2026-03-24T15:31:12.639936473Z,1,1,42506751,T,B,0,629.500000000,3,0,16722,789021084,628.500000000,629.500000000,2,3,1,1,ESH7 P7050
2026-03-24T15:31:15.222917639Z,2026-03-24T15:31:14.967570237Z,1,1,42522931,T,B,0,309.000000000,1,0,14392,789053178,307.000000000,309.000000000,19,46,1,2,ESH7 C7200
2026-03-24T15:31:15.412468382Z,2026-03-24T15:31:15.157501589Z,1,1,42587737,T,B,0,333.000000000,1,0,17876,789056579,331.000000000,333.000000000,18,42,1,2,ESH7 C7150
2026-03-24T15:31:16.397015170Z,2026-03-24T15:31:16.269913929Z,1,1,42548935,T,B,0,358.000000000,1,0,13496,789070292,356.500000000,358.000000000,2,40,1,2,ESH7 C7100
2026-03-24T15:31:16.546097020Z,2026-03-24T15:31:16.337120043Z,1,1,42521843,T,A,0,839.000000000,1,0,19315,789072080,839.000000000,842.500000000,1,9,1,1,ESH7 P7450
2026-03-24T15:31:23.522639558Z,2026-03-24T15:31:23.394081943Z,1,1,42559274,T,A,0,699.500000000,2,0,18300,789138869,699.500000000,702.000000000,2,18,1,1,ESH7 P7200
2026-03-24T15:31:25.868082339Z,2026-03-24T15:31:25.850584041Z,1,1,42919922,T,B,0,234.000000000,1,0,16897,789152498,233.000000000,234.000000000,41,1,7,1,ESM6 C6675
2026-03-24T15:31:27.752116766Z,2026-03-24T15:31:27.663069351Z,1,1,42366509,T,B,0,249.000000000,1,0,12117,789169435,248.500000000,249.000000000,23,3,6,1,ESM6 C6650
2026-03-24T15:31:27.760868033Z,2026-03-24T15:31:27.663194995Z,1,1,42366509,T,B,0,249.000000000,2,0,13584,789169575,248.500000000,249.000000000,23,2,6,1,ESM6 C6650
2026-03-24T15:31:27.972750804Z,2026-03-24T15:31:27.799626431Z,1,1,42512557,T,A,0,869.500000000,1,0,14485,789173188,869.500000000,873.000000000,1,7,1,1,ESH7 P7500
2026-03-24T15:31:31.508998598Z,2026-03-24T15:31:31.264096899Z,1,1,42366509,T,A,0,249.000000000,3,0,14182,789224896,249.000000000,249.500000000,3,3,1,1,ESM6 C6650
2026-03-24T15:31:39.331762045Z,2026-03-24T15:31:39.214964179Z,1,1,42506751,T,B,0,629.000000000,3,0,19181,789302119,628.000000000,629.000000000,2,3,1,1,ESH7 P7050
2026-03-24T15:31:39.796261004Z,2026-03-24T15:31:39.677956239Z,1,1,42760606,T,B,0,252.000000000,3,0,13893,789308765,251.500000000,252.000000000,4,3,2,1,ESM6 P6625
2026-03-24T15:31:49.168336894Z,2026-03-24T15:31:49.143327213Z,1,1,42853782,T,B,0,41.750000000,32,0,11305,789421455,41.250000000,41.750000000,123,33,6,1,ESM6 C7125
2026-03-24T15:31:55.195046887Z,2026-03-24T15:31:53.730847989Z,1,1,42384892,T,B,0,2.150000000,20,0,12872,789494649,2.050000000,2.150000000,592,20,7,1,ESM6 P2500
2026-03-24T15:32:00.131507204Z,2026-03-24T15:32:00.089795509Z,1,1,42560560,T,A,0,783.000000000,1,0,11308,789562910,783.000000000,785.500000000,1,13,1,1,ESH7 P7350
2026-03-24T15:32:02.608206723Z,2026-03-24T15:32:02.441042519Z,1,1,42853788,T,B,0,165.500000000,3,0,17563,789591808,165.000000000,165.500000000,24,3,1,1,ESM6 P6325
2026-03-24T15:32:02.795301494Z,2026-03-24T15:32:02.488370303Z,1,1,42384779,T,B,0,245.500000000,4,0,10997,789595049,245.000000000,245.500000000,17,4,1,2,ESM6 P6600
2026-03-24T15:32:07.848194791Z,2026-03-24T15:32:07.847636951Z,1,1,2521985,T,A,0,47.750000000,1,0,14051,303972353,47.750000000,48.000000000,1,1150,1,8,UD:1V: VT 2521985
2026-03-24T15:32:10.957071054Z,2026-03-24T15:32:10.941479213Z,1,1,42372969,T,B,0,75.750000000,26,0,13804,789699134,75.250000000,75.750000000,8,27,4,1,ESM6 C7000
2026-03-24T15:32:13.008731182Z,2026-03-24T15:32:12.996831249Z,1,1,42836578,T,B,0,84.500000000,25,0,16481,789726020,83.750000000,84.500000000,124,27,10,1,ESM6 C6975
2026-03-24T15:32:23.434129394Z,2026-03-24T15:32:23.433593233Z,1,1,42394754,T,B,0,138.500000000,5,0,14478,789841062,138.000000000,138.500000000,139,5,8,1,ESM6 P6200
2026-03-24T15:33:28.737399561Z,2026-03-24T15:33:28.694848127Z,1,1,42384307,T,B,0,11.700000000,1,0,11698,790578704,11.600000000,11.700000000,444,1,9,1,ESM6 P4000
2026-03-24T15:33:36.582640575Z,2026-03-24T15:33:36.299868125Z,1,1,42384307,T,A,0,11.700000000,1,0,13475,790664794,11.700000000,11.900000000,175,64,3,3,ESM6 P4000
2026-03-24T15:33:57.201105916Z,2026-03-24T15:33:57.137264941Z,1,1,2545533,T,A,0,102.000000000,1,0,11244,304538221,102.000000000,102.500000000,1,292,1,7,UD:1V: VT 2545533
2026-03-24T15:33:57.751571790Z,2026-03-24T15:33:57.601083071Z,1,1,42394754,T,B,0,139.500000000,5,0,15740,790887575,139.000000000,139.500000000,167,5,11,1,ESM6 P6200
2026-03-24T15:35:17.405647870Z,2026-03-24T15:35:16.964458925Z,1,1,2546979,T,A,0,16.400000000,40,0,16721,304938092,16.400000000,16.600000000,40,1300,1,5,UD:1V: VT 2546979
2026-03-24T15:35:24.083067998Z,2026-03-24T15:35:24.082594309Z,1,1,42372953,T,A,0,114.500000000,1,0,14087,791791676,114.500000000,115.000000000,1,81,1,6,ESM6 C6900
2026-03-24T15:35:59.630050731Z,2026-03-24T15:35:59.629510487Z,1,1,2566669,T,A,0,73.000000000,39,0,11763,305132758,73.000000000,73.250000000,39,211,1,1,UD:1V: VT 2566669
2026-03-24T15:36:25.307029921Z,2026-03-24T15:36:25.271849753Z,1,1,2565816,T,A,0,5.000000000,1,0,11625,305262030,5.000000000,5.100000000,1,548,1,6,UD:1V: VT 2565816
2026-03-24T15:36:33.693791948Z,2026-03-24T15:36:33.684354935Z,1,1,42372969,T,B,0,76.250000000,26,0,16473,792485372,76.000000000,76.250000000,8,27,4,1,ESM6 C7000
2026-03-24T15:37:45.086026842Z,2026-03-24T15:37:45.068645983Z,1,1,42399599,T,A,0,24.000000000,1,0,13935,793078377,24.000000000,24.250000000,1,463,1,10,ESM6 P4800
2026-03-24T15:37:53.552325367Z,2026-03-24T15:37:53.551832679Z,1,1,42409648,T,B,0,218.500000000,1,0,13993,793169556,217.500000000,218.500000000,123,75,11,7,ESM6 C6700
2026-03-24T15:38:08.203297265Z,2026-03-24T15:38:08.119492329Z,1,1,42458740,T,A,0,117.500000000,1,0,12663,793359820,117.500000000,118.000000000,1,68,1,3,ESU6 P5600
2026-03-24T15:38:21.838513372Z,2026-03-24T15:38:21.702946631Z,1,1,42836580,T,B,0,114.000000000,2,0,11412,793476464,113.500000000,114.000000000,100,2,7,1,ESM6 P6075
2026-03-24T15:39:08.210389891Z,2026-03-24T15:39:06.892272019Z,1,1,2568964,T,B,0,15.300000000,3,0,11191,305972360,15.200000000,15.300000000,985,3,3,1,UD:1V: VT 2568964
2026-03-24T15:39:34.894574428Z,2026-03-24T15:39:34.775050429Z,1,1,2696200,T,B,0,124.000000000,1,0,15300,306095468,123.500000000,124.000000000,169,1,6,1,UD:1V: VT 2696200
2026-03-24T15:39:38.429072851Z,2026-03-24T15:39:38.428440905Z,1,1,2696200,T,A,0,124.000000000,1,0,14764,306107274,124.000000000,124.500000000,73,99,2,3,UD:1V: VT 2696200
2026-03-24T15:39:45.649815737Z,2026-03-24T15:39:45.649288113Z,1,1,42384779,T,B,0,242.000000000,1,0,14016,794295018,241.500000000,242.000000000,49,1,9,1,ESM6 P6600
2026-03-24T15:40:06.095335423Z,2026-03-24T15:40:06.076019967Z,1,1,2569228,T,A,0,53.000000000,1,0,13722,306217826,53.000000000,53.250000000,1,4,1,2,UD:1V: GN 2569228
2026-03-24T15:40:54.555822105Z,2026-03-24T15:40:54.238804403Z,1,1,42512557,T,A,0,868.000000000,1,0,11650,794931533,868.000000000,871.500000000,1,7,1,1,ESH7 P7500
2026-03-24T15:41:15.013976006Z,2026-03-24T15:41:14.535944243Z,1,1,42853782,T,A,0,41.750000000,2,0,17157,795183561,41.750000000,42.000000000,2,68,1,3,ESM6 C7125
2026-03-24T15:41:15.477216254Z,2026-03-24T15:41:15.236053155Z,1,1,42673157,T,A,0,18.300000000,2,0,14889,795192374,18.300000000,18.700000000,2,12,1,1,ESM7 C9000
2026-03-24T15:41:17.797599795Z,2026-03-24T15:41:17.646504839Z,1,1,2569233,T,B,0,4.550000000,2,0,16878,306574808,4.500000000,4.550000000,845,2,7,1,UD:1V: VT 2569233
2026-03-24T15:41:30.449316979Z,2026-03-24T15:41:30.207214521Z,1,1,42760606,T,A,0,251.500000000,3,0,11401,795351963,251.500000000,252.000000000,3,41,1,4,ESM6 P6625
2026-03-24T15:41:35.505847435Z,2026-03-24T15:41:35.377804469Z,1,1,42378541,T,B,0,158.000000000,1,0,14410,795411438,157.000000000,158.000000000,78,33,7,5,ESM6 P6300
2026-03-24T15:41:50.635858705Z,2026-03-24T15:41:50.635329229Z,1,1,2569266,T,B,0,305.500000000,1,0,17264,306721535,303.000000000,305.500000000,90,1,2,1,UD:1V: GN 2569266
2026-03-24T15:42:26.594623578Z,2026-03-24T15:42:26.223261523Z,1,1,42366509,T,B,0,249.500000000,3,0,12479,795872057,249.000000000,249.500000000,9,3,4,1,ESM6 C6650
2026-03-24T15:42:58.812874796Z,2026-03-24T15:42:58.812377209Z,1,1,42372953,T,B,0,115.000000000,3,0,13739,796247029,114.500000000,115.000000000,103,3,10,1,ESM6 C6900
2026-03-24T15:43:00.902008295Z,2026-03-24T15:43:00.740589991Z,1,1,2553485,T,B,0,34.250000000,2,0,14164,307058069,34.000000000,34.250000000,488,2,7,1,UD:1V: VT 2553485
2026-03-24T15:43:13.455259919Z,2026-03-24T15:43:13.449021659Z,1,1,42394754,T,A,0,137.000000000,10,0,12186,796403272,137.000000000,137.500000000,10,158,1,8,ESM6 P6200
2026-03-24T15:43:19.593993819Z,2026-03-24T15:43:19.485976025Z,1,1,2553485,T,B,0,34.250000000,2,0,14520,307142307,34.000000000,34.250000000,893,2,10,1,UD:1V: VT 2553485
2026-03-24T15:44:28.960474688Z,2026-03-24T15:44:28.960145851Z,1,1,42378449,T,B,0,102.500000000,15,0,13604,797041350,102.000000000,102.500000000,213,15,10,1,ESM6 P6000
2026-03-24T15:44:30.247723641Z,2026-03-24T15:44:30.228776669Z,1,1,2547423,T,A,0,142.000000000,15,0,10674,307409284,142.000000000,142.500000000,15,211,1,6,UD:1V: VT 2547423
2026-03-24T15:44:41.413775617Z,2026-03-24T15:44:41.413062369Z,1,1,42394761,T,A,0,147.000000000,1,0,14064,797147686,147.000000000,147.500000000,4,81,1,6,ESM6 P6250
2026-03-24T15:46:18.587541024Z,2026-03-24T15:46:18.544911941Z,1,1,756943,T,B,0,554.000000000,10,0,11239,798119290,553.000000000,554.000000000,23,10,2,1,ESZ7 P6600
2026-03-24T15:46:20.784007746Z,2026-03-24T15:46:20.782603913Z,1,1,756943,T,B,0,554.000000000,10,0,13674,798139979,553.000000000,554.000000000,3,10,1,1,ESZ7 P6600
2026-03-24T15:46:29.772715108Z,2026-03-24T15:46:29.772193757Z,1,1,756943,T,B,0,554.000000000,10,0,13512,798219087,552.500000000,554.000000000,20,10,1,1,ESZ7 P6600
2026-03-24T15:46:34.463377758Z,2026-03-24T15:46:34.231702177Z,1,1,756943,T,B,0,554.000000000,10,0,12977,798260616,551.000000000,554.000000000,31,10,1,1,ESZ7 P6600
2026-03-24T15:46:38.372045071Z,2026-03-24T15:46:38.326666705Z,1,1,756943,T,B,0,553.500000000,10,0,16369,798296545,552.500000000,553.500000000,23,10,2,1,ESZ7 P6600
2026-03-24T15:47:32.564810307Z,2026-03-24T15:47:32.481757809Z,1,1,2565816,T,B,0,5.100000000,25,0,16576,308226987,5.000000000,5.100000000,168,25,2,1,UD:1V: VT 2565816
2026-03-24T15:47:32.675565235Z,2026-03-24T15:47:32.610720625Z,1,1,2565816,T,B,0,5.100000000,51,0,16077,308228068,5.000000000,5.100000000,258,136,3,2,UD:1V: VT 2565816
2026-03-24T15:47:32.715602363Z,2026-03-24T15:47:32.675455267Z,1,1,2565816,T,B,0,5.100000000,66,0,15710,308228253,5.000000000,5.100000000,258,85,3,1,UD:1V: VT 2565816
2026-03-24T15:48:20.198061185Z,2026-03-24T15:48:20.171559849Z,1,1,42372953,T,B,0,116.000000000,1,0,14383,799276776,115.500000000,116.000000000,146,1,10,1,ESM6 C6900
2026-03-24T15:49:17.474476566Z,2026-03-24T15:49:17.203691257Z,1,1,42672421,T,A,0,35.250000000,3,0,16848,799817187,35.250000000,36.000000000,96,96,2,3,ESH7 C8300
2026-03-24T15:49:30.878123686Z,2026-03-24T15:49:30.843588715Z,1,1,42672421,T,A,0,35.250000000,2,0,11888,799947973,35.250000000,36.000000000,90,95,2,3,ESH7 C8300
2026-03-24T15:49:36.669653697Z,2026-03-24T15:49:36.669063607Z,1,1,42672421,T,A,0,35.250000000,2,0,17371,800018839,35.250000000,36.000000000,88,127,2,4,ESH7 C8300
2026-03-24T15:49:40.593123497Z,2026-03-24T15:49:40.255815365Z,1,1,42715011,T,A,0,39.250000000,2,0,11029,800049939,39.250000000,40.000000000,92,91,2,3,ESH7 C8250
2026-03-24T15:50:38.616356535Z,2026-03-24T15:50:37.825335579Z,1,1,42681742,T,B,0,35.000000000,1,0,13092,800642783,34.250000000,35.000000000,247,1,5,1,ESZ6 C7950
2026-03-24T15:51:41.831404763Z,2026-03-24T15:51:41.825951495Z,1,1,42378541,T,B,0,156.000000000,1,0,11205,801187570,155.500000000,156.000000000,173,1,8,1,ESM6 P6300
2026-03-24T15:51:53.654149871Z,2026-03-24T15:51:53.115407443Z,1,1,42372969,T,B,0,78.250000000,2,0,13225,801257496,78.000000000,78.250000000,119,5,7,1,ESM6 C7000
2026-03-24T15:51:53.692183337Z,2026-03-24T15:51:53.119842205Z,1,1,42372969,T,B,0,78.250000000,3,0,14074,801258202,78.000000000,78.250000000,119,3,7,1,ESM6 C7000
2026-03-24T15:51:54.251687229Z,2026-03-24T15:51:53.458438687Z,1,1,42384724,T,B,0,29.000000000,1,0,14756,801266997,28.750000000,29.000000000,69,1,4,1,ESM6 C7200
2026-03-24T15:52:00.414587729Z,2026-03-24T15:52:00.379843003Z,1,1,42854015,T,B,0,287.000000000,3,0,13007,801342502,286.500000000,287.000000000,2,3,1,1,ESM6 P6725
2026-03-24T15:52:01.008907695Z,2026-03-24T15:52:00.920376317Z,1,1,42715011,T,A,0,39.500000000,2,0,13130,801351543,39.500000000,40.250000000,92,92,2,3,ESH7 C8250
2026-03-24T15:52:03.569584915Z,2026-03-24T15:52:03.564392443Z,1,1,42536155,T,A,0,28.500000000,21,0,15989,801384262,28.500000000,29.250000000,105,104,2,3,ESH7 C8400
2026-03-24T15:52:12.620312544Z,2026-03-24T15:52:12.616756203Z,1,1,42378346,T,A,0,5.800000000,2,0,15116,801477778,5.800000000,6.000000000,2,87,1,6,ESM6 C7500
2026-03-24T15:52:21.236555446Z,2026-03-24T15:52:21.073733101Z,1,1,42378346,T,A,0,5.800000000,2,0,11410,801557538,5.800000000,6.000000000,2,87,1,6,ESM6 C7500
2026-03-24T15:52:44.368705489Z,2026-03-24T15:52:44.295046727Z,1,1,42506288,T,A,0,232.500000000,8,0,14082,801733037,232.500000000,233.000000000,25,43,1,2,ESU6 P6250
2026-03-24T15:52:44.374625575Z,2026-03-24T15:52:44.295330977Z,1,1,42506288,T,A,0,232.500000000,1,0,15572,801733149,232.500000000,233.000000000,17,43,1,2,ESU6 P6250
2026-03-24T15:52:44.386100259Z,2026-03-24T15:52:44.295630265Z,1,1,42506288,T,A,0,232.500000000,2,0,12540,801733311,232.500000000,233.000000000,16,43,1,2,ESU6 P6250
2026-03-24T15:52:44.445025317Z,2026-03-24T15:52:44.295775565Z,1,1,42506288,T,A,0,232.500000000,6,0,11647,801734212,232.500000000,233.000000000,14,43,1,2,ESU6 P6250
2026-03-24T15:52:44.448491734Z,2026-03-24T15:52:44.295837379Z,1,1,42506288,T,A,0,232.500000000,5,0,12924,801734319,232.500000000,233.000000000,8,43,1,2,ESU6 P6250
2026-03-24T15:52:44.556516867Z,2026-03-24T15:52:44.340598991Z,1,1,42506288,T,A,0,232.500000000,2,0,16188,801736420,232.500000000,233.000000000,3,43,1,2,ESU6 P6250
2026-03-24T15:52:44.565623308Z,2026-03-24T15:52:44.340886671Z,1,1,42506288,T,A,0,232.500000000,1,0,11453,801736566,232.500000000,233.000000000,1,43,1,2,ESU6 P6250
2026-03-24T15:53:12.483724067Z,2026-03-24T15:53:12.308365337Z,1,1,42377432,T,A,0,221.000000000,25,0,12697,801932888,221.000000000,221.500000000,25,76,1,5,ESU6 P6200
2026-03-24T15:53:23.541272372Z,2026-03-24T15:53:23.426294113Z,1,1,42384726,T,B,0,52.000000000,1,0,14251,802023953,51.250000000,52.000000000,343,246,9,7,ESM6 P5500
2026-03-24T15:56:32.067043390Z,2026-03-24T15:56:31.265827219Z,1,1,2907534,T,B,0,75.500000000,2,0,18202,310612840,74.750000000,75.500000000,125,2,5,1,UD:1V: VT 2907534
2026-03-24T15:56:46.470306113Z,2026-03-24T15:56:44.978648995Z,1,1,42404367,T,B,0,122.000000000,1,0,13444,804410441,120.500000000,122.000000000,55,1,2,1,ESM6 P6100
2026-03-24T15:56:49.796392679Z,2026-03-24T15:56:47.999803613Z,1,1,42409639,T,B,0,5.300000000,2,0,13875,804462364,5.200000000,5.300000000,209,2,3,2,ESM6 P3200
2026-03-24T15:56:56.859630951Z,2026-03-24T15:56:56.120241395Z,1,1,42439351,T,A,0,308.000000000,1,0,12233,804566773,308.000000000,308.500000000,1,9,1,1,ESU6 P6500
2026-03-24T15:57:00.422713640Z,2026-03-24T15:57:00.345106911Z,1,1,42439351,T,A,0,308.000000000,1,0,14091,804627831,308.000000000,308.500000000,1,31,1,3,ESU6 P6500
2026-03-24T15:57:01.789717447Z,2026-03-24T15:57:01.199400261Z,1,1,42760606,T,A,0,257.500000000,3,0,10275,804647255,257.500000000,258.000000000,3,19,1,2,ESM6 P6625
2026-03-24T15:57:08.250095638Z,2026-03-24T15:57:08.249837673Z,1,1,42394754,T,B,0,140.000000000,5,0,13714,804748486,139.500000000,140.000000000,184,5,8,1,ESM6 P6200
2026-03-24T15:58:03.492613439Z,2026-03-24T15:58:03.026643937Z,1,1,2569917,T,A,0,-49.500000000,1,0,15201,311328955,-49.500000000,-49.000000000,1,39,1,1,UD:1V: GN 2569917
2026-03-24T15:58:23.486517150Z,2026-03-24T15:58:22.749888347Z,1,1,42378541,T,A,0,163.000000000,1,0,16978,805879004,163.000000000,163.500000000,1,39,1,4,ESM6 P6300
2026-03-24T15:58:28.197148705Z,2026-03-24T15:58:28.004319873Z,1,1,42760606,T,A,0,258.500000000,3,0,14301,805941446,258.500000000,259.000000000,3,49,1,6,ESM6 P6625
2026-03-24T15:58:32.631797729Z,2026-03-24T15:58:32.571734445Z,1,1,42409648,T,B,0,215.000000000,2,0,13115,806003067,214.500000000,215.000000000,110,2,8,1,ESM6 C6700
2026-03-24T15:58:49.037229724Z,2026-03-24T15:58:48.813716637Z,1,1,42409672,T,B,0,91.750000000,32,0,14859,806203026,91.250000000,91.750000000,163,32,7,1,ESM6 P5900
2026-03-24T15:59:09.654475806Z,2026-03-24T15:59:09.653746063Z,1,1,42413473,T,A,0,215.000000000,25,0,21006,806442167,215.000000000,215.500000000,25,46,1,5,ESU6 P6150
2026-03-24T15:59:12.337903418Z,2026-03-24T15:59:11.792009531Z,1,1,42366509,T,B,0,246.000000000,3,0,11189,806480134,245.500000000,246.000000000,3,3,1,1,ESM6 C6650
2026-03-24T15:59:29.607539854Z,2026-03-24T15:59:29.594333229Z,1,1,42399599,T,B,0,24.500000000,1,0,15521,806675777,24.250000000,24.500000000,258,1,8,1,ESM6 P4800
2026-03-24T15:59:59.142763449Z,2026-03-24T15:59:59.122541657Z,1,1,42384779,T,B,0,250.000000000,1,0,11331,807007787,249.000000000,250.000000000,47,59,6,4,ESM6 P6600
2026-03-24T16:00:09.354042804Z,2026-03-24T16:00:09.351424157Z,1,1,2566185,T,B,0,48.250000000,2,0,13890,312102138,48.000000000,48.250000000,222,2,4,1,UD:1V: VT 2566185
2026-03-24T16:00:11.270755041Z,2026-03-24T16:00:11.265881887Z,1,1,42384779,T,A,0,250.000000000,1,0,16315,807209421,250.000000000,250.500000000,1,61,1,6,ESM6 P6600
2026-03-24T16:00:31.263606579Z,2026-03-24T16:00:31.163753995Z,1,1,42521843,T,A,0,847.500000000,9,0,16856,807495135,847.500000000,851.500000000,9,9,1,1,ESH7 P7450
2026-03-24T16:00:37.152282433Z,2026-03-24T16:00:36.159001545Z,1,1,2566185,T,B,0,48.250000000,2,0,15962,312299286,48.000000000,48.250000000,184,2,4,1,UD:1V: VT 2566185
2026-03-24T16:00:44.781033801Z,2026-03-24T16:00:44.772325635Z,1,1,42372953,T,A,0,112.500000000,3,0,16184,807707082,112.500000000,113.500000000,123,67,7,7,ESM6 C6900
2026-03-24T16:00:48.034914894Z,2026-03-24T16:00:47.577282419Z,1,1,42372953,T,A,0,112.500000000,3,0,15766,807752610,112.500000000,113.000000000,17,23,2,1,ESM6 C6900
2026-03-24T16:00:48.816899704Z,2026-03-24T16:00:48.306463111Z,1,1,42627610,T,A,0,3.050000000,1,0,20128,807762655,3.050000000,3.150000000,1,240,1,4,ESM6 C7650
2026-03-24T16:00:49.043266084Z,2026-03-24T16:00:48.464246093Z,1,1,42760625,T,A,0,224.500000000,5,0,15996,807764687,224.500000000,225.000000000,5,29,1,2,ESM6 P6525
2026-03-24T16:00:49.344122633Z,2026-03-24T16:00:48.644852123Z,1,1,42760605,T,A,0,209.000000000,2,0,15473,807767723,209.000000000,209.500000000,2,19,1,1,ESM6 P6475
2026-03-24T16:01:00.626366716Z,2026-03-24T16:01:00.619495409Z,1,1,42394740,T,A,0,37.750000000,2,0,14342,807925045,37.750000000,38.000000000,2,265,1,8,ESM6 P5200
2026-03-24T16:01:01.360903478Z,2026-03-24T16:01:01.200947683Z,1,1,2545534,T,A,0,84.750000000,68,0,15178,312472956,84.750000000,85.000000000,69,37,2,2,UD:1V: VT 2545534
2026-03-24T16:01:14.943374692Z,2026-03-24T16:01:14.548626993Z,1,1,2570032,T,B,0,-34.000000000,1,0,13143,312557917,-37.000000000,-34.000000000,17,1,1,1,UD:1V: RR 2570032
2026-03-24T16:01:57.790480635Z,2026-03-24T16:01:57.083751555Z,1,1,42760606,T,B,0,260.000000000,1,0,18847,808674402,259.000000000,260.000000000,67,1,9,1,ESM6 P6625
2026-03-24T16:01:58.287383965Z,2026-03-24T16:01:57.223192079Z,1,1,2566185,T,B,0,48.500000000,2,0,11400,312822837,48.250000000,48.500000000,189,2,4,1,UD:1V: VT 2566185
2026-03-24T16:02:37.861829852Z,2026-03-24T16:02:37.223877255Z,1,1,2907534,T,B,0,77.500000000,2,0,13358,313094907,76.750000000,77.500000000,344,2,7,1,UD:1V: VT 2907534
2026-03-24T16:03:07.690146495Z,2026-03-24T16:03:07.515544525Z,1,1,42919947,T,A,0,72.750000000,2,0,15823,809613683,72.750000000,73.000000000,2,33,1,1,ESM6 P5725
2026-03-24T16:04:07.763596657Z,2026-03-24T16:04:07.274639539Z,1,1,756943,T,B,0,560.500000000,5,0,16950,810320270,559.000000000,560.500000000,20,5,1,1,ESZ7 P6600
2026-03-24T16:04:11.672066294Z,2026-03-24T16:04:11.348707463Z,1,1,42409648,T,B,0,213.500000000,1,0,14528,810360012,213.000000000,213.500000000,26,1,5,1,ESM6 C6700
2026-03-24T16:04:31.905418851Z,2026-03-24T16:04:31.888921633Z,1,1,2549454,T,B,0,33.250000000,2,0,14670,313714197,33.000000000,33.250000000,396,2,6,1,UD:1V: VT 2549454
2026-03-24T16:04:31.989359577Z,2026-03-24T16:04:31.890055463Z,1,1,2566185,T,B,0,48.500000000,2,0,13513,313714798,48.250000000,48.500000000,189,2,4,1,UD:1V: VT 2566185
2026-03-24T16:04:35.776715798Z,2026-03-24T16:04:35.733545897Z,1,1,42378288,T,A,0,40.000000000,2,0,13944,810648873,40.000000000,40.250000000,2,37,1,4,ESM6 P5250
2026-03-24T16:04:41.009948842Z,2026-03-24T16:04:40.969676479Z,1,1,42378373,T,A,0,75.250000000,2,0,17807,810704272,75.250000000,75.750000000,2,120,1,6,ESM6 P5750
2026-03-24T16:04:59.856519985Z,2026-03-24T16:04:59.829741837Z,1,1,42396824,T,A,0,326.000000000,4,0,15306,810902111,326.000000000,326.500000000,4,12,1,2,ESU6 P6550
2026-03-24T16:04:59.877636502Z,2026-03-24T16:04:59.829742755Z,1,1,42740173,T,A,0,388.500000000,2,0,11292,810902425,388.500000000,389.000000000,2,3,1,1,ESU6 P6725
2026-03-24T16:05:00.100270353Z,2026-03-24T16:05:00.071228817Z,1,1,42439351,T,A,0,310.000000000,4,0,11259,810907265,310.000000000,310.500000000,4,12,1,2,ESU6 P6500
2026-03-24T16:05:01.564812510Z,2026-03-24T16:05:01.307183849Z,1,1,42396824,T,A,0,326.000000000,4,0,16840,810934533,326.000000000,326.500000000,4,9,1,1,ESU6 P6550
2026-03-24T16:05:02.871778636Z,2026-03-24T16:05:02.781555269Z,1,1,42458390,T,A,0,379.000000000,3,0,17329,810952708,379.000000000,379.500000000,3,3,1,1,ESU6 P6700
2026-03-24T16:05:18.833933486Z,2026-03-24T16:05:18.828023277Z,1,1,756943,T,B,0,560.500000000,9,0,13679,811153058,559.500000000,560.500000000,56,9,2,1,ESZ7 P6600
2026-03-24T16:05:19.200324491Z,2026-03-24T16:05:19.197744595Z,1,1,756943,T,B,0,560.500000000,9,0,13843,811156121,559.500000000,560.500000000,56,9,2,1,ESZ7 P6600
2026-03-24T16:05:22.298268414Z,2026-03-24T16:05:22.297777921Z,1,1,756943,T,B,0,560.500000000,9,0,14081,811176754,559.500000000,560.500000000,56,9,2,1,ESZ7 P6600
2026-03-24T16:05:22.728046046Z,2026-03-24T16:05:22.705109937Z,1,1,756943,T,B,0,560.500000000,9,0,14228,811182947,559.500000000,560.500000000,56,9,2,1,ESZ7 P6600
2026-03-24T16:05:33.120157806Z,2026-03-24T16:05:32.902950465Z,1,1,756943,T,B,0,560.000000000,9,0,12661,811308739,559.000000000,560.000000000,28,9,1,1,ESZ7 P6600
2026-03-24T16:06:06.422175711Z,2026-03-24T16:06:06.033087099Z,1,1,2566669,T,B,0,74.000000000,39,0,13206,314208598,73.750000000,74.000000000,353,207,3,1,UD:1V: VT 2566669
2026-03-24T16:06:21.364336545Z,2026-03-24T16:06:21.029911553Z,1,1,42760602,T,B,0,256.500000000,3,0,15097,811846928,256.000000000,256.500000000,2,3,1,1,ESM6 C6625
2026-03-24T16:06:35.299775580Z,2026-03-24T16:06:35.044611805Z,1,1,42378373,T,A,0,76.000000000,1,0,11249,812012255,76.000000000,76.500000000,2,73,1,6,ESM6 P5750
2026-03-24T16:06:35.316693774Z,2026-03-24T16:06:35.057397595Z,1,1,42378373,T,A,0,76.000000000,1,0,10092,812012807,76.000000000,76.500000000,1,73,1,6,ESM6 P5750
2026-03-24T16:06:35.386877931Z,2026-03-24T16:06:35.071675867Z,1,1,42384779,T,A,0,253.000000000,1,0,13991,812014154,253.000000000,253.500000000,1,33,1,4,ESM6 P6600
2026-03-24T16:07:15.105407435Z,2026-03-24T16:07:14.818209143Z,1,1,42378449,T,A,0,107.000000000,1,0,13144,812496346,107.000000000,107.500000000,1,52,1,5,ESM6 P6000
2026-03-24T16:07:23.194460822Z,2026-03-24T16:07:23.162555413Z,1,1,42372953,T,A,0,112.000000000,1,0,16774,812587857,112.000000000,112.500000000,1,117,1,8,ESM6 C6900
2026-03-24T16:07:25.466868092Z,2026-03-24T16:07:25.123287263Z,1,1,42384724,T,B,0,27.500000000,1,0,14458,812619039,27.250000000,27.500000000,2,1,1,1,ESM6 C7200
2026-03-24T16:07:32.002939527Z,2026-03-24T16:07:32.002602831Z,1,1,756943,T,A,0,561.000000000,1,0,13687,812699465,561.000000000,561.500000000,1,20,1,1,ESZ7 P6600
2026-03-24T16:07:40.087579007Z,2026-03-24T16:07:40.031183617Z,1,1,42378449,T,B,0,107.000000000,1,0,13503,812764957,106.500000000,107.000000000,209,1,12,1,ESM6 P6000
2026-03-24T16:10:02.179016490Z,2026-03-24T16:10:02.009163787Z,1,1,42378541,T,B,0,163.000000000,1,0,12569,814266065,162.500000000,163.000000000,64,1,7,1,ESM6 P6300
2026-03-24T16:10:13.603696735Z,2026-03-24T16:10:13.353727293Z,1,1,42378449,T,A,0,106.000000000,3,0,11298,814405531,106.000000000,106.500000000,3,87,1,6,ESM6 P6000
2026-03-24T16:10:19.974497603Z,2026-03-24T16:10:19.863280259Z,1,1,42512557,T,A,0,878.000000000,1,0,14804,814485240,878.000000000,881.500000000,1,7,1,1,ESH7 P7500
2026-03-24T16:10:25.895523670Z,2026-03-24T16:10:25.892086465Z,1,1,42372969,T,B,0,75.500000000,5,0,15092,814567982,74.750000000,75.500000000,135,111,9,7,ESM6 C7000
2026-03-24T16:10:28.694037141Z,2026-03-24T16:10:28.637530735Z,1,1,2551880,T,B,0,11.300000000,2,0,13176,315586688,10.900000000,11.300000000,193,2,4,1,UD:1V: VT 2551880
2026-03-24T16:11:14.242532846Z,2026-03-24T16:11:14.138089333Z,1,1,42506295,T,B,0,397.000000000,3,0,16110,815091036,396.500000000,397.000000000,2,3,1,1,ESU6 P6750
2026-03-24T16:11:30.765408847Z,2026-03-24T16:11:30.660679247Z,1,1,42760602,T,A,0,259.000000000,3,0,13195,815255546,259.000000000,259.500000000,3,19,1,5,ESM6 C6625
2026-03-24T16:11:39.130999726Z,2026-03-24T16:11:39.050193055Z,1,1,42384779,T,B,0,251.500000000,3,0,14577,815350638,251.000000000,251.500000000,3,3,1,1,ESM6 P6600
2026-03-24T16:11:48.134012746Z,2026-03-24T16:11:47.842067209Z,1,1,42512557,T,A,0,880.500000000,1,0,16247,815446717,880.500000000,884.000000000,1,7,1,1,ESH7 P7500
2026-03-24T16:11:50.004328449Z,2026-03-24T16:11:50.003982097Z,1,1,42456919,T,B,0,10.500000000,1,0,13830,815467088,10.400000000,10.500000000,241,1,7,1,ESM6 P3850
2026-03-24T16:11:59.813391339Z,2026-03-24T16:11:59.769101895Z,1,1,42512557,T,A,0,881.000000000,1,0,13433,815544195,881.000000000,885.000000000,1,8,1,2,ESH7 P7500
2026-03-24T16:12:06.641071878Z,2026-03-24T16:12:06.092583507Z,1,1,42384724,T,A,0,27.500000000,2,0,13344,815626982,27.500000000,27.750000000,2,174,1,7,ESM6 C7200
2026-03-24T16:12:11.314424218Z,2026-03-24T16:12:11.152662033Z,1,1,2566669,T,A,0,73.750000000,39,0,16545,316096121,73.750000000,74.000000000,39,246,1,2,UD:1V: VT 2566669
2026-03-24T16:12:33.668277222Z,2026-03-24T16:12:33.210396949Z,1,1,42502483,T,B,0,57.500000000,1,0,14012,815933367,56.750000000,57.500000000,196,1,4,1,ESZ6 C7750
2026-03-24T16:12:36.832265873Z,2026-03-24T16:12:36.147776903Z,1,1,42330564,T,B,0,50.500000000,2,0,13958,815978111,49.750000000,50.500000000,286,2,5,1,ESZ6 C7800
2026-03-24T16:12:39.767117006Z,2026-03-24T16:12:39.289177453Z,1,1,2566669,T,A,0,73.500000000,29,0,13833,316252299,73.500000000,73.750000000,97,39,1,1,UD:1V: VT 2566669
2026-03-24T16:13:59.944356161Z,2026-03-24T16:13:59.845774997Z,1,1,42384779,T,A,0,251.500000000,1,0,13272,816778381,251.500000000,252.000000000,1,63,1,8,ESM6 P6600
2026-03-24T16:14:23.823840983Z,2026-03-24T16:14:23.823376277Z,1,1,42561719,T,B,0,44.000000000,1,0,13098,817042775,43.500000000,44.000000000,390,1,6,1,ESZ6 C7850
2026-03-24T16:14:37.521494067Z,2026-03-24T16:14:37.458012637Z,1,1,311354,T,B,0,141.500000000,1,0,14223,817157017,141.000000000,141.500000000,76,1,3,1,ESZ6 P5400
2026-03-24T16:15:04.455832889Z,2026-03-24T16:15:04.094585831Z,1,1,42170618,T,B,0,38.750000000,2,0,14093,817415459,38.250000000,38.750000000,208,2,4,1,ESZ6 C7900
2026-03-24T16:15:49.004815035Z,2026-03-24T16:15:48.770406787Z,1,1,42512557,T,A,0,879.000000000,1,0,14454,817822641,879.000000000,882.500000000,1,8,1,2,ESH7 P7500
2026-03-24T16:15:51.283857742Z,2026-03-24T16:15:51.045067805Z,1,1,42512557,T,A,0,878.500000000,1,0,11289,817847715,878.500000000,882.000000000,1,8,1,2,ESH7 P7500
2026-03-24T16:15:51.880461639Z,2026-03-24T16:15:51.144730183Z,1,1,42510079,T,B,0,12.300000000,2,0,13785,817857524,12.100000000,12.300000000,98,2,6,1,ESM6 C7350
2026-03-24T16:15:53.609568559Z,2026-03-24T16:15:53.019802203Z,1,1,42512557,T,A,0,877.500000000,9,0,13505,817886479,877.500000000,881.000000000,9,7,1,1,ESH7 P7500
2026-03-24T16:15:56.026350787Z,2026-03-24T16:15:56.012267615Z,1,1,42512557,T,A,0,877.500000000,9,0,16128,817925170,877.500000000,881.000000000,9,10,1,3,ESH7 P7500
2026-03-24T16:15:56.138252670Z,2026-03-24T16:15:56.015567589Z,1,1,42681742,T,B,0,34.000000000,4,0,13970,817926947,33.500000000,34.000000000,149,4,4,1,ESZ6 C7950
2026-03-24T16:16:18.893561446Z,2026-03-24T16:16:18.829012613Z,1,1,42740173,T,B,0,385.500000000,3,0,14101,818216321,385.000000000,385.500000000,2,3,1,1,ESU6 P6725
2026-03-24T16:16:19.039610833Z,2026-03-24T16:16:18.945534185Z,1,1,2566669,T,A,0,73.250000000,24,0,16526,317289157,73.250000000,73.500000000,39,39,1,1,UD:1V: VT 2566669
2026-03-24T16:16:31.528781963Z,2026-03-24T16:16:30.586844923Z,1,1,42439351,T,A,0,306.500000000,2,0,16625,818357444,306.500000000,307.500000000,2,33,2,3,ESU6 P6500
2026-03-24T16:16:32.742643913Z,2026-03-24T16:16:32.086216979Z,1,1,42366509,T,B,0,247.000000000,3,0,14555,818375132,246.500000000,247.000000000,13,3,6,1,ESM6 C6650
2026-03-24T16:16:49.541074987Z,2026-03-24T16:16:49.537217141Z,1,1,42372953,T,B,0,114.500000000,1,0,13543,818591700,114.000000000,114.500000000,165,1,13,1,ESM6 C6900
2026-03-24T16:16:56.398561349Z,2026-03-24T16:16:56.064644839Z,1,1,2568964,T,B,0,15.200000000,3,0,11123,317517371,15.100000000,15.200000000,716,3,5,1,UD:1V: VT 2568964
2026-03-24T16:17:19.218558615Z,2026-03-24T16:17:19.132231877Z,1,1,42506295,T,B,0,392.000000000,3,0,18480,819012084,391.000000000,392.000000000,3,3,1,1,ESU6 P6750
2026-03-24T16:17:24.268045839Z,2026-03-24T16:17:24.267227105Z,1,1,42394754,T,A,0,138.500000000,5,0,13399,819070248,138.500000000,139.000000000,5,117,1,7,ESM6 P6200
2026-03-24T16:17:34.309984399Z,2026-03-24T16:17:34.165366311Z,1,1,42372969,T,B,0,77.000000000,9,0,11529,819171926,76.750000000,77.000000000,2,27,1,1,ESM6 C7000
2026-03-24T16:17:40.102583359Z,2026-03-24T16:17:39.904690761Z,1,1,42522935,T,A,0,43.500000000,2,0,16320,819259730,43.500000000,44.250000000,91,88,2,3,ESH7 C8200
2026-03-24T16:17:40.132239856Z,2026-03-24T16:17:39.905136891Z,1,1,42672421,T,A,0,35.000000000,2,0,13044,819260281,35.000000000,35.750000000,128,124,3,4,ESH7 C8300
2026-03-24T16:17:40.133727011Z,2026-03-24T16:17:39.905147385Z,1,1,42676519,T,A,0,48.500000000,2,0,12687,819260303,48.500000000,49.250000000,86,82,2,3,ESH7 C8150
2026-03-24T16:17:40.135256575Z,2026-03-24T16:17:39.905157777Z,1,1,42715011,T,A,0,39.000000000,2,0,12938,819260322,39.000000000,39.750000000,124,92,3,3,ESH7 C8250
2026-03-24T16:17:47.729016945Z,2026-03-24T16:17:47.701826177Z,1,1,42522935,T,A,0,43.500000000,2,0,11824,819352033,43.500000000,44.250000000,85,164,2,4,ESH7 C8200
2026-03-24T16:17:48.340172932Z,2026-03-24T16:17:48.292635675Z,1,1,42676519,T,A,0,48.500000000,2,0,13842,819356732,48.500000000,49.250000000,81,81,2,3,ESH7 C8150
2026-03-24T16:17:48.348933108Z,2026-03-24T16:17:48.292717779Z,1,1,42715011,T,A,0,39.000000000,2,0,12663,819356870,39.000000000,39.750000000,88,120,2,4,ESH7 C8250
2026-03-24T16:17:55.831995195Z,2026-03-24T16:17:55.697296833Z,1,1,42372969,T,A,0,76.500000000,1,0,14242,819421459,76.500000000,77.250000000,20,110,5,6,ESM6 C7000
2026-03-24T16:18:09.521232215Z,2026-03-24T16:18:09.038916465Z,1,1,42506296,T,A,0,556.500000000,11,0,15697,819549566,556.500000000,558.500000000,11,11,2,2,ESU6 C6400
2026-03-24T16:18:49.433327324Z,2026-03-24T16:18:49.257554241Z,1,1,42676519,T,A,0,48.250000000,1,0,14518,819977278,48.250000000,49.250000000,88,80,2,3,ESH7 C8150
2026-03-24T16:19:25.434867256Z,2026-03-24T16:19:25.101156565Z,1,1,42378541,T,A,0,160.500000000,1,0,14091,820302584,160.500000000,161.000000000,1,78,1,6,ESM6 P6300
2026-03-24T16:21:07.677160956Z,2026-03-24T16:21:07.656114523Z,1,1,42676519,T,A,0,48.250000000,1,0,13940,821229309,48.250000000,49.000000000,87,7,2,1,ESH7 C8150
2026-03-24T16:21:08.249313691Z,2026-03-24T16:21:08.105227139Z,1,1,42522935,T,A,0,43.250000000,1,0,12519,821238395,43.250000000,44.000000000,95,8,2,1,ESH7 C8200
2026-03-24T16:21:10.073454755Z,2026-03-24T16:21:09.801512497Z,1,1,42349759,T,A,0,196.500000000,10,0,15821,821270362,196.500000000,197.000000000,10,27,1,1,ESZ7 C8100
2026-03-24T16:21:11.558665329Z,2026-03-24T16:21:11.443672885Z,1,1,42426302,T,B,0,94.250000000,19,0,14267,821292342,93.750000000,94.250000000,2,26,1,1,ESM6 C6950
2026-03-24T16:21:11.565900606Z,2026-03-24T16:21:11.443673065Z,1,1,42372969,T,B,0,76.250000000,26,0,15939,821292344,75.750000000,76.250000000,21,27,6,1,ESM6 C7000
2026-03-24T16:21:13.332736110Z,2026-03-24T16:21:13.332168833Z,1,1,2570638,T,A,0,18.700000000,1,0,14603,318745663,18.700000000,18.800000000,1,2,1,1,UD:1V: VT 2570638
2026-03-24T16:21:16.119317092Z,2026-03-24T16:21:15.803835651Z,1,1,42715011,T,A,0,38.750000000,1,0,13792,821343353,38.750000000,39.500000000,126,8,3,1,ESH7 C8250
2026-03-24T16:21:19.844898923Z,2026-03-24T16:21:19.844338013Z,1,1,42471229,T,A,0,51.000000000,1,0,14810,821395197,51.000000000,51.250000000,1,35,1,4,ESU6 C7450
2026-03-24T16:21:43.628909231Z,2026-03-24T16:21:43.015895947Z,1,1,42413515,T,B,0,42.750000000,1,0,11269,821593082,42.250000000,42.750000000,54,1,2,1,ESU6 C7500
2026-03-24T16:21:55.045594639Z,2026-03-24T16:21:54.952962089Z,1,1,2566669,T,A,0,73.000000000,17,0,13956,318927479,73.000000000,73.250000000,39,68,1,2,UD:1V: VT 2566669
2026-03-24T16:22:02.698469574Z,2026-03-24T16:22:02.329287741Z,1,1,2557348,T,B,0,101.000000000,1,0,15119,318967449,100.500000000,101.000000000,268,1,2,1,UD:1V: VT 2557348
2026-03-24T16:22:07.199632800Z,2026-03-24T16:22:07.088162391Z,1,1,42372883,T,B,0,13.500000000,1,0,14828,821870112,13.400000000,13.500000000,247,1,8,1,ESM6 P4150
2026-03-24T16:22:09.810591763Z,2026-03-24T16:22:09.783019229Z,1,1,42506295,T,A,0,392.000000000,5,0,16396,821901855,392.000000000,393.000000000,5,14,2,2,ESU6 P6750
2026-03-24T16:22:17.251483779Z,2026-03-24T16:22:17.128797645Z,1,1,2557348,T,A,0,101.000000000,39,0,15753,319052199,101.000000000,101.500000000,39,658,1,5,UD:1V: VT 2557348
2026-03-24T16:22:47.802989641Z,2026-03-24T16:22:47.175129999Z,1,1,2571010,T,A,0,8.700000000,2,0,14734,319184358,8.700000000,8.800000000,2,365,1,5,UD:1V: VT 2571010
2026-03-24T16:24:03.250600241Z,2026-03-24T16:24:03.087562391Z,1,1,2571069,T,A,0,-189.000000000,1,0,13132,319478510,-189.000000000,-187.000000000,1,6,1,2,UD:1V: GN 2571069
2026-03-24T16:24:04.786655259Z,2026-03-24T16:24:04.645713171Z,1,1,42372969,T,A,0,77.000000000,4,0,14184,822935110,77.000000000,77.250000000,4,62,1,8,ESM6 C7000
2026-03-24T16:24:05.523048495Z,2026-03-24T16:24:05.400642447Z,1,1,42522935,T,A,0,43.500000000,1,0,12540,822944153,43.500000000,44.250000000,172,87,3,3,ESH7 C8200
2026-03-24T16:24:05.523147785Z,2026-03-24T16:24:05.400643741Z,1,1,42715011,T,A,0,39.000000000,1,0,11744,822944158,39.000000000,39.750000000,126,124,3,4,ESH7 C8250
2026-03-24T16:24:05.523168636Z,2026-03-24T16:24:05.400643919Z,1,1,42672421,T,A,0,35.000000000,1,0,11901,822944160,35.000000000,35.750000000,131,127,3,4,ESH7 C8300
2026-03-24T16:24:06.457987553Z,2026-03-24T16:24:06.384913189Z,1,1,2560316,T,A,0,8.000000000,1,0,14219,319500533,8.000000000,8.100000000,1,524,1,6,UD:1V: VT 2560316
2026-03-24T16:24:09.498929412Z,2026-03-24T16:24:09.428160417Z,1,1,42676519,T,A,0,48.500000000,1,0,13071,822980170,48.500000000,49.250000000,87,81,2,3,ESH7 C8150
2026-03-24T16:24:11.646691126Z,2026-03-24T16:24:11.619578809Z,1,1,42672421,T,A,0,35.000000000,1,0,15915,822995909,35.000000000,35.750000000,92,127,2,4,ESH7 C8300
2026-03-24T16:24:11.676804234Z,2026-03-24T16:24:11.623290271Z,1,1,42522935,T,A,0,43.500000000,1,0,14252,822996374,43.500000000,44.250000000,90,164,2,4,ESH7 C8200
2026-03-24T16:24:11.851953572Z,2026-03-24T16:24:11.668620021Z,1,1,42715011,T,A,0,39.000000000,1,0,10571,822999079,39.000000000,39.750000000,94,124,2,4,ESH7 C8250
2026-03-24T16:24:18.533575257Z,2026-03-24T16:24:18.444534425Z,1,1,42522935,T,A,0,43.500000000,1,0,17052,823074440,43.500000000,44.250000000,85,164,2,4,ESH7 C8200
2026-03-24T16:24:18.534807660Z,2026-03-24T16:24:18.444567929Z,1,1,42715011,T,A,0,39.000000000,1,0,11443,823074462,39.000000000,39.750000000,120,124,3,4,ESH7 C8250
2026-03-24T16:24:26.868137263Z,2026-03-24T16:24:26.865590109Z,1,1,42378449,T,A,0,104.000000000,1,0,11321,823130939,104.000000000,104.500000000,1,55,1,7,ESM6 P6000
2026-03-24T16:25:05.822706392Z,2026-03-24T16:25:04.606363071Z,1,1,42399596,T,B,0,12.900000000,1,0,13929,823434096,12.800000000,12.900000000,98,1,2,1,ESM6 P4100
2026-03-24T16:25:23.571515206Z,2026-03-24T16:25:23.504249875Z,1,1,2566669,T,A,0,73.000000000,17,0,14569,319798237,73.000000000,73.250000000,39,271,1,3,UD:1V: VT 2566669
2026-03-24T16:25:28.935205089Z,2026-03-24T16:25:28.688706167Z,1,1,42629927,T,B,0,111.000000000,2,0,13324,823663792,110.500000000,111.000000000,30,2,1,1,ESM6 P6040
2026-03-24T16:28:01.919895211Z,2026-03-24T16:28:01.622834591Z,1,1,42404367,T,B,0,120.500000000,2,0,15080,825178029,120.000000000,120.500000000,31,2,2,1,ESM6 P6100
2026-03-24T16:28:01.948760591Z,2026-03-24T16:28:01.622918507Z,1,1,2549746,T,B,0,16.600000000,2,0,15368,320537730,16.400000000,16.600000000,939,2,6,1,UD:1V: VT 2549746
2026-03-24T16:28:05.193245151Z,2026-03-24T16:28:05.055842921Z,1,1,42903306,T,B,0,10.900000000,2,0,10022,825216832,10.700000000,10.900000000,87,2,5,1,ESM6 C7375
2026-03-24T16:28:17.804170067Z,2026-03-24T16:28:17.755382353Z,1,1,42396832,T,B,0,355.000000000,2,0,13093,825309509,354.000000000,355.000000000,35,3,5,1,ESU6 P6650
2026-03-24T16:28:18.557303164Z,2026-03-24T16:28:18.534668321Z,1,1,42396832,T,B,0,355.000000000,1,0,13223,825317314,354.500000000,355.000000000,56,1,3,1,ESU6 P6650
2026-03-24T16:28:20.065006217Z,2026-03-24T16:28:19.968670135Z,1,1,42760606,T,A,0,254.500000000,3,0,14084,825331018,254.500000000,255.000000000,3,72,1,7,ESM6 P6625
2026-03-24T16:28:27.271194811Z,2026-03-24T16:28:27.256465963Z,1,1,42409672,T,B,0,90.750000000,8,0,14222,825411587,90.500000000,90.750000000,2,8,1,1,ESM6 P5900
2026-03-24T16:28:30.588168826Z,2026-03-24T16:28:30.587627583Z,1,1,42366510,T,B,0,48.000000000,1,0,17724,825439624,47.500000000,48.000000000,56,65,4,5,ESM6 C7100
2026-03-24T16:28:54.708982401Z,2026-03-24T16:28:54.693643829Z,1,1,42396824,T,B,0,321.000000000,3,0,17205,825660273,320.000000000,321.000000000,29,3,5,1,ESU6 P6550
2026-03-24T16:29:04.744360603Z,2026-03-24T16:29:04.735858835Z,1,1,42372969,T,A,0,76.500000000,4,0,12964,825750190,76.500000000,76.750000000,4,74,1,8,ESM6 C7000
2026-03-24T16:29:06.114531409Z,2026-03-24T16:29:06.114074325Z,1,1,414671,T,A,0,82.000000000,4,0,15706,825759489,82.000000000,82.500000000,4,146,1,5,ESZ6 P4800
2026-03-24T16:30:32.817946914Z,2026-03-24T16:30:32.785546371Z,1,1,42458390,T,B,0,373.000000000,3,0,14587,826539576,372.000000000,373.000000000,40,3,6,1,ESU6 P6700
2026-03-24T16:30:43.605140502Z,2026-03-24T16:30:43.185572811Z,1,1,42458390,T,B,0,374.000000000,3,0,11727,826654874,373.000000000,374.000000000,26,3,3,1,ESU6 P6700
2026-03-24T16:32:26.803111037Z,2026-03-24T16:32:26.643719207Z,1,1,42394740,T,B,0,37.250000000,2,0,11203,827602417,37.000000000,37.250000000,101,2,6,1,ESM6 P5200
2026-03-24T16:32:27.332617518Z,2026-03-24T16:32:27.079430121Z,1,1,42399596,T,B,0,13.000000000,1,0,16698,827611534,12.800000000,13.000000000,602,1,11,1,ESM6 P4100
2026-03-24T16:32:34.498905577Z,2026-03-24T16:32:34.450253913Z,1,1,42426302,T,B,0,95.000000000,9,0,15753,827679197,94.500000000,95.000000000,13,26,5,1,ESM6 C6950
2026-03-24T16:32:48.336100446Z,2026-03-24T16:32:48.298774763Z,1,1,414671,T,A,0,82.250000000,1,0,11422,827784860,82.250000000,82.750000000,1,159,1,5,ESZ6 P4800
2026-03-24T16:33:27.042753024Z,2026-03-24T16:33:27.014053195Z,1,1,42394761,T,B,0,150.000000000,15,0,10175,828098924,149.500000000,150.000000000,100,235,10,1,ESM6 P6250
2026-03-24T16:33:27.057950010Z,2026-03-24T16:33:27.014402123Z,1,1,42399612,T,B,0,35.250000000,2,0,13870,828099202,35.000000000,35.250000000,112,2,6,1,ESM6 P5150
2026-03-24T16:33:27.231171386Z,2026-03-24T16:33:27.194414505Z,1,1,42394761,T,B,0,150.000000000,19,0,13783,828101926,149.500000000,150.000000000,107,220,10,1,ESM6 P6250
2026-03-24T16:33:27.884681435Z,2026-03-24T16:33:27.838096549Z,1,1,42394761,T,B,0,150.000000000,62,0,16667,828107722,149.500000000,150.000000000,72,201,9,1,ESM6 P6250
2026-03-24T16:33:27.885029647Z,2026-03-24T16:33:27.838097995Z,1,1,42394761,T,B,0,150.000000000,16,0,11576,828107725,149.500000000,150.000000000,72,139,9,1,ESM6 P6250
2026-03-24T16:33:28.033439625Z,2026-03-24T16:33:27.846582285Z,1,1,42394761,T,B,0,150.000000000,58,0,13703,828109308,149.500000000,150.000000000,72,123,9,1,ESM6 P6250
2026-03-24T16:33:28.051375770Z,2026-03-24T16:33:27.848408239Z,1,1,42394761,T,B,0,150.000000000,2,0,13682,828109515,149.500000000,150.000000000,72,65,9,1,ESM6 P6250
2026-03-24T16:33:28.108177463Z,2026-03-24T16:33:27.857649583Z,1,1,42394761,T,B,0,150.000000000,2,0,13160,828110228,149.500000000,150.000000000,72,63,9,1,ESM6 P6250
2026-03-24T16:33:28.120795237Z,2026-03-24T16:33:27.866314127Z,1,1,42394761,T,B,0,150.000000000,1,0,12691,828110407,149.500000000,150.000000000,72,61,9,1,ESM6 P6250
2026-03-24T16:33:28.130431905Z,2026-03-24T16:33:27.876572413Z,1,1,42394761,T,B,0,150.000000000,1,0,13169,828110546,149.500000000,150.000000000,72,60,9,1,ESM6 P6250
2026-03-24T16:33:28.138565811Z,2026-03-24T16:33:27.887152173Z,1,1,42394761,T,B,0,150.000000000,2,0,15604,828110658,149.500000000,150.000000000,72,59,9,1,ESM6 P6250
2026-03-24T16:33:28.614915281Z,2026-03-24T16:33:28.487370609Z,1,1,42919945,T,B,0,54.500000000,2,0,15474,828117238,54.250000000,54.500000000,30,2,1,1,ESM6 C7075
2026-03-24T16:33:28.626460790Z,2026-03-24T16:33:28.487370801Z,1,1,42366510,T,B,0,48.250000000,3,0,16066,828117298,48.000000000,48.250000000,31,3,1,2,ESM6 C7100
2026-03-24T16:33:28.634243968Z,2026-03-24T16:33:28.487370993Z,1,1,42510079,T,B,0,12.600000000,2,0,12572,828117446,12.400000000,12.600000000,158,2,6,1,ESM6 C7350
2026-03-24T16:33:28.681304955Z,2026-03-24T16:33:28.499769551Z,1,1,42506300,T,B,0,61.000000000,3,0,16389,828118129,60.500000000,61.000000000,33,3,1,1,ESU6 C7400
2026-03-24T16:33:28.710313067Z,2026-03-24T16:33:28.504773131Z,1,1,2551880,T,B,0,11.700000000,27,0,17404,321881622,11.400000000,11.700000000,148,27,3,3,UD:1V: VT 2551880
2026-03-24T16:33:28.744034744Z,2026-03-24T16:33:28.504897927Z,1,1,2565852,T,B,0,7.000000000,2,0,16393,321882274,6.800000000,7.000000000,158,2,3,1,UD:1V: VT 2565852
2026-03-24T16:33:28.770389881Z,2026-03-24T16:33:28.608485825Z,1,1,42394761,T,B,0,150.000000000,24,0,13091,828119573,149.500000000,150.000000000,66,57,6,1,ESM6 P6250
2026-03-24T16:33:28.771421327Z,2026-03-24T16:33:28.608697667Z,1,1,42394761,T,B,0,150.000000000,2,0,12546,828119591,149.500000000,150.000000000,66,33,6,1,ESM6 P6250
2026-03-24T16:33:28.840849532Z,2026-03-24T16:33:28.730901651Z,1,1,2551880,T,B,0,11.700000000,7,0,12061,321883531,11.400000000,11.700000000,100,7,2,1,UD:1V: VT 2551880
2026-03-24T16:33:28.888952927Z,2026-03-24T16:33:28.804262321Z,1,1,42394761,T,B,0,150.000000000,31,0,12894,828121278,149.500000000,150.000000000,108,31,7,1,ESM6 P6250
2026-03-24T16:33:28.928579238Z,2026-03-24T16:33:28.846374415Z,1,1,42471229,T,A,0,51.250000000,34,0,15005,828122030,51.250000000,51.500000000,34,34,1,3,ESU6 C7450
2026-03-24T16:33:51.220045627Z,2026-03-24T16:33:51.102460969Z,1,1,42372931,T,B,0,33.500000000,2,0,13822,828317057,33.250000000,33.500000000,215,2,7,1,ESM6 P5100
2026-03-24T16:33:51.321724385Z,2026-03-24T16:33:51.119649715Z,1,1,42409642,T,B,0,31.750000000,2,0,15468,828318852,31.500000000,31.750000000,289,2,9,1,ESM6 P5050
2026-03-24T16:33:54.094375039Z,2026-03-24T16:33:54.027620081Z,1,1,42372953,T,B,0,115.000000000,24,0,13843,828332172,114.500000000,115.000000000,33,25,8,2,ESM6 C6900
2026-03-24T16:33:58.088182043Z,2026-03-24T16:33:58.066822209Z,1,1,42372953,T,B,0,115.000000000,22,0,17924,828358074,114.500000000,115.000000000,37,25,8,2,ESM6 C6900
2026-03-24T16:34:02.710430140Z,2026-03-24T16:34:02.625520755Z,1,1,42394740,T,B,0,37.500000000,1,0,11146,828413506,37.250000000,37.500000000,119,2,7,1,ESM6 P5200
2026-03-24T16:34:06.255906620Z,2026-03-24T16:34:06.092527211Z,1,1,42919944,T,B,0,149.500000000,22,0,17509,828464351,149.000000000,149.500000000,10,22,4,2,ESM6 C6825
2026-03-24T16:34:08.151435604Z,2026-03-24T16:34:08.086822683Z,1,1,42372953,T,B,0,115.000000000,10,0,13622,828487210,114.500000000,115.000000000,61,25,6,2,ESM6 C6900
2026-03-24T16:34:08.222325103Z,2026-03-24T16:34:08.089963069Z,1,1,42760596,T,B,0,126.000000000,24,0,15719,828487810,125.500000000,126.000000000,11,24,5,2,ESM6 C6875
2026-03-24T16:34:28.739782852Z,2026-03-24T16:34:28.661474127Z,1,1,42409672,T,B,0,91.750000000,34,0,15982,828650972,91.500000000,91.750000000,2,34,1,2,ESM6 P5900
2026-03-24T16:34:28.820800718Z,2026-03-24T16:34:28.739786331Z,1,1,42409672,T,A,0,91.750000000,16,0,13389,828652727,91.750000000,92.000000000,16,16,1,4,ESM6 P5900
2026-03-24T16:34:30.160686555Z,2026-03-24T16:34:30.145653071Z,1,1,42409672,T,A,0,91.750000000,50,0,14644,828664147,91.750000000,92.000000000,50,115,1,8,ESM6 P5900
2026-03-24T16:34:52.463222940Z,2026-03-24T16:34:52.307406381Z,1,1,42804677,T,B,0,104.500000000,26,0,16497,828884868,104.000000000,104.500000000,24,26,4,2,ESM6 C6925
2026-03-24T16:34:54.502335257Z,2026-03-24T16:34:54.499878213Z,1,1,42404366,T,A,0,1.800000000,1,0,13770,828902740,1.800000000,1.850000000,1,199,1,3,ESM6 C7800
2026-03-24T16:34:56.519078635Z,2026-03-24T16:34:56.146646239Z,1,1,42366509,T,A,0,247.000000000,3,0,11409,828926828,247.000000000,247.500000000,3,15,1,3,ESM6 C6650
2026-03-24T16:35:04.878955166Z,2026-03-24T16:35:04.652609143Z,1,1,2566669,T,A,0,73.250000000,22,0,12944,322304631,73.250000000,73.500000000,39,329,1,3,UD:1V: VT 2566669
2026-03-24T16:35:05.900253758Z,2026-03-24T16:35:05.719577177Z,1,1,42760606,T,B,0,258.000000000,3,0,13207,829049160,257.500000000,258.000000000,24,3,4,1,ESM6 P6625
2026-03-24T16:35:16.709002374Z,2026-03-24T16:35:16.678405263Z,1,1,42740173,T,B,0,387.000000000,3,0,15119,829186538,386.000000000,387.000000000,37,3,4,1,ESU6 P6725
2026-03-24T16:35:25.519058155Z,2026-03-24T16:35:25.061470663Z,1,1,42446245,T,B,0,482.000000000,1,0,14235,829288306,480.500000000,482.000000000,4,1,2,1,ESM6 P7050
2026-03-24T16:35:39.327605729Z,2026-03-24T16:35:37.954754221Z,1,1,2521985,T,A,0,47.250000000,1,0,17137,322531210,47.250000000,47.500000000,1,656,1,4,UD:1V: VT 2521985
2026-03-24T16:35:41.112889379Z,2026-03-24T16:35:40.240785261Z,1,1,42836577,T,A,0,172.000000000,2,0,15321,829511207,172.000000000,172.500000000,2,3,1,1,ESM6 C6775
2026-03-24T16:35:44.196905748Z,2026-03-24T16:35:44.004054889Z,1,1,2566669,T,B,0,73.750000000,260,0,17220,322568517,73.500000000,73.750000000,494,260,5,1,UD:1V: VT 2566669
2026-03-24T16:36:15.505246654Z,2026-03-24T16:36:15.309630699Z,1,1,42409666,T,A,0,81.000000000,1,0,12828,829948930,81.000000000,81.500000000,43,66,5,6,ESM6 P5800
2026-03-24T16:36:27.452226146Z,2026-03-24T16:36:27.116086769Z,1,1,2566669,T,A,0,73.500000000,22,0,12252,322826555,73.500000000,73.750000000,39,39,1,1,UD:1V: VT 2566669
2026-03-24T16:36:47.888984086Z,2026-03-24T16:36:47.317499679Z,1,1,42671404,T,A,0,13.500000000,1,0,12964,830291581,13.500000000,13.600000000,1,164,1,2,ESM7 C9200
2026-03-24T16:36:50.476013905Z,2026-03-24T16:36:50.453626093Z,1,1,2563750,T,A,0,89.000000000,55,0,17628,322923690,89.000000000,89.250000000,68,73,2,4,UD:1V: VT 2563750
2026-03-24T16:36:51.470417518Z,2026-03-24T16:36:51.066906307Z,1,1,42409666,T,B,0,81.500000000,1,0,13995,830334023,81.250000000,81.500000000,7,1,1,1,ESM6 P5800
2026-03-24T16:37:05.005300281Z,2026-03-24T16:37:04.938302357Z,1,1,2566669,T,A,0,73.500000000,19,0,12856,323001989,73.500000000,73.750000000,39,39,1,1,UD:1V: VT 2566669
2026-03-24T16:37:12.406139465Z,2026-03-24T16:37:12.389983821Z,1,1,2545533,T,A,0,101.500000000,68,0,15602,323037062,101.500000000,102.000000000,68,215,1,6,UD:1V: VT 2545533
2026-03-24T16:37:12.417999242Z,2026-03-24T16:37:12.410790265Z,1,1,42394743,T,B,0,48.500000000,1,0,11036,830577285,48.250000000,48.500000000,30,57,4,3,ESM6 P5400
2026-03-24T16:37:13.696126420Z,2026-03-24T16:37:13.392175969Z,1,1,2545533,T,A,0,101.500000000,2,0,19686,323044062,101.500000000,102.000000000,2,338,1,8,UD:1V: VT 2545533
2026-03-24T16:37:35.885899683Z,2026-03-24T16:37:35.676730435Z,1,1,42372969,T,A,0,75.000000000,1,0,12473,830786744,75.000000000,75.250000000,1,85,1,9,ESM6 C7000
2026-03-24T16:37:36.008464228Z,2026-03-24T16:37:35.697232003Z,1,1,42506296,T,A,0,550.500000000,12,0,18935,830787991,550.500000000,551.500000000,12,1,1,1,ESU6 C6400
2026-03-24T16:37:52.220350420Z,2026-03-24T16:37:51.867833689Z,1,1,42409666,T,B,0,82.000000000,1,0,12158,831000591,81.750000000,82.000000000,4,1,2,1,ESM6 P5800
2026-03-24T16:38:15.009937966Z,2026-03-24T16:38:14.992663195Z,1,1,42394743,T,A,0,49.000000000,2,0,11104,831342105,49.000000000,49.250000000,2,176,1,6,ESM6 P5400
2026-03-24T16:38:22.848629052Z,2026-03-24T16:38:22.158651315Z,1,1,2549454,T,B,0,33.500000000,2,0,16297,323430658,33.250000000,33.500000000,387,2,6,1,UD:1V: VT 2549454
2026-03-24T16:38:22.856812200Z,2026-03-24T16:38:22.160578365Z,1,1,2565568,T,A,0,-0.300000000,1,0,16232,323430713,-0.300000000,-0.150000000,1,5940,1,6,UD:1V: GN 2565568
2026-03-24T16:38:23.078978206Z,2026-03-24T16:38:22.214221795Z,1,1,2565133,T,A,0,48.000000000,1,0,13909,323432432,48.000000000,48.250000000,1,733,1,7,UD:1V: VT 2565133
2026-03-24T16:38:27.250404750Z,2026-03-24T16:38:27.014036323Z,1,1,2570638,T,B,0,18.200000000,2,0,13187,323469660,18.000000000,18.200000000,212,228,4,1,UD:1V: VT 2570638
2026-03-24T16:38:27.283859369Z,2026-03-24T16:38:27.023766979Z,1,1,2570638,T,B,0,18.200000000,2,0,13028,323469850,18.000000000,18.200000000,134,198,3,1,UD:1V: VT 2570638
2026-03-24T16:38:59.882004110Z,2026-03-24T16:38:59.820507855Z,1,1,42378541,T,B,0,166.000000000,1,0,12736,831887809,165.500000000,166.000000000,73,1,9,1,ESM6 P6300
2026-03-24T16:39:16.711322811Z,2026-03-24T16:39:16.178858735Z,1,1,2549454,T,B,0,33.500000000,2,0,18663,323734164,33.250000000,33.500000000,483,2,8,1,UD:1V: VT 2549454
2026-03-24T16:39:22.721316681Z,2026-03-24T16:39:22.316685529Z,1,1,42760602,T,B,0,256.500000000,2,0,16220,832170984,255.500000000,256.500000000,12,7,4,3,ESM6 C6625
2026-03-24T16:39:58.849996478Z,2026-03-24T16:39:58.392303509Z,1,1,42409666,T,B,0,82.750000000,3,0,11112,832522054,82.250000000,82.750000000,134,3,8,2,ESM6 P5800
2026-03-24T16:40:40.283373564Z,2026-03-24T16:40:40.075918239Z,1,1,42394743,T,A,0,49.000000000,1,0,14284,833054122,49.000000000,49.250000000,2,295,1,8,ESM6 P5400
2026-03-24T16:40:40.290813386Z,2026-03-24T16:40:40.076080135Z,1,1,42394743,T,A,0,49.000000000,1,0,13783,833054218,49.000000000,49.250000000,1,295,1,8,ESM6 P5400
2026-03-24T16:41:20.250833006Z,2026-03-24T16:41:20.163842639Z,1,1,42384779,T,A,0,254.500000000,1,0,12880,833485599,254.500000000,255.000000000,1,52,1,7,ESM6 P6600
2026-03-24T16:42:20.104101588Z,2026-03-24T16:42:20.100875103Z,1,1,2571592,T,B,0,14.300000000,1,0,13741,324677004,14.200000000,14.300000000,561,1,4,1,UD:1V: VT 2571592
2026-03-24T16:43:31.371971971Z,2026-03-24T16:43:31.317841985Z,1,1,42377574,T,A,0,482.000000000,3,0,12043,834988844,482.000000000,482.500000000,3,3,1,1,ESU6 C6500
2026-03-24T16:43:46.731443193Z,2026-03-24T16:43:46.248580473Z,1,1,42426302,T,B,0,93.500000000,19,0,11220,835161472,93.000000000,93.500000000,4,26,2,1,ESM6 C6950
2026-03-24T16:43:46.779065079Z,2026-03-24T16:43:46.249789119Z,1,1,42426302,T,B,0,93.500000000,6,0,11302,835162088,93.000000000,93.500000000,4,7,2,1,ESM6 C6950
2026-03-24T16:44:00.410919608Z,2026-03-24T16:44:00.371336029Z,1,1,42366510,T,B,0,47.500000000,1,0,13140,835342003,47.000000000,47.500000000,101,2,7,1,ESM6 C7100
2026-03-24T16:44:17.691873401Z,2026-03-24T16:44:17.690081165Z,1,1,42404374,T,B,0,448.000000000,3,0,14073,835502958,446.500000000,448.000000000,1,23,1,3,ESM6 P7000
2026-03-24T16:44:24.844921476Z,2026-03-24T16:44:24.844380891Z,1,1,42372953,T,B,0,113.500000000,1,0,18198,835575613,113.000000000,113.500000000,13,23,4,1,ESM6 C6900
2026-03-24T16:44:58.287770702Z,2026-03-24T16:44:58.282073937Z,1,1,42804678,T,B,0,24.750000000,1,0,15659,835897638,24.250000000,24.750000000,262,11,9,2,ESM6 C7225
2026-03-24T16:44:58.322830167Z,2026-03-24T16:44:58.282556041Z,1,1,42853782,T,B,0,42.000000000,1,0,13085,835898065,41.500000000,42.000000000,109,42,6,3,ESM6 C7125
2026-03-24T16:44:58.477022544Z,2026-03-24T16:44:58.303646799Z,1,1,42426302,T,B,0,93.750000000,5,0,16536,835900382,93.250000000,93.750000000,49,5,5,1,ESM6 C6950
2026-03-24T16:44:59.107574484Z,2026-03-24T16:44:58.413066577Z,1,1,42883176,T,B,0,32.500000000,1,0,17755,835911380,32.000000000,32.500000000,37,34,3,1,ESM6 C7175
2026-03-24T16:45:25.573232598Z,2026-03-24T16:45:25.167760407Z,1,1,42499829,T,B,0,37.500000000,9,0,14428,836245738,37.250000000,37.500000000,2,9,1,2,ESM6 C7150
2026-03-24T16:45:36.855568198Z,2026-03-24T16:45:36.530293299Z,1,1,42404367,T,B,0,122.000000000,1,0,15630,836415856,121.500000000,122.000000000,180,2,9,2,ESM6 P6100
2026-03-24T16:45:57.564125691Z,2026-03-24T16:45:57.317710829Z,1,1,42366510,T,B,0,48.500000000,2,0,14036,836609030,48.000000000,48.500000000,151,2,9,1,ESM6 C7100
2026-03-24T16:46:51.878878343Z,2026-03-24T16:46:51.682512123Z,1,1,42399597,T,B,0,17.900000000,1,0,11200,837172844,17.800000000,17.900000000,58,1,5,1,ESM6 P4450
2026-03-24T16:46:55.255776639Z,2026-03-24T16:46:55.255257013Z,1,1,42384726,T,B,0,54.000000000,2,0,16674,837204680,53.750000000,54.000000000,267,2,8,1,ESM6 P5500
2026-03-24T16:47:03.179240919Z,2026-03-24T16:47:02.995802549Z,1,1,2571740,T,B,0,355.000000000,5,0,14017,326116293,354.000000000,355.000000000,31,5,1,1,UD:1V: VT 2571740
2026-03-24T16:47:44.121390405Z,2026-03-24T16:47:43.914764335Z,1,1,42378541,T,A,0,163.000000000,1,0,13784,837650143,163.000000000,163.500000000,1,79,1,8,ESM6 P6300
2026-03-24T16:48:05.734099030Z,2026-03-24T16:48:05.528204095Z,1,1,2566669,T,A,0,73.250000000,20,0,13970,326369308,73.250000000,73.500000000,39,39,1,1,UD:1V: VT 2566669
2026-03-24T16:48:40.051810875Z,2026-03-24T16:48:40.038455087Z,1,1,42399597,T,B,0,18.000000000,1,0,13962,838191886,17.800000000,18.000000000,346,1,9,1,ESM6 P4450
2026-03-24T16:49:03.380118769Z,2026-03-24T16:49:03.212472673Z,1,1,42760606,T,A,0,260.000000000,3,0,10456,838437927,260.000000000,260.500000000,3,26,1,3,ESM6 P6625
2026-03-24T16:49:40.408821523Z,2026-03-24T16:49:40.345271643Z,1,1,4110424,T,B,0,413.000000000,5,0,13994,838770786,412.000000000,413.000000000,45,5,4,1,ESZ6 P6600
2026-03-24T16:49:51.678560155Z,2026-03-24T16:49:51.637112899Z,1,1,42458740,T,B,0,121.500000000,2,0,15401,838845342,121.000000000,121.500000000,157,2,6,1,ESU6 P5600
2026-03-24T16:50:16.028119729Z,2026-03-24T16:50:15.638262613Z,1,1,42366509,T,B,0,246.000000000,1,0,13060,839076663,245.500000000,246.000000000,7,3,3,1,ESM6 C6650
2026-03-24T16:50:16.056908703Z,2026-03-24T16:50:15.638322823Z,1,1,42366509,T,B,0,246.000000000,2,0,10938,839077080,245.500000000,246.000000000,5,2,2,1,ESM6 C6650
2026-03-24T16:50:17.867546487Z,2026-03-24T16:50:17.793200949Z,1,1,42384726,T,B,0,54.500000000,1,0,13708,839109433,54.250000000,54.500000000,197,1,7,1,ESM6 P5500
2026-03-24T16:50:39.914266460Z,2026-03-24T16:50:39.913692801Z,1,1,2566669,T,A,0,73.250000000,20,0,14059,327057045,73.250000000,73.500000000,39,39,1,1,UD:1V: VT 2566669
2026-03-24T16:50:48.974819519Z,2026-03-24T16:50:48.584819565Z,1,1,2549454,T,B,0,33.000000000,2,0,15390,327087370,32.750000000,33.000000000,463,2,6,1,UD:1V: VT 2549454
2026-03-24T16:51:21.784551796Z,2026-03-24T16:51:21.783989683Z,1,1,42378541,T,A,0,162.500000000,1,0,16662,839748618,162.500000000,163.000000000,51,26,6,2,ESM6 P6300
2026-03-24T16:51:40.815342790Z,2026-03-24T16:51:40.602773319Z,1,1,42394754,T,B,0,141.500000000,2,0,16851,839913161,141.000000000,141.500000000,120,2,10,1,ESM6 P6200
2026-03-24T16:51:40.819076016Z,2026-03-24T16:51:40.602779479Z,1,1,42394761,T,B,0,152.000000000,16,0,11507,839913238,151.500000000,152.000000000,29,26,3,1,ESM6 P6250
2026-03-24T16:52:15.813807700Z,2026-03-24T16:52:15.809272741Z,1,1,2556292,T,A,0,67.250000000,63,0,15048,327422326,67.250000000,67.750000000,63,390,1,4,UD:1V: VT 2556292
2026-03-24T16:53:22.260363025Z,2026-03-24T16:53:21.921056249Z,1,1,42372969,T,A,0,76.250000000,5,0,12620,840773433,76.250000000,76.500000000,5,29,1,2,ESM6 C7000
2026-03-24T16:54:57.750919111Z,2026-03-24T16:54:57.360497621Z,1,1,42366509,T,A,0,245.500000000,3,0,13928,841614769,245.500000000,246.000000000,3,30,1,4,ESM6 C6650
2026-03-24T16:54:58.082426975Z,2026-03-24T16:54:57.727716061Z,1,1,2545887,T,B,0,28.750000000,2,0,13677,328076374,28.500000000,28.750000000,324,2,4,1,UD:1V: VT 2545887
2026-03-24T16:55:19.441927001Z,2026-03-24T16:55:19.237773037Z,1,1,42760606,T,B,0,260.000000000,3,0,16667,841852822,259.500000000,260.000000000,2,3,1,1,ESM6 P6625
2026-03-24T16:55:20.498511380Z,2026-03-24T16:55:20.205931347Z,1,1,4110424,T,B,0,413.000000000,1,0,16076,841869374,412.500000000,413.000000000,18,1,1,1,ESZ6 P6600
2026-03-24T16:55:20.606081433Z,2026-03-24T16:55:20.243424047Z,1,1,2557348,T,A,0,100.500000000,39,0,16490,328194162,100.500000000,101.000000000,39,497,1,3,UD:1V: VT 2557348
2026-03-24T16:55:21.377276099Z,2026-03-24T16:55:20.421044453Z,1,1,2907534,T,B,0,77.250000000,2,0,17761,328199644,76.500000000,77.250000000,15,2,2,1,UD:1V: VT 2907534
2026-03-24T16:55:23.730525994Z,2026-03-24T16:55:21.629004003Z,1,1,2521985,T,A,0,47.250000000,1,0,11298,328219367,47.250000000,47.500000000,1,255,1,2,UD:1V: VT 2521985
2026-03-24T16:55:24.764845435Z,2026-03-24T16:55:22.398257519Z,1,1,2563750,T,A,0,88.750000000,19,0,15901,328227488,88.750000000,89.000000000,65,33,1,1,UD:1V: VT 2563750
2026-03-24T16:55:37.675268046Z,2026-03-24T16:55:37.051012719Z,1,1,2559939,T,B,0,23.750000000,2,0,14193,328333377,23.500000000,23.750000000,728,2,6,1,UD:1V: VT 2559939
2026-03-24T16:55:41.080811620Z,2026-03-24T16:55:39.787115723Z,1,1,42378450,T,A,0,134.000000000,25,0,16695,842185453,134.000000000,134.500000000,25,27,1,1,ESM6 P6150
2026-03-24T16:55:56.866020812Z,2026-03-24T16:55:56.824368299Z,1,1,2571891,T,A,0,7.300000000,120,0,14014,328462746,7.300000000,7.400000000,120,65,1,4,UD:1V: BO 2571891
2026-03-24T16:56:28.185055538Z,2026-03-24T16:56:27.947957933Z,1,1,42499829,T,B,0,37.000000000,2,0,11167,842776878,36.500000000,37.000000000,196,2,9,1,ESM6 C7150
2026-03-24T16:56:32.266472387Z,2026-03-24T16:56:32.264665179Z,1,1,42384724,T,B,0,28.500000000,3,0,17110,842840940,28.000000000,28.500000000,194,11,9,3,ESM6 C7200
2026-03-24T16:57:06.516227875Z,2026-03-24T16:57:06.332967433Z,1,1,42836583,T,B,0,146.500000000,2,0,16850,843206799,146.000000000,146.500000000,26,2,1,1,ESM6 P6225
2026-03-24T16:57:50.429741641Z,2026-03-24T16:57:50.330884509Z,1,1,42366510,T,B,0,47.250000000,2,0,14684,843655673,46.750000000,47.250000000,113,2,8,1,ESM6 C7100
2026-03-24T16:57:52.903889639Z,2026-03-24T16:57:52.902124649Z,1,1,42372953,T,B,0,113.000000000,1,0,13562,843674298,112.500000000,113.000000000,147,1,11,1,ESM6 C6900
2026-03-24T16:57:59.256747099Z,2026-03-24T16:57:59.119595699Z,1,1,2553485,T,B,0,35.250000000,2,0,17188,329102537,35.000000000,35.250000000,451,2,6,1,UD:1V: VT 2553485
2026-03-24T16:57:59.998740708Z,2026-03-24T16:57:59.628460255Z,1,1,4110424,T,B,0,413.000000000,4,0,15456,843754913,412.500000000,413.000000000,18,4,1,1,ESZ6 P6600
2026-03-24T16:58:05.249200542Z,2026-03-24T16:58:05.247366431Z,1,1,42366510,T,B,0,47.250000000,2,0,16276,843818403,46.750000000,47.250000000,164,2,11,1,ESM6 C7100
2026-03-24T16:58:10.262005708Z,2026-03-24T16:58:10.254183909Z,1,1,42853782,T,B,0,41.750000000,2,0,13144,843863534,41.250000000,41.750000000,97,2,8,1,ESM6 C7125
2026-03-24T16:58:11.214909005Z,2026-03-24T16:58:11.214330777Z,1,1,2569295,T,B,0,1.000000000,2,0,15052,329162412,0.350000000,1.000000000,73,2,4,1,UD:1V: 12 2569295
2026-03-24T16:58:13.291272063Z,2026-03-24T16:58:13.093323523Z,1,1,42499829,T,B,0,36.750000000,2,0,18226,843890829,36.250000000,36.750000000,152,2,10,1,ESM6 C7150
2026-03-24T16:58:34.595530082Z,2026-03-24T16:58:34.300539687Z,1,1,42499829,T,B,0,36.750000000,3,0,16299,844057760,36.250000000,36.750000000,135,111,8,3,ESM6 C7150
2026-03-24T16:59:17.535045915Z,2026-03-24T16:59:17.534514425Z,1,1,42760606,T,A,0,260.000000000,3,0,12981,844382060,260.000000000,260.500000000,3,69,1,9,ESM6 P6625
2026-03-24T16:59:43.441542870Z,2026-03-24T16:59:43.405680025Z,1,1,42883176,T,B,0,32.250000000,1,0,15711,844554790,31.750000000,32.250000000,84,1,6,1,ESM6 C7175
2026-03-24T17:00:16.024851986Z,2026-03-24T17:00:15.911183629Z,1,1,42366509,T,B,0,246.000000000,3,0,13246,844831388,245.500000000,246.000000000,22,3,6,1,ESM6 C6650
2026-03-24T17:00:20.135458188Z,2026-03-24T17:00:20.101704119Z,1,1,42499829,T,B,0,37.000000000,2,0,18767,844868115,36.500000000,37.000000000,137,156,8,4,ESM6 C7150
2026-03-24T17:00:25.509387140Z,2026-03-24T17:00:25.222657755Z,1,1,42883176,T,B,0,32.500000000,2,0,13371,844917516,32.000000000,32.500000000,72,83,3,1,ESM6 C7175
2026-03-24T17:00:34.380236844Z,2026-03-24T17:00:34.204337343Z,1,1,42883176,T,B,0,32.500000000,2,0,14015,844993849,32.000000000,32.500000000,108,2,7,1,ESM6 C7175
2026-03-24T17:00:55.689398951Z,2026-03-24T17:00:55.685161181Z,1,1,42883176,T,B,0,32.500000000,2,0,15787,845131674,32.000000000,32.500000000,107,2,6,1,ESM6 C7175
2026-03-24T17:02:11.917490446Z,2026-03-24T17:02:11.866040377Z,1,1,756943,T,B,0,560.500000000,20,0,15730,845601092,558.500000000,560.500000000,20,20,1,1,ESZ7 P6600
2026-03-24T17:02:13.434804191Z,2026-03-24T17:02:13.327839383Z,1,1,756943,T,B,0,560.000000000,20,0,19286,845616208,558.500000000,560.000000000,20,20,1,1,ESZ7 P6600
2026-03-24T17:02:26.544508927Z,2026-03-24T17:02:26.421390897Z,1,1,2553485,T,B,0,35.250000000,2,0,12739,329979844,35.000000000,35.250000000,418,2,7,1,UD:1V: VT 2553485
2026-03-24T17:03:22.662014387Z,2026-03-24T17:03:22.378570291Z,1,1,42506296,T,A,0,549.500000000,8,0,11319,846433182,549.500000000,551.000000000,8,9,1,2,ESU6 C6400
2026-03-24T17:03:23.592607037Z,2026-03-24T17:03:22.954532317Z,1,1,2566669,T,A,0,73.750000000,14,0,15007,330313176,73.750000000,74.000000000,39,39,1,1,UD:1V: VT 2566669
2026-03-24T17:03:28.684144822Z,2026-03-24T17:03:28.212574373Z,1,1,42409642,T,B,0,33.000000000,2,0,12220,846522656,32.750000000,33.000000000,219,2,5,1,ESM6 P5050
2026-03-24T17:03:31.596546453Z,2026-03-24T17:03:30.930684713Z,1,1,42394740,T,B,0,39.000000000,2,0,11644,846569271,38.500000000,39.000000000,268,2,10,1,ESM6 P5200
2026-03-24T17:03:31.638559483Z,2026-03-24T17:03:30.930761745Z,1,1,42409647,T,B,0,29.750000000,2,0,11709,846570050,29.500000000,29.750000000,162,2,5,1,ESM6 P4950
2026-03-24T17:03:48.048024579Z,2026-03-24T17:03:47.611951637Z,1,1,42372931,T,B,0,35.000000000,2,0,14116,846810830,34.750000000,35.000000000,61,2,1,1,ESM6 P5100
2026-03-24T17:03:48.048042185Z,2026-03-24T17:03:47.611951815Z,1,1,42399612,T,B,0,37.000000000,2,0,10483,846810832,36.500000000,37.000000000,355,2,9,1,ESM6 P5150
2026-03-24T17:04:04.322815572Z,2026-03-24T17:04:03.981530225Z,1,1,2566669,T,A,0,74.000000000,14,0,16384,330618447,74.000000000,74.250000000,39,39,1,1,UD:1V: VT 2566669
2026-03-24T17:04:32.156696881Z,2026-03-24T17:04:31.709314241Z,1,1,42399599,T,A,0,25.500000000,1,0,17677,847462503,25.500000000,26.000000000,48,221,4,7,ESM6 P4800
2026-03-24T17:04:46.502478649Z,2026-03-24T17:04:46.205519883Z,1,1,42372953,T,A,0,110.000000000,1,0,15559,847680939,110.000000000,110.500000000,1,96,1,7,ESM6 C6900
2026-03-24T17:04:46.914019531Z,2026-03-24T17:04:46.612903735Z,1,1,42883176,T,A,0,31.000000000,1,0,14006,847688471,31.000000000,31.250000000,1,155,1,4,ESM6 C7175
2026-03-24T17:04:48.076875999Z,2026-03-24T17:04:47.640967523Z,1,1,42366510,T,A,0,45.500000000,2,0,11451,847709959,45.500000000,45.750000000,2,4,1,2,ESM6 C7100
2026-03-24T17:04:53.661440022Z,2026-03-24T17:04:53.003032757Z,1,1,42429284,T,A,0,348.500000000,3,0,15790,847800948,348.500000000,349.500000000,3,22,1,3,ESU6 P6600
2026-03-24T17:04:57.521967359Z,2026-03-24T17:04:57.340694387Z,1,1,42429284,T,A,0,349.500000000,3,0,16008,847869628,349.500000000,350.000000000,3,12,1,2,ESU6 P6600
2026-03-24T17:05:07.293823766Z,2026-03-24T17:05:05.544543849Z,1,1,42366509,T,A,0,237.000000000,2,0,17459,848024559,237.000000000,238.500000000,2,56,1,3,ESM6 C6650
2026-03-24T17:05:21.291461297Z,2026-03-24T17:05:20.004690507Z,1,1,42919944,T,A,0,140.500000000,2,0,17138,848248806,140.500000000,141.500000000,2,20,1,1,ESM6 C6825
2026-03-24T17:05:36.386570407Z,2026-03-24T17:05:34.878181407Z,1,1,42366509,T,A,0,235.000000000,2,0,15507,848501121,235.000000000,236.000000000,12,2,1,1,ESM6 C6650
2026-03-24T17:05:37.863772622Z,2026-03-24T17:05:36.718079709Z,1,1,42378592,T,A,0,228.500000000,1,0,16643,848526022,228.500000000,230.000000000,1,36,1,5,ESM6 P6500
2026-03-24T17:06:09.174609025Z,2026-03-24T17:06:07.185257841Z,1,1,42883177,T,B,0,18.000000000,2,0,15442,849056117,17.400000000,18.000000000,111,2,3,1,ESM6 C7275
2026-03-24T17:06:09.177652123Z,2026-03-24T17:06:07.185258897Z,1,1,42372979,T,B,0,15.700000000,2,0,15975,849056182,15.200000000,15.700000000,110,2,3,1,ESM6 C7300
2026-03-24T17:06:34.379551780Z,2026-03-24T17:06:33.709856319Z,1,1,42397643,T,B,0,348.500000000,3,0,16416,849454430,347.000000000,348.500000000,63,3,5,1,ESU6 C6700
2026-03-24T17:06:34.570477279Z,2026-03-24T17:06:33.971170959Z,1,1,42372953,T,A,0,109.500000000,1,0,14683,849458534,109.500000000,110.000000000,1,2,1,1,ESM6 C6900
2026-03-24T17:06:38.582425993Z,2026-03-24T17:06:38.369130035Z,1,1,42409640,T,B,0,7.800000000,2,0,13113,849533179,7.700000000,7.800000000,240,2,2,1,ESM6 P3500
2026-03-24T17:06:41.776022736Z,2026-03-24T17:06:41.655501391Z,1,1,42472876,T,B,0,410.500000000,3,0,20157,849588277,409.000000000,410.500000000,32,3,4,1,ESU6 C6600
2026-03-24T17:06:44.580461860Z,2026-03-24T17:06:44.550944873Z,1,1,42384779,T,A,0,260.000000000,1,0,17295,849636473,260.000000000,260.500000000,1,34,1,8,ESM6 P6600
2026-03-24T17:06:46.889151287Z,2026-03-24T17:06:46.883886539Z,1,1,2566104,T,A,0,10.600000000,14,0,15604,331886899,10.600000000,11.000000000,14,161,1,3,UD:1V: GN 2566104
2026-03-24T17:06:49.118701159Z,2026-03-24T17:06:49.043669717Z,1,1,42458397,T,B,0,290.000000000,1,0,13753,849706017,289.000000000,290.000000000,42,1,3,1,ESU6 C6800
2026-03-24T17:06:51.617879485Z,2026-03-24T17:06:51.368321491Z,1,1,42372979,T,B,0,15.800000000,2,0,11167,849745681,15.500000000,15.800000000,2,2,1,1,ESM6 C7300
2026-03-24T17:06:52.935329459Z,2026-03-24T17:06:52.593881821Z,1,1,42377574,T,B,0,476.500000000,3,0,16376,849768204,474.500000000,476.500000000,49,3,3,1,ESU6 C6500
2026-03-24T17:07:07.200864425Z,2026-03-24T17:07:06.554128475Z,1,1,42384724,T,B,0,27.250000000,2,0,15716,850010153,26.750000000,27.250000000,2,2,1,1,ESM6 C7200
2026-03-24T17:07:08.959107204Z,2026-03-24T17:07:08.684631485Z,1,1,42377574,T,B,0,476.500000000,3,0,16910,850044551,474.500000000,476.500000000,57,3,4,1,ESU6 C6500
2026-03-24T17:07:59.441445932Z,2026-03-24T17:07:59.117711165Z,1,1,42366510,T,B,0,45.500000000,2,0,13179,850803013,45.000000000,45.500000000,14,2,5,1,ESM6 C7100
2026-03-24T17:10:11.845713947Z,2026-03-24T17:10:11.099526431Z,1,1,42377574,T,A,0,472.000000000,3,0,10422,852600214,472.000000000,473.500000000,3,3,1,1,ESU6 C6500
2026-03-24T17:10:13.038749444Z,2026-03-24T17:10:12.218900545Z,1,1,42456919,T,B,0,11.300000000,74,0,11496,852620338,11.100000000,11.300000000,223,150,3,3,ESM6 P3850
2026-03-24T17:10:17.753149270Z,2026-03-24T17:10:17.568672711Z,1,1,2545541,T,A,0,87.000000000,39,0,14403,333252035,87.000000000,87.250000000,39,293,1,5,UD:1V: VT 2545541
2026-03-24T17:10:17.826752409Z,2026-03-24T17:10:17.568702975Z,1,1,42384779,T,B,0,264.500000000,1,0,12998,852704560,263.500000000,264.500000000,82,1,5,1,ESM6 P6600
2026-03-24T17:10:39.598783279Z,2026-03-24T17:10:39.351868003Z,1,1,2545533,T,A,0,98.750000000,67,0,16128,333408292,98.750000000,99.250000000,67,209,1,6,UD:1V: VT 2545533
2026-03-24T17:11:39.729666939Z,2026-03-24T17:11:39.669647203Z,1,1,42384779,T,A,0,261.000000000,3,0,17004,853837510,261.000000000,261.500000000,3,48,1,3,ESM6 P6600
2026-03-24T17:12:30.107198300Z,2026-03-24T17:12:30.041113565Z,1,1,42384779,T,A,0,262.000000000,1,0,12784,854419429,262.000000000,262.500000000,1,23,1,3,ESM6 P6600
2026-03-24T17:12:30.902004356Z,2026-03-24T17:12:30.901468285Z,1,1,42378592,T,A,0,228.000000000,16,0,13610,854427325,228.000000000,228.500000000,16,37,1,7,ESM6 P6500
2026-03-24T17:12:32.364886132Z,2026-03-24T17:12:32.357893399Z,1,1,42378592,T,B,0,228.000000000,18,0,16318,854441675,227.000000000,228.000000000,94,18,7,1,ESM6 P6500
2026-03-24T17:12:34.557067550Z,2026-03-24T17:12:34.556328937Z,1,1,42378592,T,A,0,228.000000000,15,0,13422,854463101,228.000000000,228.500000000,15,90,1,8,ESM6 P6500
2026-03-24T17:12:36.168289095Z,2026-03-24T17:12:36.167789301Z,1,1,42378592,T,A,0,228.000000000,15,0,14008,854479486,228.000000000,228.500000000,19,112,1,9,ESM6 P6500
2026-03-24T17:12:36.168709687Z,2026-03-24T17:12:36.168267245Z,1,1,42378592,T,A,0,228.000000000,4,0,18196,854479488,228.000000000,228.500000000,4,112,1,9,ESM6 P6500
2026-03-24T17:12:37.720847124Z,2026-03-24T17:12:37.720317991Z,1,1,42378592,T,A,0,228.000000000,25,0,16951,854487432,228.000000000,228.500000000,25,112,1,9,ESM6 P6500
2026-03-24T17:12:39.371062030Z,2026-03-24T17:12:39.364051771Z,1,1,42378592,T,B,0,228.000000000,18,0,20851,854505977,227.000000000,228.000000000,129,18,8,1,ESM6 P6500
2026-03-24T17:12:42.390160755Z,2026-03-24T17:12:42.334772803Z,1,1,42378592,T,A,0,228.000000000,13,0,13630,854547105,228.000000000,228.500000000,19,68,1,6,ESM6 P6500
2026-03-24T17:12:42.417559434Z,2026-03-24T17:12:42.338988031Z,1,1,42378592,T,A,0,228.000000000,6,0,16791,854547544,228.000000000,228.500000000,6,68,1,6,ESM6 P6500
2026-03-24T17:12:53.959757592Z,2026-03-24T17:12:53.325818523Z,1,1,42394731,T,B,0,32.500000000,1,0,13093,854704709,32.250000000,32.500000000,99,1,1,1,ESM6 P5000
2026-03-24T17:12:54.148933760Z,2026-03-24T17:12:53.363885055Z,1,1,42506296,T,A,0,539.000000000,11,0,16395,854707423,539.000000000,541.000000000,11,3,2,1,ESU6 C6400
2026-03-24T17:13:06.588096977Z,2026-03-24T17:13:06.498554191Z,1,1,42384779,T,B,0,265.000000000,1,0,14734,854884147,264.000000000,265.000000000,64,1,8,1,ESM6 P6600
2026-03-24T17:13:10.940513103Z,2026-03-24T17:13:10.906875547Z,1,1,42378592,T,B,0,230.500000000,22,0,17419,854931381,230.000000000,230.500000000,29,22,1,3,ESM6 P6500
2026-03-24T17:13:10.940513103Z,2026-03-24T17:13:10.906875547Z,1,1,42378592,T,B,0,231.000000000,7,0,17419,854931381,230.000000000,230.500000000,29,22,1,3,ESM6 P6500
2026-03-24T17:13:54.639203161Z,2026-03-24T17:13:54.591939919Z,1,1,42458397,T,A,0,289.000000000,1,0,11385,855481811,289.000000000,290.000000000,1,42,1,5,ESU6 C6800
2026-03-24T17:13:56.028344189Z,2026-03-24T17:13:56.017179631Z,1,1,2554987,T,B,0,38.250000000,2,0,13259,334493182,38.000000000,38.250000000,156,2,4,1,UD:1V: VT 2554987
2026-03-24T17:14:01.944603083Z,2026-03-24T17:14:01.944061669Z,1,1,42404374,T,A,0,465.500000000,10,0,16667,855582078,465.500000000,466.000000000,10,4,1,2,ESM6 P7000
2026-03-24T17:14:11.204507115Z,2026-03-24T17:14:11.202693275Z,1,1,42409642,T,B,0,34.250000000,2,0,16713,855685750,33.750000000,34.250000000,251,2,7,1,ESM6 P5050
2026-03-24T17:14:49.579323959Z,2026-03-24T17:14:49.537768285Z,1,1,42409648,T,B,0,208.500000000,30,0,16720,856049999,208.000000000,208.500000000,17,47,1,6,ESM6 C6700
2026-03-24T17:14:49.649441011Z,2026-03-24T17:14:49.537768685Z,1,1,42426302,T,B,0,89.750000000,6,0,14398,856051405,89.250000000,89.750000000,30,6,3,1,ESM6 C6950
2026-03-24T17:14:49.655411670Z,2026-03-24T17:14:49.537774657Z,1,1,42783702,T,B,0,284.000000000,2,0,11469,856051509,283.000000000,284.000000000,74,2,5,1,ESM6 C6575
2026-03-24T17:14:49.856175387Z,2026-03-24T17:14:49.717466505Z,1,1,2554987,T,B,0,38.250000000,2,0,13322,334715377,38.000000000,38.250000000,253,2,5,1,UD:1V: VT 2554987
2026-03-24T17:14:50.063179617Z,2026-03-24T17:14:49.949504981Z,1,1,2565931,T,B,0,6.900000000,2,0,11174,334717234,6.700000000,6.900000000,865,2,6,1,UD:1V: VT 2565931
2026-03-24T17:15:17.470985947Z,2026-03-24T17:15:17.462675153Z,1,1,42760602,T,B,0,253.000000000,3,0,13948,856372012,252.500000000,253.000000000,6,3,2,1,ESM6 C6625
2026-03-24T17:15:45.041200707Z,2026-03-24T17:15:44.861374047Z,1,1,42399706,T,B,0,302.000000000,1,0,13975,856716060,301.500000000,302.000000000,8,1,3,1,ESM6 P6700
2026-03-24T17:15:57.700535151Z,2026-03-24T17:15:57.508949393Z,1,1,2554987,T,B,0,38.250000000,2,0,11246,335046298,38.000000000,38.250000000,258,2,6,1,UD:1V: VT 2554987
2026-03-24T17:16:20.140899739Z,2026-03-24T17:16:20.121344783Z,1,1,42404374,T,B,0,467.000000000,5,0,13838,857096358,466.000000000,467.000000000,3,5,1,1,ESM6 P7000
2026-03-24T17:16:20.309587871Z,2026-03-24T17:16:20.203709213Z,1,1,42409642,T,B,0,34.250000000,2,0,17890,857099024,34.000000000,34.250000000,90,2,5,1,ESM6 P5050
2026-03-24T17:16:23.000028374Z,2026-03-24T17:16:22.876098139Z,1,1,42399612,T,B,0,38.250000000,2,0,11606,857125182,37.750000000,38.250000000,345,2,9,1,ESM6 P5150
2026-03-24T17:16:24.965799121Z,2026-03-24T17:16:23.910087971Z,1,1,42372931,T,B,0,36.250000000,2,0,15691,857147322,35.750000000,36.250000000,332,2,8,1,ESM6 P5100
2026-03-24T17:16:50.166645536Z,2026-03-24T17:16:49.646892613Z,1,1,42760604,T,A,0,68.000000000,2,0,12479,857429922,68.000000000,68.250000000,2,36,1,1,ESM6 P5625
2026-03-24T17:17:04.672491001Z,2026-03-24T17:17:04.622203129Z,1,1,42804677,T,B,0,99.250000000,2,0,17950,857577942,98.500000000,99.250000000,112,2,5,1,ESM6 C6925
2026-03-24T17:17:28.576828161Z,2026-03-24T17:17:28.564060509Z,1,1,42439343,T,A,0,113.500000000,1,0,13683,857850964,113.500000000,114.500000000,3,200,1,6,ESU6 P5500
2026-03-24T17:17:37.120256427Z,2026-03-24T17:17:37.107535357Z,1,1,2572825,T,B,0,16.600000000,1,0,13898,335514978,16.500000000,16.600000000,399,25,1,1,UD:1V: VT 2572825
2026-03-24T17:17:55.631034756Z,2026-03-24T17:17:55.504088307Z,1,1,2554987,T,B,0,38.500000000,2,0,12261,335595433,38.250000000,38.500000000,374,2,7,1,UD:1V: VT 2554987
2026-03-24T17:18:22.426740494Z,2026-03-24T17:18:22.386097613Z,1,1,42760604,T,A,0,68.000000000,2,0,15582,858449839,68.000000000,68.500000000,2,177,1,7,ESM6 P5625
2026-03-24T17:18:23.707994791Z,2026-03-24T17:18:23.589952851Z,1,1,148805,T,A,0,133.500000000,3,0,16745,858467755,133.500000000,135.000000000,3,248,1,5,ESZ6 P5300
2026-03-24T17:19:10.539090743Z,2026-03-24T17:19:10.449547075Z,1,1,148805,T,A,0,133.500000000,3,0,14196,858960162,133.500000000,134.500000000,3,151,1,2,ESZ6 P5300
2026-03-24T17:19:10.708209931Z,2026-03-24T17:19:10.458367809Z,1,1,42458378,T,A,0,108.000000000,1,0,14242,858963335,108.000000000,109.000000000,10,202,1,6,ESU6 P5450
2026-03-24T17:20:09.927633881Z,2026-03-24T17:20:09.884351389Z,1,1,2554987,T,B,0,38.500000000,2,0,18082,336178146,38.250000000,38.500000000,387,2,7,1,UD:1V: VT 2554987
2026-03-24T17:20:10.128246624Z,2026-03-24T17:20:10.116712145Z,1,1,42506296,T,A,0,540.000000000,13,0,13296,859533205,540.000000000,541.500000000,13,13,2,3,ESU6 C6400
2026-03-24T17:20:11.137402863Z,2026-03-24T17:20:10.897017583Z,1,1,2572908,T,A,0,38.000000000,10,0,12936,336187017,38.000000000,38.250000000,10,77,1,2,UD:1V: DG 2572908
2026-03-24T17:20:29.111748236Z,2026-03-24T17:20:29.011083447Z,1,1,2572951,T,A,0,1.950000000,1,0,13058,336277314,1.950000000,2.050000000,1,71,1,1,UD:1V: GN 2572951
2026-03-24T17:21:01.207517641Z,2026-03-24T17:21:01.055787157Z,1,1,42409658,T,A,0,61.250000000,2,0,16592,860153845,61.250000000,61.500000000,2,74,1,4,ESM6 P5550
2026-03-24T17:21:04.104410753Z,2026-03-24T17:21:03.876926807Z,1,1,42399655,T,A,0,69.500000000,2,0,15802,860202191,69.500000000,69.750000000,2,6,1,1,ESM6 P5650
2026-03-24T17:21:06.107865203Z,2026-03-24T17:21:06.051754395Z,1,1,42760604,T,B,0,67.500000000,6,0,16564,860235020,67.250000000,67.500000000,6,6,3,1,ESM6 P5625
2026-03-24T17:21:34.040760889Z,2026-03-24T17:21:33.801642055Z,1,1,42372949,T,A,0,155.000000000,1,0,15289,860560974,155.000000000,155.500000000,1,59,1,6,ESM6 C6800
2026-03-24T17:23:02.701544823Z,2026-03-24T17:23:02.079698733Z,1,1,2696200,T,A,0,132.500000000,1,0,17032,337076042,132.500000000,133.000000000,1,37,1,2,UD:1V: VT 2696200
2026-03-24T17:24:00.536619180Z,2026-03-24T17:24:00.506138905Z,1,1,2572951,T,A,0,1.900000000,1,0,13359,337352614,1.900000000,2.400000000,1,47,1,3,UD:1V: GN 2572951
2026-03-24T17:25:06.291762551Z,2026-03-24T17:25:06.034974725Z,1,1,2564395,T,A,0,1.850000000,11,0,20814,337677220,1.850000000,2.000000000,11,43,2,3,UD:1V: GN 2564395
2026-03-24T17:25:11.681277793Z,2026-03-24T17:25:11.652275727Z,1,1,42366512,T,A,0,74.500000000,2,0,14393,862811891,74.500000000,74.750000000,2,5,1,1,ESM6 P5700
2026-03-24T17:25:11.894923569Z,2026-03-24T17:25:11.883456717Z,1,1,42366512,T,A,0,74.500000000,2,0,16199,862814266,74.500000000,74.750000000,2,10,1,2,ESM6 P5700
2026-03-24T17:25:18.226922887Z,2026-03-24T17:25:17.962671471Z,1,1,42416106,T,A,0,7.000000000,2,0,13890,862880577,7.000000000,7.300000000,2,181,1,5,ESM6 C7450
2026-03-24T17:25:24.712004345Z,2026-03-24T17:25:24.146325595Z,1,1,42919944,T,B,0,142.500000000,2,0,16143,862934595,142.000000000,142.500000000,23,2,2,1,ESM6 C6825
2026-03-24T17:26:43.722691291Z,2026-03-24T17:26:42.901461531Z,1,1,2546979,T,B,0,17.200000000,40,0,16114,338113689,17.000000000,17.200000000,886,40,4,1,UD:1V: VT 2546979
2026-03-24T17:27:59.992723764Z,2026-03-24T17:27:59.729923991Z,1,1,42377574,T,A,0,474.000000000,9,0,14054,864453204,474.000000000,475.000000000,9,3,1,1,ESU6 C6500
2026-03-24T17:29:10.453616503Z,2026-03-24T17:29:10.453088553Z,1,1,42409696,T,A,0,3.600000000,1,0,16526,865166586,3.600000000,3.700000000,1,424,1,6,ESM6 P2800
2026-03-24T17:29:38.496185465Z,2026-03-24T17:29:38.475508247Z,1,1,2566669,T,A,0,74.500000000,19,0,12848,338961535,74.500000000,74.750000000,39,39,1,1,UD:1V: VT 2566669
2026-03-24T17:29:45.113042479Z,2026-03-24T17:29:45.112758997Z,1,1,42378449,T,B,0,112.000000000,1,0,14325,865463217,111.500000000,112.000000000,87,1,8,1,ESM6 P6000
2026-03-24T17:30:08.977969965Z,2026-03-24T17:30:08.911144185Z,1,1,42627610,T,A,0,3.000000000,1,0,14677,865704449,3.000000000,3.050000000,1,225,1,4,ESM6 C7650
2026-03-24T17:30:10.802119543Z,2026-03-24T17:30:10.386944771Z,1,1,42384779,T,A,0,260.000000000,3,0,14205,865724294,260.000000000,260.500000000,3,34,1,2,ESM6 P6600
2026-03-24T17:30:13.973016588Z,2026-03-24T17:30:13.955578503Z,1,1,2557348,T,A,0,99.500000000,39,0,13905,339130637,99.500000000,99.750000000,39,222,1,1,UD:1V: VT 2557348
2026-03-24T17:30:27.612832229Z,2026-03-24T17:30:26.957376701Z,1,1,2569354,T,B,0,15.200000000,3,0,15620,339201685,15.100000000,15.200000000,737,3,5,1,UD:1V: VT 2569354
2026-03-24T17:30:27.654421243Z,2026-03-24T17:30:27.037888597Z,1,1,42378217,T,A,0,4.550000000,1,0,13796,865911690,4.550000000,4.600000000,1,191,1,2,ESM6 P3000
2026-03-24T17:30:35.677520198Z,2026-03-24T17:30:35.624767637Z,1,1,42760602,T,B,0,255.000000000,3,0,13717,866027689,254.500000000,255.000000000,18,3,5,1,ESM6 C6625
2026-03-24T17:30:37.647833286Z,2026-03-24T17:30:37.182637157Z,1,1,42836581,T,B,0,115.000000000,2,0,16405,866051519,114.500000000,115.000000000,6,2,2,1,ESM6 P6025
2026-03-24T17:30:40.204435807Z,2026-03-24T17:30:39.801356587Z,1,1,42372983,T,B,0,119.000000000,2,0,11519,866093819,118.500000000,119.000000000,6,2,2,1,ESM6 P6050
2026-03-24T17:30:40.206962030Z,2026-03-24T17:30:39.801357255Z,1,1,42378541,T,B,0,169.500000000,2,0,11676,866093882,169.000000000,169.500000000,3,2,1,1,ESM6 P6300
2026-03-24T17:30:42.523872666Z,2026-03-24T17:30:42.421099131Z,1,1,42372983,T,B,0,119.000000000,2,0,13305,866121609,118.500000000,119.000000000,33,2,2,1,ESM6 P6050
2026-03-24T17:30:42.826911934Z,2026-03-24T17:30:42.610657443Z,1,1,2566669,T,A,0,74.250000000,19,0,13613,339314265,74.250000000,74.500000000,39,39,1,1,UD:1V: VT 2566669
2026-03-24T17:30:51.007188752Z,2026-03-24T17:30:50.971903159Z,1,1,42378217,T,A,0,4.500000000,1,0,12780,866235790,4.500000000,4.550000000,1,166,1,1,ESM6 P3000
2026-03-24T17:30:59.609784849Z,2026-03-24T17:30:59.594797601Z,1,1,42396443,T,B,0,133.000000000,2,0,17464,866354789,132.000000000,133.000000000,113,23,7,2,ESM6 C6850
2026-03-24T17:30:59.733866844Z,2026-03-24T17:30:59.672204545Z,1,1,42404374,T,B,0,457.500000000,1,0,13989,866357355,456.000000000,457.500000000,1,1,1,1,ESM6 P7000
2026-03-24T17:30:59.820143206Z,2026-03-24T17:30:59.758206627Z,1,1,2566104,T,A,0,10.500000000,2,0,13303,339427606,10.500000000,10.800000000,2,42,1,4,UD:1V: GN 2566104
2026-03-24T17:31:01.097559797Z,2026-03-24T17:31:01.088903249Z,1,1,2566185,T,A,0,49.000000000,27,0,13668,339436578,49.000000000,49.250000000,27,285,1,5,UD:1V: VT 2566185
2026-03-24T17:31:01.342905153Z,2026-03-24T17:31:01.335539517Z,1,1,42396443,T,B,0,133.000000000,5,0,15106,866377611,132.500000000,133.000000000,64,5,3,1,ESM6 C6850
2026-03-24T17:31:03.233701276Z,2026-03-24T17:31:03.121567365Z,1,1,2554987,T,B,0,37.500000000,2,0,16721,339449261,37.250000000,37.500000000,275,2,5,1,UD:1V: VT 2554987
2026-03-24T17:31:12.865864941Z,2026-03-24T17:31:12.786675913Z,1,1,2554987,T,B,0,37.500000000,2,0,16219,339487754,37.250000000,37.500000000,438,2,8,1,UD:1V: VT 2554987
2026-03-24T17:31:25.983514670Z,2026-03-24T17:31:25.903849789Z,1,1,42409696,T,A,0,3.550000000,1,0,16709,866612162,3.550000000,3.650000000,1,516,1,7,ESM6 P2800
2026-03-24T17:31:28.335742160Z,2026-03-24T17:31:28.275133489Z,1,1,2554987,T,B,0,37.500000000,2,0,16431,339560443,37.250000000,37.500000000,281,2,6,1,UD:1V: VT 2554987
2026-03-24T17:31:28.921968627Z,2026-03-24T17:31:28.533247039Z,1,1,2553485,T,B,0,36.250000000,2,0,18198,339565764,36.000000000,36.250000000,153,2,4,1,UD:1V: VT 2553485
2026-03-24T17:32:11.932274371Z,2026-03-24T17:32:11.795493945Z,1,1,2554987,T,B,0,37.500000000,2,0,13977,339785395,37.250000000,37.500000000,318,2,7,1,UD:1V: VT 2554987
2026-03-24T17:32:16.384483791Z,2026-03-24T17:32:16.205999757Z,1,1,42409696,T,A,0,3.550000000,1,0,13885,867140937,3.550000000,3.650000000,1,270,1,5,ESM6 P2800
2026-03-24T17:32:44.285906497Z,2026-03-24T17:32:44.117706165Z,1,1,2566669,T,A,0,74.250000000,14,0,14079,339931616,74.250000000,74.500000000,39,296,1,2,UD:1V: VT 2566669
2026-03-24T17:33:12.795718483Z,2026-03-24T17:33:12.727995381Z,1,1,2566185,T,B,0,49.250000000,2,0,15301,340089613,49.000000000,49.250000000,188,2,4,1,UD:1V: VT 2566185
2026-03-24T17:33:29.696137873Z,2026-03-24T17:33:29.640496139Z,1,1,2554987,T,B,0,37.750000000,2,0,12897,340174661,37.500000000,37.750000000,261,2,6,1,UD:1V: VT 2554987
2026-03-24T17:33:30.063754899Z,2026-03-24T17:33:29.738078025Z,1,1,42399612,T,B,0,37.500000000,2,0,14468,867878745,37.250000000,37.500000000,16,2,2,1,ESM6 P5150
2026-03-24T17:33:32.267979278Z,2026-03-24T17:33:31.305278099Z,1,1,2566669,T,A,0,74.500000000,20,0,13152,340191485,74.500000000,74.750000000,39,39,1,1,UD:1V: VT 2566669
2026-03-24T17:33:43.167420225Z,2026-03-24T17:33:42.975222281Z,1,1,42384779,T,B,0,262.000000000,14,0,13019,868053889,261.000000000,262.000000000,2,31,1,1,ESM6 P6600
2026-03-24T17:33:43.181365513Z,2026-03-24T17:33:42.975502531Z,1,1,42853804,T,B,0,291.000000000,2,0,11308,868054174,289.500000000,291.000000000,4,2,2,1,ESM6 P6675
2026-03-24T17:33:46.678639835Z,2026-03-24T17:33:46.365860713Z,1,1,42836578,T,B,0,80.750000000,29,0,11566,868091605,80.000000000,80.750000000,63,29,5,2,ESM6 C6975
2026-03-24T17:33:55.338234998Z,2026-03-24T17:33:55.077757105Z,1,1,2571966,T,B,0,11.600000000,2,0,13562,340340970,11.400000000,11.600000000,32,2,3,1,UD:1V: GN 2571966
2026-03-24T17:33:56.081042667Z,2026-03-24T17:33:55.780324835Z,1,1,2547677,T,B,0,56.000000000,2,0,13628,340347665,55.750000000,56.000000000,108,2,3,1,UD:1V: VT 2547677
2026-03-24T17:34:17.179506688Z,2026-03-24T17:34:17.178897661Z,1,1,2547677,T,B,0,56.000000000,2,0,14897,340468079,55.750000000,56.000000000,292,2,6,1,UD:1V: VT 2547677
2026-03-24T17:34:21.819326966Z,2026-03-24T17:34:21.620404979Z,1,1,42372969,T,B,0,72.000000000,5,0,14293,868488603,71.750000000,72.000000000,5,28,2,1,ESM6 C7000
2026-03-24T17:34:31.318076156Z,2026-03-24T17:34:31.313500695Z,1,1,42372969,T,B,0,72.000000000,4,0,10796,868573643,71.500000000,72.000000000,121,28,7,1,ESM6 C7000
2026-03-24T17:34:37.583534039Z,2026-03-24T17:34:37.582926609Z,1,1,2573428,T,A,0,-19.400000000,3,0,16961,340558885,-19.400000000,-19.300000000,3,3,1,2,UD:1V: GN 2573428
2026-03-24T17:35:11.417659864Z,2026-03-24T17:35:11.402313063Z,1,1,2573311,T,A,0,-0.450000000,120,0,13387,340717019,-0.450000000,-0.350000000,120,19,1,2,UD:1V: 12 2573311
2026-03-24T17:35:12.445221575Z,2026-03-24T17:35:12.404112959Z,1,1,42378592,T,B,0,228.500000000,44,0,16573,869003691,227.500000000,228.500000000,95,44,9,4,ESM6 P6500
2026-03-24T17:35:12.445221575Z,2026-03-24T17:35:12.404112959Z,1,1,42378592,T,B,0,229.000000000,56,0,16573,869003691,227.500000000,228.500000000,95,44,9,4,ESM6 P6500
2026-03-24T17:35:12.515762086Z,2026-03-24T17:35:12.445077245Z,1,1,42378592,T,A,0,229.000000000,81,0,11396,869005133,229.000000000,229.500000000,100,44,1,4,ESM6 P6500
2026-03-24T17:35:12.515844948Z,2026-03-24T17:35:12.445092853Z,1,1,42378592,T,A,0,229.000000000,19,0,12721,869005135,229.000000000,229.500000000,19,44,1,4,ESM6 P6500
2026-03-24T17:35:26.871338449Z,2026-03-24T17:35:26.870694005Z,1,1,2573396,T,B,0,1.050000000,2,0,14324,340765989,1.000000000,1.050000000,50,2,1,1,UD:1V: BO 2573396
2026-03-24T17:35:26.871835876Z,2026-03-24T17:35:26.871354957Z,1,1,2573396,T,A,0,1.050000000,48,0,10462,340765991,1.050000000,1.100000000,48,2336,1,3,UD:1V: BO 2573396
2026-03-24T17:35:28.576256180Z,2026-03-24T17:35:28.309065219Z,1,1,42394754,T,A,0,149.500000000,119,0,17506,869128586,149.500000000,150.500000000,119,45,8,6,ESM6 P6200
2026-03-24T17:35:28.723723492Z,2026-03-24T17:35:28.576155743Z,1,1,42394754,T,B,0,149.500000000,81,0,16241,869131929,149.000000000,149.500000000,2,81,1,1,ESM6 P6200
2026-03-24T17:35:29.563985555Z,2026-03-24T17:35:29.530417107Z,1,1,2545887,T,B,0,30.000000000,2,0,12944,340777172,29.750000000,30.000000000,309,2,4,1,UD:1V: VT 2545887
2026-03-24T17:35:29.679996243Z,2026-03-24T17:35:29.558053623Z,1,1,42372983,T,B,0,121.500000000,85,0,15681,869144292,120.500000000,121.500000000,137,86,7,2,ESM6 P6050
2026-03-24T17:35:30.107916067Z,2026-03-24T17:35:29.702479831Z,1,1,2566669,T,A,0,74.750000000,27,0,16629,340780868,74.750000000,75.000000000,39,239,1,2,UD:1V: VT 2566669
2026-03-24T17:35:30.168173792Z,2026-03-24T17:35:29.719081767Z,1,1,2559939,T,B,0,24.500000000,2,0,12149,340781501,24.250000000,24.500000000,310,2,4,1,UD:1V: VT 2559939
2026-03-24T17:35:33.279170046Z,2026-03-24T17:35:32.811369327Z,1,1,42372983,T,B,0,122.000000000,2,0,11888,869200249,121.500000000,122.000000000,29,2,1,1,ESM6 P6050
2026-03-24T17:35:46.718412915Z,2026-03-24T17:35:46.291903205Z,1,1,42384779,T,A,0,263.000000000,3,0,11395,869336142,263.000000000,263.500000000,3,32,1,5,ESM6 P6600
2026-03-24T17:35:56.915670347Z,2026-03-24T17:35:56.898552631Z,1,1,42378449,T,A,0,113.000000000,11,0,13552,869429112,113.000000000,113.500000000,36,120,1,9,ESM6 P6000
2026-03-24T17:35:57.221730972Z,2026-03-24T17:35:57.155775767Z,1,1,42378449,T,A,0,113.000000000,30,0,17455,869431433,113.000000000,113.500000000,25,120,1,9,ESM6 P6000
2026-03-24T17:35:57.256982155Z,2026-03-24T17:35:57.155914859Z,1,1,42378449,T,A,0,113.000000000,2,0,10609,869431960,113.000000000,113.500000000,31,90,1,8,ESM6 P6000
2026-03-24T17:35:57.774635639Z,2026-03-24T17:35:57.733480585Z,1,1,42378449,T,A,0,113.000000000,30,0,16158,869439405,113.000000000,113.500000000,29,120,1,9,ESM6 P6000
2026-03-24T17:35:57.849893604Z,2026-03-24T17:35:57.849382905Z,1,1,42409666,T,B,0,85.500000000,200,0,13953,869440638,85.250000000,85.500000000,22,200,5,1,ESM6 P5800
2026-03-24T17:35:58.129009566Z,2026-03-24T17:35:58.100451453Z,1,1,42378449,T,A,0,113.000000000,11,0,14072,869442159,113.000000000,113.500000000,35,122,1,8,ESM6 P6000
2026-03-24T17:35:58.154628343Z,2026-03-24T17:35:58.100802643Z,1,1,42378449,T,A,0,113.000000000,6,0,14379,869442557,113.000000000,113.500000000,24,122,1,8,ESM6 P6000
2026-03-24T17:35:58.245938817Z,2026-03-24T17:35:58.112227437Z,1,1,42378449,T,A,0,113.000000000,35,0,14178,869444056,113.000000000,113.500000000,18,122,1,8,ESM6 P6000
2026-03-24T17:35:58.269481013Z,2026-03-24T17:35:58.119432393Z,1,1,42378449,T,A,0,113.000000000,2,0,14292,869444409,113.000000000,113.500000000,19,122,1,8,ESM6 P6000
2026-03-24T17:35:58.360616258Z,2026-03-24T17:35:58.122466731Z,1,1,42378449,T,A,0,113.000000000,7,0,15680,869445867,113.000000000,113.500000000,17,118,1,7,ESM6 P6000
2026-03-24T17:35:58.364188711Z,2026-03-24T17:35:58.122528893Z,1,1,42378449,T,A,0,113.000000000,3,0,11337,869445983,113.000000000,113.500000000,10,118,1,7,ESM6 P6000
2026-03-24T17:35:58.386612604Z,2026-03-24T17:35:58.124638473Z,1,1,42378449,T,A,0,113.000000000,13,0,15873,869446653,113.000000000,113.500000000,7,115,1,6,ESM6 P6000
2026-03-24T17:35:58.400974895Z,2026-03-24T17:35:58.133415007Z,1,1,42378449,T,A,0,113.000000000,1,0,13251,869446834,113.000000000,113.500000000,30,115,1,6,ESM6 P6000
2026-03-24T17:35:58.539910404Z,2026-03-24T17:35:58.348071355Z,1,1,42378449,T,A,0,113.000000000,6,0,13019,869449252,113.000000000,113.500000000,29,115,1,6,ESM6 P6000
2026-03-24T17:36:12.526918069Z,2026-03-24T17:36:12.432966027Z,1,1,42378449,T,A,0,113.000000000,1,0,15324,869557294,113.000000000,113.500000000,23,213,1,11,ESM6 P6000
2026-03-24T17:36:12.771012193Z,2026-03-24T17:36:12.515116139Z,1,1,42378449,T,A,0,113.000000000,22,0,11238,869561495,113.000000000,113.500000000,22,209,1,10,ESM6 P6000
2026-03-24T17:36:12.784070699Z,2026-03-24T17:36:12.519575477Z,1,1,42378449,T,A,0,113.000000000,13,0,11261,869561966,113.000000000,113.500000000,36,209,1,10,ESM6 P6000
2026-03-24T17:36:12.800714079Z,2026-03-24T17:36:12.530613771Z,1,1,42378449,T,A,0,113.000000000,4,0,11689,869562401,113.000000000,113.500000000,23,209,1,10,ESM6 P6000
2026-03-24T17:36:12.806153885Z,2026-03-24T17:36:12.535070653Z,1,1,42378449,T,A,0,113.000000000,1,0,11593,869562509,113.000000000,113.500000000,19,209,1,10,ESM6 P6000
2026-03-24T17:36:12.860175604Z,2026-03-24T17:36:12.542122599Z,1,1,42378449,T,A,0,113.000000000,2,0,11391,869563483,113.000000000,113.500000000,18,209,1,10,ESM6 P6000
2026-03-24T17:36:13.135814662Z,2026-03-24T17:36:13.070341639Z,1,1,42378449,T,A,0,113.000000000,30,0,17541,869569173,113.000000000,113.500000000,16,213,1,11,ESM6 P6000
2026-03-24T17:36:13.525103236Z,2026-03-24T17:36:13.523475587Z,1,1,42378449,T,A,0,113.000000000,1,0,12913,869574276,113.000000000,113.500000000,22,213,1,11,ESM6 P6000
2026-03-24T17:36:14.135698035Z,2026-03-24T17:36:14.074777505Z,1,1,42378449,T,A,0,113.000000000,30,0,18050,869580112,113.000000000,113.500000000,21,213,1,11,ESM6 P6000
2026-03-24T17:36:15.218656503Z,2026-03-24T17:36:15.159840657Z,1,1,42378449,T,A,0,113.000000000,6,0,13386,869591501,113.000000000,113.500000000,27,143,1,9,ESM6 P6000
2026-03-24T17:36:15.562342324Z,2026-03-24T17:36:15.411114221Z,1,1,42378449,T,A,0,113.000000000,6,0,11173,869597908,113.000000000,113.500000000,21,108,1,7,ESM6 P6000
2026-03-24T17:36:15.728950204Z,2026-03-24T17:36:15.589066915Z,1,1,42378449,T,A,0,113.000000000,30,0,13970,869601291,113.000000000,113.500000000,15,196,1,9,ESM6 P6000
2026-03-24T17:36:16.326112385Z,2026-03-24T17:36:16.286149533Z,1,1,42378449,T,A,0,113.000000000,30,0,14131,869610185,113.000000000,113.500000000,21,160,1,8,ESM6 P6000
2026-03-24T17:36:24.479582255Z,2026-03-24T17:36:24.461013635Z,1,1,42378449,T,A,0,113.000000000,14,0,15390,869677649,113.000000000,113.500000000,27,226,1,11,ESM6 P6000
2026-03-24T17:36:25.647336011Z,2026-03-24T17:36:25.536494373Z,1,1,42378449,T,A,0,113.000000000,153,0,12969,869686429,113.000000000,113.500000000,13,226,1,11,ESM6 P6000
2026-03-24T17:36:26.502575943Z,2026-03-24T17:36:26.497182253Z,1,1,42378449,T,A,0,113.000000000,500,0,14697,869696613,113.000000000,113.500000000,4,237,1,11,ESM6 P6000
2026-03-24T17:36:26.790922255Z,2026-03-24T17:36:26.584070107Z,1,1,42378449,T,A,0,113.000000000,4,0,14381,869700457,113.000000000,113.500000000,8,191,1,8,ESM6 P6000
2026-03-24T17:36:27.204865198Z,2026-03-24T17:36:26.857930529Z,1,1,42760602,T,B,0,252.500000000,3,0,13893,869705011,252.000000000,252.500000000,16,3,4,1,ESM6 C6625
2026-03-24T17:36:27.207288611Z,2026-03-24T17:36:26.857971657Z,1,1,42378449,T,A,0,113.000000000,14,0,11905,869705051,113.000000000,113.500000000,4,221,1,9,ESM6 P6000
2026-03-24T17:36:27.247690331Z,2026-03-24T17:36:26.858386435Z,1,1,42378449,T,A,0,113.000000000,30,0,14535,869705612,113.000000000,113.500000000,26,221,1,9,ESM6 P6000
2026-03-24T17:36:27.296466652Z,2026-03-24T17:36:26.867774005Z,1,1,42378449,T,A,0,113.000000000,2,0,13542,869706442,113.000000000,113.500000000,32,191,1,8,ESM6 P6000
2026-03-24T17:36:27.320700780Z,2026-03-24T17:36:26.907757555Z,1,1,42378449,T,A,0,113.000000000,6,0,15766,869706759,113.000000000,113.500000000,30,191,1,8,ESM6 P6000
2026-03-24T17:36:27.467769715Z,2026-03-24T17:36:26.926408237Z,1,1,42378449,T,A,0,113.000000000,4,0,14640,869709232,113.000000000,113.500000000,24,191,1,8,ESM6 P6000
2026-03-24T17:36:27.500877119Z,2026-03-24T17:36:26.931028865Z,1,1,42378449,T,A,0,113.000000000,3,0,13192,869709837,113.000000000,113.500000000,20,191,1,8,ESM6 P6000
2026-03-24T17:36:27.525143807Z,2026-03-24T17:36:26.932430567Z,1,1,42378449,T,A,0,113.000000000,8,0,13177,869710311,113.000000000,113.500000000,17,188,1,7,ESM6 P6000
2026-03-24T17:36:27.600594659Z,2026-03-24T17:36:26.956753251Z,1,1,42378449,T,A,0,113.000000000,7,0,18102,869711353,113.000000000,113.500000000,9,207,1,9,ESM6 P6000
2026-03-24T17:36:27.642464966Z,2026-03-24T17:36:26.958217285Z,1,1,42378449,T,A,0,113.000000000,8,0,11579,869712118,113.000000000,113.500000000,2,194,1,8,ESM6 P6000
2026-03-24T17:36:27.707416646Z,2026-03-24T17:36:26.968603629Z,1,1,42378449,T,A,0,113.000000000,3,0,14879,869713165,113.000000000,113.500000000,30,194,1,8,ESM6 P6000
2026-03-24T17:36:27.813338073Z,2026-03-24T17:36:26.983039627Z,1,1,42378449,T,A,0,113.000000000,1,0,11247,869714707,113.000000000,113.500000000,27,149,1,6,ESM6 P6000
2026-03-24T17:36:27.844975178Z,2026-03-24T17:36:27.139845471Z,1,1,42378449,T,A,0,113.000000000,13,0,12758,869715841,113.000000000,113.500000000,26,149,1,6,ESM6 P6000
2026-03-24T17:36:27.898457841Z,2026-03-24T17:36:27.211527609Z,1,1,42378449,T,A,0,113.000000000,3,0,14144,869716828,113.000000000,113.500000000,13,115,1,5,ESM6 P6000
2026-03-24T17:36:27.912976564Z,2026-03-24T17:36:27.247693439Z,1,1,42378449,T,A,0,113.000000000,53,0,12748,869717005,113.000000000,113.500000000,10,115,1,5,ESM6 P6000
2026-03-24T17:36:27.914069505Z,2026-03-24T17:36:27.247739823Z,1,1,42378449,T,A,0,113.000000000,4,0,12785,869717016,113.000000000,113.500000000,29,115,1,5,ESM6 P6000
2026-03-24T17:36:34.926759737Z,2026-03-24T17:36:34.706208553Z,1,1,2569295,T,B,0,1.000000000,2,0,17982,341075920,0.650000000,1.000000000,2,2,1,1,UD:1V: 12 2569295
2026-03-24T17:36:34.984429601Z,2026-03-24T17:36:34.706803353Z,1,1,42378449,T,A,0,113.000000000,30,0,17034,869793338,113.000000000,113.500000000,25,199,1,9,ESM6 P6000
2026-03-24T17:36:37.978251425Z,2026-03-24T17:36:37.889079661Z,1,1,42378449,T,A,0,113.000000000,13,0,14418,869823427,113.000000000,113.500000000,31,206,1,8,ESM6 P6000
2026-03-24T17:36:42.835029558Z,2026-03-24T17:36:42.813863205Z,1,1,42378449,T,A,0,113.000000000,5,0,13774,869857025,113.000000000,113.500000000,18,219,1,11,ESM6 P6000
2026-03-24T17:36:43.030005630Z,2026-03-24T17:36:42.830555521Z,1,1,42378449,T,A,0,113.000000000,59,0,11454,869860177,113.000000000,113.500000000,13,215,1,10,ESM6 P6000
2026-03-24T17:36:43.113286886Z,2026-03-24T17:36:42.834925827Z,1,1,42378449,T,A,0,113.000000000,30,0,17158,869861474,113.000000000,113.500000000,26,215,1,10,ESM6 P6000
2026-03-24T17:36:43.179563111Z,2026-03-24T17:36:42.844720877Z,1,1,42378449,T,A,0,113.000000000,685,0,14460,869862580,113.000000000,113.500000000,32,185,1,9,ESM6 P6000
2026-03-24T17:37:26.986072863Z,2026-03-24T17:37:26.977854207Z,1,1,2522986,T,B,0,45.500000000,2,0,12850,341310147,45.250000000,45.500000000,321,2,4,1,UD:1V: VT 2522986
2026-03-24T17:37:39.924928067Z,2026-03-24T17:37:39.668892435Z,1,1,42315459,T,B,0,28.750000000,15,0,13974,870431597,28.250000000,28.750000000,122,15,3,1,ESZ6 C8000
2026-03-24T17:37:55.215127740Z,2026-03-24T17:37:55.214584575Z,1,1,42378592,T,B,0,227.000000000,1,0,13662,870571184,226.500000000,227.000000000,1,31,1,2,ESM6 P6500
2026-03-24T17:38:53.161442828Z,2026-03-24T17:38:53.070585423Z,1,1,2566669,T,A,0,74.500000000,15,0,13394,341687757,74.500000000,74.750000000,39,39,1,1,UD:1V: VT 2566669
2026-03-24T17:40:12.181674833Z,2026-03-24T17:40:11.978005607Z,1,1,2569354,T,B,0,15.200000000,3,0,15195,341999544,15.100000000,15.200000000,1334,3,7,1,UD:1V: VT 2569354
2026-03-24T17:40:13.265348927Z,2026-03-24T17:40:13.092589691Z,1,1,2566669,T,A,0,74.250000000,20,0,13949,342009017,74.250000000,74.500000000,185,39,2,1,UD:1V: VT 2566669
2026-03-24T17:40:54.734165747Z,2026-03-24T17:40:53.765138055Z,1,1,2566185,T,B,0,49.250000000,2,0,12581,342189576,49.000000000,49.250000000,190,2,4,1,UD:1V: VT 2566185
2026-03-24T17:41:22.444552540Z,2026-03-24T17:41:22.400556589Z,1,1,2566185,T,B,0,49.500000000,2,0,15115,342326982,49.250000000,49.500000000,188,2,4,1,UD:1V: VT 2566185
2026-03-24T17:42:04.749809311Z,2026-03-24T17:42:04.636049537Z,1,1,2566669,T,A,0,74.500000000,18,0,15978,342495362,74.500000000,74.750000000,39,39,1,1,UD:1V: VT 2566669
2026-03-24T17:42:11.381844363Z,2026-03-24T17:42:11.313033027Z,1,1,2566185,T,B,0,49.500000000,2,0,13883,342520794,49.250000000,49.500000000,190,2,4,1,UD:1V: VT 2566185
2026-03-24T17:42:19.904317771Z,2026-03-24T17:42:19.903836851Z,1,1,42384724,T,A,0,26.500000000,1,0,14037,873015346,26.500000000,26.750000000,1,334,1,8,ESM6 C7200
2026-03-24T17:42:24.622164377Z,2026-03-24T17:42:24.621530559Z,1,1,42384724,T,A,0,26.500000000,1,0,13201,873047526,26.500000000,26.750000000,1,316,1,8,ESM6 C7200
2026-03-24T17:42:32.179142517Z,2026-03-24T17:42:32.041546151Z,1,1,2571966,T,B,0,11.700000000,18,0,13553,342595953,11.500000000,11.700000000,203,18,4,2,UD:1V: GN 2571966
2026-03-24T17:42:38.481584524Z,2026-03-24T17:42:38.151467285Z,1,1,2907534,T,B,0,81.000000000,67,0,16224,342624663,80.500000000,81.000000000,67,68,2,2,UD:1V: VT 2907534
2026-03-24T17:42:38.997529249Z,2026-03-24T17:42:38.330254395Z,1,1,2566185,T,B,0,49.750000000,1,0,14668,342628975,49.500000000,49.750000000,189,2,4,1,UD:1V: VT 2566185
2026-03-24T17:42:39.386521180Z,2026-03-24T17:42:38.956993679Z,1,1,2566185,T,B,0,49.750000000,1,0,13595,342633294,49.500000000,49.750000000,189,1,4,1,UD:1V: VT 2566185
2026-03-24T17:42:48.439770809Z,2026-03-24T17:42:48.433141861Z,1,1,2566185,T,B,0,49.750000000,2,0,13001,342682180,49.500000000,49.750000000,227,2,5,1,UD:1V: VT 2566185
2026-03-24T17:42:49.229160041Z,2026-03-24T17:42:49.201510643Z,1,1,2545887,T,B,0,30.000000000,2,0,13469,342687359,29.500000000,30.000000000,1117,2,9,1,UD:1V: VT 2545887
2026-03-24T17:42:51.290337507Z,2026-03-24T17:42:50.763454841Z,1,1,2571966,T,B,0,11.800000000,18,0,17086,342704819,11.600000000,11.800000000,49,18,3,2,UD:1V: GN 2571966
2026-03-24T17:42:55.146356935Z,2026-03-24T17:42:55.079950349Z,1,1,42384779,T,A,0,264.500000000,3,0,11177,873384479,264.500000000,265.000000000,3,25,1,5,ESM6 P6600
2026-03-24T17:43:15.363708815Z,2026-03-24T17:43:15.077551037Z,1,1,42366510,T,B,0,44.500000000,2,0,13950,873592870,44.000000000,44.500000000,121,2,7,2,ESM6 C7100
2026-03-24T17:43:22.218326877Z,2026-03-24T17:43:22.057504531Z,1,1,42760602,T,B,0,251.500000000,3,0,13954,873644568,251.000000000,251.500000000,10,3,4,1,ESM6 C6625
2026-03-24T17:43:23.719963693Z,2026-03-24T17:43:23.719429897Z,1,1,4247450,T,A,0,299.000000000,1,0,15126,873666170,299.000000000,300.000000000,1,105,1,4,ESZ6 C7000
2026-03-24T17:44:13.971244130Z,2026-03-24T17:44:13.805522191Z,1,1,756943,T,B,0,570.000000000,20,0,14942,874085074,566.500000000,570.000000000,3,20,1,1,ESZ7 P6600
2026-03-24T17:45:22.958851001Z,2026-03-24T17:45:22.924528135Z,1,1,42394740,T,A,0,40.750000000,2,0,12648,874720872,40.750000000,41.000000000,2,233,1,8,ESM6 P5200
2026-03-24T17:45:34.309615967Z,2026-03-24T17:45:34.309258341Z,1,1,42394608,T,A,0,12.000000000,8,0,15872,874849651,12.000000000,12.100000000,8,185,1,5,ESM6 P3900
2026-03-24T17:46:08.140847163Z,2026-03-24T17:46:08.140409133Z,1,1,2573863,T,B,0,18.000000000,1,0,13295,343570916,17.900000000,18.000000000,721,1,7,1,UD:1V: VT 2573863
2026-03-24T17:46:31.116209121Z,2026-03-24T17:46:31.113332177Z,1,1,42372953,T,A,0,108.000000000,1,0,12858,875343767,108.000000000,108.500000000,1,117,1,9,ESM6 C6900
2026-03-24T17:46:34.506794690Z,2026-03-24T17:46:34.398727665Z,1,1,2554987,T,B,0,38.500000000,2,0,11217,343685949,38.250000000,38.500000000,305,2,7,1,UD:1V: VT 2554987
2026-03-24T17:46:42.928621281Z,2026-03-24T17:46:42.917605981Z,1,1,2522986,T,B,0,45.250000000,2,0,15396,343719897,45.000000000,45.250000000,595,2,6,1,UD:1V: VT 2522986
2026-03-24T17:47:51.868998458Z,2026-03-24T17:47:51.868455017Z,1,1,42378592,T,A,0,229.500000000,1,0,13936,875973571,229.500000000,230.000000000,1,76,1,8,ESM6 P6500
2026-03-24T17:47:57.417413699Z,2026-03-24T17:47:57.102476563Z,1,1,42378592,T,A,0,229.500000000,1,0,11188,876007804,229.500000000,230.000000000,1,45,1,3,ESM6 P6500
2026-03-24T17:47:58.422357782Z,2026-03-24T17:47:57.944107431Z,1,1,42378592,T,A,0,229.500000000,1,0,15267,876026231,229.500000000,230.000000000,1,51,1,7,ESM6 P6500
2026-03-24T17:47:58.708692557Z,2026-03-24T17:47:58.642915965Z,1,1,42378592,T,A,0,229.500000000,1,0,14452,876030888,229.500000000,230.000000000,1,66,1,7,ESM6 P6500
2026-03-24T17:47:58.752305725Z,2026-03-24T17:47:58.751817377Z,1,1,42378592,T,A,0,229.500000000,1,0,14471,876031393,229.500000000,230.000000000,1,66,1,7,ESM6 P6500
2026-03-24T17:47:58.753673366Z,2026-03-24T17:47:58.753189275Z,1,1,42378592,T,A,0,229.500000000,1,0,12545,876031400,229.500000000,230.000000000,1,66,1,7,ESM6 P6500
2026-03-24T17:48:09.393872264Z,2026-03-24T17:48:09.365135179Z,1,1,42378449,T,B,0,113.500000000,1,0,14058,876121472,113.000000000,113.500000000,168,1,9,1,ESM6 P6000
2026-03-24T17:48:09.406555546Z,2026-03-24T17:48:09.397085821Z,1,1,42378449,T,B,0,113.500000000,1,0,14074,876121668,113.000000000,113.500000000,168,1,9,1,ESM6 P6000
2026-03-24T17:48:09.410214759Z,2026-03-24T17:48:09.409456789Z,1,1,42378449,T,B,0,113.500000000,1,0,13952,876121744,113.000000000,113.500000000,168,1,9,1,ESM6 P6000
2026-03-24T17:48:09.411259607Z,2026-03-24T17:48:09.410802073Z,1,1,42378449,T,B,0,113.500000000,1,0,13734,876121756,113.000000000,113.500000000,168,1,9,1,ESM6 P6000
2026-03-24T17:48:09.412173979Z,2026-03-24T17:48:09.411714725Z,1,1,42378449,T,B,0,113.500000000,1,0,13528,876121762,113.000000000,113.500000000,168,1,9,1,ESM6 P6000
2026-03-24T17:48:09.413105092Z,2026-03-24T17:48:09.412656605Z,1,1,42378449,T,B,0,113.500000000,1,0,14058,876121767,113.000000000,113.500000000,168,1,9,1,ESM6 P6000
2026-03-24T17:48:29.300330621Z,2026-03-24T17:48:29.140397303Z,1,1,2573810,T,A,0,103.500000000,21,0,13989,344109964,103.500000000,104.000000000,40,79,1,5,UD:1V: GN 2573810
2026-03-24T17:48:29.508947012Z,2026-03-24T17:48:29.285068489Z,1,1,2573810,T,A,0,103.500000000,19,0,14898,344111712,103.500000000,104.000000000,19,79,1,5,UD:1V: GN 2573810
2026-03-24T17:49:49.529876082Z,2026-03-24T17:49:49.120517885Z,1,1,42384779,T,A,0,262.500000000,3,0,11605,876982642,262.500000000,263.500000000,3,47,1,3,ESM6 P6600
2026-03-24T17:49:49.621316107Z,2026-03-24T17:49:49.123125365Z,1,1,42378592,T,A,0,228.000000000,1,0,11806,876984188,228.000000000,229.000000000,1,18,1,1,ESM6 P6500
2026-03-24T17:49:59.383710795Z,2026-03-24T17:49:59.383236769Z,1,1,2569354,T,B,0,15.100000000,3,0,19653,344491078,15.000000000,15.100000000,2053,3,8,1,UD:1V: VT 2569354
2026-03-24T17:50:09.766991867Z,2026-03-24T17:50:09.764334151Z,1,1,2566185,T,B,0,49.750000000,2,0,14078,344528859,49.500000000,49.750000000,189,2,4,1,UD:1V: VT 2566185
2026-03-24T17:50:20.409759303Z,2026-03-24T17:50:20.335998299Z,1,1,2566185,T,B,0,49.750000000,2,0,17112,344561839,49.500000000,49.750000000,189,2,4,1,UD:1V: VT 2566185
2026-03-24T17:50:23.112532105Z,2026-03-24T17:50:23.112002785Z,1,1,42384779,T,A,0,263.500000000,3,0,15224,877261324,263.500000000,264.000000000,3,52,1,8,ESM6 P6600
2026-03-24T17:50:29.372903884Z,2026-03-24T17:50:29.224448567Z,1,1,2566185,T,B,0,49.750000000,2,0,15919,344586676,49.500000000,49.750000000,189,2,4,1,UD:1V: VT 2566185
2026-03-24T17:50:33.540479297Z,2026-03-24T17:50:33.539964323Z,1,1,2569354,T,B,0,15.100000000,3,0,16146,344605571,15.000000000,15.100000000,1462,3,8,1,UD:1V: VT 2569354
2026-03-24T17:51:04.048138585Z,2026-03-24T17:51:04.009948969Z,1,1,42760602,T,B,0,251.500000000,3,0,14995,877585439,251.000000000,251.500000000,18,3,5,1,ESM6 C6625
2026-03-24T17:52:06.137467684Z,2026-03-24T17:52:06.066883361Z,1,1,2566669,T,A,0,74.750000000,21,0,16081,344964316,74.750000000,75.000000000,39,39,1,1,UD:1V: VT 2566669
2026-03-24T17:52:23.846872327Z,2026-03-24T17:52:22.621686077Z,1,1,42378592,T,A,0,228.000000000,1,0,16951,878257467,228.000000000,228.500000000,1,21,1,2,ESM6 P6500
2026-03-24T17:52:24.271208443Z,2026-03-24T17:52:22.743489983Z,1,1,42760602,T,B,0,252.000000000,3,0,11615,878262352,251.000000000,252.000000000,2,3,1,1,ESM6 C6625
2026-03-24T17:52:24.294385892Z,2026-03-24T17:52:22.743900755Z,1,1,2566669,T,A,0,74.750000000,39,0,14297,345040758,74.750000000,75.000000000,137,39,1,1,UD:1V: VT 2566669
2026-03-24T17:52:24.440156988Z,2026-03-24T17:52:22.746525843Z,1,1,2545532,T,B,0,64.000000000,2,0,14346,345041917,63.250000000,64.000000000,2,2,1,1,UD:1V: VT 2545532
2026-03-24T17:52:24.973959171Z,2026-03-24T17:52:22.966085891Z,1,1,42394633,T,A,0,19.900000000,25,0,13902,878273600,19.900000000,20.250000000,25,228,1,7,ESM6 P4500
2026-03-24T17:52:25.832310568Z,2026-03-24T17:52:23.691223665Z,1,1,42394633,T,A,0,19.900000000,27,0,15574,878285681,19.900000000,20.000000000,25,27,1,1,ESM6 P4500
2026-03-24T17:52:25.836378255Z,2026-03-24T17:52:23.691340917Z,1,1,695462,T,A,0,10.300000000,120,0,14262,878285708,10.300000000,10.400000000,221,163,1,1,ESZ6 P2300
2026-03-24T17:52:26.226441062Z,2026-03-24T17:52:23.854013713Z,1,1,42378592,T,B,0,227.500000000,1,0,13658,878291931,226.000000000,227.500000000,42,3,3,1,ESM6 P6500
2026-03-24T17:52:26.620401023Z,2026-03-24T17:52:24.341049095Z,1,1,746709,T,B,0,662.000000000,1,0,13710,878298208,659.500000000,662.000000000,8,1,1,1,ESZ6 C6400
2026-03-24T17:52:26.768134255Z,2026-03-24T17:52:24.368840843Z,1,1,42883177,T,B,0,17.600000000,1,0,14094,878300782,17.200000000,17.600000000,29,2,2,1,ESM6 C7275
2026-03-24T17:52:26.968954633Z,2026-03-24T17:52:24.559762669Z,1,1,42212203,T,B,0,20.250000000,1,0,10074,878303242,19.800000000,20.250000000,27,2,1,1,ESM6 C7250
2026-03-24T17:52:27.424356134Z,2026-03-24T17:52:24.842396927Z,1,1,42394633,T,A,0,19.900000000,61,0,11591,878310538,19.900000000,20.000000000,23,123,1,1,ESM6 P4500
2026-03-24T17:52:27.475842372Z,2026-03-24T17:52:24.892291659Z,1,1,42394633,T,A,0,19.900000000,12,0,10682,878311224,19.900000000,20.000000000,12,123,1,1,ESM6 P4500
2026-03-24T17:52:28.324387239Z,2026-03-24T17:52:25.589321739Z,1,1,613841,T,A,0,11.400000000,120,0,13001,878323930,11.400000000,11.500000000,158,161,1,1,ESZ6 P2400
2026-03-24T17:52:29.424598780Z,2026-03-24T17:52:26.601210305Z,1,1,42378592,T,A,0,228.000000000,1,0,12599,878340279,228.000000000,234.000000000,1,24,1,1,ESM6 P6500
2026-03-24T17:52:33.761770583Z,2026-03-24T17:52:31.891882285Z,1,1,2566669,T,A,0,74.500000000,33,0,16441,345114183,74.500000000,74.750000000,93,39,1,1,UD:1V: VT 2566669
2026-03-24T17:52:37.071851353Z,2026-03-24T17:52:35.926072251Z,1,1,2569354,T,B,0,15.200000000,3,0,10989,345143239,15.000000000,15.200000000,1419,3,4,1,UD:1V: VT 2569354
2026-03-24T17:52:38.946854785Z,2026-03-24T17:52:38.463380781Z,1,1,2566185,T,A,0,49.250000000,2,0,11907,345160030,49.250000000,49.500000000,26,26,1,1,UD:1V: VT 2566185
2026-03-24T17:52:39.313163729Z,2026-03-24T17:52:38.960255461Z,1,1,2571010,T,A,0,9.300000000,2,0,12905,345164133,9.300000000,9.600000000,2,2,1,1,UD:1V: VT 2571010
2026-03-24T17:52:39.373754844Z,2026-03-24T17:52:38.981482541Z,1,1,2563502,T,A,0,21.000000000,2,0,16493,345164736,21.000000000,21.250000000,2,241,1,2,UD:1V: BO 2563502
2026-03-24T17:52:43.824041414Z,2026-03-24T17:52:43.496373363Z,1,1,2566669,T,A,0,74.500000000,20,0,13769,345197310,74.500000000,74.750000000,39,39,1,1,UD:1V: VT 2566669
2026-03-24T17:52:47.412329806Z,2026-03-24T17:52:47.411774923Z,1,1,2563502,T,A,0,21.000000000,2,0,13052,345226447,21.000000000,21.250000000,2,307,1,5,UD:1V: BO 2563502
2026-03-24T17:53:03.711541951Z,2026-03-24T17:53:03.703759835Z,1,1,756943,T,B,0,568.500000000,20,0,16081,878803125,567.000000000,568.500000000,20,20,1,1,ESZ7 P6600
2026-03-24T17:53:14.769426068Z,2026-03-24T17:53:14.762260431Z,1,1,42372953,T,B,0,108.000000000,1,0,14108,878930039,107.500000000,108.000000000,64,1,7,1,ESM6 C6900
2026-03-24T17:53:24.552586543Z,2026-03-24T17:53:24.406821693Z,1,1,2566669,T,A,0,74.750000000,17,0,13804,345448306,74.750000000,75.000000000,39,39,1,1,UD:1V: VT 2566669
2026-03-24T17:53:40.025948423Z,2026-03-24T17:53:40.024268707Z,1,1,559948,T,B,0,14.200000000,1,0,12899,879159719,14.000000000,14.200000000,192,1,1,1,ESZ6 P2600
2026-03-24T17:53:48.523600585Z,2026-03-24T17:53:48.334969389Z,1,1,42295873,T,B,0,63.500000000,34,0,18278,879258246,63.000000000,63.500000000,19,34,2,1,ESZ6 C7700
2026-03-24T17:54:49.457037595Z,2026-03-24T17:54:49.387689535Z,1,1,2566669,T,A,0,74.500000000,19,0,13780,345902782,74.500000000,74.750000000,39,39,1,1,UD:1V: VT 2566669
2026-03-24T17:55:01.137129751Z,2026-03-24T17:55:00.801173373Z,1,1,273789,T,B,0,403.500000000,1,0,12866,880023737,403.000000000,403.500000000,1,19,1,1,ESZ7 C7500
2026-03-24T17:55:30.366890495Z,2026-03-24T17:55:29.190871727Z,1,1,2545532,T,B,0,64.250000000,2,0,15425,346096025,63.500000000,64.250000000,86,2,2,1,UD:1V: VT 2545532
2026-03-24T17:55:30.963058134Z,2026-03-24T17:55:29.288802469Z,1,1,42377987,T,A,0,8.300000000,165,0,13978,880330238,8.300000000,8.400000000,165,163,1,1,ESU6 P2500
2026-03-24T17:55:30.973806132Z,2026-03-24T17:55:29.289961203Z,1,1,279058,T,A,0,7.300000000,132,0,17467,880330347,7.300000000,7.400000000,176,167,1,1,ESZ6 P2000
2026-03-24T17:55:31.143103230Z,2026-03-24T17:55:29.296868689Z,1,1,42377988,T,A,0,9.200000000,121,0,12717,880333060,9.200000000,9.800000000,161,151,2,1,ESU6 P2600
2026-03-24T17:55:32.565744585Z,2026-03-24T17:55:30.320219467Z,1,1,42377988,T,A,0,9.200000000,1,0,15658,880350627,9.200000000,9.700000000,1,205,1,1,ESU6 P2600
2026-03-24T17:55:55.405375722Z,2026-03-24T17:55:54.593091745Z,1,1,2569354,T,B,0,15.300000000,3,0,13056,346303260,15.100000000,15.300000000,2172,3,5,1,UD:1V: VT 2569354
2026-03-24T17:56:48.659834743Z,2026-03-24T17:56:48.092213791Z,1,1,42378449,T,B,0,109.500000000,1,0,14152,881511392,109.000000000,109.500000000,1,1,1,1,ESM6 P6000
2026-03-24T17:57:10.099719200Z,2026-03-24T17:57:10.038215961Z,1,1,756943,T,B,0,565.000000000,20,0,15761,881845299,563.500000000,565.000000000,20,20,1,1,ESZ7 P6600
2026-03-24T17:57:25.530161979Z,2026-03-24T17:57:25.529917467Z,1,1,42378449,T,B,0,109.500000000,1,0,13484,882091549,109.000000000,109.500000000,53,1,7,1,ESM6 P6000
2026-03-24T17:57:27.144006409Z,2026-03-24T17:57:27.139625053Z,1,1,42378449,T,B,0,109.500000000,1,0,11461,882108920,109.000000000,109.500000000,64,1,7,1,ESM6 P6000
2026-03-24T17:57:27.251304347Z,2026-03-24T17:57:27.177491977Z,1,1,42378449,T,B,0,109.500000000,1,0,13667,882110884,109.000000000,109.500000000,118,1,8,1,ESM6 P6000
2026-03-24T17:57:27.755559164Z,2026-03-24T17:57:27.420309559Z,1,1,42378449,T,B,0,109.500000000,1,0,16136,882119532,109.000000000,109.500000000,152,1,10,1,ESM6 P6000
2026-03-24T17:58:29.012070687Z,2026-03-24T17:58:27.900288179Z,1,1,2566185,T,B,0,48.750000000,2,0,13752,347545009,48.500000000,48.750000000,172,2,4,1,UD:1V: VT 2566185
2026-03-24T17:58:29.589795694Z,2026-03-24T17:58:28.041389305Z,1,1,42409672,T,B,0,94.750000000,1,0,14137,883075498,94.250000000,94.750000000,2,1,1,1,ESM6 P5900
2026-03-24T17:58:33.039770839Z,2026-03-24T17:58:32.230754017Z,1,1,42409672,T,A,0,94.250000000,2,0,17774,883131011,94.250000000,94.750000000,2,21,1,3,ESM6 P5900
2026-03-24T17:58:41.100407647Z,2026-03-24T17:58:40.109232987Z,1,1,42409672,T,B,0,94.750000000,1,0,14513,883261475,94.500000000,94.750000000,104,1,4,1,ESM6 P5900
2026-03-24T17:58:49.653752796Z,2026-03-24T17:58:49.573248993Z,1,1,42409672,T,B,0,94.500000000,1,0,16322,883392507,94.250000000,94.500000000,153,1,7,1,ESM6 P5900
2026-03-24T17:58:56.190649731Z,2026-03-24T17:58:56.130565759Z,1,1,756943,T,B,0,563.000000000,20,0,14522,883463696,553.000000000,563.000000000,84,20,2,1,ESZ7 P6600
2026-03-24T17:59:01.687847383Z,2026-03-24T17:59:01.247490149Z,1,1,42396443,T,A,0,132.500000000,2,0,16286,883533381,132.500000000,133.000000000,2,23,1,2,ESM6 C6850
2026-03-24T17:59:03.908179467Z,2026-03-24T17:59:03.266778791Z,1,1,42409672,T,A,0,94.500000000,6,0,17716,883568827,94.500000000,95.250000000,8,34,2,2,ESM6 P5900
2026-03-24T17:59:03.996105652Z,2026-03-24T17:59:03.437946163Z,1,1,42394633,T,B,0,19.300000000,1,0,14316,883570565,19.100000000,19.300000000,188,1,4,1,ESM6 P4500
2026-03-24T17:59:13.936258659Z,2026-03-24T17:59:13.741177531Z,1,1,42372953,T,A,0,110.000000000,1,0,14554,883703814,110.000000000,110.500000000,1,76,1,4,ESM6 C6900
2026-03-24T17:59:32.169126965Z,2026-03-24T17:59:32.168770433Z,1,1,42567968,T,A,0,221.000000000,2,0,16235,883918569,221.000000000,221.500000000,2,31,1,1,ESH7 P5650
2026-03-24T18:00:14.314950709Z,2026-03-24T18:00:14.227966817Z,1,1,4247450,T,B,0,304.000000000,1,0,11758,884497908,303.500000000,304.000000000,2,1,1,1,ESZ6 C7000
2026-03-24T18:00:27.128668034Z,2026-03-24T18:00:27.118748433Z,1,1,2548491,T,B,0,3.100000000,2,0,16930,348297697,3.000000000,3.100000000,106,2,3,1,UD:1V: VT 2548491
2026-03-24T18:00:31.312378483Z,2026-03-24T18:00:30.968237443Z,1,1,42404370,T,A,0,190.000000000,1,0,11113,884712685,190.000000000,191.000000000,1,62,1,7,ESM6 P6400
2026-03-24T18:00:31.400560476Z,2026-03-24T18:00:30.972826103Z,1,1,629992,T,B,0,602.000000000,1,0,16854,884714107,601.500000000,602.000000000,2,1,1,1,ESZ6 C6500
2026-03-24T18:00:36.310078292Z,2026-03-24T18:00:35.646397803Z,1,1,42836578,T,B,0,82.750000000,2,0,13108,884784714,82.250000000,82.750000000,40,2,5,1,ESM6 C6975
2026-03-24T18:00:41.473436403Z,2026-03-24T18:00:40.607431435Z,1,1,42409648,T,B,0,214.500000000,2,0,13560,884867728,213.500000000,214.500000000,31,2,3,1,ESM6 C6700
2026-03-24T18:00:57.495382843Z,2026-03-24T18:00:57.491720293Z,1,1,2566185,T,B,0,48.500000000,2,0,14147,348514685,48.250000000,48.500000000,185,2,4,1,UD:1V: VT 2566185
2026-03-24T18:01:40.197561807Z,2026-03-24T18:01:39.921092661Z,1,1,42372969,T,B,0,73.250000000,2,0,14193,885711062,72.750000000,73.250000000,40,2,6,1,ESM6 C7000
2026-03-24T18:02:50.207970078Z,2026-03-24T18:02:49.970426565Z,1,1,2566104,T,A,0,10.700000000,2,0,11060,349192975,10.700000000,10.900000000,2,91,1,4,UD:1V: GN 2566104
2026-03-24T18:03:18.172406505Z,2026-03-24T18:03:18.009855459Z,1,1,42804677,T,B,0,100.500000000,2,0,15360,886896626,100.000000000,100.500000000,6,2,2,1,ESM6 C6925
2026-03-24T18:04:05.793341850Z,2026-03-24T18:04:05.634751819Z,1,1,42372983,T,B,0,117.000000000,2,0,15483,887413392,116.500000000,117.000000000,5,2,2,1,ESM6 P6050
2026-03-24T18:04:05.796405665Z,2026-03-24T18:04:05.634752493Z,1,1,42394804,T,B,0,238.000000000,2,0,11327,887413456,237.000000000,238.000000000,80,2,7,1,ESM6 P6550
2026-03-24T18:04:51.107123185Z,2026-03-24T18:04:50.862906051Z,1,1,42853785,T,B,0,50.250000000,2,0,13871,887886097,49.750000000,50.250000000,249,2,6,1,ESM6 P5425
2026-03-24T18:06:06.509712871Z,2026-03-24T18:06:06.067535891Z,1,1,42426302,T,A,0,90.750000000,10,0,15329,888679559,90.750000000,91.000000000,10,28,1,2,ESM6 C6950
2026-03-24T18:06:54.938908772Z,2026-03-24T18:06:54.527327989Z,1,1,42836583,T,B,0,150.000000000,2,0,11547,889137660,149.000000000,150.000000000,53,2,3,1,ESM6 P6225
2026-03-24T18:06:54.941784475Z,2026-03-24T18:06:54.527328345Z,1,1,42394770,T,B,0,206.500000000,2,0,11750,889137729,205.500000000,206.500000000,79,2,4,1,ESM6 P6450
2026-03-24T18:06:55.045636788Z,2026-03-24T18:06:54.532073341Z,1,1,42836578,T,A,0,81.500000000,10,0,11436,889140216,81.500000000,81.750000000,10,27,1,1,ESM6 C6975
2026-03-24T18:06:59.225078846Z,2026-03-24T18:06:59.154062439Z,1,1,42372953,T,B,0,110.500000000,1,0,13678,889194057,110.000000000,110.500000000,48,1,8,1,ESM6 C6900
2026-03-24T18:08:22.859122747Z,2026-03-24T18:08:22.858566317Z,1,1,42378449,T,A,0,109.000000000,8,0,13334,890011661,109.000000000,109.500000000,250,225,1,10,ESM6 P6000
2026-03-24T18:08:22.859357513Z,2026-03-24T18:08:22.858601471Z,1,1,42378449,T,A,0,109.000000000,18,0,12885,890011663,109.000000000,109.500000000,242,225,1,10,ESM6 P6000
2026-03-24T18:08:23.042366663Z,2026-03-24T18:08:23.038426987Z,1,1,42378449,T,A,0,109.000000000,224,0,13354,890012432,109.000000000,109.500000000,224,300,1,11,ESM6 P6000
2026-03-24T18:08:35.367640041Z,2026-03-24T18:08:35.367274659Z,1,1,42384726,T,B,0,55.250000000,1,0,15920,890137343,55.000000000,55.250000000,387,1,11,1,ESM6 P5500
2026-03-24T18:08:36.841336063Z,2026-03-24T18:08:36.638277665Z,1,1,2530038,T,B,0,19.500000000,116,0,13112,350822952,19.200000000,19.500000000,753,263,7,1,UD:1V: VT 2530038
2026-03-24T18:08:36.849124422Z,2026-03-24T18:08:36.638342979Z,1,1,42919948,T,B,0,98.500000000,4,0,14675,890154586,98.000000000,98.500000000,32,4,2,2,ESM6 P5925
2026-03-24T18:08:37.117418182Z,2026-03-24T18:08:36.747014097Z,1,1,2530038,T,B,0,19.500000000,2,0,14024,350824770,19.200000000,19.500000000,753,147,7,1,UD:1V: VT 2530038
2026-03-24T18:08:40.173853819Z,2026-03-24T18:08:40.173335811Z,1,1,42384726,T,A,0,55.250000000,1,0,14381,890206784,55.250000000,56.000000000,230,156,8,8,ESM6 P5500
2026-03-24T18:08:44.475181344Z,2026-03-24T18:08:44.456028249Z,1,1,42394753,T,B,0,102.500000000,13,0,16537,890258764,101.500000000,102.500000000,215,78,12,6,ESM6 P5950
2026-03-24T18:08:44.488077043Z,2026-03-24T18:08:44.456343769Z,1,1,2561308,T,A,0,4.250000000,5,0,16380,350876698,4.250000000,5.400000000,22,24,1,2,UD:1V: 12 2561308
2026-03-24T18:08:44.488144949Z,2026-03-24T18:08:44.456365657Z,1,1,2561307,T,A,0,6.300000000,4,0,19292,350876699,6.300000000,7.500000000,14,16,1,2,UD:1V: 12 2561307
2026-03-24T18:08:44.509247489Z,2026-03-24T18:08:44.456071639Z,1,1,42372983,T,B,0,118.000000000,12,0,13120,890259458,117.000000000,118.000000000,180,45,10,2,ESM6 P6050
2026-03-24T18:08:44.509292454Z,2026-03-24T18:08:44.456085173Z,1,1,42883304,T,B,0,70.250000000,8,0,11252,890259460,69.750000000,70.250000000,234,8,6,2,ESM6 P5675
2026-03-24T18:08:44.544633815Z,2026-03-24T18:08:44.529207297Z,1,1,2561307,T,A,0,6.300000000,2,0,11860,350877359,6.300000000,7.400000000,10,51,1,2,UD:1V: 12 2561307
2026-03-24T18:08:46.761140163Z,2026-03-24T18:08:46.357193401Z,1,1,2566185,T,B,0,49.000000000,2,0,13774,350889988,48.750000000,49.000000000,188,2,4,1,UD:1V: VT 2566185
2026-03-24T18:09:15.268044273Z,2026-03-24T18:09:15.054633653Z,1,1,2566669,T,A,0,74.000000000,9,0,13321,351039037,74.000000000,74.250000000,39,39,1,1,UD:1V: VT 2566669
2026-03-24T18:10:13.840169841Z,2026-03-24T18:10:13.839536385Z,1,1,42378449,T,A,0,110.000000000,20,0,13186,891152024,110.000000000,110.500000000,250,178,1,11,ESM6 P6000
2026-03-24T18:10:18.876093004Z,2026-03-24T18:10:18.631684173Z,1,1,42378449,T,A,0,110.000000000,30,0,16262,891190951,110.000000000,110.500000000,230,227,1,12,ESM6 P6000
2026-03-24T18:10:18.958458459Z,2026-03-24T18:10:18.647677783Z,1,1,42378449,T,A,0,110.000000000,66,0,18146,891192559,110.000000000,110.500000000,200,197,1,11,ESM6 P6000
2026-03-24T18:10:19.155769873Z,2026-03-24T18:10:18.958462177Z,1,1,42378449,T,A,0,110.000000000,132,0,13821,891196259,110.000000000,110.500000000,134,197,1,11,ESM6 P6000
2026-03-24T18:10:19.307911819Z,2026-03-24T18:10:19.181211457Z,1,1,42378449,T,A,0,110.000000000,2,0,13091,891199610,110.000000000,110.500000000,2,192,1,10,ESM6 P6000
2026-03-24T18:10:31.652273078Z,2026-03-24T18:10:31.651885421Z,1,1,42472885,T,B,0,27.000000000,1,0,13470,891296873,26.750000000,27.000000000,246,1,4,1,ESU6 P3900
2026-03-24T18:10:40.000364706Z,2026-03-24T18:10:39.953818101Z,1,1,2566669,T,A,0,74.000000000,10,0,14025,351400225,74.000000000,74.250000000,39,39,1,1,UD:1V: VT 2566669
2026-03-24T18:10:57.862744742Z,2026-03-24T18:10:57.862375379Z,1,1,42377577,T,A,0,13.800000000,1,0,14010,891510330,13.800000000,13.900000000,1,144,1,3,ESU6 C7800
2026-03-24T18:11:00.006686903Z,2026-03-24T18:11:00.006174579Z,1,1,42378449,T,A,0,110.500000000,37,0,14029,891520015,110.500000000,111.000000000,250,243,1,10,ESM6 P6000
2026-03-24T18:11:00.006906617Z,2026-03-24T18:11:00.006174757Z,1,1,42378449,T,A,0,110.500000000,58,0,11359,891520017,110.500000000,111.000000000,213,243,1,10,ESM6 P6000
2026-03-24T18:11:00.007253793Z,2026-03-24T18:11:00.006205667Z,1,1,42378449,T,A,0,110.500000000,30,0,11378,891520020,110.500000000,111.000000000,155,243,1,10,ESM6 P6000
2026-03-24T18:11:00.009920860Z,2026-03-24T18:11:00.006910201Z,1,1,42378449,T,A,0,110.500000000,78,0,11341,891520056,110.500000000,111.000000000,125,254,1,11,ESM6 P6000
2026-03-24T18:11:05.777225892Z,2026-03-24T18:11:05.740094263Z,1,1,2553851,T,B,0,1.950000000,43,0,16618,351514563,1.750000000,1.950000000,2645,43,7,2,UD:1V: BO 2553851
2026-03-24T18:11:10.721046799Z,2026-03-24T18:11:10.516799071Z,1,1,42378449,T,A,0,110.500000000,16,0,14015,891616614,110.500000000,111.000000000,47,192,1,10,ESM6 P6000
2026-03-24T18:11:10.731576299Z,2026-03-24T18:11:10.524532529Z,1,1,42378449,T,A,0,110.500000000,1,0,13899,891616854,110.500000000,111.000000000,31,192,1,10,ESM6 P6000
2026-03-24T18:11:10.986749969Z,2026-03-24T18:11:10.968650871Z,1,1,42378449,T,A,0,110.500000000,30,0,16500,891621082,110.500000000,111.000000000,30,256,1,11,ESM6 P6000
2026-03-24T18:11:35.249402686Z,2026-03-24T18:11:35.018106009Z,1,1,42458390,T,A,0,384.000000000,17,0,18869,891849923,384.000000000,385.000000000,17,3,4,1,ESU6 P6700
2026-03-24T18:11:35.523604564Z,2026-03-24T18:11:35.032385201Z,1,1,42378449,T,A,0,110.000000000,30,0,16564,891854627,110.000000000,110.500000000,250,147,1,6,ESM6 P6000
2026-03-24T18:11:35.586891732Z,2026-03-24T18:11:35.035831409Z,1,1,42378449,T,A,0,110.000000000,103,0,13288,891855563,110.000000000,110.500000000,220,117,1,5,ESM6 P6000
2026-03-24T18:11:35.710433203Z,2026-03-24T18:11:35.038163489Z,1,1,42378449,T,A,0,110.000000000,18,0,14174,891857824,110.000000000,110.500000000,117,38,1,3,ESM6 P6000
2026-03-24T18:11:35.810179136Z,2026-03-24T18:11:35.054476995Z,1,1,42378449,T,A,0,110.000000000,8,0,12080,891859204,110.000000000,110.500000000,99,38,1,3,ESM6 P6000
2026-03-24T18:11:35.827417956Z,2026-03-24T18:11:35.060095429Z,1,1,42378449,T,A,0,110.000000000,1,0,13530,891859467,110.000000000,110.500000000,91,38,1,3,ESM6 P6000
2026-03-24T18:11:36.330027019Z,2026-03-24T18:11:35.647103899Z,1,1,42378449,T,A,0,110.000000000,90,0,12615,891866311,110.000000000,110.500000000,90,136,1,6,ESM6 P6000
2026-03-24T18:11:51.170576459Z,2026-03-24T18:11:51.073282015Z,1,1,42366506,T,A,0,23.250000000,2,0,15032,892007831,23.250000000,23.500000000,2,248,1,7,ESM6 P4700
2026-03-24T18:11:58.337866067Z,2026-03-24T18:11:58.278215003Z,1,1,42366506,T,A,0,23.250000000,2,0,13989,892071212,23.250000000,23.500000000,2,248,1,7,ESM6 P4700
2026-03-24T18:12:04.936276700Z,2026-03-24T18:12:04.926042921Z,1,1,42836579,T,B,0,80.250000000,6,0,15055,892129883,79.750000000,80.250000000,178,6,7,1,ESM6 P5775
2026-03-24T18:12:25.064661509Z,2026-03-24T18:12:24.916390495Z,1,1,42378449,T,B,0,110.000000000,130,0,16657,892277631,109.500000000,110.000000000,398,130,8,4,ESM6 P6000
2026-03-24T18:12:25.147744665Z,2026-03-24T18:12:24.967583001Z,1,1,42378449,T,A,0,110.000000000,2,0,13375,892279699,110.000000000,110.500000000,120,78,1,7,ESM6 P6000
2026-03-24T18:12:25.178365278Z,2026-03-24T18:12:24.973649237Z,1,1,42378449,T,A,0,110.000000000,2,0,15892,892280217,110.000000000,110.500000000,118,76,1,6,ESM6 P6000
2026-03-24T18:12:25.194503860Z,2026-03-24T18:12:24.988554501Z,1,1,42378449,T,A,0,110.000000000,2,0,11285,892280626,110.000000000,110.500000000,116,76,1,6,ESM6 P6000
2026-03-24T18:12:25.227919540Z,2026-03-24T18:12:25.064615031Z,1,1,42378449,T,A,0,110.000000000,13,0,13932,892281312,110.000000000,110.500000000,114,76,1,6,ESM6 P6000
2026-03-24T18:12:25.243852289Z,2026-03-24T18:12:25.110369277Z,1,1,42378449,T,A,0,110.000000000,101,0,13630,892281682,110.000000000,110.500000000,101,74,1,5,ESM6 P6000
2026-03-24T18:12:31.212790860Z,2026-03-24T18:12:31.149957019Z,1,1,42378449,T,B,0,110.500000000,241,0,17463,892313617,109.500000000,110.500000000,412,241,8,12,ESM6 P6000
2026-03-24T18:12:31.315797710Z,2026-03-24T18:12:31.212663017Z,1,1,42378449,T,A,0,110.500000000,6,0,11320,892315774,110.500000000,111.000000000,9,28,1,3,ESM6 P6000
2026-03-24T18:12:31.318849679Z,2026-03-24T18:12:31.212711935Z,1,1,42378449,T,A,0,110.500000000,3,0,13243,892315838,110.500000000,111.000000000,3,26,1,2,ESM6 P6000
2026-03-24T18:12:37.506221376Z,2026-03-24T18:12:37.460416785Z,1,1,42378449,T,B,0,110.500000000,122,0,16955,892376473,110.000000000,110.500000000,117,122,2,8,ESM6 P6000
2026-03-24T18:12:37.582222164Z,2026-03-24T18:12:37.506103325Z,1,1,42378449,T,A,0,110.500000000,49,0,12589,892378040,110.500000000,111.000000000,367,159,1,5,ESM6 P6000
2026-03-24T18:12:37.582326260Z,2026-03-24T18:12:37.506143969Z,1,1,42378449,T,A,0,110.500000000,83,0,12693,892378042,110.500000000,111.000000000,318,159,1,5,ESM6 P6000
2026-03-24T18:12:37.582340659Z,2026-03-24T18:12:37.506144147Z,1,1,42378449,T,A,0,110.500000000,88,0,11012,892378044,110.500000000,111.000000000,235,159,1,5,ESM6 P6000
2026-03-24T18:12:37.582442645Z,2026-03-24T18:12:37.506166895Z,1,1,42378449,T,A,0,110.500000000,6,0,13184,892378046,110.500000000,111.000000000,147,159,1,5,ESM6 P6000
2026-03-24T18:12:37.582484480Z,2026-03-24T18:12:37.506179355Z,1,1,42378449,T,A,0,110.500000000,135,0,11173,892378048,110.500000000,111.000000000,141,159,1,5,ESM6 P6000
2026-03-24T18:12:37.584404111Z,2026-03-24T18:12:37.506294939Z,1,1,42378449,T,A,0,110.500000000,6,0,11812,892378090,110.500000000,111.000000000,6,159,1,5,ESM6 P6000
2026-03-24T18:12:40.969600333Z,2026-03-24T18:12:40.946431957Z,1,1,42883305,T,B,0,187.000000000,22,0,16851,892406056,186.500000000,187.000000000,78,22,5,1,ESM6 P6375
2026-03-24T18:12:45.029600999Z,2026-03-24T18:12:45.021233263Z,1,1,42404370,T,B,0,194.000000000,17,0,14412,892437653,193.500000000,194.000000000,53,21,6,1,ESM6 P6400
2026-03-24T18:12:47.417788556Z,2026-03-24T18:12:47.392639409Z,1,1,42760603,T,B,0,64.750000000,3,0,12893,892449845,64.500000000,64.750000000,23,29,4,1,ESM6 C7025
2026-03-24T18:13:12.367038570Z,2026-03-24T18:13:12.353512169Z,1,1,42378541,T,A,0,168.500000000,1,0,13898,892664248,168.500000000,169.000000000,1,57,1,5,ESM6 P6300
2026-03-24T18:13:12.400427587Z,2026-03-24T18:13:12.367049577Z,1,1,42378541,T,B,0,168.500000000,1,0,13946,892664906,168.000000000,168.500000000,132,23,7,1,ESM6 P6300
2026-03-24T18:13:17.650243399Z,2026-03-24T18:13:17.600112075Z,1,1,42760605,T,B,0,215.500000000,19,0,15737,892693342,215.000000000,215.500000000,72,19,6,1,ESM6 P6475
2026-03-24T18:14:17.938974094Z,2026-03-24T18:14:17.937648485Z,1,1,2545541,T,A,0,88.250000000,39,0,13909,352242513,88.250000000,88.500000000,39,190,1,5,UD:1V: VT 2545541
2026-03-24T18:14:17.940235603Z,2026-03-24T18:14:17.939625373Z,1,1,2545541,T,A,0,88.250000000,5,0,14130,352242526,88.250000000,88.500000000,5,190,1,5,UD:1V: VT 2545541
2026-03-24T18:14:20.384227650Z,2026-03-24T18:14:20.300334425Z,1,1,2561307,T,A,0,5.300000000,14,0,18044,352249665,5.300000000,6.100000000,14,56,1,4,UD:1V: 12 2561307
2026-03-24T18:14:20.399954030Z,2026-03-24T18:14:20.300646673Z,1,1,2566185,T,B,0,49.000000000,2,0,13677,352249983,48.750000000,49.000000000,188,2,4,1,UD:1V: VT 2566185
2026-03-24T18:14:51.010243630Z,2026-03-24T18:14:51.007136881Z,1,1,42378592,T,A,0,222.500000000,3,0,15074,893444165,222.500000000,223.500000000,152,19,11,1,ESM6 P6500
2026-03-24T18:14:54.654800238Z,2026-03-24T18:14:54.542837993Z,1,1,2566669,T,A,0,74.000000000,9,0,14071,352380485,74.000000000,74.250000000,39,39,1,1,UD:1V: VT 2566669
2026-03-24T18:15:16.293166723Z,2026-03-24T18:15:16.261898359Z,1,1,2566185,T,B,0,49.000000000,2,0,12986,352474759,48.750000000,49.000000000,188,2,4,1,UD:1V: VT 2566185
2026-03-24T18:15:18.983137705Z,2026-03-24T18:15:18.485818349Z,1,1,2549454,T,B,0,33.750000000,2,0,11747,352487714,33.500000000,33.750000000,530,2,7,1,UD:1V: VT 2549454
2026-03-24T18:15:19.185946338Z,2026-03-24T18:15:18.580008293Z,1,1,42377574,T,A,0,476.500000000,9,0,13876,893706842,476.500000000,477.500000000,9,2,1,1,ESU6 C6500
2026-03-24T18:15:42.476439300Z,2026-03-24T18:15:42.007217267Z,1,1,2550758,T,B,0,9.000000000,1,0,11590,352614105,8.800000000,9.000000000,1083,3,8,2,UD:1V: VT 2550758
2026-03-24T18:16:08.768163868Z,2026-03-24T18:16:08.759778663Z,1,1,2566669,T,A,0,74.250000000,16,0,11195,352732539,74.250000000,74.500000000,39,39,1,1,UD:1V: VT 2566669
2026-03-24T18:16:20.387135662Z,2026-03-24T18:16:20.245766509Z,1,1,2545541,T,A,0,88.000000000,39,0,13819,352791578,88.000000000,88.250000000,39,258,1,6,UD:1V: VT 2545541
2026-03-24T18:16:20.484859849Z,2026-03-24T18:16:20.455394637Z,1,1,2545541,T,A,0,88.000000000,5,0,15795,352792667,88.000000000,88.250000000,5,258,1,6,UD:1V: VT 2545541
2026-03-24T18:16:53.961972745Z,2026-03-24T18:16:53.958117173Z,1,1,42394754,T,A,0,147.500000000,1,0,12748,894642771,147.500000000,148.000000000,1,112,1,8,ESM6 P6200
2026-03-24T18:17:17.335949449Z,2026-03-24T18:17:17.098255197Z,1,1,42378450,T,B,0,137.000000000,1,0,11316,894890724,136.500000000,137.000000000,93,1,6,1,ESM6 P6150
2026-03-24T18:17:41.899485403Z,2026-03-24T18:17:41.449932217Z,1,1,2566185,T,B,0,49.250000000,2,0,14468,353167850,49.000000000,49.250000000,188,2,4,1,UD:1V: VT 2566185
2026-03-24T18:17:44.886946723Z,2026-03-24T18:17:44.826774631Z,1,1,42372949,T,A,0,154.500000000,1,0,15907,895173029,154.500000000,155.000000000,1,78,1,5,ESM6 C6800
2026-03-24T18:18:02.576022374Z,2026-03-24T18:18:02.513572893Z,1,1,2566185,T,B,0,49.250000000,2,0,14113,353264191,49.000000000,49.250000000,188,2,4,1,UD:1V: VT 2566185
2026-03-24T18:18:05.600547934Z,2026-03-24T18:18:05.416688891Z,1,1,42394743,T,B,0,50.250000000,1,0,15252,895370238,50.000000000,50.250000000,234,1,6,1,ESM6 P5400
2026-03-24T18:18:28.167009350Z,2026-03-24T18:18:28.067036417Z,1,1,42409647,T,B,0,30.250000000,23,0,14567,895581100,30.000000000,30.250000000,280,23,8,1,ESM6 P4950
2026-03-24T18:18:32.234916802Z,2026-03-24T18:18:32.234384403Z,1,1,42404354,T,B,0,28.750000000,25,0,16930,895613333,28.500000000,28.750000000,256,25,8,1,ESM6 P4900
2026-03-24T18:19:29.795279434Z,2026-03-24T18:19:29.680153253Z,1,1,2566185,T,B,0,49.000000000,2,0,13212,353712065,48.750000000,49.000000000,188,2,4,1,UD:1V: VT 2566185
2026-03-24T18:19:49.444604206Z,2026-03-24T18:19:49.440859177Z,1,1,2566185,T,B,0,49.000000000,2,0,14210,353859837,48.750000000,49.000000000,187,2,4,1,UD:1V: VT 2566185
2026-03-24T18:20:04.561348625Z,2026-03-24T18:20:02.267107551Z,1,1,42804680,T,B,0,200.000000000,20,0,19271,896759119,199.000000000,200.000000000,53,20,1,1,ESM6 P6425
2026-03-24T18:20:09.528476444Z,2026-03-24T18:20:07.188725131Z,1,1,42394633,T,B,0,19.500000000,1,0,15307,896832500,19.300000000,19.500000000,124,1,1,1,ESM6 P4500
2026-03-24T18:20:14.594977027Z,2026-03-24T18:20:13.766754391Z,1,1,42366462,T,B,0,27.000000000,20,0,11557,896913931,26.750000000,27.000000000,60,23,3,1,ESM6 P4850
2026-03-24T18:20:19.827806239Z,2026-03-24T18:20:19.350101427Z,1,1,42366462,T,B,0,27.000000000,3,0,17547,896994465,26.750000000,27.000000000,276,3,7,1,ESM6 P4850
2026-03-24T18:20:19.828098006Z,2026-03-24T18:20:19.352477635Z,1,1,42372931,T,B,0,35.000000000,18,0,11318,896994472,34.750000000,35.000000000,96,18,4,1,ESM6 P5100
2026-03-24T18:20:19.828512302Z,2026-03-24T18:20:19.353275545Z,1,1,42399612,T,B,0,37.000000000,17,0,12953,896994480,36.750000000,37.000000000,95,17,4,1,ESM6 P5150
2026-03-24T18:20:41.835704891Z,2026-03-24T18:20:41.835078707Z,1,1,2566669,T,A,0,74.000000000,21,0,16490,354214796,74.000000000,74.250000000,39,39,1,1,UD:1V: VT 2566669
2026-03-24T18:20:55.661876689Z,2026-03-24T18:20:55.593882313Z,1,1,42378449,T,A,0,110.000000000,1,0,14151,897352156,110.000000000,110.500000000,1,239,1,5,ESM6 P6000
2026-03-24T18:20:58.403716592Z,2026-03-24T18:20:58.300332511Z,1,1,2566669,T,A,0,74.000000000,28,0,16912,354295712,74.000000000,74.250000000,90,39,1,1,UD:1V: VT 2566669
2026-03-24T18:21:04.585907756Z,2026-03-24T18:21:04.200857029Z,1,1,2566669,T,A,0,74.000000000,24,0,13740,354333922,74.000000000,74.250000000,91,39,1,1,UD:1V: VT 2566669
2026-03-24T18:22:42.455272444Z,2026-03-24T18:22:42.343509967Z,1,1,2557348,T,A,0,100.000000000,39,0,15741,354788997,100.000000000,100.500000000,39,418,1,3,UD:1V: VT 2557348
2026-03-24T18:22:44.499212070Z,2026-03-24T18:22:44.498209869Z,1,1,2575338,T,B,0,-0.600000000,1,0,13984,354797095,-1.150000000,-0.600000000,3,4,1,2,UD:1V: RR 2575338
2026-03-24T18:23:17.915909825Z,2026-03-24T18:23:17.809698805Z,1,1,2566669,T,A,0,74.000000000,11,0,14172,354949032,74.000000000,74.250000000,39,39,1,1,UD:1V: VT 2566669
2026-03-24T18:24:51.311724246Z,2026-03-24T18:24:51.311220001Z,1,1,2575338,T,A,0,1.750000000,1,0,16644,355323086,1.750000000,2.150000000,1,40,1,3,UD:1V: RR 2575338
2026-03-24T18:25:41.974297590Z,2026-03-24T18:25:41.762661725Z,1,1,42506003,T,A,0,400.000000000,1,0,10256,899966023,400.000000000,400.500000000,1,19,1,1,ESZ6 P6550
2026-03-24T18:27:28.472857948Z,2026-03-24T18:27:28.144535237Z,1,1,746709,T,B,0,670.000000000,1,0,11095,900899182,669.000000000,670.000000000,1,1,1,1,ESZ6 C6400
2026-03-24T18:27:28.741731436Z,2026-03-24T18:27:28.255714741Z,1,1,42396443,T,B,0,135.000000000,1,0,16094,900903625,134.500000000,135.000000000,11,1,4,1,ESM6 C6850
2026-03-24T18:27:37.301754520Z,2026-03-24T18:27:37.101737991Z,1,1,42446245,T,B,0,485.500000000,1,0,17271,900992177,484.000000000,485.500000000,4,1,2,1,ESM6 P7050
2026-03-24T18:27:43.495133956Z,2026-03-24T18:27:43.292085027Z,1,1,2571010,T,A,0,9.200000000,2,0,13152,356083807,9.200000000,9.400000000,2,430,1,4,UD:1V: VT 2571010
2026-03-24T18:27:43.690709438Z,2026-03-24T18:27:43.336844761Z,1,1,42394731,T,A,0,31.250000000,2,0,14479,901078461,31.250000000,31.500000000,2,216,2,5,ESM6 P5000
2026-03-24T18:27:46.893873214Z,2026-03-24T18:27:46.594431299Z,1,1,42409648,T,A,0,214.500000000,1,0,12828,901124080,214.500000000,215.000000000,1,34,1,4,ESM6 C6700
2026-03-24T18:27:53.872684233Z,2026-03-24T18:27:53.603891329Z,1,1,629992,T,B,0,604.000000000,1,0,16428,901209498,603.000000000,604.000000000,2,1,1,1,ESZ6 C6500
2026-03-24T18:27:54.007978990Z,2026-03-24T18:27:53.653169005Z,1,1,2553724,T,B,0,26.500000000,120,0,14709,356158942,26.000000000,26.500000000,834,204,3,1,UD:1V: GN 2553724
2026-03-24T18:27:54.031206737Z,2026-03-24T18:27:53.653848865Z,1,1,2553724,T,B,0,26.500000000,84,0,18704,356158977,26.000000000,26.500000000,834,84,3,1,UD:1V: GN 2553724
2026-03-24T18:27:54.795976078Z,2026-03-24T18:27:54.122815783Z,1,1,42458397,T,B,0,297.000000000,8,0,11468,901224214,296.500000000,297.000000000,2,17,1,1,ESU6 C6800
2026-03-24T18:28:06.082742012Z,2026-03-24T18:28:06.041702409Z,1,1,2549454,T,B,0,33.250000000,2,0,13746,356253004,33.000000000,33.250000000,384,2,6,1,UD:1V: VT 2549454
2026-03-24T18:28:30.501821352Z,2026-03-24T18:28:30.351102445Z,1,1,2566185,T,B,0,48.500000000,2,0,17100,356421413,48.250000000,48.500000000,173,2,4,1,UD:1V: VT 2566185
2026-03-24T18:28:47.408210393Z,2026-03-24T18:28:47.245709513Z,1,1,2566185,T,B,0,48.500000000,2,0,12316,356479382,48.250000000,48.500000000,173,2,4,1,UD:1V: VT 2566185
2026-03-24T18:28:53.715350876Z,2026-03-24T18:28:53.682786919Z,1,1,42416106,T,A,0,6.900000000,2,0,17974,901906203,6.900000000,7.100000000,2,155,1,3,ESM6 C7450
2026-03-24T18:28:54.086826032Z,2026-03-24T18:28:54.060668511Z,1,1,42416106,T,A,0,6.800000000,24,0,16918,901908046,6.800000000,7.100000000,66,155,3,3,ESM6 C7450
2026-03-24T18:28:54.380808619Z,2026-03-24T18:28:54.296820397Z,1,1,42416106,T,A,0,6.800000000,24,0,16505,901913366,6.800000000,7.100000000,42,155,2,3,ESM6 C7450
2026-03-24T18:29:05.452219673Z,2026-03-24T18:29:04.845409481Z,1,1,42416106,T,A,0,6.900000000,2,0,12484,902027977,6.900000000,7.100000000,2,180,1,5,ESM6 C7450
2026-03-24T18:29:11.645273148Z,2026-03-24T18:29:11.644708317Z,1,1,42416106,T,A,0,6.900000000,2,0,13629,902095573,6.900000000,7.100000000,2,225,1,6,ESM6 C7450
2026-03-24T18:29:28.595273591Z,2026-03-24T18:29:28.366277655Z,1,1,2566669,T,A,0,73.750000000,10,0,14266,356686025,73.750000000,74.000000000,39,39,1,1,UD:1V: VT 2566669
2026-03-24T18:29:39.738579028Z,2026-03-24T18:29:37.684032871Z,1,1,2575486,T,B,0,2.400000000,1,0,16339,356751386,2.300000000,2.400000000,864,1,5,1,UD:1V: VT 2575486
2026-03-24T18:29:50.765123201Z,2026-03-24T18:29:50.674569911Z,1,1,42372953,T,B,0,112.000000000,1,0,12790,902552637,111.500000000,112.000000000,86,1,8,1,ESM6 C6900
2026-03-24T18:30:18.730090863Z,2026-03-24T18:30:18.560652149Z,1,1,42760603,T,A,0,66.250000000,6,0,11141,902844567,66.250000000,66.750000000,6,89,1,3,ESM6 C7025
2026-03-24T18:30:20.351717022Z,2026-03-24T18:30:20.091098285Z,1,1,42378346,T,A,0,5.400000000,2,0,13295,902872970,5.400000000,5.500000000,2,30,1,2,ESM6 C7500
2026-03-24T18:30:26.724425490Z,2026-03-24T18:30:26.720713563Z,1,1,42378346,T,A,0,5.400000000,2,0,13864,902950405,5.400000000,5.600000000,2,120,1,6,ESM6 C7500
2026-03-24T18:30:44.628666377Z,2026-03-24T18:30:43.962722897Z,1,1,42378346,T,A,0,5.400000000,2,0,14961,903160067,5.400000000,5.500000000,2,13,1,1,ESM6 C7500
2026-03-24T18:30:56.180206469Z,2026-03-24T18:30:55.979679457Z,1,1,42378373,T,A,0,77.250000000,7,0,15804,903284491,77.250000000,77.500000000,7,5,1,1,ESM6 P5750
2026-03-24T18:31:37.845234516Z,2026-03-24T18:31:37.605304795Z,1,1,2571010,T,A,0,9.200000000,2,0,14485,357435581,9.200000000,9.500000000,2,619,1,7,UD:1V: VT 2571010
2026-03-24T18:31:43.114386310Z,2026-03-24T18:31:43.094282711Z,1,1,42630141,T,B,0,10.000000000,1,0,13287,903806564,9.900000000,10.000000000,36,1,3,1,ESM6 P3750
2026-03-24T18:31:44.127357575Z,2026-03-24T18:31:44.126786675Z,1,1,2571010,T,A,0,9.200000000,2,0,13786,357478905,9.200000000,9.400000000,2,686,1,7,UD:1V: VT 2571010
2026-03-24T18:31:50.359083843Z,2026-03-24T18:31:50.340146839Z,1,1,2571010,T,A,0,9.200000000,2,0,13631,357526173,9.200000000,9.400000000,2,569,1,6,UD:1V: VT 2571010
2026-03-24T18:31:56.810080527Z,2026-03-24T18:31:56.800411619Z,1,1,2571010,T,A,0,9.200000000,2,0,13019,357562946,9.200000000,9.400000000,2,566,1,6,UD:1V: VT 2571010
2026-03-24T18:32:00.296030097Z,2026-03-24T18:31:59.654237161Z,1,1,4249047,T,B,0,362.000000000,1,0,13203,904019300,361.000000000,362.000000000,19,1,2,1,ESZ6 C6900
2026-03-24T18:32:04.104205450Z,2026-03-24T18:32:03.765234821Z,1,1,2571010,T,A,0,9.100000000,25,0,15558,357614125,9.100000000,9.400000000,587,563,8,6,UD:1V: VT 2571010
2026-03-24T18:32:13.116602783Z,2026-03-24T18:32:12.608794289Z,1,1,2571010,T,A,0,9.100000000,2,0,11238,357683870,9.100000000,9.300000000,2,376,1,4,UD:1V: VT 2571010
2026-03-24T18:32:14.160659051Z,2026-03-24T18:32:13.202130399Z,1,1,2568964,T,B,0,15.200000000,6,0,14950,357692281,15.000000000,15.200000000,1317,6,5,2,UD:1V: VT 2568964
2026-03-24T18:32:20.865581385Z,2026-03-24T18:32:20.142883193Z,1,1,2571010,T,A,0,9.100000000,2,0,16643,357748381,9.100000000,9.300000000,2,298,1,3,UD:1V: VT 2571010
2026-03-24T18:32:27.039734339Z,2026-03-24T18:32:26.663847235Z,1,1,2571010,T,A,0,9.100000000,25,0,16668,357801497,9.100000000,9.300000000,25,298,1,3,UD:1V: VT 2571010
2026-03-24T18:32:27.276082884Z,2026-03-24T18:32:27.182710877Z,1,1,2571010,T,A,0,9.100000000,98,0,12995,357804023,9.100000000,9.300000000,329,536,2,7,UD:1V: VT 2571010
2026-03-24T18:32:42.759439588Z,2026-03-24T18:32:42.585224159Z,1,1,2566185,T,B,0,47.750000000,2,0,13138,357880193,47.500000000,47.750000000,173,2,4,1,UD:1V: VT 2566185
2026-03-24T18:32:50.269173915Z,2026-03-24T18:32:50.218087023Z,1,1,2550553,T,B,0,110.000000000,1,0,13401,357908423,109.500000000,110.000000000,120,10,5,1,UD:1V: VT 2550553
2026-03-24T18:32:50.281767343Z,2026-03-24T18:32:50.221927767Z,1,1,2550553,T,B,0,110.000000000,1,0,16026,357908509,109.500000000,110.000000000,120,9,5,1,UD:1V: VT 2550553
2026-03-24T18:32:50.293593023Z,2026-03-24T18:32:50.225235653Z,1,1,2550553,T,B,0,110.000000000,8,0,13819,357908604,109.500000000,110.000000000,120,8,5,1,UD:1V: VT 2550553
2026-03-24T18:33:08.439890049Z,2026-03-24T18:33:07.916404891Z,1,1,42394754,T,B,0,142.500000000,1,0,13013,904847228,141.500000000,142.500000000,155,1,10,1,ESM6 P6200
2026-03-24T18:33:12.271286703Z,2026-03-24T18:33:11.054056049Z,1,1,2566185,T,B,0,48.000000000,2,0,14045,358019822,47.750000000,48.000000000,188,2,4,1,UD:1V: VT 2566185
2026-03-24T18:33:17.105359127Z,2026-03-24T18:33:17.053158779Z,1,1,42378449,T,B,0,108.000000000,1,0,11134,904983950,107.500000000,108.000000000,101,1,5,1,ESM6 P6000
2026-03-24T18:33:22.683335159Z,2026-03-24T18:33:22.682814789Z,1,1,42366511,T,B,0,3.600000000,2,0,13512,905056726,3.400000000,3.600000000,42,200,3,3,ESM6 C7600
2026-03-24T18:33:28.711328171Z,2026-03-24T18:33:28.710829371Z,1,1,42384724,T,B,0,27.750000000,1,0,13765,905125370,27.250000000,27.750000000,29,134,3,6,ESM6 C7200
2026-03-24T18:33:42.806709246Z,2026-03-24T18:33:42.806367659Z,1,1,42384307,T,A,0,12.700000000,1,0,17134,905233665,12.700000000,12.800000000,1,423,1,7,ESM6 P4000
2026-03-24T18:33:46.493390927Z,2026-03-24T18:33:46.493086245Z,1,1,42384307,T,A,0,12.700000000,1,0,17948,905265325,12.700000000,12.800000000,1,423,1,7,ESM6 P4000
2026-03-24T18:34:05.441149481Z,2026-03-24T18:34:05.361153469Z,1,1,42372983,T,B,0,115.500000000,18,0,10290,905434598,115.000000000,115.500000000,8,18,3,1,ESM6 P6050
2026-03-24T18:34:42.281857428Z,2026-03-24T18:34:42.144627833Z,1,1,42409648,T,A,0,215.500000000,1,0,13232,905784762,215.500000000,216.000000000,1,50,1,4,ESM6 C6700
2026-03-24T18:34:43.742085998Z,2026-03-24T18:34:43.286926221Z,1,1,42394743,T,B,0,49.000000000,1,0,12141,905804134,48.500000000,49.000000000,175,161,6,5,ESM6 P5400
2026-03-24T18:34:43.801783841Z,2026-03-24T18:34:43.287044629Z,1,1,2566185,T,B,0,48.000000000,2,0,11190,358460790,47.750000000,48.000000000,190,2,4,1,UD:1V: VT 2566185
2026-03-24T18:34:45.370578643Z,2026-03-24T18:34:45.183467199Z,1,1,42372953,T,A,0,113.000000000,1,0,17218,905829669,113.000000000,113.500000000,5,35,3,2,ESM6 C6900
2026-03-24T18:34:50.978893019Z,2026-03-24T18:34:50.952627977Z,1,1,42394743,T,B,0,49.000000000,1,0,14221,905875803,48.500000000,49.000000000,178,1,7,1,ESM6 P5400
2026-03-24T18:34:51.309622711Z,2026-03-24T18:34:50.952875109Z,1,1,2575672,T,B,0,3.600000000,1,0,11024,358497548,3.550000000,3.600000000,269,1,3,1,UD:1V: VT 2575672
2026-03-24T18:35:29.866780569Z,2026-03-24T18:35:29.866205223Z,1,1,42212203,T,A,0,20.750000000,1,0,13651,906262856,20.750000000,21.000000000,1,81,1,4,ESM6 C7250
2026-03-24T18:37:21.058720809Z,2026-03-24T18:37:20.565526953Z,1,1,42396443,T,B,0,137.000000000,1,0,16290,907184350,136.500000000,137.000000000,47,1,8,1,ESM6 C6850
2026-03-24T18:37:30.208400001Z,2026-03-24T18:37:29.716733333Z,1,1,42394761,T,B,0,152.000000000,13,0,11827,907289651,151.500000000,152.000000000,2,15,1,1,ESM6 P6250
2026-03-24T18:38:57.094396487Z,2026-03-24T18:38:55.925373431Z,1,1,2571010,T,A,0,9.100000000,2,0,14030,359593107,9.100000000,9.300000000,2,366,1,4,UD:1V: VT 2571010
2026-03-24T18:38:58.803188404Z,2026-03-24T18:38:56.830015923Z,1,1,42366509,T,B,0,249.500000000,3,0,13048,908206888,249.000000000,249.500000000,3,3,1,1,ESM6 C6650
2026-03-24T18:39:01.840129822Z,2026-03-24T18:38:58.844703765Z,1,1,42315429,T,B,0,300.000000000,1,0,12463,908244680,299.500000000,300.000000000,25,1,1,1,ESZ8 C8500
2026-03-24T18:39:34.398725949Z,2026-03-24T18:39:34.389485273Z,1,1,2571010,T,A,0,9.100000000,2,0,14644,359837518,9.100000000,9.200000000,2,451,1,4,UD:1V: VT 2571010
2026-03-24T18:39:35.818093012Z,2026-03-24T18:39:35.520545999Z,1,1,42499829,T,B,0,37.000000000,23,0,11240,908667630,36.500000000,37.000000000,203,34,8,1,ESM6 C7150
2026-03-24T18:39:38.185369633Z,2026-03-24T18:39:36.071829627Z,1,1,2568964,T,B,0,15.300000000,6,0,14152,359862023,15.200000000,15.300000000,625,6,1,2,UD:1V: VT 2568964
2026-03-24T18:39:39.006590438Z,2026-03-24T18:39:36.390959949Z,1,1,42372953,T,B,0,117.000000000,1,0,11335,908711530,106.000000000,117.000000000,2,1,1,1,ESM6 C6900
2026-03-24T18:39:54.425873705Z,2026-03-24T18:39:54.120676063Z,1,1,2550662,T,A,0,165.500000000,10,0,14134,359982543,165.500000000,167.500000000,10,22,1,1,UD:1V: GN 2550662
2026-03-24T18:40:03.866698620Z,2026-03-24T18:40:02.686109075Z,1,1,42413515,T,A,0,42.750000000,1,0,16782,909072113,42.750000000,43.750000000,182,36,3,1,ESU6 C7500
2026-03-24T18:40:08.780528463Z,2026-03-24T18:40:08.101981111Z,1,1,42404367,T,A,0,120.000000000,1,0,15749,909152823,120.000000000,121.000000000,38,27,6,3,ESM6 P6100
2026-03-24T18:40:11.280392324Z,2026-03-24T18:40:11.279494961Z,1,1,42404367,T,B,0,120.500000000,1,0,14508,909198424,120.000000000,120.500000000,74,1,6,1,ESM6 P6100
2026-03-24T18:40:14.846114552Z,2026-03-24T18:40:14.845603885Z,1,1,42404367,T,B,0,120.500000000,1,0,14355,909237802,120.000000000,120.500000000,134,1,10,1,ESM6 P6100
2026-03-24T18:40:31.263271006Z,2026-03-24T18:40:31.262224887Z,1,1,42372969,T,B,0,78.000000000,5,0,11986,909448481,77.500000000,78.000000000,93,32,6,2,ESM6 C7000
2026-03-24T18:40:47.267944440Z,2026-03-24T18:40:47.109261863Z,1,1,42372969,T,B,0,78.000000000,5,0,15137,909628767,77.500000000,78.000000000,68,32,6,2,ESM6 C7000
2026-03-24T18:41:12.412737369Z,2026-03-24T18:41:12.009470381Z,1,1,42629927,T,B,0,111.500000000,8,0,11688,909942587,110.500000000,111.500000000,65,8,3,1,ESM6 P6040
2026-03-24T18:42:17.521743289Z,2026-03-24T18:42:15.932123899Z,1,1,2553851,T,A,0,1.850000000,26,0,16142,360969917,1.850000000,1.950000000,106,2058,1,2,UD:1V: BO 2553851
2026-03-24T18:42:17.601010673Z,2026-03-24T18:42:16.054213783Z,1,1,42372931,T,A,0,34.500000000,2,0,13737,910872310,34.500000000,34.750000000,8,2,1,1,ESM6 P5100
2026-03-24T18:42:20.136753742Z,2026-03-24T18:42:18.467245597Z,1,1,42372983,T,B,0,116.500000000,9,0,14032,910914367,116.000000000,116.500000000,4,60,1,1,ESM6 P6050
2026-03-24T18:43:23.137531678Z,2026-03-24T18:43:21.893750587Z,1,1,2545533,T,B,0,103.000000000,2,0,14138,361428417,102.000000000,103.000000000,2,2,1,1,UD:1V: VT 2545533
2026-03-24T18:43:23.153953886Z,2026-03-24T18:43:21.911810971Z,1,1,2545533,T,A,0,103.000000000,3,0,13713,361428597,103.000000000,103.500000000,3,79,1,2,UD:1V: VT 2545533
2026-03-24T18:44:42.852206382Z,2026-03-24T18:44:42.851647419Z,1,1,42456919,T,B,0,10.800000000,1,0,13842,912662230,10.700000000,10.800000000,395,1,8,1,ESM6 P3850
2026-03-24T18:44:58.924283631Z,2026-03-24T18:44:58.919273051Z,1,1,42384724,T,A,0,27.750000000,1,0,13402,912835485,27.750000000,28.000000000,1,127,1,5,ESM6 C7200
2026-03-24T18:45:50.981503556Z,2026-03-24T18:45:50.444340851Z,1,1,42384724,T,A,0,27.750000000,1,0,14617,913356575,27.750000000,28.000000000,1,123,1,6,ESM6 C7200
2026-03-24T18:46:25.544517071Z,2026-03-24T18:46:25.174567103Z,1,1,2566185,T,B,0,48.000000000,2,0,23392,362295000,47.750000000,48.000000000,54,2,3,1,UD:1V: VT 2566185
2026-03-24T18:47:08.087025339Z,2026-03-24T18:47:08.079934159Z,1,1,42647777,T,A,0,113.500000000,30,0,24077,914180681,113.500000000,114.500000000,30,52,1,2,ESH7 C7750
2026-03-24T18:47:08.107211205Z,2026-03-24T18:47:08.099138217Z,1,1,42647777,T,B,0,113.500000000,20,0,15934,914180905,112.500000000,113.500000000,17,20,3,1,ESH7 C7750
2026-03-24T18:47:22.725392855Z,2026-03-24T18:47:22.724777039Z,1,1,2576043,T,B,0,9.200000000,2,0,13318,362545906,8.900000000,9.200000000,2,2,1,1,UD:1V: GN 2576043
2026-03-24T18:47:42.286188822Z,2026-03-24T18:47:42.149050529Z,1,1,2566185,T,B,0,48.000000000,2,0,14051,362625148,47.750000000,48.000000000,190,2,4,1,UD:1V: VT 2566185
2026-03-24T18:47:44.195758307Z,2026-03-24T18:47:44.047848531Z,1,1,42366506,T,B,0,23.250000000,2,0,11605,914533999,23.000000000,23.250000000,326,2,10,1,ESM6 P4700
2026-03-24T18:47:45.380005999Z,2026-03-24T18:47:45.379458485Z,1,1,42372981,T,A,0,0.800000000,1,0,13105,914556129,0.800000000,0.950000000,736,190,5,2,ESM6 C8000
2026-03-24T18:48:46.507316857Z,2026-03-24T18:48:46.246608463Z,1,1,2566185,T,B,0,48.000000000,2,0,13221,362916310,47.750000000,48.000000000,190,2,4,1,UD:1V: VT 2566185
2026-03-24T18:51:02.070367061Z,2026-03-24T18:51:01.724194663Z,1,1,42366506,T,B,0,23.250000000,10,0,17734,916267505,23.000000000,23.250000000,278,10,9,1,ESM6 P4700
2026-03-24T18:51:05.786618803Z,2026-03-24T18:51:05.786095869Z,1,1,42384779,T,B,0,252.500000000,1,0,17373,916311568,251.500000000,252.500000000,62,92,6,9,ESM6 P6600
2026-03-24T18:51:08.667744126Z,2026-03-24T18:51:08.295444171Z,1,1,42384779,T,A,0,251.500000000,6,0,13792,916336974,251.500000000,252.000000000,9,22,1,3,ESM6 P6600
2026-03-24T18:51:08.675576779Z,2026-03-24T18:51:08.295504089Z,1,1,42384779,T,A,0,251.500000000,3,0,12745,916337100,251.500000000,252.000000000,3,22,1,3,ESM6 P6600
2026-03-24T18:51:20.124642833Z,2026-03-24T18:51:19.991103345Z,1,1,42760606,T,A,0,260.000000000,3,0,11306,916436775,260.000000000,260.500000000,3,53,1,5,ESM6 P6625
2026-03-24T18:52:57.482494668Z,2026-03-24T18:52:56.985799525Z,1,1,42366509,T,B,0,247.000000000,3,0,13101,917215941,246.500000000,247.000000000,5,3,2,1,ESM6 C6650
2026-03-24T18:53:10.003229411Z,2026-03-24T18:53:09.964564147Z,1,1,42384646,T,A,0,22.000000000,2,0,14073,917366659,22.000000000,22.250000000,2,178,1,5,ESM6 P4650
2026-03-24T18:53:10.003413683Z,2026-03-24T18:53:09.964566373Z,1,1,42399597,T,A,0,18.400000000,2,0,11634,917366661,18.400000000,18.500000000,2,128,1,1,ESM6 P4450
2026-03-24T18:53:14.426583991Z,2026-03-24T18:53:14.404367545Z,1,1,2568964,T,B,0,15.200000000,3,0,11315,363892080,15.000000000,15.200000000,1589,3,8,1,UD:1V: VT 2568964
2026-03-24T18:55:28.345708675Z,2026-03-24T18:55:28.226259519Z,1,1,42399706,T,A,0,288.500000000,1,0,13915,918817938,288.500000000,289.000000000,1,8,1,4,ESM6 P6700
2026-03-24T18:56:32.905878521Z,2026-03-24T18:56:32.879562511Z,1,1,42626649,T,A,0,184.000000000,1,0,13801,919517804,184.000000000,184.500000000,1,26,1,1,ESH7 C7500
2026-03-24T18:56:38.643916351Z,2026-03-24T18:56:38.123785457Z,1,1,42384779,T,B,0,254.000000000,9,0,14215,919592731,253.500000000,254.000000000,20,9,2,1,ESM6 P6600
2026-03-24T18:57:06.471846019Z,2026-03-24T18:57:06.394804697Z,1,1,2566669,T,A,0,73.500000000,15,0,15861,365048691,73.500000000,73.750000000,39,257,1,3,UD:1V: VT 2566669
2026-03-24T18:57:13.930231485Z,2026-03-24T18:57:13.919178159Z,1,1,42783705,T,B,0,160.000000000,26,0,14969,919989489,159.500000000,160.000000000,96,26,5,1,ESM6 P6275
2026-03-24T18:57:29.135901828Z,2026-03-24T18:57:29.094612041Z,1,1,2566185,T,B,0,48.250000000,2,0,15267,365124614,48.000000000,48.250000000,189,2,4,1,UD:1V: VT 2566185
2026-03-24T18:57:49.943492516Z,2026-03-24T18:57:49.935767347Z,1,1,42783705,T,B,0,160.000000000,26,0,18430,920293830,159.500000000,160.000000000,41,26,5,1,ESM6 P6275
2026-03-24T18:58:22.408628576Z,2026-03-24T18:58:22.401012373Z,1,1,42378541,T,B,0,166.000000000,24,0,15835,920565321,165.500000000,166.000000000,82,24,5,1,ESM6 P6300
2026-03-24T18:58:27.618597228Z,2026-03-24T18:58:27.601242977Z,1,1,42378541,T,B,0,166.000000000,24,0,16971,920606239,165.500000000,166.000000000,122,24,7,1,ESM6 P6300
2026-03-24T18:58:43.028827531Z,2026-03-24T18:58:42.555418933Z,1,1,42384307,T,A,0,12.500000000,2,0,11438,920737222,12.500000000,12.600000000,2,186,2,3,ESM6 P4000
2026-03-24T18:58:44.369701985Z,2026-03-24T18:58:43.682446073Z,1,1,2563502,T,A,0,21.250000000,2,0,15059,365387170,21.250000000,21.500000000,2,355,1,5,UD:1V: BO 2563502
2026-03-24T18:58:53.575293990Z,2026-03-24T18:58:52.126196415Z,1,1,2563502,T,A,0,21.250000000,2,0,14304,365450122,21.250000000,21.500000000,2,319,1,4,UD:1V: BO 2563502
2026-03-24T18:59:57.036375655Z,2026-03-24T18:59:56.929985469Z,1,1,42629927,T,B,0,114.500000000,25,0,14176,921421332,114.000000000,114.500000000,107,30,7,1,ESM6 P6040
2026-03-24T19:01:22.702885492Z,2026-03-24T19:01:22.464344151Z,1,1,2576448,T,A,0,103.500000000,2,0,13994,366147992,103.500000000,104.000000000,2,57,1,5,UD:1V: GN 2576448
2026-03-24T19:01:38.539793768Z,2026-03-24T19:01:38.539252039Z,1,1,42366510,T,A,0,47.250000000,1,0,16108,922611435,47.250000000,47.500000000,1,110,1,6,ESM6 C7100
2026-03-24T19:02:10.975737918Z,2026-03-24T19:02:10.814009575Z,1,1,42384779,T,A,0,249.500000000,9,0,15325,922938781,249.500000000,250.000000000,9,58,1,5,ESM6 P6600
2026-03-24T19:04:02.643955444Z,2026-03-24T19:04:02.407521337Z,1,1,2566185,T,B,0,47.750000000,2,0,13719,366783937,47.500000000,47.750000000,174,2,4,1,UD:1V: VT 2566185
2026-03-24T19:04:33.930061073Z,2026-03-24T19:04:33.906538599Z,1,1,42559356,T,A,0,570.000000000,2,0,16392,924173396,570.000000000,571.000000000,2,3,1,1,ESH7 P6900
2026-03-24T19:04:37.046163369Z,2026-03-24T19:04:37.045078713Z,1,1,2545536,T,A,0,48.000000000,1,0,14651,366878714,48.000000000,48.250000000,1,40,1,3,UD:1V: VT 2545536
2026-03-24T19:05:00.856673238Z,2026-03-24T19:05:00.789113367Z,1,1,42384779,T,B,0,251.000000000,9,0,11149,924392538,250.500000000,251.000000000,66,9,8,1,ESM6 P6600
2026-03-24T19:05:02.740118514Z,2026-03-24T19:05:01.746761695Z,1,1,2566185,T,B,0,48.000000000,2,0,12451,366969654,47.750000000,48.000000000,190,2,4,1,UD:1V: VT 2566185
2026-03-24T19:07:40.558911653Z,2026-03-24T19:07:40.558418593Z,1,1,42536178,T,B,0,247.500000000,2,0,14533,925719553,246.000000000,247.500000000,54,29,4,1,ESH7 P5800
2026-03-24T19:08:17.529869468Z,2026-03-24T19:08:17.529509307Z,1,1,559948,T,A,0,13.700000000,1,0,12620,925999908,13.700000000,13.800000000,1,185,1,2,ESZ6 P2600
2026-03-24T19:09:05.535006947Z,2026-03-24T19:09:05.379311007Z,1,1,42366506,T,A,0,23.000000000,2,0,15603,926427436,23.000000000,23.250000000,2,264,1,7,ESM6 P4700
2026-03-24T19:09:12.046436777Z,2026-03-24T19:09:12.045933587Z,1,1,42366506,T,A,0,23.000000000,2,0,14608,926478921,23.000000000,23.250000000,2,265,1,8,ESM6 P4700
2026-03-24T19:09:12.408350774Z,2026-03-24T19:09:12.407744525Z,1,1,2576657,T,A,0,11.500000000,1,0,14200,367780644,11.500000000,11.700000000,1,46,1,5,UD:1V: GN 2576657
2026-03-24T19:09:18.614900179Z,2026-03-24T19:09:18.614122413Z,1,1,2576702,T,A,0,0.700000000,1,0,16756,367793126,0.700000000,0.750000000,1,2,1,1,UD:1V: CO 2576702
2026-03-24T19:09:18.745645327Z,2026-03-24T19:09:18.704573597Z,1,1,42366506,T,A,0,23.000000000,2,0,16278,926520420,23.000000000,23.250000000,2,315,1,9,ESM6 P4700
2026-03-24T19:09:57.552139004Z,2026-03-24T19:09:57.531383479Z,1,1,42372885,T,A,0,20.000000000,2,0,11222,926883578,20.000000000,20.250000000,2,248,1,6,ESM6 P4550
2026-03-24T19:09:57.561224091Z,2026-03-24T19:09:57.543724573Z,1,1,42366463,T,A,0,24.000000000,2,0,11248,926884002,24.000000000,24.250000000,2,248,1,6,ESM6 P4750
2026-03-24T19:10:01.537770910Z,2026-03-24T19:10:01.378494285Z,1,1,2576448,T,A,0,103.500000000,1,0,14473,367965209,103.500000000,104.500000000,2,50,1,4,UD:1V: GN 2576448
2026-03-24T19:10:01.713422929Z,2026-03-24T19:10:01.712824323Z,1,1,2576448,T,A,0,103.500000000,1,0,13808,367966113,103.500000000,104.000000000,1,53,1,2,UD:1V: GN 2576448
2026-03-24T19:10:26.823496164Z,2026-03-24T19:10:26.820389895Z,1,1,42366510,T,B,0,47.000000000,1,0,14352,927085323,46.500000000,47.000000000,98,68,6,3,ESM6 C7100
2026-03-24T19:11:47.182645233Z,2026-03-24T19:11:47.181608347Z,1,1,2576779,T,B,0,-2.050000000,1,0,16512,368275857,-2.100000000,-2.050000000,26,386,2,2,UD:1V: GN 2576779
2026-03-24T19:11:59.418270702Z,2026-03-24T19:11:59.405793533Z,1,1,2553851,T,B,0,1.850000000,2,0,12890,368308370,1.700000000,1.850000000,2386,2,6,1,UD:1V: BO 2553851
2026-03-24T19:14:55.804333889Z,2026-03-24T19:14:55.140795579Z,1,1,42366463,T,A,0,23.750000000,2,0,12897,929060344,23.750000000,24.000000000,2,249,1,6,ESM6 P4750
2026-03-24T19:15:19.855294998Z,2026-03-24T19:15:19.854796757Z,1,1,42409648,T,B,0,218.000000000,1,0,13687,929290607,217.000000000,218.000000000,125,22,10,2,ESM6 C6700
2026-03-24T19:15:47.458541355Z,2026-03-24T19:15:47.340104271Z,1,1,42366460,T,B,0,15.200000000,5,0,12796,929502683,15.100000000,15.200000000,43,5,3,1,ESM6 P4250
2026-03-24T19:15:47.764894013Z,2026-03-24T19:15:47.477773615Z,1,1,42394619,T,B,0,16.600000000,5,0,12650,929509005,16.500000000,16.600000000,67,5,4,1,ESM6 P4350
2026-03-24T19:15:50.734901189Z,2026-03-24T19:15:50.734379777Z,1,1,42394740,T,B,0,37.750000000,4,0,13247,929540064,37.500000000,37.750000000,133,4,7,1,ESM6 P5200
2026-03-24T19:15:50.757616387Z,2026-03-24T19:15:50.755202941Z,1,1,42404354,T,B,0,27.500000000,5,0,14238,929540155,27.250000000,27.500000000,249,5,8,1,ESM6 P4900
2026-03-24T19:15:51.224980711Z,2026-03-24T19:15:51.223440441Z,1,1,42394619,T,B,0,16.600000000,5,0,13074,929544052,16.500000000,16.600000000,67,5,4,1,ESM6 P4350
2026-03-24T19:15:53.343281958Z,2026-03-24T19:15:53.342752017Z,1,1,42394740,T,B,0,37.750000000,4,0,12549,929557364,37.500000000,37.750000000,191,4,8,1,ESM6 P5200
2026-03-24T19:15:56.203148199Z,2026-03-24T19:15:55.906231233Z,1,1,42394740,T,B,0,37.750000000,4,0,13914,929592390,37.500000000,37.750000000,183,4,6,1,ESM6 P5200
2026-03-24T19:15:59.386723715Z,2026-03-24T19:15:59.377640619Z,1,1,42394740,T,B,0,37.750000000,4,0,13868,929618058,37.500000000,37.750000000,243,4,8,1,ESM6 P5200
2026-03-24T19:16:00.347721687Z,2026-03-24T19:16:00.182922639Z,1,1,42399597,T,B,0,18.100000000,5,0,11363,929626974,18.000000000,18.100000000,64,5,5,1,ESM6 P4450
2026-03-24T19:16:05.530256428Z,2026-03-24T19:16:04.650493367Z,1,1,42394619,T,B,0,16.600000000,5,0,13683,929703950,16.500000000,16.600000000,42,5,3,1,ESM6 P4350
2026-03-24T19:16:45.133772497Z,2026-03-24T19:16:45.127397239Z,1,1,42399646,T,B,0,2.400000000,2,0,15275,930035770,2.150000000,2.400000000,582,213,8,3,ESM6 C7700
2026-03-24T19:19:07.998611688Z,2026-03-24T19:19:07.992775095Z,1,1,43029220,T,A,0,41.500000000,9,0,14682,931229957,41.500000000,41.750000000,9,258,1,3,ESM6 P5275
2026-03-24T19:19:48.752044230Z,2026-03-24T19:19:48.574519189Z,1,1,42529459,T,B,0,123.500000000,5,0,14186,931534906,122.500000000,123.500000000,4,28,1,1,ESZ6 C7450
2026-03-24T19:20:03.562368388Z,2026-03-24T19:20:03.340293513Z,1,1,42529459,T,B,0,123.500000000,5,0,13737,931659235,122.500000000,123.500000000,35,28,3,1,ESZ6 C7450
2026-03-24T19:21:48.419209894Z,2026-03-24T19:21:48.053121069Z,1,1,2566185,T,B,0,48.000000000,2,0,14270,370182685,47.750000000,48.000000000,51,2,3,1,UD:1V: VT 2566185
2026-03-24T19:21:51.247521847Z,2026-03-24T19:21:50.642949065Z,1,1,42372983,T,B,0,115.500000000,44,0,15290,932537900,114.500000000,115.500000000,87,91,5,1,ESM6 P6050
2026-03-24T19:21:53.829201750Z,2026-03-24T19:21:53.497673885Z,1,1,42372953,T,A,0,113.000000000,2,0,15196,932578966,113.000000000,113.500000000,2,66,1,6,ESM6 C6900
2026-03-24T19:23:15.285300167Z,2026-03-24T19:23:15.223693929Z,1,1,2554987,T,B,0,36.500000000,2,0,13386,370521169,36.250000000,36.500000000,279,2,6,1,UD:1V: VT 2554987
2026-03-24T19:23:22.134926262Z,2026-03-24T19:23:21.537357069Z,1,1,42409648,T,A,0,214.500000000,1,0,15105,933377967,214.500000000,215.000000000,1,37,1,5,ESM6 C6700
2026-03-24T19:23:22.268210715Z,2026-03-24T19:23:21.602086483Z,1,1,42409648,T,A,0,214.500000000,1,0,12606,933380041,214.500000000,215.000000000,1,36,1,4,ESM6 C6700
2026-03-24T19:24:17.009463209Z,2026-03-24T19:24:16.948588305Z,1,1,42384646,T,A,0,21.750000000,2,0,12323,934025944,21.750000000,22.000000000,2,258,1,6,ESM6 P4650
2026-03-24T19:24:17.109269044Z,2026-03-24T19:24:16.949543703Z,1,1,42559350,T,A,0,98.250000000,7,0,11322,934027644,98.250000000,98.500000000,7,50,1,1,ESH7 P4700
2026-03-24T19:24:32.174559835Z,2026-03-24T19:24:32.121835769Z,1,1,42394754,T,A,0,142.000000000,1,0,11186,934189980,142.000000000,142.500000000,1,72,1,6,ESM6 P6200
2026-03-24T19:25:11.551878252Z,2026-03-24T19:25:11.447650969Z,1,1,42760625,T,A,0,225.000000000,2,0,16172,934485898,225.000000000,225.500000000,2,18,1,1,ESM6 P6525
2026-03-24T19:25:22.818777423Z,2026-03-24T19:25:22.818260385Z,1,1,42394733,T,B,0,43.000000000,3,0,13343,934597707,42.500000000,43.000000000,99,116,6,3,ESM6 P5300
2026-03-24T19:26:21.249725595Z,2026-03-24T19:26:20.861768389Z,1,1,2566669,T,B,0,73.500000000,39,0,13402,371266562,73.250000000,73.500000000,273,39,2,1,UD:1V: VT 2566669
2026-03-24T19:26:43.126869334Z,2026-03-24T19:26:42.390032239Z,1,1,2547677,T,B,0,54.000000000,1,0,14073,371348889,53.750000000,54.000000000,212,1,5,1,UD:1V: VT 2547677
2026-03-24T19:26:43.901710390Z,2026-03-24T19:26:42.836031079Z,1,1,2566185,T,B,0,48.250000000,2,0,14632,371353019,48.000000000,48.250000000,188,2,4,1,UD:1V: VT 2566185
2026-03-24T19:26:44.416378195Z,2026-03-24T19:26:43.551136323Z,1,1,2566669,T,B,0,73.750000000,39,0,13526,371357723,73.500000000,73.750000000,39,313,1,3,UD:1V: VT 2566669
2026-03-24T19:26:47.197167955Z,2026-03-24T19:26:46.921140265Z,1,1,42409639,T,B,0,5.500000000,1,0,12903,935361588,5.400000000,5.500000000,697,1,9,1,ESM6 P3200
2026-03-24T19:27:12.380871614Z,2026-03-24T19:27:12.380253737Z,1,1,2558128,T,B,0,90.750000000,1,0,13514,371456094,90.500000000,90.750000000,62,68,1,1,UD:1V: VT 2558128
2026-03-24T19:27:51.901388501Z,2026-03-24T19:27:51.900841765Z,1,1,2577251,T,A,0,12.500000000,1,0,14081,371540489,12.500000000,12.600000000,1,993,1,9,UD:1V: VT 2577251
2026-03-24T19:27:58.416679411Z,2026-03-24T19:27:58.416138291Z,1,1,2577212,T,A,0,1.600000000,1,0,14313,371568138,1.600000000,1.700000000,1,21,1,2,UD:1V: GN 2577212
2026-03-24T19:29:13.931360919Z,2026-03-24T19:29:13.666028441Z,1,1,42372949,T,A,0,157.500000000,3,0,19615,936587349,157.500000000,158.000000000,4,24,3,3,ESM6 C6800
2026-03-24T19:29:13.947981395Z,2026-03-24T19:29:13.666039781Z,1,1,42919944,T,A,0,145.000000000,2,0,12607,936587648,145.000000000,145.500000000,2,25,1,3,ESM6 C6825
2026-03-24T19:29:21.366671507Z,2026-03-24T19:29:21.336834435Z,1,1,42409658,T,A,0,58.750000000,10,0,17317,936640404,58.750000000,59.000000000,10,56,2,2,ESM6 P5550
2026-03-24T19:29:33.643190565Z,2026-03-24T19:29:33.612936201Z,1,1,42919944,T,A,0,145.000000000,2,0,17243,936714259,145.000000000,145.500000000,2,39,1,5,ESM6 C6825
2026-03-24T19:29:33.967487884Z,2026-03-24T19:29:33.961477207Z,1,1,42372949,T,A,0,157.500000000,2,0,14372,936716017,157.500000000,158.000000000,2,49,1,7,ESM6 C6800
2026-03-24T19:30:02.467647932Z,2026-03-24T19:30:01.523292773Z,1,1,42372949,T,A,0,157.000000000,2,0,13207,936949040,157.000000000,157.500000000,2,26,1,4,ESM6 C6800
2026-03-24T19:30:04.430925625Z,2026-03-24T19:30:04.426020683Z,1,1,42853786,T,A,0,57.000000000,4,0,12859,936977820,57.000000000,57.250000000,8,183,1,3,ESM6 P5525
2026-03-24T19:30:07.797864195Z,2026-03-24T19:30:07.562791933Z,1,1,42409639,T,B,0,5.600000000,3,0,14080,937019770,5.500000000,5.600000000,779,3,10,1,ESM6 P3200
2026-03-24T19:30:08.502880313Z,2026-03-24T19:30:08.455942619Z,1,1,2566185,T,B,0,48.500000000,2,0,13694,372037807,48.250000000,48.500000000,188,2,4,1,UD:1V: VT 2566185
2026-03-24T19:30:15.593640931Z,2026-03-24T19:30:14.721373223Z,1,1,2558424,T,B,0,17.800000000,2,0,17487,372082222,17.600000000,17.800000000,850,140,5,1,UD:1V: VT 2558424
2026-03-24T19:30:20.465386510Z,2026-03-24T19:30:20.294543953Z,1,1,2547677,T,B,0,54.500000000,2,0,14295,372123838,54.250000000,54.500000000,334,2,7,1,UD:1V: VT 2547677
2026-03-24T19:30:26.108356238Z,2026-03-24T19:30:25.909464885Z,1,1,2566185,T,B,0,48.750000000,2,0,12915,372158969,48.500000000,48.750000000,171,2,4,1,UD:1V: VT 2566185
2026-03-24T19:30:32.595929473Z,2026-03-24T19:30:32.583206639Z,1,1,42409658,T,A,0,59.250000000,8,0,13293,937390356,59.250000000,59.500000000,8,178,1,3,ESM6 P5550
2026-03-24T19:31:43.211872154Z,2026-03-24T19:31:43.207700539Z,1,1,2554987,T,B,0,36.500000000,2,0,11486,372536269,36.250000000,36.500000000,456,2,7,1,UD:1V: VT 2554987
2026-03-24T19:31:45.968459891Z,2026-03-24T19:31:45.859112753Z,1,1,2549454,T,B,0,33.250000000,2,0,12940,372552333,33.000000000,33.250000000,375,2,6,1,UD:1V: VT 2549454
2026-03-24T19:32:15.404832212Z,2026-03-24T19:32:15.403273767Z,1,1,2566185,T,B,0,48.500000000,2,0,13345,372673244,48.250000000,48.500000000,188,2,4,1,UD:1V: VT 2566185
2026-03-24T19:32:47.659227456Z,2026-03-24T19:32:47.340655211Z,1,1,42804677,T,A,0,99.750000000,2,0,14059,938808962,99.750000000,100.500000000,2,154,1,8,ESM6 C6925
2026-03-24T19:32:56.706512704Z,2026-03-24T19:32:56.705975793Z,1,1,42372953,T,A,0,110.000000000,2,0,14029,938890470,110.000000000,110.500000000,2,122,1,10,ESM6 C6900
2026-03-24T19:33:30.373853137Z,2026-03-24T19:33:30.373363447Z,1,1,42394812,T,B,0,337.500000000,3,0,13854,939165859,337.000000000,337.500000000,6,3,4,1,ESM6 P6800
2026-03-24T19:33:37.919512422Z,2026-03-24T19:33:37.727852947Z,1,1,42404370,T,B,0,192.000000000,19,0,13666,939216035,191.500000000,192.000000000,2,21,1,1,ESM6 P6400
2026-03-24T19:34:18.034474708Z,2026-03-24T19:34:17.761729763Z,1,1,2573234,T,A,0,29.000000000,1,0,16391,373072914,29.000000000,30.500000000,1,39,1,2,UD:1V: GN 2573234
2026-03-24T19:34:20.552760806Z,2026-03-24T19:34:20.190220097Z,1,1,42492553,T,A,0,237.500000000,1,0,10357,939607150,237.500000000,238.500000000,28,7,1,2,ESZ6 P5950
2026-03-24T19:34:20.557935014Z,2026-03-24T19:34:20.190367143Z,1,1,461960,T,A,0,227.000000000,1,0,14002,939607287,227.000000000,228.000000000,28,29,1,3,ESZ6 P5900
2026-03-24T19:34:27.325133230Z,2026-03-24T19:34:27.319830003Z,1,1,2577552,T,B,0,26.500000000,1,0,14296,373108979,26.250000000,26.500000000,1082,1,11,1,UD:1V: VT 2577552
2026-03-24T19:34:35.707583374Z,2026-03-24T19:34:35.630506079Z,1,1,42429284,T,A,0,347.000000000,17,0,11328,939725188,347.000000000,347.500000000,17,3,1,1,ESU6 P6600
2026-03-24T19:34:49.550578107Z,2026-03-24T19:34:49.550212871Z,1,1,42409666,T,B,0,82.500000000,1,0,15158,939846668,82.250000000,82.500000000,165,1,9,1,ESM6 P5800
2026-03-24T19:35:07.846399844Z,2026-03-24T19:35:07.740485977Z,1,1,42384779,T,B,0,256.000000000,1,0,12992,940025788,255.500000000,256.000000000,35,1,3,1,ESM6 P6600
2026-03-24T19:35:15.120968842Z,2026-03-24T19:35:15.120495177Z,1,1,2577571,T,A,0,-5.400000000,1,0,13270,373275663,-5.400000000,-5.300000000,1,932,1,9,UD:1V: GN 2577571
2026-03-24T19:35:21.200377275Z,2026-03-24T19:35:21.127075419Z,1,1,42384724,T,A,0,26.000000000,50,0,10025,940126769,26.000000000,26.250000000,50,357,1,9,ESM6 C7200
2026-03-24T19:35:21.269959015Z,2026-03-24T19:35:21.127274533Z,1,1,2572825,T,B,0,16.200000000,2,0,12833,373291052,16.000000000,16.200000000,1110,2,8,1,UD:1V: VT 2572825
2026-03-24T19:35:21.272181644Z,2026-03-24T19:35:21.127265143Z,1,1,42384724,T,A,0,26.000000000,50,0,10153,940128107,26.000000000,26.250000000,50,357,1,9,ESM6 C7200
2026-03-24T19:35:21.285741321Z,2026-03-24T19:35:21.127266483Z,1,1,42384724,T,A,0,26.000000000,5,0,11629,940128385,26.000000000,26.250000000,50,357,1,9,ESM6 C7200
2026-03-24T19:35:21.296196539Z,2026-03-24T19:35:21.127278129Z,1,1,42384724,T,A,0,26.000000000,5,0,11458,940128652,26.000000000,26.250000000,45,355,1,8,ESM6 C7200
2026-03-24T19:35:21.303727268Z,2026-03-24T19:35:21.127407259Z,1,1,42384724,T,A,0,26.000000000,17,0,12290,940128905,26.000000000,26.250000000,40,355,1,8,ESM6 C7200
2026-03-24T19:35:21.554991526Z,2026-03-24T19:35:21.141139315Z,1,1,42384724,T,A,0,26.000000000,50,0,11039,940133555,26.000000000,26.250000000,23,355,1,8,ESM6 C7200
2026-03-24T19:35:21.576566729Z,2026-03-24T19:35:21.143412155Z,1,1,42384724,T,A,0,26.000000000,19,0,13499,940133808,26.000000000,26.250000000,23,355,1,8,ESM6 C7200
2026-03-24T19:35:21.626680284Z,2026-03-24T19:35:21.152469245Z,1,1,42384724,T,A,0,26.000000000,2,0,14218,940134590,26.000000000,26.250000000,4,355,1,8,ESM6 C7200
2026-03-24T19:35:21.628856759Z,2026-03-24T19:35:21.155462995Z,1,1,42384724,T,A,0,26.000000000,4,0,11168,940134632,26.000000000,26.250000000,2,355,1,8,ESM6 C7200
2026-03-24T19:35:21.981963459Z,2026-03-24T19:35:21.385465259Z,1,1,42384724,T,A,0,26.000000000,1,0,13718,940140045,26.000000000,26.250000000,48,376,1,10,ESM6 C7200
2026-03-24T19:35:22.057632713Z,2026-03-24T19:35:21.491245937Z,1,1,42384724,T,A,0,26.000000000,28,0,17447,940141627,26.000000000,26.250000000,47,376,1,10,ESM6 C7200
2026-03-24T19:35:22.090090364Z,2026-03-24T19:35:21.508377113Z,1,1,42384724,T,A,0,26.000000000,1,0,13584,940142131,26.000000000,26.250000000,19,376,1,10,ESM6 C7200
2026-03-24T19:35:22.110305814Z,2026-03-24T19:35:21.512041705Z,1,1,42384724,T,A,0,26.000000000,1,0,13816,940142420,26.000000000,26.250000000,18,376,1,10,ESM6 C7200
2026-03-24T19:35:22.558305230Z,2026-03-24T19:35:21.912982691Z,1,1,42399612,T,B,0,37.000000000,2,0,14168,940149280,36.750000000,37.000000000,94,2,3,1,ESM6 P5150
2026-03-24T19:35:22.567414980Z,2026-03-24T19:35:21.912982867Z,1,1,42394731,T,B,0,31.500000000,2,0,17600,940149282,31.250000000,31.500000000,268,2,7,1,ESM6 P5000
2026-03-24T19:35:22.764098294Z,2026-03-24T19:35:21.988597393Z,1,1,42384724,T,A,0,26.000000000,1,0,11263,940152109,26.000000000,26.250000000,17,305,1,9,ESM6 C7200
2026-03-24T19:35:22.928042394Z,2026-03-24T19:35:22.057646797Z,1,1,42384724,T,A,0,26.000000000,5,0,15598,940154658,26.000000000,26.250000000,16,305,1,9,ESM6 C7200
2026-03-24T19:35:23.013743475Z,2026-03-24T19:35:22.117796919Z,1,1,42384724,T,A,0,26.000000000,17,0,14121,940155883,26.000000000,26.250000000,11,305,1,9,ESM6 C7200
2026-03-24T19:35:23.133741121Z,2026-03-24T19:35:22.149413267Z,1,1,42384724,T,A,0,26.000000000,1,0,11328,940157129,26.000000000,26.250000000,44,274,1,8,ESM6 C7200
2026-03-24T19:35:23.528966308Z,2026-03-24T19:35:22.296421353Z,1,1,42384724,T,A,0,26.000000000,1,0,12500,940160851,26.000000000,26.250000000,43,335,1,9,ESM6 C7200
2026-03-24T19:35:23.723463484Z,2026-03-24T19:35:22.618535029Z,1,1,42384724,T,A,0,26.000000000,1,0,14858,940163412,26.000000000,26.250000000,42,325,1,8,ESM6 C7200
2026-03-24T19:35:23.997743769Z,2026-03-24T19:35:22.988237697Z,1,1,42384724,T,A,0,26.000000000,11,0,12894,940167932,26.000000000,26.250000000,41,325,1,8,ESM6 C7200
2026-03-24T19:35:24.025762958Z,2026-03-24T19:35:23.035984923Z,1,1,42384724,T,A,0,26.000000000,1,0,12649,940168502,26.000000000,26.250000000,30,325,1,8,ESM6 C7200
2026-03-24T19:35:24.030338598Z,2026-03-24T19:35:23.036081835Z,1,1,42384724,T,A,0,26.000000000,1,0,11803,940168586,26.000000000,26.250000000,29,325,1,8,ESM6 C7200
2026-03-24T19:35:24.112168430Z,2026-03-24T19:35:23.104695515Z,1,1,42804677,T,A,0,98.500000000,1,0,12920,940169688,98.500000000,99.000000000,8,107,1,6,ESM6 C6925
2026-03-24T19:35:24.116741363Z,2026-03-24T19:35:23.104730453Z,1,1,42384724,T,A,0,26.000000000,5,0,11168,940169758,26.000000000,26.250000000,28,325,1,8,ESM6 C7200
2026-03-24T19:35:24.120750919Z,2026-03-24T19:35:23.104798841Z,1,1,42384724,T,A,0,26.000000000,5,0,15614,940169821,26.000000000,26.250000000,23,325,1,8,ESM6 C7200
2026-03-24T19:35:24.308939335Z,2026-03-24T19:35:23.311053473Z,1,1,42384724,T,A,0,26.000000000,1,0,13449,940173379,26.000000000,26.250000000,18,407,1,9,ESM6 C7200
2026-03-24T19:35:24.316753059Z,2026-03-24T19:35:23.313971383Z,1,1,42384724,T,A,0,26.000000000,7,0,13640,940173490,26.000000000,26.250000000,17,407,1,9,ESM6 C7200
2026-03-24T19:35:24.378817235Z,2026-03-24T19:35:23.412135145Z,1,1,42384724,T,A,0,26.000000000,1,0,13059,940174375,26.000000000,26.250000000,10,365,1,9,ESM6 C7200
2026-03-24T19:35:24.509266356Z,2026-03-24T19:35:23.636895779Z,1,1,42384724,T,A,0,26.000000000,42,0,11507,940176958,26.000000000,26.250000000,9,365,1,9,ESM6 C7200
2026-03-24T19:35:24.774609820Z,2026-03-24T19:35:23.779419897Z,1,1,42384724,T,A,0,26.000000000,9,0,13203,940181748,26.000000000,26.250000000,17,147,1,6,ESM6 C7200
2026-03-24T19:35:24.804028315Z,2026-03-24T19:35:23.779438571Z,1,1,42384724,T,A,0,26.000000000,1,0,10936,940182351,26.000000000,26.250000000,8,86,1,5,ESM6 C7200
2026-03-24T19:35:24.806288671Z,2026-03-24T19:35:23.779476011Z,1,1,42384724,T,A,0,26.000000000,4,0,10795,940182421,26.000000000,26.250000000,7,86,1,5,ESM6 C7200
2026-03-24T19:35:24.967057124Z,2026-03-24T19:35:23.797254803Z,1,1,2555941,T,B,0,37.000000000,1,0,13261,373320800,36.500000000,37.000000000,72,1,1,1,UD:1V: SG 2555941
2026-03-24T19:35:25.225569988Z,2026-03-24T19:35:24.029049013Z,1,1,42384724,T,A,0,26.000000000,1,0,16001,940189451,26.000000000,26.250000000,3,217,1,6,ESM6 C7200
2026-03-24T19:35:25.243880113Z,2026-03-24T19:35:24.037671029Z,1,1,42384724,T,A,0,26.000000000,1,0,14956,940189797,26.000000000,26.250000000,2,217,1,6,ESM6 C7200
2026-03-24T19:35:25.265077882Z,2026-03-24T19:35:24.058048199Z,1,1,42384724,T,A,0,26.000000000,228,0,14204,940190139,26.000000000,26.250000000,1,309,1,7,ESM6 C7200
2026-03-24T19:35:25.405365006Z,2026-03-24T19:35:24.305571729Z,1,1,42384724,T,A,0,26.000000000,1,0,13029,940192569,26.000000000,26.250000000,23,309,1,7,ESM6 C7200
2026-03-24T19:35:25.410303447Z,2026-03-24T19:35:24.316756685Z,1,1,42384724,T,A,0,26.000000000,46,0,12982,940192645,26.000000000,26.250000000,22,309,1,7,ESM6 C7200
2026-03-24T19:35:25.492476353Z,2026-03-24T19:35:24.495699557Z,1,1,42384724,T,A,0,26.000000000,1,0,13118,940193921,26.000000000,26.250000000,26,308,1,7,ESM6 C7200
2026-03-24T19:35:25.594031518Z,2026-03-24T19:35:24.591335945Z,1,1,42384724,T,A,0,26.000000000,18,0,13160,940195711,26.000000000,26.250000000,25,217,1,6,ESM6 C7200
2026-03-24T19:35:25.610679982Z,2026-03-24T19:35:24.643726903Z,1,1,42384724,T,A,0,26.000000000,2,0,16107,940196022,26.000000000,26.250000000,7,355,1,7,ESM6 C7200
2026-03-24T19:35:25.682745886Z,2026-03-24T19:35:24.725690621Z,1,1,42384724,T,A,0,26.000000000,3,0,14365,940197073,26.000000000,26.250000000,5,355,1,7,ESM6 C7200
2026-03-24T19:35:25.745955599Z,2026-03-24T19:35:24.783876473Z,1,1,42384724,T,A,0,26.000000000,1,0,11946,940197817,26.000000000,26.250000000,2,414,1,8,ESM6 C7200
2026-03-24T19:35:25.764694336Z,2026-03-24T19:35:24.803675577Z,1,1,42384724,T,A,0,26.000000000,1,0,12872,940198176,26.000000000,26.250000000,1,368,1,8,ESM6 C7200
2026-03-24T19:35:26.195610676Z,2026-03-24T19:35:25.271289637Z,1,1,42384724,T,A,0,26.000000000,2,0,11546,940205931,26.000000000,26.250000000,50,321,1,8,ESM6 C7200
2026-03-24T19:35:26.253147900Z,2026-03-24T19:35:25.407986101Z,1,1,42384724,T,A,0,26.000000000,23,0,12719,940207616,26.000000000,26.250000000,48,321,1,8,ESM6 C7200
2026-03-24T19:35:26.307680713Z,2026-03-24T19:35:25.408149979Z,1,1,42384724,T,A,0,26.000000000,1,0,11313,940208413,26.000000000,26.250000000,25,321,1,8,ESM6 C7200
2026-03-24T19:35:26.366865519Z,2026-03-24T19:35:25.491282591Z,1,1,42384724,T,A,0,26.000000000,2,0,13212,940209689,26.000000000,26.250000000,24,321,1,8,ESM6 C7200
2026-03-24T19:35:26.367436382Z,2026-03-24T19:35:25.492479853Z,1,1,42384724,T,A,0,26.000000000,22,0,12639,940209693,26.000000000,26.250000000,22,321,1,8,ESM6 C7200
2026-03-24T19:35:26.599781660Z,2026-03-24T19:35:26.005094273Z,1,1,42384724,T,A,0,26.000000000,2,0,13868,940214015,26.000000000,26.250000000,50,306,1,7,ESM6 C7200
2026-03-24T19:35:27.161980812Z,2026-03-24T19:35:26.910262241Z,1,1,42384724,T,A,0,26.000000000,2,0,12811,940224198,26.000000000,26.250000000,48,306,1,7,ESM6 C7200
2026-03-24T19:35:27.877465615Z,2026-03-24T19:35:27.783811535Z,1,1,42384724,T,A,0,26.000000000,1,0,12251,940239227,26.000000000,26.250000000,46,325,1,8,ESM6 C7200
2026-03-24T19:35:47.302365501Z,2026-03-24T19:35:47.276217813Z,1,1,2547677,T,B,0,55.000000000,3,0,14854,373432363,54.750000000,55.000000000,318,3,6,1,UD:1V: VT 2547677
2026-03-24T19:35:48.130335475Z,2026-03-24T19:35:48.021940313Z,1,1,42626649,T,A,0,181.000000000,1,0,11602,940448940,181.000000000,182.000000000,1,38,1,3,ESH7 C7500
2026-03-24T19:35:48.419508335Z,2026-03-24T19:35:48.122488417Z,1,1,42384724,T,A,0,26.000000000,1,0,15147,940454052,26.000000000,26.250000000,45,208,1,7,ESM6 C7200
2026-03-24T19:35:48.546036697Z,2026-03-24T19:35:48.162620751Z,1,1,42404348,T,A,0,181.000000000,2,0,13565,940456308,181.000000000,181.500000000,2,36,1,2,ESM6 C6750
2026-03-24T19:35:48.810749876Z,2026-03-24T19:35:48.506426753Z,1,1,42384724,T,A,0,26.000000000,44,0,10583,940461564,26.000000000,26.250000000,44,231,1,7,ESM6 C7200
2026-03-24T19:35:48.812265079Z,2026-03-24T19:35:48.506455191Z,1,1,42384724,T,A,0,26.000000000,1,0,11310,940461616,26.000000000,26.250000000,50,231,1,7,ESM6 C7200
2026-03-24T19:35:48.979459165Z,2026-03-24T19:35:48.601695317Z,1,1,2566185,T,B,0,49.000000000,2,0,11676,373442207,48.750000000,49.000000000,184,2,4,1,UD:1V: VT 2566185
2026-03-24T19:35:49.431548452Z,2026-03-24T19:35:49.084786163Z,1,1,42384724,T,A,0,26.000000000,49,0,10596,940473563,26.000000000,26.250000000,49,270,1,9,ESM6 C7200
2026-03-24T19:35:49.486770147Z,2026-03-24T19:35:49.084900557Z,1,1,42384724,T,A,0,26.000000000,3,0,11237,940474536,26.000000000,26.250000000,50,270,1,9,ESM6 C7200
2026-03-24T19:35:49.626409659Z,2026-03-24T19:35:49.111098491Z,1,1,2554987,T,B,0,37.500000000,2,0,11663,373447790,37.250000000,37.500000000,411,2,6,1,UD:1V: VT 2554987
2026-03-24T19:35:49.661164559Z,2026-03-24T19:35:49.111109883Z,1,1,42384724,T,A,0,26.000000000,1,0,10421,940477732,26.000000000,26.250000000,47,222,1,8,ESM6 C7200
2026-03-24T19:35:49.667618014Z,2026-03-24T19:35:49.111213201Z,1,1,42384724,T,A,0,26.000000000,5,0,11368,940477944,26.000000000,26.250000000,46,222,1,8,ESM6 C7200
2026-03-24T19:35:50.215034459Z,2026-03-24T19:35:49.855017117Z,1,1,42384724,T,A,0,26.000000000,1,0,11507,940489601,26.000000000,26.250000000,41,385,1,12,ESM6 C7200
2026-03-24T19:35:50.528271260Z,2026-03-24T19:35:50.353061335Z,1,1,42384724,T,A,0,26.000000000,40,0,12339,940495653,26.000000000,26.250000000,40,331,1,10,ESM6 C7200
2026-03-24T19:35:50.600613966Z,2026-03-24T19:35:50.353162175Z,1,1,42384724,T,A,0,26.000000000,1,0,13428,940496801,26.000000000,26.250000000,50,331,1,10,ESM6 C7200
2026-03-24T19:35:51.030190651Z,2026-03-24T19:35:50.963156491Z,1,1,42384724,T,A,0,26.000000000,49,0,14177,940505280,26.000000000,26.250000000,49,389,1,11,ESM6 C7200
2026-03-24T19:35:51.031326367Z,2026-03-24T19:35:50.963170045Z,1,1,42384724,T,A,0,26.000000000,1,0,12504,940505301,26.000000000,26.250000000,50,389,1,11,ESM6 C7200
2026-03-24T19:35:55.733661956Z,2026-03-24T19:35:55.688828683Z,1,1,42384724,T,A,0,26.000000000,15,0,11343,940551546,26.000000000,26.250000000,49,307,1,10,ESM6 C7200
2026-03-24T19:35:57.933763568Z,2026-03-24T19:35:57.931872773Z,1,1,42404348,T,A,0,181.000000000,1,0,15682,940568021,181.000000000,181.500000000,1,33,1,3,ESM6 C6750
2026-03-24T19:36:00.994402487Z,2026-03-24T19:36:00.678188327Z,1,1,42384724,T,A,0,26.000000000,1,0,12943,940600821,26.000000000,26.250000000,34,436,1,10,ESM6 C7200
2026-03-24T19:36:01.378039128Z,2026-03-24T19:36:01.223911759Z,1,1,42384724,T,A,0,26.000000000,1,0,12603,940607884,26.000000000,26.250000000,33,436,1,10,ESM6 C7200
2026-03-24T19:36:01.515374144Z,2026-03-24T19:36:01.414824677Z,1,1,42384724,T,A,0,26.000000000,1,0,13010,940610933,26.000000000,26.250000000,32,358,1,10,ESM6 C7200
2026-03-24T19:36:01.909569894Z,2026-03-24T19:36:01.883871265Z,1,1,42384724,T,A,0,26.000000000,1,0,11833,940616334,26.000000000,26.250000000,31,356,1,10,ESM6 C7200
2026-03-24T19:36:06.599164622Z,2026-03-24T19:36:06.382106965Z,1,1,42378449,T,B,0,110.500000000,13,0,11390,940666462,110.000000000,110.500000000,95,15,6,1,ESM6 P6000
2026-03-24T19:36:07.333508730Z,2026-03-24T19:36:07.296888181Z,1,1,42384724,T,A,0,26.000000000,19,0,13444,940677271,26.000000000,26.250000000,30,465,1,11,ESM6 C7200
2026-03-24T19:36:07.345407137Z,2026-03-24T19:36:07.333479347Z,1,1,42384724,T,A,0,26.000000000,17,0,12598,940677669,26.000000000,26.250000000,11,465,1,11,ESM6 C7200
2026-03-24T19:36:08.991569212Z,2026-03-24T19:36:08.468544307Z,1,1,42372979,T,B,0,14.900000000,2,0,13619,940698985,14.600000000,14.900000000,80,2,5,1,ESM6 C7300
2026-03-24T19:36:20.391880884Z,2026-03-24T19:36:20.354444211Z,1,1,2577553,T,A,0,1.300000000,1,0,14309,373590587,1.300000000,1.350000000,1,2578,1,5,UD:1V: BO 2577553
2026-03-24T19:37:16.540924810Z,2026-03-24T19:37:16.540399165Z,1,1,42821843,T,A,0,195.000000000,1,0,16655,941448434,195.000000000,196.500000000,115,114,6,8,ESM6 C6725
2026-03-24T19:37:29.689052742Z,2026-03-24T19:37:29.605487195Z,1,1,2577620,T,B,0,16.300000000,1,0,13829,373898469,16.100000000,16.300000000,592,1,8,1,UD:1V: VT 2577620
2026-03-24T19:37:34.161771927Z,2026-03-24T19:37:34.144917891Z,1,1,42378449,T,A,0,109.000000000,56,0,16458,941621636,109.000000000,109.500000000,56,30,6,1,ESM6 P6000
2026-03-24T19:37:34.197452959Z,2026-03-24T19:37:34.161702237Z,1,1,42378449,T,B,0,109.000000000,95,0,14723,941622353,108.500000000,109.000000000,213,6,10,1,ESM6 P6000
2026-03-24T19:37:34.197509366Z,2026-03-24T19:37:34.161724297Z,1,1,42378449,T,B,0,109.000000000,57,0,12514,941622355,108.500000000,109.000000000,213,1,10,1,ESM6 P6000
2026-03-24T19:37:34.197611811Z,2026-03-24T19:37:34.161753479Z,1,1,42378449,T,B,0,109.000000000,18,0,12854,941622357,108.500000000,109.000000000,213,4,10,1,ESM6 P6000
2026-03-24T19:37:34.197640898Z,2026-03-24T19:37:34.161775641Z,1,1,42378449,T,B,0,109.000000000,52,0,10303,941622360,108.500000000,109.000000000,200,1,9,1,ESM6 P6000
2026-03-24T19:37:40.638278391Z,2026-03-24T19:37:40.562039881Z,1,1,42399706,T,B,0,294.000000000,1,0,11187,941677527,293.500000000,294.000000000,12,1,5,1,ESM6 P6700
2026-03-24T19:38:00.361181295Z,2026-03-24T19:38:00.311273965Z,1,1,42487843,T,A,0,565.500000000,2,0,12348,941847987,565.500000000,,2,0,1,0,ESM6 P7150
2026-03-24T19:38:04.222458541Z,2026-03-24T19:38:04.117087047Z,1,1,273847,T,B,0,323.500000000,4,0,14606,941890860,323.000000000,323.500000000,23,10,1,1,ESZ6 P6300
2026-03-24T19:38:04.251894331Z,2026-03-24T19:38:04.128151879Z,1,1,273847,T,B,0,323.500000000,5,0,10241,941891403,323.000000000,323.500000000,23,6,1,1,ESZ6 P6300
2026-03-24T19:38:04.285659246Z,2026-03-24T19:38:04.128529293Z,1,1,273847,T,B,0,323.500000000,1,0,14080,941891964,323.000000000,323.500000000,23,1,1,1,ESZ6 P6300
2026-03-24T19:38:22.842202651Z,2026-03-24T19:38:22.841109643Z,1,1,42372969,T,A,0,72.250000000,5,0,13872,942063190,72.250000000,72.500000000,5,56,1,3,ESM6 C7000
2026-03-24T19:38:33.640479230Z,2026-03-24T19:38:33.637477639Z,1,1,273847,T,B,0,323.500000000,6,0,14538,942140001,323.000000000,323.500000000,23,10,1,1,ESZ6 P6300
2026-03-24T19:38:33.647469681Z,2026-03-24T19:38:33.637607847Z,1,1,273847,T,B,0,323.500000000,1,0,10244,942140102,323.000000000,323.500000000,23,4,1,1,ESZ6 P6300
2026-03-24T19:38:33.664230347Z,2026-03-24T19:38:33.640185571Z,1,1,273847,T,B,0,323.500000000,1,0,13091,942140435,323.000000000,323.500000000,23,3,1,1,ESZ6 P6300
2026-03-24T19:38:33.673524372Z,2026-03-24T19:38:33.641140519Z,1,1,273847,T,B,0,323.500000000,2,0,15840,942140584,323.000000000,323.500000000,23,2,1,1,ESZ6 P6300
2026-03-24T19:38:40.190611630Z,2026-03-24T19:38:40.078589897Z,1,1,273847,T,B,0,323.500000000,7,0,11029,942193904,323.000000000,323.500000000,95,10,2,1,ESZ6 P6300
2026-03-24T19:38:40.213933285Z,2026-03-24T19:38:40.078790237Z,1,1,273847,T,B,0,323.500000000,1,0,12759,942194246,323.000000000,323.500000000,95,3,2,1,ESZ6 P6300
2026-03-24T19:38:40.225583352Z,2026-03-24T19:38:40.078835989Z,1,1,273847,T,B,0,323.500000000,1,0,13879,942194303,323.000000000,323.500000000,95,2,2,1,ESZ6 P6300
2026-03-24T19:38:40.269499254Z,2026-03-24T19:38:40.086912493Z,1,1,273847,T,B,0,323.500000000,1,0,13350,942194758,323.000000000,323.500000000,95,1,2,1,ESZ6 P6300
2026-03-24T19:39:03.593915902Z,2026-03-24T19:39:03.326690357Z,1,1,42384724,T,A,0,26.000000000,1,0,11320,942403116,26.000000000,26.250000000,44,283,1,8,ESM6 C7200
2026-03-24T19:39:04.711271015Z,2026-03-24T19:39:04.096618505Z,1,1,42384724,T,A,0,26.000000000,1,0,14381,942416272,26.000000000,26.250000000,43,445,1,10,ESM6 C7200
2026-03-24T19:39:05.679187126Z,2026-03-24T19:39:05.678146739Z,1,1,42384724,T,A,0,26.000000000,1,0,12059,942425744,26.000000000,26.250000000,42,445,1,10,ESM6 C7200
2026-03-24T19:39:06.879295257Z,2026-03-24T19:39:06.865096375Z,1,1,42384724,T,A,0,26.000000000,1,0,13803,942429616,26.000000000,26.250000000,41,445,1,10,ESM6 C7200
2026-03-24T19:39:07.325289834Z,2026-03-24T19:39:07.264628529Z,1,1,42384724,T,A,0,26.000000000,1,0,11144,942435149,26.000000000,26.250000000,40,445,1,10,ESM6 C7200
2026-03-24T19:39:07.334834596Z,2026-03-24T19:39:07.273870315Z,1,1,42384724,T,A,0,26.000000000,1,0,11387,942435528,26.000000000,26.250000000,39,445,1,10,ESM6 C7200
2026-03-24T19:39:07.808374852Z,2026-03-24T19:39:07.783778433Z,1,1,42384724,T,A,0,26.000000000,1,0,11165,942440535,26.000000000,26.250000000,38,445,1,10,ESM6 C7200
2026-03-24T19:39:41.017971097Z,2026-03-24T19:39:40.736940029Z,1,1,42384724,T,A,0,26.000000000,1,0,11431,942706437,26.000000000,26.250000000,37,402,1,9,ESM6 C7200
2026-03-24T19:39:41.086718543Z,2026-03-24T19:39:40.750314369Z,1,1,42384724,T,A,0,26.000000000,1,0,13689,942707930,26.000000000,26.250000000,36,402,1,9,ESM6 C7200
2026-03-24T19:39:43.962925806Z,2026-03-24T19:39:43.797335757Z,1,1,42384724,T,A,0,26.000000000,17,0,13825,942740680,26.000000000,26.250000000,35,446,1,10,ESM6 C7200
2026-03-24T19:39:44.107843886Z,2026-03-24T19:39:43.962898435Z,1,1,42384724,T,A,0,26.000000000,15,0,16025,942743214,26.000000000,26.250000000,18,446,1,10,ESM6 C7200
2026-03-24T19:40:45.177412228Z,2026-03-24T19:40:45.169889147Z,1,1,42384726,T,A,0,55.500000000,5,0,17155,943238050,55.500000000,56.000000000,123,108,7,4,ESM6 P5500
2026-03-24T19:40:52.815056648Z,2026-03-24T19:40:52.694244347Z,1,1,42384724,T,A,0,26.000000000,3,0,13685,943284510,26.000000000,26.250000000,3,350,1,7,ESM6 C7200
2026-03-24T19:40:52.832454857Z,2026-03-24T19:40:52.717565751Z,1,1,42384724,T,A,0,26.000000000,3,0,16017,943284840,26.000000000,26.250000000,40,350,1,7,ESM6 C7200
2026-03-24T19:41:11.359184494Z,2026-03-24T19:41:11.345876423Z,1,1,2566669,T,A,0,74.000000000,11,0,13576,374629865,74.000000000,74.250000000,39,194,1,3,UD:1V: VT 2566669
2026-03-24T19:41:20.507096431Z,2026-03-24T19:41:20.448013001Z,1,1,42384724,T,A,0,26.000000000,1,0,13003,943548378,26.000000000,26.250000000,37,434,1,10,ESM6 C7200
2026-03-24T19:41:28.384069774Z,2026-03-24T19:41:28.380878671Z,1,1,42384724,T,A,0,26.000000000,1,0,12826,943616264,26.000000000,26.250000000,36,434,1,10,ESM6 C7200
2026-03-24T19:41:29.885178599Z,2026-03-24T19:41:29.871084399Z,1,1,42384724,T,A,0,26.000000000,1,0,14508,943630560,26.000000000,26.250000000,35,434,1,10,ESM6 C7200
2026-03-24T19:41:29.975010042Z,2026-03-24T19:41:29.872854495Z,1,1,42384724,T,A,0,26.000000000,1,0,13608,943631875,26.000000000,26.250000000,34,434,1,10,ESM6 C7200
2026-03-24T19:41:30.387296401Z,2026-03-24T19:41:30.339938223Z,1,1,42384724,T,A,0,26.000000000,2,0,13932,943639861,26.000000000,26.250000000,33,434,1,10,ESM6 C7200
2026-03-24T19:41:30.799618935Z,2026-03-24T19:41:30.797708813Z,1,1,42384724,T,A,0,26.000000000,1,0,14030,943645194,26.000000000,26.250000000,31,430,1,10,ESM6 C7200
2026-03-24T19:41:30.830489195Z,2026-03-24T19:41:30.829997263Z,1,1,42384724,T,A,0,26.000000000,17,0,14433,943645427,26.000000000,26.250000000,30,429,1,10,ESM6 C7200
2026-03-24T19:41:32.236117774Z,2026-03-24T19:41:32.210854101Z,1,1,42384724,T,A,0,26.000000000,1,0,13681,943656768,26.000000000,26.250000000,13,412,1,10,ESM6 C7200
2026-03-24T19:41:41.044982396Z,2026-03-24T19:41:41.002307037Z,1,1,42384724,T,A,0,26.000000000,1,0,10944,943730414,26.000000000,26.250000000,12,424,1,10,ESM6 C7200
2026-03-24T19:41:41.830168347Z,2026-03-24T19:41:41.823053619Z,1,1,42384724,T,A,0,26.000000000,1,0,13921,943737872,26.000000000,26.250000000,11,423,1,10,ESM6 C7200
2026-03-24T19:41:42.152001621Z,2026-03-24T19:41:42.150261695Z,1,1,42384724,T,A,0,26.000000000,1,0,14065,943739757,26.000000000,26.250000000,10,422,1,10,ESM6 C7200
2026-03-24T19:41:42.890204097Z,2026-03-24T19:41:42.889157813Z,1,1,42384724,T,A,0,26.000000000,1,0,14171,943742199,26.000000000,26.250000000,9,421,1,10,ESM6 C7200
2026-03-24T19:41:45.911029699Z,2026-03-24T19:41:45.523874055Z,1,1,42384724,T,A,0,26.000000000,8,0,13888,943775325,26.000000000,26.250000000,8,420,1,10,ESM6 C7200
2026-03-24T19:41:51.906391435Z,2026-03-24T19:41:51.725169617Z,1,1,42372953,T,A,0,109.000000000,1,0,13658,943831933,109.000000000,109.500000000,1,112,1,8,ESM6 C6900
2026-03-24T19:44:26.581522590Z,2026-03-24T19:44:26.580824281Z,1,1,2577860,T,A,0,20.000000000,1,0,16793,375292050,20.000000000,20.250000000,61,2,3,1,UD:1V: IC 2577860
2026-03-24T19:44:40.550788230Z,2026-03-24T19:44:40.545445213Z,1,1,42372969,T,B,0,71.750000000,5,0,14732,945371730,71.250000000,71.750000000,5,41,2,4,ESM6 C7000
2026-03-24T19:45:01.064138996Z,2026-03-24T19:45:01.013181195Z,1,1,2566185,T,B,0,49.000000000,2,0,16013,375445265,48.750000000,49.000000000,187,2,4,1,UD:1V: VT 2566185
2026-03-24T19:45:01.477151139Z,2026-03-24T19:45:01.427053043Z,1,1,2566669,T,A,0,74.250000000,15,0,13592,375448479,74.250000000,74.500000000,39,354,1,4,UD:1V: VT 2566669
2026-03-24T19:46:05.338042593Z,2026-03-24T19:46:05.023449415Z,1,1,2566185,T,B,0,49.250000000,2,0,13101,375698837,49.000000000,49.250000000,187,2,4,1,UD:1V: VT 2566185
2026-03-24T19:46:23.985816369Z,2026-03-24T19:46:23.394102481Z,1,1,2566669,T,A,0,74.500000000,12,0,13994,375776314,74.500000000,74.750000000,39,289,1,3,UD:1V: VT 2566669
2026-03-24T19:46:40.454941772Z,2026-03-24T19:46:40.428617765Z,1,1,2547677,T,B,0,55.500000000,4,0,11384,375841844,55.250000000,55.500000000,179,4,5,1,UD:1V: VT 2547677
2026-03-24T19:46:40.877309451Z,2026-03-24T19:46:40.768454959Z,1,1,4247450,T,A,0,299.000000000,1,0,11392,946607343,299.000000000,299.500000000,1,18,1,1,ESZ6 C7000
2026-03-24T19:46:58.296900777Z,2026-03-24T19:46:58.143629129Z,1,1,2566669,T,A,0,74.500000000,13,0,16344,375921089,74.500000000,74.750000000,39,213,1,2,UD:1V: VT 2566669
2026-03-24T19:46:58.502707596Z,2026-03-24T19:46:58.419574011Z,1,1,2577929,T,A,0,225.000000000,1,0,13015,375922989,225.000000000,225.500000000,1,2,1,1,UD:1V: VT 2577929
2026-03-24T19:47:03.996676087Z,2026-03-24T19:47:03.326372857Z,1,1,42378541,T,A,0,168.500000000,2,0,15865,946892833,168.500000000,169.000000000,2,41,1,4,ESM6 P6300
2026-03-24T19:47:04.307605838Z,2026-03-24T19:47:03.477945169Z,1,1,42404348,T,B,0,180.000000000,2,0,12895,946898711,179.500000000,180.000000000,23,2,4,2,ESM6 C6750
2026-03-24T19:47:18.395879278Z,2026-03-24T19:47:18.395383921Z,1,1,42384729,T,A,0,1.150000000,1,0,13880,947074279,1.150000000,1.250000000,1,223,1,4,ESM6 C7900
2026-03-24T19:47:18.396335599Z,2026-03-24T19:47:18.395901481Z,1,1,42903306,T,A,0,9.700000000,1,0,13576,947074282,9.700000000,9.800000000,1,104,1,4,ESM6 C7375
2026-03-24T19:47:18.485724083Z,2026-03-24T19:47:18.483823195Z,1,1,42760603,T,B,0,63.000000000,1,0,15469,947075309,62.750000000,63.000000000,4,1,1,1,ESM6 C7025
2026-03-24T19:47:19.209111668Z,2026-03-24T19:47:19.206711255Z,1,1,42760603,T,B,0,63.000000000,1,0,11542,947079734,62.750000000,63.000000000,10,1,3,1,ESM6 C7025
2026-03-24T19:47:27.038630958Z,2026-03-24T19:47:27.014886183Z,1,1,42760602,T,A,0,252.000000000,1,0,16616,947129816,252.000000000,252.500000000,1,48,1,8,ESM6 C6625
2026-03-24T19:47:31.226479670Z,2026-03-24T19:47:31.225986709Z,1,1,42378541,T,B,0,169.000000000,1,0,15695,947160266,168.500000000,169.000000000,7,31,3,3,ESM6 P6300
2026-03-24T19:47:37.655421414Z,2026-03-24T19:47:37.654898911Z,1,1,42366515,T,B,0,181.500000000,1,0,15412,947195258,181.000000000,181.500000000,3,30,2,3,ESM6 P6350
2026-03-24T19:47:53.279838004Z,2026-03-24T19:47:53.110938351Z,1,1,42760603,T,B,0,63.000000000,1,0,14139,947308466,62.750000000,63.000000000,7,1,3,1,ESM6 C7025
2026-03-24T19:47:53.565139563Z,2026-03-24T19:47:53.347582157Z,1,1,42384729,T,A,0,1.150000000,1,0,13994,947313344,1.150000000,1.250000000,1,313,1,5,ESM6 C7900
2026-03-24T19:48:24.709441347Z,2026-03-24T19:48:24.552859089Z,1,1,42366515,T,A,0,181.500000000,1,0,11778,947600634,181.500000000,182.000000000,1,17,1,5,ESM6 P6350
2026-03-24T19:48:24.711751985Z,2026-03-24T19:48:24.556492731Z,1,1,42903306,T,A,0,9.600000000,1,0,11174,947600724,9.600000000,9.800000000,1,228,1,6,ESM6 C7375
2026-03-24T19:48:27.470242372Z,2026-03-24T19:48:27.460390175Z,1,1,42378541,T,A,0,169.000000000,1,0,12655,947625556,169.000000000,169.500000000,1,67,1,6,ESM6 P6300
2026-03-24T19:48:54.666331755Z,2026-03-24T19:48:54.665765281Z,1,1,42760603,T,B,0,63.000000000,1,0,13757,947839160,62.750000000,63.000000000,6,1,2,1,ESM6 C7025
2026-03-24T19:49:57.202414137Z,2026-03-24T19:49:57.201898887Z,1,1,42372953,T,B,0,108.000000000,3,0,16306,948358541,107.000000000,108.000000000,33,39,4,3,ESM6 C6900
2026-03-24T19:50:00.426441288Z,2026-03-24T19:50:00.015025425Z,1,1,42760603,T,B,0,63.250000000,1,0,14314,948379257,62.500000000,63.250000000,2,1,1,1,ESM6 C7025
2026-03-24T19:50:02.059617708Z,2026-03-24T19:50:01.776481797Z,1,1,42372953,T,A,0,108.000000000,1,0,15224,948402611,108.000000000,108.500000000,3,43,1,2,ESM6 C6900
2026-03-24T19:50:02.075703474Z,2026-03-24T19:50:01.806625141Z,1,1,42372953,T,A,0,108.000000000,2,0,14006,948403026,108.000000000,108.500000000,2,11,1,2,ESM6 C6900
2026-03-24T19:50:07.522140460Z,2026-03-24T19:50:07.417094099Z,1,1,42883305,T,B,0,188.000000000,22,0,18726,948475476,187.000000000,188.000000000,75,22,4,1,ESM6 P6375
2026-03-24T19:50:10.452148161Z,2026-03-24T19:50:10.394492209Z,1,1,42903306,T,A,0,9.600000000,1,0,14840,948506634,9.600000000,9.800000000,1,262,1,6,ESM6 C7375
2026-03-24T19:50:46.448757351Z,2026-03-24T19:50:46.439553223Z,1,1,42853788,T,B,0,175.500000000,23,0,15674,948921504,175.000000000,175.500000000,50,23,5,1,ESM6 P6325
2026-03-24T19:50:51.759835102Z,2026-03-24T19:50:51.726441985Z,1,1,42384724,T,B,0,25.250000000,1,0,13554,948992243,25.000000000,25.250000000,186,1,9,1,ESM6 C7200
2026-03-24T19:50:52.179869750Z,2026-03-24T19:50:52.090878497Z,1,1,42378450,T,B,0,136.500000000,2,0,13404,948996039,136.000000000,136.500000000,131,2,6,1,ESM6 P6150
2026-03-24T19:50:52.718441145Z,2026-03-24T19:50:52.707763879Z,1,1,42559355,T,B,0,483.000000000,1,0,13577,949004579,482.000000000,483.000000000,2,18,1,1,ESH7 P6650
2026-03-24T19:50:55.829420657Z,2026-03-24T19:50:55.829089735Z,1,1,42384724,T,B,0,25.250000000,1,0,16601,949026350,25.000000000,25.250000000,186,1,9,1,ESM6 C7200
2026-03-24T19:50:56.026485143Z,2026-03-24T19:50:55.983294757Z,1,1,42394761,T,B,0,157.500000000,7,0,16030,949027325,157.000000000,157.500000000,47,26,6,1,ESM6 P6250
2026-03-24T19:50:56.026536942Z,2026-03-24T19:50:55.983295111Z,1,1,42836583,T,B,0,152.000000000,25,0,11204,949027329,151.500000000,152.000000000,51,26,6,1,ESM6 P6225
2026-03-24T19:51:13.613515631Z,2026-03-24T19:51:13.197590379Z,1,1,42903306,T,B,0,9.600000000,2,0,16495,949231287,9.500000000,9.600000000,2,2,2,1,ESM6 C7375
2026-03-24T19:51:22.120948790Z,2026-03-24T19:51:22.069615093Z,1,1,42384307,T,B,0,12.600000000,2,0,13973,949346058,12.500000000,12.600000000,117,2,4,2,ESM6 P4000
2026-03-24T19:51:36.410921284Z,2026-03-24T19:51:36.042489975Z,1,1,2566185,T,B,0,49.500000000,2,0,13519,376825885,49.250000000,49.500000000,159,2,3,1,UD:1V: VT 2566185
2026-03-24T19:52:02.287261991Z,2026-03-24T19:52:02.286419331Z,1,1,42384729,T,A,0,1.150000000,1,0,12574,949844789,1.150000000,1.200000000,1,283,1,4,ESM6 C7900
2026-03-24T19:52:06.948389985Z,2026-03-24T19:52:06.909831097Z,1,1,42372979,T,B,0,14.300000000,2,0,11153,949896358,14.100000000,14.300000000,100,2,7,1,ESM6 C7300
2026-03-24T19:52:22.250525523Z,2026-03-24T19:52:22.244956479Z,1,1,2564274,T,A,0,3.350000000,13,0,17487,377054649,3.350000000,3.650000000,13,115,1,3,UD:1V: GN 2564274
2026-03-24T19:52:25.239147569Z,2026-03-24T19:52:25.233787801Z,1,1,42836578,T,A,0,78.000000000,1,0,12375,950154393,78.000000000,78.250000000,1,14,1,3,ESM6 C6975
2026-03-24T19:52:32.058330230Z,2026-03-24T19:52:32.057727887Z,1,1,2577274,T,A,0,121.000000000,1,0,14351,377083532,121.000000000,122.000000000,1,96,1,4,UD:1V: IC 2577274
2026-03-24T19:52:33.340298361Z,2026-03-24T19:52:33.133320837Z,1,1,2566669,T,A,0,74.750000000,10,0,14535,377091560,74.750000000,75.000000000,39,375,1,4,UD:1V: VT 2566669
2026-03-24T19:52:33.481780713Z,2026-03-24T19:52:33.390380715Z,1,1,2564274,T,A,0,3.400000000,49,0,16982,377092726,3.400000000,3.650000000,49,63,1,1,UD:1V: GN 2564274
2026-03-24T19:52:33.507880233Z,2026-03-24T19:52:33.485277231Z,1,1,2545541,T,A,0,87.500000000,39,0,15912,377092979,87.500000000,87.750000000,39,176,1,5,UD:1V: VT 2545541
2026-03-24T19:52:44.127483820Z,2026-03-24T19:52:44.126479377Z,1,1,42366515,T,A,0,183.000000000,1,0,13832,950350513,183.000000000,183.500000000,1,77,1,7,ESM6 P6350
2026-03-24T19:52:57.635128131Z,2026-03-24T19:52:57.634787815Z,1,1,42626649,T,A,0,178.000000000,1,0,13040,950450250,178.000000000,179.000000000,1,60,1,5,ESH7 C7500
2026-03-24T19:53:10.076721156Z,2026-03-24T19:53:10.026369011Z,1,1,42853783,T,B,0,12.400000000,1,0,10401,950587885,12.200000000,12.400000000,44,1,3,1,ESM6 C7325
2026-03-24T19:53:13.917838838Z,2026-03-24T19:53:13.914768659Z,1,1,42384725,T,B,0,8.300000000,1,0,16164,950636056,8.100000000,8.300000000,104,1,6,1,ESM6 C7400
2026-03-24T19:53:18.213673433Z,2026-03-24T19:53:18.040284041Z,1,1,42366510,T,A,0,42.750000000,1,0,13606,950686878,42.750000000,43.000000000,1,55,1,3,ESM6 C7100
2026-03-24T19:53:34.078697259Z,2026-03-24T19:53:33.775800385Z,1,1,2566669,T,A,0,74.750000000,10,0,15983,377283907,74.750000000,75.000000000,39,272,1,3,UD:1V: VT 2566669
2026-03-24T19:53:47.183290284Z,2026-03-24T19:53:47.182904039Z,1,1,42384729,T,A,0,1.100000000,1,0,13825,950936385,1.100000000,1.200000000,1,199,1,3,ESM6 C7900
2026-03-24T19:54:11.705321420Z,2026-03-24T19:54:11.113958645Z,1,1,42903306,T,B,0,9.400000000,2,0,13732,951171625,9.200000000,9.400000000,57,2,4,1,ESM6 C7375
2026-03-24T19:54:15.368516168Z,2026-03-24T19:54:15.362798641Z,1,1,2566669,T,A,0,74.750000000,14,0,14251,377417143,74.750000000,75.000000000,39,213,1,2,UD:1V: VT 2566669
2026-03-24T19:55:04.302268420Z,2026-03-24T19:55:03.625028265Z,1,1,2522986,T,B,0,45.500000000,2,0,12866,377551120,45.250000000,45.500000000,263,2,4,1,UD:1V: VT 2522986
2026-03-24T19:55:08.785037494Z,2026-03-24T19:55:08.456743143Z,1,1,2566185,T,B,0,49.750000000,2,0,14520,377582940,49.500000000,49.750000000,186,2,4,1,UD:1V: VT 2566185
2026-03-24T19:55:17.978518862Z,2026-03-24T19:55:17.950435027Z,1,1,2566185,T,B,0,49.750000000,2,0,14171,377623550,49.500000000,49.750000000,161,2,3,1,UD:1V: VT 2566185
2026-03-24T19:55:38.273414291Z,2026-03-24T19:55:38.237786649Z,1,1,2547677,T,B,0,56.000000000,5,0,14481,377699650,55.750000000,56.000000000,307,5,6,1,UD:1V: VT 2547677
2026-03-24T19:55:50.605024049Z,2026-03-24T19:55:50.465958129Z,1,1,2578046,T,B,0,12.400000000,1,0,16951,377751624,12.300000000,12.400000000,161,1,4,1,UD:1V: VT 2578046
2026-03-24T19:55:50.624134463Z,2026-03-24T19:55:50.466341451Z,1,1,42372969,T,B,0,69.000000000,27,0,14679,952232055,68.750000000,69.000000000,2,28,1,1,ESM6 C7000
2026-03-24T19:55:50.816356715Z,2026-03-24T19:55:50.491474407Z,1,1,2545541,T,B,0,87.500000000,2,0,16396,377752389,87.250000000,87.500000000,254,2,5,1,UD:1V: VT 2545541
2026-03-24T19:55:58.913854499Z,2026-03-24T19:55:58.876879345Z,1,1,2576385,T,B,0,3.050000000,2,0,12912,377777846,2.900000000,3.050000000,3073,2,7,1,UD:1V: VT 2576385
2026-03-24T19:56:10.706092687Z,2026-03-24T19:56:10.699227105Z,1,1,2576385,T,B,0,3.050000000,2,0,14108,377817908,2.900000000,3.050000000,3393,2,10,1,UD:1V: VT 2576385
2026-03-24T19:56:18.592222038Z,2026-03-24T19:56:18.497599165Z,1,1,2545541,T,B,0,87.500000000,2,0,14052,377844022,87.250000000,87.500000000,365,2,7,1,UD:1V: VT 2545541
2026-03-24T19:56:29.145590804Z,2026-03-24T19:56:29.005271499Z,1,1,2522986,T,B,0,45.500000000,2,0,17074,377888999,45.250000000,45.500000000,400,2,6,1,UD:1V: VT 2522986
2026-03-24T19:56:59.530916055Z,2026-03-24T19:56:59.484705911Z,1,1,2545541,T,B,0,87.500000000,2,0,13766,377981465,87.250000000,87.500000000,354,2,7,1,UD:1V: VT 2545541
2026-03-24T19:57:36.240561001Z,2026-03-24T19:57:36.145414311Z,1,1,2566185,T,B,0,49.750000000,2,0,11873,378101898,49.500000000,49.750000000,186,2,4,1,UD:1V: VT 2566185
2026-03-24T19:58:12.096160991Z,2026-03-24T19:58:12.095604677Z,1,1,2578319,T,A,0,150.500000000,1,0,13428,378238564,150.500000000,151.000000000,1,108,1,7,UD:1V: GN 2578319
2026-03-24T19:58:26.318509764Z,2026-03-24T19:58:26.116592729Z,1,1,2545541,T,B,0,87.500000000,2,0,14615,378295613,87.250000000,87.500000000,376,2,7,1,UD:1V: VT 2545541
2026-03-24T19:58:26.630895215Z,2026-03-24T19:58:26.189554585Z,1,1,42394608,T,A,0,11.700000000,20,0,11069,953880527,11.700000000,11.800000000,20,293,1,6,ESM6 P3900
2026-03-24T19:58:31.994128814Z,2026-03-24T19:58:31.763308227Z,1,1,42366509,T,B,0,234.000000000,6,0,11643,953967327,232.500000000,234.000000000,3,6,1,2,ESM6 C6650
2026-03-24T19:58:32.003690624Z,2026-03-24T19:58:31.763547027Z,1,1,42394804,T,B,0,244.500000000,2,0,12603,953967523,244.000000000,244.500000000,17,2,1,1,ESM6 P6550
2026-03-24T19:58:32.007357115Z,2026-03-24T19:58:31.764726167Z,1,1,42804677,T,B,0,95.500000000,5,0,11103,953967633,94.500000000,95.500000000,15,5,2,1,ESM6 C6925
2026-03-24T19:58:32.015948378Z,2026-03-24T19:58:31.767147431Z,1,1,43029220,T,B,0,43.500000000,2,0,13298,953967820,43.250000000,43.500000000,40,2,1,1,ESM6 P5275
2026-03-24T19:58:32.015968883Z,2026-03-24T19:58:31.767147609Z,1,1,42409642,T,B,0,33.750000000,2,0,11263,953967822,33.500000000,33.750000000,62,2,1,1,ESM6 P5050
2026-03-24T19:58:32.016519087Z,2026-03-24T19:58:31.767676043Z,1,1,42378288,T,B,0,42.250000000,2,0,11032,953967839,42.000000000,42.250000000,41,2,1,1,ESM6 P5250
2026-03-24T19:58:32.025729863Z,2026-03-24T19:58:31.781885727Z,1,1,42378592,T,B,0,228.000000000,2,0,12680,953968144,227.500000000,228.000000000,18,2,1,1,ESM6 P6500
2026-03-24T19:58:34.968408999Z,2026-03-24T19:58:34.960681967Z,1,1,42836577,T,A,0,163.500000000,2,0,14698,954006192,163.500000000,164.000000000,2,24,1,3,ESM6 C6775
2026-03-24T19:58:35.085242904Z,2026-03-24T19:58:35.059640225Z,1,1,42366515,T,B,0,184.500000000,10,0,14016,954007713,183.500000000,184.500000000,171,22,10,1,ESM6 P6350
2026-03-24T19:58:36.324729452Z,2026-03-24T19:58:36.324175841Z,1,1,42821843,T,B,0,190.500000000,10,0,15660,954016158,190.000000000,190.500000000,89,17,5,1,ESM6 C6725
2026-03-24T19:58:51.134505615Z,2026-03-24T19:58:50.983821387Z,1,1,42836577,T,A,0,163.500000000,2,0,16282,954153440,163.500000000,164.000000000,2,34,1,3,ESM6 C6775
2026-03-24T19:58:59.617145515Z,2026-03-24T19:58:59.552568715Z,1,1,2545541,T,B,0,87.500000000,2,0,12471,378428672,87.250000000,87.500000000,390,2,7,1,UD:1V: VT 2545541
2026-03-24T19:59:05.931220963Z,2026-03-24T19:59:05.865148309Z,1,1,42919922,T,A,0,218.500000000,2,0,13694,954352834,218.500000000,219.500000000,2,40,1,5,ESM6 C6675
2026-03-24T19:59:06.007830139Z,2026-03-24T19:59:06.002329645Z,1,1,42384718,T,B,0,264.500000000,1,0,13979,954355119,264.000000000,264.500000000,1,42,1,2,ESM6 C6600
2026-03-24T19:59:30.283364395Z,2026-03-24T19:59:30.002484579Z,1,1,2545541,T,B,0,87.500000000,2,0,12026,378594339,87.250000000,87.500000000,132,2,4,1,UD:1V: VT 2545541
2026-03-24T19:59:31.131117099Z,2026-03-24T19:59:30.688021219Z,1,1,2522986,T,B,0,45.500000000,2,0,13994,378601790,45.250000000,45.500000000,570,2,6,1,UD:1V: VT 2522986
2026-03-24T19:59:31.240330215Z,2026-03-24T19:59:30.827265777Z,1,1,2521985,T,B,0,46.500000000,2,0,13086,378602921,46.250000000,46.500000000,279,2,4,1,UD:1V: VT 2521985
2026-03-24T19:59:33.068346614Z,2026-03-24T19:59:32.894978205Z,1,1,2566669,T,A,0,74.750000000,16,0,13389,378618153,74.750000000,75.000000000,39,39,1,1,UD:1V: VT 2566669
2026-03-24T19:59:33.737760725Z,2026-03-24T19:59:33.427888733Z,1,1,43029220,T,A,0,43.250000000,2,0,11484,954744589,43.250000000,43.500000000,2,17,1,2,ESM6 P5275
2026-03-24T19:59:44.647305049Z,2026-03-24T19:59:44.616014225Z,1,1,42384307,T,A,0,12.800000000,1,0,11017,954956282,12.800000000,12.900000000,2,507,2,9,ESM6 P4000
2026-03-24T19:59:52.377679076Z,2026-03-24T19:59:51.720060119Z,1,1,42384307,T,A,0,12.800000000,1,0,13989,955101057,12.800000000,12.900000000,1,256,1,6,ESM6 P4000
2026-03-24T20:00:31.263175982Z,2026-03-24T20:00:31.227101351Z,1,1,2577552,T,B,0,27.000000000,2,0,16724,378994293,26.750000000,27.000000000,325,2,6,1,UD:1V: VT 2577552
2026-03-24T20:00:43.247460332Z,2026-03-24T20:00:43.076393757Z,1,1,42919920,T,A,0,532.500000000,2,0,12283,955764443,532.500000000,533.500000000,2,2,1,1,ESM6 C6225
2026-03-24T20:01:16.009144674Z,2026-03-24T20:01:15.993253987Z,1,1,2548491,T,B,0,2.850000000,2,0,11452,379139681,2.700000000,2.850000000,463,2,4,1,UD:1V: VT 2548491
2026-03-24T20:01:24.276422711Z,2026-03-24T20:01:24.064150661Z,1,1,2566185,T,A,0,49.250000000,2,0,13012,379165649,49.250000000,49.500000000,25,166,1,3,UD:1V: VT 2566185
2026-03-24T20:01:27.705780359Z,2026-03-24T20:01:27.574857147Z,1,1,42372969,T,B,0,70.000000000,1,0,14589,956143205,69.750000000,70.000000000,5,28,3,1,ESM6 C7000
2026-03-24T20:01:34.784662710Z,2026-03-24T20:01:34.699656177Z,1,1,2548491,T,B,0,2.850000000,2,0,15005,379189385,2.800000000,2.850000000,230,2,2,1,UD:1V: VT 2548491
2026-03-24T20:01:42.831187332Z,2026-03-24T20:01:42.830630843Z,1,1,2548491,T,B,0,2.850000000,2,0,13390,379214900,2.800000000,2.850000000,230,2,2,1,UD:1V: VT 2548491
2026-03-24T20:02:41.465177369Z,2026-03-24T20:02:41.464595639Z,1,1,2547304,T,A,0,11.900000000,5,0,16284,379346620,11.900000000,12.000000000,311,443,3,3,UD:1V: VT 2547304
2026-03-24T20:03:02.837924627Z,2026-03-24T20:03:02.837356077Z,1,1,2553851,T,B,0,1.950000000,2,0,15832,379383196,1.900000000,1.950000000,56,2,1,1,UD:1V: BO 2553851
2026-03-24T20:03:09.528991936Z,2026-03-24T20:03:09.423827593Z,1,1,2578474,T,A,0,-44.750000000,1,0,11394,379390170,-44.750000000,-44.500000000,1,94,1,4,UD:1V: GN 2578474
2026-03-24T20:03:10.396406651Z,2026-03-24T20:03:10.344563091Z,1,1,2566185,T,B,0,49.250000000,2,0,13538,379394838,49.000000000,49.250000000,184,2,4,1,UD:1V: VT 2566185
2026-03-24T20:03:10.396445299Z,2026-03-24T20:03:10.344564837Z,1,1,2578046,T,A,0,12.600000000,2,0,11234,379394840,12.600000000,12.700000000,2,523,1,5,UD:1V: VT 2578046
2026-03-24T20:03:10.540761395Z,2026-03-24T20:03:10.431209391Z,1,1,42409657,T,B,0,64.250000000,1,0,13416,956750170,64.000000000,64.250000000,8,1,3,1,ESM6 P5600
2026-03-24T20:03:33.641422883Z,2026-03-24T20:03:33.640974409Z,1,1,2578319,T,A,0,150.000000000,1,0,14157,379432848,150.000000000,150.500000000,1,70,1,4,UD:1V: GN 2578319
2026-03-24T20:03:57.001539249Z,2026-03-24T20:03:56.990429911Z,1,1,42394753,T,A,0,103.000000000,1,0,11625,956953716,103.000000000,103.500000000,60,44,6,4,ESM6 P5950
2026-03-24T20:04:10.822933983Z,2026-03-24T20:04:10.819729605Z,1,1,2566185,T,B,0,49.250000000,2,0,15847,379488899,49.000000000,49.250000000,184,2,4,1,UD:1V: VT 2566185
2026-03-24T20:04:16.949070758Z,2026-03-24T20:04:16.948485203Z,1,1,2566185,T,B,0,49.250000000,2,0,13724,379502683,49.000000000,49.250000000,184,2,4,1,UD:1V: VT 2566185
2026-03-24T20:04:22.241120199Z,2026-03-24T20:04:22.240614805Z,1,1,42384726,T,A,0,56.500000000,1,0,11623,957080409,56.500000000,56.750000000,1,286,1,7,ESM6 P5500
2026-03-24T20:04:37.134446076Z,2026-03-24T20:04:37.050741379Z,1,1,42372949,T,A,0,152.500000000,2,0,15755,957135607,152.500000000,153.000000000,2,49,1,5,ESM6 C6800
2026-03-24T20:04:37.282446505Z,2026-03-24T20:04:37.134449873Z,1,1,42372949,T,B,0,152.500000000,19,0,14358,957138452,152.000000000,152.500000000,34,19,3,1,ESM6 C6800
2026-03-24T20:04:45.008010598Z,2026-03-24T20:04:44.922749539Z,1,1,42435330,T,B,0,55.000000000,30,0,11211,957164804,54.750000000,55.000000000,14,30,4,1,ESM6 C7050
2026-03-24T20:04:45.305022831Z,2026-03-24T20:04:45.304501585Z,1,1,42366510,T,A,0,42.500000000,1,0,13788,957170104,42.500000000,43.000000000,14,106,4,3,ESM6 C7100
2026-03-24T20:04:48.152894659Z,2026-03-24T20:04:47.948038649Z,1,1,2522986,T,B,0,45.750000000,2,0,14384,379547313,45.500000000,45.750000000,604,2,7,1,UD:1V: VT 2522986
2026-03-24T20:04:54.348926247Z,2026-03-24T20:04:54.348508145Z,1,1,2522986,T,B,0,45.750000000,2,0,13316,379554360,45.500000000,45.750000000,702,2,8,1,UD:1V: VT 2522986
2026-03-24T20:05:00.615727351Z,2026-03-24T20:05:00.601713147Z,1,1,2522986,T,B,0,45.750000000,2,0,13638,379564781,45.500000000,45.750000000,702,2,8,1,UD:1V: VT 2522986
2026-03-24T20:05:08.371642166Z,2026-03-24T20:05:08.369069827Z,1,1,2522986,T,B,0,45.750000000,2,0,14334,379575631,45.500000000,45.750000000,702,2,8,1,UD:1V: VT 2522986
2026-03-24T20:05:14.548933340Z,2026-03-24T20:05:14.548504069Z,1,1,2522986,T,B,0,45.750000000,2,0,12907,379585828,45.500000000,45.750000000,702,2,8,1,UD:1V: VT 2522986
2026-03-24T20:05:31.154595743Z,2026-03-24T20:05:31.141623925Z,1,1,42647777,T,A,0,108.500000000,30,0,21462,957371720,108.500000000,109.500000000,30,59,1,2,ESH7 C7750
2026-03-24T20:05:33.304745009Z,2026-03-24T20:05:33.262837791Z,1,1,42760596,T,B,0,117.500000000,23,0,20748,957383329,117.000000000,117.500000000,158,23,9,1,ESM6 C6875
2026-03-24T20:05:33.434473861Z,2026-03-24T20:05:33.419921119Z,1,1,42366510,T,B,0,42.750000000,33,0,19034,957385753,42.500000000,42.750000000,122,33,8,1,ESM6 C7100
2026-03-24T20:05:44.060470895Z,2026-03-24T20:05:44.059926281Z,1,1,42372969,T,A,0,69.750000000,1,0,14077,957443174,69.750000000,70.000000000,1,56,1,5,ESM6 C7000
2026-03-24T20:05:51.730307288Z,2026-03-24T20:05:51.729008605Z,1,1,42378288,T,B,0,41.750000000,2,0,13767,957473170,41.500000000,41.750000000,44,2,4,1,ESM6 P5250
2026-03-24T20:05:51.749374087Z,2026-03-24T20:05:51.748911419Z,1,1,42394731,T,B,0,31.750000000,2,0,16187,957473268,31.500000000,31.750000000,137,2,6,1,ESM6 P5000
2026-03-24T20:05:52.778731332Z,2026-03-24T20:05:52.714135345Z,1,1,42366506,T,B,0,23.750000000,2,0,11480,957475288,23.500000000,23.750000000,185,2,6,1,ESM6 P4700
2026-03-24T20:05:54.237086574Z,2026-03-24T20:05:54.236493167Z,1,1,2563502,T,A,0,21.500000000,2,0,16451,379653819,21.500000000,21.750000000,2,482,1,7,UD:1V: BO 2563502
2026-03-24T20:05:56.649627717Z,2026-03-24T20:05:56.641083439Z,1,1,2522986,T,B,0,45.750000000,2,0,14967,379655318,45.500000000,45.750000000,461,2,7,1,UD:1V: VT 2522986
2026-03-24T20:06:05.938988702Z,2026-03-24T20:06:05.938448839Z,1,1,2563502,T,A,0,21.500000000,2,0,11832,379667022,21.500000000,21.750000000,2,501,1,8,UD:1V: BO 2563502
2026-03-24T20:06:06.086746006Z,2026-03-24T20:06:06.084231479Z,1,1,2550967,T,B,0,35.500000000,2,0,13024,379667130,35.250000000,35.500000000,192,2,3,1,UD:1V: VT 2550967
2026-03-24T20:06:14.099128100Z,2026-03-24T20:06:14.096903725Z,1,1,2550967,T,B,0,35.500000000,2,0,11553,379678489,35.250000000,35.500000000,246,2,4,1,UD:1V: VT 2550967
2026-03-24T20:06:14.130474398Z,2026-03-24T20:06:14.129945631Z,1,1,2563502,T,A,0,21.500000000,2,0,14042,379678888,21.500000000,21.750000000,2,501,1,8,UD:1V: BO 2563502
2026-03-24T20:06:20.249464641Z,2026-03-24T20:06:20.248882633Z,1,1,2563502,T,A,0,21.500000000,2,0,13856,379682314,21.500000000,21.750000000,2,550,1,9,UD:1V: BO 2563502
2026-03-24T20:06:20.249955865Z,2026-03-24T20:06:20.248890835Z,1,1,2550967,T,B,0,35.500000000,2,0,13410,379682318,35.250000000,35.500000000,205,2,4,1,UD:1V: VT 2550967
2026-03-24T20:06:23.011753543Z,2026-03-24T20:06:22.867296105Z,1,1,42399596,T,B,0,14.100000000,2,0,11660,957583190,14.000000000,14.100000000,11,2,4,1,ESM6 P4100
2026-03-24T20:06:32.372562471Z,2026-03-24T20:06:32.347234157Z,1,1,2551040,T,B,0,28.750000000,2,0,14477,379702173,28.500000000,28.750000000,417,2,4,1,UD:1V: VT 2551040
2026-03-24T20:06:32.390158238Z,2026-03-24T20:06:32.378555831Z,1,1,2563502,T,A,0,21.500000000,2,0,13757,379702468,21.500000000,21.750000000,2,529,1,9,UD:1V: BO 2563502
2026-03-24T20:06:40.410647758Z,2026-03-24T20:06:40.408874341Z,1,1,2551040,T,B,0,28.750000000,2,0,13507,379707638,28.500000000,28.750000000,442,2,5,1,UD:1V: VT 2551040
2026-03-24T20:06:46.548998823Z,2026-03-24T20:06:46.548557819Z,1,1,2551040,T,B,0,28.750000000,2,0,13492,379712513,28.500000000,28.750000000,438,2,5,1,UD:1V: VT 2551040
2026-03-24T20:06:46.549517447Z,2026-03-24T20:06:46.549002363Z,1,1,2551040,T,A,0,28.750000000,116,0,13779,379712515,28.750000000,29.000000000,116,523,1,7,UD:1V: VT 2551040
2026-03-24T20:06:49.508419238Z,2026-03-24T20:06:49.507841657Z,1,1,2563502,T,A,0,21.500000000,2,0,13315,379715278,21.500000000,21.750000000,2,529,1,9,UD:1V: BO 2563502
2026-03-24T20:06:55.062307568Z,2026-03-24T20:06:55.009876873Z,1,1,42836578,T,B,0,77.750000000,1,0,11599,957690126,77.250000000,77.750000000,174,27,7,1,ESM6 C6975
2026-03-24T20:06:55.645382516Z,2026-03-24T20:06:55.644852379Z,1,1,2563502,T,A,0,21.500000000,2,0,12662,379729131,21.500000000,21.750000000,2,529,1,9,UD:1V: BO 2563502
2026-03-24T20:06:56.140357639Z,2026-03-24T20:06:56.138212645Z,1,1,2551040,T,B,0,28.750000000,26,0,12906,379729268,28.500000000,28.750000000,449,26,5,1,UD:1V: VT 2551040
2026-03-24T20:06:56.176862054Z,2026-03-24T20:06:56.144248645Z,1,1,2551040,T,B,0,28.750000000,2,0,10345,379729653,28.500000000,28.750000000,304,2,4,1,UD:1V: VT 2551040
2026-03-24T20:07:01.849022036Z,2026-03-24T20:07:01.848581585Z,1,1,2563502,T,A,0,21.500000000,2,0,14009,379731869,21.500000000,21.750000000,2,529,1,9,UD:1V: BO 2563502
2026-03-24T20:07:07.260224646Z,2026-03-24T20:07:07.156837451Z,1,1,2558128,T,A,0,91.750000000,53,0,14085,379740622,91.750000000,92.000000000,53,67,1,1,UD:1V: VT 2558128
2026-03-24T20:07:07.284096225Z,2026-03-24T20:07:07.225119745Z,1,1,42404348,T,A,0,178.500000000,1,0,13799,957723889,178.500000000,179.000000000,1,34,1,7,ESM6 C6750
2026-03-24T20:07:08.049001089Z,2026-03-24T20:07:08.048594565Z,1,1,2563502,T,A,0,21.500000000,2,0,15340,379741702,21.500000000,21.750000000,2,480,1,8,UD:1V: BO 2563502
2026-03-24T20:07:14.251837526Z,2026-03-24T20:07:14.251369673Z,1,1,2563502,T,A,0,21.500000000,2,0,13767,379747951,21.500000000,21.750000000,2,529,1,9,UD:1V: BO 2563502
2026-03-24T20:07:16.895840371Z,2026-03-24T20:07:16.699266769Z,1,1,2522986,T,B,0,45.750000000,2,0,12534,379751167,45.500000000,45.750000000,505,2,5,1,UD:1V: VT 2522986
2026-03-24T20:07:29.998420014Z,2026-03-24T20:07:29.957487811Z,1,1,2567164,T,B,0,52.000000000,1,0,14076,379777074,51.750000000,52.000000000,69,63,2,2,UD:1V: VT 2567164
2026-03-24T20:08:00.011693390Z,2026-03-24T20:08:00.009751525Z,1,1,2550967,T,B,0,35.500000000,2,0,14300,379798335,35.250000000,35.500000000,164,2,4,1,UD:1V: VT 2550967
2026-03-24T20:08:04.826635796Z,2026-03-24T20:08:04.826323549Z,1,1,42394608,T,A,0,11.900000000,20,0,13991,957920298,11.900000000,12.000000000,20,241,1,6,ESM6 P3900
2026-03-24T20:08:14.005773776Z,2026-03-24T20:08:14.005429623Z,1,1,42394608,T,A,0,11.900000000,20,0,13534,957944311,11.900000000,12.000000000,20,480,1,8,ESM6 P3900
2026-03-24T20:08:18.805195318Z,2026-03-24T20:08:18.761857555Z,1,1,42315459,T,B,0,27.500000000,15,0,14022,957956446,27.000000000,27.500000000,244,15,6,1,ESZ6 C8000
2026-03-24T20:08:35.507311481Z,2026-03-24T20:08:35.506768795Z,1,1,2563502,T,A,0,21.500000000,2,0,13396,379841795,21.500000000,21.750000000,2,388,1,6,UD:1V: BO 2563502
2026-03-24T20:08:41.649155810Z,2026-03-24T20:08:41.648645009Z,1,1,2563502,T,A,0,21.500000000,2,0,13001,379850172,21.500000000,21.750000000,2,445,1,7,UD:1V: BO 2563502
2026-03-24T20:09:05.816124001Z,2026-03-24T20:09:05.809601447Z,1,1,2563502,T,A,0,21.500000000,2,0,14236,379865538,21.500000000,21.750000000,2,494,1,8,UD:1V: BO 2563502
2026-03-24T20:09:11.949070303Z,2026-03-24T20:09:11.948684191Z,1,1,2563502,T,A,0,21.500000000,2,0,12730,379873015,21.500000000,21.750000000,2,445,1,7,UD:1V: BO 2563502
2026-03-24T20:09:22.817848329Z,2026-03-24T20:09:22.817268903Z,1,1,2563502,T,A,0,21.500000000,2,0,14354,379898561,21.500000000,21.750000000,2,494,1,8,UD:1V: BO 2563502
2026-03-24T20:09:28.949156911Z,2026-03-24T20:09:28.948694899Z,1,1,2563502,T,A,0,21.500000000,2,0,13868,379903456,21.500000000,21.750000000,2,445,1,7,UD:1V: BO 2563502
2026-03-24T20:09:35.149961768Z,2026-03-24T20:09:35.148704759Z,1,1,2563502,T,A,0,21.500000000,2,0,15414,379908664,21.500000000,21.750000000,2,445,1,7,UD:1V: BO 2563502
2026-03-24T20:09:41.349169534Z,2026-03-24T20:09:41.348702137Z,1,1,2563502,T,A,0,21.500000000,2,0,17519,379911397,21.500000000,21.750000000,2,445,1,7,UD:1V: BO 2563502
2026-03-24T20:10:04.484955691Z,2026-03-24T20:10:04.311100429Z,1,1,42396443,T,B,0,128.500000000,2,0,11125,958296940,128.000000000,128.500000000,4,2,2,1,ESM6 C6850
2026-03-24T20:10:10.539082754Z,2026-03-24T20:10:10.538586589Z,1,1,42372949,T,A,0,152.500000000,1,0,13410,958327801,152.500000000,153.000000000,1,56,1,8,ESM6 C6800
2026-03-24T20:10:10.985014878Z,2026-03-24T20:10:10.984456185Z,1,1,2563502,T,A,0,21.500000000,2,0,14398,379943793,21.500000000,21.750000000,2,494,1,8,UD:1V: BO 2563502
2026-03-24T20:10:17.149278830Z,2026-03-24T20:10:17.148757287Z,1,1,2563502,T,A,0,21.500000000,2,0,13061,379951348,21.500000000,21.750000000,2,496,1,8,UD:1V: BO 2563502
2026-03-24T20:10:23.349138926Z,2026-03-24T20:10:23.348718925Z,1,1,2563502,T,A,0,21.500000000,2,0,13425,379956942,21.500000000,21.750000000,2,496,1,8,UD:1V: BO 2563502
2026-03-24T20:10:29.549123364Z,2026-03-24T20:10:29.548705177Z,1,1,2563502,T,A,0,21.500000000,2,0,14409,379962933,21.500000000,21.750000000,2,496,1,8,UD:1V: BO 2563502
2026-03-24T20:10:35.749124785Z,2026-03-24T20:10:35.748711317Z,1,1,2563502,T,A,0,21.500000000,2,0,13563,379966153,21.500000000,21.750000000,2,496,1,8,UD:1V: BO 2563502
2026-03-24T20:10:41.949086833Z,2026-03-24T20:10:41.948727181Z,1,1,2563502,T,A,0,21.500000000,2,0,13024,379970942,21.500000000,21.750000000,2,496,1,8,UD:1V: BO 2563502
2026-03-24T20:10:48.149299308Z,2026-03-24T20:10:48.148730965Z,1,1,2563502,T,A,0,21.500000000,2,0,16092,379977814,21.500000000,21.750000000,2,496,1,8,UD:1V: BO 2563502
2026-03-24T20:10:49.850591801Z,2026-03-24T20:10:49.842113531Z,1,1,42372953,T,B,0,106.500000000,24,0,23219,958435051,106.000000000,106.500000000,48,24,7,1,ESM6 C6900
2026-03-24T20:10:54.349377708Z,2026-03-24T20:10:54.348784811Z,1,1,2563502,T,A,0,21.500000000,2,0,14477,379982698,21.500000000,21.750000000,2,277,1,7,UD:1V: BO 2563502
2026-03-24T20:10:54.448690508Z,2026-03-24T20:10:54.441244397Z,1,1,42435330,T,B,0,55.000000000,29,0,13560,958450550,54.750000000,55.000000000,5,30,3,1,ESM6 C7050
2026-03-24T20:11:00.549317364Z,2026-03-24T20:11:00.548738697Z,1,1,2563502,T,A,0,21.500000000,2,0,13525,379987187,21.500000000,21.750000000,2,387,1,7,UD:1V: BO 2563502
2026-03-24T20:11:06.345745321Z,2026-03-24T20:11:06.224680197Z,1,1,42821843,T,B,0,193.000000000,8,0,11332,958505498,192.000000000,193.000000000,20,8,2,1,ESM6 C6725
2026-03-24T20:11:06.749161617Z,2026-03-24T20:11:06.748739779Z,1,1,2563502,T,A,0,21.500000000,2,0,13752,380005179,21.500000000,21.750000000,2,313,1,5,UD:1V: BO 2563502
2026-03-24T20:11:08.850554032Z,2026-03-24T20:11:08.637762917Z,1,1,42883305,T,B,0,189.000000000,5,0,13846,958525183,188.000000000,189.000000000,32,5,3,2,ESM6 P6375
2026-03-24T20:11:08.857677937Z,2026-03-24T20:11:08.637763903Z,1,1,42378541,T,B,0,170.000000000,2,0,15240,958525356,169.000000000,170.000000000,67,2,4,1,ESM6 P6300
2026-03-24T20:11:12.961413831Z,2026-03-24T20:11:12.960908149Z,1,1,2563502,T,A,0,21.500000000,2,0,14247,380024350,21.500000000,21.750000000,2,443,1,8,UD:1V: BO 2563502
2026-03-24T20:11:13.480511236Z,2026-03-24T20:11:13.206318393Z,1,1,42394804,T,B,0,242.000000000,2,0,12888,958563054,241.000000000,242.000000000,36,2,5,1,ESM6 P6550
2026-03-24T20:11:15.685521452Z,2026-03-24T20:11:15.587976353Z,1,1,42836583,T,B,0,153.500000000,2,0,13337,958587526,153.000000000,153.500000000,1,2,1,1,ESM6 P6225
2026-03-24T20:11:16.114320425Z,2026-03-24T20:11:15.966585363Z,1,1,42760596,T,B,0,117.500000000,4,0,12642,958595197,117.000000000,117.500000000,2,23,1,1,ESM6 C6875
2026-03-24T20:11:19.149263164Z,2026-03-24T20:11:19.148739523Z,1,1,2563502,T,A,0,21.500000000,2,0,13109,380046379,21.500000000,21.750000000,2,443,1,8,UD:1V: BO 2563502
2026-03-24T20:11:25.349225911Z,2026-03-24T20:11:25.348755973Z,1,1,2563502,T,A,0,21.500000000,2,0,13849,380050891,21.500000000,21.750000000,2,394,1,7,UD:1V: BO 2563502
2026-03-24T20:11:37.034631497Z,2026-03-24T20:11:37.034108115Z,1,1,2548491,T,B,0,2.850000000,2,0,15472,380064239,2.700000000,2.850000000,162,2,3,1,UD:1V: VT 2548491
2026-03-24T20:11:37.034895042Z,2026-03-24T20:11:37.034108307Z,1,1,2563502,T,A,0,21.500000000,2,0,10184,380064241,21.500000000,21.750000000,2,228,1,6,UD:1V: BO 2563502
2026-03-24T20:11:43.223126663Z,2026-03-24T20:11:43.222568561Z,1,1,2548491,T,B,0,2.850000000,2,0,14214,380071596,2.750000000,2.850000000,248,2,2,1,UD:1V: VT 2548491
2026-03-24T20:11:49.349196267Z,2026-03-24T20:11:49.348780241Z,1,1,2548491,T,B,0,2.850000000,2,0,14278,380075345,2.750000000,2.850000000,248,2,2,1,UD:1V: VT 2548491
2026-03-24T20:11:55.549072528Z,2026-03-24T20:11:55.548780011Z,1,1,2548491,T,B,0,2.850000000,2,0,13875,380080326,2.750000000,2.850000000,248,2,2,1,UD:1V: VT 2548491
2026-03-24T20:12:01.749133497Z,2026-03-24T20:12:01.748778583Z,1,1,2548491,T,B,0,2.850000000,2,0,12669,380088699,2.750000000,2.850000000,248,2,2,1,UD:1V: VT 2548491
2026-03-24T20:12:07.949364958Z,2026-03-24T20:12:07.948925685Z,1,1,2548491,T,B,0,2.850000000,2,0,14258,380097330,2.750000000,2.850000000,248,2,2,1,UD:1V: VT 2548491
2026-03-24T20:12:14.157427767Z,2026-03-24T20:12:14.156843051Z,1,1,2548491,T,B,0,2.850000000,2,0,19610,380103575,2.750000000,2.850000000,248,2,2,1,UD:1V: VT 2548491
2026-03-24T20:13:01.720400735Z,2026-03-24T20:13:01.650586861Z,1,1,2545541,T,B,0,88.250000000,2,0,14341,380138321,88.000000000,88.250000000,173,2,6,1,UD:1V: VT 2545541
2026-03-24T20:13:35.192266230Z,2026-03-24T20:13:35.191706369Z,1,1,2563502,T,A,0,21.500000000,2,0,14285,380161902,21.500000000,21.750000000,2,386,1,6,UD:1V: BO 2563502
2026-03-24T20:13:35.197238638Z,2026-03-24T20:13:35.196754397Z,1,1,2566185,T,B,0,49.000000000,2,0,14924,380161905,48.750000000,49.000000000,185,2,4,1,UD:1V: VT 2566185
2026-03-24T20:13:43.222906094Z,2026-03-24T20:13:43.219772739Z,1,1,2563502,T,A,0,21.500000000,2,0,18890,380171686,21.500000000,21.750000000,2,435,1,7,UD:1V: BO 2563502
2026-03-24T20:13:48.981808284Z,2026-03-24T20:13:48.978526581Z,1,1,2578710,T,B,0,26.000000000,1,0,13973,380178916,25.750000000,26.000000000,2,3,1,2,UD:1V: IC 2578710
2026-03-24T20:13:49.349330356Z,2026-03-24T20:13:49.348862701Z,1,1,2563502,T,A,0,21.500000000,2,0,13154,380179639,21.500000000,21.750000000,2,435,1,7,UD:1V: BO 2563502
2026-03-24T20:15:03.889395158Z,2026-03-24T20:15:03.888791279Z,1,1,2545533,T,A,0,100.500000000,1,0,13675,380261107,100.500000000,101.000000000,1,151,1,5,UD:1V: VT 2545533
2026-03-24T20:16:00.483228730Z,2026-03-24T20:16:00.474559799Z,1,1,42394754,T,A,0,147.000000000,1,0,11257,959368397,147.000000000,147.500000000,1,49,1,6,ESM6 P6200
2026-03-24T20:17:09.613035561Z,2026-03-24T20:17:09.612556285Z,1,1,42416106,T,A,0,6.500000000,5,0,13620,959450440,6.500000000,6.600000000,5,13,1,3,ESM6 C7450
2026-03-24T20:17:20.777544426Z,2026-03-24T20:17:20.777051003Z,1,1,273789,T,B,0,401.500000000,1,0,13596,959459652,401.000000000,401.500000000,19,1,1,1,ESZ7 C7500
2026-03-24T20:17:41.720803294Z,2026-03-24T20:17:41.720326531Z,1,1,42372981,T,A,0,0.700000000,5,0,20232,959482020,0.700000000,0.900000000,613,1,5,1,ESM6 C8000
2026-03-24T20:18:54.211240470Z,2026-03-24T20:18:54.210747869Z,1,1,273104,T,A,0,653.000000000,1,0,14221,959547820,653.000000000,654.500000000,1,20,1,1,ESZ7 C7000
2026-03-24T20:19:37.081368436Z,2026-03-24T20:19:37.080641707Z,1,1,2547423,T,A,0,137.500000000,1,0,14348,380428539,137.500000000,138.500000000,1,142,1,5,UD:1V: VT 2547423
2026-03-24T20:20:01.535807063Z,2026-03-24T20:20:01.477121795Z,1,1,42760602,T,B,0,255.000000000,4,0,13500,959808550,254.500000000,255.000000000,3,4,1,1,ESM6 C6625
2026-03-24T20:20:05.331500570Z,2026-03-24T20:20:05.152847243Z,1,1,273789,T,B,0,405.000000000,1,0,17724,959855998,404.500000000,405.000000000,19,1,1,1,ESZ7 C7500
2026-03-24T20:20:14.354146903Z,2026-03-24T20:20:14.135814845Z,1,1,2578141,T,A,0,15.000000000,1,0,14666,380555319,15.000000000,15.200000000,1,25,1,2,UD:1V: BO 2578141
2026-03-24T20:20:25.187143718Z,2026-03-24T20:20:25.186249299Z,1,1,2545533,T,B,0,102.000000000,1,0,13559,380618363,101.500000000,102.000000000,100,1,2,1,UD:1V: VT 2545533
2026-03-24T20:20:45.361983595Z,2026-03-24T20:20:45.197821415Z,1,1,4247450,T,B,0,310.000000000,1,0,12612,960269573,,310.000000000,0,1,0,1,ESZ6 C7000
2026-03-24T20:20:45.471632494Z,2026-03-24T20:20:45.354270761Z,1,1,42372953,T,B,0,115.000000000,1,0,17329,960271216,100.000000000,115.000000000,4,1,2,1,ESM6 C6900
2026-03-24T20:20:49.573642925Z,2026-03-24T20:20:49.563425125Z,1,1,42439351,T,A,0,303.500000000,4,0,15887,960304910,303.500000000,305.000000000,4,3,2,1,ESU6 P6500
2026-03-24T20:20:52.374973958Z,2026-03-24T20:20:52.374281653Z,1,1,2578923,T,A,0,-0.800000000,1,0,14943,380739261,-0.800000000,-0.750000000,1,65,1,2,UD:1V: GN 2578923
2026-03-24T20:20:54.946270823Z,2026-03-24T20:20:54.897677591Z,1,1,42378541,T,A,0,158.000000000,1,0,14185,960343134,158.000000000,159.500000000,1,3,1,1,ESM6 P6300
2026-03-24T20:20:55.088303223Z,2026-03-24T20:20:55.087718765Z,1,1,2545534,T,B,0,87.750000000,1,0,14195,380747424,87.000000000,87.750000000,67,1,1,1,UD:1V: VT 2545534
2026-03-24T20:20:55.661039332Z,2026-03-24T20:20:55.648310559Z,1,1,42378449,T,A,0,102.000000000,3,0,13752,960348371,102.000000000,106.000000000,3,2,1,1,ESM6 P6000
2026-03-24T20:20:55.912216738Z,2026-03-24T20:20:55.868933203Z,1,1,2568964,T,B,0,15.400000000,3,0,11211,380750256,15.200000000,15.400000000,628,3,2,1,UD:1V: VT 2568964
2026-03-24T20:20:59.216962126Z,2026-03-24T20:20:59.216469815Z,1,1,42384718,T,B,0,283.000000000,1,0,13448,960372129,282.000000000,283.000000000,2,1,1,1,ESM6 C6600
2026-03-24T20:21:03.804605743Z,2026-03-24T20:21:03.758396663Z,1,1,315095,T,A,0,42.000000000,1,0,11172,960403255,42.000000000,43.000000000,1,87,1,3,ESZ6 P4000
2026-03-24T20:21:08.675812187Z,2026-03-24T20:21:08.672224867Z,1,1,42626649,T,B,0,189.000000000,3,0,14444,960437565,183.000000000,189.000000000,18,3,1,1,ESH7 C7500
2026-03-24T20:21:33.342109347Z,2026-03-24T20:21:33.341752283Z,1,1,42394740,T,B,0,36.500000000,1,0,13589,960597504,35.500000000,36.500000000,76,1,2,1,ESM6 P5200
2026-03-24T20:21:36.069813975Z,2026-03-24T20:21:36.069284337Z,1,1,273104,T,B,0,666.000000000,1,0,13314,960615963,618.500000000,666.000000000,54,1,2,1,ESZ7 C7000
2026-03-24T20:22:10.698873807Z,2026-03-24T20:22:10.698266809Z,1,1,2545533,T,A,0,105.500000000,1,0,14337,380918901,105.500000000,106.000000000,1,121,1,3,UD:1V: VT 2545533
2026-03-24T20:22:10.903861558Z,2026-03-24T20:22:10.900448061Z,1,1,2545533,T,A,0,105.500000000,1,0,14392,380919845,105.500000000,106.000000000,1,86,1,2,UD:1V: VT 2545533
2026-03-24T20:22:18.664358721Z,2026-03-24T20:22:18.511689833Z,1,1,42372953,T,B,0,120.000000000,1,0,13509,960990920,117.500000000,120.000000000,2,1,1,1,ESM6 C6900
2026-03-24T20:22:18.905923122Z,2026-03-24T20:22:18.829716673Z,1,1,42372969,T,B,0,80.000000000,5,0,13571,960994541,76.500000000,80.000000000,8,5,2,1,ESM6 C7000
2026-03-24T20:22:19.222090025Z,2026-03-24T20:22:19.109641217Z,1,1,42384724,T,B,0,29.250000000,1,0,13514,960999186,27.750000000,29.250000000,2,1,1,1,ESM6 C7200
2026-03-24T20:22:22.423951819Z,2026-03-24T20:22:22.227231835Z,1,1,2565932,T,A,0,19.000000000,1,0,13396,380988137,19.000000000,19.500000000,1,422,1,3,UD:1V: VT 2565932
2026-03-24T20:22:22.728314292Z,2026-03-24T20:22:22.563435461Z,1,1,42384724,T,B,0,29.500000000,1,0,12725,961043271,28.000000000,29.500000000,98,1,4,1,ESM6 C7200
2026-03-24T20:22:24.483060897Z,2026-03-24T20:22:24.341584741Z,1,1,2564179,T,A,0,-26.500000000,5,0,14430,381002312,-26.500000000,76.500000000,5,17,1,1,UD:1V: GN 2564179
2026-03-24T20:22:28.950761257Z,2026-03-24T20:22:28.891056153Z,1,1,42384724,T,B,0,29.750000000,1,0,11694,961130071,28.250000000,29.750000000,103,1,2,1,ESM6 C7200
2026-03-24T20:22:29.017428859Z,2026-03-24T20:22:28.951202819Z,1,1,42384724,T,B,0,30.000000000,1,0,14795,961131238,28.250000000,30.000000000,105,1,3,1,ESM6 C7200
2026-03-24T20:22:29.839789758Z,2026-03-24T20:22:29.669418271Z,1,1,2545533,T,B,0,107.500000000,1,0,11591,381035223,,107.500000000,0,1,0,1,UD:1V: VT 2545533
2026-03-24T20:22:32.219784676Z,2026-03-24T20:22:32.156266207Z,1,1,42384724,T,B,0,30.250000000,1,0,14021,961174406,29.000000000,30.250000000,40,1,1,1,ESM6 C7200
2026-03-24T20:22:33.225870214Z,2026-03-24T20:22:33.225346793Z,1,1,42435330,T,B,0,66.000000000,1,0,17012,961186292,64.250000000,66.000000000,2,1,1,1,ESM6 C7050
2026-03-24T20:23:03.589574362Z,2026-03-24T20:23:03.589096697Z,1,1,42372969,T,A,0,82.500000000,1,0,14690,961535422,82.500000000,83.000000000,1,6,1,2,ESM6 C7000
2026-03-24T20:23:18.224455838Z,2026-03-24T20:23:18.223611665Z,1,1,2564179,T,A,0,-30.000000000,5,0,17956,381265448,-30.000000000,-25.500000000,5,41,1,3,UD:1V: GN 2564179
2026-03-24T20:23:27.067738678Z,2026-03-24T20:23:26.867535499Z,1,1,2564179,T,A,0,-40.000000000,2,0,17064,381296782,-40.000000000,-29.250000000,5,51,1,2,UD:1V: GN 2564179
2026-03-24T20:23:32.733439099Z,2026-03-24T20:23:32.732802177Z,1,1,2564179,T,A,0,-40.000000000,2,0,13509,381320574,-40.000000000,-29.250000000,3,55,1,3,UD:1V: GN 2564179
2026-03-24T20:23:32.733697019Z,2026-03-24T20:23:32.732847141Z,1,1,2564179,T,A,0,-40.000000000,1,0,16389,381320576,-40.000000000,-29.250000000,1,55,1,3,UD:1V: GN 2564179
2026-03-24T20:23:50.544603134Z,2026-03-24T20:23:50.532371771Z,1,1,42404374,T,A,0,416.000000000,3,0,16112,961990197,416.000000000,427.000000000,40,40,2,2,ESM6 P7000
2026-03-24T20:24:43.205847534Z,2026-03-24T20:24:43.153504895Z,1,1,42394732,T,A,0,41.500000000,4,0,12958,962395789,41.500000000,42.250000000,4,3,1,1,ESM6 P5350
2026-03-24T20:24:48.726282903Z,2026-03-24T20:24:48.708149275Z,1,1,42378592,T,A,0,200.000000000,1,0,14344,962454666,200.000000000,202.500000000,1,39,1,2,ESM6 P6500
2026-03-24T20:24:58.462077478Z,2026-03-24T20:24:58.279227357Z,1,1,42372969,T,B,0,82.000000000,5,0,11321,962529509,80.000000000,82.000000000,113,15,3,1,ESM6 C7000
2026-03-24T20:24:58.490812905Z,2026-03-24T20:24:58.301600093Z,1,1,42883176,T,B,0,34.500000000,1,0,14494,962529952,33.250000000,34.500000000,133,1,1,1,ESM6 C7175
2026-03-24T20:24:58.692769463Z,2026-03-24T20:24:58.453394461Z,1,1,42372969,T,B,0,82.000000000,10,0,13755,962533982,81.000000000,82.000000000,2,10,1,1,ESM6 C7000
2026-03-24T20:25:03.463765990Z,2026-03-24T20:25:03.463051225Z,1,1,42372953,T,B,0,123.000000000,1,0,13807,962572946,122.000000000,123.000000000,38,1,3,1,ESM6 C6900
2026-03-24T20:25:13.467167809Z,2026-03-24T20:25:13.391903991Z,1,1,42384724,T,B,0,30.500000000,1,0,13502,962680573,29.000000000,30.500000000,190,1,3,1,ESM6 C7200
2026-03-24T20:25:18.034079201Z,2026-03-24T20:25:18.020218815Z,1,1,42394633,T,A,0,17.500000000,1,0,12720,962723560,17.500000000,18.100000000,1,33,1,2,ESM6 P4500
2026-03-24T20:25:39.647427575Z,2026-03-24T20:25:39.646900855Z,1,1,42372969,T,B,0,82.000000000,1,0,16341,962909452,81.000000000,82.000000000,49,1,3,1,ESM6 C7000
2026-03-24T20:25:58.588487873Z,2026-03-24T20:25:58.526960089Z,1,1,42384779,T,A,0,231.000000000,4,0,16772,963055527,231.000000000,234.000000000,9,13,1,1,ESM6 P6600
2026-03-24T20:25:58.665440949Z,2026-03-24T20:25:58.571880155Z,1,1,42384779,T,A,0,231.000000000,1,0,12432,963056867,231.000000000,234.000000000,5,13,1,1,ESM6 P6600
2026-03-24T20:26:01.766171399Z,2026-03-24T20:26:01.717002065Z,1,1,42384779,T,A,0,231.000000000,2,0,13780,963081722,231.000000000,233.500000000,4,42,1,2,ESM6 P6600
2026-03-24T20:26:06.116037766Z,2026-03-24T20:26:06.023396795Z,1,1,42384779,T,A,0,231.000000000,1,0,11318,963100026,231.000000000,233.500000000,2,42,1,2,ESM6 P6600
2026-03-24T20:26:08.341332506Z,2026-03-24T20:26:08.252286089Z,1,1,42384779,T,A,0,231.000000000,1,0,11426,963117336,231.000000000,232.500000000,1,37,1,2,ESM6 P6600
2026-03-24T20:26:17.447094859Z,2026-03-24T20:26:17.446709427Z,1,1,42409642,T,B,0,29.250000000,27,0,13437,963181727,28.250000000,29.250000000,194,27,5,1,ESM6 P5050
2026-03-24T20:26:17.781953406Z,2026-03-24T20:26:17.776967353Z,1,1,42409642,T,B,0,29.250000000,1,0,13170,963182787,28.250000000,29.250000000,133,1,4,1,ESM6 P5050
2026-03-24T20:26:20.509239923Z,2026-03-24T20:26:20.477975475Z,1,1,42372969,T,B,0,83.250000000,10,0,11165,963209105,81.000000000,83.250000000,83,10,4,1,ESM6 C7000
2026-03-24T20:26:21.005840105Z,2026-03-24T20:26:20.966825087Z,1,1,42372953,T,B,0,125.000000000,1,0,13731,963212269,122.500000000,125.000000000,66,1,4,1,ESM6 C6900
2026-03-24T20:26:35.422435543Z,2026-03-24T20:26:35.328959385Z,1,1,42384724,T,B,0,30.750000000,1,0,12812,963321081,29.500000000,30.750000000,146,1,1,1,ESM6 C7200
2026-03-24T20:26:36.611552299Z,2026-03-24T20:26:36.611083625Z,1,1,42372969,T,B,0,85.500000000,1,0,14156,963328334,82.000000000,85.500000000,143,5,4,2,ESM6 C7000
2026-03-24T20:26:46.984799716Z,2026-03-24T20:26:46.974522995Z,1,1,42384724,T,B,0,31.000000000,1,0,13806,963406704,29.750000000,31.000000000,206,1,4,1,ESM6 C7200
2026-03-24T20:26:47.231926433Z,2026-03-24T20:26:47.164383015Z,1,1,42397652,T,B,0,32.000000000,1,0,12612,963412098,30.750000000,32.000000000,261,1,3,1,ESU6 C7600
2026-03-24T20:26:49.776869050Z,2026-03-24T20:26:49.566435609Z,1,1,42378217,T,A,0,3.950000000,1,0,14095,963433939,3.950000000,15.000000000,1,1,1,1,ESM6 P3000
2026-03-24T20:26:49.793706589Z,2026-03-24T20:26:49.576297837Z,1,1,42384724,T,B,0,31.250000000,1,0,12643,963434542,21.000000000,31.250000000,1,1,1,1,ESM6 C7200
2026-03-24T20:26:54.056493183Z,2026-03-24T20:26:54.055989333Z,1,1,2547677,T,B,0,48.750000000,10,0,13081,382017170,48.500000000,48.750000000,69,10,2,1,UD:1V: VT 2547677
2026-03-24T20:26:58.046281726Z,2026-03-24T20:26:58.045796011Z,1,1,42384724,T,B,0,31.500000000,1,0,15472,963487017,30.750000000,31.500000000,2,1,1,1,ESM6 C7200
2026-03-24T20:26:58.219637990Z,2026-03-24T20:26:58.219167461Z,1,1,539869,T,B,0,230.000000000,1,0,13958,963487615,228.000000000,230.000000000,20,1,2,1,ESZ6 P6000
2026-03-24T20:27:18.193860085Z,2026-03-24T20:27:18.193336239Z,1,1,42409642,T,B,0,29.250000000,2,0,14594,963620719,28.750000000,29.250000000,108,2,3,1,ESM6 P5050
2026-03-24T20:27:34.783666332Z,2026-03-24T20:27:34.777356321Z,1,1,2550085,T,B,0,9.100000000,4,0,12227,382119555,8.700000000,9.100000000,788,4,4,1,UD:1V: VT 2550085
2026-03-24T20:27:37.832274336Z,2026-03-24T20:27:37.831734357Z,1,1,2579177,T,A,0,76.500000000,1,0,13818,382132807,76.500000000,77.750000000,1,88,1,2,UD:1V: VT 2579177
2026-03-24T20:27:38.308085706Z,2026-03-24T20:27:38.307514089Z,1,1,2564297,T,B,0,9.900000000,8,0,13829,382133946,8.800000000,9.900000000,13,14,1,1,UD:1V: GN 2564297
2026-03-24T20:27:51.923494008Z,2026-03-24T20:27:51.922853605Z,1,1,2564297,T,B,0,10.000000000,4,0,14174,382172511,8.400000000,10.000000000,37,4,3,1,UD:1V: GN 2564297
2026-03-24T20:27:56.540752227Z,2026-03-24T20:27:56.475398503Z,1,1,2564297,T,B,0,10.000000000,9,0,13606,382182405,8.400000000,10.000000000,37,29,3,1,UD:1V: GN 2564297
2026-03-24T20:27:57.720156292Z,2026-03-24T20:27:57.553066379Z,1,1,2564297,T,B,0,10.000000000,7,0,13931,382186391,8.400000000,10.000000000,18,30,2,1,UD:1V: GN 2564297
2026-03-24T20:27:57.930204803Z,2026-03-24T20:27:57.916531273Z,1,1,2564297,T,B,0,10.000000000,7,0,14681,382188279,8.400000000,10.000000000,14,14,1,1,UD:1V: GN 2564297
2026-03-24T20:28:00.695452684Z,2026-03-24T20:28:00.686460555Z,1,1,2564297,T,B,0,9.900000000,4,0,16647,382194854,8.400000000,9.900000000,4,4,1,1,UD:1V: GN 2564297
2026-03-24T20:28:01.618981617Z,2026-03-24T20:28:01.618294213Z,1,1,42472888,T,A,0,58.250000000,1,0,13817,963920227,58.250000000,59.000000000,1,155,1,3,ESU6 P4900
2026-03-24T20:28:02.273947348Z,2026-03-24T20:28:02.163830497Z,1,1,42399706,T,A,0,270.000000000,1,0,14544,963925769,270.000000000,272.000000000,1,43,1,2,ESM6 P6700
2026-03-24T20:28:09.930882258Z,2026-03-24T20:28:09.922054877Z,1,1,2564297,T,B,0,10.100000000,4,0,14220,382232073,8.500000000,10.100000000,4,4,1,1,UD:1V: GN 2564297
2026-03-24T20:28:18.562816899Z,2026-03-24T20:28:18.561762563Z,1,1,42384779,T,B,0,238.000000000,1,0,14322,964078555,235.500000000,238.000000000,60,9,3,1,ESM6 P6600
2026-03-24T20:28:18.566506140Z,2026-03-24T20:28:18.562953949Z,1,1,42384779,T,B,0,238.000000000,8,0,11663,964078634,235.500000000,238.000000000,60,8,3,1,ESM6 P6600
2026-03-24T20:28:33.717897881Z,2026-03-24T20:28:33.618138487Z,1,1,2545536,T,A,0,50.500000000,20,0,14884,382306765,50.500000000,51.750000000,67,96,1,2,UD:1V: VT 2545536
2026-03-24T20:29:14.289695236Z,2026-03-24T20:29:14.260790505Z,1,1,2545536,T,A,0,50.000000000,17,0,13546,382395653,50.000000000,50.750000000,65,216,1,3,UD:1V: VT 2545536
2026-03-24T20:29:18.792407556Z,2026-03-24T20:29:18.747623875Z,1,1,42394754,T,B,0,135.500000000,30,0,14044,964446067,134.500000000,135.500000000,2,50,1,1,ESM6 P6200
2026-03-24T20:29:18.799262156Z,2026-03-24T20:29:18.792546391Z,1,1,42394754,T,B,0,135.500000000,20,0,11394,964446268,134.500000000,135.500000000,2,20,1,1,ESM6 P6200
2026-03-24T20:29:20.744305750Z,2026-03-24T20:29:20.744024489Z,1,1,42366512,T,A,0,68.250000000,1,0,18380,964461397,68.250000000,68.500000000,1,131,1,3,ESM6 P5700
2026-03-24T20:29:53.226725558Z,2026-03-24T20:29:53.226140935Z,1,1,2545533,T,A,0,106.000000000,1,0,15776,382493323,106.000000000,106.500000000,1,178,1,3,UD:1V: VT 2545533
2026-03-24T20:30:44.685361641Z,2026-03-24T20:30:44.684780629Z,1,1,2579297,T,B,0,11.000000000,1,0,13542,382577695,10.700000000,11.000000000,493,1,4,1,UD:1V: VT 2579297
2026-03-24T20:31:09.495552793Z,2026-03-24T20:31:09.495165787Z,1,1,42366515,T,B,0,165.000000000,3,0,14324,965050249,163.500000000,165.000000000,73,3,4,1,ESM6 P6350
2026-03-24T20:32:26.908427958Z,2026-03-24T20:32:26.907831097Z,1,1,2579366,T,A,0,6.100000000,1,0,13487,382754155,6.100000000,6.400000000,4,432,1,3,UD:1V: VT 2579366
2026-03-24T20:32:45.040783475Z,2026-03-24T20:32:45.024096603Z,1,1,2561122,T,A,0,523.500000000,12,0,17221,382783725,523.500000000,528.000000000,12,33,3,2,UD:1V: ST 2561122
2026-03-24T20:33:28.791996484Z,2026-03-24T20:33:28.652349955Z,1,1,42384779,T,A,0,234.500000000,1,0,12477,965663561,234.500000000,236.500000000,1,46,1,2,ESM6 P6600
2026-03-24T20:33:46.456103517Z,2026-03-24T20:33:46.455818919Z,1,1,42378373,T,A,0,70.000000000,25,0,14696,965736378,70.000000000,71.000000000,25,132,1,4,ESM6 P5750
2026-03-24T20:33:46.456377871Z,2026-03-24T20:33:46.455819327Z,1,1,42378373,T,A,0,70.000000000,25,0,11494,965736380,70.000000000,71.000000000,25,132,1,4,ESM6 P5750
2026-03-24T20:33:46.456406459Z,2026-03-24T20:33:46.455819503Z,1,1,42378373,T,A,0,70.000000000,9,0,12029,965736381,70.000000000,71.000000000,25,132,1,4,ESM6 P5750
2026-03-24T20:33:51.056247882Z,2026-03-24T20:33:50.950883109Z,1,1,42378373,T,A,0,70.000000000,7,0,12693,965753565,70.000000000,70.750000000,16,99,1,1,ESM6 P5750
2026-03-24T20:33:51.168347367Z,2026-03-24T20:33:51.167712997Z,1,1,42378373,T,A,0,70.000000000,1,0,13002,965757249,70.000000000,70.500000000,9,9,1,1,ESM6 P5750
2026-03-24T20:33:51.168664151Z,2026-03-24T20:33:51.167734385Z,1,1,42378373,T,A,0,70.000000000,1,0,12869,965757252,70.000000000,70.500000000,8,9,1,1,ESM6 P5750
2026-03-24T20:33:51.180983687Z,2026-03-24T20:33:51.180501643Z,1,1,42378373,T,A,0,70.000000000,1,0,13436,965757560,70.000000000,70.500000000,7,98,1,2,ESM6 P5750
2026-03-24T20:33:51.542860227Z,2026-03-24T20:33:51.542329997Z,1,1,42378373,T,A,0,70.000000000,6,0,16667,965761574,70.000000000,70.500000000,6,125,1,3,ESM6 P5750
2026-03-24T20:33:51.611528993Z,2026-03-24T20:33:51.611030603Z,1,1,42378373,T,A,0,70.000000000,9,0,16044,965761730,70.000000000,70.500000000,25,125,1,3,ESM6 P5750
2026-03-24T20:33:52.101876094Z,2026-03-24T20:33:52.101434829Z,1,1,42378373,T,A,0,70.000000000,13,0,12877,965762919,70.000000000,70.500000000,16,125,1,3,ESM6 P5750
2026-03-24T20:33:52.102190209Z,2026-03-24T20:33:52.101775211Z,1,1,42378373,T,A,0,70.000000000,1,0,13933,965762923,70.000000000,70.500000000,3,125,1,3,ESM6 P5750
2026-03-24T20:33:52.517799195Z,2026-03-24T20:33:52.517334033Z,1,1,42378373,T,A,0,70.000000000,2,0,14086,965764182,70.000000000,70.500000000,2,119,1,2,ESM6 P5750
2026-03-24T20:34:51.273322865Z,2026-03-24T20:34:51.224892881Z,1,1,42399706,T,A,0,272.000000000,2,0,15742,965994554,272.000000000,273.500000000,5,47,1,4,ESM6 P6700
2026-03-24T20:34:51.279281822Z,2026-03-24T20:34:51.225282183Z,1,1,42399706,T,A,0,272.000000000,3,0,12529,965994744,272.000000000,273.500000000,3,45,1,3,ESM6 P6700
2026-03-24T20:35:11.461654167Z,2026-03-24T20:35:11.446402641Z,1,1,42399706,T,A,0,271.000000000,3,0,12244,966082054,271.000000000,273.500000000,5,1,1,1,ESM6 P6700
2026-03-24T20:35:11.659646551Z,2026-03-24T20:35:11.646568597Z,1,1,42399706,T,A,0,271.000000000,2,0,12861,966082575,271.000000000,272.500000000,2,1,1,1,ESM6 P6700
2026-03-24T20:35:26.075044310Z,2026-03-24T20:35:26.074501989Z,1,1,42372969,T,A,0,80.500000000,10,0,14876,966133712,80.500000000,81.250000000,10,4,1,2,ESM6 C7000
2026-03-24T20:35:32.167485729Z,2026-03-24T20:35:32.122040417Z,1,1,42366512,T,A,0,64.500000000,1,0,11231,966150634,64.500000000,66.000000000,2,151,1,4,ESM6 P5700
2026-03-24T20:35:58.085320513Z,2026-03-24T20:35:58.084829347Z,1,1,42378541,T,B,0,151.000000000,1,0,16072,966250791,150.000000000,151.000000000,3,1,2,1,ESM6 P6300
2026-03-24T20:36:10.640978363Z,2026-03-24T20:36:10.640585929Z,1,1,42372969,T,A,0,81.750000000,1,0,18788,966309612,81.750000000,82.500000000,1,4,1,2,ESM6 C7000
2026-03-24T20:36:47.307217060Z,2026-03-24T20:36:47.215968455Z,1,1,559948,T,A,0,13.200000000,1,0,11090,966479863,13.200000000,14.200000000,1,84,1,3,ESZ6 P2600
2026-03-24T20:37:14.244343723Z,2026-03-24T20:37:14.243994445Z,1,1,42627610,T,A,0,3.100000000,1,0,12948,966605126,3.100000000,3.750000000,1,185,1,3,ESM6 C7650
2026-03-24T20:37:17.063913324Z,2026-03-24T20:37:17.063556677Z,1,1,42627610,T,A,0,3.050000000,1,0,15227,966612700,3.050000000,3.150000000,1,32,1,1,ESM6 C7650
2026-03-24T20:37:40.906097637Z,2026-03-24T20:37:40.860721141Z,1,1,42394754,T,A,0,129.500000000,5,0,13228,966724435,129.500000000,130.000000000,25,66,1,4,ESM6 P6200
2026-03-24T20:37:40.906108696Z,2026-03-24T20:37:40.860730619Z,1,1,42394754,T,A,0,129.500000000,5,0,13669,966724436,129.500000000,130.000000000,20,66,1,4,ESM6 P6200
2026-03-24T20:37:40.906195131Z,2026-03-24T20:37:40.860734665Z,1,1,42394754,T,A,0,129.500000000,4,0,11275,966724441,129.500000000,130.000000000,15,66,1,4,ESM6 P6200
2026-03-24T20:37:40.906570548Z,2026-03-24T20:37:40.860756509Z,1,1,42394754,T,A,0,129.500000000,11,0,11460,966724457,129.500000000,130.000000000,11,66,1,4,ESM6 P6200
2026-03-24T20:38:29.377719495Z,2026-03-24T20:38:29.377202035Z,1,1,2545533,T,A,0,107.500000000,1,0,13346,383340647,107.500000000,108.500000000,69,251,2,5,UD:1V: VT 2545533
2026-03-24T20:38:56.536293940Z,2026-03-24T20:38:56.535937367Z,1,1,42372969,T,A,0,83.250000000,4,0,14474,966988512,83.250000000,83.500000000,4,4,1,2,ESM6 C7000
2026-03-24T20:39:11.998538349Z,2026-03-24T20:39:11.991629991Z,1,1,2579297,T,B,0,10.600000000,4,0,15287,383405382,10.200000000,10.600000000,528,4,5,1,UD:1V: VT 2579297
2026-03-24T20:39:11.999083197Z,2026-03-24T20:39:11.992506489Z,1,1,2550758,T,B,0,7.900000000,4,0,13537,383405391,7.700000000,7.900000000,4,4,1,1,UD:1V: VT 2550758
2026-03-24T20:39:29.574888163Z,2026-03-24T20:39:29.519236813Z,1,1,42372969,T,B,0,83.750000000,10,0,13383,967205627,64.250000000,83.750000000,10,10,1,1,ESM6 C7000
2026-03-24T20:39:46.036566545Z,2026-03-24T20:39:46.012198425Z,1,1,2560575,T,A,0,10.600000000,4,0,13284,383550640,10.600000000,10.900000000,4,239,1,2,UD:1V: VT 2560575
2026-03-24T20:39:49.213911959Z,2026-03-24T20:39:49.213329999Z,1,1,629992,T,B,0,630.000000000,1,0,13679,967382482,617.000000000,630.000000000,5,1,1,1,ESZ6 C6500
2026-03-24T20:40:31.261803079Z,2026-03-24T20:40:30.939131773Z,1,1,42394754,T,B,0,131.000000000,25,0,11431,967656547,129.500000000,131.000000000,58,25,2,1,ESM6 P6200
2026-03-24T20:40:32.820125195Z,2026-03-24T20:40:32.819609945Z,1,1,42378346,T,A,0,5.900000000,2,0,11491,967674378,5.900000000,6.600000000,2,61,1,4,ESM6 C7500
2026-03-24T20:40:58.351827419Z,2026-03-24T20:40:58.345279141Z,1,1,2546979,T,A,0,15.800000000,1,0,13679,383756626,15.800000000,16.300000000,40,1243,1,4,UD:1V: VT 2546979
2026-03-24T20:42:38.511211667Z,2026-03-24T20:42:38.510774669Z,1,1,42384724,T,A,0,29.250000000,44,0,13419,968262095,29.250000000,29.500000000,15,2,1,1,ESM6 C7200
2026-03-24T20:42:38.511415982Z,2026-03-24T20:42:38.510774871Z,1,1,42384724,T,A,0,29.250000000,15,0,14472,968262097,29.250000000,29.500000000,1,2,1,1,ESM6 C7200
2026-03-24T20:42:38.511672577Z,2026-03-24T20:42:38.510775049Z,1,1,42384724,T,A,0,29.250000000,15,0,13658,968262099,29.250000000,29.500000000,1,2,1,1,ESM6 C7200
2026-03-24T20:42:38.511932473Z,2026-03-24T20:42:38.510810553Z,1,1,42384724,T,A,0,29.250000000,11,0,13342,968262101,29.250000000,29.500000000,1,2,1,1,ESM6 C7200
2026-03-24T20:42:38.512219748Z,2026-03-24T20:42:38.510927189Z,1,1,42384724,T,A,0,29.250000000,15,0,13299,968262103,29.250000000,29.500000000,5,2,1,1,ESM6 C7200
2026-03-24T20:42:38.512521555Z,2026-03-24T20:42:38.511224467Z,1,1,42384724,T,A,0,29.250000000,2,0,13458,968262105,29.250000000,29.500000000,5,2,1,1,ESM6 C7200
2026-03-24T20:42:38.512803935Z,2026-03-24T20:42:38.511419749Z,1,1,42384724,T,A,0,29.250000000,22,0,13541,968262107,29.250000000,29.500000000,3,2,1,1,ESM6 C7200
2026-03-24T20:42:38.626957335Z,2026-03-24T20:42:38.600109097Z,1,1,42384724,T,A,0,29.250000000,5,0,11440,968262905,29.250000000,29.500000000,11,2,1,1,ESM6 C7200
2026-03-24T20:42:38.627077963Z,2026-03-24T20:42:38.600130639Z,1,1,42384724,T,A,0,29.250000000,61,0,11349,968262911,29.250000000,29.500000000,6,2,1,1,ESM6 C7200
2026-03-24T20:42:39.418816231Z,2026-03-24T20:42:39.418279479Z,1,1,42384724,T,A,0,29.250000000,60,0,11516,968269322,29.250000000,29.750000000,5,55,1,3,ESM6 C7200
2026-03-24T20:43:19.484951718Z,2026-03-24T20:43:19.484437467Z,1,1,42372969,T,B,0,79.000000000,1,0,13560,968488290,78.500000000,79.000000000,4,1,2,1,ESM6 C7000
2026-03-24T20:43:49.944493428Z,2026-03-24T20:43:49.742085941Z,1,1,42372969,T,A,0,78.500000000,5,0,15387,968601109,78.500000000,81.000000000,5,4,1,1,ESM6 C7000
2026-03-24T20:44:46.278626324Z,2026-03-24T20:44:46.278084287Z,1,1,2546979,T,B,0,16.000000000,1,0,13792,384149828,15.700000000,16.000000000,765,1,4,1,UD:1V: VT 2546979
2026-03-24T20:46:26.050160991Z,2026-03-24T20:46:25.935571049Z,1,1,42372969,T,A,0,78.500000000,5,0,11692,969247056,78.500000000,83.250000000,5,5,1,1,ESM6 C7000
2026-03-24T20:50:12.439416929Z,2026-03-24T20:50:12.438997371Z,1,1,42384724,T,A,0,29.500000000,25,0,12567,970236804,29.500000000,30.250000000,25,22,1,3,ESM6 C7200
2026-03-24T20:50:12.439490519Z,2026-03-24T20:50:12.438997575Z,1,1,42384724,T,A,0,29.500000000,29,0,11299,970236806,29.500000000,30.250000000,25,22,1,3,ESM6 C7200
2026-03-24T20:50:12.439771055Z,2026-03-24T20:50:12.438997779Z,1,1,42384724,T,A,0,29.500000000,25,0,12276,970236808,29.500000000,30.250000000,21,22,1,3,ESM6 C7200
2026-03-24T20:50:12.440111012Z,2026-03-24T20:50:12.439502061Z,1,1,42384724,T,A,0,29.500000000,2,0,11569,970236812,29.500000000,30.250000000,21,22,1,3,ESM6 C7200
2026-03-24T20:50:12.440395138Z,2026-03-24T20:50:12.439774773Z,1,1,42384724,T,A,0,29.500000000,25,0,12948,970236814,29.500000000,30.250000000,19,22,1,3,ESM6 C7200
2026-03-24T20:50:29.304267265Z,2026-03-24T20:50:29.288172845Z,1,1,42384724,T,B,0,30.000000000,25,0,15171,970324817,29.500000000,30.000000000,19,25,1,3,ESM6 C7200
2026-03-24T20:50:29.332709333Z,2026-03-24T20:50:29.304270549Z,1,1,42384724,T,A,0,30.000000000,69,0,12953,970325362,30.000000000,30.250000000,19,20,1,2,ESM6 C7200
2026-03-24T20:51:24.766550614Z,2026-03-24T20:51:24.713184381Z,1,1,42366506,T,B,0,22.500000000,1,0,13635,970518445,21.250000000,22.500000000,94,83,5,3,ESM6 P4700
2026-03-24T20:52:18.258182092Z,2026-03-24T20:52:18.257241113Z,1,1,42919945,T,B,0,57.000000000,1,0,11512,970684175,55.000000000,57.000000000,101,7,3,1,ESM6 C7075
2026-03-24T20:52:26.760144177Z,2026-03-24T20:52:26.752791121Z,1,1,42372969,T,B,0,80.750000000,6,0,22712,970696997,79.750000000,80.750000000,1,6,1,1,ESM6 C7000
2026-03-24T20:52:31.695185115Z,2026-03-24T20:52:31.694661185Z,1,1,42409642,T,A,0,30.250000000,9,0,14157,970701189,30.250000000,31.500000000,87,202,3,6,ESM6 P5050
2026-03-24T20:52:56.479000325Z,2026-03-24T20:52:56.478481931Z,1,1,42384892,T,B,0,2.050000000,20,0,13636,970782147,1.800000000,2.050000000,230,20,4,1,ESM6 P2500
2026-03-24T20:53:13.651272773Z,2026-03-24T20:53:13.645432069Z,1,1,42399706,T,B,0,276.000000000,1,0,13767,970820557,274.500000000,276.000000000,41,1,4,1,ESM6 P6700
2026-03-24T20:55:42.467354513Z,2026-03-24T20:55:42.466778193Z,1,1,2580183,T,A,0,6.600000000,1,0,13587,385195984,6.600000000,6.800000000,4,4,1,1,UD:1V: VT 2580183
2026-03-24T20:57:38.639672843Z,2026-03-24T20:57:38.639385449Z,1,1,42366510,T,A,0,49.750000000,1,0,13016,971658602,49.750000000,50.500000000,1,73,1,4,ESM6 C7100
2026-03-24T20:59:21.617083010Z,2026-03-24T20:59:21.575065935Z,1,1,2696200,T,A,0,121.500000000,1,0,11199,385468522,121.500000000,122.000000000,67,2,2,2,UD:1V: VT 2696200
2026-03-24T20:59:22.997641387Z,2026-03-24T20:59:22.997116479Z,1,1,2696200,T,B,0,122.000000000,2,0,14451,385470029,121.500000000,122.000000000,90,2,3,2,UD:1V: VT 2696200
2026-03-24T20:59:29.069410748Z,2026-03-24T20:59:29.068707171Z,1,1,2696200,T,B,0,122.000000000,1,0,13820,385488277,121.500000000,122.000000000,91,3,3,3,UD:1V: VT 2696200
2026-03-24T20:59:30.475669956Z,2026-03-24T20:59:30.475130041Z,1,1,2696200,T,A,0,121.500000000,1,0,14543,385491345,121.500000000,122.000000000,91,2,3,2,UD:1V: VT 2696200
2026-03-24T20:59:31.327075999Z,2026-03-24T20:59:31.326538655Z,1,1,2696200,T,A,0,121.500000000,1,0,14630,385492037,121.500000000,122.000000000,90,2,3,2,UD:1V: VT 2696200
2026-03-24T20:59:37.608307862Z,2026-03-24T20:59:37.607743733Z,1,1,2696200,T,A,0,121.500000000,1,0,13778,385498769,121.500000000,122.000000000,89,2,3,2,UD:1V: VT 2696200
2026-03-24T20:59:37.823914529Z,2026-03-24T20:59:37.823418421Z,1,1,2696200,T,A,0,121.500000000,1,0,14141,385498817,121.500000000,122.000000000,88,2,3,2,UD:1V: VT 2696200
2026-03-24T20:59:37.922512308Z,2026-03-24T20:59:37.921357991Z,1,1,2696200,T,A,0,121.500000000,1,0,14368,385498998,121.500000000,122.000000000,88,2,3,2,UD:1V: VT 2696200
2026-03-24T20:59:37.953042976Z,2026-03-24T20:59:37.950331447Z,1,1,2696200,T,B,0,122.000000000,2,0,14000,385499027,121.500000000,122.000000000,87,2,3,2,UD:1V: VT 2696200
2026-03-24T20:59:41.296016089Z,2026-03-24T20:59:41.295331775Z,1,1,42404367,T,B,0,116.500000000,1,0,13792,972072366,116.000000000,116.500000000,16,1,3,1,ESM6 P6100
2026-03-24T20:59:43.548266457Z,2026-03-24T20:59:43.547729453Z,1,1,2696200,T,B,0,122.000000000,1,0,13881,385504888,121.500000000,122.000000000,105,1,4,1,UD:1V: VT 2696200
2026-03-24T20:59:44.032274207Z,2026-03-24T20:59:44.012490797Z,1,1,42384779,T,B,0,240.000000000,1,0,13026,972085820,238.000000000,240.000000000,14,1,4,1,ESM6 P6600
2026-03-24T20:59:53.403139759Z,2026-03-24T20:59:53.402567071Z,1,1,42404367,T,B,0,118.000000000,1,0,14064,972131857,117.000000000,118.000000000,25,1,5,1,ESM6 P6100
2026-03-24T20:59:55.378175807Z,2026-03-24T20:59:55.377661127Z,1,1,42372969,T,B,0,79.500000000,1,0,14595,972142035,77.500000000,79.500000000,21,4,5,2,ESM6 C7000
2026-03-24T22:03:11.513343178Z,2026-03-24T22:03:11.512915587Z,1,1,2581610,T,A,0,-17.000000000,1,0,13522,385567539,-17.000000000,,1,0,1,0,UD:1V: GN 2581610
2026-03-24T22:04:32.358473516Z,2026-03-24T22:04:32.357986881Z,1,1,42372949,T,A,0,171.000000000,1,0,14007,972617741,171.000000000,172.500000000,1,6,1,2,ESM6 C6800
2026-03-24T22:07:07.679408465Z,2026-03-24T22:07:07.678859115Z,1,1,42472879,T,B,0,540.500000000,8,0,13769,972864812,538.000000000,540.500000000,7,8,1,1,ESU6 P7100
2026-03-24T22:07:12.081208228Z,2026-03-24T22:07:12.079990933Z,1,1,42378449,T,A,0,99.000000000,1,0,14021,972867303,99.000000000,100.000000000,1,26,1,3,ESM6 P6000
2026-03-24T22:08:04.648806935Z,2026-03-24T22:08:04.648294899Z,1,1,42394731,T,B,0,29.500000000,1,0,13185,972964827,28.000000000,29.500000000,102,118,4,5,ESM6 P5000
2026-03-24T22:08:05.410884911Z,2026-03-24T22:08:05.213980603Z,1,1,42404370,T,B,0,175.500000000,1,0,14123,972969258,174.000000000,175.500000000,61,1,2,1,ESM6 P6400
2026-03-24T22:09:30.979258729Z,2026-03-24T22:09:30.978905647Z,1,1,42404370,T,B,0,175.500000000,1,0,12754,973149878,174.000000000,175.500000000,85,1,4,1,ESM6 P6400
2026-03-24T22:12:54.770377249Z,2026-03-24T22:12:54.770016765Z,1,1,42384724,T,A,0,29.500000000,50,0,13670,973500126,29.500000000,30.250000000,50,106,1,3,ESM6 C7200
2026-03-24T22:12:54.770606689Z,2026-03-24T22:12:54.770017371Z,1,1,42384724,T,A,0,29.500000000,50,0,14552,973500128,29.500000000,30.250000000,50,106,1,3,ESM6 C7200
2026-03-24T22:13:00.057857364Z,2026-03-24T22:13:00.057395755Z,1,1,42384724,T,A,0,29.500000000,50,0,17705,973502797,29.500000000,29.750000000,50,48,1,1,ESM6 C7200
2026-03-24T22:13:19.955566750Z,2026-03-24T22:13:19.954969991Z,1,1,42409648,T,B,0,227.000000000,1,0,15886,973539598,225.500000000,227.000000000,54,1,3,1,ESM6 C6700
2026-03-24T22:14:45.274776049Z,2026-03-24T22:14:45.274270223Z,1,1,42384724,T,A,0,29.750000000,12,0,13138,973616371,29.750000000,30.000000000,50,50,1,1,ESM6 C7200
2026-03-24T22:14:45.274790851Z,2026-03-24T22:14:45.274299463Z,1,1,42384724,T,A,0,29.750000000,13,0,11945,973616372,29.750000000,30.000000000,38,50,1,1,ESM6 C7200
2026-03-24T22:14:45.275232946Z,2026-03-24T22:14:45.274779857Z,1,1,42384724,T,A,0,29.750000000,25,0,13794,973616373,29.750000000,30.000000000,25,50,1,1,ESM6 C7200
2026-03-24T22:19:29.722930260Z,2026-03-24T22:19:29.722584327Z,1,1,42384724,T,A,0,29.750000000,1,0,13734,974173268,29.750000000,30.000000000,1,50,1,1,ESM6 C7200
2026-03-24T22:19:56.556668535Z,2026-03-24T22:19:56.556054835Z,1,1,2582223,T,A,0,5.200000000,1,0,13798,386049542,5.200000000,5.600000000,1,307,1,4,UD:1V: VT 2582223
2026-03-24T22:20:21.136236511Z,2026-03-24T22:20:21.135707935Z,1,1,42471229,T,B,0,52.000000000,1,0,12852,974234155,51.250000000,52.000000000,37,1,2,1,ESU6 C7450
2026-03-24T22:21:22.651701551Z,2026-03-24T22:21:22.460114999Z,1,1,2582237,T,A,0,19.900000000,1,0,13892,386074914,19.900000000,20.500000000,1,45,1,1,UD:1V: VT 2582237
2026-03-24T22:21:22.668210961Z,2026-03-24T22:21:22.466783319Z,1,1,2546979,T,A,0,16.200000000,40,0,12963,386074919,16.200000000,16.500000000,40,60,1,1,UD:1V: VT 2546979
2026-03-24T22:21:23.788851668Z,2026-03-24T22:21:23.788017895Z,1,1,2546979,T,A,0,16.200000000,19,0,13647,386077933,16.200000000,16.400000000,19,161,1,2,UD:1V: VT 2546979
2026-03-24T22:21:39.642996169Z,2026-03-24T22:21:39.642422283Z,1,1,2582223,T,A,0,5.200000000,1,0,18029,386079842,5.200000000,5.600000000,1,307,1,4,UD:1V: VT 2582223
2026-03-24T22:25:19.166645377Z,2026-03-24T22:25:19.138713289Z,1,1,42760606,T,B,0,250.000000000,6,0,14404,974593949,248.500000000,250.000000000,13,6,2,1,ESM6 P6625
2026-03-24T22:29:31.486097006Z,2026-03-24T22:29:31.485625715Z,1,1,42372880,T,B,0,4.900000000,103,0,14921,975168792,4.400000000,4.900000000,157,103,3,1,ESM6 P3100
2026-03-24T22:31:08.126048475Z,2026-03-24T22:31:08.123571207Z,1,1,42394754,T,A,0,135.000000000,25,0,12992,975293673,135.000000000,135.500000000,25,17,1,1,ESM6 P6200
2026-03-24T22:37:22.322644785Z,2026-03-24T22:37:22.322089571Z,1,1,42409639,T,B,0,5.400000000,51,0,14080,975673645,4.950000000,5.400000000,152,102,3,1,ESM6 P3200
2026-03-24T22:38:33.178479422Z,2026-03-24T22:38:33.177888043Z,1,1,2582638,T,B,0,13.200000000,1,0,13232,386383812,12.600000000,13.200000000,2,1,1,1,UD:1V: VT 2582638
2026-03-24T22:41:08.046781518Z,2026-03-24T22:41:08.046248775Z,1,1,2582223,T,B,0,5.500000000,1,0,13755,386406975,4.500000000,5.500000000,80,80,2,2,UD:1V: VT 2582223
2026-03-24T22:41:17.653898428Z,2026-03-24T22:41:17.653348017Z,1,1,42404337,T,B,0,16.900000000,25,0,13311,975888722,16.400000000,16.900000000,140,25,4,2,ESM6 P4400
2026-03-24T22:41:24.042387043Z,2026-03-24T22:41:24.041861669Z,1,1,42372885,T,B,0,19.300000000,12,0,14127,975901446,18.900000000,19.300000000,2,23,1,2,ESM6 P4550
2026-03-24T22:42:04.624616039Z,2026-03-24T22:42:04.624193221Z,1,1,2582638,T,B,0,13.200000000,1,0,13055,386423246,12.700000000,13.200000000,2,1,1,1,UD:1V: VT 2582638
2026-03-24T22:44:04.754564900Z,2026-03-24T22:44:04.753974785Z,1,1,2582734,T,B,0,12.000000000,1,0,17239,386446661,11.700000000,12.000000000,2,2,1,1,UD:1V: VT 2582734
2026-03-24T22:44:31.533691406Z,2026-03-24T22:44:31.533129443Z,1,1,2582728,T,A,0,104.500000000,1,0,13619,386452930,104.500000000,106.000000000,66,64,2,1,UD:1V: VT 2582728
2026-03-24T22:44:52.346432334Z,2026-03-24T22:44:52.345827327Z,1,1,2582638,T,B,0,12.900000000,1,0,14334,386460925,12.700000000,12.900000000,2,1,1,1,UD:1V: VT 2582638
2026-03-24T22:45:41.449178395Z,2026-03-24T22:45:41.330799825Z,1,1,42435330,T,B,0,63.750000000,1,0,11290,976165531,63.000000000,63.750000000,22,1,3,1,ESM6 C7050
2026-03-24T22:46:49.597631006Z,2026-03-24T22:46:49.597201955Z,1,1,2582638,T,B,0,13.100000000,1,0,11590,386486919,12.500000000,13.100000000,300,1,3,1,UD:1V: VT 2582638
2026-03-24T22:48:07.881363871Z,2026-03-24T22:48:07.880879907Z,1,1,42404324,T,B,0,6.000000000,102,0,16397,976290856,5.600000000,6.000000000,55,102,2,1,ESM6 P3300
2026-03-24T22:51:39.475220857Z,2026-03-24T22:51:39.474615375Z,1,1,2582880,T,A,0,-48.250000000,1,0,13310,386515872,-48.250000000,-47.750000000,1,6,1,1,UD:1V: GN 2582880
2026-03-24T22:53:30.315887131Z,2026-03-24T22:53:30.315420511Z,1,1,2582638,T,B,0,13.100000000,1,0,14179,386532650,12.500000000,13.100000000,300,1,3,1,UD:1V: VT 2582638
2026-03-24T22:58:11.749540031Z,2026-03-24T22:58:11.622009027Z,1,1,42372969,T,B,0,79.750000000,2,0,11167,976647686,79.000000000,79.750000000,17,2,1,1,ESM6 C7000
2026-03-24T22:58:15.220991599Z,2026-03-24T22:58:15.220461851Z,1,1,42372953,T,B,0,121.000000000,1,0,14651,976653054,119.000000000,121.000000000,43,15,6,2,ESM6 C6900
2026-03-24T22:58:27.001034672Z,2026-03-24T22:58:26.990484175Z,1,1,42378592,T,A,0,203.000000000,1,0,14061,976676760,203.000000000,205.000000000,27,14,4,2,ESM6 P6500
2026-03-24T22:59:08.466401387Z,2026-03-24T22:59:08.465860079Z,1,1,42372953,T,B,0,121.500000000,1,0,13311,976709730,119.500000000,121.500000000,26,25,4,3,ESM6 C6900
2026-03-24T22:59:17.680291903Z,2026-03-24T22:59:17.679765099Z,1,1,42378592,T,B,0,205.000000000,1,0,15646,976713143,203.000000000,205.000000000,27,22,4,3,ESM6 P6500
2026-03-24T22:59:34.454190116Z,2026-03-24T22:59:34.453181743Z,1,1,42378592,T,A,0,203.000000000,2,0,16636,976721241,203.000000000,205.000000000,27,22,4,3,ESM6 P6500
2026-03-24T22:59:51.723732054Z,2026-03-24T22:59:51.723377029Z,1,1,42366512,T,A,0,66.500000000,1,0,13133,976729270,66.500000000,66.750000000,1,50,1,5,ESM6 P5700
2026-03-24T23:02:46.548683063Z,2026-03-24T23:02:46.342163499Z,1,1,42760606,T,B,0,246.000000000,4,0,13589,976958300,244.500000000,246.000000000,18,4,4,1,ESM6 P6625
2026-03-24T23:03:21.041856684Z,2026-03-24T23:03:21.041340431Z,1,1,2583029,T,B,0,12.500000000,2,0,14162,386651647,11.900000000,12.500000000,10,2,2,1,UD:1V: VT 2583029
2026-03-24T23:03:26.553747241Z,2026-03-24T23:03:26.553139999Z,1,1,2546979,T,A,0,16.200000000,40,0,14050,386652514,16.200000000,16.400000000,40,611,1,5,UD:1V: VT 2546979
2026-03-24T23:06:34.385862391Z,2026-03-24T23:06:34.385355125Z,1,1,42372979,T,A,0,16.900000000,2,0,13724,977295938,16.900000000,17.200000000,2,54,1,3,ESM6 C7300
2026-03-24T23:09:00.338677361Z,2026-03-24T23:09:00.338114917Z,1,1,2583166,T,A,0,3.100000000,1,0,14789,386761672,3.100000000,3.300000000,1,42,1,1,UD:1V: VT 2583166
2026-03-24T23:10:26.534485400Z,2026-03-24T23:10:26.507986515Z,1,1,42366506,T,A,0,21.750000000,3,0,10355,977570713,21.750000000,22.250000000,3,132,2,4,ESM6 P4700
2026-03-24T23:13:06.198117369Z,2026-03-24T23:13:06.197595391Z,1,1,792621,T,A,0,8.500000000,1,0,14131,977717815,8.500000000,8.800000000,1,47,1,1,ESZ6 C8500
2026-03-24T23:18:49.263139931Z,2026-03-24T23:18:49.262603611Z,1,1,42456919,T,B,0,10.300000000,32,0,13744,978034834,9.900000000,10.300000000,68,95,3,1,ESM6 P3850
2026-03-24T23:21:48.883477982Z,2026-03-24T23:21:48.828860753Z,1,1,42384726,T,A,0,51.000000000,1,0,11465,978161776,51.000000000,51.500000000,1,52,1,5,ESM6 P5500
2026-03-24T23:22:08.728300951Z,2026-03-24T23:22:08.705260417Z,1,1,42435330,T,B,0,64.000000000,1,0,10657,978217823,63.000000000,64.000000000,46,1,4,1,ESM6 C7050
2026-03-24T23:22:50.652904146Z,2026-03-24T23:22:50.652553013Z,1,1,42378346,T,A,0,5.800000000,3,0,13303,978266492,5.800000000,6.100000000,3,29,1,2,ESM6 C7500
2026-03-24T23:25:40.543058715Z,2026-03-24T23:25:40.542510825Z,1,1,42378346,T,B,0,5.900000000,2,0,13796,978464234,5.500000000,5.900000000,134,29,3,2,ESM6 C7500
2026-03-24T23:29:04.559713697Z,2026-03-24T23:29:04.559171057Z,1,1,2580324,T,A,0,33.250000000,1,0,14053,387004942,33.250000000,34.000000000,64,166,1,4,UD:1V: VT 2580324
2026-03-24T23:29:10.802200843Z,2026-03-24T23:29:10.801675301Z,1,1,42372953,T,A,0,121.000000000,1,0,12937,978625096,121.000000000,121.500000000,1,15,1,2,ESM6 C6900
2026-03-24T23:37:52.358264103Z,2026-03-24T23:37:52.124315547Z,1,1,42377425,T,A,0,143.000000000,1,0,12827,979088554,143.000000000,143.500000000,1,19,1,1,ESU6 P5800
2026-03-24T23:39:56.430671150Z,2026-03-24T23:39:56.430162661Z,1,1,42366510,T,A,0,50.000000000,1,0,13811,979198605,50.000000000,50.500000000,1,33,1,4,ESM6 C7100
2026-03-24T23:43:57.720058076Z,2026-03-24T23:43:57.719628843Z,1,1,42372969,T,B,0,79.250000000,1,0,13121,979456557,78.500000000,79.250000000,34,1,4,1,ESM6 C7000
2026-03-24T23:47:16.437723407Z,2026-03-24T23:47:16.437194295Z,1,1,42394731,T,B,0,29.000000000,1,0,13798,979693954,28.750000000,29.000000000,55,1,3,1,ESM6 P5000
2026-03-24T23:48:35.822338606Z,2026-03-24T23:48:35.821955593Z,1,1,42366512,T,B,0,65.750000000,1,0,13176,979749554,65.500000000,65.750000000,22,1,3,1,ESM6 P5700
