ts_recv,ts_event,rtype,publisher_id,instrument_id,action,side,depth,price,size,flags,ts_in_delta,sequence,bid_px_00,ask_px_00,bid_sz_00,ask_sz_00,bid_ct_00,ask_ct_00,symbol
2026-04-23T00:02:31.649139441Z,2026-04-23T00:02:31.621219397Z,1,1,42446245,T,A,0,136.000000000,6,0,15671,820372371,136.000000000,136.500000000,6,24,2,1,ESM6 P7050
2026-04-23T00:02:31.734720151Z,2026-04-23T00:02:31.649637775Z,1,1,42446245,T,A,0,136.000000000,6,0,12548,820374444,136.000000000,136.500000000,86,24,1,1,ESM6 P7050
2026-04-23T00:02:31.734996578Z,2026-04-23T00:02:31.657651291Z,1,1,42446245,T,A,0,136.000000000,6,0,11270,820374464,136.000000000,136.500000000,80,24,1,1,ESM6 P7050
2026-04-23T00:02:31.740814892Z,2026-04-23T00:02:31.734723701Z,1,1,42446245,T,B,0,136.000000000,21,0,11553,820374721,135.500000000,136.000000000,8,86,1,1,ESM6 P7050
2026-04-23T00:02:31.742188273Z,2026-04-23T00:02:31.740622631Z,1,1,42446245,T,B,0,136.000000000,65,0,10922,820374807,135.500000000,136.000000000,8,65,1,1,ESM6 P7050
2026-04-23T00:04:02.643533447Z,2026-04-23T00:04:02.642963153Z,1,1,42384725,T,B,0,62.000000000,1,0,13624,820460543,61.250000000,62.000000000,49,1,4,1,ESM6 C7400
2026-04-23T00:09:33.892505460Z,2026-04-23T00:09:33.861082159Z,1,1,42384724,T,A,0,148.000000000,1,0,13145,820840675,148.000000000,148.500000000,1,22,1,1,ESM6 C7200
2026-04-23T00:10:46.395533972Z,2026-04-23T00:10:46.395040459Z,1,1,42366511,T,A,0,17.900000000,1,0,16396,821304848,17.900000000,18.300000000,1,25,1,2,ESM6 C7600
2026-04-23T00:11:25.356848473Z,2026-04-23T00:11:25.297234821Z,1,1,42404370,T,B,0,41.000000000,1,0,13960,821463474,40.500000000,41.000000000,52,1,2,1,ESM6 P6400
2026-04-23T00:12:49.550894284Z,2026-04-23T00:12:49.420319785Z,1,1,42366511,T,A,0,17.700000000,1,0,12738,821715020,17.700000000,18.000000000,1,1,1,1,ESM6 C7600
2026-04-23T00:12:49.702508196Z,2026-04-23T00:12:49.466878799Z,1,1,42384724,T,A,0,142.000000000,1,0,13146,821717226,142.000000000,142.500000000,1,6,1,1,ESM6 C7200
2026-04-23T00:12:59.535701534Z,2026-04-23T00:12:59.262877609Z,1,1,42404370,T,B,0,42.250000000,1,0,11816,821779166,36.250000000,42.250000000,1,1,1,1,ESM6 P6400
2026-04-23T00:13:20.212537510Z,2026-04-23T00:13:20.212197707Z,1,1,42378346,T,B,0,32.000000000,20,0,13600,821905583,31.500000000,32.000000000,43,20,2,1,ESM6 C7500
2026-04-23T00:13:58.622539247Z,2026-04-23T00:13:58.457241041Z,1,1,42439354,T,B,0,202.500000000,1,0,13899,822074389,201.500000000,202.500000000,36,1,2,1,ESU6 P6850
2026-04-23T00:14:51.233762974Z,2026-04-23T00:14:51.232931483Z,1,1,42300184,T,B,0,100.000000000,1,0,13080,822313694,99.500000000,100.000000000,35,1,2,1,ESM6 P6850
2026-04-23T00:14:51.234005553Z,2026-04-23T00:14:51.232931675Z,1,1,42404370,T,B,0,43.500000000,1,0,11613,822313696,42.750000000,43.500000000,59,1,3,1,ESM6 P6400
2026-04-23T00:15:53.523631972Z,2026-04-23T00:15:53.374608595Z,1,1,42366523,T,B,0,172.000000000,1,0,11698,822705292,170.000000000,172.000000000,22,1,1,1,ESM6 P7100
2026-04-23T00:16:00.417145620Z,2026-04-23T00:16:00.409316743Z,1,1,42366523,T,B,0,173.000000000,1,0,14623,822758328,172.000000000,173.000000000,7,1,1,1,ESM6 P7100
2026-04-23T00:16:00.761581902Z,2026-04-23T00:16:00.753979515Z,1,1,42404370,T,B,0,45.000000000,1,0,11364,822760960,44.500000000,45.000000000,10,1,1,1,ESM6 P6400
2026-04-23T00:16:01.445451513Z,2026-04-23T00:16:01.350056331Z,1,1,42378346,T,A,0,30.000000000,2,0,13670,822769807,30.000000000,31.500000000,2,42,1,1,ESM6 C7500
2026-04-23T00:16:05.191408318Z,2026-04-23T00:16:05.190789083Z,1,1,2612168,T,B,0,-65.000000000,5,0,14538,321681812,-65.500000000,-65.000000000,53,5,1,1,UD:1V: GN 2612168
2026-04-23T00:16:45.211312947Z,2026-04-23T00:16:45.170512815Z,1,1,42404325,T,B,0,1.950000000,2,0,13524,823078191,1.850000000,1.950000000,91,2,2,1,ESM6 P3800
2026-04-23T00:16:48.451900347Z,2026-04-23T00:16:48.276854585Z,1,1,42404370,T,B,0,46.500000000,1,0,14158,823101270,45.500000000,46.500000000,45,1,1,1,ESM6 P6400
2026-04-23T00:17:07.871165986Z,2026-04-23T00:17:07.864737133Z,1,1,42416106,T,B,0,39.500000000,1,0,14353,823242716,39.000000000,39.500000000,39,1,1,1,ESM6 C7450
2026-04-23T00:17:17.161603838Z,2026-04-23T00:17:17.155345135Z,1,1,42416106,T,B,0,40.000000000,1,0,13847,823306114,39.500000000,40.000000000,39,1,1,1,ESM6 C7450
2026-04-23T00:19:46.855535072Z,2026-04-23T00:19:46.855010731Z,1,1,42378374,T,B,0,198.000000000,5,0,13094,824436486,194.500000000,198.000000000,1,5,1,1,ESM6 P7200
2026-04-23T00:20:54.302766847Z,2026-04-23T00:20:54.302279709Z,1,1,42602509,T,A,0,4.150000000,1,0,14240,824806594,4.150000000,4.350000000,1,9,1,1,ESM6 C7850
2026-04-23T00:25:33.893085367Z,2026-04-23T00:25:33.874164721Z,1,1,42429372,T,B,0,79.500000000,1,0,14112,825803729,78.500000000,79.500000000,5,1,1,1,ESU6 C7700
2026-04-23T00:28:58.132420041Z,2026-04-23T00:28:58.131901845Z,1,1,42394731,T,A,0,6.600000000,2,0,13224,826299256,6.600000000,6.700000000,2,19,1,2,ESM6 P5000
2026-04-23T00:29:09.005034417Z,2026-04-23T00:29:08.980839371Z,1,1,2597884,T,A,0,34.500000000,1,0,14346,322576003,34.500000000,34.750000000,1,43,1,1,UD:1V: VT 2597884
2026-04-23T00:29:54.992835827Z,2026-04-23T00:29:54.980717427Z,1,1,42399706,T,B,0,69.000000000,11,0,14430,826453550,68.500000000,69.000000000,9,30,2,1,ESM6 P6700
2026-04-23T00:30:01.185479155Z,2026-04-23T00:30:01.184922533Z,1,1,42399706,T,B,0,68.750000000,19,0,13099,826463875,68.500000000,68.750000000,9,19,2,1,ESM6 P6700
2026-04-23T00:36:43.917400931Z,2026-04-23T00:36:43.916821079Z,1,1,2634820,T,A,0,86.000000000,2,0,13870,322781671,86.000000000,87.000000000,2,71,1,2,UD:1V: VT 2634820
2026-04-23T00:37:56.767434783Z,2026-04-23T00:37:56.742372875Z,1,1,42372969,T,A,0,276.000000000,5,0,16327,827628348,276.000000000,279.500000000,5,5,2,2,ESM6 C7000
2026-04-23T00:37:56.812297798Z,2026-04-23T00:37:56.767406025Z,1,1,42372969,T,B,0,275.500000000,20,0,11536,827629239,274.500000000,275.500000000,19,20,2,1,ESM6 C7000
2026-04-23T00:38:19.331720235Z,2026-04-23T00:38:19.328917081Z,1,1,2635431,T,B,0,119.500000000,1,0,15074,322813553,119.000000000,119.500000000,4,200,1,1,UD:1V: GN 2635431
2026-04-23T00:43:37.294089531Z,2026-04-23T00:43:37.293662911Z,1,1,2635994,T,A,0,26.750000000,2,0,13563,322895016,26.750000000,27.000000000,2,381,1,4,UD:1V: VT 2635994
2026-04-23T00:46:58.477972780Z,2026-04-23T00:46:58.477701207Z,1,1,42378346,T,A,0,35.000000000,10,0,12898,828435807,35.000000000,35.750000000,10,62,1,6,ESM6 C7500
2026-04-23T00:47:40.148155980Z,2026-04-23T00:47:40.029399821Z,1,1,42384779,T,B,0,57.000000000,10,0,12018,828499651,56.250000000,57.000000000,48,10,2,1,ESM6 P6600
2026-04-23T00:48:40.135919752Z,2026-04-23T00:48:40.135394845Z,1,1,42384779,T,B,0,57.500000000,10,0,12975,828605184,56.750000000,57.500000000,53,10,4,1,ESM6 P6600
2026-04-23T00:50:36.522891743Z,2026-04-23T00:50:36.522367087Z,1,1,302433,T,A,0,1.050000000,2,0,13221,828738633,1.050000000,1.100000000,2,103,1,3,ESZ6 P1100
2026-04-23T00:50:53.467012980Z,2026-04-23T00:50:53.466540017Z,1,1,218418,T,A,0,1.500000000,3,0,13859,828756746,1.500000000,1.550000000,3,68,1,2,ESZ6 P1300
2026-04-23T00:51:03.995587494Z,2026-04-23T00:51:03.995319049Z,1,1,42384779,T,B,0,57.250000000,10,0,14117,828767698,56.750000000,57.250000000,50,10,3,1,ESM6 P6600
2026-04-23T00:51:47.982911608Z,2026-04-23T00:51:47.982386869Z,1,1,141298,T,A,0,7.000000000,4,0,14315,828852980,7.000000000,7.200000000,4,76,1,2,ESZ6 P2500
2026-04-23T00:52:00.472057087Z,2026-04-23T00:52:00.471613657Z,1,1,695462,T,B,0,5.700000000,1,0,14776,828864135,5.200000000,5.700000000,63,1,1,1,ESZ6 P2300
2026-04-23T00:52:00.472563498Z,2026-04-23T00:52:00.472100779Z,1,1,695462,T,A,0,5.700000000,3,0,13747,828864137,5.700000000,5.800000000,3,1,1,1,ESZ6 P2300
2026-04-23T00:52:26.285242410Z,2026-04-23T00:52:26.284777647Z,1,1,344735,T,A,0,3.600000000,4,0,14166,828908872,3.600000000,3.700000000,4,83,1,3,ESZ6 P1900
2026-04-23T00:57:13.738855714Z,2026-04-23T00:57:13.738308669Z,1,1,42404374,T,A,0,125.000000000,1,0,13286,829237540,125.000000000,125.500000000,1,32,1,3,ESM6 P7000
2026-04-23T00:58:53.872385627Z,2026-04-23T00:58:53.871863091Z,1,1,42378449,T,A,0,20.500000000,1,0,13480,829321694,20.500000000,21.500000000,58,33,3,2,ESM6 P6000
2026-04-23T01:03:59.624050743Z,2026-04-23T01:03:59.621946917Z,1,1,42404374,T,A,0,125.500000000,1,0,16621,829742305,125.500000000,126.500000000,1,38,1,4,ESM6 P7000
2026-04-23T01:04:43.076769062Z,2026-04-23T01:04:43.076462845Z,1,1,42404370,T,A,0,40.250000000,1,0,13574,829789722,40.250000000,40.750000000,1,14,1,3,ESM6 P6400
2026-04-23T01:07:09.144772780Z,2026-04-23T01:07:09.132074815Z,1,1,42404370,T,A,0,40.000000000,1,0,13862,829953918,40.000000000,40.750000000,1,8,1,3,ESM6 P6400
2026-04-23T01:11:06.445342487Z,2026-04-23T01:11:06.361119933Z,1,1,42404370,T,B,0,40.250000000,1,0,11714,830256920,39.750000000,40.250000000,11,1,3,1,ESM6 P6400
2026-04-23T01:15:49.770075750Z,2026-04-23T01:15:49.769693559Z,1,1,42378541,T,A,0,34.250000000,1,0,13705,830689998,34.250000000,34.750000000,1,15,1,3,ESM6 P6300
2026-04-23T01:16:12.577252868Z,2026-04-23T01:16:12.514310267Z,1,1,2611965,T,A,0,27.500000000,25,0,14690,323317104,27.500000000,27.750000000,25,225,1,1,UD:1V: BO 2611965
2026-04-23T01:16:56.637196385Z,2026-04-23T01:16:56.636617353Z,1,1,42487843,T,B,0,176.000000000,1,0,13502,830794809,175.000000000,176.000000000,6,1,2,1,ESM6 P7150
2026-04-23T01:22:36.465368899Z,2026-04-23T01:22:36.464865259Z,1,1,42366459,T,B,0,1.400000000,25,0,12992,831109712,1.350000000,1.400000000,42,25,2,1,ESM6 P3600
2026-04-23T01:22:42.304737974Z,2026-04-23T01:22:42.304370261Z,1,1,42366459,T,B,0,1.400000000,10,0,13653,831114023,1.350000000,1.400000000,42,10,2,1,ESM6 P3600
2026-04-23T01:22:43.787311908Z,2026-04-23T01:22:43.786967779Z,1,1,42366459,T,B,0,1.400000000,10,0,13793,831115132,1.350000000,1.400000000,42,10,2,1,ESM6 P3600
2026-04-23T01:22:48.005068442Z,2026-04-23T01:22:48.004723229Z,1,1,42366459,T,B,0,1.400000000,10,0,15904,831120185,1.350000000,1.400000000,42,10,2,1,ESM6 P3600
2026-04-23T01:22:48.735898273Z,2026-04-23T01:22:48.735601757Z,1,1,42366459,T,B,0,1.400000000,10,0,14080,831120489,1.350000000,1.400000000,42,10,2,1,ESM6 P3600
2026-04-23T01:24:05.545906284Z,2026-04-23T01:24:05.545393403Z,1,1,2636454,T,B,0,0.700000000,6,0,14579,323374811,0.550000000,0.700000000,53,6,1,1,UD:1V: VT 2636454
2026-04-23T01:31:15.433185167Z,2026-04-23T01:31:15.421997555Z,1,1,42378449,T,A,0,21.250000000,1,0,14096,831771865,21.250000000,22.000000000,1,165,1,4,ESM6 P6000
2026-04-23T01:38:27.758543225Z,2026-04-23T01:38:27.757924747Z,1,1,42366511,T,A,0,17.100000000,1,0,12622,832403084,17.100000000,18.200000000,94,53,3,3,ESM6 C7600
2026-04-23T01:40:41.919929361Z,2026-04-23T01:40:41.919360153Z,1,1,2636580,T,B,0,14.700000000,1,0,13787,323592304,14.400000000,14.700000000,20,1,1,1,UD:1V: SG 2636580
2026-04-23T01:41:01.937406335Z,2026-04-23T01:41:01.860561121Z,1,1,42429065,T,A,0,116.500000000,1,0,12601,832563234,116.500000000,117.000000000,1,3,1,2,ESM6 P6950
2026-04-23T01:41:11.106722185Z,2026-04-23T01:41:11.094723037Z,1,1,42429065,T,A,0,116.000000000,1,0,13322,832587729,116.000000000,117.000000000,1,41,1,5,ESM6 P6950
2026-04-23T01:42:41.808078086Z,2026-04-23T01:42:41.807541085Z,1,1,652475,T,A,0,4.550000000,4,0,12718,832714352,4.550000000,4.700000000,4,53,1,1,ESZ6 P2100
2026-04-23T01:42:51.150454213Z,2026-04-23T01:42:51.149917681Z,1,1,668845,T,A,0,2.800000000,4,0,13481,832717519,2.800000000,2.850000000,4,59,1,1,ESZ6 P1700
2026-04-23T01:43:08.867413532Z,2026-04-23T01:43:08.866899453Z,1,1,494714,T,A,0,2.450000000,4,0,13117,832732884,2.450000000,2.500000000,4,61,1,1,ESZ6 P1600
2026-04-23T01:43:17.551259186Z,2026-04-23T01:43:17.550703985Z,1,1,445987,T,A,0,1.800000000,3,0,13251,832736942,1.800000000,1.850000000,3,65,1,1,ESZ6 P1400
2026-04-23T01:43:53.224557112Z,2026-04-23T01:43:53.202349901Z,1,1,2636615,T,A,0,47.750000000,1,0,13986,323626269,47.750000000,,2,0,1,0,UD:1V: RR 2636615
2026-04-23T01:43:53.244623294Z,2026-04-23T01:43:53.212530757Z,1,1,2636615,T,A,0,47.750000000,1,0,13897,323626348,47.750000000,,1,0,1,0,UD:1V: RR 2636615
2026-04-23T01:49:26.605734316Z,2026-04-23T01:49:26.605305695Z,1,1,42404374,T,A,0,129.500000000,1,0,13316,833093893,129.500000000,130.000000000,1,32,1,3,ESM6 P7000
2026-04-23T01:50:22.485285686Z,2026-04-23T01:50:22.484757663Z,1,1,232938,T,A,0,0.850000000,2,0,13475,833153178,0.850000000,0.900000000,2,116,1,3,ESZ6 P1000
2026-04-23T01:56:00.904376625Z,2026-04-23T01:56:00.903815187Z,1,1,273847,T,A,0,169.500000000,20,0,13152,833515269,169.500000000,170.000000000,20,32,1,3,ESZ6 P6300
2026-04-23T01:56:04.709440350Z,2026-04-23T01:56:04.709121487Z,1,1,273847,T,A,0,169.500000000,20,0,13295,833524204,169.500000000,170.000000000,20,33,1,3,ESZ6 P6300
2026-04-23T01:56:07.100183822Z,2026-04-23T01:56:07.099718981Z,1,1,273847,T,A,0,169.500000000,10,0,12732,833526083,169.500000000,170.000000000,10,27,1,2,ESZ6 P6300
2026-04-23T01:56:15.594811529Z,2026-04-23T01:56:15.594438371Z,1,1,273847,T,A,0,169.500000000,10,0,13015,833534986,169.500000000,170.000000000,10,99,1,2,ESZ6 P6300
2026-04-23T01:56:21.038273347Z,2026-04-23T01:56:21.037661235Z,1,1,273847,T,A,0,169.500000000,20,0,16534,833537794,169.500000000,170.000000000,20,99,1,2,ESZ6 P6300
2026-04-23T01:56:22.635947294Z,2026-04-23T01:56:22.635606275Z,1,1,273847,T,A,0,169.500000000,20,0,13023,833539111,169.500000000,170.000000000,20,140,1,2,ESZ6 P6300
2026-04-23T02:00:33.057373806Z,2026-04-23T02:00:33.056778947Z,1,1,2612167,T,B,0,-80.000000000,2,0,14816,323772952,-80.500000000,-80.000000000,45,2,1,1,UD:1V: GN 2612167
2026-04-23T02:05:12.607473986Z,2026-04-23T02:05:12.607100079Z,1,1,42399706,T,A,0,72.250000000,1,0,13733,834004333,72.250000000,72.750000000,1,44,1,3,ESM6 P6700
2026-04-23T02:07:57.706125742Z,2026-04-23T02:07:57.661536693Z,1,1,2636580,T,B,0,14.700000000,1,0,13020,323832206,14.400000000,14.700000000,20,1,1,1,UD:1V: SG 2636580
2026-04-23T02:09:18.173264470Z,2026-04-23T02:09:18.164700917Z,1,1,42384779,T,B,0,60.000000000,5,0,14389,834255182,59.500000000,60.000000000,47,5,3,1,ESM6 P6600
2026-04-23T02:09:35.833351047Z,2026-04-23T02:09:35.832786811Z,1,1,42871623,T,B,0,20.250000000,3,0,13251,834265756,19.900000000,20.250000000,8,3,2,1,ESM6 C7575
2026-04-23T02:10:01.670303319Z,2026-04-23T02:10:01.669742645Z,1,1,42602509,T,B,0,3.700000000,1,0,13264,834281306,3.650000000,3.700000000,32,1,2,1,ESM6 C7850
2026-04-23T02:11:45.513122044Z,2026-04-23T02:11:45.512613323Z,1,1,42399706,T,B,0,72.750000000,1,0,16087,834382450,72.250000000,72.750000000,44,1,3,1,ESM6 P6700
2026-04-23T02:14:54.347878024Z,2026-04-23T02:14:54.347358433Z,1,1,42366459,T,B,0,1.400000000,40,0,14227,834581272,1.350000000,1.400000000,117,40,2,4,ESM6 P3600
2026-04-23T02:16:13.284407244Z,2026-04-23T02:16:13.284016661Z,1,1,42506119,T,A,0,460.000000000,1,0,13795,834807458,460.000000000,462.000000000,1,24,1,1,ESZ6 C7150
2026-04-23T02:16:44.663283561Z,2026-04-23T02:16:44.656116421Z,1,1,42384724,T,A,0,140.000000000,1,0,13520,834858949,140.000000000,141.000000000,1,22,1,1,ESM6 C7200
2026-04-23T02:18:47.342231613Z,2026-04-23T02:18:47.341869259Z,1,1,42836584,T,A,0,139.000000000,25,0,17256,835131989,139.000000000,140.000000000,25,24,1,1,ESM6 P7025
2026-04-23T02:24:03.549067199Z,2026-04-23T02:24:03.548622855Z,1,1,2637107,T,A,0,335.000000000,1,0,16144,324089119,335.000000000,337.000000000,1,25,1,1,UD:1V: GN 2637107
2026-04-23T02:28:20.741234350Z,2026-04-23T02:28:20.740696295Z,1,1,42384779,T,A,0,60.250000000,20,0,13019,835954211,60.250000000,60.750000000,25,12,1,2,ESM6 P6600
2026-04-23T02:28:20.741457884Z,2026-04-23T02:28:20.740696473Z,1,1,42384779,T,A,0,60.250000000,5,0,13511,835954213,60.250000000,60.750000000,5,12,1,2,ESM6 P6600
2026-04-23T02:28:42.339699384Z,2026-04-23T02:28:42.339327909Z,1,1,42378592,T,B,0,50.250000000,25,0,11404,835989275,49.750000000,50.250000000,45,25,2,1,ESM6 P6500
2026-04-23T02:35:53.517551630Z,2026-04-23T02:35:53.517007821Z,1,1,42506119,T,A,0,460.500000000,1,0,13425,836540720,460.500000000,462.500000000,1,24,1,1,ESZ6 C7150
2026-04-23T02:36:03.008802505Z,2026-04-23T02:36:03.008179923Z,1,1,2636984,T,A,0,-1.000000000,1,0,16149,324247329,-1.000000000,-0.450000000,1,12,1,1,UD:1V: GN 2636984
2026-04-23T02:37:49.628625389Z,2026-04-23T02:37:49.605270859Z,1,1,42378592,T,B,0,51.000000000,5,0,16777,836723121,50.250000000,51.000000000,2,6,1,2,ESM6 P6500
2026-04-23T02:38:03.337905727Z,2026-04-23T02:38:03.337336117Z,1,1,42378592,T,B,0,51.250000000,5,0,13236,836747827,50.250000000,51.250000000,5,21,2,3,ESM6 P6500
2026-04-23T02:38:40.453479753Z,2026-04-23T02:38:40.452962337Z,1,1,42394754,T,B,0,31.000000000,5,0,13832,836821615,29.750000000,31.000000000,96,97,4,4,ESM6 P6200
2026-04-23T02:38:52.819133713Z,2026-04-23T02:38:52.818774719Z,1,1,42394754,T,A,0,30.750000000,5,0,14289,836834407,30.750000000,31.000000000,5,91,1,4,ESM6 P6200
2026-04-23T02:55:09.494172422Z,2026-04-23T02:55:09.487360669Z,1,1,42384779,T,B,0,60.500000000,5,0,12091,837781005,60.000000000,60.500000000,55,5,4,1,ESM6 P6600
2026-04-23T03:07:02.910434643Z,2026-04-23T03:07:02.907820237Z,1,1,42384724,T,B,0,138.500000000,11,0,13844,838660326,137.500000000,138.500000000,24,23,2,1,ESM6 C7200
2026-04-23T03:07:14.495771214Z,2026-04-23T03:07:14.495212269Z,1,1,42506236,T,B,0,2.150000000,1,0,14009,838673534,2.050000000,2.150000000,315,1,4,1,ESM6 P3950
2026-04-23T03:07:31.539898526Z,2026-04-23T03:07:31.539369437Z,1,1,42394608,T,B,0,2.050000000,1,0,17006,838690343,1.900000000,2.050000000,338,1,5,1,ESM6 P3900
2026-04-23T03:07:43.003616054Z,2026-04-23T03:07:42.965196229Z,1,1,42384724,T,B,0,138.500000000,20,0,13099,838698492,137.500000000,138.500000000,24,12,2,1,ESM6 C7200
2026-04-23T03:08:28.981157345Z,2026-04-23T03:08:28.980656891Z,1,1,42384724,T,B,0,138.000000000,14,0,13575,838742663,137.500000000,138.000000000,70,15,3,1,ESM6 C7200
2026-04-23T03:08:28.981597424Z,2026-04-23T03:08:28.981160945Z,1,1,42384724,T,B,0,138.000000000,31,0,13208,838742666,137.500000000,138.000000000,70,1,3,1,ESM6 C7200
2026-04-23T03:08:28.981864156Z,2026-04-23T03:08:28.981161127Z,1,1,42384724,T,B,0,138.000000000,20,0,13648,838742668,137.500000000,138.000000000,70,16,3,1,ESM6 C7200
2026-04-23T03:08:28.982151278Z,2026-04-23T03:08:28.981223459Z,1,1,42384724,T,B,0,138.000000000,22,0,13346,838742670,137.500000000,138.000000000,70,19,3,1,ESM6 C7200
2026-04-23T03:08:44.279341431Z,2026-04-23T03:08:44.268073409Z,1,1,42384724,T,B,0,138.000000000,71,0,14166,838758063,137.500000000,138.000000000,67,20,2,1,ESM6 C7200
2026-04-23T03:08:44.296940636Z,2026-04-23T03:08:44.268620671Z,1,1,42384724,T,B,0,138.000000000,9,0,15556,838758406,137.500000000,138.000000000,67,18,2,1,ESM6 C7200
2026-04-23T03:08:44.306764573Z,2026-04-23T03:08:44.275391733Z,1,1,42384724,T,B,0,138.000000000,15,0,14105,838758605,137.500000000,138.000000000,67,9,2,1,ESM6 C7200
2026-04-23T03:09:27.727343996Z,2026-04-23T03:09:27.648041075Z,1,1,42384724,T,B,0,138.000000000,9,0,12894,838797309,137.500000000,138.000000000,24,15,2,1,ESM6 C7200
2026-04-23T03:09:29.039982866Z,2026-04-23T03:09:29.039341707Z,1,1,42384724,T,B,0,138.000000000,6,0,14223,838802391,137.500000000,138.000000000,30,6,3,1,ESM6 C7200
2026-04-23T03:15:56.588338227Z,2026-04-23T03:15:56.580258277Z,1,1,42439354,T,B,0,204.500000000,1,0,13439,839212034,203.500000000,204.500000000,37,1,3,1,ESU6 P6850
2026-04-23T03:16:56.440290417Z,2026-04-23T03:16:56.436603549Z,1,1,2637602,T,B,0,82.000000000,32,0,14438,324726972,81.500000000,82.000000000,144,150,3,1,UD:1V: VT 2637602
2026-04-23T03:16:56.442923465Z,2026-04-23T03:16:56.441679031Z,1,1,2637602,T,B,0,82.000000000,4,0,14304,324726991,81.500000000,82.000000000,144,118,3,1,UD:1V: VT 2637602
2026-04-23T03:17:18.993743883Z,2026-04-23T03:17:18.993250759Z,1,1,42366523,T,B,0,168.500000000,3,0,13074,839305984,166.500000000,168.500000000,27,32,3,3,ESM6 P7100
2026-04-23T03:17:58.002502404Z,2026-04-23T03:17:58.001985763Z,1,1,42366510,T,B,0,194.000000000,1,0,15903,839339516,193.500000000,194.000000000,5,1,2,1,ESM6 C7100
2026-04-23T03:19:52.544469995Z,2026-04-23T03:19:52.544018273Z,1,1,42366523,T,A,0,168.500000000,1,0,12831,839457927,168.500000000,169.000000000,1,25,1,2,ESM6 P7100
2026-04-23T03:19:55.428381774Z,2026-04-23T03:19:55.427848341Z,1,1,42458399,T,A,0,25.750000000,1,0,14375,839463207,25.750000000,27.000000000,123,26,4,2,ESU6 C8000
2026-04-23T03:21:43.338489826Z,2026-04-23T03:21:43.337959663Z,1,1,42483063,T,B,0,257.500000000,1,0,13859,839581890,256.500000000,257.500000000,7,1,2,1,ESU6 P7050
2026-04-23T03:22:33.548864137Z,2026-04-23T03:22:33.548101511Z,1,1,2636048,T,A,0,0.750000000,1,0,14313,324796325,0.750000000,0.850000000,1,417,1,3,UD:1V: VT 2636048
2026-04-23T03:25:46.244734265Z,2026-04-23T03:25:46.195835053Z,1,1,42399706,T,A,0,75.500000000,1,0,12598,839779978,75.500000000,76.250000000,1,45,1,2,ESM6 P6700
2026-04-23T03:26:02.264040746Z,2026-04-23T03:26:02.263526371Z,1,1,42429284,T,B,0,156.500000000,1,0,14312,839793093,154.500000000,156.500000000,16,44,3,3,ESU6 P6600
2026-04-23T03:29:35.115432001Z,2026-04-23T03:29:34.942059401Z,1,1,42483063,T,A,0,257.500000000,1,0,14703,839977297,257.500000000,258.000000000,1,23,1,1,ESU6 P7050
2026-04-23T03:31:01.306979775Z,2026-04-23T03:31:01.236025837Z,1,1,539869,T,B,0,131.500000000,3,0,11245,840123872,130.500000000,131.500000000,35,3,2,1,ESZ6 P6000
2026-04-23T03:31:06.743854499Z,2026-04-23T03:31:06.743215635Z,1,1,42394804,T,B,0,57.500000000,1,0,13885,840138753,57.250000000,57.500000000,42,1,1,1,ESM6 P6550
2026-04-23T03:31:09.073749749Z,2026-04-23T03:31:09.073221173Z,1,1,2636709,T,A,0,28.750000000,1,0,13631,324900566,28.750000000,29.000000000,66,78,1,1,UD:1V: VT 2636709
2026-04-23T03:31:09.078434228Z,2026-04-23T03:31:09.077951633Z,1,1,42384779,T,B,0,63.000000000,1,0,11478,840147441,62.750000000,63.000000000,40,1,1,1,ESM6 P6600
2026-04-23T03:31:36.165903101Z,2026-04-23T03:31:36.165579325Z,1,1,42378449,T,A,0,23.500000000,1,0,14120,840194420,23.500000000,23.750000000,1,107,1,2,ESM6 P6000
2026-04-23T03:32:57.862980801Z,2026-04-23T03:32:57.862753515Z,1,1,42404370,T,B,0,43.750000000,1,0,13505,840325354,43.250000000,43.750000000,53,1,3,1,ESM6 P6400
2026-04-23T03:38:03.005040504Z,2026-04-23T03:38:02.985204819Z,1,1,42372969,T,A,0,256.500000000,23,0,14173,840675248,256.500000000,259.500000000,23,21,2,1,ESM6 C7000
2026-04-23T03:38:03.005040504Z,2026-04-23T03:38:02.985204819Z,1,1,42372969,T,A,0,256.000000000,1,0,14173,840675248,256.500000000,259.500000000,23,21,2,1,ESM6 C7000
2026-04-23T03:38:03.038773398Z,2026-04-23T03:38:03.004991557Z,1,1,42372969,T,B,0,256.000000000,1,0,11260,840675927,251.000000000,256.000000000,2,1,1,1,ESM6 C7000
2026-04-23T03:38:05.761305490Z,2026-04-23T03:38:05.760693465Z,1,1,2647820,T,B,0,8.300000000,1,0,15357,325018171,8.100000000,8.300000000,240,365,2,3,UD:1V: VT 2647820
2026-04-23T03:40:21.869035201Z,2026-04-23T03:40:21.868296571Z,1,1,42404370,T,B,0,44.250000000,1,0,13929,840786656,43.750000000,44.250000000,63,1,4,1,ESM6 P6400
2026-04-23T03:40:22.132541427Z,2026-04-23T03:40:21.911530805Z,1,1,42399706,T,B,0,76.500000000,3,0,14645,840791241,76.250000000,76.500000000,4,3,3,1,ESM6 P6700
2026-04-23T03:40:58.835874072Z,2026-04-23T03:40:58.834225483Z,1,1,42404370,T,B,0,44.250000000,1,0,13550,840834969,44.000000000,44.250000000,47,1,1,1,ESM6 P6400
2026-04-23T03:41:26.403220116Z,2026-04-23T03:41:26.401616255Z,1,1,42399706,T,A,0,76.250000000,2,0,13411,840876518,76.250000000,77.000000000,2,49,2,4,ESM6 P6700
2026-04-23T03:43:06.706492106Z,2026-04-23T03:43:06.701106717Z,1,1,2637941,T,B,0,260.500000000,16,0,16215,325082081,259.500000000,260.500000000,335,16,1,2,UD:1V:CFO 2637941
2026-04-23T03:43:06.715127471Z,2026-04-23T03:43:06.706421785Z,1,1,2637941,T,A,0,260.500000000,30,0,14018,325082245,260.500000000,,319,0,1,0,UD:1V:CFO 2637941
2026-04-23T03:43:06.715295999Z,2026-04-23T03:43:06.714618963Z,1,1,2637941,T,A,0,260.500000000,133,0,12901,325082251,260.500000000,,289,0,1,0,UD:1V:CFO 2637941
2026-04-23T03:43:08.313936819Z,2026-04-23T03:43:08.313330201Z,1,1,2637941,T,A,0,260.500000000,25,0,12979,325083385,260.500000000,261.500000000,156,9,1,1,UD:1V:CFO 2637941
2026-04-23T03:43:18.574034934Z,2026-04-23T03:43:18.571554261Z,1,1,2637941,T,B,0,261.500000000,9,0,14622,325085178,261.000000000,261.500000000,131,9,1,1,UD:1V:CFO 2637941
2026-04-23T03:43:18.580051055Z,2026-04-23T03:43:18.578244261Z,1,1,2637941,T,A,0,261.500000000,79,0,14000,325085274,261.500000000,262.500000000,122,5,1,1,UD:1V:CFO 2637941
2026-04-23T03:43:18.626980823Z,2026-04-23T03:43:18.626434957Z,1,1,2637941,T,A,0,261.500000000,43,0,13759,325085455,261.500000000,262.000000000,43,9,1,1,UD:1V:CFO 2637941
2026-04-23T03:43:19.654642636Z,2026-04-23T03:43:19.654114425Z,1,1,2637941,T,B,0,261.000000000,28,0,13163,325086017,259.500000000,261.000000000,5,87,1,1,UD:1V:CFO 2637941
2026-04-23T03:44:16.039318457Z,2026-04-23T03:44:16.038825277Z,1,1,42394812,T,A,0,92.000000000,1,0,13383,841060473,92.000000000,93.250000000,40,36,3,2,ESM6 P6800
2026-04-23T03:52:11.632869367Z,2026-04-23T03:52:11.632341477Z,1,1,42871623,T,A,0,19.300000000,1,0,14572,841727850,19.300000000,19.700000000,1,27,1,3,ESM6 C7575
2026-04-23T03:52:40.944660793Z,2026-04-23T03:52:40.944357039Z,1,1,42310070,T,A,0,362.500000000,3,0,12967,841769349,362.500000000,364.000000000,3,12,1,2,ESZ6 C7300
2026-04-23T03:53:18.129158006Z,2026-04-23T03:53:18.128683471Z,1,1,42871623,T,A,0,19.400000000,1,0,14685,841815294,19.400000000,19.800000000,1,27,1,3,ESM6 C7575
2026-04-23T03:53:23.665432209Z,2026-04-23T03:53:23.665074891Z,1,1,42366523,T,B,0,167.000000000,1,0,13081,841822220,166.500000000,167.000000000,28,1,3,1,ESM6 P7100
2026-04-23T03:53:34.876675697Z,2026-04-23T03:53:34.876180843Z,1,1,42366510,T,A,0,195.000000000,1,0,14173,841829313,195.000000000,196.000000000,1,6,1,2,ESM6 C7100
2026-04-23T03:57:35.173000596Z,2026-04-23T03:57:35.172466605Z,1,1,42377432,T,B,0,101.000000000,2,0,13858,842039980,100.000000000,101.000000000,55,2,3,1,ESU6 P6200
2026-04-23T03:58:30.330225271Z,2026-04-23T03:58:30.281264495Z,1,1,2637602,T,B,0,82.000000000,50,0,16350,325342138,81.500000000,82.000000000,152,114,3,1,UD:1V: VT 2637602
2026-04-23T03:58:30.382632344Z,2026-04-23T03:58:30.313218251Z,1,1,2637602,T,B,0,82.000000000,3,0,14122,325342297,81.500000000,82.000000000,141,64,2,1,UD:1V: VT 2637602
2026-04-23T04:00:25.213254201Z,2026-04-23T04:00:25.212654649Z,1,1,2535679,T,A,0,104.500000000,1,0,13795,325359102,104.500000000,106.000000000,123,120,2,2,UD:1V: VT 2535679
2026-04-23T04:00:47.800489150Z,2026-04-23T04:00:47.799970933Z,1,1,42377432,T,B,0,101.000000000,2,0,13796,842219777,100.000000000,101.000000000,53,2,3,1,ESU6 P6200
2026-04-23T04:01:27.853097630Z,2026-04-23T04:01:27.813294993Z,1,1,2638167,T,B,0,-155.500000000,10,0,14127,325373409,-159.000000000,-155.500000000,4,10,1,1,UD:1V: 12 2638167
2026-04-23T04:07:18.132927643Z,2026-04-23T04:07:18.132358953Z,1,1,2638187,T,A,0,259.500000000,20,0,14077,325421865,259.500000000,260.000000000,20,17,1,2,UD:1V:CFO 2638187
2026-04-23T04:07:18.133160865Z,2026-04-23T04:07:18.132359131Z,1,1,2638187,T,A,0,259.500000000,181,0,15036,325421867,259.500000000,260.000000000,20,17,1,2,UD:1V:CFO 2638187
2026-04-23T04:07:18.133440006Z,2026-04-23T04:07:18.132392965Z,1,1,2638187,T,A,0,259.500000000,61,0,14615,325421869,259.500000000,260.000000000,19,17,1,2,UD:1V:CFO 2638187
2026-04-23T04:07:22.644709486Z,2026-04-23T04:07:22.644151391Z,1,1,2638187,T,A,0,259.500000000,18,0,13976,325422500,259.500000000,260.000000000,18,17,1,2,UD:1V:CFO 2638187
2026-04-23T04:07:25.247084101Z,2026-04-23T04:07:25.246500731Z,1,1,2638187,T,A,0,259.500000000,20,0,16176,325422678,259.500000000,260.000000000,20,17,1,2,UD:1V:CFO 2638187
2026-04-23T04:09:13.248895311Z,2026-04-23T04:09:13.238375635Z,1,1,2637602,T,B,0,82.000000000,37,0,14593,325449700,81.750000000,82.000000000,138,61,2,1,UD:1V: VT 2637602
2026-04-23T04:09:13.253283262Z,2026-04-23T04:09:13.242666389Z,1,1,2637602,T,B,0,82.000000000,4,0,11330,325449718,81.750000000,82.000000000,138,24,2,1,UD:1V: VT 2637602
2026-04-23T04:09:13.306556894Z,2026-04-23T04:09:13.306054175Z,1,1,2638187,T,A,0,259.500000000,25,0,14386,325449804,259.500000000,260.000000000,20,12,1,1,UD:1V:CFO 2638187
2026-04-23T04:10:09.474367828Z,2026-04-23T04:10:09.473799529Z,1,1,2638187,T,A,0,259.500000000,10,0,14978,325457039,259.500000000,260.000000000,10,212,1,2,UD:1V:CFO 2638187
2026-04-23T04:10:17.547795230Z,2026-04-23T04:10:17.529330027Z,1,1,2637602,T,B,0,82.000000000,20,0,11089,325459870,81.500000000,82.000000000,133,20,2,1,UD:1V: VT 2637602
2026-04-23T04:17:26.630666483Z,2026-04-23T04:17:26.620305251Z,1,1,42378592,T,B,0,52.250000000,5,0,13212,843069659,51.000000000,52.250000000,6,52,2,4,ESM6 P6500
2026-04-23T04:17:44.335667499Z,2026-04-23T04:17:44.335106067Z,1,1,42378592,T,B,0,52.250000000,5,0,13717,843083592,51.000000000,52.250000000,6,63,2,4,ESM6 P6500
2026-04-23T04:19:50.959966447Z,2026-04-23T04:19:50.959417633Z,1,1,2636539,T,B,0,19.100000000,1,0,13815,325553117,19.000000000,19.100000000,535,1,4,1,UD:1V: VT 2636539
2026-04-23T04:20:22.724096929Z,2026-04-23T04:20:22.723514237Z,1,1,2638368,T,B,0,-1.800000000,2,0,13635,325556930,-1.900000000,-1.800000000,141,2,2,1,UD:1V: GN 2638368
2026-04-23T04:22:11.659779019Z,2026-04-23T04:22:11.562320853Z,1,1,2638360,T,A,0,-48.000000000,10,0,13728,325568115,-48.000000000,-47.250000000,10,20,1,1,UD:1V: 12 2638360
2026-04-23T04:24:47.953250790Z,2026-04-23T04:24:47.907192707Z,1,1,2638412,T,A,0,46.500000000,1,0,14293,325590162,46.500000000,47.000000000,1,57,1,1,UD:1V: VT 2638412
2026-04-23T04:26:31.432445016Z,2026-04-23T04:26:31.431972097Z,1,1,2638424,T,A,0,60.000000000,1,0,13658,325606213,60.000000000,60.500000000,1,201,1,4,UD:1V: VT 2638424
2026-04-23T04:34:33.903040542Z,2026-04-23T04:34:33.902506843Z,1,1,2638486,T,B,0,76.000000000,1,0,14271,325658595,75.000000000,76.000000000,9,136,1,3,UD:1V: VT 2638486
2026-04-23T04:38:15.434600438Z,2026-04-23T04:38:15.434279263Z,1,1,42212203,T,A,0,114.500000000,5,0,14024,843824759,114.500000000,115.000000000,5,35,1,4,ESM6 C7250
2026-04-23T04:40:46.769101886Z,2026-04-23T04:40:46.768619445Z,1,1,42300184,T,B,0,98.250000000,1,0,13684,843898382,97.750000000,98.250000000,38,1,3,1,ESM6 P6850
2026-04-23T04:44:23.827891588Z,2026-04-23T04:44:23.803771831Z,1,1,42366510,T,B,0,198.000000000,1,0,11208,844026215,197.000000000,198.000000000,5,1,2,1,ESM6 C7100
2026-04-23T04:44:53.932998294Z,2026-04-23T04:44:53.932443679Z,1,1,42366523,T,A,0,165.000000000,1,0,12698,844038355,165.000000000,166.000000000,1,32,1,3,ESM6 P7100
2026-04-23T04:47:44.999677113Z,2026-04-23T04:47:44.997142487Z,1,1,42529458,T,A,0,396.000000000,4,0,13435,844117675,396.000000000,398.500000000,4,34,1,2,ESZ6 C7250
2026-04-23T04:48:55.760581013Z,2026-04-23T04:48:55.760072849Z,1,1,42378618,T,B,0,109.000000000,1,0,14250,844140751,108.000000000,109.000000000,36,1,3,1,ESM6 P6900
2026-04-23T04:48:55.760805738Z,2026-04-23T04:48:55.760340159Z,1,1,42384779,T,B,0,61.500000000,5,0,11258,844140753,61.000000000,61.500000000,47,5,3,1,ESM6 P6600
2026-04-23T04:55:03.589121350Z,2026-04-23T04:55:03.582850773Z,1,1,2638412,T,A,0,47.250000000,1,0,14035,325782218,47.250000000,48.000000000,1,126,1,3,UD:1V: VT 2638412
2026-04-23T04:56:12.461412884Z,2026-04-23T04:56:12.461126913Z,1,1,42394812,T,A,0,90.000000000,1,0,14070,844355268,90.000000000,90.250000000,1,46,1,4,ESM6 P6800
2026-04-23T05:01:15.957774556Z,2026-04-23T05:01:15.956904745Z,1,1,2638511,T,A,0,20.500000000,1,0,14129,325831292,20.500000000,20.750000000,1,488,1,4,UD:1V: VT 2638511
2026-04-23T05:07:02.709326006Z,2026-04-23T05:07:02.708749379Z,1,1,2637107,T,A,0,335.500000000,1,0,14624,325886086,335.500000000,336.500000000,1,20,1,1,UD:1V: GN 2637107
2026-04-23T05:09:20.259128206Z,2026-04-23T05:09:20.258561687Z,1,1,42378374,T,B,0,204.000000000,4,0,13075,844896721,203.500000000,204.000000000,5,4,2,1,ESM6 P7200
2026-04-23T05:11:45.833114494Z,2026-04-23T05:11:45.831730013Z,1,1,42378374,T,B,0,204.000000000,10,0,13361,844965471,203.000000000,204.000000000,5,10,2,1,ESM6 P7200
2026-04-23T05:33:26.684708221Z,2026-04-23T05:33:26.230783289Z,1,1,2636631,T,A,0,59.750000000,38,0,13165,326085201,59.750000000,60.750000000,50,39,1,1,UD:1V: VT 2636631
2026-04-23T05:33:26.720641281Z,2026-04-23T05:33:26.358254983Z,1,1,2636631,T,A,0,59.750000000,10,0,12097,326085478,59.750000000,60.750000000,12,39,1,1,UD:1V: VT 2636631
2026-04-23T05:33:26.747696052Z,2026-04-23T05:33:26.416840525Z,1,1,2636631,T,A,0,59.750000000,2,0,13275,326085630,59.750000000,60.750000000,2,39,1,1,UD:1V: VT 2636631
2026-04-23T05:36:12.268719947Z,2026-04-23T05:36:12.268193619Z,1,1,42310070,T,B,0,364.500000000,5,0,13687,846041621,361.500000000,364.500000000,33,5,3,1,ESZ6 C7300
2026-04-23T05:42:26.116672806Z,2026-04-23T05:42:26.115810205Z,1,1,42394731,T,B,0,6.600000000,1,0,14035,846335545,6.400000000,6.600000000,203,1,3,1,ESM6 P5000
2026-04-23T05:47:22.257835695Z,2026-04-23T05:47:22.257470547Z,1,1,42378592,T,B,0,51.000000000,1,0,16861,846565698,50.750000000,51.000000000,33,1,2,1,ESM6 P6500
2026-04-23T05:49:21.152872358Z,2026-04-23T05:49:21.152493361Z,1,1,42378592,T,B,0,51.000000000,1,0,14198,846663718,50.750000000,51.000000000,37,1,3,1,ESM6 P6500
2026-04-23T05:51:04.586733729Z,2026-04-23T05:51:04.586088671Z,1,1,2639069,T,B,0,-10.500000000,1,0,15881,326255402,-10.900000000,-10.500000000,184,9,2,1,UD:1V: GN 2639069
2026-04-23T05:55:44.264286481Z,2026-04-23T05:55:44.263741219Z,1,1,42310070,T,A,0,367.500000000,5,0,13384,847015721,367.500000000,369.500000000,5,33,1,3,ESZ6 C7300
2026-04-23T05:55:57.613435934Z,2026-04-23T05:55:57.555662629Z,1,1,42366511,T,B,0,17.300000000,1,0,12118,847031926,16.800000000,17.300000000,50,1,2,1,ESM6 C7600
2026-04-23T06:02:38.473398075Z,2026-04-23T06:02:38.470301697Z,1,1,42378592,T,A,0,50.000000000,1,0,17244,847765987,50.000000000,50.250000000,1,10,1,1,ESM6 P6500
2026-04-23T06:02:38.479018927Z,2026-04-23T06:02:38.473347879Z,1,1,42378592,T,B,0,50.000000000,9,0,15160,847766075,49.750000000,50.000000000,34,9,2,1,ESM6 P6500
2026-04-23T06:03:23.710775743Z,2026-04-23T06:03:23.528892371Z,1,1,2637439,T,A,0,28.000000000,5,0,12806,326522884,28.000000000,29.000000000,5,13,1,1,UD:1V: 12 2637439
2026-04-23T06:04:39.583601255Z,2026-04-23T06:04:39.583112145Z,1,1,42366523,T,B,0,161.500000000,5,0,14088,848018030,161.000000000,161.500000000,31,50,4,1,ESM6 P7100
2026-04-23T06:04:39.583831163Z,2026-04-23T06:04:39.583143323Z,1,1,42366523,T,B,0,161.500000000,12,0,11430,848018032,161.000000000,161.500000000,31,45,4,1,ESM6 P7100
2026-04-23T06:04:39.584256460Z,2026-04-23T06:04:39.583834667Z,1,1,42366523,T,B,0,161.500000000,33,0,14146,848018034,161.000000000,161.500000000,31,33,4,1,ESM6 P7100
2026-04-23T06:04:42.951360627Z,2026-04-23T06:04:42.923491281Z,1,1,42404370,T,A,0,42.000000000,1,0,14508,848033346,42.000000000,42.500000000,1,7,1,3,ESM6 P6400
2026-04-23T06:06:32.095496747Z,2026-04-23T06:06:32.091009123Z,1,1,42366462,T,A,0,5.600000000,25,0,13372,848272802,5.600000000,5.700000000,25,27,1,3,ESM6 P4850
2026-04-23T06:08:39.656328677Z,2026-04-23T06:08:39.617130557Z,1,1,42399599,T,A,0,5.300000000,25,0,11120,848457157,5.300000000,5.400000000,25,2,1,1,ESM6 P4800
2026-04-23T06:13:28.635036606Z,2026-04-23T06:13:28.588312865Z,1,1,42506112,T,B,0,195.000000000,1,0,11635,848876049,194.500000000,195.000000000,28,1,1,1,ESZ6 P6450
2026-04-23T06:13:48.327320759Z,2026-04-23T06:13:48.326354675Z,1,1,42366512,T,B,0,14.400000000,2,0,14369,848903890,14.200000000,14.400000000,86,2,5,1,ESM6 P5700
2026-04-23T06:14:30.475966379Z,2026-04-23T06:14:30.475482811Z,1,1,42543415,T,B,0,68.750000000,2,0,13644,848980327,67.500000000,68.750000000,83,2,2,1,ESU7 C9000
2026-04-23T06:14:33.147946233Z,2026-04-23T06:14:33.147394133Z,1,1,42439354,T,A,0,201.500000000,1,0,13554,848983321,201.500000000,202.000000000,1,23,1,1,ESU6 P6850
2026-04-23T06:14:52.864159366Z,2026-04-23T06:14:52.863531935Z,1,1,2613420,T,A,0,9.500000000,1,0,13842,326770031,9.500000000,9.600000000,155,1,2,1,UD:1V: VT 2613420
2026-04-23T06:15:24.511685305Z,2026-04-23T06:15:24.502498369Z,1,1,42404374,T,A,0,130.000000000,1,0,13691,849065556,130.000000000,130.500000000,1,32,1,3,ESM6 P7000
2026-04-23T06:17:08.714460563Z,2026-04-23T06:17:08.689096853Z,1,1,42378592,T,A,0,49.500000000,5,0,17931,849164139,49.500000000,50.250000000,7,5,3,2,ESM6 P6500
2026-04-23T06:17:09.107379236Z,2026-04-23T06:17:09.100235615Z,1,1,42366523,T,B,0,161.000000000,1,0,13273,849166493,160.500000000,161.000000000,11,1,2,1,ESM6 P7100
2026-04-23T06:17:14.771588071Z,2026-04-23T06:17:14.735325295Z,1,1,42310070,T,B,0,369.500000000,5,0,14648,849191662,367.500000000,369.500000000,33,5,3,1,ESZ6 C7300
2026-04-23T06:17:42.353001231Z,2026-04-23T06:17:42.241125017Z,1,1,42384724,T,B,0,143.000000000,1,0,11359,849255235,142.500000000,143.000000000,28,1,3,1,ESM6 C7200
2026-04-23T06:19:03.935070883Z,2026-04-23T06:19:03.928136381Z,1,1,2637439,T,A,0,28.000000000,5,0,14634,326852305,28.000000000,28.500000000,5,46,1,2,UD:1V: 12 2637439
2026-04-23T06:19:08.308986177Z,2026-04-23T06:19:08.307319497Z,1,1,2637439,T,A,0,28.000000000,5,0,13960,326853955,28.000000000,28.500000000,5,59,1,3,UD:1V: 12 2637439
2026-04-23T06:19:14.882030368Z,2026-04-23T06:19:14.881364353Z,1,1,2637439,T,A,0,28.000000000,5,0,14509,326855241,28.000000000,28.500000000,5,59,1,3,UD:1V: 12 2637439
2026-04-23T06:19:16.214746903Z,2026-04-23T06:19:16.214164821Z,1,1,2637439,T,A,0,28.000000000,5,0,13922,326855612,28.000000000,28.500000000,5,59,1,3,UD:1V: 12 2637439
2026-04-23T06:19:21.159765791Z,2026-04-23T06:19:21.158937633Z,1,1,2637439,T,A,0,28.000000000,5,0,14493,326856393,28.000000000,28.500000000,5,59,1,3,UD:1V: 12 2637439
2026-04-23T06:19:26.651265426Z,2026-04-23T06:19:26.650733173Z,1,1,42366510,T,A,0,203.000000000,1,0,14154,849420995,203.000000000,203.500000000,1,12,1,2,ESM6 C7100
2026-04-23T06:19:32.436505987Z,2026-04-23T06:19:32.435776081Z,1,1,2637439,T,A,0,28.000000000,5,0,14022,326857953,28.000000000,28.500000000,5,59,1,3,UD:1V: 12 2637439
2026-04-23T06:19:39.901907465Z,2026-04-23T06:19:39.898665469Z,1,1,2637439,T,A,0,28.000000000,1,0,15144,326859222,28.000000000,28.500000000,5,59,1,3,UD:1V: 12 2637439
2026-04-23T06:19:41.413668489Z,2026-04-23T06:19:41.391926159Z,1,1,2637439,T,A,0,28.000000000,3,0,11625,326860215,28.000000000,28.500000000,4,53,1,2,UD:1V: 12 2637439
2026-04-23T06:19:41.421813473Z,2026-04-23T06:19:41.392272975Z,1,1,2637439,T,A,0,28.000000000,1,0,13272,326860255,28.000000000,28.500000000,1,53,1,2,UD:1V: 12 2637439
2026-04-23T06:19:41.552093775Z,2026-04-23T06:19:41.518080647Z,1,1,2637439,T,A,0,28.000000000,5,0,14370,326860932,28.000000000,28.500000000,5,59,1,3,UD:1V: 12 2637439
2026-04-23T06:19:41.569531094Z,2026-04-23T06:19:41.563501557Z,1,1,2637439,T,A,0,28.000000000,5,0,13971,326861081,28.000000000,28.500000000,5,59,1,3,UD:1V: 12 2637439
2026-04-23T06:19:43.988066788Z,2026-04-23T06:19:43.987211867Z,1,1,2637439,T,A,0,28.000000000,5,0,14377,326862605,28.000000000,28.500000000,5,59,1,3,UD:1V: 12 2637439
2026-04-23T06:19:43.992715001Z,2026-04-23T06:19:43.991551607Z,1,1,2637439,T,A,0,28.000000000,1,0,14048,326862628,28.000000000,28.500000000,1,59,1,3,UD:1V: 12 2637439
2026-04-23T06:28:54.402682058Z,2026-04-23T06:28:54.402228267Z,1,1,2639649,T,A,0,2.000000000,10,0,14080,327045257,2.000000000,2.150000000,10,1040,1,6,UD:1V: VT 2639649
2026-04-23T06:38:28.839966816Z,2026-04-23T06:38:28.834459219Z,1,1,42378618,T,A,0,105.000000000,1,0,13654,850992469,105.000000000,105.500000000,1,45,1,4,ESM6 P6900
2026-04-23T06:39:48.578058413Z,2026-04-23T06:39:48.574599939Z,1,1,42453644,T,A,0,208.000000000,1,0,11119,851082586,208.000000000,208.500000000,1,32,1,1,ESM7 P6000
2026-04-23T06:41:48.239898108Z,2026-04-23T06:41:48.237169907Z,1,1,42919950,T,A,0,151.500000000,15,0,13675,851179379,151.500000000,152.000000000,15,27,1,3,ESM6 P7075
2026-04-23T06:44:42.369782854Z,2026-04-23T06:44:42.369080255Z,1,1,42404354,T,A,0,5.800000000,1,0,12642,851429364,5.800000000,5.900000000,25,34,1,3,ESM6 P4900
2026-04-23T06:48:55.696337579Z,2026-04-23T06:48:55.695783729Z,1,1,42394812,T,B,0,87.000000000,1,0,15869,851788605,86.750000000,87.000000000,29,1,3,1,ESM6 P6800
2026-04-23T06:49:43.195122732Z,2026-04-23T06:49:43.185982811Z,1,1,42919949,T,A,0,91.500000000,5,0,13087,851882656,91.500000000,91.750000000,5,15,1,1,ESM6 P6825
2026-04-23T06:50:39.162240516Z,2026-04-23T06:50:39.097821841Z,1,1,42300184,T,A,0,95.750000000,5,0,13851,851998156,95.750000000,96.000000000,5,15,1,1,ESM6 P6850
2026-04-23T06:51:19.432635299Z,2026-04-23T06:51:19.432094385Z,1,1,2639860,T,A,0,6.700000000,1,0,13583,327468533,6.700000000,6.800000000,1,119,1,4,UD:1V: 3W 2639860
2026-04-23T06:52:26.342864532Z,2026-04-23T06:52:26.334837511Z,1,1,42378374,T,A,0,199.500000000,2,0,16732,852204779,199.500000000,201.000000000,21,46,4,5,ESM6 P7200
2026-04-23T06:52:32.601598791Z,2026-04-23T06:52:32.600161369Z,1,1,42399706,T,A,0,71.500000000,2,0,14545,852230697,71.500000000,71.750000000,2,24,1,3,ESM6 P6700
2026-04-23T06:52:33.663816375Z,2026-04-23T06:52:33.658862803Z,1,1,42384724,T,A,0,143.000000000,2,0,14451,852232586,143.000000000,144.000000000,12,42,2,4,ESM6 C7200
2026-04-23T06:53:25.182369892Z,2026-04-23T06:53:25.181931955Z,1,1,2639888,T,B,0,14.000000000,1,0,14149,327536816,,14.000000000,0,1,0,1,UD:1V: RR 2639888
2026-04-23T06:57:16.806201955Z,2026-04-23T06:57:16.802658491Z,1,1,42394754,T,B,0,29.750000000,1,0,13663,852679559,29.500000000,29.750000000,21,1,3,1,ESM6 P6200
2026-04-23T06:58:57.220886080Z,2026-04-23T06:58:57.220135935Z,1,1,42384726,T,A,0,11.200000000,1,0,14926,852851158,11.200000000,11.300000000,1,39,1,4,ESM6 P5500
2026-04-23T07:00:29.378317139Z,2026-04-23T07:00:29.369917751Z,1,1,42760604,T,A,0,13.000000000,8,0,15524,853141389,13.000000000,13.100000000,8,36,1,3,ESM6 P5625
2026-04-23T07:00:35.080398764Z,2026-04-23T07:00:35.072348223Z,1,1,42384730,T,A,0,17.500000000,8,0,14828,853156424,17.500000000,17.600000000,8,8,1,1,ESM6 P5850
2026-04-23T07:00:49.239090070Z,2026-04-23T07:00:49.057024203Z,1,1,42903306,T,A,0,65.500000000,5,0,13095,853201943,65.500000000,65.750000000,5,26,1,1,ESM6 C7375
2026-04-23T07:06:07.286956753Z,2026-04-23T07:06:07.286380073Z,1,1,42973469,T,A,0,8.100000000,2,0,13433,854029896,8.100000000,8.300000000,8,34,1,3,ESM6 P5225
2026-04-23T07:07:20.512873452Z,2026-04-23T07:07:20.512124969Z,1,1,2640042,T,A,0,4.200000000,2,0,14093,328052485,4.200000000,4.350000000,5,155,1,2,UD:1V: VT 2640042
2026-04-23T07:10:23.796863502Z,2026-04-23T07:10:23.796266769Z,1,1,2636756,T,A,0,2.800000000,1,0,14330,328139350,2.800000000,2.900000000,1,1343,1,5,UD:1V: VT 2636756
2026-04-23T07:15:00.515260807Z,2026-04-23T07:15:00.376064719Z,1,1,42404354,T,A,0,5.800000000,24,0,12871,855068478,5.800000000,5.900000000,24,34,1,3,ESM6 P4900
2026-04-23T07:15:12.193116867Z,2026-04-23T07:15:12.192632961Z,1,1,2638995,T,A,0,45.750000000,50,0,13674,328284274,45.750000000,46.000000000,50,187,1,4,UD:1V: VT 2638995
2026-04-23T07:16:10.714495724Z,2026-04-23T07:16:10.687976965Z,1,1,42384725,T,A,0,57.500000000,8,0,12553,855233845,57.500000000,58.000000000,14,31,2,2,ESM6 C7400
2026-04-23T07:16:10.908966031Z,2026-04-23T07:16:10.715785267Z,1,1,42384725,T,A,0,57.500000000,5,0,14036,855237568,57.500000000,58.000000000,5,32,1,2,ESM6 C7400
2026-04-23T07:16:14.286953164Z,2026-04-23T07:16:14.280518183Z,1,1,42378346,T,A,0,32.750000000,1,0,13501,855254517,32.750000000,33.000000000,1,24,1,3,ESM6 C7500
2026-04-23T07:21:06.637808558Z,2026-04-23T07:21:06.433631035Z,1,1,42394743,T,B,0,9.900000000,25,0,13102,855824376,9.800000000,9.900000000,10,25,2,1,ESM6 P5400
2026-04-23T07:22:21.474016179Z,2026-04-23T07:22:21.310489819Z,1,1,2638995,T,A,0,46.000000000,20,0,16710,328536391,46.000000000,46.500000000,50,244,1,6,UD:1V: VT 2638995
2026-04-23T07:22:21.798446980Z,2026-04-23T07:22:21.797878559Z,1,1,2638995,T,A,0,46.000000000,4,0,14522,328537789,46.000000000,46.500000000,30,284,1,7,UD:1V: VT 2638995
2026-04-23T07:22:23.115591908Z,2026-04-23T07:22:23.101722331Z,1,1,2638995,T,A,0,46.000000000,4,0,11314,328538891,46.000000000,46.250000000,26,205,1,4,UD:1V: VT 2638995
2026-04-23T07:22:27.532630515Z,2026-04-23T07:22:27.530639049Z,1,1,2638995,T,A,0,46.000000000,22,0,13714,328541623,46.000000000,46.250000000,22,205,1,4,UD:1V: VT 2638995
2026-04-23T07:27:50.247537762Z,2026-04-23T07:27:50.246983967Z,1,1,42394812,T,A,0,85.750000000,1,0,14950,856618819,85.750000000,86.000000000,20,1,2,1,ESM6 P6800
2026-04-23T07:27:53.497224212Z,2026-04-23T07:27:53.483369227Z,1,1,2640170,T,A,0,147.000000000,26,0,14790,328683149,147.000000000,147.500000000,26,50,3,1,UD:1V:CGN 2640170
2026-04-23T07:27:53.515540710Z,2026-04-23T07:27:53.497227693Z,1,1,2640170,T,B,0,147.000000000,21,0,11433,328683496,146.500000000,147.000000000,85,24,2,1,UD:1V:CGN 2640170
2026-04-23T07:27:53.515569220Z,2026-04-23T07:27:53.497228049Z,1,1,2640170,T,B,0,147.000000000,3,0,12836,328683498,146.500000000,147.000000000,85,3,2,1,UD:1V:CGN 2640170
2026-04-23T07:30:43.156389115Z,2026-04-23T07:30:43.149473873Z,1,1,2640170,T,A,0,147.000000000,50,0,15614,328777944,147.000000000,147.500000000,227,50,3,1,UD:1V:CGN 2640170
2026-04-23T07:32:26.038672902Z,2026-04-23T07:32:26.037792589Z,1,1,42404374,T,A,0,129.000000000,1,0,14396,857235059,129.000000000,129.500000000,1,55,1,6,ESM6 P7000
2026-04-23T07:33:10.036274451Z,2026-04-23T07:33:10.035636133Z,1,1,2640170,T,A,0,147.000000000,50,0,13692,328886176,147.000000000,147.500000000,105,55,2,2,UD:1V:CGN 2640170
2026-04-23T07:35:18.020157292Z,2026-04-23T07:35:17.931938421Z,1,1,42409647,T,A,0,6.100000000,25,0,11254,857669950,6.100000000,6.200000000,25,34,1,3,ESM6 P4950
2026-04-23T07:35:23.056541865Z,2026-04-23T07:35:23.056180115Z,1,1,42439351,T,A,0,135.500000000,25,0,13569,857697840,135.500000000,136.000000000,25,63,1,5,ESU6 P6500
2026-04-23T07:35:23.060817329Z,2026-04-23T07:35:23.060359597Z,1,1,42439351,T,A,0,135.500000000,25,0,13466,857697890,135.500000000,136.000000000,25,63,1,5,ESU6 P6500
2026-04-23T07:35:23.064105503Z,2026-04-23T07:35:23.063469033Z,1,1,42439351,T,A,0,135.500000000,24,0,14045,857697970,135.500000000,136.000000000,25,63,1,5,ESU6 P6500
2026-04-23T07:35:23.064350962Z,2026-04-23T07:35:23.063469209Z,1,1,42439351,T,A,0,135.500000000,1,0,13398,857697972,135.500000000,136.000000000,1,63,1,5,ESU6 P6500
2026-04-23T07:35:23.066965617Z,2026-04-23T07:35:23.066508603Z,1,1,42439351,T,A,0,135.500000000,25,0,13300,857698033,135.500000000,136.000000000,25,63,1,5,ESU6 P6500
2026-04-23T07:35:23.070517238Z,2026-04-23T07:35:23.069352167Z,1,1,42439351,T,A,0,135.500000000,14,0,13336,857698100,135.500000000,136.000000000,25,63,1,5,ESU6 P6500
2026-04-23T07:35:23.074696689Z,2026-04-23T07:35:23.070593837Z,1,1,42439351,T,A,0,135.500000000,11,0,14207,857698213,135.500000000,136.000000000,11,63,1,5,ESU6 P6500
2026-04-23T07:35:23.091993682Z,2026-04-23T07:35:23.085833657Z,1,1,42439351,T,A,0,135.500000000,25,0,13833,857698669,135.500000000,136.000000000,25,63,1,5,ESU6 P6500
2026-04-23T07:35:23.099889118Z,2026-04-23T07:35:23.098113083Z,1,1,42439351,T,A,0,135.500000000,12,0,13789,857698832,135.500000000,136.000000000,25,63,1,5,ESU6 P6500
2026-04-23T07:35:23.100607814Z,2026-04-23T07:35:23.099976645Z,1,1,42439351,T,A,0,135.500000000,13,0,13572,857698843,135.500000000,136.000000000,13,63,1,5,ESU6 P6500
2026-04-23T07:35:23.190591316Z,2026-04-23T07:35:23.190112279Z,1,1,42439351,T,A,0,135.500000000,25,0,14020,857699509,135.500000000,136.000000000,25,63,1,5,ESU6 P6500
2026-04-23T07:35:23.250170298Z,2026-04-23T07:35:23.213757855Z,1,1,42439351,T,A,0,135.500000000,5,0,14049,857700777,135.500000000,136.000000000,20,63,1,5,ESU6 P6500
2026-04-23T07:35:23.261582758Z,2026-04-23T07:35:23.250173979Z,1,1,42439351,T,A,0,135.500000000,15,0,14462,857701142,135.500000000,136.000000000,15,63,1,5,ESU6 P6500
2026-04-23T07:35:49.622183455Z,2026-04-23T07:35:49.619162749Z,1,1,42804680,T,A,0,42.500000000,1,0,14756,857800234,42.500000000,42.750000000,6,1,2,1,ESM6 P6425
2026-04-23T07:35:54.055427054Z,2026-04-23T07:35:53.966098657Z,1,1,2611958,T,B,0,14.500000000,5,0,13365,329006558,14.300000000,14.500000000,616,5,5,1,UD:1V: VT 2611958
2026-04-23T07:39:36.703458414Z,2026-04-23T07:39:36.540979189Z,1,1,2638415,T,B,0,27.000000000,13,0,13538,329157847,26.000000000,27.000000000,44,13,2,1,UD:1V: GN 2638415
2026-04-23T07:44:37.594516063Z,2026-04-23T07:44:37.476105173Z,1,1,42300184,T,A,0,94.250000000,1,0,14222,859007547,94.250000000,94.750000000,1,41,1,4,ESM6 P6850
2026-04-23T07:45:15.192377251Z,2026-04-23T07:45:15.121409723Z,1,1,42404370,T,A,0,40.750000000,1,0,11473,859141870,40.750000000,41.000000000,1,12,1,4,ESM6 P6400
2026-04-23T07:45:15.218072345Z,2026-04-23T07:45:15.121426247Z,1,1,2694862,T,B,0,74.500000000,5,0,11371,329367582,74.250000000,74.500000000,629,5,5,1,UD:1V: VT 2694862
2026-04-23T07:49:39.100635323Z,2026-04-23T07:49:39.049553469Z,1,1,2611958,T,B,0,14.400000000,5,0,14119,329590945,14.200000000,14.400000000,753,52,6,2,UD:1V: VT 2611958
2026-04-23T07:49:39.105008662Z,2026-04-23T07:49:39.054204611Z,1,1,2611958,T,B,0,14.400000000,5,0,12187,329590980,14.200000000,14.400000000,753,47,6,1,UD:1V: VT 2611958
2026-04-23T07:50:54.645191694Z,2026-04-23T07:50:54.637085325Z,1,1,42394743,T,A,0,9.700000000,12,0,14337,860275963,9.700000000,9.800000000,12,25,2,1,ESM6 P5400
2026-04-23T07:50:54.660045327Z,2026-04-23T07:50:54.645154595Z,1,1,42394743,T,B,0,9.700000000,13,0,12675,860276265,9.600000000,9.700000000,264,13,3,1,ESM6 P5400
2026-04-23T07:51:22.730254124Z,2026-04-23T07:51:22.722330465Z,1,1,42366459,T,A,0,1.400000000,2,0,15523,860357969,1.400000000,1.450000000,2,25,2,1,ESM6 P3600
2026-04-23T07:52:01.155121059Z,2026-04-23T07:52:01.114738735Z,1,1,2611958,T,B,0,14.400000000,5,0,12981,329728058,14.200000000,14.400000000,763,5,6,1,UD:1V: VT 2611958
2026-04-23T07:52:01.178549905Z,2026-04-23T07:52:01.153957897Z,1,1,2611958,T,B,0,14.400000000,5,0,11716,329728165,14.200000000,14.400000000,763,41,6,1,UD:1V: VT 2611958
2026-04-23T07:52:01.178647955Z,2026-04-23T07:52:01.153958937Z,1,1,2611958,T,B,0,14.400000000,5,0,11481,329728167,14.200000000,14.400000000,763,36,6,1,UD:1V: VT 2611958
2026-04-23T07:52:04.298207175Z,2026-04-23T07:52:04.297543087Z,1,1,2611958,T,B,0,14.400000000,5,0,14296,329730848,14.200000000,14.400000000,763,5,6,1,UD:1V: VT 2611958
2026-04-23T07:52:07.496728577Z,2026-04-23T07:52:07.496293571Z,1,1,2611958,T,B,0,14.400000000,5,0,13037,329732913,14.200000000,14.400000000,763,5,6,1,UD:1V: VT 2611958
2026-04-23T07:52:10.696747454Z,2026-04-23T07:52:10.696297681Z,1,1,2611958,T,B,0,14.400000000,5,0,13131,329733958,14.200000000,14.400000000,763,5,6,1,UD:1V: VT 2611958
2026-04-23T07:52:25.152853197Z,2026-04-23T07:52:25.117720995Z,1,1,2611958,T,B,0,14.400000000,5,0,13926,329739687,14.200000000,14.400000000,763,5,6,1,UD:1V: VT 2611958
2026-04-23T07:52:28.299727177Z,2026-04-23T07:52:28.299297415Z,1,1,2611958,T,B,0,14.400000000,5,0,12159,329741214,14.200000000,14.400000000,763,5,6,1,UD:1V: VT 2611958
2026-04-23T07:52:31.496761990Z,2026-04-23T07:52:31.496302991Z,1,1,2611958,T,B,0,14.400000000,5,0,14550,329743421,14.200000000,14.400000000,763,5,6,1,UD:1V: VT 2611958
2026-04-23T07:53:48.887248041Z,2026-04-23T07:53:48.886697891Z,1,1,42394743,T,B,0,9.800000000,25,0,13090,860722235,9.700000000,9.800000000,10,25,2,1,ESM6 P5400
2026-04-23T07:55:52.553414886Z,2026-04-23T07:55:52.552841393Z,1,1,42409666,T,B,0,16.100000000,4,0,13987,860952737,16.000000000,16.100000000,4,8,1,1,ESM6 P5800
2026-04-23T07:56:11.502497424Z,2026-04-23T07:56:11.501911221Z,1,1,2640381,T,A,0,3.000000000,1,0,13961,329855239,3.000000000,3.450000000,1,13,1,2,UD:1V: 12 2640381
2026-04-23T07:56:25.072094593Z,2026-04-23T07:56:24.752125311Z,1,1,2640408,T,A,0,2.250000000,1,0,13132,329859718,2.250000000,2.600000000,1,5,1,1,UD:1V: 12 2640408
2026-04-23T07:56:47.280054369Z,2026-04-23T07:56:47.148643085Z,1,1,42366523,T,B,0,158.000000000,2,0,11129,861063930,157.500000000,158.000000000,46,2,5,1,ESM6 P7100
2026-04-23T07:57:13.944485596Z,2026-04-23T07:57:13.870887855Z,1,1,2611958,T,B,0,14.500000000,5,0,14989,329900077,14.200000000,14.500000000,1036,5,7,1,UD:1V: VT 2611958
2026-04-23T07:57:17.096977670Z,2026-04-23T07:57:17.096554285Z,1,1,2611958,T,B,0,14.500000000,5,0,14255,329902119,14.200000000,14.500000000,1036,5,7,1,UD:1V: VT 2611958
2026-04-23T08:01:19.367684705Z,2026-04-23T08:01:19.331741709Z,1,1,2611958,T,B,0,14.500000000,5,0,14528,330027044,14.200000000,14.500000000,1018,5,7,1,UD:1V: VT 2611958
2026-04-23T08:02:28.556253441Z,2026-04-23T08:02:28.448508879Z,1,1,42867406,T,A,0,50.250000000,14,0,11213,861848946,50.250000000,50.750000000,14,6,2,1,ESM6 C7425
2026-04-23T08:02:28.818050087Z,2026-04-23T08:02:28.456603419Z,1,1,2640381,T,A,0,2.950000000,1,0,13461,330074449,2.950000000,3.450000000,1,5,1,1,UD:1V: 12 2640381
2026-04-23T08:02:28.818433088Z,2026-04-23T08:02:28.456604227Z,1,1,2640393,T,A,0,2.800000000,1,0,12957,330074451,2.800000000,3.250000000,1,5,1,1,UD:1V: 12 2640393
2026-04-23T08:02:28.819563641Z,2026-04-23T08:02:28.456605291Z,1,1,2640401,T,A,0,2.550000000,1,0,13837,330074455,2.550000000,3.000000000,1,5,1,1,UD:1V: 12 2640401
2026-04-23T08:05:27.100911273Z,2026-04-23T08:05:27.095476507Z,1,1,2611958,T,B,0,14.600000000,5,0,16661,330196813,14.400000000,14.600000000,676,5,5,1,UD:1V: VT 2611958
2026-04-23T08:05:30.297392779Z,2026-04-23T08:05:30.296951997Z,1,1,2611958,T,B,0,14.600000000,5,0,14829,330199591,14.400000000,14.600000000,676,5,5,1,UD:1V: VT 2611958
2026-04-23T08:05:59.260146060Z,2026-04-23T08:05:59.200315711Z,1,1,42416106,T,A,0,43.250000000,8,0,14540,862426164,43.250000000,43.500000000,15,17,2,2,ESM6 C7450
2026-04-23T08:07:57.858444346Z,2026-04-23T08:07:57.782544763Z,1,1,2611958,T,B,0,14.700000000,5,0,11733,330307788,14.500000000,14.700000000,767,5,6,1,UD:1V: VT 2611958
2026-04-23T08:08:05.219374855Z,2026-04-23T08:08:05.218747565Z,1,1,2640408,T,A,0,2.200000000,1,0,15694,330322073,2.200000000,2.600000000,1,16,1,2,UD:1V: 12 2640408
2026-04-23T08:19:59.352584816Z,2026-04-23T08:19:59.348887397Z,1,1,42212203,T,B,0,116.500000000,10,0,14213,864662751,116.000000000,116.500000000,40,10,5,1,ESM6 C7250
2026-04-23T08:23:01.906198423Z,2026-04-23T08:23:01.893754191Z,1,1,2611958,T,B,0,14.500000000,5,0,13685,330948580,14.300000000,14.500000000,760,5,6,1,UD:1V: VT 2611958
2026-04-23T08:24:18.263952595Z,2026-04-23T08:24:18.263490325Z,1,1,2612474,T,B,0,15.200000000,5,0,20813,330993024,15.000000000,15.200000000,351,5,4,1,UD:1V: VT 2612474
2026-04-23T08:29:07.313713026Z,2026-04-23T08:29:07.313299041Z,1,1,42394743,T,B,0,9.800000000,25,0,13749,865974445,9.700000000,9.800000000,34,25,3,1,ESM6 P5400
2026-04-23T08:30:06.162272916Z,2026-04-23T08:30:06.025002855Z,1,1,2611958,T,B,0,14.600000000,5,0,12965,331232953,14.400000000,14.600000000,483,5,4,1,UD:1V: VT 2611958
2026-04-23T08:32:29.483363526Z,2026-04-23T08:32:29.379690129Z,1,1,42867406,T,A,0,49.250000000,10,0,11393,866508780,49.250000000,49.500000000,14,17,2,2,ESM6 C7425
2026-04-23T08:33:00.465868929Z,2026-04-23T08:33:00.388654405Z,1,1,42372969,T,A,0,267.500000000,2,0,11454,866605229,267.500000000,268.500000000,2,14,1,3,ESM6 C7000
2026-04-23T08:33:04.570563262Z,2026-04-23T08:33:04.562036467Z,1,1,42903306,T,A,0,63.750000000,14,0,14290,866627859,63.750000000,64.000000000,14,17,2,2,ESM6 C7375
2026-04-23T08:34:04.279782084Z,2026-04-23T08:34:04.279414163Z,1,1,42372969,T,B,0,268.000000000,2,0,14120,866797429,267.500000000,268.000000000,12,2,4,1,ESM6 C7000
2026-04-23T08:36:47.507059022Z,2026-04-23T08:36:47.355535129Z,1,1,2640494,T,A,0,2.950000000,1,0,13243,331513648,2.950000000,3.200000000,1,17,1,2,UD:1V: GN 2640494
2026-04-23T08:36:47.507629903Z,2026-04-23T08:36:47.355536193Z,1,1,2640401,T,A,0,2.500000000,1,0,13114,331513652,2.500000000,3.000000000,1,15,1,2,UD:1V: 12 2640401
2026-04-23T08:36:47.507926758Z,2026-04-23T08:36:47.355536549Z,1,1,2640381,T,A,0,2.900000000,1,0,13944,331513654,2.900000000,3.400000000,1,13,1,2,UD:1V: 12 2640381
2026-04-23T08:37:31.878374046Z,2026-04-23T08:37:31.877788767Z,1,1,2640993,T,A,0,16.300000000,1,0,13631,331545794,16.300000000,16.500000000,210,553,3,7,UD:1V: VT 2640993
2026-04-23T08:39:37.718759382Z,2026-04-23T08:39:37.464843707Z,1,1,2640393,T,A,0,2.700000000,1,0,14465,331623670,2.700000000,3.250000000,1,14,1,2,UD:1V: 12 2640393
2026-04-23T08:39:37.718786817Z,2026-04-23T08:39:37.464843889Z,1,1,2640408,T,A,0,2.150000000,1,0,11634,331623672,2.150000000,2.600000000,1,16,1,2,UD:1V: 12 2640408
2026-04-23T08:40:53.568830400Z,2026-04-23T08:40:53.568466789Z,1,1,273847,T,A,0,171.000000000,1,0,13641,867789224,171.000000000,172.000000000,1,74,1,5,ESZ6 P6300
2026-04-23T08:41:37.616499001Z,2026-04-23T08:41:37.616025765Z,1,1,42372969,T,A,0,266.000000000,2,0,14276,867900925,266.000000000,266.500000000,2,10,1,3,ESM6 C7000
2026-04-23T08:41:56.923927255Z,2026-04-23T08:41:56.923368769Z,1,1,42378449,T,A,0,22.000000000,1,0,13629,867919437,22.000000000,22.250000000,1,154,1,5,ESM6 P6000
2026-04-23T08:42:08.171815700Z,2026-04-23T08:42:08.149401065Z,1,1,42378449,T,A,0,22.000000000,1,0,13349,867953517,22.000000000,22.250000000,1,146,1,4,ESM6 P6000
2026-04-23T08:42:38.630672862Z,2026-04-23T08:42:38.615911337Z,1,1,42372969,T,B,0,266.500000000,2,0,14382,868008766,266.000000000,266.500000000,8,2,3,1,ESM6 C7000
2026-04-23T08:44:21.770876726Z,2026-04-23T08:44:21.732279629Z,1,1,42510079,T,A,0,71.500000000,1,0,12577,868291374,71.500000000,71.750000000,1,17,1,2,ESM6 C7350
2026-04-23T08:44:23.537128979Z,2026-04-23T08:44:23.534712457Z,1,1,2597884,T,B,0,35.750000000,5,0,14332,331809703,35.500000000,35.750000000,364,5,5,1,UD:1V: VT 2597884
2026-04-23T08:45:20.472956051Z,2026-04-23T08:45:20.469847893Z,1,1,42378346,T,B,0,31.500000000,1,0,13256,868469661,31.250000000,31.500000000,39,1,3,1,ESM6 C7500
2026-04-23T08:45:26.089458351Z,2026-04-23T08:45:26.088917245Z,1,1,42384308,T,B,0,4.300000000,3,0,12791,868478570,4.250000000,4.300000000,162,9,2,1,ESM6 P4600
2026-04-23T08:45:26.089661727Z,2026-04-23T08:45:26.088929013Z,1,1,42973469,T,A,0,8.300000000,3,0,13150,868478572,8.300000000,8.400000000,8,34,1,3,ESM6 P5225
2026-04-23T08:46:21.751644135Z,2026-04-23T08:46:21.699205177Z,1,1,42378346,T,B,0,31.500000000,2,0,13330,868600263,31.250000000,31.500000000,39,2,3,1,ESM6 C7500
2026-04-23T08:46:21.842187996Z,2026-04-23T08:46:21.838371867Z,1,1,42378346,T,A,0,31.500000000,18,0,11164,868602529,31.500000000,31.750000000,59,35,1,3,ESM6 C7500
2026-04-23T08:46:21.842214433Z,2026-04-23T08:46:21.838372043Z,1,1,42378346,T,A,0,31.500000000,23,0,11088,868602531,31.500000000,31.750000000,41,35,1,3,ESM6 C7500
2026-04-23T08:46:21.842229582Z,2026-04-23T08:46:21.838372221Z,1,1,42378346,T,A,0,31.500000000,18,0,11384,868602533,31.500000000,31.750000000,18,35,1,3,ESM6 C7500
2026-04-23T08:47:47.509228060Z,2026-04-23T08:47:47.508646559Z,1,1,2611958,T,B,0,14.900000000,5,0,13942,331939134,14.800000000,14.900000000,403,5,4,1,UD:1V: VT 2611958
2026-04-23T08:48:28.497587198Z,2026-04-23T08:48:28.462213333Z,1,1,2612474,T,A,0,14.600000000,3,0,13457,331967842,14.600000000,14.700000000,3,556,1,4,UD:1V: VT 2612474
2026-04-23T08:48:31.152278742Z,2026-04-23T08:48:31.113534139Z,1,1,2612520,T,B,0,12.000000000,239,0,14691,331970695,11.700000000,12.000000000,415,285,3,2,UD:1V: VT 2612520
2026-04-23T08:49:11.197218969Z,2026-04-23T08:49:11.181989453Z,1,1,42394812,T,A,0,88.750000000,14,0,15539,869048175,88.750000000,89.000000000,14,17,2,2,ESM6 P6800
2026-04-23T08:49:43.221424748Z,2026-04-23T08:49:43.220841859Z,1,1,2638995,T,A,0,47.250000000,50,0,13037,332010661,47.250000000,47.500000000,50,262,1,6,UD:1V: VT 2638995
2026-04-23T08:50:20.306349027Z,2026-04-23T08:50:20.280610759Z,1,1,42378374,T,B,0,205.000000000,10,0,13849,869180309,204.500000000,205.000000000,12,10,2,1,ESM6 P7200
2026-04-23T08:51:16.588221625Z,2026-04-23T08:51:16.587659179Z,1,1,42378618,T,B,0,108.500000000,1,0,16764,869298579,108.000000000,108.500000000,32,15,4,1,ESM6 P6900
2026-04-23T08:51:55.636067063Z,2026-04-23T08:51:55.579727455Z,1,1,42384308,T,B,0,4.300000000,6,0,11512,869364162,4.250000000,4.300000000,191,6,4,1,ESM6 P4600
2026-04-23T08:51:55.865579171Z,2026-04-23T08:51:55.671210929Z,1,1,2640401,T,A,0,2.400000000,1,0,13651,332074252,2.400000000,2.850000000,1,15,1,2,UD:1V: 12 2640401
2026-04-23T08:51:55.865900195Z,2026-04-23T08:51:55.671211639Z,1,1,2640494,T,A,0,2.850000000,1,0,12977,332074254,2.850000000,3.200000000,1,17,1,2,UD:1V: GN 2640494
2026-04-23T08:51:55.866512357Z,2026-04-23T08:51:55.671212885Z,1,1,2640408,T,A,0,2.050000000,1,0,13472,332074256,2.050000000,2.600000000,1,16,1,2,UD:1V: 12 2640408
2026-04-23T08:51:55.866800169Z,2026-04-23T08:51:55.671213059Z,1,1,2640381,T,A,0,2.800000000,1,0,15261,332074258,2.800000000,3.300000000,1,21,1,2,UD:1V: 12 2640381
2026-04-23T08:51:56.001333265Z,2026-04-23T08:51:55.678717765Z,1,1,42300184,T,B,0,98.500000000,1,0,14013,869371365,98.000000000,98.500000000,48,1,4,1,ESM6 P6850
2026-04-23T08:51:56.066345286Z,2026-04-23T08:51:55.696204483Z,1,1,42853783,T,A,0,80.250000000,5,0,11299,869372431,80.250000000,80.500000000,5,41,1,3,ESM6 C7325
2026-04-23T08:51:56.153622097Z,2026-04-23T08:51:55.698162371Z,1,1,42366511,T,A,0,16.700000000,1,0,11499,869374042,16.700000000,16.900000000,1,63,1,3,ESM6 C7600
2026-04-23T08:51:56.521795276Z,2026-04-23T08:51:56.156766163Z,1,1,42472886,T,B,0,17.600000000,5,0,12200,869381020,17.400000000,17.600000000,212,5,4,1,ESU6 P4350
2026-04-23T08:52:26.885526678Z,2026-04-23T08:52:26.884928171Z,1,1,2638995,T,A,0,47.500000000,50,0,13622,332099003,47.500000000,47.750000000,50,183,1,4,UD:1V: VT 2638995
2026-04-23T08:52:53.461043012Z,2026-04-23T08:52:53.442471061Z,1,1,42804682,T,A,0,85.000000000,14,0,11789,869549491,85.000000000,85.250000000,14,17,2,2,ESM6 P6775
2026-04-23T08:52:59.534386793Z,2026-04-23T08:52:59.505301039Z,1,1,42804682,T,A,0,84.750000000,5,0,15403,869577734,84.750000000,85.250000000,5,83,1,5,ESM6 P6775
2026-04-23T08:52:59.537881990Z,2026-04-23T08:52:59.505309473Z,1,1,42384779,T,A,0,61.000000000,5,0,11389,869577807,61.000000000,61.500000000,31,74,3,5,ESM6 P6600
2026-04-23T08:54:44.712148579Z,2026-04-23T08:54:44.711584921Z,1,1,42378618,T,B,0,109.000000000,1,0,11816,869853993,108.000000000,109.000000000,33,67,4,7,ESM6 P6900
2026-04-23T08:56:03.838377170Z,2026-04-23T08:56:03.829778465Z,1,1,42378541,T,A,0,36.000000000,6,0,14580,870018286,36.000000000,36.250000000,18,8,2,3,ESM6 P6300
2026-04-23T08:59:26.841944284Z,2026-04-23T08:59:26.719874267Z,1,1,2636631,T,A,0,59.500000000,19,0,14391,332359894,59.500000000,60.000000000,20,5,2,1,UD:1V: VT 2636631
2026-04-23T09:01:42.302984263Z,2026-04-23T09:01:42.300075227Z,1,1,42372969,T,A,0,264.500000000,1,0,12517,870892747,264.500000000,265.000000000,2,1,1,1,ESM6 C7000
2026-04-23T09:01:42.303835847Z,2026-04-23T09:01:42.300108985Z,1,1,42372969,T,A,0,264.500000000,1,0,11672,870892763,264.500000000,265.000000000,1,1,1,1,ESM6 C7000
2026-04-23T09:01:42.704002281Z,2026-04-23T09:01:42.672908855Z,1,1,42300184,T,B,0,98.750000000,1,0,14589,870899091,98.500000000,98.750000000,15,1,3,1,ESM6 P6850
2026-04-23T09:01:53.457331887Z,2026-04-23T09:01:53.456101255Z,1,1,42300184,T,A,0,98.750000000,1,0,13157,870921403,98.750000000,99.000000000,1,41,1,2,ESM6 P6850
2026-04-23T09:02:45.767935334Z,2026-04-23T09:02:45.767377947Z,1,1,42384725,T,B,0,55.250000000,1,0,13660,871113401,55.000000000,55.250000000,29,1,3,1,ESM6 C7400
2026-04-23T09:02:58.280964351Z,2026-04-23T09:02:58.278020077Z,1,1,42560128,T,A,0,27.000000000,1,0,14058,871155642,27.000000000,27.250000000,1,2,1,1,ESM6 C7525
2026-04-23T09:03:51.206881840Z,2026-04-23T09:03:51.194600513Z,1,1,42372979,T,A,0,90.250000000,5,0,15949,871300953,90.250000000,90.500000000,13,37,2,2,ESM6 C7300
2026-04-23T09:03:51.779238940Z,2026-04-23T09:03:51.665848711Z,1,1,42627610,T,A,0,12.200000000,10,0,11422,871306064,12.200000000,12.400000000,10,40,2,3,ESM6 C7650
2026-04-23T09:03:52.094215902Z,2026-04-23T09:03:51.670163083Z,1,1,2640393,T,A,0,2.600000000,1,0,11699,332591225,2.600000000,3.250000000,1,201,1,2,UD:1V: 12 2640393
2026-04-23T09:03:55.602002961Z,2026-04-23T09:03:55.561089419Z,1,1,42366459,T,B,0,1.400000000,23,0,14623,871346500,1.350000000,1.400000000,433,23,7,1,ESM6 P3600
2026-04-23T09:04:09.815278906Z,2026-04-23T09:04:09.807812907Z,1,1,42696853,T,A,0,14.300000000,8,0,13159,871416482,14.300000000,14.500000000,8,80,1,4,ESM6 C7625
2026-04-23T09:04:38.683439217Z,2026-04-23T09:04:38.682916159Z,1,1,42871623,T,B,0,19.500000000,2,0,13997,871529565,19.400000000,19.500000000,18,2,3,1,ESM6 C7575
2026-04-23T09:04:43.698978182Z,2026-04-23T09:04:43.698531657Z,1,1,2641292,T,B,0,20.000000000,1,0,19716,332668694,,20.000000000,0,1,0,1,UD:1V: VT 2641292
2026-04-23T09:04:58.704719127Z,2026-04-23T09:04:58.704168669Z,1,1,42378618,T,B,0,111.000000000,1,0,13373,871610554,110.000000000,111.000000000,33,51,5,6,ESM6 P6900
2026-04-23T09:05:30.465092335Z,2026-04-23T09:05:30.388261175Z,1,1,2641178,T,B,0,29.000000000,1,0,11677,332719648,28.500000000,29.000000000,5,1,1,1,UD:1V: DB 2641178
2026-04-23T09:05:38.575167934Z,2026-04-23T09:05:38.574677339Z,1,1,42760625,T,A,0,54.750000000,1,0,14481,871780788,54.750000000,55.000000000,1,24,1,4,ESM6 P6525
2026-04-23T09:06:10.091019252Z,2026-04-23T09:06:10.088819181Z,1,1,2640381,T,A,0,2.700000000,1,0,17309,332758650,2.700000000,3.250000000,1,20,1,2,UD:1V: 12 2640381
2026-04-23T09:06:13.718399600Z,2026-04-23T09:06:13.717824531Z,1,1,42212203,T,B,0,111.500000000,4,0,15135,871883474,111.000000000,111.500000000,28,4,3,1,ESM6 C7250
2026-04-23T09:06:23.754302021Z,2026-04-23T09:06:23.716498403Z,1,1,42372979,T,B,0,89.500000000,8,0,13826,871930176,89.250000000,89.500000000,28,8,3,1,ESM6 C7300
2026-04-23T09:08:07.889081979Z,2026-04-23T09:08:07.816929427Z,1,1,2637107,T,A,0,335.500000000,1,0,14109,332864154,335.500000000,338.000000000,1,23,1,1,UD:1V: GN 2637107
2026-04-23T09:11:20.697109980Z,2026-04-23T09:11:20.696580369Z,1,1,42439343,T,A,0,48.500000000,1,0,14413,872821778,48.500000000,48.750000000,1,218,1,4,ESU6 P5500
2026-04-23T09:11:33.802337816Z,2026-04-23T09:11:33.786642771Z,1,1,42366511,T,A,0,16.900000000,18,0,14958,872856442,16.900000000,17.100000000,18,30,2,2,ESM6 C7600
2026-04-23T09:11:51.210813452Z,2026-04-23T09:11:51.079488109Z,1,1,42919949,T,A,0,96.000000000,5,0,11705,872923952,96.000000000,96.500000000,5,47,1,4,ESM6 P6825
2026-04-23T09:12:02.142449116Z,2026-04-23T09:12:02.103819305Z,1,1,2638377,T,B,0,36.250000000,10,0,13271,333046258,35.250000000,36.250000000,4,10,1,1,UD:1V: GN 2638377
2026-04-23T09:13:54.980272966Z,2026-04-23T09:13:54.668215467Z,1,1,2640401,T,A,0,2.300000000,1,0,13079,333148872,2.300000000,2.900000000,1,23,1,1,UD:1V: 12 2640401
2026-04-23T09:13:54.980537722Z,2026-04-23T09:13:54.668215823Z,1,1,2640393,T,A,0,2.500000000,1,0,14392,333148874,2.500000000,3.150000000,1,21,1,1,UD:1V: 12 2640393
2026-04-23T09:13:54.980884799Z,2026-04-23T09:13:54.668216889Z,1,1,2640408,T,A,0,1.950000000,1,0,14469,333148876,1.950000000,2.500000000,1,23,1,1,UD:1V: 12 2640408
2026-04-23T09:13:54.981245857Z,2026-04-23T09:13:54.668217423Z,1,1,2640381,T,A,0,2.600000000,1,0,13152,333148878,2.600000000,3.350000000,1,209,1,3,UD:1V: 12 2640381
2026-04-23T09:13:56.146940295Z,2026-04-23T09:13:56.096745323Z,1,1,42429381,T,B,0,30.250000000,1,0,11456,873338290,30.000000000,30.250000000,79,1,3,1,ESU6 P5000
2026-04-23T09:16:04.753043195Z,2026-04-23T09:16:04.751209177Z,1,1,42310070,T,B,0,362.000000000,10,0,13258,873729756,361.000000000,362.000000000,34,10,3,1,ESZ6 C7300
2026-04-23T09:16:04.753260891Z,2026-04-23T09:16:04.751209585Z,1,1,42310070,T,B,0,362.000000000,10,0,13653,873729758,361.000000000,362.000000000,34,10,3,1,ESZ6 C7300
2026-04-23T09:16:04.753306144Z,2026-04-23T09:16:04.751209765Z,1,1,42310070,T,B,0,362.000000000,25,0,11588,873729759,361.000000000,362.000000000,34,10,3,1,ESZ6 C7300
2026-04-23T09:16:29.591222428Z,2026-04-23T09:16:29.573099649Z,1,1,42372979,T,A,0,90.750000000,13,0,14472,873793049,90.750000000,91.250000000,13,29,2,3,ESM6 C7300
2026-04-23T09:16:59.688382651Z,2026-04-23T09:16:59.687843583Z,1,1,42871623,T,A,0,20.000000000,3,0,12912,873865230,20.000000000,20.500000000,3,111,1,7,ESM6 C7575
2026-04-23T09:17:02.629113572Z,2026-04-23T09:17:02.149130821Z,1,1,42372969,T,B,0,265.000000000,2,0,17172,873895861,264.500000000,265.000000000,1,2,1,1,ESM6 C7000
2026-04-23T09:18:32.282635839Z,2026-04-23T09:18:31.925321905Z,1,1,42399599,T,A,0,5.400000000,2,0,15422,874270053,5.400000000,5.500000000,2,24,1,2,ESM6 P4800
2026-04-23T09:18:36.137292916Z,2026-04-23T09:18:36.104855275Z,1,1,42399599,T,A,0,5.400000000,1,0,20013,874304904,5.400000000,5.600000000,1,373,1,5,ESM6 P4800
2026-04-23T09:18:40.913453610Z,2026-04-23T09:18:40.910987983Z,1,1,42212203,T,A,0,115.000000000,5,0,11471,874330694,115.000000000,115.500000000,5,19,1,1,ESM6 C7250
2026-04-23T09:19:00.510592638Z,2026-04-23T09:19:00.336663031Z,1,1,42399706,T,B,0,73.750000000,5,0,14414,874412623,73.250000000,73.750000000,30,5,1,1,ESM6 P6700
2026-04-23T09:19:18.857492593Z,2026-04-23T09:19:18.856933231Z,1,1,2638377,T,A,0,35.500000000,10,0,14477,333506919,35.500000000,37.000000000,10,4,1,1,UD:1V: GN 2638377
2026-04-23T09:20:02.558334924Z,2026-04-23T09:20:02.557610233Z,1,1,42510079,T,A,0,73.000000000,1,0,11230,874647723,73.000000000,73.250000000,1,43,1,4,ESM6 C7350
2026-04-23T09:20:39.650060337Z,2026-04-23T09:20:39.566764107Z,1,1,42883177,T,A,0,103.000000000,5,0,15736,874737748,103.000000000,103.500000000,5,27,1,3,ESM6 C7275
2026-04-23T09:20:58.976300055Z,2026-04-23T09:20:58.975723037Z,1,1,2641178,T,B,0,28.750000000,1,0,12925,333587673,28.250000000,28.750000000,11,1,2,1,UD:1V: DB 2641178
2026-04-23T09:22:36.505143873Z,2026-04-23T09:22:36.206213361Z,1,1,42429372,T,B,0,78.000000000,5,0,13966,875070243,77.250000000,78.000000000,64,5,5,1,ESU6 C7700
2026-04-23T09:22:41.544242873Z,2026-04-23T09:22:41.543687695Z,1,1,42212203,T,A,0,115.500000000,2,0,13087,875093773,115.500000000,116.000000000,5,40,1,5,ESM6 C7250
2026-04-23T09:22:41.544447900Z,2026-04-23T09:22:41.543687875Z,1,1,42212203,T,A,0,115.500000000,3,0,12674,875093775,115.500000000,116.000000000,3,40,1,5,ESM6 C7250
2026-04-23T09:22:53.164612340Z,2026-04-23T09:22:53.164003499Z,1,1,2641558,T,A,0,60.000000000,10,0,14594,333672509,60.000000000,60.250000000,10,31,1,3,UD:1V: GN 2641558
2026-04-23T09:22:57.354982359Z,2026-04-23T09:22:57.354315647Z,1,1,42212203,T,A,0,115.500000000,5,0,13889,875121158,115.500000000,116.000000000,5,41,1,6,ESM6 C7250
2026-04-23T09:23:37.849267183Z,2026-04-23T09:23:37.845781831Z,1,1,42472887,T,B,0,19.700000000,1,0,14417,875208941,19.600000000,19.700000000,72,1,2,1,ESU6 P4500
2026-04-23T09:24:13.095181849Z,2026-04-23T09:24:13.027868175Z,1,1,42372979,T,A,0,92.500000000,5,0,13868,875275523,92.500000000,93.000000000,5,45,1,5,ESM6 C7300
2026-04-23T09:24:13.196034986Z,2026-04-23T09:24:13.038842801Z,1,1,42300184,T,B,0,98.000000000,1,0,11401,875277209,97.500000000,98.000000000,8,1,1,1,ESM6 P6850
2026-04-23T09:28:15.592455751Z,2026-04-23T09:28:15.591820677Z,1,1,42499829,T,B,0,170.000000000,1,0,13446,875831165,168.500000000,170.000000000,12,50,2,6,ESM6 C7150
2026-04-23T09:29:00.509985975Z,2026-04-23T09:29:00.437206021Z,1,1,42300184,T,B,0,98.000000000,1,0,13761,875918222,97.500000000,98.000000000,18,1,4,1,ESM6 P6850
2026-04-23T09:29:01.101124209Z,2026-04-23T09:29:01.097340871Z,1,1,42458739,T,B,0,35.750000000,15,0,18404,875929123,35.500000000,35.750000000,25,15,1,1,ESU6 P5200
2026-04-23T09:29:26.067336455Z,2026-04-23T09:29:26.066809929Z,1,1,42366523,T,B,0,164.500000000,1,0,13475,875999002,163.500000000,164.500000000,33,20,7,2,ESM6 P7100
2026-04-23T09:30:27.167575420Z,2026-04-23T09:30:27.156120359Z,1,1,42397652,T,B,0,107.000000000,12,0,14831,876129790,106.000000000,107.000000000,48,12,5,2,ESU6 C7600
2026-04-23T09:30:28.884014066Z,2026-04-23T09:30:28.849012375Z,1,1,42499829,T,B,0,169.500000000,1,0,16101,876149414,169.000000000,169.500000000,13,1,2,1,ESM6 C7150
2026-04-23T09:32:38.556245769Z,2026-04-23T09:32:38.555717045Z,1,1,42472886,T,B,0,17.400000000,5,0,13103,876520883,17.300000000,17.400000000,5,5,1,1,ESU6 P4350
2026-04-23T09:34:41.099901343Z,2026-04-23T09:34:41.099352475Z,1,1,42378541,T,B,0,35.500000000,1,0,15340,876750268,35.250000000,35.500000000,59,1,6,1,ESM6 P6300
2026-04-23T09:35:01.780539563Z,2026-04-23T09:35:01.764735421Z,1,1,42378541,T,B,0,35.750000000,1,0,13854,876806543,35.500000000,35.750000000,6,1,2,1,ESM6 P6300
2026-04-23T09:39:32.121248943Z,2026-04-23T09:39:32.105350517Z,1,1,2641753,T,A,0,57.750000000,1,0,14210,334253197,57.750000000,58.000000000,1,169,1,3,UD:1V: VT 2641753
2026-04-23T09:40:01.136077566Z,2026-04-23T09:40:01.087777281Z,1,1,42366511,T,B,0,17.400000000,1,0,11190,877359828,17.100000000,17.400000000,14,1,4,1,ESM6 C7600
2026-04-23T09:40:31.054825774Z,2026-04-23T09:40:31.045518699Z,1,1,42372969,T,A,0,267.500000000,1,0,19313,877419125,267.500000000,269.000000000,16,8,5,3,ESM6 C7000
2026-04-23T09:41:52.306089164Z,2026-04-23T09:41:51.834153925Z,1,1,42598890,T,B,0,66.250000000,5,0,14579,877556771,65.750000000,66.250000000,8,5,1,1,ESU6 C7750
2026-04-23T09:42:34.886896915Z,2026-04-23T09:42:34.886329341Z,1,1,2694582,T,A,0,35.500000000,1,0,14973,334340047,35.500000000,36.000000000,1,14,1,2,UD:1V: 23 2694582
2026-04-23T09:42:36.590388441Z,2026-04-23T09:42:36.589840563Z,1,1,42394753,T,A,0,20.250000000,1,0,14192,877650503,20.250000000,20.500000000,73,22,3,2,ESM6 P5950
2026-04-23T09:43:51.498159315Z,2026-04-23T09:43:51.479254079Z,1,1,42740173,T,B,0,175.500000000,7,0,15296,877808899,174.500000000,175.500000000,52,12,5,2,ESU6 P6725
2026-04-23T09:44:33.146011033Z,2026-04-23T09:44:33.144489159Z,1,1,42377425,T,B,0,64.250000000,13,0,13287,877911668,63.750000000,64.250000000,122,50,6,1,ESU6 P5800
2026-04-23T09:44:33.185616208Z,2026-04-23T09:44:33.146189499Z,1,1,42377425,T,B,0,64.250000000,37,0,13552,877912323,63.750000000,64.250000000,122,37,6,1,ESU6 P5800
2026-04-23T09:44:44.128586316Z,2026-04-23T09:44:44.128181923Z,1,1,42377425,T,B,0,64.250000000,5,0,12573,877929165,63.750000000,64.250000000,122,5,6,1,ESU6 P5800
2026-04-23T09:46:03.143891807Z,2026-04-23T09:46:03.141800265Z,1,1,42611781,T,A,0,23.750000000,1,0,14418,878053673,23.750000000,24.000000000,1,35,1,3,ESM6 C7550
2026-04-23T09:46:59.551641135Z,2026-04-23T09:46:59.528854947Z,1,1,42740173,T,B,0,176.000000000,5,0,12754,878163242,175.000000000,176.000000000,57,12,6,2,ESU6 P6725
2026-04-23T09:47:05.766548478Z,2026-04-23T09:47:05.766028405Z,1,1,42573246,T,A,0,9.800000000,1,0,13736,878190568,9.800000000,10.000000000,1,218,1,2,ESH7 P2400
2026-04-23T09:47:48.701827079Z,2026-04-23T09:47:48.696857253Z,1,1,42366511,T,A,0,17.000000000,7,0,16602,878285953,17.000000000,17.500000000,7,72,3,5,ESM6 C7600
2026-04-23T09:47:48.710240005Z,2026-04-23T09:47:48.701779793Z,1,1,42366511,T,B,0,17.000000000,13,0,11393,878286105,16.900000000,17.000000000,22,13,1,1,ESM6 C7600
2026-04-23T09:47:54.952773324Z,2026-04-23T09:47:54.948023551Z,1,1,42366511,T,A,0,17.000000000,6,0,15298,878299559,17.000000000,17.500000000,6,72,2,5,ESM6 C7600
2026-04-23T09:47:54.960990670Z,2026-04-23T09:47:54.952776871Z,1,1,42366511,T,B,0,17.000000000,5,0,13006,878299710,16.900000000,17.000000000,159,14,2,1,ESM6 C7600
2026-04-23T09:47:54.961008966Z,2026-04-23T09:47:54.952777049Z,1,1,42366511,T,B,0,17.000000000,9,0,11516,878299712,16.900000000,17.000000000,159,9,2,1,ESM6 C7600
2026-04-23T09:48:03.315506267Z,2026-04-23T09:48:03.310730625Z,1,1,42366511,T,A,0,17.000000000,6,0,14195,878315304,17.000000000,17.500000000,6,72,2,5,ESM6 C7600
2026-04-23T09:48:03.323463255Z,2026-04-23T09:48:03.315487477Z,1,1,42366511,T,B,0,17.000000000,14,0,11151,878315454,16.900000000,17.000000000,159,14,2,1,ESM6 C7600
2026-04-23T09:48:31.421509207Z,2026-04-23T09:48:31.420163143Z,1,1,42409666,T,B,0,16.700000000,13,0,13874,878361269,16.600000000,16.700000000,9,13,2,1,ESM6 P5800
2026-04-23T09:49:36.591307699Z,2026-04-23T09:49:36.590748239Z,1,1,539869,T,A,0,130.500000000,1,0,13339,878519133,130.500000000,131.000000000,1,57,1,3,ESZ6 P6000
2026-04-23T09:50:23.155099614Z,2026-04-23T09:50:23.154603163Z,1,1,42627610,T,A,0,12.500000000,1,0,14164,878581108,12.500000000,12.600000000,9,1,2,1,ESM6 C7650
2026-04-23T09:51:33.031747078Z,2026-04-23T09:51:32.982076373Z,1,1,42394812,T,A,0,88.750000000,1,0,13250,878713520,88.750000000,89.000000000,1,13,1,2,ESM6 P6800
2026-04-23T09:53:00.003537491Z,2026-04-23T09:52:59.942482791Z,1,1,42300184,T,A,0,97.500000000,1,0,11690,878817849,97.500000000,97.750000000,1,14,1,2,ESM6 P6850
2026-04-23T09:53:41.801709225Z,2026-04-23T09:53:41.801142831Z,1,1,42598890,T,A,0,66.000000000,15,0,13725,878890728,66.000000000,66.250000000,15,13,1,2,ESU6 C7750
2026-04-23T10:00:01.084196345Z,2026-04-23T10:00:00.241579301Z,1,1,2694886,T,A,0,35.250000000,5,0,14379,334831285,35.250000000,35.750000000,5,58,1,2,UD:1V: VT 2694886
2026-04-23T10:01:26.284175583Z,2026-04-23T10:01:26.283641491Z,1,1,42566261,T,B,0,283.000000000,2,0,12899,879900679,272.000000000,283.000000000,27,2,1,1,ESZ9 C10000
2026-04-23T10:03:59.882447873Z,2026-04-23T10:03:59.681241153Z,1,1,42409666,T,B,0,16.700000000,19,0,11243,880285811,16.500000000,16.700000000,84,20,2,1,ESM6 P5800
2026-04-23T10:04:27.096659975Z,2026-04-23T10:04:27.012709011Z,1,1,2642003,T,B,0,-4.000000000,1,0,13379,335049587,-4.350000000,-4.000000000,55,56,1,1,UD:1V: GN 2642003
2026-04-23T10:05:06.714362731Z,2026-04-23T10:05:06.685784273Z,1,1,42399706,T,A,0,73.750000000,4,0,14370,880505713,73.750000000,74.000000000,5,13,1,2,ESM6 P6700
2026-04-23T10:05:06.734712943Z,2026-04-23T10:05:06.702652787Z,1,1,42399706,T,A,0,73.750000000,1,0,14204,880506190,73.750000000,74.000000000,1,13,1,2,ESM6 P6700
2026-04-23T10:08:40.827305959Z,2026-04-23T10:08:40.576156805Z,1,1,42409666,T,B,0,16.700000000,1,0,14334,880939266,16.600000000,16.700000000,88,1,3,1,ESM6 P5800
2026-04-23T10:12:27.131326807Z,2026-04-23T10:12:27.107047533Z,1,1,42366523,T,B,0,165.500000000,1,0,14399,881508113,165.000000000,165.500000000,23,1,4,1,ESM6 P7100
2026-04-23T10:12:56.990315111Z,2026-04-23T10:12:56.955585877Z,1,1,42300184,T,A,0,99.000000000,1,0,13182,881557349,99.000000000,99.250000000,1,13,1,2,ESM6 P6850
2026-04-23T10:13:27.505723145Z,2026-04-23T10:13:27.425010077Z,1,1,2597884,T,B,0,36.000000000,5,0,13040,335381991,35.750000000,36.000000000,157,5,4,1,UD:1V: VT 2597884
2026-04-23T10:13:30.175134079Z,2026-04-23T10:13:29.978664233Z,1,1,2655176,T,A,0,46.750000000,5,0,14373,335388928,46.750000000,47.000000000,5,788,1,6,UD:1V: VT 2655176
2026-04-23T10:14:37.240765791Z,2026-04-23T10:14:37.239782043Z,1,1,2640494,T,A,0,2.750000000,1,0,13982,335436636,2.750000000,3.200000000,1,17,1,2,UD:1V: GN 2640494
2026-04-23T10:16:51.997854039Z,2026-04-23T10:16:51.969043689Z,1,1,42399599,T,A,0,5.400000000,8,0,15568,882144197,5.400000000,5.500000000,8,214,1,5,ESM6 P4800
2026-04-23T10:21:24.941751777Z,2026-04-23T10:21:24.908059281Z,1,1,42836580,T,A,0,25.000000000,8,0,13831,882871928,25.000000000,25.250000000,8,259,1,6,ESM6 P6075
2026-04-23T10:23:34.714463329Z,2026-04-23T10:23:34.527709861Z,1,1,42300184,T,A,0,98.250000000,1,0,13056,883217659,98.250000000,98.500000000,1,15,1,1,ESM6 P6850
2026-04-23T10:25:19.001832614Z,2026-04-23T10:25:18.989465033Z,1,1,42394731,T,B,0,6.600000000,35,0,19789,883503830,6.500000000,6.600000000,8,35,1,3,ESM6 P5000
2026-04-23T10:25:19.021332790Z,2026-04-23T10:25:19.001836359Z,1,1,42394731,T,A,0,6.600000000,7,0,13412,883504204,6.600000000,6.700000000,15,39,1,1,ESM6 P5000
2026-04-23T10:25:19.021351911Z,2026-04-23T10:25:19.001836533Z,1,1,42394731,T,A,0,6.600000000,8,0,10327,883504206,6.600000000,6.700000000,8,39,1,1,ESM6 P5000
2026-04-23T10:25:29.487066582Z,2026-04-23T10:25:29.478445873Z,1,1,42384779,T,A,0,60.500000000,3,0,14716,883533298,60.500000000,61.000000000,22,20,3,2,ESM6 P6600
2026-04-23T10:25:33.960967203Z,2026-04-23T10:25:33.960409539Z,1,1,42378618,T,A,0,108.000000000,2,0,13305,883559061,108.000000000,108.500000000,2,92,1,9,ESM6 P6900
2026-04-23T10:25:48.258138864Z,2026-04-23T10:25:48.245838625Z,1,1,42394731,T,B,0,6.600000000,29,0,16550,883575759,6.500000000,6.600000000,8,29,1,3,ESM6 P5000
2026-04-23T10:25:48.277897803Z,2026-04-23T10:25:48.258142041Z,1,1,42394731,T,A,0,6.600000000,19,0,12956,883576137,6.600000000,6.700000000,21,39,1,1,ESM6 P5000
2026-04-23T10:25:48.277918268Z,2026-04-23T10:25:48.258142221Z,1,1,42394731,T,A,0,6.600000000,42,0,11519,883576139,6.600000000,6.700000000,2,39,1,1,ESM6 P5000
2026-04-23T10:27:31.426536041Z,2026-04-23T10:27:31.306412381Z,1,1,42397650,T,B,0,429.000000000,5,0,11589,883800671,427.000000000,429.000000000,12,5,4,1,ESU6 C7000
2026-04-23T10:27:44.723283982Z,2026-04-23T10:27:44.715672097Z,1,1,42394743,T,B,0,10.100000000,8,0,15668,883870296,10.000000000,10.100000000,39,8,3,1,ESM6 P5400
2026-04-23T10:27:44.952897103Z,2026-04-23T10:27:44.947962423Z,1,1,42394743,T,B,0,10.100000000,8,0,13916,883872542,10.000000000,10.100000000,39,8,3,1,ESM6 P5400
2026-04-23T10:27:47.738649406Z,2026-04-23T10:27:47.730382647Z,1,1,42394743,T,B,0,10.100000000,8,0,13919,883876685,10.000000000,10.100000000,39,8,3,1,ESM6 P5400
2026-04-23T10:28:00.273992835Z,2026-04-23T10:28:00.266658729Z,1,1,42853785,T,B,0,10.400000000,8,0,14901,883908880,10.300000000,10.400000000,16,8,3,1,ESM6 P5425
2026-04-23T10:28:09.381159577Z,2026-04-23T10:28:09.379211051Z,1,1,42404374,T,A,0,132.000000000,1,0,13220,883932031,132.000000000,132.500000000,1,42,1,4,ESM6 P7000
2026-04-23T10:28:43.445378550Z,2026-04-23T10:28:43.445013179Z,1,1,42404374,T,B,0,132.000000000,3,0,13277,884031172,131.500000000,132.000000000,54,3,6,1,ESM6 P7000
2026-04-23T10:30:38.820283881Z,2026-04-23T10:30:38.447380515Z,1,1,42471358,T,B,0,393.000000000,5,0,13912,884383762,391.000000000,393.000000000,5,5,1,1,ESU6 C7050
2026-04-23T10:31:21.216369599Z,2026-04-23T10:31:21.203526371Z,1,1,42458458,T,B,0,360.000000000,5,0,11902,884543385,359.000000000,360.000000000,1,8,1,2,ESU6 C7100
2026-04-23T10:31:56.936898188Z,2026-04-23T10:31:56.936502551Z,1,1,42413515,T,B,0,142.500000000,1,0,14088,884667695,142.000000000,142.500000000,45,1,5,1,ESU6 C7500
2026-04-23T10:31:56.991054649Z,2026-04-23T10:31:56.968182069Z,1,1,42413515,T,B,0,143.000000000,1,0,12790,884668302,142.000000000,143.000000000,42,1,4,1,ESU6 C7500
2026-04-23T10:32:02.350838361Z,2026-04-23T10:32:02.350292623Z,1,1,42413515,T,B,0,143.000000000,1,0,13234,884691692,142.500000000,143.000000000,10,1,2,1,ESU6 C7500
2026-04-23T10:34:26.247356686Z,2026-04-23T10:34:26.246655425Z,1,1,42760625,T,B,0,52.250000000,1,0,14011,885184071,52.000000000,52.250000000,12,1,3,1,ESM6 P6525
2026-04-23T10:35:05.756585942Z,2026-04-23T10:35:05.750304395Z,1,1,42892714,T,A,0,8.100000000,8,0,14410,885382762,8.100000000,8.200000000,8,5,1,1,ESM6 C7725
2026-04-23T10:35:21.503237797Z,2026-04-23T10:35:21.451095449Z,1,1,42399706,T,A,0,72.000000000,2,0,13076,885445147,72.000000000,72.250000000,2,37,1,3,ESM6 P6700
2026-04-23T10:36:42.644725065Z,2026-04-23T10:36:42.644209675Z,1,1,42300184,T,A,0,97.000000000,1,0,13077,885735862,97.000000000,97.500000000,1,76,1,6,ESM6 P6850
2026-04-23T10:37:09.200795438Z,2026-04-23T10:37:09.200168433Z,1,1,2642583,T,A,0,-211.000000000,10,0,13645,336396306,-211.000000000,-205.000000000,10,12,1,3,UD:1V: GN 2642583
2026-04-23T10:39:30.947391812Z,2026-04-23T10:39:30.946833437Z,1,1,42378618,T,B,0,108.000000000,1,0,15229,886216516,106.500000000,108.000000000,67,68,7,8,ESM6 P6900
2026-04-23T10:40:52.425511345Z,2026-04-23T10:40:52.420384255Z,1,1,2640393,T,A,0,2.400000000,1,0,12686,336538449,2.400000000,2.950000000,1,14,1,2,UD:1V: 12 2640393
2026-04-23T10:41:41.002700697Z,2026-04-23T10:41:41.002017103Z,1,1,2642711,T,B,0,123.500000000,1,0,13098,336567102,123.000000000,123.500000000,6,10,2,2,UD:1V: VT 2642711
2026-04-23T10:42:40.465221159Z,2026-04-23T10:42:40.449225049Z,1,1,42394731,T,B,0,6.600000000,53,0,15722,886634299,6.400000000,6.600000000,67,53,4,3,ESM6 P5000
2026-04-23T10:42:40.489833663Z,2026-04-23T10:42:40.465176535Z,1,1,42394731,T,A,0,6.600000000,34,0,11269,886634800,6.600000000,6.700000000,37,176,1,2,ESM6 P5000
2026-04-23T10:42:40.489913204Z,2026-04-23T10:42:40.465224885Z,1,1,42394731,T,A,0,6.600000000,3,0,12401,886634802,6.600000000,6.700000000,3,176,1,2,ESM6 P5000
2026-04-23T10:46:10.873018068Z,2026-04-23T10:46:10.850707683Z,1,1,2642752,T,A,0,43.750000000,1,0,15926,336703398,43.750000000,44.000000000,542,253,4,3,UD:1V: VT 2642752
2026-04-23T10:46:30.078776239Z,2026-04-23T10:46:30.078386623Z,1,1,42394812,T,A,0,88.500000000,10,0,14272,887216064,88.500000000,88.750000000,10,50,1,5,ESM6 P6800
2026-04-23T10:47:09.999251854Z,2026-04-23T10:47:09.998865263Z,1,1,42413515,T,B,0,143.500000000,1,0,12595,887335277,143.000000000,143.500000000,13,1,3,1,ESU6 C7500
2026-04-23T10:47:14.157220633Z,2026-04-23T10:47:14.156698747Z,1,1,42413515,T,B,0,143.500000000,1,0,13540,887340531,143.000000000,143.500000000,13,1,3,1,ESU6 C7500
2026-04-23T10:47:24.533567447Z,2026-04-23T10:47:24.533028023Z,1,1,42413515,T,B,0,143.500000000,1,0,14851,887359466,143.000000000,143.500000000,13,1,3,1,ESU6 C7500
2026-04-23T10:47:38.013888020Z,2026-04-23T10:47:38.013367305Z,1,1,42413515,T,B,0,143.000000000,1,0,14605,887396158,142.500000000,143.000000000,30,1,3,1,ESU6 C7500
2026-04-23T10:48:00.020777570Z,2026-04-23T10:48:00.009435307Z,1,1,42413515,T,B,0,143.000000000,1,0,13608,887451600,142.500000000,143.000000000,13,1,3,1,ESU6 C7500
2026-04-23T10:48:01.406979879Z,2026-04-23T10:48:01.406406651Z,1,1,42413515,T,A,0,142.500000000,1,0,12664,887461795,142.500000000,143.500000000,13,9,3,3,ESU6 C7500
2026-04-23T10:48:11.844501457Z,2026-04-23T10:48:11.843962893Z,1,1,42413515,T,B,0,143.000000000,1,0,13398,887479921,142.500000000,143.000000000,12,1,3,1,ESU6 C7500
2026-04-23T10:49:23.188906374Z,2026-04-23T10:49:23.181678741Z,1,1,42853784,T,B,0,9.800000000,8,0,15040,887607691,9.700000000,9.800000000,13,8,3,1,ESM6 P5375
2026-04-23T10:52:10.738424067Z,2026-04-23T10:52:10.675685629Z,1,1,42413515,T,B,0,143.500000000,1,0,13157,888037656,142.500000000,143.500000000,45,1,5,1,ESU6 C7500
2026-04-23T10:55:18.866100689Z,2026-04-23T10:55:18.639612135Z,1,1,42413515,T,B,0,144.000000000,1,0,14271,888420338,143.000000000,144.000000000,37,1,3,1,ESU6 C7500
2026-04-23T10:59:04.092607093Z,2026-04-23T10:59:04.085106209Z,1,1,42394731,T,A,0,6.400000000,11,0,13806,889116789,6.400000000,6.500000000,11,33,2,2,ESM6 P5000
2026-04-23T10:59:04.106691479Z,2026-04-23T10:59:04.092610657Z,1,1,42394731,T,B,0,6.400000000,151,0,12747,889117072,6.300000000,6.400000000,299,11,2,1,ESM6 P5000
2026-04-23T10:59:04.106714383Z,2026-04-23T10:59:04.092610837Z,1,1,42394731,T,B,0,6.400000000,8,0,11219,889117074,6.300000000,6.400000000,299,14,2,1,ESM6 P5000
2026-04-23T10:59:26.418389824Z,2026-04-23T10:59:26.411131217Z,1,1,42394731,T,A,0,6.400000000,8,0,14029,889170050,6.400000000,6.500000000,8,16,1,3,ESM6 P5000
2026-04-23T11:01:50.251447207Z,2026-04-23T11:01:50.250908969Z,1,1,42394731,T,A,0,6.300000000,52,0,13174,889633273,6.300000000,6.400000000,307,52,3,1,ESM6 P5000
2026-04-23T11:04:07.209015878Z,2026-04-23T11:04:07.208253907Z,1,1,2643386,T,A,0,10.100000000,1,0,14159,337421186,10.100000000,10.300000000,5,53,1,3,UD:1V: IC 2643386
2026-04-23T11:09:34.840087428Z,2026-04-23T11:09:34.839561665Z,1,1,42506300,T,A,0,190.000000000,1,0,13131,890733615,190.000000000,190.500000000,1,16,1,3,ESU6 C7400
2026-04-23T11:14:15.297193470Z,2026-04-23T11:14:14.778480295Z,1,1,42394812,T,B,0,87.000000000,1,0,12001,891313063,86.500000000,87.000000000,28,1,1,1,ESM6 P6800
2026-04-23T11:14:15.325287713Z,2026-04-23T11:14:14.779329025Z,1,1,42404366,T,A,0,5.200000000,2,0,13107,891313570,5.200000000,5.300000000,2,32,2,2,ESM6 C7800
2026-04-23T11:14:15.613083004Z,2026-04-23T11:14:14.988166293Z,1,1,42378592,T,B,0,49.750000000,1,0,14427,891318542,49.250000000,49.750000000,37,1,2,1,ESM6 P6500
2026-04-23T11:14:16.678502671Z,2026-04-23T11:14:15.527386695Z,1,1,42394753,T,B,0,20.250000000,1,0,12739,891337494,19.900000000,20.250000000,34,1,2,1,ESM6 P5950
2026-04-23T11:24:17.630827143Z,2026-04-23T11:24:17.473613949Z,1,1,2643999,T,A,0,22.750000000,1,0,14576,338127373,22.750000000,23.000000000,2,5,1,1,UD:1V: GN 2643999
2026-04-23T11:24:17.703048481Z,2026-04-23T11:24:17.493847011Z,1,1,2643999,T,A,0,22.750000000,1,0,14615,338127637,22.750000000,23.000000000,1,5,1,1,UD:1V: GN 2643999
2026-04-23T11:27:42.526191421Z,2026-04-23T11:27:42.525607363Z,1,1,42372979,T,B,0,94.500000000,1,0,14176,893283467,93.500000000,94.500000000,8,31,2,4,ESM6 C7300
2026-04-23T11:29:53.222812739Z,2026-04-23T11:29:53.222416637Z,1,1,42399646,T,A,0,9.400000000,2,0,13758,893715206,9.400000000,9.500000000,2,60,1,4,ESM6 C7700
2026-04-23T11:30:46.520808155Z,2026-04-23T11:30:46.517930315Z,1,1,42384779,T,B,0,60.750000000,15,0,20659,893979446,60.250000000,60.750000000,7,15,2,1,ESM6 P6600
2026-04-23T11:30:46.525609919Z,2026-04-23T11:30:46.520749567Z,1,1,42384779,T,A,0,60.750000000,10,0,11915,893979536,60.750000000,61.000000000,10,85,1,5,ESM6 P6600
2026-04-23T11:33:13.296302254Z,2026-04-23T11:33:13.293034615Z,1,1,42487843,T,B,0,182.000000000,3,0,13988,894423908,181.500000000,182.000000000,22,3,3,1,ESM6 P7150
2026-04-23T11:34:15.616199137Z,2026-04-23T11:34:15.615544019Z,1,1,42499829,T,A,0,168.000000000,3,0,25650,894662629,168.000000000,168.500000000,22,3,3,1,ESM6 C7150
2026-04-23T11:36:00.367467699Z,2026-04-23T11:36:00.355854633Z,1,1,42384779,T,B,0,61.250000000,25,0,14460,894958828,61.000000000,61.250000000,25,75,1,5,ESM6 P6600
2026-04-23T11:37:18.388696418Z,2026-04-23T11:37:17.671418145Z,1,1,42384725,T,B,0,58.000000000,1,0,11302,895303014,57.000000000,58.000000000,5,2,1,2,ESM6 C7400
2026-04-23T11:37:18.403939387Z,2026-04-23T11:37:17.674484415Z,1,1,42394633,T,A,0,3.950000000,1,0,11599,895303218,3.950000000,4.100000000,1,2,1,1,ESM6 P4500
2026-04-23T11:37:22.321061766Z,2026-04-23T11:37:21.579189169Z,1,1,42854015,T,B,0,76.500000000,5,0,12662,895367195,75.500000000,76.500000000,5,5,1,1,ESM6 P6725
2026-04-23T11:42:08.398444451Z,2026-04-23T11:42:07.989535003Z,1,1,42366511,T,B,0,17.700000000,2,0,13240,896452880,17.500000000,17.700000000,30,2,2,2,ESM6 C7600
2026-04-23T11:43:19.220164426Z,2026-04-23T11:43:19.201749033Z,1,1,42384779,T,B,0,59.250000000,75,0,13810,896850213,59.000000000,59.250000000,58,75,5,1,ESM6 P6600
2026-04-23T11:43:20.169282177Z,2026-04-23T11:43:20.046311453Z,1,1,42372969,T,A,0,271.000000000,1,0,11131,896857492,271.000000000,272.000000000,1,11,1,3,ESM6 C7000
2026-04-23T11:45:14.862219294Z,2026-04-23T11:45:14.798489573Z,1,1,42883306,T,A,0,168.000000000,1,0,13352,897294811,168.000000000,168.500000000,1,17,1,1,ESM6 P7125
2026-04-23T11:47:22.131173228Z,2026-04-23T11:47:21.900434737Z,1,1,42300184,T,A,0,93.750000000,1,0,13751,897885110,93.750000000,94.250000000,1,46,1,4,ESM6 P6850
2026-04-23T11:47:30.388958928Z,2026-04-23T11:47:29.910359913Z,1,1,42404325,T,A,0,1.800000000,1,0,13302,897968885,1.800000000,1.950000000,1,153,1,2,ESM6 P3800
2026-04-23T11:47:51.574604460Z,2026-04-23T11:47:51.208889333Z,1,1,2638966,T,B,0,27.000000000,5,0,14056,339603199,26.750000000,27.000000000,1102,5,6,1,UD:1V: VT 2638966
2026-04-23T11:48:23.566949551Z,2026-04-23T11:48:23.336313169Z,1,1,2613261,T,B,0,44.000000000,63,0,16911,339678851,43.750000000,44.000000000,47,63,2,1,UD:1V: VT 2613261
2026-04-23T11:49:12.396122430Z,2026-04-23T11:49:12.244642691Z,1,1,42378449,T,B,0,21.000000000,2,0,11064,898756281,20.750000000,21.000000000,38,2,3,2,ESM6 P6000
2026-04-23T11:50:08.838311629Z,2026-04-23T11:50:08.836463555Z,1,1,42366510,T,B,0,207.500000000,1,0,13795,898973282,206.500000000,207.500000000,41,1,5,1,ESM6 C7100
2026-04-23T11:51:00.909522559Z,2026-04-23T11:51:00.909183139Z,1,1,42760607,T,B,0,119.500000000,3,0,13271,899188528,119.000000000,119.500000000,45,3,5,1,ESM6 P6975
2026-04-23T11:51:33.962548836Z,2026-04-23T11:51:33.954757493Z,1,1,42366523,T,A,0,155.500000000,1,0,14306,899333071,155.500000000,156.500000000,1,29,1,3,ESM6 P7100
2026-04-23T11:51:34.390742721Z,2026-04-23T11:51:34.390129315Z,1,1,42372969,T,B,0,277.500000000,1,0,13739,899335298,276.000000000,277.500000000,30,1,6,1,ESM6 C7000
2026-04-23T11:51:59.203033689Z,2026-04-23T11:51:59.202495127Z,1,1,42399706,T,A,0,69.000000000,2,0,13692,899433048,69.000000000,69.500000000,15,17,2,3,ESM6 P6700
2026-04-23T11:52:02.844129887Z,2026-04-23T11:52:02.843749685Z,1,1,42394812,T,A,0,84.000000000,2,0,12939,899455412,84.000000000,84.250000000,2,7,1,2,ESM6 P6800
2026-04-23T11:52:06.576177163Z,2026-04-23T11:52:06.574129625Z,1,1,42396443,T,B,0,395.000000000,1,0,13346,899483144,392.500000000,395.000000000,8,1,3,1,ESM6 C6850
2026-04-23T11:52:31.171746787Z,2026-04-23T11:52:31.171294695Z,1,1,42399646,T,B,0,10.100000000,1,0,13848,899636641,10.000000000,10.100000000,53,1,4,1,ESM6 C7700
2026-04-23T11:52:36.958781086Z,2026-04-23T11:52:36.887521621Z,1,1,2689726,T,B,0,15.000000000,1,0,13034,340012267,14.900000000,15.000000000,45,1,2,1,UD:1V: VT 2689726
2026-04-23T11:54:07.810736486Z,2026-04-23T11:54:07.796450471Z,1,1,42404370,T,A,0,39.500000000,1,0,12417,900078521,39.500000000,40.000000000,1,67,1,5,ESM6 P6400
2026-04-23T11:54:10.059624515Z,2026-04-23T11:54:10.042464839Z,1,1,42384724,T,B,0,150.000000000,1,0,14358,900091439,149.500000000,150.000000000,22,1,2,1,ESM6 C7200
2026-04-23T11:54:14.245355553Z,2026-04-23T11:54:14.139892579Z,1,1,42871623,T,B,0,22.500000000,1,0,11797,900114953,22.250000000,22.500000000,37,1,5,1,ESM6 C7575
2026-04-23T11:54:14.280406343Z,2026-04-23T11:54:14.146222295Z,1,1,42384724,T,B,0,150.000000000,1,0,11846,900116043,149.500000000,150.000000000,37,1,4,1,ESM6 C7200
2026-04-23T11:54:31.036892715Z,2026-04-23T11:54:31.032609365Z,1,1,42394633,T,B,0,3.750000000,1,0,14164,900223684,3.650000000,3.750000000,7,1,1,1,ESM6 P4500
2026-04-23T11:54:51.214616164Z,2026-04-23T11:54:51.002470101Z,1,1,42384724,T,B,0,150.500000000,1,0,11536,900308214,149.500000000,150.500000000,63,1,5,1,ESM6 C7200
2026-04-23T11:55:58.864022345Z,2026-04-23T11:55:58.858197977Z,1,1,42435330,T,A,0,246.000000000,1,0,13614,900583357,246.000000000,246.500000000,1,9,1,3,ESM6 C7050
2026-04-23T11:56:34.353622979Z,2026-04-23T11:56:34.353093187Z,1,1,2638424,T,A,0,55.500000000,5,0,16263,340293737,55.500000000,55.750000000,5,86,1,3,UD:1V: VT 2638424
2026-04-23T11:57:21.887735671Z,2026-04-23T11:57:21.887403391Z,1,1,42310070,T,A,0,379.000000000,5,0,11390,900870404,379.000000000,380.500000000,5,9,1,1,ESZ6 C7300
2026-04-23T12:00:16.946343429Z,2026-04-23T12:00:16.940513309Z,1,1,42394733,T,B,0,8.600000000,5,0,13250,901600672,8.500000000,8.600000000,150,5,2,1,ESM6 P5300
2026-04-23T12:00:19.463072625Z,2026-04-23T12:00:19.438604521Z,1,1,2645139,T,A,0,22.500000000,18,0,14978,340540526,22.500000000,22.750000000,25,289,1,5,UD:1V: VT 2645139
2026-04-23T12:00:19.707720168Z,2026-04-23T12:00:19.651324847Z,1,1,2645139,T,A,0,22.500000000,7,0,11789,340542136,22.500000000,22.750000000,7,289,1,5,UD:1V: VT 2645139
2026-04-23T12:01:45.363733113Z,2026-04-23T12:01:45.276699617Z,1,1,42506298,T,A,0,230.000000000,5,0,13442,901939084,230.000000000,231.000000000,5,18,1,4,ESU6 P7000
2026-04-23T12:01:46.008971499Z,2026-04-23T12:01:45.704982279Z,1,1,42871623,T,B,0,23.000000000,1,0,11412,901951256,22.750000000,23.000000000,9,1,3,1,ESM6 C7575
2026-04-23T12:01:46.144162015Z,2026-04-23T12:01:45.826252847Z,1,1,42300184,T,A,0,90.000000000,1,0,14416,901954429,90.000000000,90.500000000,1,17,1,4,ESM6 P6850
2026-04-23T12:01:46.325101369Z,2026-04-23T12:01:45.951849699Z,1,1,2603883,T,A,0,-157.000000000,1,0,13953,340641568,-157.000000000,-153.000000000,1,26,1,1,UD:1V: GN 2603883
2026-04-23T12:02:38.798900777Z,2026-04-23T12:02:38.798275449Z,1,1,2644445,T,A,0,-48.500000000,11,0,14207,340709883,-48.500000000,-47.250000000,11,91,1,3,UD:1V: GN 2644445
2026-04-23T12:02:59.379989313Z,2026-04-23T12:02:59.379467191Z,1,1,42499829,T,A,0,180.500000000,2,0,14618,902223994,180.500000000,181.000000000,2,26,1,6,ESM6 C7150
2026-04-23T12:04:13.071373343Z,2026-04-23T12:04:12.910269273Z,1,1,42372969,T,A,0,281.500000000,1,0,11583,902451013,281.500000000,282.000000000,1,3,1,1,ESM6 C7000
2026-04-23T12:05:42.201870228Z,2026-04-23T12:05:42.178936087Z,1,1,42384724,T,B,0,151.000000000,1,0,14157,902773679,150.500000000,151.000000000,19,1,6,1,ESM6 C7200
2026-04-23T12:06:29.929842435Z,2026-04-23T12:06:29.898792283Z,1,1,42384724,T,B,0,152.000000000,1,0,12368,902949494,151.500000000,152.000000000,15,1,4,1,ESM6 C7200
2026-04-23T12:06:33.437719608Z,2026-04-23T12:06:32.518136793Z,1,1,42871623,T,B,0,23.250000000,1,0,13355,902986364,22.750000000,23.250000000,50,6,3,2,ESM6 C7575
2026-04-23T12:06:33.491303942Z,2026-04-23T12:06:32.530948889Z,1,1,42871623,T,B,0,23.250000000,1,0,10751,902987250,22.750000000,23.250000000,50,6,3,2,ESM6 C7575
2026-04-23T12:06:33.799319547Z,2026-04-23T12:06:32.763459745Z,1,1,42394608,T,A,0,1.950000000,1,0,13598,902991876,1.950000000,2.150000000,1,401,1,4,ESM6 P3900
2026-04-23T12:06:33.887058362Z,2026-04-23T12:06:32.922812867Z,1,1,42871623,T,B,0,23.250000000,1,0,14507,902993652,22.750000000,23.250000000,21,1,2,1,ESM6 C7575
2026-04-23T12:06:35.752557124Z,2026-04-23T12:06:34.723994347Z,1,1,42404370,T,A,0,38.250000000,1,0,12811,903026352,38.250000000,43.250000000,1,3,1,1,ESM6 P6400
2026-04-23T12:06:36.960865038Z,2026-04-23T12:06:35.593826549Z,1,1,42573247,T,A,0,16.700000000,27,0,18077,903047126,16.700000000,17.100000000,45,93,1,2,ESH7 P3000
2026-04-23T12:06:36.963859097Z,2026-04-23T12:06:35.595607447Z,1,1,42573247,T,A,0,16.700000000,1,0,13487,903047170,16.700000000,17.100000000,18,93,1,2,ESH7 P3000
2026-04-23T12:07:07.459266796Z,2026-04-23T12:07:07.453041651Z,1,1,42573247,T,A,0,16.800000000,2,0,14868,903310471,16.800000000,17.100000000,2,254,1,4,ESH7 P3000
2026-04-23T12:07:26.739493382Z,2026-04-23T12:07:26.205192155Z,1,1,42409672,T,A,0,17.300000000,5,0,13291,903457271,17.300000000,17.700000000,5,256,1,4,ESM6 P5900
2026-04-23T12:07:27.319703924Z,2026-04-23T12:07:26.749181915Z,1,1,42409666,T,A,0,15.100000000,1,0,13184,903468080,15.100000000,15.500000000,8,281,2,5,ESM6 P5800
2026-04-23T12:07:31.804034007Z,2026-04-23T12:07:31.802837591Z,1,1,42394754,T,A,0,27.250000000,2,0,17890,903531652,27.250000000,27.750000000,5,62,1,4,ESM6 P6200
2026-04-23T12:07:34.502707031Z,2026-04-23T12:07:34.498513237Z,1,1,42760624,T,A,0,92.750000000,1,0,16696,903555349,92.750000000,93.500000000,1,8,1,3,ESM6 P6875
2026-04-23T12:07:34.853675927Z,2026-04-23T12:07:34.853125521Z,1,1,42836579,T,A,0,14.600000000,6,0,12305,903558091,14.600000000,15.000000000,17,144,3,5,ESM6 P5775
2026-04-23T12:09:49.868389914Z,2026-04-23T12:09:49.615785833Z,1,1,42446245,T,A,0,134.000000000,8,0,14471,904174374,134.000000000,134.500000000,8,16,1,4,ESM6 P7050
2026-04-23T12:11:46.591376824Z,2026-04-23T12:11:46.590770267Z,1,1,2641783,T,A,0,2.400000000,1,0,17112,341529416,2.400000000,2.450000000,9,5,1,1,UD:1V: GN 2641783
2026-04-23T12:11:46.591902090Z,2026-04-23T12:11:46.591380281Z,1,1,2641783,T,A,0,2.400000000,8,0,14477,341529420,2.400000000,2.450000000,8,5,1,1,UD:1V: GN 2641783
2026-04-23T12:16:36.560039146Z,2026-04-23T12:16:36.550180171Z,1,1,2590395,T,A,0,12.400000000,5,0,14289,341919624,12.400000000,12.600000000,5,419,1,4,UD:1V: VT 2590395
2026-04-23T12:16:39.709842631Z,2026-04-23T12:16:39.709414349Z,1,1,2590395,T,A,0,12.400000000,5,0,13857,341921725,12.400000000,12.600000000,5,752,1,7,UD:1V: VT 2590395
2026-04-23T12:18:15.945715905Z,2026-04-23T12:18:15.945135769Z,1,1,2645711,T,A,0,33.500000000,1,0,14598,342004975,33.500000000,34.250000000,4,16,1,3,UD:1V: GN 2645711
2026-04-23T12:18:27.169212571Z,2026-04-23T12:18:27.061132553Z,1,1,42429362,T,A,0,204.500000000,4,0,14697,906256386,204.500000000,205.500000000,4,41,2,4,ESU6 P6900
2026-04-23T12:18:49.628086036Z,2026-04-23T12:18:49.626986381Z,1,1,2645711,T,A,0,33.750000000,1,0,14715,342051721,33.750000000,34.500000000,3,42,1,4,UD:1V: GN 2645711
2026-04-23T12:18:52.089035038Z,2026-04-23T12:18:52.088431813Z,1,1,2645711,T,A,0,33.750000000,1,0,16018,342054755,33.750000000,34.500000000,2,42,1,4,UD:1V: GN 2645711
2026-04-23T12:19:56.834775910Z,2026-04-23T12:19:56.834232429Z,1,1,42384725,T,A,0,62.250000000,2,0,12960,906524637,62.250000000,62.750000000,2,84,1,7,ESM6 C7400
2026-04-23T12:20:31.376530683Z,2026-04-23T12:20:31.375524605Z,1,1,42384725,T,B,0,61.750000000,1,0,12945,906622990,61.500000000,61.750000000,39,1,4,1,ESM6 C7400
2026-04-23T12:21:58.472180979Z,2026-04-23T12:21:58.274729665Z,1,1,2645824,T,A,0,48.000000000,3,0,12701,342215302,48.000000000,48.250000000,12,5,1,1,UD:1V: GN 2645824
2026-04-23T12:22:20.317887897Z,2026-04-23T12:22:20.315909149Z,1,1,42300184,T,A,0,91.000000000,1,0,14047,906983135,91.000000000,91.250000000,1,11,1,3,ESM6 P6850
2026-04-23T12:23:00.781196455Z,2026-04-23T12:23:00.768147559Z,1,1,2645824,T,A,0,48.000000000,1,0,14455,342277794,48.000000000,48.750000000,9,49,1,4,UD:1V: GN 2645824
2026-04-23T12:23:22.276744995Z,2026-04-23T12:23:22.276208801Z,1,1,2645824,T,A,0,48.250000000,8,0,16872,342301325,48.250000000,48.750000000,8,33,1,4,UD:1V: GN 2645824
2026-04-23T12:23:49.076020091Z,2026-04-23T12:23:49.075405011Z,1,1,2645871,T,A,0,-7.200000000,2,0,12962,342321439,-7.200000000,-6.800000000,2,39,1,3,UD:1V: GN 2645871
2026-04-23T12:25:07.480202059Z,2026-04-23T12:25:07.479803955Z,1,1,695462,T,B,0,5.400000000,1,0,13273,907468820,5.200000000,5.400000000,603,1,4,1,ESZ6 P2300
2026-04-23T12:25:12.354324424Z,2026-04-23T12:25:12.257932831Z,1,1,42394733,T,A,0,8.500000000,5,0,11571,907487543,8.500000000,8.600000000,5,60,1,4,ESM6 P5300
2026-04-23T12:25:42.697504532Z,2026-04-23T12:25:42.616102545Z,1,1,42378541,T,A,0,33.000000000,2,0,11370,907553449,33.000000000,33.250000000,2,51,1,5,ESM6 P6300
2026-04-23T12:25:53.471126730Z,2026-04-23T12:25:53.470482169Z,1,1,2645950,T,B,0,-41.500000000,2,0,15335,342429391,-43.000000000,-41.500000000,2,2,1,1,UD:1V: GN 2645950
2026-04-23T12:29:41.323304551Z,2026-04-23T12:29:41.183901989Z,1,1,42366511,T,B,0,19.100000000,1,0,11670,908098511,18.800000000,19.100000000,162,1,7,1,ESM6 C7600
2026-04-23T12:30:17.867681696Z,2026-04-23T12:30:17.866859041Z,1,1,2694886,T,B,0,38.000000000,5,0,16840,342606662,37.750000000,38.000000000,52,5,2,1,UD:1V: VT 2694886
2026-04-23T12:32:10.203857900Z,2026-04-23T12:32:10.198451423Z,1,1,2645824,T,B,0,48.500000000,69,0,17733,342702537,48.250000000,48.500000000,80,69,1,3,UD:1V: GN 2645824
2026-04-23T12:32:10.213572191Z,2026-04-23T12:32:10.203687429Z,1,1,2645824,T,A,0,48.500000000,11,0,13804,342702734,48.500000000,48.750000000,11,7,1,1,UD:1V: GN 2645824
2026-04-23T12:33:56.673207615Z,2026-04-23T12:33:56.672604743Z,1,1,2645824,T,A,0,48.500000000,3,0,13228,342793146,48.500000000,48.750000000,12,67,1,4,UD:1V: GN 2645824
2026-04-23T12:33:56.673394825Z,2026-04-23T12:33:56.672919245Z,1,1,2645824,T,A,0,48.500000000,9,0,14063,342793148,48.500000000,48.750000000,9,67,1,4,UD:1V: GN 2645824
2026-04-23T12:34:23.027516257Z,2026-04-23T12:34:22.533714487Z,1,1,42853782,T,A,0,195.000000000,25,0,11213,908903088,195.000000000,196.000000000,25,15,1,2,ESM6 C7125
2026-04-23T12:35:00.872058430Z,2026-04-23T12:35:00.871507599Z,1,1,42366511,T,A,0,18.700000000,1,0,13300,909170381,18.700000000,19.000000000,21,1,3,1,ESM6 C7600
2026-04-23T12:38:32.676457051Z,2026-04-23T12:38:32.633800417Z,1,1,42804678,T,A,0,135.500000000,7,0,11451,910099812,135.500000000,136.000000000,7,57,1,6,ESM6 C7225
2026-04-23T12:38:44.153382032Z,2026-04-23T12:38:44.152885989Z,1,1,42384724,T,A,0,149.000000000,1,0,12960,910131874,149.000000000,149.500000000,1,40,1,6,ESM6 C7200
2026-04-23T12:38:46.602743033Z,2026-04-23T12:38:46.590980655Z,1,1,42804678,T,A,0,135.000000000,12,0,14842,910153885,135.000000000,135.500000000,12,40,1,6,ESM6 C7225
2026-04-23T12:38:48.324893372Z,2026-04-23T12:38:47.733093441Z,1,1,42384724,T,A,0,148.000000000,1,0,12701,910177457,148.000000000,148.500000000,1,31,1,6,ESM6 C7200
2026-04-23T12:39:24.011573887Z,2026-04-23T12:39:24.010349333Z,1,1,42384724,T,A,0,148.500000000,2,0,13313,910335900,148.500000000,149.000000000,19,57,1,6,ESM6 C7200
2026-04-23T12:41:08.179174398Z,2026-04-23T12:41:08.178693329Z,1,1,42399646,T,A,0,10.000000000,2,0,13450,910611780,10.000000000,10.100000000,2,25,1,2,ESM6 C7700
2026-04-23T12:45:57.230836328Z,2026-04-23T12:45:56.408666073Z,1,1,2642980,T,A,0,32.000000000,20,0,14552,343620587,32.000000000,,20,0,1,0,UD:1V:C12 2642980
2026-04-23T12:45:57.464412473Z,2026-04-23T12:45:56.492398469Z,1,1,695462,T,B,0,5.500000000,1,0,12720,911372726,,5.500000000,0,1,0,1,ESZ6 P2300
2026-04-23T12:46:00.894276244Z,2026-04-23T12:46:00.639099799Z,1,1,2642980,T,A,0,32.000000000,20,0,13251,343632454,32.000000000,33.500000000,20,26,1,1,UD:1V:C12 2642980
2026-04-23T12:46:01.601888559Z,2026-04-23T12:46:00.907155353Z,1,1,42404370,T,B,0,41.000000000,1,0,12927,911422514,37.250000000,41.000000000,1,2,1,2,ESM6 P6400
2026-04-23T12:46:01.603000084Z,2026-04-23T12:46:00.907307155Z,1,1,42300184,T,B,0,95.000000000,2,0,11417,911422544,93.250000000,95.000000000,27,2,1,2,ESM6 P6850
2026-04-23T12:46:01.617913098Z,2026-04-23T12:46:00.912508623Z,1,1,42404370,T,B,0,41.000000000,1,0,12552,911423048,37.250000000,41.000000000,1,1,1,1,ESM6 P6400
2026-04-23T12:47:18.366958799Z,2026-04-23T12:47:18.366622345Z,1,1,42871623,T,A,0,22.000000000,3,0,15479,912255060,22.000000000,22.250000000,3,241,1,7,ESM6 C7575
2026-04-23T12:47:54.010773404Z,2026-04-23T12:47:53.925110463Z,1,1,2612079,T,A,0,1.850000000,1,0,14293,344028180,1.850000000,2.000000000,1,32,1,2,UD:1V: BO 2612079
2026-04-23T12:50:05.197238251Z,2026-04-23T12:50:05.195428477Z,1,1,42378449,T,B,0,21.500000000,1,0,14574,913376299,20.750000000,21.500000000,252,17,4,1,ESM6 P6000
2026-04-23T12:52:04.092066083Z,2026-04-23T12:52:04.036204743Z,1,1,42384779,T,A,0,57.500000000,5,0,13571,913940662,57.500000000,57.750000000,5,27,1,3,ESM6 P6600
2026-04-23T12:54:24.377994665Z,2026-04-23T12:54:24.358344463Z,1,1,42366523,T,B,0,156.500000000,1,0,11387,914451907,155.500000000,156.500000000,141,1,8,1,ESM6 P7100
2026-04-23T12:55:49.872225263Z,2026-04-23T12:55:49.862127843Z,1,1,42510079,T,B,0,76.750000000,1,0,13742,914706225,76.250000000,76.750000000,126,1,7,1,ESM6 C7350
2026-04-23T12:56:23.967819516Z,2026-04-23T12:56:23.966926809Z,1,1,2641178,T,A,0,27.250000000,2,0,14093,344765004,27.250000000,28.000000000,2,101,1,3,UD:1V: DB 2641178
2026-04-23T12:57:37.065064123Z,2026-04-23T12:57:37.020528743Z,1,1,42429065,T,A,0,113.500000000,1,0,13953,915068901,113.500000000,114.500000000,165,6,8,2,ESM6 P6950
2026-04-23T12:58:09.868105493Z,2026-04-23T12:58:09.804742581Z,1,1,42487843,T,A,0,174.000000000,36,0,16200,915203974,174.000000000,174.500000000,36,12,2,4,ESM6 P7150
2026-04-23T12:58:18.349111924Z,2026-04-23T12:58:18.348594417Z,1,1,2646926,T,A,0,-8.600000000,1,0,17359,344891440,-8.600000000,3.300000000,1,11,1,1,UD:1V: GN 2646926
2026-04-23T12:59:47.460946040Z,2026-04-23T12:59:47.272676965Z,1,1,42404374,T,A,0,125.500000000,4,0,16118,915524873,125.500000000,126.000000000,4,51,1,5,ESM6 P7000
2026-04-23T12:59:47.762514558Z,2026-04-23T12:59:47.500273793Z,1,1,42760626,T,B,0,108.000000000,1,0,13863,915531169,107.000000000,108.000000000,152,33,4,3,ESM6 P6925
2026-04-23T13:00:42.525146297Z,2026-04-23T13:00:42.426325309Z,1,1,42560128,T,B,0,29.750000000,16,0,11820,915766498,29.250000000,29.750000000,256,16,7,2,ESM6 C7525
2026-04-23T13:04:41.488872719Z,2026-04-23T13:04:41.488335527Z,1,1,42429065,T,B,0,113.000000000,1,0,13346,916615838,112.000000000,113.000000000,187,57,9,4,ESM6 P6950
2026-04-23T13:06:34.390014955Z,2026-04-23T13:06:34.389461847Z,1,1,42429065,T,A,0,113.000000000,1,0,12137,916982301,113.000000000,113.500000000,1,158,1,8,ESM6 P6950
2026-04-23T13:07:46.826539294Z,2026-04-23T13:07:46.826006491Z,1,1,42413515,T,A,0,148.000000000,2,0,14749,917188144,148.000000000,148.500000000,11,2,3,1,ESU6 C7500
2026-04-23T13:09:13.528942347Z,2026-04-23T13:09:13.470503833Z,1,1,42300184,T,A,0,92.250000000,1,0,11442,917452169,92.250000000,92.500000000,1,19,1,2,ESM6 P6850
2026-04-23T13:09:37.700948868Z,2026-04-23T13:09:37.684778557Z,1,1,42487843,T,B,0,173.000000000,10,0,15299,917537564,172.000000000,173.000000000,77,11,6,3,ESM6 P7150
2026-04-23T13:11:25.983468563Z,2026-04-23T13:11:25.982908743Z,1,1,42760624,T,A,0,97.000000000,1,0,12533,917848480,97.000000000,97.250000000,1,11,1,3,ESM6 P6875
2026-04-23T13:11:44.933914241Z,2026-04-23T13:11:44.933395025Z,1,1,42804682,T,B,0,79.500000000,3,0,14147,917887283,79.250000000,79.500000000,113,3,7,1,ESM6 P6775
2026-04-23T13:12:18.619645259Z,2026-04-23T13:12:18.619110549Z,1,1,42854015,T,A,0,72.500000000,1,0,13488,917981895,72.500000000,72.750000000,1,79,1,4,ESM6 P6725
2026-04-23T13:12:32.265807163Z,2026-04-23T13:12:32.264845597Z,1,1,42854015,T,A,0,72.500000000,1,0,14813,918023252,72.500000000,72.750000000,1,82,1,5,ESM6 P6725
2026-04-23T13:14:44.509900460Z,2026-04-23T13:14:44.154937173Z,1,1,42372979,T,A,0,96.250000000,136,0,11249,918416582,96.250000000,97.000000000,182,10,3,2,ESM6 C7300
2026-04-23T13:14:44.628233327Z,2026-04-23T13:14:44.154950487Z,1,1,2638486,T,B,0,72.000000000,75,0,12309,345811783,71.250000000,72.000000000,75,75,1,1,UD:1V: VT 2638486
2026-04-23T13:14:44.644449257Z,2026-04-23T13:14:44.154963155Z,1,1,2560584,T,B,0,45.500000000,5,0,12757,345812087,44.750000000,45.500000000,5,5,1,1,UD:1V: VT 2560584
2026-04-23T13:14:44.891859951Z,2026-04-23T13:14:44.157766447Z,1,1,42372979,T,A,0,96.250000000,14,0,12804,918421068,96.250000000,97.000000000,14,21,1,1,ESM6 C7300
2026-04-23T13:14:44.892121038Z,2026-04-23T13:14:44.157766625Z,1,1,42404374,T,B,0,126.500000000,4,0,12995,918421070,125.500000000,126.500000000,21,4,1,1,ESM6 P7000
2026-04-23T13:14:45.115338097Z,2026-04-23T13:14:44.171916489Z,1,1,42506298,T,B,0,235.000000000,5,0,13911,918422710,,235.000000000,0,5,0,1,ESU6 P7000
2026-04-23T13:14:45.160144902Z,2026-04-23T13:14:44.180526131Z,1,1,42300184,T,B,0,94.000000000,1,0,14250,918423035,91.750000000,94.000000000,122,2,2,2,ESM6 P6850
2026-04-23T13:14:45.494566983Z,2026-04-23T13:14:44.306398951Z,1,1,2642980,T,A,0,32.000000000,20,0,16600,345815225,32.000000000,,20,0,1,0,UD:1V:C12 2642980
2026-04-23T13:14:46.343063004Z,2026-04-23T13:14:44.955963331Z,1,1,42300184,T,B,0,94.000000000,1,0,13675,918439621,93.500000000,94.000000000,27,1,1,1,ESM6 P6850
2026-04-23T13:17:34.725069350Z,2026-04-23T13:17:34.355082475Z,1,1,2647870,T,A,0,8.400000000,1,0,14246,346210337,8.400000000,8.600000000,1,15,1,2,UD:1V: VT 2647870
2026-04-23T13:19:52.620622310Z,2026-04-23T13:19:52.442259835Z,1,1,42510079,T,B,0,76.500000000,35,0,11389,919840103,75.750000000,76.500000000,78,51,4,1,ESM6 C7350
2026-04-23T13:21:37.161273057Z,2026-04-23T13:21:37.156929761Z,1,1,2645139,T,A,0,22.750000000,25,0,12977,346479282,22.750000000,23.000000000,25,290,1,5,UD:1V: VT 2645139
2026-04-23T13:22:40.188371759Z,2026-04-23T13:22:40.173162775Z,1,1,42404374,T,A,0,125.000000000,1,0,16530,920433078,125.000000000,126.000000000,1,188,1,10,ESM6 P7000
2026-04-23T13:22:40.221844715Z,2026-04-23T13:22:40.188339401Z,1,1,42404374,T,B,0,125.000000000,4,0,11180,920433692,124.500000000,125.000000000,72,4,5,1,ESM6 P7000
2026-04-23T13:23:15.130728942Z,2026-04-23T13:23:15.126777573Z,1,1,42300184,T,B,0,92.500000000,1,0,12983,920537666,92.250000000,92.500000000,1,1,1,1,ESM6 P6850
2026-04-23T13:25:00.312603500Z,2026-04-23T13:25:00.051110849Z,1,1,42399646,T,A,0,9.700000000,1,0,12790,920818370,9.700000000,9.900000000,1,62,1,3,ESM6 C7700
2026-04-23T13:26:55.403389633Z,2026-04-23T13:26:55.278112589Z,1,1,42384779,T,B,0,58.000000000,45,0,13983,921196783,57.500000000,58.000000000,88,150,7,1,ESM6 P6600
2026-04-23T13:27:02.489788801Z,2026-04-23T13:27:02.456633087Z,1,1,42384779,T,B,0,58.000000000,34,0,14328,921226341,57.750000000,58.000000000,54,105,4,1,ESM6 P6600
2026-04-23T13:27:02.543344178Z,2026-04-23T13:27:02.456637087Z,1,1,42384779,T,B,0,58.000000000,3,0,13658,921227213,57.750000000,58.000000000,54,71,4,1,ESM6 P6600
2026-04-23T13:27:02.547225179Z,2026-04-23T13:27:02.456682223Z,1,1,42384779,T,B,0,58.000000000,2,0,11109,921227313,57.750000000,58.000000000,54,68,4,1,ESM6 P6600
2026-04-23T13:27:02.547929627Z,2026-04-23T13:27:02.456693501Z,1,1,42384779,T,B,0,58.000000000,6,0,12560,921227337,57.750000000,58.000000000,54,66,4,1,ESM6 P6600
2026-04-23T13:27:02.555338214Z,2026-04-23T13:27:02.456810115Z,1,1,42384779,T,B,0,58.000000000,3,0,11486,921227595,57.750000000,58.000000000,54,60,4,1,ESM6 P6600
2026-04-23T13:27:02.584849836Z,2026-04-23T13:27:02.457212077Z,1,1,42384779,T,B,0,58.000000000,57,0,13682,921228232,57.750000000,58.000000000,87,57,5,1,ESM6 P6600
2026-04-23T13:27:25.939606028Z,2026-04-23T13:27:25.939069421Z,1,1,2501443,T,B,0,49.000000000,5,0,14069,346770007,48.750000000,49.000000000,187,5,6,1,UD:1V: VT 2501443
2026-04-23T13:27:53.626516011Z,2026-04-23T13:27:53.625927181Z,1,1,2503866,T,A,0,149.000000000,1,0,13989,346811418,149.000000000,152.000000000,1,45,1,2,UD:1V: VT 2503866
2026-04-23T13:28:01.424538630Z,2026-04-23T13:28:00.109846155Z,1,1,42300184,T,A,0,93.500000000,4,0,12925,921527558,93.500000000,94.250000000,120,86,1,2,ESM6 P6850
2026-04-23T13:28:01.571698737Z,2026-04-23T13:28:00.490358733Z,1,1,42300184,T,A,0,93.500000000,116,0,12920,921530672,93.500000000,93.750000000,116,2,1,1,ESM6 P6850
2026-04-23T13:28:11.647488171Z,2026-04-23T13:28:11.508455581Z,1,1,42366523,T,B,0,157.000000000,6,0,12959,921675937,156.000000000,157.000000000,7,6,2,2,ESM6 P7100
2026-04-23T13:28:14.830122570Z,2026-04-23T13:28:14.829375423Z,1,1,2648464,T,A,0,132.500000000,1,0,13440,346894137,132.500000000,133.000000000,50,52,1,4,UD:1V: GN 2648464
2026-04-23T13:28:50.040839743Z,2026-04-23T13:28:50.040414247Z,1,1,42413515,T,B,0,147.000000000,2,0,14475,921908028,146.500000000,147.000000000,38,2,4,1,ESU6 C7500
2026-04-23T13:28:54.960367543Z,2026-04-23T13:28:54.959794923Z,1,1,2645178,T,B,0,29.750000000,2,0,13518,346952584,29.500000000,29.750000000,427,5,6,1,UD:1V: VT 2645178
2026-04-23T13:28:54.960560379Z,2026-04-23T13:28:54.959808073Z,1,1,2648469,T,A,0,82.000000000,2,0,13395,346952586,82.000000000,82.500000000,50,46,1,2,UD:1V: GN 2648469
2026-04-23T13:28:58.279961220Z,2026-04-23T13:28:58.279594683Z,1,1,42413515,T,B,0,147.000000000,2,0,16871,921927776,146.500000000,147.000000000,54,2,4,1,ESU6 C7500
2026-04-23T13:30:00.149390421Z,2026-04-23T13:30:00.015075387Z,1,1,42760624,T,B,0,97.750000000,1,0,14857,922257984,96.750000000,97.750000000,30,104,3,5,ESM6 P6875
2026-04-23T13:30:00.294214022Z,2026-04-23T13:30:00.047584493Z,1,1,2648464,T,A,0,132.500000000,33,0,14900,347065558,132.500000000,133.000000000,49,6,1,2,UD:1V: GN 2648464
2026-04-23T13:30:00.294214022Z,2026-04-23T13:30:00.047584669Z,1,1,2648466,T,A,0,126.000000000,36,0,14900,347065558,126.000000000,126.500000000,50,6,1,2,UD:1V: GN 2648466
2026-04-23T13:30:00.382582649Z,2026-04-23T13:30:00.048597005Z,1,1,2648464,T,A,0,132.500000000,1,0,12933,347066462,132.500000000,133.000000000,16,6,1,2,UD:1V: GN 2648464
2026-04-23T13:30:00.382604844Z,2026-04-23T13:30:00.048597361Z,1,1,2648466,T,A,0,126.000000000,2,0,11345,347066464,126.000000000,126.500000000,14,6,1,2,UD:1V: GN 2648466
2026-04-23T13:30:00.387263500Z,2026-04-23T13:30:00.048796997Z,1,1,2648464,T,A,0,132.500000000,2,0,14270,347066583,132.500000000,133.000000000,15,6,1,2,UD:1V: GN 2648464
2026-04-23T13:30:00.387263500Z,2026-04-23T13:30:00.048797931Z,1,1,2648466,T,A,0,126.000000000,3,0,14270,347066583,126.000000000,126.500000000,12,6,1,2,UD:1V: GN 2648466
2026-04-23T13:30:00.394323587Z,2026-04-23T13:30:00.048597535Z,1,1,42783706,T,B,0,231.500000000,5,0,11399,922263256,230.000000000,231.500000000,5,5,1,1,ESM6 P7275
2026-04-23T13:30:00.394920542Z,2026-04-23T13:30:00.048598601Z,1,1,42804683,T,B,0,206.500000000,5,0,11371,922263273,204.500000000,206.500000000,5,5,1,1,ESM6 P7225
2026-04-23T13:30:00.420736019Z,2026-04-23T13:30:00.050810279Z,1,1,2648464,T,A,0,132.500000000,2,0,13058,347066717,132.500000000,133.000000000,13,6,1,2,UD:1V: GN 2648464
2026-04-23T13:30:00.421007166Z,2026-04-23T13:30:00.050810459Z,1,1,2648466,T,A,0,126.000000000,2,0,14262,347066719,126.000000000,126.500000000,9,6,1,2,UD:1V: GN 2648466
2026-04-23T13:30:00.539882748Z,2026-04-23T13:30:00.075750001Z,1,1,2648464,T,A,0,132.500000000,2,0,20261,347067392,132.500000000,133.000000000,11,5,1,1,UD:1V: GN 2648464
2026-04-23T13:30:00.540162350Z,2026-04-23T13:30:00.075750355Z,1,1,2648466,T,A,0,126.000000000,3,0,12787,347067394,126.000000000,126.500000000,7,5,1,1,UD:1V: GN 2648466
2026-04-23T13:30:00.695262918Z,2026-04-23T13:30:00.161235361Z,1,1,2648464,T,A,0,132.500000000,1,0,13682,347068063,132.500000000,133.000000000,9,5,1,1,UD:1V: GN 2648464
2026-04-23T13:30:00.695490964Z,2026-04-23T13:30:00.161235537Z,1,1,2648466,T,A,0,126.000000000,2,0,12227,347068065,126.000000000,126.500000000,4,5,1,1,UD:1V: GN 2648466
2026-04-23T13:30:00.729019254Z,2026-04-23T13:30:00.166660601Z,1,1,2648464,T,A,0,132.500000000,1,0,14684,347068194,132.500000000,133.000000000,8,5,1,1,UD:1V: GN 2648464
2026-04-23T13:30:00.812593926Z,2026-04-23T13:30:00.237952857Z,1,1,2648464,T,A,0,132.500000000,1,0,10546,347068769,132.500000000,133.000000000,7,5,1,1,UD:1V: GN 2648464
2026-04-23T13:30:00.812805940Z,2026-04-23T13:30:00.237953031Z,1,1,2648466,T,A,0,126.000000000,2,0,13620,347068771,126.000000000,126.500000000,2,5,1,1,UD:1V: GN 2648466
2026-04-23T13:30:00.813505955Z,2026-04-23T13:30:00.237966705Z,1,1,2648469,T,A,0,82.000000000,5,0,11782,347068774,82.000000000,82.500000000,48,48,1,1,UD:1V: GN 2648469
2026-04-23T13:30:00.915504353Z,2026-04-23T13:30:00.285596543Z,1,1,2648469,T,A,0,82.000000000,5,0,13961,347069493,82.000000000,82.500000000,43,48,1,1,UD:1V: GN 2648469
2026-04-23T13:30:00.915749678Z,2026-04-23T13:30:00.285596721Z,1,1,2648464,T,A,0,132.500000000,6,0,14370,347069495,132.500000000,133.000000000,6,5,1,1,UD:1V: GN 2648464
2026-04-23T13:30:01.833788796Z,2026-04-23T13:30:01.098861911Z,1,1,42413515,T,B,0,148.000000000,2,0,13812,922289011,147.000000000,148.000000000,22,2,1,1,ESU6 C7500
2026-04-23T13:30:14.477442356Z,2026-04-23T13:30:14.468673981Z,1,1,2648469,T,A,0,82.000000000,28,0,13501,347186845,82.000000000,82.500000000,38,95,1,1,UD:1V: GN 2648469
2026-04-23T13:30:14.491552487Z,2026-04-23T13:30:14.477703923Z,1,1,2648469,T,A,0,82.000000000,10,0,13974,347186944,82.000000000,82.500000000,10,95,1,1,UD:1V: GN 2648469
2026-04-23T13:30:17.965415628Z,2026-04-23T13:30:17.286363017Z,1,1,42404374,T,B,0,126.000000000,5,0,11945,922568651,125.000000000,126.000000000,54,5,6,1,ESM6 P7000
2026-04-23T13:30:39.630966803Z,2026-04-23T13:30:39.617997487Z,1,1,42506288,T,B,0,101.000000000,16,0,17241,922918393,100.500000000,101.000000000,188,16,4,1,ESU6 P6250
2026-04-23T13:30:41.495880323Z,2026-04-23T13:30:41.225961061Z,1,1,42854015,T,B,0,72.250000000,5,0,15569,922946175,71.500000000,72.250000000,195,5,7,1,ESM6 P6725
2026-04-23T13:31:00.718561304Z,2026-04-23T13:31:00.617771885Z,1,1,42429362,T,A,0,207.000000000,4,0,11590,923191218,207.000000000,207.500000000,4,39,2,2,ESU6 P6900
2026-04-23T13:31:06.405530609Z,2026-04-23T13:31:06.019112985Z,1,1,42499829,T,A,0,177.000000000,5,0,11441,923297611,177.000000000,178.000000000,5,9,1,2,ESM6 C7150
2026-04-23T13:31:07.937523463Z,2026-04-23T13:31:07.595948841Z,1,1,42446245,T,A,0,137.500000000,1,0,16946,923325631,137.500000000,138.500000000,1,9,1,4,ESM6 P7050
2026-04-23T13:31:10.144887639Z,2026-04-23T13:31:10.128298107Z,1,1,42499829,T,A,0,177.000000000,3,0,17018,923366647,177.000000000,178.000000000,5,39,1,6,ESM6 C7150
2026-04-23T13:31:11.745329361Z,2026-04-23T13:31:11.730439397Z,1,1,42439351,T,B,0,132.500000000,9,0,18003,923388349,131.500000000,132.500000000,133,9,5,1,ESU6 P6500
2026-04-23T13:31:12.259630806Z,2026-04-23T13:31:12.259073161Z,1,1,42300184,T,A,0,91.000000000,1,0,13860,923397180,91.000000000,91.500000000,80,39,2,4,ESM6 P6850
2026-04-23T13:31:18.622090531Z,2026-04-23T13:31:18.271132709Z,1,1,42413515,T,B,0,149.000000000,2,0,14320,923496346,148.500000000,149.000000000,50,2,4,1,ESU6 C7500
2026-04-23T13:31:24.134442180Z,2026-04-23T13:31:24.088615263Z,1,1,42760607,T,A,0,117.000000000,1,0,12779,923586576,117.000000000,117.500000000,5,34,1,4,ESM6 P6975
2026-04-23T13:31:25.541685497Z,2026-04-23T13:31:25.493512499Z,1,1,42378541,T,B,0,33.250000000,5,0,13197,923607182,32.750000000,33.250000000,275,5,8,1,ESM6 P6300
2026-04-23T13:31:32.071475990Z,2026-04-23T13:31:31.608178669Z,1,1,42378541,T,B,0,33.250000000,14,0,15465,923707292,32.750000000,33.250000000,237,17,7,2,ESM6 P6300
2026-04-23T13:31:32.953188347Z,2026-04-23T13:31:32.444261609Z,1,1,42378618,T,B,0,101.000000000,1,0,16919,923720401,100.500000000,101.000000000,5,1,1,1,ESM6 P6900
2026-04-23T13:31:43.276079302Z,2026-04-23T13:31:43.247140893Z,1,1,42760606,T,B,0,59.250000000,7,0,19326,923868296,58.750000000,59.250000000,172,7,7,2,ESM6 P6625
2026-04-23T13:31:43.846245580Z,2026-04-23T13:31:43.721658231Z,1,1,42332439,T,A,0,437.000000000,3,0,11496,923879873,437.000000000,439.000000000,3,69,1,4,ESZ6 C7200
2026-04-23T13:31:47.020997230Z,2026-04-23T13:31:46.977663505Z,1,1,42372979,T,A,0,97.500000000,1,0,16614,923930230,97.500000000,98.000000000,5,39,1,6,ESM6 C7300
2026-04-23T13:31:56.097886159Z,2026-04-23T13:31:56.071119153Z,1,1,42760625,T,B,0,49.500000000,7,0,16805,924047566,49.000000000,49.500000000,210,7,8,2,ESM6 P6525
2026-04-23T13:32:00.737380923Z,2026-04-23T13:32:00.708397257Z,1,1,42378592,T,B,0,47.250000000,7,0,14625,924109991,46.750000000,47.250000000,198,7,7,2,ESM6 P6500
2026-04-23T13:32:21.090478376Z,2026-04-23T13:32:21.036690687Z,1,1,42394804,T,B,0,51.500000000,7,0,15725,924393391,51.000000000,51.500000000,79,7,7,2,ESM6 P6550
2026-04-23T13:32:24.739375709Z,2026-04-23T13:32:24.619994061Z,1,1,42853804,T,B,0,65.000000000,5,0,12541,924449139,64.500000000,65.000000000,33,5,7,1,ESM6 P6675
2026-04-23T13:32:25.064398735Z,2026-04-23T13:32:24.920965709Z,1,1,42760606,T,B,0,59.250000000,2,0,15767,924455072,58.750000000,59.250000000,50,2,6,1,ESM6 P6625
2026-04-23T13:32:25.489694798Z,2026-04-23T13:32:25.326333303Z,1,1,2503866,T,B,0,145.000000000,1,0,14330,348052128,142.500000000,145.000000000,73,1,3,1,UD:1V: VT 2503866
2026-04-23T13:32:36.284062118Z,2026-04-23T13:32:36.251448653Z,1,1,42378346,T,B,0,35.000000000,1,0,15538,924624089,34.250000000,35.000000000,220,163,8,8,ESM6 C7500
2026-04-23T13:32:46.997429866Z,2026-04-23T13:32:46.996676889Z,1,1,42366523,T,A,0,153.000000000,1,0,14096,924755059,153.000000000,153.500000000,1,45,1,6,ESM6 P7100
2026-04-23T13:32:51.303563804Z,2026-04-23T13:32:51.297624447Z,1,1,2646170,T,B,0,31.750000000,66,0,13446,348197152,31.500000000,31.750000000,273,66,5,1,UD:1V: VT 2646170
2026-04-23T13:33:18.318214553Z,2026-04-23T13:33:18.310663191Z,1,1,42404374,T,A,0,123.500000000,4,0,12999,925060627,123.500000000,124.000000000,4,87,1,8,ESM6 P7000
2026-04-23T13:33:28.298323926Z,2026-04-23T13:33:28.209630683Z,1,1,42404374,T,B,0,124.000000000,4,0,11562,925180978,123.500000000,124.000000000,53,4,5,1,ESM6 P7000
2026-04-23T13:33:28.440880183Z,2026-04-23T13:33:28.228254251Z,1,1,42366515,T,B,0,36.250000000,5,0,17342,925183638,35.750000000,36.250000000,178,5,7,1,ESM6 P6350
2026-04-23T13:34:22.494203030Z,2026-04-23T13:34:22.235583689Z,1,1,42378592,T,B,0,47.500000000,5,0,13278,925853381,47.000000000,47.500000000,232,5,9,1,ESM6 P6500
2026-04-23T13:34:52.294549025Z,2026-04-23T13:34:52.216604047Z,1,1,42760606,T,B,0,60.000000000,5,0,15727,926200118,59.500000000,60.000000000,141,7,9,2,ESM6 P6625
2026-04-23T13:34:52.312357156Z,2026-04-23T13:34:52.216800793Z,1,1,42760606,T,B,0,60.000000000,2,0,12715,926200539,59.500000000,60.000000000,141,2,9,1,ESM6 P6625
2026-04-23T13:34:56.065476775Z,2026-04-23T13:34:56.064813087Z,1,1,2647314,T,B,0,246.000000000,10,0,12906,348813443,245.500000000,246.000000000,140,10,4,1,UD:1V: IB 2647314
2026-04-23T13:35:11.360923407Z,2026-04-23T13:35:10.896804359Z,1,1,42426302,T,B,0,315.500000000,1,0,19912,926452560,314.500000000,315.500000000,27,1,4,1,ESM6 C6950
2026-04-23T13:35:11.362707046Z,2026-04-23T13:35:10.896804713Z,1,1,42372969,T,B,0,278.000000000,1,0,17453,926452603,277.000000000,278.000000000,32,1,4,1,ESM6 C7000
2026-04-23T13:35:14.880443174Z,2026-04-23T13:35:14.284431595Z,1,1,42883177,T,B,0,109.500000000,5,0,12474,926507626,109.000000000,109.500000000,5,5,1,1,ESM6 C7275
2026-04-23T13:35:18.888697047Z,2026-04-23T13:35:18.787461611Z,1,1,42867406,T,B,0,53.250000000,2,0,15865,926565810,52.750000000,53.250000000,129,2,8,1,ESM6 C7425
2026-04-23T13:35:21.539443196Z,2026-04-23T13:35:21.459231491Z,1,1,42919949,T,B,0,87.250000000,13,0,14420,926601611,86.750000000,87.250000000,94,13,6,3,ESM6 P6825
2026-04-23T13:35:22.290214762Z,2026-04-23T13:35:22.239315361Z,1,1,42404374,T,B,0,124.500000000,8,0,17238,926610896,123.500000000,124.500000000,183,8,9,3,ESM6 P7000
2026-04-23T13:35:25.424377281Z,2026-04-23T13:35:25.263434035Z,1,1,42300184,T,B,0,91.750000000,5,0,11337,926648612,91.250000000,91.750000000,83,5,8,1,ESM6 P6850
2026-04-23T13:35:25.429853547Z,2026-04-23T13:35:25.263434391Z,1,1,42378618,T,B,0,101.500000000,21,0,15537,926648679,101.000000000,101.500000000,27,48,3,3,ESM6 P6900
2026-04-23T13:35:25.636946995Z,2026-04-23T13:35:25.310943421Z,1,1,42378618,T,B,0,101.500000000,2,0,15900,926651166,101.000000000,101.500000000,58,2,5,1,ESM6 P6900
2026-04-23T13:35:40.641792273Z,2026-04-23T13:35:40.624348095Z,1,1,42760624,T,B,0,96.250000000,7,0,16262,926838915,95.750000000,96.250000000,125,7,7,2,ESM6 P6875
2026-04-23T13:35:42.075137187Z,2026-04-23T13:35:41.837356555Z,1,1,42919950,T,B,0,146.000000000,5,0,16759,926854415,145.500000000,146.000000000,18,5,1,1,ESM6 P7075
2026-04-23T13:35:42.079750305Z,2026-04-23T13:35:41.837357061Z,1,1,42760606,T,B,0,59.500000000,5,0,13084,926854498,59.000000000,59.500000000,143,5,7,1,ESM6 P6625
2026-04-23T13:35:52.642417862Z,2026-04-23T13:35:52.421875449Z,1,1,42465600,T,A,0,407.000000000,6,0,18980,926997971,407.000000000,409.000000000,6,24,2,4,ESU6 P7450
2026-04-23T13:35:52.672279696Z,2026-04-23T13:35:52.421951665Z,1,1,42320750,T,A,0,357.000000000,1,0,11716,926998593,357.000000000,358.500000000,11,37,2,4,ESU6 P7350
2026-04-23T13:35:52.673696448Z,2026-04-23T13:35:52.421966101Z,1,1,42320750,T,A,0,357.000000000,5,0,11534,926998634,357.000000000,358.500000000,5,31,1,3,ESU6 P7350
2026-04-23T13:36:14.451126487Z,2026-04-23T13:36:14.309154247Z,1,1,42384725,T,A,0,60.500000000,1,0,14121,927245326,60.500000000,60.750000000,1,49,1,7,ESM6 C7400
2026-04-23T13:36:21.100650049Z,2026-04-23T13:36:20.999782725Z,1,1,42465600,T,A,0,406.500000000,6,0,16097,927324785,406.500000000,408.000000000,6,7,2,2,ESU6 P7450
2026-04-23T13:36:23.039364129Z,2026-04-23T13:36:22.414382571Z,1,1,42413476,T,A,0,118.000000000,2,0,14422,927357878,118.000000000,118.500000000,5,17,1,2,ESU6 P6400
2026-04-23T13:36:23.089443108Z,2026-04-23T13:36:22.444878827Z,1,1,42465600,T,A,0,406.000000000,1,0,15576,927358553,406.000000000,407.500000000,1,6,1,3,ESU6 P7450
2026-04-23T13:36:43.201318607Z,2026-04-23T13:36:43.171354533Z,1,1,42413475,T,A,0,111.500000000,1,0,14482,927581087,111.500000000,112.000000000,77,19,3,3,ESU6 P6350
2026-04-23T13:36:43.434239470Z,2026-04-23T13:36:43.213215019Z,1,1,42397651,T,A,0,379.500000000,1,0,18164,927584392,379.500000000,381.000000000,1,51,1,4,ESU6 P7400
2026-04-23T13:36:43.470734179Z,2026-04-23T13:36:43.213242715Z,1,1,42439350,T,A,0,105.500000000,1,0,11509,927585039,105.500000000,106.000000000,75,20,2,3,ESU6 P6300
2026-04-23T13:36:56.394353381Z,2026-04-23T13:36:56.364447417Z,1,1,42413475,T,A,0,111.500000000,1,0,14854,927744566,111.500000000,112.000000000,147,19,3,3,ESU6 P6350
2026-04-23T13:36:58.532217001Z,2026-04-23T13:36:58.531688831Z,1,1,42487843,T,B,0,171.000000000,2,0,13332,927758223,170.000000000,171.000000000,115,9,7,3,ESM6 P7150
2026-04-23T13:37:00.618064580Z,2026-04-23T13:37:00.466167353Z,1,1,42404374,T,B,0,123.500000000,2,0,14529,927780424,123.000000000,123.500000000,44,2,6,1,ESM6 P7000
2026-04-23T13:37:04.472876781Z,2026-04-23T13:37:04.286578257Z,1,1,42760624,T,B,0,95.750000000,2,0,13875,927824100,95.500000000,95.750000000,6,2,1,1,ESM6 P6875
2026-04-23T13:37:21.646701107Z,2026-04-23T13:37:21.563351905Z,1,1,42413475,T,A,0,111.500000000,1,0,11286,927984213,111.500000000,112.000000000,134,15,3,2,ESU6 P6350
2026-04-23T13:37:33.276709275Z,2026-04-23T13:37:33.246720047Z,1,1,42413475,T,A,0,111.500000000,1,0,12227,928111249,111.500000000,112.000000000,134,19,3,3,ESU6 P6350
2026-04-23T13:37:33.562588087Z,2026-04-23T13:37:33.454805081Z,1,1,42506302,T,A,0,433.500000000,6,0,19158,928116983,433.500000000,435.000000000,6,19,2,3,ESU6 P7500
2026-04-23T13:37:38.685933260Z,2026-04-23T13:37:38.685578657Z,1,1,42472879,T,A,0,260.500000000,3,0,14094,928157863,260.500000000,261.000000000,3,39,1,6,ESU6 P7100
2026-04-23T13:38:03.226141950Z,2026-04-23T13:38:03.225564243Z,1,1,2694638,T,A,0,2.700000000,1,0,14346,349738801,2.700000000,2.800000000,1,761,1,6,UD:1V: BO 2694638
2026-04-23T13:38:04.502405722Z,2026-04-23T13:38:04.432984961Z,1,1,2648920,T,A,0,-0.400000000,1,0,13160,349743369,-0.400000000,-0.350000000,1,4453,1,6,UD:1V: GN 2648920
2026-04-23T13:38:18.435992390Z,2026-04-23T13:38:18.120416851Z,1,1,42378450,T,B,0,26.000000000,1,0,15101,928519530,25.750000000,26.000000000,116,1,6,1,ESM6 P6150
2026-04-23T13:38:19.587023143Z,2026-04-23T13:38:19.463620297Z,1,1,42465600,T,A,0,407.000000000,1,0,16401,928542292,407.000000000,408.000000000,1,3,1,1,ESU6 P7450
2026-04-23T13:38:19.644958218Z,2026-04-23T13:38:19.465916773Z,1,1,42397651,T,A,0,381.000000000,1,0,13482,928543594,381.000000000,382.000000000,5,8,1,2,ESU6 P7400
2026-04-23T13:38:19.645310291Z,2026-04-23T13:38:19.465917637Z,1,1,42397651,T,A,0,381.000000000,4,0,14260,928543596,381.000000000,382.000000000,4,8,1,2,ESU6 P7400
2026-04-23T13:38:25.008233322Z,2026-04-23T13:38:25.007824833Z,1,1,42394812,T,A,0,82.750000000,1,0,12522,928600164,82.750000000,83.000000000,1,152,1,9,ESM6 P6800
2026-04-23T13:38:26.497059332Z,2026-04-23T13:38:26.276727857Z,1,1,42465600,T,A,0,406.000000000,5,0,11720,928614041,406.000000000,407.500000000,5,1,1,1,ESU6 P7450
2026-04-23T13:38:26.497672473Z,2026-04-23T13:38:26.276729599Z,1,1,42416106,T,B,0,46.750000000,2,0,11885,928614057,46.500000000,46.750000000,14,2,3,1,ESM6 C7450
2026-04-23T13:38:26.593445245Z,2026-04-23T13:38:26.285132551Z,1,1,2694634,T,A,0,1.700000000,1,0,11714,349846359,1.700000000,1.800000000,1,573,1,5,UD:1V: BO 2694634
2026-04-23T13:38:32.360984390Z,2026-04-23T13:38:32.360605467Z,1,1,42572477,T,B,0,7.200000000,2,0,15471,928676515,7.100000000,7.200000000,155,2,7,1,ESM6 C7750
2026-04-23T13:38:45.732723704Z,2026-04-23T13:38:45.575112993Z,1,1,42465600,T,A,0,406.000000000,5,0,11140,928786694,406.000000000,407.500000000,5,24,1,4,ESU6 P7450
2026-04-23T13:38:45.740853847Z,2026-04-23T13:38:45.575113171Z,1,1,42441344,T,A,0,463.500000000,1,0,16497,928786710,463.500000000,465.500000000,1,11,1,3,ESU6 P7550
2026-04-23T13:38:50.815370732Z,2026-04-23T13:38:50.679830827Z,1,1,2648989,T,B,0,-2.000000000,1,0,14149,349945508,-2.050000000,-2.000000000,157,1,1,1,UD:1V: GN 2648989
2026-04-23T13:38:52.143708511Z,2026-04-23T13:38:51.846787843Z,1,1,42506302,T,A,0,433.000000000,5,0,14902,928873875,433.000000000,434.500000000,5,10,1,4,ESU6 P7500
2026-04-23T13:38:54.958964996Z,2026-04-23T13:38:54.575832527Z,1,1,42300184,T,A,0,90.500000000,1,0,13212,928907807,90.500000000,90.750000000,1,8,1,3,ESM6 P6850
2026-04-23T13:39:00.304142655Z,2026-04-23T13:39:00.297190173Z,1,1,42429363,T,B,0,293.500000000,25,0,16137,928972912,293.000000000,293.500000000,74,25,6,1,ESU6 P7200
2026-04-23T13:39:06.076877072Z,2026-04-23T13:39:06.043422937Z,1,1,42429362,T,A,0,205.000000000,4,0,12339,929045981,205.000000000,205.500000000,4,28,2,2,ESU6 P6900
2026-04-23T13:39:06.443758229Z,2026-04-23T13:39:06.092757827Z,1,1,42573247,T,A,0,16.700000000,17,0,12785,929052346,16.700000000,16.900000000,17,156,1,1,ESH7 P3000
2026-04-23T13:39:11.914153163Z,2026-04-23T13:39:11.888092383Z,1,1,42573247,T,A,0,16.700000000,2,0,13657,929120796,16.700000000,16.900000000,2,219,1,2,ESH7 P3000
2026-04-23T13:39:19.520188819Z,2026-04-23T13:39:19.497556651Z,1,1,42397712,T,B,0,41.750000000,50,0,11592,929189453,41.500000000,41.750000000,104,50,3,1,ESU6 C7900
2026-04-23T13:39:33.343806411Z,2026-04-23T13:39:33.343254471Z,1,1,42413476,T,A,0,117.500000000,1,0,13762,929307367,117.500000000,118.000000000,120,15,3,2,ESU6 P6400
2026-04-23T13:39:41.085224865Z,2026-04-23T13:39:41.081713463Z,1,1,2527954,T,B,0,-1.250000000,1,0,18615,350181063,-1.350000000,-1.250000000,111,1,4,1,UD:1V: GN 2527954
2026-04-23T13:39:42.133492012Z,2026-04-23T13:39:42.086996775Z,1,1,42377432,T,A,0,94.250000000,1,0,15290,929390057,94.250000000,94.500000000,128,4,2,1,ESU6 P6200
2026-04-23T13:39:42.166733214Z,2026-04-23T13:39:42.087824721Z,1,1,42506289,T,A,0,124.000000000,1,0,12255,929390769,124.000000000,124.500000000,14,18,2,3,ESU6 P6450
2026-04-23T13:39:45.454374265Z,2026-04-23T13:39:45.435309085Z,1,1,2642020,T,A,0,20.250000000,1,0,13747,350204815,20.250000000,21.000000000,1,53,1,3,UD:1V: GN 2642020
2026-04-23T13:39:48.372922487Z,2026-04-23T13:39:48.332505283Z,1,1,42413476,T,B,0,117.500000000,4,0,13482,929446332,117.000000000,117.500000000,206,4,6,1,ESU6 P6400
2026-04-23T13:39:50.049253374Z,2026-04-23T13:39:50.037447781Z,1,1,42413475,T,A,0,111.000000000,1,0,13575,929458142,111.000000000,111.500000000,85,28,3,4,ESU6 P6350
2026-04-23T13:39:51.935078526Z,2026-04-23T13:39:51.822074265Z,1,1,2648989,T,B,0,-1.600000000,1,0,13350,350226332,-1.700000000,-1.600000000,93,1,4,1,UD:1V: GN 2648989
2026-04-23T13:39:53.056041911Z,2026-04-23T13:39:53.021503097Z,1,1,42453652,T,B,0,53.750000000,105,0,13435,929489506,53.000000000,53.750000000,224,105,3,1,ESM7 P4200
2026-04-23T13:39:53.486783115Z,2026-04-23T13:39:53.309954713Z,1,1,42439350,T,A,0,105.000000000,1,0,11622,929497195,105.000000000,105.500000000,93,76,2,2,ESU6 P6300
2026-04-23T13:40:06.410145643Z,2026-04-23T13:40:05.314322681Z,1,1,42853783,T,A,0,88.250000000,1,0,12283,929675073,88.250000000,88.750000000,15,5,3,1,ESM6 C7325
2026-04-23T13:40:18.421444286Z,2026-04-23T13:40:18.420893757Z,1,1,42404374,T,B,0,122.500000000,3,0,13740,929830989,122.000000000,122.500000000,155,3,8,1,ESM6 P7000
2026-04-23T13:40:43.209958153Z,2026-04-23T13:40:43.204716019Z,1,1,42760624,T,B,0,94.500000000,9,0,15652,930078588,94.000000000,94.500000000,199,27,10,1,ESM6 P6875
2026-04-23T13:40:47.860587689Z,2026-04-23T13:40:47.860087849Z,1,1,42378346,T,B,0,35.750000000,1,0,12716,930111373,35.500000000,35.750000000,230,1,8,1,ESM6 C7500
2026-04-23T13:40:56.972439727Z,2026-04-23T13:40:56.747155039Z,1,1,42394812,T,B,0,81.500000000,7,0,13466,930220603,81.000000000,81.500000000,121,7,9,2,ESM6 P6800
2026-04-23T13:40:57.352980436Z,2026-04-23T13:40:56.831805713Z,1,1,42378592,T,B,0,46.500000000,4,0,15999,930224286,46.000000000,46.500000000,156,4,8,2,ESM6 P6500
2026-04-23T13:41:00.675739135Z,2026-04-23T13:41:00.629130857Z,1,1,42399704,T,B,0,61.250000000,50,0,16328,930271823,61.000000000,61.250000000,2,51,1,3,ESM6 P6650
2026-04-23T13:41:03.124013351Z,2026-04-23T13:41:02.867304729Z,1,1,42212203,T,B,0,124.500000000,2,0,11461,930298762,124.000000000,124.500000000,34,7,4,2,ESM6 C7250
2026-04-23T13:41:05.060250183Z,2026-04-23T13:41:04.436010047Z,1,1,42429065,T,B,0,110.000000000,4,0,11193,930328644,109.500000000,110.000000000,26,24,2,1,ESM6 P6950
2026-04-23T13:41:08.254035583Z,2026-04-23T13:41:08.202145153Z,1,1,42465600,T,B,0,404.000000000,10,0,16397,930374989,402.500000000,404.000000000,24,10,3,3,ESU6 P7450
2026-04-23T13:41:08.284843468Z,2026-04-23T13:41:08.202146219Z,1,1,42760605,T,B,0,44.500000000,10,0,10155,930375641,44.000000000,44.500000000,187,10,9,2,ESM6 P6475
2026-04-23T13:41:08.292905100Z,2026-04-23T13:41:08.202146397Z,1,1,42760606,T,B,0,58.500000000,33,0,13981,930375822,58.000000000,58.500000000,153,33,6,1,ESM6 P6625
2026-04-23T13:41:11.479890602Z,2026-04-23T13:41:11.455739207Z,1,1,42760625,T,B,0,48.750000000,7,0,16163,930412912,48.250000000,48.750000000,202,7,9,2,ESM6 P6525
2026-04-23T13:41:11.495761956Z,2026-04-23T13:41:11.455739383Z,1,1,42506302,T,B,0,432.000000000,6,0,13544,930413209,430.500000000,432.000000000,20,6,3,2,ESU6 P7500
2026-04-23T13:41:27.725433879Z,2026-04-23T13:41:27.724753945Z,1,1,42378346,T,A,0,35.500000000,1,0,16308,930591340,35.500000000,36.000000000,116,62,8,6,ESM6 C7500
2026-04-23T13:41:35.717713903Z,2026-04-23T13:41:35.717185073Z,1,1,42499829,T,B,0,181.000000000,2,0,15271,930676824,180.000000000,181.000000000,95,19,10,2,ESM6 C7150
2026-04-23T13:41:45.611569958Z,2026-04-23T13:41:45.205891255Z,1,1,42404374,T,A,0,122.000000000,2,0,14861,930780475,122.000000000,122.500000000,2,101,1,8,ESM6 P7000
2026-04-23T13:42:00.018855814Z,2026-04-23T13:42:00.008798633Z,1,1,42465600,T,B,0,403.500000000,3,0,15655,930933975,402.500000000,403.500000000,6,3,2,1,ESU6 P7450
2026-04-23T13:42:02.121777724Z,2026-04-23T13:42:02.080714451Z,1,1,42506302,T,B,0,431.500000000,1,0,13725,930962134,430.000000000,431.500000000,15,1,2,1,ESU6 P7500
2026-04-23T13:42:09.380105963Z,2026-04-23T13:42:09.370450569Z,1,1,42506302,T,B,0,431.000000000,6,0,16942,931041355,430.000000000,431.000000000,9,6,3,2,ESU6 P7500
2026-04-23T13:42:28.766586268Z,2026-04-23T13:42:28.730531269Z,1,1,2535679,T,A,0,115.500000000,1,0,12589,350977394,115.500000000,116.000000000,1,48,1,2,UD:1V: VT 2535679
2026-04-23T13:42:32.527390554Z,2026-04-23T13:42:32.509921921Z,1,1,42506302,T,B,0,431.500000000,5,0,13857,931244004,430.000000000,431.500000000,23,5,4,1,ESU6 P7500
2026-04-23T13:42:46.592116134Z,2026-04-23T13:42:46.374048923Z,1,1,42394812,T,A,0,81.500000000,1,0,15446,931401516,81.500000000,81.750000000,1,94,1,6,ESM6 P6800
2026-04-23T13:43:05.813418935Z,2026-04-23T13:43:05.655619185Z,1,1,42384731,T,A,0,237.500000000,2,0,14504,931575988,237.500000000,238.000000000,2,9,2,2,ESM6 P7300
2026-04-23T13:43:07.946505615Z,2026-04-23T13:43:07.927699469Z,1,1,42441344,T,B,0,460.500000000,6,0,11522,931596335,459.500000000,460.500000000,6,6,2,2,ESU6 P7550
2026-04-23T13:43:22.127037814Z,2026-04-23T13:43:22.116100635Z,1,1,42506302,T,B,0,431.000000000,5,0,11502,931722244,429.500000000,431.000000000,23,5,4,1,ESU6 P7500
2026-04-23T13:43:30.053906222Z,2026-04-23T13:43:30.052651479Z,1,1,42404374,T,B,0,122.000000000,3,0,16315,931776534,121.500000000,122.000000000,82,3,7,1,ESM6 P7000
2026-04-23T13:43:50.004757137Z,2026-04-23T13:43:49.945573729Z,1,1,42404374,T,A,0,122.000000000,3,0,13223,931873574,122.000000000,122.500000000,3,77,1,8,ESM6 P7000
2026-04-23T13:43:54.843396717Z,2026-04-23T13:43:54.842843649Z,1,1,42384779,T,B,0,55.500000000,2,0,13846,931917050,55.250000000,55.500000000,45,2,5,1,ESM6 P6600
2026-04-23T13:44:01.379488967Z,2026-04-23T13:44:01.178859943Z,1,1,42404374,T,B,0,122.000000000,19,0,11775,931972330,121.500000000,122.000000000,89,22,7,1,ESM6 P7000
2026-04-23T13:44:59.489961198Z,2026-04-23T13:44:59.489480235Z,1,1,42378592,T,A,0,46.250000000,1,0,14239,932241545,46.250000000,46.500000000,1,2,1,1,ESM6 P6500
2026-04-23T13:45:17.817034886Z,2026-04-23T13:45:17.722546429Z,1,1,42465600,T,B,0,403.500000000,8,0,13059,932356687,402.000000000,403.500000000,8,8,2,2,ESU6 P7450
2026-04-23T13:45:17.831355131Z,2026-04-23T13:45:17.722546607Z,1,1,42378449,T,B,0,20.250000000,1,0,14159,932356997,20.000000000,20.250000000,221,1,6,1,ESM6 P6000
2026-04-23T13:45:21.138884596Z,2026-04-23T13:45:21.011804117Z,1,1,42760606,T,B,0,58.250000000,2,0,13802,932381363,57.750000000,58.250000000,103,2,6,1,ESM6 P6625
2026-04-23T13:45:24.425971145Z,2026-04-23T13:45:24.380766549Z,1,1,42378618,T,B,0,99.250000000,34,0,12032,932403126,98.750000000,99.250000000,68,35,5,4,ESM6 P6900
2026-04-23T13:45:24.447622394Z,2026-04-23T13:45:24.380766727Z,1,1,42506302,T,B,0,431.000000000,5,0,13494,932403555,429.500000000,431.000000000,5,5,1,1,ESU6 P7500
2026-04-23T13:45:44.023529883Z,2026-04-23T13:45:44.016362155Z,1,1,42300184,T,A,0,90.000000000,1,0,14014,932577447,90.000000000,90.250000000,1,169,1,10,ESM6 P6850
2026-04-23T13:45:46.469781566Z,2026-04-23T13:45:46.389212111Z,1,1,42394812,T,A,0,81.500000000,1,0,13449,932597308,81.500000000,81.750000000,1,136,1,9,ESM6 P6800
2026-04-23T13:46:02.221268903Z,2026-04-23T13:46:02.207820297Z,1,1,42465600,T,B,0,403.500000000,3,0,16975,932798703,402.000000000,403.500000000,25,3,4,1,ESU6 P7450
2026-04-23T13:46:04.474759105Z,2026-04-23T13:46:04.422477407Z,1,1,42384724,T,B,0,152.500000000,1,0,13713,932823129,152.000000000,152.500000000,39,1,7,1,ESM6 C7200
2026-04-23T13:46:09.247575926Z,2026-04-23T13:46:09.068845121Z,1,1,2645587,T,A,0,35.250000000,1,0,13151,351735126,35.250000000,35.750000000,1,236,1,5,UD:1V: GN 2645587
2026-04-23T13:46:10.412908092Z,2026-04-23T13:46:09.580483345Z,1,1,42378374,T,A,0,188.000000000,2,0,16475,932909104,188.000000000,188.500000000,2,48,1,6,ESM6 P7200
2026-04-23T13:46:10.446516537Z,2026-04-23T13:46:09.627309079Z,1,1,2612168,T,A,0,-69.250000000,1,0,16221,351741371,-69.250000000,-69.000000000,1,124,1,2,UD:1V: GN 2612168
2026-04-23T13:46:20.263595140Z,2026-04-23T13:46:20.260268281Z,1,1,42384724,T,B,0,153.000000000,1,0,12730,933027528,152.500000000,153.000000000,91,1,8,1,ESM6 C7200
2026-04-23T13:46:31.511195122Z,2026-04-23T13:46:31.461257459Z,1,1,42871623,T,B,0,23.250000000,3,0,13052,933124658,23.000000000,23.250000000,229,3,7,1,ESM6 C7575
2026-04-23T13:46:33.482817273Z,2026-04-23T13:46:33.196143315Z,1,1,2649381,T,B,0,2.200000000,2,0,15105,351854112,1.600000000,2.200000000,30,2,2,1,UD:1V: GN 2649381
2026-04-23T13:46:34.429485883Z,2026-04-23T13:46:34.372218701Z,1,1,42384724,T,A,0,153.500000000,1,0,14240,933174937,153.500000000,154.000000000,42,1,6,1,ESM6 C7200
2026-04-23T13:46:43.387890729Z,2026-04-23T13:46:43.241740353Z,1,1,42384724,T,B,0,154.000000000,1,0,11415,933256052,153.500000000,154.000000000,69,1,6,1,ESM6 C7200
2026-04-23T13:46:45.641906470Z,2026-04-23T13:46:45.507873195Z,1,1,42399704,T,B,0,61.000000000,46,0,11410,933285796,60.500000000,61.000000000,103,76,5,2,ESM6 P6650
2026-04-23T13:46:47.744100740Z,2026-04-23T13:46:47.570641085Z,1,1,42399704,T,B,0,61.000000000,52,0,16601,933313389,60.750000000,61.000000000,2,59,1,1,ESM6 P6650
2026-04-23T13:46:51.062625725Z,2026-04-23T13:46:50.801098651Z,1,1,42366515,T,B,0,35.750000000,3,0,11321,933342410,35.250000000,35.750000000,107,5,5,1,ESM6 P6350
2026-04-23T13:46:51.065262536Z,2026-04-23T13:46:50.801257083Z,1,1,42366515,T,B,0,35.750000000,2,0,12771,933342512,35.250000000,35.750000000,107,2,5,1,ESM6 P6350
2026-04-23T13:47:02.376371135Z,2026-04-23T13:47:02.267835171Z,1,1,42458390,T,A,0,163.000000000,1,0,13727,933456707,163.000000000,163.500000000,1,32,1,2,ESU6 P6700
2026-04-23T13:47:02.476962243Z,2026-04-23T13:47:02.278430925Z,1,1,2645587,T,A,0,35.000000000,1,0,16707,351999758,35.000000000,35.750000000,1,208,1,5,UD:1V: GN 2645587
2026-04-23T13:47:02.571713129Z,2026-04-23T13:47:02.287263017Z,1,1,42384724,T,B,0,154.000000000,1,0,11644,933460201,153.500000000,154.000000000,64,1,7,1,ESM6 C7200
2026-04-23T13:47:13.534603319Z,2026-04-23T13:47:13.384319991Z,1,1,42836585,T,B,0,178.000000000,1,0,11902,933601181,177.500000000,178.000000000,25,1,5,1,ESM6 P7175
2026-04-23T13:47:13.788585587Z,2026-04-23T13:47:13.421840099Z,1,1,42458458,T,A,0,376.000000000,29,0,11326,933606085,376.000000000,377.000000000,31,5,2,1,ESU6 C7100
2026-04-23T13:47:33.186747078Z,2026-04-23T13:47:33.148517801Z,1,1,42378618,T,B,0,99.250000000,2,0,15730,933803783,99.000000000,99.250000000,12,2,3,1,ESM6 P6900
2026-04-23T13:47:33.407319926Z,2026-04-23T13:47:33.309037743Z,1,1,42378618,T,B,0,99.250000000,2,0,15173,933807593,99.000000000,99.250000000,37,2,4,1,ESM6 P6900
2026-04-23T13:47:34.652381065Z,2026-04-23T13:47:34.570728239Z,1,1,42300184,T,B,0,90.000000000,2,0,11608,933827162,89.750000000,90.000000000,7,2,3,1,ESM6 P6850
2026-04-23T13:47:41.682208841Z,2026-04-23T13:47:41.332893361Z,1,1,42883305,T,A,0,37.250000000,5,0,13778,933899121,37.250000000,37.750000000,5,274,1,6,ESM6 P6375
2026-04-23T13:47:44.760391182Z,2026-04-23T13:47:44.661424999Z,1,1,42404374,T,B,0,121.500000000,2,0,12367,933936930,121.000000000,121.500000000,61,2,4,1,ESM6 P7000
2026-04-23T13:48:03.772390622Z,2026-04-23T13:48:03.762147695Z,1,1,42760626,T,B,0,104.000000000,5,0,11160,934133955,103.500000000,104.000000000,108,5,6,1,ESM6 P6925
2026-04-23T13:48:13.958446674Z,2026-04-23T13:48:13.764780069Z,1,1,42384731,T,A,0,235.000000000,2,0,14009,934258238,235.000000000,236.000000000,2,27,2,2,ESM6 P7300
2026-04-23T13:48:14.878725879Z,2026-04-23T13:48:14.543197093Z,1,1,42506298,T,A,0,228.000000000,10,0,14510,934275269,228.000000000,228.500000000,10,25,1,2,ESU6 P7000
2026-04-23T13:48:29.367983145Z,2026-04-23T13:48:29.270415775Z,1,1,42760626,T,B,0,103.500000000,26,0,18247,934507821,103.000000000,103.500000000,66,26,5,1,ESM6 P6925
2026-04-23T13:48:29.824375091Z,2026-04-23T13:48:29.706166537Z,1,1,42378618,T,B,0,98.500000000,2,0,14769,934518196,98.000000000,98.500000000,66,2,4,1,ESM6 P6900
2026-04-23T13:48:37.313314155Z,2026-04-23T13:48:37.312774383Z,1,1,42384724,T,B,0,156.000000000,2,0,13207,934598071,155.500000000,156.000000000,150,2,9,1,ESM6 C7200
2026-04-23T13:48:55.262533777Z,2026-04-23T13:48:55.261971831Z,1,1,42510079,T,B,0,83.000000000,1,0,14603,934795871,82.750000000,83.000000000,15,1,4,1,ESM6 C7350
2026-04-23T13:49:04.244079563Z,2026-04-23T13:49:04.079166261Z,1,1,42378346,T,B,0,37.500000000,2,0,17216,934914487,37.250000000,37.500000000,79,2,5,1,ESM6 C7500
2026-04-23T13:49:53.748480716Z,2026-04-23T13:49:53.494856155Z,1,1,2503866,T,A,0,141.000000000,1,0,13158,352925937,141.000000000,141.500000000,1,85,1,4,UD:1V: VT 2503866
2026-04-23T13:50:02.123851787Z,2026-04-23T13:50:02.034353095Z,1,1,42883306,T,A,0,158.500000000,7,0,11390,935626655,158.500000000,159.000000000,7,51,2,3,ESM6 P7125
2026-04-23T13:50:04.306670133Z,2026-04-23T13:50:04.289774625Z,1,1,42506302,T,B,0,429.000000000,1,0,15852,935653709,427.500000000,429.000000000,23,1,4,1,ESU6 P7500
2026-04-23T13:50:16.264769028Z,2026-04-23T13:50:16.253126123Z,1,1,42465600,T,B,0,402.000000000,2,0,16085,935790702,401.000000000,402.000000000,9,2,3,1,ESU6 P7450
2026-04-23T13:50:19.004576258Z,2026-04-23T13:50:18.420844585Z,1,1,42366506,T,A,0,4.500000000,7,0,13674,935828801,4.500000000,4.650000000,25,245,1,5,ESM6 P4700
2026-04-23T13:50:25.255959323Z,2026-04-23T13:50:24.919981819Z,1,1,42366510,T,A,0,216.500000000,5,0,13003,935901865,216.500000000,217.500000000,5,40,1,2,ESM6 C7100
2026-04-23T13:50:27.626385675Z,2026-04-23T13:50:27.260292529Z,1,1,42366506,T,A,0,4.500000000,8,0,14232,935944179,4.500000000,4.650000000,74,101,2,4,ESM6 P4700
2026-04-23T13:50:31.618384098Z,2026-04-23T13:50:31.301249021Z,1,1,42499829,T,A,0,184.000000000,6,0,11600,935980770,184.000000000,184.500000000,6,5,2,1,ESM6 C7150
2026-04-23T13:50:43.816499310Z,2026-04-23T13:50:42.953848437Z,1,1,42384724,T,A,0,152.000000000,1,0,13698,936130152,152.000000000,,3,0,1,0,ESM6 C7200
2026-04-23T13:50:43.819328047Z,2026-04-23T13:50:42.954057093Z,1,1,42384724,T,A,0,152.000000000,1,0,14920,936130166,152.000000000,,2,0,1,0,ESM6 C7200
2026-04-23T13:50:43.827028119Z,2026-04-23T13:50:42.954723575Z,1,1,42384724,T,A,0,152.000000000,1,0,16625,936130241,152.000000000,,1,0,1,0,ESM6 C7200
2026-04-23T13:50:56.509413676Z,2026-04-23T13:50:56.237824805Z,1,1,42465600,T,A,0,404.500000000,5,0,11555,936321925,404.500000000,405.500000000,5,5,1,1,ESU6 P7450
2026-04-23T13:50:56.551898183Z,2026-04-23T13:50:56.238887177Z,1,1,42506302,T,A,0,432.000000000,1,0,11278,936322852,432.000000000,433.000000000,6,5,2,1,ESU6 P7500
2026-04-23T13:50:56.567347851Z,2026-04-23T13:50:56.238925385Z,1,1,42506302,T,A,0,432.000000000,5,0,12845,936323186,432.000000000,433.000000000,5,5,1,1,ESU6 P7500
2026-04-23T13:51:22.729710402Z,2026-04-23T13:51:22.727784915Z,1,1,42378449,T,B,0,21.000000000,5,0,14397,936641894,20.500000000,21.000000000,314,206,8,8,ESM6 P6000
2026-04-23T13:51:46.177961505Z,2026-04-23T13:51:46.177222633Z,1,1,42404374,T,A,0,122.500000000,1,0,17756,936871244,122.500000000,123.000000000,1,98,1,7,ESM6 P7000
2026-04-23T13:52:34.744393568Z,2026-04-23T13:52:34.520153473Z,1,1,42821844,T,B,0,25.000000000,1,0,12721,937314228,24.750000000,25.000000000,84,5,4,1,ESM6 P6125
2026-04-23T13:52:34.745500162Z,2026-04-23T13:52:34.520961991Z,1,1,42821844,T,B,0,25.000000000,1,0,11980,937314274,24.750000000,25.000000000,84,4,4,1,ESM6 P6125
2026-04-23T13:52:58.006488724Z,2026-04-23T13:52:57.988564787Z,1,1,42821844,T,B,0,25.000000000,1,0,12976,937522717,24.750000000,25.000000000,186,3,7,1,ESM6 P6125
2026-04-23T13:52:58.264910769Z,2026-04-23T13:52:58.264305595Z,1,1,42821844,T,B,0,25.000000000,1,0,13126,937525410,24.750000000,25.000000000,186,2,7,1,ESM6 P6125
2026-04-23T13:52:58.279685071Z,2026-04-23T13:52:58.264928937Z,1,1,42821844,T,B,0,25.000000000,1,0,12618,937525695,24.750000000,25.000000000,186,1,7,1,ESM6 P6125
2026-04-23T13:53:15.807915078Z,2026-04-23T13:53:15.807382175Z,1,1,42439503,T,A,0,31.250000000,5,0,14047,937694001,31.250000000,31.500000000,5,116,1,3,ESU6 P5100
2026-04-23T13:53:25.020405859Z,2026-04-23T13:53:25.017513851Z,1,1,2649759,T,B,0,132.500000000,1,0,14522,353910392,131.500000000,132.500000000,10,14,3,4,UD:1V: RR 2649759
2026-04-23T13:53:36.712591678Z,2026-04-23T13:53:36.487851161Z,1,1,42295873,T,A,0,180.000000000,23,0,16803,937901739,180.000000000,181.000000000,23,34,1,2,ESZ6 C7700
2026-04-23T13:54:04.345421985Z,2026-04-23T13:54:04.001198985Z,1,1,42366506,T,A,0,4.500000000,7,0,15096,938154363,4.500000000,4.650000000,143,312,2,7,ESM6 P4700
2026-04-23T13:54:32.855240229Z,2026-04-23T13:54:32.852266521Z,1,1,42627610,T,B,0,14.600000000,4,0,16011,938451377,14.300000000,14.600000000,253,69,9,5,ESM6 C7650
2026-04-23T13:54:45.946609366Z,2026-04-23T13:54:45.734850415Z,1,1,42212203,T,A,0,126.500000000,1,0,16351,938585523,126.500000000,127.000000000,1,77,1,5,ESM6 C7250
2026-04-23T13:55:01.527456559Z,2026-04-23T13:55:01.250643221Z,1,1,42413476,T,B,0,118.000000000,4,0,15112,938707902,117.500000000,118.000000000,159,4,4,1,ESU6 P6400
2026-04-23T13:55:01.602982449Z,2026-04-23T13:55:01.268137629Z,1,1,42372979,T,A,0,102.000000000,1,0,16424,938709856,102.000000000,102.500000000,1,49,1,5,ESM6 C7300
2026-04-23T13:55:01.793608588Z,2026-04-23T13:55:01.437405829Z,1,1,2503866,T,B,0,142.500000000,1,0,13704,354323066,142.000000000,142.500000000,31,1,1,1,UD:1V: VT 2503866
2026-04-23T13:55:07.213736337Z,2026-04-23T13:55:07.207972459Z,1,1,42413476,T,B,0,118.000000000,11,0,14250,938770833,117.500000000,118.000000000,190,11,5,1,ESU6 P6400
2026-04-23T13:55:27.959040299Z,2026-04-23T13:55:27.957269087Z,1,1,42416106,T,A,0,48.500000000,2,0,20606,938988746,48.500000000,49.000000000,69,108,6,7,ESM6 C7450
2026-04-23T13:55:28.090975835Z,2026-04-23T13:55:28.089609021Z,1,1,42416106,T,A,0,48.500000000,2,0,15633,938989146,48.500000000,49.000000000,67,105,5,6,ESM6 C7450
2026-04-23T13:55:28.373308871Z,2026-04-23T13:55:28.363446313Z,1,1,42416106,T,A,0,48.500000000,2,0,14593,938993791,48.500000000,49.000000000,63,85,5,5,ESM6 C7450
2026-04-23T13:55:28.419258166Z,2026-04-23T13:55:28.405928603Z,1,1,42416106,T,A,0,48.500000000,2,0,16949,938994673,48.500000000,49.000000000,39,85,4,5,ESM6 C7450
2026-04-23T13:55:28.446072987Z,2026-04-23T13:55:28.423883161Z,1,1,42416106,T,A,0,48.500000000,2,0,13635,938995382,48.500000000,49.000000000,31,80,3,4,ESM6 C7450
2026-04-23T13:55:28.465456950Z,2026-04-23T13:55:28.456194383Z,1,1,42416106,T,A,0,48.500000000,2,0,20238,938995785,48.500000000,49.000000000,3,80,2,4,ESM6 C7450
2026-04-23T13:55:49.560520505Z,2026-04-23T13:55:49.515683429Z,1,1,42366511,T,A,0,19.600000000,1,0,12858,939225852,19.600000000,19.900000000,199,22,8,4,ESM6 C7600
2026-04-23T13:55:50.977590129Z,2026-04-23T13:55:50.732531261Z,1,1,42439350,T,B,0,106.000000000,7,0,13104,939238767,105.500000000,106.000000000,175,12,6,1,ESU6 P6300
2026-04-23T13:55:54.048975838Z,2026-04-23T13:55:53.855322747Z,1,1,42394812,T,A,0,82.500000000,1,0,12733,939290425,82.500000000,82.750000000,1,2,1,1,ESM6 P6800
2026-04-23T13:56:01.860250330Z,2026-04-23T13:56:01.859699797Z,1,1,42413476,T,A,0,118.000000000,2,0,13434,939386286,118.000000000,118.500000000,10,104,1,6,ESU6 P6400
2026-04-23T13:56:04.427179143Z,2026-04-23T13:56:04.425376497Z,1,1,42903306,T,A,0,71.500000000,2,0,12026,939410162,71.500000000,72.000000000,37,107,5,8,ESM6 C7375
2026-04-23T13:56:04.495953175Z,2026-04-23T13:56:04.495384685Z,1,1,42903306,T,A,0,71.500000000,2,0,18132,939410563,71.500000000,72.000000000,31,107,4,8,ESM6 C7375
2026-04-23T13:56:04.515491845Z,2026-04-23T13:56:04.512339501Z,1,1,42903306,T,A,0,71.500000000,2,0,14693,939410800,71.500000000,72.000000000,16,107,3,8,ESM6 C7375
2026-04-23T13:56:04.549317473Z,2026-04-23T13:56:04.543902493Z,1,1,42903306,T,A,0,71.500000000,2,0,15184,939411448,71.500000000,72.000000000,8,107,3,8,ESM6 C7375
2026-04-23T13:56:06.534481052Z,2026-04-23T13:56:06.527952553Z,1,1,42450434,T,B,0,275.500000000,16,0,14763,939437515,275.000000000,275.500000000,9,17,2,1,ESU6 P7150
2026-04-23T13:56:07.735347756Z,2026-04-23T13:56:07.700456925Z,1,1,42883176,T,A,0,167.000000000,1,0,14212,939445333,167.000000000,167.500000000,7,10,2,2,ESM6 C7175
2026-04-23T13:56:08.244964791Z,2026-04-23T13:56:08.200007711Z,1,1,42903306,T,A,0,71.500000000,4,0,16689,939452779,71.500000000,72.000000000,25,66,2,6,ESM6 C7375
2026-04-23T13:56:08.265064052Z,2026-04-23T13:56:08.200139149Z,1,1,42903306,T,A,0,71.500000000,1,0,12496,939453196,71.500000000,72.000000000,5,66,1,6,ESM6 C7375
2026-04-23T13:56:10.648725154Z,2026-04-23T13:56:10.492464201Z,1,1,42384724,T,A,0,152.000000000,2,0,12774,939484185,152.000000000,152.500000000,4,75,2,6,ESM6 C7200
2026-04-23T13:56:31.107803348Z,2026-04-23T13:56:30.935091423Z,1,1,2641339,T,B,0,40.750000000,5,0,18598,354752504,40.250000000,40.750000000,136,5,4,1,UD:1V: VT 2641339
2026-04-23T13:57:34.349423831Z,2026-04-23T13:57:34.337335027Z,1,1,42413475,T,A,0,111.500000000,1,0,13649,940329891,111.500000000,112.000000000,15,46,2,4,ESU6 P6350
2026-04-23T13:57:42.898323313Z,2026-04-23T13:57:42.838110937Z,1,1,42804682,T,A,0,78.250000000,1,0,11550,940399060,78.250000000,78.500000000,58,36,2,5,ESM6 P6775
2026-04-23T13:57:42.900809276Z,2026-04-23T13:57:42.838208719Z,1,1,42413475,T,A,0,111.500000000,1,0,12842,940399153,111.500000000,112.000000000,15,98,2,6,ESU6 P6350
2026-04-23T13:57:47.064108249Z,2026-04-23T13:57:47.063573193Z,1,1,42413476,T,A,0,118.000000000,1,0,14172,940438325,118.000000000,118.500000000,10,110,1,7,ESU6 P6400
2026-04-23T13:57:54.917392494Z,2026-04-23T13:57:54.716869749Z,1,1,42413476,T,A,0,118.000000000,1,0,13372,940506447,118.000000000,118.500000000,15,66,2,6,ESU6 P6400
2026-04-23T13:58:05.582678806Z,2026-04-23T13:58:05.581920005Z,1,1,2646170,T,B,0,32.500000000,2,0,13501,355139151,32.250000000,32.500000000,131,167,4,2,UD:1V: VT 2646170
2026-04-23T13:58:17.109475896Z,2026-04-23T13:58:16.865737923Z,1,1,42439350,T,A,0,106.000000000,1,0,13804,940740418,106.000000000,106.500000000,11,71,1,6,ESU6 P6300
2026-04-23T13:58:17.173024015Z,2026-04-23T13:58:16.958215459Z,1,1,42413475,T,A,0,112.000000000,1,0,11370,940741629,112.000000000,112.500000000,10,84,1,7,ESU6 P6350
2026-04-23T13:58:36.142601003Z,2026-04-23T13:58:35.879360209Z,1,1,42413475,T,A,0,112.000000000,1,0,14081,940924114,112.000000000,112.500000000,10,59,1,5,ESU6 P6350
2026-04-23T13:58:55.278354201Z,2026-04-23T13:58:55.273596513Z,1,1,42487843,T,A,0,170.500000000,2,0,13063,941147952,170.500000000,171.000000000,3,45,1,5,ESM6 P7150
2026-04-23T13:58:55.344621297Z,2026-04-23T13:58:55.342368775Z,1,1,42487843,T,A,0,170.500000000,1,0,13042,941148437,170.500000000,171.000000000,1,45,1,5,ESM6 P7150
2026-04-23T13:59:07.115920551Z,2026-04-23T13:59:06.923088193Z,1,1,42372983,T,A,0,22.250000000,3,0,15450,941286677,22.250000000,22.500000000,3,200,1,7,ESM6 P6050
2026-04-23T13:59:14.766396385Z,2026-04-23T13:59:14.551377995Z,1,1,2611956,T,A,0,112.000000000,22,0,18973,355478768,112.000000000,112.500000000,22,22,2,2,UD:1V: VT 2611956
2026-04-23T13:59:20.323753697Z,2026-04-23T13:59:20.308588943Z,1,1,2637602,T,A,0,89.000000000,54,0,17529,355506455,89.000000000,89.250000000,66,24,1,2,UD:1V: VT 2637602
2026-04-23T13:59:48.007334711Z,2026-04-23T13:59:48.006211947Z,1,1,42429372,T,B,0,83.250000000,1,0,13947,941677835,82.750000000,83.250000000,80,1,5,1,ESU6 C7700
2026-04-23T13:59:48.978308425Z,2026-04-23T13:59:48.961448035Z,1,1,42394812,T,A,0,82.500000000,1,0,13845,941685146,82.500000000,82.750000000,72,1,7,1,ESM6 P6800
2026-04-23T13:59:53.784409911Z,2026-04-23T13:59:53.782934259Z,1,1,42212203,T,B,0,125.000000000,1,0,11249,941726024,124.000000000,125.000000000,100,51,9,6,ESM6 C7250
2026-04-23T14:00:06.408385238Z,2026-04-23T14:00:06.070283701Z,1,1,695462,T,B,0,5.600000000,1,0,11075,941879059,5.500000000,5.600000000,210,1,2,1,ESZ6 P2300
2026-04-23T14:00:43.651250777Z,2026-04-23T14:00:43.327356553Z,1,1,42378592,T,B,0,48.000000000,20,0,14245,942404417,47.750000000,48.000000000,126,20,6,1,ESM6 P6500
2026-04-23T14:00:57.798051515Z,2026-04-23T14:00:57.792652273Z,1,1,2638995,T,A,0,45.000000000,69,0,16366,356064051,45.000000000,45.250000000,69,222,1,6,UD:1V: VT 2638995
2026-04-23T14:01:07.013809682Z,2026-04-23T14:01:07.000279813Z,1,1,2548778,T,B,0,18.400000000,5,0,12230,356139571,18.300000000,18.400000000,5,5,1,1,UD:1V: VT 2548778
2026-04-23T14:01:27.766546815Z,2026-04-23T14:01:27.593938029Z,1,1,42300184,T,B,0,93.000000000,1,0,11808,943057892,92.750000000,93.000000000,74,1,6,1,ESM6 P6850
2026-04-23T14:01:28.391650835Z,2026-04-23T14:01:27.993040785Z,1,1,42384724,T,A,0,148.000000000,1,0,15845,943069411,148.000000000,148.500000000,1,46,1,6,ESM6 C7200
2026-04-23T14:01:39.333839524Z,2026-04-23T14:01:39.194304073Z,1,1,42366523,T,B,0,156.500000000,1,0,12768,943206089,156.000000000,156.500000000,51,1,6,1,ESM6 P7100
2026-04-23T14:01:52.990018704Z,2026-04-23T14:01:52.865944617Z,1,1,42510079,T,A,0,78.000000000,6,0,17056,943415384,78.000000000,78.500000000,32,73,3,6,ESM6 C7350
2026-04-23T14:02:18.209575628Z,2026-04-23T14:02:17.762966845Z,1,1,42487843,T,A,0,175.000000000,3,0,11116,943816151,175.000000000,176.000000000,3,29,1,3,ESM6 P7150
2026-04-23T14:02:27.335975856Z,2026-04-23T14:02:27.307941497Z,1,1,42404366,T,A,0,5.400000000,5,0,14040,943936725,5.400000000,5.500000000,5,42,1,3,ESM6 C7800
2026-04-23T14:02:30.930944092Z,2026-04-23T14:02:30.549554733Z,1,1,42883176,T,B,0,162.500000000,3,0,13808,943990598,162.000000000,162.500000000,14,3,2,1,ESM6 C7175
2026-04-23T14:02:31.033913967Z,2026-04-23T14:02:30.549628387Z,1,1,2617148,T,A,0,71.500000000,5,0,17071,356718757,71.500000000,72.000000000,5,5,1,1,UD:1V: VT 2617148
2026-04-23T14:03:46.771804447Z,2026-04-23T14:03:46.569884441Z,1,1,42760624,T,A,0,96.000000000,1,0,16344,944927419,96.000000000,96.500000000,2,36,1,3,ESM6 P6875
2026-04-23T14:04:15.544180047Z,2026-04-23T14:04:15.000751581Z,1,1,2662826,T,B,0,14.400000000,3,0,16590,357311975,14.300000000,14.400000000,1575,3,8,1,UD:1V: VT 2662826
2026-04-23T14:04:23.114603159Z,2026-04-23T14:04:23.113827227Z,1,1,2649593,T,A,0,4.800000000,2,0,13938,357367109,4.800000000,4.950000000,35,113,2,3,UD:1V: BO 2649593
2026-04-23T14:04:29.760181346Z,2026-04-23T14:04:29.433179243Z,1,1,42378618,T,B,0,101.000000000,1,0,11202,945457282,100.500000000,101.000000000,52,1,3,1,ESM6 P6900
2026-04-23T14:05:29.875482262Z,2026-04-23T14:05:29.506467145Z,1,1,2613261,T,B,0,44.500000000,10,0,15212,357736726,44.250000000,44.500000000,107,10,3,1,UD:1V: VT 2613261
2026-04-23T14:06:43.520724998Z,2026-04-23T14:06:43.515492533Z,1,1,42366523,T,B,0,154.500000000,2,0,15890,947015588,154.000000000,154.500000000,58,7,6,2,ESM6 P7100
2026-04-23T14:06:54.395767075Z,2026-04-23T14:06:54.222016775Z,1,1,42572477,T,B,0,7.400000000,5,0,14893,947167537,7.200000000,7.400000000,265,5,8,1,ESM6 C7750
2026-04-23T14:07:04.994511830Z,2026-04-23T14:07:04.194989103Z,1,1,42384730,T,B,0,16.900000000,8,0,14278,947293425,16.700000000,16.900000000,215,8,6,1,ESM6 P5850
2026-04-23T14:07:07.029438443Z,2026-04-23T14:07:06.594817957Z,1,1,2650432,T,A,0,-55.750000000,1,0,13902,358261316,-55.750000000,-55.250000000,1,7,1,2,UD:1V: GN 2650432
2026-04-23T14:07:17.792706823Z,2026-04-23T14:07:17.790992039Z,1,1,42384872,T,A,0,76.000000000,2,0,14307,947466030,76.000000000,76.250000000,2,23,1,5,ESM6 P6750
2026-04-23T14:07:57.172098956Z,2026-04-23T14:07:56.816265827Z,1,1,42572477,T,B,0,7.400000000,5,0,11418,947921626,7.200000000,7.400000000,325,5,8,1,ESM6 C7750
2026-04-23T14:08:04.197905017Z,2026-04-23T14:08:04.164434641Z,1,1,42384872,T,B,0,75.750000000,2,0,14685,948014719,75.250000000,75.750000000,97,7,7,2,ESM6 P6750
2026-04-23T14:08:08.117092060Z,2026-04-23T14:08:08.073914625Z,1,1,42384872,T,B,0,75.750000000,2,0,14614,948051070,75.250000000,75.750000000,97,7,7,2,ESM6 P6750
2026-04-23T14:08:08.212482721Z,2026-04-23T14:08:08.125858317Z,1,1,42384872,T,B,0,75.750000000,2,0,14621,948053239,75.500000000,75.750000000,30,54,1,1,ESM6 P6750
2026-04-23T14:08:33.149379513Z,2026-04-23T14:08:33.061697013Z,1,1,42572477,T,B,0,7.500000000,5,0,14200,948337152,7.400000000,7.500000000,33,5,2,1,ESM6 C7750
2026-04-23T14:08:52.561512438Z,2026-04-23T14:08:52.486767005Z,1,1,42483063,T,B,0,245.500000000,1,0,13756,948552153,245.000000000,245.500000000,33,1,5,1,ESU6 P7050
2026-04-23T14:09:25.132674615Z,2026-04-23T14:09:24.712054825Z,1,1,42378541,T,A,0,33.250000000,1,0,13517,948878923,33.250000000,33.500000000,1,165,1,8,ESM6 P6300
2026-04-23T14:10:13.196928810Z,2026-04-23T14:10:13.112245057Z,1,1,2650307,T,A,0,180.000000000,257,0,17575,359144931,180.000000000,180.500000000,257,50,7,1,UD:1V:CFO 2650307
2026-04-23T14:10:13.259091226Z,2026-04-23T14:10:13.196619049Z,1,1,2650307,T,B,0,180.000000000,16,0,14022,359145876,179.500000000,180.000000000,78,28,3,1,UD:1V:CFO 2650307
2026-04-23T14:10:13.259371438Z,2026-04-23T14:10:13.196717041Z,1,1,2650307,T,B,0,180.000000000,12,0,13948,359145878,179.500000000,180.000000000,78,12,3,1,UD:1V:CFO 2650307
2026-04-23T14:10:13.317887217Z,2026-04-23T14:10:13.280609579Z,1,1,2639295,T,B,0,351.500000000,2,0,12182,359146676,351.000000000,351.500000000,9,23,2,1,UD:1V: ST 2639295
2026-04-23T14:10:13.356716806Z,2026-04-23T14:10:13.353779087Z,1,1,2694604,T,B,0,342.000000000,2,0,14434,359147230,341.000000000,342.000000000,8,14,2,1,UD:1V: ST 2694604
2026-04-23T14:10:14.191643662Z,2026-04-23T14:10:14.187347355Z,1,1,42212203,T,A,0,124.500000000,4,0,17003,949342445,124.500000000,125.000000000,4,48,2,7,ESM6 C7250
2026-04-23T14:10:14.200124590Z,2026-04-23T14:10:14.191647307Z,1,1,42212203,T,B,0,124.500000000,2,0,12773,949342656,124.000000000,124.500000000,67,2,8,1,ESM6 C7250
2026-04-23T14:10:14.213580619Z,2026-04-23T14:10:14.196020385Z,1,1,42212203,T,A,0,124.500000000,1,0,17490,949342757,124.500000000,125.000000000,1,41,1,5,ESM6 C7250
2026-04-23T14:10:21.932851889Z,2026-04-23T14:10:21.932299243Z,1,1,2650327,T,B,0,150.000000000,50,0,13400,359195235,149.500000000,150.000000000,144,50,6,1,UD:1V:CFO 2650327
2026-04-23T14:10:23.407766143Z,2026-04-23T14:10:23.407249521Z,1,1,2650327,T,B,0,150.000000000,36,0,14031,359198195,149.500000000,150.000000000,409,50,9,1,UD:1V:CFO 2650327
2026-04-23T14:10:27.358474360Z,2026-04-23T14:10:27.157659915Z,1,1,42629927,T,B,0,22.000000000,5,0,11652,949505263,21.750000000,22.000000000,287,5,7,1,ESM6 P6040
2026-04-23T14:10:30.109199129Z,2026-04-23T14:10:30.101601811Z,1,1,2650327,T,B,0,150.000000000,18,0,17492,359238830,149.500000000,150.000000000,409,14,8,1,UD:1V:CFO 2650327
2026-04-23T14:10:31.646411633Z,2026-04-23T14:10:31.489778441Z,1,1,42783705,T,B,0,32.000000000,5,0,13216,949557742,31.750000000,32.000000000,270,5,7,1,ESM6 P6275
2026-04-23T14:10:33.127768702Z,2026-04-23T14:10:32.757070105Z,1,1,42378449,T,B,0,20.750000000,5,0,13814,949584413,20.500000000,20.750000000,335,5,7,1,ESM6 P6000
2026-04-23T14:10:33.720091965Z,2026-04-23T14:10:33.220206859Z,1,1,42836580,T,B,0,23.250000000,5,0,11600,949596268,23.000000000,23.250000000,271,5,7,1,ESM6 P6075
2026-04-23T14:10:33.886289051Z,2026-04-23T14:10:33.425865731Z,1,1,2650327,T,A,0,149.500000000,37,0,17344,359263893,149.500000000,150.000000000,300,37,6,1,UD:1V:CFO 2650327
2026-04-23T14:10:38.317666178Z,2026-04-23T14:10:38.006730383Z,1,1,42384726,T,B,0,10.700000000,1,0,13828,949652384,10.600000000,10.700000000,256,1,7,1,ESM6 P5500
2026-04-23T14:10:43.219430465Z,2026-04-23T14:10:43.218810453Z,1,1,42377530,T,B,0,185.500000000,2,0,13953,949716069,184.500000000,185.500000000,43,62,4,4,ESU6 P6800
2026-04-23T14:10:43.883351761Z,2026-04-23T14:10:43.680773613Z,1,1,42384779,T,B,0,57.000000000,1,0,16857,949727649,56.750000000,57.000000000,127,1,6,1,ESM6 P6600
2026-04-23T14:11:11.665046839Z,2026-04-23T14:11:11.598893343Z,1,1,42404374,T,B,0,124.500000000,76,0,17302,950019338,123.500000000,124.500000000,113,76,9,8,ESM6 P7000
2026-04-23T14:11:11.744135918Z,2026-04-23T14:11:11.664909171Z,1,1,42404374,T,A,0,124.500000000,24,0,11206,950021420,124.500000000,125.000000000,24,42,1,3,ESM6 P7000
2026-04-23T14:11:20.813144675Z,2026-04-23T14:11:20.776685551Z,1,1,42378346,T,A,0,35.500000000,2,0,14497,950114948,35.500000000,35.750000000,2,14,1,4,ESM6 C7500
2026-04-23T14:11:37.952602281Z,2026-04-23T14:11:37.897372281Z,1,1,42384725,T,A,0,61.750000000,2,0,16934,950323444,61.750000000,62.000000000,2,2,1,1,ESM6 C7400
2026-04-23T14:11:37.952602281Z,2026-04-23T14:11:37.897372281Z,1,1,42384725,T,A,0,61.500000000,96,0,16934,950323444,61.750000000,62.000000000,2,2,1,1,ESM6 C7400
2026-04-23T14:11:38.009474148Z,2026-04-23T14:11:37.952447271Z,1,1,42384725,T,B,0,61.500000000,2,0,12465,950324713,61.250000000,61.500000000,11,2,1,1,ESM6 C7400
2026-04-23T14:11:41.789913428Z,2026-04-23T14:11:41.789499553Z,1,1,2650422,T,A,0,100.500000000,25,0,15878,359592131,100.500000000,101.000000000,25,179,1,3,UD:1V: VT 2650422
2026-04-23T14:12:18.636313695Z,2026-04-23T14:12:18.611131659Z,1,1,42429372,T,A,0,83.000000000,1,0,13997,950750642,83.000000000,83.250000000,1,33,1,2,ESU6 C7700
2026-04-23T14:12:45.289399459Z,2026-04-23T14:12:45.273030947Z,1,1,42429372,T,A,0,82.750000000,1,0,14343,951006152,82.750000000,83.000000000,1,33,1,2,ESU6 C7700
2026-04-23T14:13:06.382226806Z,2026-04-23T14:13:06.370424727Z,1,1,42429372,T,A,0,82.750000000,1,0,11431,951237474,82.750000000,83.250000000,1,67,1,4,ESU6 C7700
2026-04-23T14:13:20.590768668Z,2026-04-23T14:13:20.586578805Z,1,1,42532466,T,A,0,20.000000000,1,0,14504,951393090,20.000000000,20.500000000,187,163,3,3,ESH7 C9000
2026-04-23T14:13:55.000985321Z,2026-04-23T14:13:55.000301575Z,1,1,2650673,T,B,0,-5.500000000,8,0,14712,360196114,-5.700000000,-5.500000000,12,8,4,1,UD:1V: 13 2650673
2026-04-23T14:14:05.651846474Z,2026-04-23T14:14:05.591506575Z,1,1,42429372,T,A,0,82.750000000,1,0,15837,951880583,82.750000000,83.250000000,1,68,1,5,ESU6 C7700
2026-04-23T14:14:16.484037622Z,2026-04-23T14:14:16.440954735Z,1,1,42572477,T,B,0,7.400000000,5,0,14302,952002172,7.300000000,7.400000000,75,5,3,1,ESM6 C7750
2026-04-23T14:14:18.938440883Z,2026-04-23T14:14:18.834755295Z,1,1,2647314,T,B,0,247.000000000,10,0,14193,360323998,246.500000000,247.000000000,140,10,4,1,UD:1V: IB 2647314
2026-04-23T14:14:29.772971546Z,2026-04-23T14:14:29.737630367Z,1,1,42429372,T,A,0,82.750000000,1,0,17072,952139572,82.750000000,83.000000000,1,55,1,3,ESU6 C7700
2026-04-23T14:15:01.517811699Z,2026-04-23T14:15:01.233282247Z,1,1,42378449,T,A,0,20.750000000,20,0,16253,952479761,20.750000000,21.000000000,20,269,1,8,ESM6 P6000
2026-04-23T14:15:40.206813054Z,2026-04-23T14:15:39.837816185Z,1,1,2649757,T,B,0,34.750000000,21,0,16568,360744883,34.500000000,34.750000000,333,21,5,2,UD:1V: VT 2649757
2026-04-23T14:15:40.910423909Z,2026-04-23T14:15:40.265404769Z,1,1,42883176,T,B,0,167.000000000,3,0,11442,952979859,166.500000000,167.000000000,21,3,1,1,ESM6 C7175
2026-04-23T14:15:41.323838343Z,2026-04-23T14:15:40.690815353Z,1,1,2662826,T,B,0,14.500000000,3,0,14944,360753744,14.400000000,14.500000000,981,3,5,1,UD:1V: VT 2662826
2026-04-23T14:15:41.595472753Z,2026-04-23T14:15:40.926505183Z,1,1,42458400,T,B,0,20.750000000,17,0,14106,952991407,20.500000000,20.750000000,245,17,5,2,ESU6 C8100
2026-04-23T14:15:47.095196486Z,2026-04-23T14:15:46.858145739Z,1,1,42404374,T,A,0,122.000000000,1,0,15537,953067311,122.000000000,122.500000000,2,47,1,7,ESM6 P7000
2026-04-23T14:15:54.043474191Z,2026-04-23T14:15:54.026341605Z,1,1,42504712,T,B,0,9.600000000,1,0,10990,953164652,9.400000000,9.600000000,183,1,1,1,ESZ7 C11000
2026-04-23T14:15:55.317319804Z,2026-04-23T14:15:55.286668565Z,1,1,792621,T,A,0,24.250000000,1,0,11412,953177870,24.250000000,25.000000000,66,254,1,6,ESZ6 C8500
2026-04-23T14:15:55.444888023Z,2026-04-23T14:15:55.366162023Z,1,1,42510079,T,A,0,80.500000000,1,0,13498,953180448,80.500000000,80.750000000,1,48,1,6,ESM6 C7350
2026-04-23T14:16:06.696702393Z,2026-04-23T14:16:05.540507229Z,1,1,42378592,T,A,0,46.500000000,1,0,11172,953318928,46.500000000,47.250000000,1,88,1,1,ESM6 P6500
2026-04-23T14:16:08.104334582Z,2026-04-23T14:16:07.029331821Z,1,1,2650422,T,A,0,99.500000000,19,0,16925,360927238,99.500000000,100.000000000,25,73,1,1,UD:1V: VT 2650422
2026-04-23T14:16:08.191512031Z,2026-04-23T14:16:07.042809145Z,1,1,2650422,T,A,0,99.500000000,1,0,13914,360928103,99.500000000,100.000000000,6,73,1,1,UD:1V: VT 2650422
2026-04-23T14:16:09.217322231Z,2026-04-23T14:16:08.328462923Z,1,1,2650422,T,A,0,99.500000000,5,0,14371,360938125,99.500000000,100.000000000,5,73,1,1,UD:1V: VT 2650422
2026-04-23T14:16:17.592792110Z,2026-04-23T14:16:17.415327967Z,1,1,42413698,T,A,0,10.000000000,1,0,13687,953477347,10.000000000,10.100000000,125,159,1,2,ESU6 P3700
2026-04-23T14:16:17.593001091Z,2026-04-23T14:16:17.415328145Z,1,1,42413698,T,A,0,10.000000000,1,0,11080,953477349,10.000000000,10.100000000,124,159,1,2,ESU6 P3700
2026-04-23T14:16:28.703286028Z,2026-04-23T14:16:28.684257695Z,1,1,42903306,T,A,0,71.250000000,2,0,15056,953598770,71.250000000,71.750000000,2,116,1,7,ESM6 C7375
2026-04-23T14:16:29.220837684Z,2026-04-23T14:16:29.007165303Z,1,1,42510079,T,A,0,80.500000000,1,0,16633,953607599,80.500000000,80.750000000,1,23,1,1,ESM6 C7350
2026-04-23T14:16:58.734529131Z,2026-04-23T14:16:58.728286719Z,1,1,42378449,T,A,0,20.500000000,20,0,13135,953973770,20.500000000,20.750000000,20,255,1,9,ESM6 P6000
2026-04-23T14:17:03.099879849Z,2026-04-23T14:17:03.002449831Z,1,1,42416106,T,A,0,47.750000000,5,0,11225,954013980,47.750000000,48.000000000,5,4,1,2,ESM6 C7450
2026-04-23T14:17:14.824535624Z,2026-04-23T14:17:14.823976151Z,1,1,42378449,T,A,0,20.500000000,20,0,14047,954120695,20.500000000,20.750000000,20,332,1,10,ESM6 P6000
2026-04-23T14:17:16.665440785Z,2026-04-23T14:17:16.449943971Z,1,1,42439503,T,A,0,31.250000000,5,0,13104,954144785,31.250000000,31.500000000,5,128,1,3,ESU6 P5100
2026-04-23T14:18:34.778988329Z,2026-04-23T14:18:34.729439533Z,1,1,42510079,T,A,0,80.000000000,1,0,17291,954866476,80.000000000,80.250000000,1,47,1,7,ESM6 C7350
2026-04-23T14:18:43.208984260Z,2026-04-23T14:18:43.208410443Z,1,1,42300184,T,A,0,90.750000000,1,0,13928,954973170,90.750000000,91.000000000,1,103,1,8,ESM6 P6850
2026-04-23T14:20:06.808805316Z,2026-04-23T14:20:06.679404257Z,1,1,42429372,T,B,0,83.000000000,1,0,13275,955789894,82.750000000,83.000000000,52,1,4,1,ESU6 C7700
2026-04-23T14:20:45.154359523Z,2026-04-23T14:20:45.083170961Z,1,1,42416106,T,A,0,47.500000000,12,0,15386,956145406,47.500000000,47.750000000,12,2,3,1,ESM6 C7450
2026-04-23T14:20:55.521433681Z,2026-04-23T14:20:55.359676473Z,1,1,42372969,T,B,0,283.500000000,1,0,12886,956232597,283.000000000,283.500000000,14,1,4,1,ESM6 C7000
2026-04-23T14:20:59.676991284Z,2026-04-23T14:20:59.676426609Z,1,1,42458377,T,B,0,41.500000000,5,0,14998,956274167,41.250000000,41.500000000,32,113,2,3,ESU6 P5400
2026-04-23T14:21:09.971748671Z,2026-04-23T14:21:09.936389569Z,1,1,42416106,T,A,0,47.500000000,7,0,16478,956401560,47.500000000,48.000000000,7,140,2,8,ESM6 C7450
2026-04-23T14:21:18.919578407Z,2026-04-23T14:21:18.364627931Z,1,1,42394754,T,B,0,28.000000000,5,0,14852,956530139,27.750000000,28.000000000,382,5,9,1,ESM6 P6200
2026-04-23T14:21:54.654917755Z,2026-04-23T14:21:54.654600077Z,1,1,42413476,T,A,0,118.000000000,2,0,17094,956892362,118.000000000,118.500000000,2,65,1,6,ESU6 P6400
2026-04-23T14:21:58.227888270Z,2026-04-23T14:21:58.199511197Z,1,1,42384779,T,A,0,55.750000000,2,0,16261,956914950,55.750000000,56.000000000,2,105,1,4,ESM6 P6600
2026-04-23T14:22:09.198122565Z,2026-04-23T14:22:09.089987729Z,1,1,42987642,T,A,0,19.600000000,5,0,15998,957019146,19.600000000,19.800000000,5,136,1,5,ESM6 P5975
2026-04-23T14:22:10.023768705Z,2026-04-23T14:22:10.006392181Z,1,1,42394753,T,A,0,18.900000000,5,0,13909,957026129,18.900000000,19.100000000,5,197,1,7,ESM6 P5950
2026-04-23T14:22:10.463888983Z,2026-04-23T14:22:10.282128919Z,1,1,42853787,T,A,0,17.000000000,4,0,14497,957034141,17.000000000,17.200000000,5,295,1,8,ESM6 P5875
2026-04-23T14:22:50.581923878Z,2026-04-23T14:22:50.230616485Z,1,1,42853787,T,A,0,17.000000000,1,0,15305,957418366,17.000000000,17.200000000,1,189,1,5,ESM6 P5875
2026-04-23T14:22:51.322923497Z,2026-04-23T14:22:51.146162973Z,1,1,42708161,T,A,0,10.200000000,5,0,14099,957431752,10.200000000,10.400000000,5,329,1,7,ESM6 P5475
2026-04-23T14:22:51.466821839Z,2026-04-23T14:22:51.279132077Z,1,1,42394754,T,A,0,27.750000000,5,0,13956,957434323,27.750000000,28.000000000,5,140,1,7,ESM6 P6200
2026-04-23T14:23:26.571946529Z,2026-04-23T14:23:26.571677361Z,1,1,42397652,T,B,0,113.000000000,50,0,15157,957737246,112.500000000,113.000000000,71,50,6,1,ESU6 C7600
2026-04-23T14:23:29.715950633Z,2026-04-23T14:23:29.715354103Z,1,1,2638966,T,B,0,27.250000000,5,0,14354,362895118,27.000000000,27.250000000,1321,5,6,1,UD:1V: VT 2638966
2026-04-23T14:23:31.004699406Z,2026-04-23T14:23:30.967721325Z,1,1,2517015,T,A,0,29.250000000,5,0,12758,362898961,29.250000000,29.500000000,5,775,1,7,UD:1V: VT 2517015
2026-04-23T14:23:45.276413425Z,2026-04-23T14:23:45.213124239Z,1,1,42404374,T,A,0,122.000000000,4,0,11670,957878310,122.000000000,122.500000000,4,89,1,8,ESM6 P7000
2026-04-23T14:23:48.204342809Z,2026-04-23T14:23:48.203992163Z,1,1,42668409,T,B,0,35.250000000,100,0,13165,957903055,35.000000000,35.250000000,90,100,3,1,ESU6 C7950
2026-04-23T14:23:52.721233105Z,2026-04-23T14:23:52.530144203Z,1,1,221001,T,B,0,58.250000000,112,0,14021,957955812,57.000000000,58.250000000,229,112,3,1,ESZ7 P3800
2026-04-23T14:23:54.889180063Z,2026-04-23T14:23:54.783804485Z,1,1,42668409,T,B,0,35.250000000,62,0,12364,957973529,35.000000000,35.250000000,150,100,4,1,ESU6 C7950
2026-04-23T14:23:54.892352256Z,2026-04-23T14:23:54.783812683Z,1,1,42668409,T,B,0,35.250000000,38,0,11326,957973587,35.000000000,35.250000000,150,38,4,1,ESU6 C7950
2026-04-23T14:24:26.879995097Z,2026-04-23T14:24:26.833264297Z,1,1,42378374,T,A,0,188.000000000,1,0,13814,958269219,188.000000000,188.500000000,1,59,1,9,ESM6 P7200
2026-04-23T14:24:29.652409780Z,2026-04-23T14:24:29.263576753Z,1,1,42439354,T,A,0,192.500000000,1,0,14083,958301051,192.500000000,193.000000000,1,45,1,3,ESU6 P6850
2026-04-23T14:24:38.461242188Z,2026-04-23T14:24:38.366282787Z,1,1,42458400,T,B,0,20.750000000,17,0,11251,958388461,20.500000000,20.750000000,187,17,4,2,ESU6 C8100
2026-04-23T14:24:48.634103190Z,2026-04-23T14:24:48.607062435Z,1,1,2649757,T,B,0,35.000000000,1,0,14306,363224758,34.750000000,35.000000000,390,1,6,1,UD:1V: VT 2649757
2026-04-23T14:24:50.103608471Z,2026-04-23T14:24:50.103016765Z,1,1,2637107,T,A,0,336.000000000,1,0,14540,363229623,336.000000000,338.000000000,1,73,1,1,UD:1V: GN 2637107
2026-04-23T14:25:14.138787951Z,2026-04-23T14:25:14.098818031Z,1,1,42300184,T,B,0,89.250000000,1,0,11338,958753274,89.000000000,89.250000000,1,18,1,2,ESM6 P6850
2026-04-23T14:25:24.285887204Z,2026-04-23T14:25:24.119243565Z,1,1,2694882,T,B,0,32.250000000,4,0,13837,363388460,32.000000000,32.250000000,960,4,7,1,UD:1V: VT 2694882
2026-04-23T14:25:31.880105307Z,2026-04-23T14:25:31.506802645Z,1,1,42378618,T,B,0,98.250000000,2,0,11776,958935919,97.750000000,98.250000000,53,32,4,2,ESM6 P6900
2026-04-23T14:26:29.727889868Z,2026-04-23T14:26:29.713570723Z,1,1,42377530,T,A,0,182.000000000,28,0,16321,959473511,182.000000000,182.500000000,28,65,1,5,ESU6 P6800
2026-04-23T14:26:34.257031793Z,2026-04-23T14:26:34.217148989Z,1,1,4248491,T,B,0,280.500000000,10,0,19400,959502853,280.000000000,280.500000000,41,10,2,1,ESZ6 P6900
2026-04-23T14:26:39.236298310Z,2026-04-23T14:26:39.235961509Z,1,1,42479831,T,B,0,268.500000000,10,0,17587,959551656,268.000000000,268.500000000,56,10,3,1,ESZ6 P6850
2026-04-23T14:26:55.236475782Z,2026-04-23T14:26:55.226328639Z,1,1,4248491,T,B,0,280.500000000,10,0,14929,959656726,280.000000000,280.500000000,72,10,3,1,ESZ6 P6900
2026-04-23T14:27:17.470654971Z,2026-04-23T14:27:17.168814501Z,1,1,42384724,T,B,0,153.500000000,1,0,13425,959820721,153.000000000,153.500000000,48,1,5,1,ESM6 C7200
2026-04-23T14:27:36.402922331Z,2026-04-23T14:27:36.396571053Z,1,1,42479831,T,B,0,268.000000000,10,0,14239,959999734,267.500000000,268.000000000,49,10,3,1,ESZ6 P6850
2026-04-23T14:27:46.266814793Z,2026-04-23T14:27:46.233022717Z,1,1,4248491,T,B,0,280.500000000,9,0,13248,960071210,280.000000000,280.500000000,59,9,2,1,ESZ6 P6900
2026-04-23T14:28:15.186536949Z,2026-04-23T14:28:15.069527409Z,1,1,42499829,T,B,0,181.500000000,1,0,11700,960485886,180.500000000,181.500000000,23,49,4,6,ESM6 C7150
2026-04-23T14:28:17.380896960Z,2026-04-23T14:28:16.774710019Z,1,1,42892714,T,B,0,8.700000000,1,0,15214,960515940,8.500000000,8.700000000,153,5,5,1,ESM6 C7725
2026-04-23T14:28:50.737257408Z,2026-04-23T14:28:50.735484571Z,1,1,42378280,T,A,0,703.000000000,1,0,16235,960803182,703.000000000,708.000000000,9,9,2,2,ESM6 C6500
2026-04-23T14:29:33.141998943Z,2026-04-23T14:29:33.133931507Z,1,1,42394812,T,A,0,81.500000000,1,0,18057,961147918,81.500000000,81.750000000,59,1,3,1,ESM6 P6800
2026-04-23T14:30:05.516445548Z,2026-04-23T14:30:05.422092321Z,1,1,42572477,T,B,0,7.500000000,5,0,12347,961499700,7.300000000,7.500000000,235,5,6,1,ESM6 C7750
2026-04-23T14:30:14.068022199Z,2026-04-23T14:30:14.066198321Z,1,1,42572477,T,B,0,7.500000000,5,0,14869,961577399,7.300000000,7.500000000,278,5,7,1,ESM6 C7750
2026-04-23T14:30:18.201739487Z,2026-04-23T14:30:18.125205873Z,1,1,42378218,T,A,0,1.600000000,1,0,11534,961619636,1.600000000,1.650000000,1,218,1,3,ESM6 P3700
2026-04-23T14:31:36.984301391Z,2026-04-23T14:31:36.983574867Z,1,1,42499829,T,B,0,183.500000000,1,0,19423,962349941,182.500000000,183.500000000,96,46,7,6,ESM6 C7150
2026-04-23T14:31:46.994429767Z,2026-04-23T14:31:46.633121965Z,1,1,42394812,T,A,0,80.000000000,1,0,13959,962458535,80.000000000,80.250000000,1,102,1,4,ESM6 P6800
2026-04-23T14:31:56.120910396Z,2026-04-23T14:31:55.408327295Z,1,1,2651017,T,A,0,4.900000000,5,0,14431,364964608,4.900000000,4.950000000,5,44,1,1,UD:1V: GN 2651017
2026-04-23T14:32:12.784195286Z,2026-04-23T14:32:12.782416215Z,1,1,42378280,T,A,0,706.500000000,1,0,15852,962698729,706.500000000,711.500000000,1,9,1,2,ESM6 C6500
2026-04-23T14:32:35.408767159Z,2026-04-23T14:32:35.012593021Z,1,1,2548778,T,B,0,17.600000000,5,0,14115,365127269,17.500000000,17.600000000,436,5,4,1,UD:1V: VT 2548778
2026-04-23T14:33:25.033695926Z,2026-04-23T14:33:25.033202085Z,1,1,42378618,T,A,0,98.000000000,2,0,16137,963329997,98.000000000,98.250000000,2,100,1,7,ESM6 P6900
2026-04-23T14:33:25.038431607Z,2026-04-23T14:33:25.037966019Z,1,1,42378618,T,A,0,98.000000000,2,0,13320,963330021,98.000000000,98.250000000,2,100,1,7,ESM6 P6900
2026-04-23T14:33:25.039488763Z,2026-04-23T14:33:25.039021305Z,1,1,42378618,T,A,0,98.000000000,2,0,13885,963330028,98.000000000,98.250000000,2,100,1,7,ESM6 P6900
2026-04-23T14:33:25.041665718Z,2026-04-23T14:33:25.041196825Z,1,1,42378618,T,A,0,98.000000000,2,0,13193,963330036,98.000000000,98.250000000,2,100,1,7,ESM6 P6900
2026-04-23T14:33:25.046612628Z,2026-04-23T14:33:25.046163543Z,1,1,42378618,T,A,0,98.000000000,2,0,13275,963330058,98.000000000,98.250000000,2,100,1,7,ESM6 P6900
2026-04-23T14:33:25.701930047Z,2026-04-23T14:33:25.693147745Z,1,1,42377577,T,B,0,60.000000000,31,0,15515,963335257,59.750000000,60.000000000,42,31,4,1,ESU6 C7800
2026-04-23T14:33:34.428895447Z,2026-04-23T14:33:34.428412625Z,1,1,42399706,T,B,0,66.000000000,2,0,16332,963397405,65.750000000,66.000000000,124,2,6,1,ESM6 P6700
2026-04-23T14:33:52.580679937Z,2026-04-23T14:33:52.550645415Z,1,1,42399706,T,B,0,66.000000000,2,0,11558,963527999,65.750000000,66.000000000,124,2,6,1,ESM6 P6700
2026-04-23T14:33:52.656204867Z,2026-04-23T14:33:52.580827817Z,1,1,42399706,T,B,0,66.000000000,2,0,14150,963529298,65.750000000,66.000000000,124,2,6,1,ESM6 P6700
2026-04-23T14:33:53.013218572Z,2026-04-23T14:33:53.012755791Z,1,1,2651418,T,A,0,-4.150000000,2,0,14835,365407362,-4.150000000,-3.750000000,2,48,1,3,UD:1V: GN 2651418
2026-04-23T14:33:53.865239238Z,2026-04-23T14:33:53.861760129Z,1,1,42399706,T,B,0,66.000000000,2,0,12899,963537010,65.750000000,66.000000000,124,2,6,1,ESM6 P6700
2026-04-23T14:33:56.644862519Z,2026-04-23T14:33:56.625712437Z,1,1,42399706,T,B,0,66.000000000,2,0,14215,963556998,65.750000000,66.000000000,124,2,6,1,ESM6 P6700
2026-04-23T14:34:03.607145511Z,2026-04-23T14:34:03.606566895Z,1,1,2651151,T,A,0,27.750000000,1,0,14163,365455265,27.750000000,28.000000000,1,766,1,8,UD:1V: IC 2651151
2026-04-23T14:34:16.630256023Z,2026-04-23T14:34:16.608800459Z,1,1,42378618,T,A,0,98.000000000,1,0,13496,963742103,98.000000000,98.250000000,1,70,1,6,ESM6 P6900
2026-04-23T14:34:16.669145537Z,2026-04-23T14:34:16.649700021Z,1,1,42378618,T,A,0,98.000000000,1,0,14208,963743101,98.000000000,98.250000000,1,70,1,6,ESM6 P6900
2026-04-23T14:34:16.747895134Z,2026-04-23T14:34:16.704278309Z,1,1,42378618,T,A,0,98.000000000,1,0,15120,963744917,98.000000000,98.250000000,1,70,1,6,ESM6 P6900
2026-04-23T14:34:16.914407929Z,2026-04-23T14:34:16.893455143Z,1,1,42378618,T,A,0,98.000000000,1,0,13350,963746858,98.000000000,98.250000000,1,70,1,6,ESM6 P6900
2026-04-23T14:34:16.925324865Z,2026-04-23T14:34:16.923208071Z,1,1,42378618,T,A,0,98.000000000,1,0,13559,963747168,98.000000000,98.250000000,1,70,1,6,ESM6 P6900
2026-04-23T14:34:16.968907326Z,2026-04-23T14:34:16.964706207Z,1,1,42378618,T,A,0,98.000000000,1,0,13854,963747497,98.000000000,98.250000000,1,70,1,6,ESM6 P6900
2026-04-23T14:34:28.070982451Z,2026-04-23T14:34:28.062790477Z,1,1,42399706,T,B,0,66.000000000,1,0,15166,963814773,65.750000000,66.000000000,129,1,7,1,ESM6 P6700
2026-04-23T14:34:29.110983998Z,2026-04-23T14:34:29.110461425Z,1,1,42399706,T,B,0,66.000000000,1,0,13133,963821078,65.750000000,66.000000000,106,1,7,1,ESM6 P6700
2026-04-23T14:34:31.047222094Z,2026-04-23T14:34:31.046691413Z,1,1,42399706,T,B,0,66.000000000,1,0,13832,963830083,65.750000000,66.000000000,137,1,8,1,ESM6 P6700
2026-04-23T14:34:32.137639311Z,2026-04-23T14:34:32.137094069Z,1,1,42399706,T,B,0,66.000000000,1,0,13163,963836474,65.750000000,66.000000000,137,1,8,1,ESM6 P6700
2026-04-23T14:34:33.531952954Z,2026-04-23T14:34:33.531448785Z,1,1,42399706,T,B,0,66.000000000,1,0,16000,963841393,65.750000000,66.000000000,137,1,8,1,ESM6 P6700
2026-04-23T14:34:35.872077931Z,2026-04-23T14:34:35.827238745Z,1,1,42399706,T,B,0,66.000000000,1,0,14702,963854891,65.750000000,66.000000000,137,1,8,1,ESM6 P6700
2026-04-23T14:35:07.876794750Z,2026-04-23T14:35:07.876221931Z,1,1,42372969,T,B,0,285.000000000,1,0,13599,964108884,284.000000000,285.000000000,28,2,6,1,ESM6 C7000
2026-04-23T14:35:35.860838062Z,2026-04-23T14:35:35.860274591Z,1,1,42499829,T,B,0,183.000000000,1,0,14426,964306514,182.000000000,183.000000000,74,38,6,5,ESM6 C7150
2026-04-23T14:35:38.448606467Z,2026-04-23T14:35:38.376351785Z,1,1,539869,T,A,0,124.500000000,2,0,13160,964328688,124.500000000,125.000000000,2,92,1,3,ESZ6 P6000
2026-04-23T14:36:02.768050804Z,2026-04-23T14:36:02.727616465Z,1,1,42378280,T,A,0,706.000000000,1,0,14266,964544911,706.000000000,711.000000000,1,26,1,3,ESM6 C6500
2026-04-23T14:36:30.824044660Z,2026-04-23T14:36:30.823466713Z,1,1,42372969,T,B,0,286.000000000,1,0,13337,964778163,285.000000000,286.000000000,14,14,4,4,ESM6 C7000
2026-04-23T14:37:05.245375353Z,2026-04-23T14:37:05.244835349Z,1,1,42378449,T,A,0,19.800000000,1,0,13733,965000604,19.800000000,20.000000000,1,127,1,3,ESM6 P6000
2026-04-23T14:37:07.468539145Z,2026-04-23T14:37:07.464774019Z,1,1,42394754,T,A,0,27.000000000,5,0,13067,965026672,27.000000000,27.250000000,5,251,1,9,ESM6 P6200
2026-04-23T14:37:07.477846321Z,2026-04-23T14:37:07.469107741Z,1,1,42836581,T,A,0,20.500000000,5,0,16011,965026723,20.500000000,20.750000000,5,216,1,7,ESM6 P6025
2026-04-23T14:37:07.502894797Z,2026-04-23T14:37:07.484725159Z,1,1,42404367,T,A,0,23.000000000,5,0,16001,965026848,23.000000000,23.250000000,5,206,1,8,ESM6 P6100
2026-04-23T14:37:10.637700343Z,2026-04-23T14:37:10.628127063Z,1,1,42372983,T,A,0,21.250000000,5,0,14258,965047677,21.250000000,21.500000000,5,300,1,9,ESM6 P6050
2026-04-23T14:37:46.580423038Z,2026-04-23T14:37:46.507044973Z,1,1,42384724,T,A,0,152.500000000,1,0,13680,965376720,152.500000000,153.000000000,23,36,2,4,ESM6 C7200
2026-04-23T14:38:57.086134595Z,2026-04-23T14:38:57.026588303Z,1,1,42487843,T,A,0,168.000000000,3,0,17942,966100348,168.000000000,168.500000000,3,96,1,8,ESM6 P7150
2026-04-23T14:38:58.295816867Z,2026-04-23T14:38:58.295293857Z,1,1,42572477,T,B,0,7.400000000,5,0,14067,966108732,7.300000000,7.400000000,62,5,4,1,ESM6 C7750
2026-04-23T14:39:38.083998082Z,2026-04-23T14:39:38.045218289Z,1,1,42572477,T,B,0,7.400000000,5,0,13863,966509705,7.300000000,7.400000000,57,5,3,1,ESM6 C7750
2026-04-23T14:39:44.723458932Z,2026-04-23T14:39:44.721716435Z,1,1,42372979,T,A,0,100.500000000,3,0,16688,966565205,100.500000000,101.000000000,81,14,7,3,ESM6 C7300
2026-04-23T14:39:50.632155818Z,2026-04-23T14:39:50.592341083Z,1,1,42409666,T,A,0,15.000000000,1,0,16304,966615823,15.000000000,15.100000000,1,201,1,7,ESM6 P5800
2026-04-23T14:40:21.455587644Z,2026-04-23T14:40:21.400515011Z,1,1,42883176,T,B,0,167.000000000,3,0,11398,966887224,166.500000000,167.000000000,76,3,7,1,ESM6 C7175
2026-04-23T14:41:18.963987001Z,2026-04-23T14:41:18.842626489Z,1,1,2611958,T,B,0,13.600000000,5,0,18233,367044458,13.400000000,13.600000000,744,5,6,1,UD:1V: VT 2611958
2026-04-23T14:42:00.554763799Z,2026-04-23T14:42:00.066309999Z,1,1,2611958,T,B,0,13.600000000,5,0,14692,367201669,13.500000000,13.600000000,103,5,2,1,UD:1V: VT 2611958
2026-04-23T14:42:00.787660729Z,2026-04-23T14:42:00.485366023Z,1,1,2646171,T,B,0,20.250000000,5,0,14243,367203925,20.000000000,20.250000000,712,5,7,1,UD:1V: VT 2646171
2026-04-23T14:42:43.475407412Z,2026-04-23T14:42:43.471354973Z,1,1,42572477,T,B,0,7.400000000,5,0,13110,968192081,7.200000000,7.400000000,357,5,9,1,ESM6 C7750
2026-04-23T14:44:02.059457463Z,2026-04-23T14:44:02.046012447Z,1,1,42320751,T,A,0,208.500000000,1,0,17032,968902727,208.500000000,209.000000000,1,45,1,6,ESM6 P7250
2026-04-23T14:44:04.854299425Z,2026-04-23T14:44:04.834907589Z,1,1,2662826,T,B,0,14.600000000,3,0,12605,367703169,14.500000000,14.600000000,856,3,6,1,UD:1V: VT 2662826
2026-04-23T14:45:22.821271641Z,2026-04-23T14:45:22.816042037Z,1,1,2651932,T,A,0,-0.700000000,1,0,17674,367979267,-0.700000000,-0.300000000,1,7,1,3,UD:1V: GN 2651932
2026-04-23T14:45:31.762402996Z,2026-04-23T14:45:31.718787919Z,1,1,42404374,T,A,0,119.000000000,1,0,13434,969646461,119.000000000,119.500000000,1,106,1,8,ESM6 P7000
2026-04-23T14:45:43.165476824Z,2026-04-23T14:45:43.051370065Z,1,1,2638966,T,B,0,27.500000000,5,0,14356,368051094,27.250000000,27.500000000,1186,5,6,1,UD:1V: VT 2638966
2026-04-23T14:45:46.317295292Z,2026-04-23T14:45:46.316727551Z,1,1,2638966,T,B,0,27.500000000,5,0,13093,368060065,27.250000000,27.500000000,1629,5,8,1,UD:1V: VT 2638966
2026-04-23T14:45:50.990385310Z,2026-04-23T14:45:50.989822495Z,1,1,42572477,T,B,0,7.600000000,5,0,16330,969798436,7.500000000,7.600000000,78,5,4,1,ESM6 C7750
2026-04-23T14:45:50.991429581Z,2026-04-23T14:45:50.990419899Z,1,1,42572477,T,A,0,7.600000000,15,0,11160,969798457,7.600000000,7.700000000,15,99,1,4,ESM6 C7750
2026-04-23T14:45:59.324339620Z,2026-04-23T14:45:59.180775137Z,1,1,42384731,T,A,0,232.500000000,2,0,14907,969868668,232.500000000,233.000000000,2,7,2,2,ESM6 P7300
2026-04-23T14:46:26.563959308Z,2026-04-23T14:46:26.557874435Z,1,1,2651017,T,A,0,5.100000000,5,0,14013,368196710,5.100000000,5.200000000,5,50,1,2,UD:1V: GN 2651017
2026-04-23T14:47:08.010730008Z,2026-04-23T14:47:08.008593471Z,1,1,42394754,T,A,0,26.750000000,1,0,14016,970468115,26.750000000,27.000000000,15,64,1,7,ESM6 P6200
2026-04-23T14:47:11.540592535Z,2026-04-23T14:47:11.522585711Z,1,1,42394754,T,A,0,26.750000000,1,0,16636,970503204,26.750000000,27.000000000,15,185,1,8,ESM6 P6200
2026-04-23T14:47:20.548395735Z,2026-04-23T14:47:20.547930403Z,1,1,2645519,T,B,0,38.500000000,1,0,12655,368413380,38.250000000,38.500000000,186,1,6,1,UD:1V: VT 2645519
2026-04-23T14:47:28.270368609Z,2026-04-23T14:47:28.268407127Z,1,1,42394754,T,A,0,26.750000000,1,0,14702,970636979,26.750000000,27.000000000,15,221,1,7,ESM6 P6200
2026-04-23T14:47:41.511162108Z,2026-04-23T14:47:41.451780911Z,1,1,42404325,T,A,0,1.750000000,1,0,12843,970732657,1.750000000,1.800000000,1,555,1,5,ESM6 P3800
2026-04-23T14:47:44.615989672Z,2026-04-23T14:47:44.599109649Z,1,1,2611958,T,B,0,13.400000000,5,0,13593,368488652,13.300000000,13.400000000,540,5,5,1,UD:1V: VT 2611958
2026-04-23T14:47:48.209851180Z,2026-04-23T14:47:48.197819835Z,1,1,42629927,T,A,0,20.750000000,5,0,16841,970800448,20.750000000,21.000000000,5,193,1,6,ESM6 P6040
2026-04-23T14:47:48.217105338Z,2026-04-23T14:47:48.208098571Z,1,1,42404367,T,A,0,22.750000000,5,0,15775,970800495,22.750000000,23.000000000,5,181,1,7,ESM6 P6100
2026-04-23T14:47:50.717540741Z,2026-04-23T14:47:50.654289331Z,1,1,2611958,T,B,0,13.400000000,5,0,11767,368513506,13.300000000,13.400000000,318,5,4,1,UD:1V: VT 2611958
2026-04-23T14:50:52.303358254Z,2026-04-23T14:50:52.302846825Z,1,1,42378592,T,B,0,45.000000000,2,0,16197,972183319,44.500000000,45.000000000,147,133,6,6,ESM6 P6500
2026-04-23T14:51:00.795106418Z,2026-04-23T14:51:00.779315477Z,1,1,42384724,T,B,0,154.500000000,2,0,14262,972234378,154.000000000,154.500000000,52,2,7,1,ESM6 C7200
2026-04-23T14:51:02.992134036Z,2026-04-23T14:51:02.991612357Z,1,1,539869,T,A,0,124.000000000,1,0,14164,972252783,124.000000000,124.500000000,1,179,1,5,ESZ6 P6000
2026-04-23T14:51:48.654329641Z,2026-04-23T14:51:48.653875521Z,1,1,42883176,T,B,0,169.000000000,3,0,15945,972529088,168.500000000,169.000000000,124,3,7,1,ESM6 C7175
2026-04-23T14:51:53.095896166Z,2026-04-23T14:51:53.090776269Z,1,1,42883176,T,A,0,169.000000000,3,0,14854,972555412,169.000000000,169.500000000,3,73,1,9,ESM6 C7175
2026-04-23T14:51:59.893197923Z,2026-04-23T14:51:59.883141113Z,1,1,42883176,T,A,0,169.000000000,3,0,15406,972590061,169.000000000,169.500000000,3,108,1,10,ESM6 C7175
2026-04-23T14:52:14.960928547Z,2026-04-23T14:52:14.723279581Z,1,1,42404370,T,A,0,37.250000000,1,0,14124,972704491,37.250000000,37.500000000,1,202,1,7,ESM6 P6400
2026-04-23T14:52:17.636653933Z,2026-04-23T14:52:16.037956479Z,1,1,42394733,T,A,0,8.000000000,5,0,14323,972744832,8.000000000,8.100000000,5,174,1,2,ESM6 P5300
2026-04-23T14:52:17.801126918Z,2026-04-23T14:52:16.177970855Z,1,1,42399706,T,B,0,64.750000000,1,0,13797,972747695,63.750000000,64.750000000,74,33,1,2,ESM6 P6700
2026-04-23T14:52:17.883096640Z,2026-04-23T14:52:16.246598599Z,1,1,42429362,T,A,0,201.000000000,8,0,11578,972748950,201.000000000,201.500000000,8,23,2,1,ESU6 P6900
2026-04-23T14:52:18.030764627Z,2026-04-23T14:52:16.509057853Z,1,1,2562872,T,A,0,0.950000000,61,0,14560,369312476,0.950000000,1.000000000,90,3689,1,3,UD:1V: VT 2562872
2026-04-23T14:52:21.687285220Z,2026-04-23T14:52:21.518882225Z,1,1,2562872,T,A,0,0.950000000,29,0,14296,369342668,0.950000000,1.000000000,90,3968,1,5,UD:1V: VT 2562872
2026-04-23T14:52:24.789877486Z,2026-04-23T14:52:24.788449017Z,1,1,2562872,T,A,0,0.950000000,61,0,14651,369356536,0.950000000,1.000000000,61,4066,1,6,UD:1V: VT 2562872
2026-04-23T14:52:28.053699330Z,2026-04-23T14:52:28.052409405Z,1,1,2562872,T,A,0,0.950000000,90,0,16048,369367245,0.950000000,1.000000000,90,3968,1,5,UD:1V: VT 2562872
2026-04-23T14:52:31.322040606Z,2026-04-23T14:52:31.313247147Z,1,1,2562872,T,A,0,0.950000000,45,0,14510,369380038,0.950000000,1.000000000,90,3968,1,5,UD:1V: VT 2562872
2026-04-23T14:52:35.106486020Z,2026-04-23T14:52:34.795889221Z,1,1,2562872,T,A,0,0.950000000,45,0,15919,369394448,0.950000000,1.000000000,90,3968,1,5,UD:1V: VT 2562872
2026-04-23T14:52:38.211011622Z,2026-04-23T14:52:38.208160255Z,1,1,2562872,T,A,0,0.950000000,45,0,15853,369405004,0.950000000,1.000000000,45,3968,1,5,UD:1V: VT 2562872
2026-04-23T14:53:15.807504407Z,2026-04-23T14:53:15.806944625Z,1,1,2652082,T,B,0,12.300000000,1,0,15873,369524071,12.200000000,12.300000000,70,329,2,5,UD:1V: VT 2652082
2026-04-23T14:53:39.573591815Z,2026-04-23T14:53:39.225791455Z,1,1,42883176,T,A,0,170.000000000,3,0,12885,973368060,170.000000000,170.500000000,3,76,1,8,ESM6 C7175
2026-04-23T14:53:49.474475025Z,2026-04-23T14:53:49.473939745Z,1,1,42378218,T,A,0,1.550000000,1,0,13229,973447877,1.550000000,1.600000000,1,734,1,6,ESM6 P3700
2026-04-23T14:53:51.493625334Z,2026-04-23T14:53:51.480281661Z,1,1,42409640,T,A,0,1.250000000,1,0,13858,973469773,1.250000000,1.300000000,1,782,1,8,ESM6 P3500
2026-04-23T14:54:00.440904325Z,2026-04-23T14:54:00.346397983Z,1,1,42883176,T,B,0,170.000000000,1,0,16405,973530533,169.500000000,170.000000000,54,1,7,1,ESM6 C7175
2026-04-23T14:54:14.561085486Z,2026-04-23T14:54:14.485461495Z,1,1,2649289,T,A,0,47.750000000,1,0,13576,369723309,47.750000000,48.000000000,1,413,1,5,UD:1V: VT 2649289
2026-04-23T14:54:21.950695607Z,2026-04-23T14:54:21.908344251Z,1,1,42487843,T,B,0,164.500000000,3,0,13966,973748684,164.000000000,164.500000000,100,3,8,1,ESM6 P7150
2026-04-23T14:54:22.576935754Z,2026-04-23T14:54:22.576436259Z,1,1,42836585,T,A,0,173.500000000,1,0,14044,973752511,173.500000000,174.500000000,50,86,6,8,ESM6 P7175
2026-04-23T14:54:45.023123240Z,2026-04-23T14:54:45.012215701Z,1,1,2643172,T,A,0,28.750000000,5,0,16721,369814847,28.750000000,29.000000000,5,563,1,4,UD:1V: VT 2643172
2026-04-23T14:54:48.379377047Z,2026-04-23T14:54:48.283904583Z,1,1,42372880,T,A,0,0.800000000,1,0,12932,973921457,0.800000000,0.850000000,1,647,1,7,ESM6 P3100
2026-04-23T14:55:01.109058563Z,2026-04-23T14:55:00.969969639Z,1,1,42409648,T,B,0,535.000000000,2,0,11534,974023095,534.500000000,535.000000000,1,2,1,1,ESM6 C6700
2026-04-23T14:55:08.799085794Z,2026-04-23T14:55:08.628043705Z,1,1,2652287,T,B,0,368.000000000,10,0,14546,369901308,367.500000000,368.000000000,98,10,2,1,UD:1V: IB 2652287
2026-04-23T14:55:09.107767563Z,2026-04-23T14:55:08.878167457Z,1,1,42384731,T,A,0,230.000000000,2,0,14232,974109425,230.000000000,230.500000000,2,27,2,3,ESM6 P7300
2026-04-23T14:55:09.838442969Z,2026-04-23T14:55:09.664347497Z,1,1,42384724,T,A,0,156.000000000,1,0,13946,974121248,156.000000000,157.000000000,14,83,3,7,ESM6 C7200
2026-04-23T14:55:16.520743072Z,2026-04-23T14:55:16.506961841Z,1,1,2645587,T,A,0,34.500000000,1,0,14313,369941842,34.500000000,35.000000000,1,208,1,5,UD:1V: GN 2645587
2026-04-23T14:55:29.999652476Z,2026-04-23T14:55:29.998592185Z,1,1,2652287,T,B,0,368.000000000,10,0,13717,370009647,367.000000000,368.000000000,112,10,2,1,UD:1V: IB 2652287
2026-04-23T14:55:35.457619460Z,2026-04-23T14:55:34.993555319Z,1,1,2558805,T,B,0,2.150000000,60,0,13123,370042345,2.050000000,2.150000000,2042,60,4,1,UD:1V: VT 2558805
2026-04-23T14:55:46.058830419Z,2026-04-23T14:55:46.057695147Z,1,1,42378618,T,A,0,95.000000000,1,0,16948,974502003,95.000000000,95.250000000,1,46,1,6,ESM6 P6900
2026-04-23T14:55:49.859730543Z,2026-04-23T14:55:49.842296425Z,1,1,42384724,T,B,0,156.500000000,1,0,13123,974534317,156.000000000,156.500000000,103,1,8,1,ESM6 C7200
2026-04-23T14:56:15.623702219Z,2026-04-23T14:56:15.547140033Z,1,1,42404374,T,A,0,117.000000000,1,0,11347,974708269,117.000000000,117.500000000,1,137,1,10,ESM6 P7000
2026-04-23T14:56:24.351452582Z,2026-04-23T14:56:24.241802201Z,1,1,42384724,T,B,0,157.000000000,1,0,14203,974765231,156.500000000,157.000000000,93,1,9,1,ESM6 C7200
2026-04-23T14:56:32.763277035Z,2026-04-23T14:56:32.762681287Z,1,1,2652240,T,B,0,117.000000000,50,0,16921,370233492,116.500000000,117.000000000,83,50,4,1,UD:1V:CGN 2652240
2026-04-23T14:56:32.765486667Z,2026-04-23T14:56:32.764476297Z,1,1,2652240,T,A,0,117.000000000,6,0,11410,370233508,117.000000000,118.000000000,6,52,1,4,UD:1V:CGN 2652240
2026-04-23T14:56:32.776979496Z,2026-04-23T14:56:32.764960751Z,1,1,2652240,T,B,0,117.000000000,20,0,17048,370233518,116.500000000,117.000000000,88,44,5,1,UD:1V:CGN 2652240
2026-04-23T14:56:32.800425470Z,2026-04-23T14:56:32.765490149Z,1,1,2652240,T,B,0,117.000000000,24,0,11618,370233930,116.500000000,117.000000000,68,24,4,1,UD:1V:CGN 2652240
2026-04-23T14:56:40.683863778Z,2026-04-23T14:56:40.624811897Z,1,1,2694707,T,A,0,31.000000000,2,0,15962,370265989,31.000000000,31.500000000,2,99,1,2,UD:1V: DB 2694707
2026-04-23T14:56:55.374562505Z,2026-04-23T14:56:55.374011255Z,1,1,2652386,T,B,0,2.950000000,1,0,14013,370303133,,2.950000000,0,1,0,1,UD:1V: VT 2652386
2026-04-23T14:57:04.650626218Z,2026-04-23T14:57:04.538402355Z,1,1,42372979,T,B,0,105.500000000,8,0,11388,975075706,104.500000000,105.500000000,73,28,3,2,ESM6 C7300
2026-04-23T14:57:04.660159251Z,2026-04-23T14:57:04.538565189Z,1,1,42853783,T,B,0,94.250000000,2,0,11303,975075903,93.750000000,94.250000000,21,2,1,1,ESM6 C7325
2026-04-23T14:57:04.662590420Z,2026-04-23T14:57:04.540320219Z,1,1,42738868,T,B,0,12.500000000,1,0,11397,975075976,12.300000000,12.500000000,123,1,4,1,ESM6 C7675
2026-04-23T14:57:04.742509788Z,2026-04-23T14:57:04.571027873Z,1,1,42883177,T,B,0,117.500000000,25,0,16405,975077713,116.500000000,117.500000000,65,25,2,1,ESM6 C7275
2026-04-23T14:57:04.751419027Z,2026-04-23T14:57:04.572415067Z,1,1,42611781,T,B,0,28.000000000,25,0,11494,975077914,27.500000000,28.000000000,77,25,3,1,ESM6 C7550
2026-04-23T14:57:05.083462163Z,2026-04-23T14:57:05.072851581Z,1,1,42804678,T,B,0,143.500000000,1,0,14779,975085293,143.000000000,143.500000000,17,1,1,1,ESM6 C7225
2026-04-23T14:57:05.987427535Z,2026-04-23T14:57:05.953006393Z,1,1,2649908,T,B,0,92.000000000,1,0,12085,370353492,91.750000000,92.000000000,66,1,1,1,UD:1V: VT 2649908
2026-04-23T14:57:07.021255390Z,2026-04-23T14:57:06.986478285Z,1,1,2640993,T,B,0,18.400000000,5,0,13635,370357987,18.300000000,18.400000000,207,5,3,1,UD:1V: VT 2640993
2026-04-23T14:57:07.597461247Z,2026-04-23T14:57:07.596885565Z,1,1,2649757,T,A,0,35.750000000,41,0,14142,370362135,35.750000000,36.000000000,41,519,1,5,UD:1V: VT 2649757
2026-04-23T14:57:08.091292971Z,2026-04-23T14:57:08.032897359Z,1,1,42496686,T,B,0,5.500000000,5,0,12384,975118147,5.400000000,5.500000000,36,5,2,1,ESU6 C8500
2026-04-23T14:57:14.988607895Z,2026-04-23T14:57:14.988285747Z,1,1,42506298,T,A,0,224.500000000,15,0,13817,975174862,224.500000000,225.000000000,15,57,1,5,ESU6 P7000
2026-04-23T14:57:36.335601240Z,2026-04-23T14:57:36.233420391Z,1,1,42384724,T,B,0,158.000000000,1,0,13768,975330371,157.500000000,158.000000000,72,1,6,1,ESM6 C7200
2026-04-23T14:57:52.510078068Z,2026-04-23T14:57:52.123914897Z,1,1,42404325,T,A,0,1.700000000,1,0,14400,975465253,1.700000000,1.750000000,1,193,1,2,ESM6 P3800
2026-04-23T14:57:52.540474583Z,2026-04-23T14:57:52.125938721Z,1,1,42836583,T,A,0,27.000000000,2,0,12832,975465815,27.000000000,27.250000000,2,132,1,4,ESM6 P6225
2026-04-23T14:57:52.856860942Z,2026-04-23T14:57:52.261131085Z,1,1,42397649,T,A,0,211.000000000,1,0,16286,975471413,211.000000000,211.500000000,1,27,1,2,ESU6 P6950
2026-04-23T14:57:53.252702663Z,2026-04-23T14:57:52.758305845Z,1,1,42506298,T,B,0,224.000000000,10,0,14021,975478225,223.000000000,224.000000000,5,30,1,3,ESU6 P7000
2026-04-23T14:57:56.284402885Z,2026-04-23T14:57:56.038224771Z,1,1,42399596,T,A,0,2.350000000,1,0,12946,975522710,2.350000000,2.400000000,1,94,1,3,ESM6 P4100
2026-04-23T14:57:58.789549884Z,2026-04-23T14:57:58.784899901Z,1,1,2564894,T,B,0,9.700000000,5,0,12895,370553929,9.600000000,9.700000000,1966,5,5,1,UD:1V: VT 2564894
2026-04-23T14:58:06.952781950Z,2026-04-23T14:58:06.866671921Z,1,1,2652434,T,A,0,19.900000000,31,0,12859,370596098,19.900000000,20.000000000,50,72,1,3,UD:1V: GN 2652434
2026-04-23T14:58:07.012162423Z,2026-04-23T14:58:06.952681955Z,1,1,2652434,T,A,0,19.900000000,29,0,14317,370596666,19.900000000,20.000000000,19,72,1,3,UD:1V: GN 2652434
2026-04-23T14:58:10.473670731Z,2026-04-23T14:58:10.010271815Z,1,1,42394812,T,B,0,77.500000000,5,0,16043,975678124,77.250000000,77.500000000,29,5,1,1,ESM6 P6800
2026-04-23T14:58:18.183438813Z,2026-04-23T14:58:17.981901535Z,1,1,42397712,T,B,0,44.000000000,30,0,12848,975758895,43.250000000,44.000000000,45,30,2,1,ESU6 C7900
2026-04-23T14:58:19.345764969Z,2026-04-23T14:58:19.343269883Z,1,1,2651951,T,B,0,38.000000000,1,0,13031,370654051,37.500000000,38.000000000,39,1,3,1,UD:1V: GN 2651951
2026-04-23T14:58:29.275106410Z,2026-04-23T14:58:29.222419359Z,1,1,42429372,T,B,0,86.250000000,13,0,11857,975849719,85.500000000,86.250000000,69,13,4,2,ESU6 C7700
2026-04-23T14:58:29.288966071Z,2026-04-23T14:58:29.256144699Z,1,1,42429372,T,A,0,86.250000000,45,0,10467,975850067,86.250000000,86.500000000,15,92,1,3,ESU6 C7700
2026-04-23T14:58:29.288997289Z,2026-04-23T14:58:29.256145721Z,1,1,42429372,T,A,0,86.250000000,5,0,11092,975850069,86.250000000,86.500000000,5,92,1,3,ESU6 C7700
2026-04-23T14:58:53.171543257Z,2026-04-23T14:58:53.170852963Z,1,1,2652489,T,A,0,18.100000000,1,0,14630,370782790,18.100000000,18.300000000,286,370,4,3,UD:1V: VT 2652489
2026-04-23T14:59:03.112883883Z,2026-04-23T14:59:02.996443429Z,1,1,42404374,T,B,0,117.000000000,5,0,11350,976118029,116.500000000,117.000000000,51,5,6,1,ESM6 P7000
2026-04-23T14:59:52.397552428Z,2026-04-23T14:59:52.397095481Z,1,1,2652494,T,A,0,14.000000000,25,0,13376,370998563,14.000000000,14.400000000,25,7,1,2,UD:1V: 3W 2652494
2026-04-23T15:00:08.801375726Z,2026-04-23T15:00:08.728411169Z,1,1,42404374,T,A,0,117.000000000,1,0,15486,976702802,117.000000000,117.500000000,1,146,1,10,ESM6 P7000
2026-04-23T15:00:15.729039156Z,2026-04-23T15:00:15.578047607Z,1,1,42883306,T,A,0,153.500000000,17,0,17378,976783639,153.500000000,154.000000000,34,2,2,1,ESM6 P7125
2026-04-23T15:00:16.668453685Z,2026-04-23T15:00:16.636557837Z,1,1,42853782,T,A,0,204.000000000,12,0,12125,976798187,204.000000000,204.500000000,12,7,2,2,ESM6 C7125
2026-04-23T15:00:39.585046637Z,2026-04-23T15:00:39.481112831Z,1,1,42384724,T,B,0,159.000000000,4,0,11337,977008703,158.500000000,159.000000000,38,4,5,2,ESM6 C7200
2026-04-23T15:00:39.602427953Z,2026-04-23T15:00:39.481788547Z,1,1,2651932,T,A,0,-3.200000000,1,0,14042,371208012,-3.200000000,-2.150000000,1,6,1,2,UD:1V: GN 2651932
2026-04-23T15:00:49.624481806Z,2026-04-23T15:00:49.618364687Z,1,1,42429065,T,B,0,105.500000000,3,0,13107,977107272,105.000000000,105.500000000,96,10,8,3,ESM6 P6950
2026-04-23T15:00:49.704019495Z,2026-04-23T15:00:49.682327129Z,1,1,42429065,T,B,0,105.500000000,3,0,15696,977108500,105.000000000,105.500000000,96,7,8,3,ESM6 P6950
2026-04-23T15:00:49.809852247Z,2026-04-23T15:00:49.809365823Z,1,1,42429065,T,B,0,105.500000000,3,0,16245,977109194,105.000000000,105.500000000,91,3,7,1,ESM6 P6950
2026-04-23T15:01:11.790427684Z,2026-04-23T15:01:11.725775447Z,1,1,2639154,T,B,0,6.500000000,1,0,13654,371332252,6.400000000,6.500000000,1805,1,8,1,UD:1V: VT 2639154
2026-04-23T15:01:21.841320659Z,2026-04-23T15:01:21.296924925Z,1,1,42883177,T,A,0,118.000000000,2,0,15947,977389345,118.000000000,118.500000000,2,33,1,4,ESM6 C7275
2026-04-23T15:01:22.154450775Z,2026-04-23T15:01:21.337185537Z,1,1,42853804,T,B,0,61.250000000,1,0,13147,977394269,61.000000000,61.250000000,2,2,1,1,ESM6 P6675
2026-04-23T15:01:22.155348558Z,2026-04-23T15:01:21.337200675Z,1,1,42853804,T,B,0,61.250000000,1,0,13750,977394276,61.000000000,61.250000000,2,1,1,1,ESM6 P6675
2026-04-23T15:01:35.488168511Z,2026-04-23T15:01:35.487657373Z,1,1,42377432,T,A,0,92.250000000,4,0,13957,977515316,92.250000000,92.750000000,4,133,1,5,ESU6 P6200
2026-04-23T15:01:46.066473729Z,2026-04-23T15:01:45.948864267Z,1,1,42871623,T,A,0,24.500000000,2,0,13135,977594649,24.500000000,24.750000000,2,169,1,7,ESM6 C7575
2026-04-23T15:02:33.311707760Z,2026-04-23T15:02:33.261075441Z,1,1,42366510,T,A,0,221.000000000,2,0,12582,977938767,221.000000000,221.500000000,2,16,1,4,ESM6 C7100
2026-04-23T15:02:35.944882655Z,2026-04-23T15:02:35.938728839Z,1,1,42804683,T,A,0,193.000000000,2,0,20941,977965022,193.000000000,193.500000000,2,112,1,7,ESM6 P7225
2026-04-23T15:02:44.176237324Z,2026-04-23T15:02:44.033395605Z,1,1,2652664,T,A,0,2.950000000,2,0,16871,371628909,2.950000000,3.000000000,1796,2,6,1,UD:1V: VT 2652664
2026-04-23T15:02:53.613663646Z,2026-04-23T15:02:53.612902625Z,1,1,42783705,T,A,0,29.750000000,2,0,12962,978093112,29.750000000,30.000000000,2,309,1,7,ESM6 P6275
2026-04-23T15:03:29.344593317Z,2026-04-23T15:03:29.344063231Z,1,1,42510079,T,B,0,84.500000000,1,0,14099,978344771,84.250000000,84.500000000,36,1,6,1,ESM6 C7350
2026-04-23T15:03:35.707104358Z,2026-04-23T15:03:35.351983045Z,1,1,2639499,T,B,0,16.500000000,30,0,12764,371781372,16.000000000,16.500000000,169,100,4,1,UD:1V: 12 2639499
2026-04-23T15:03:36.585248665Z,2026-04-23T15:03:36.584681779Z,1,1,42853788,T,B,0,32.500000000,2,0,14074,978406829,32.250000000,32.500000000,2,135,1,7,ESM6 P6325
2026-04-23T15:04:30.382286184Z,2026-04-23T15:04:30.303276561Z,1,1,2652723,T,B,0,12.000000000,1,0,11728,371943088,11.400000000,12.000000000,8,12,2,2,UD:1V: GN 2652723
2026-04-23T15:05:40.153776123Z,2026-04-23T15:05:40.103229533Z,1,1,42506298,T,A,0,225.000000000,13,0,14051,979289362,225.000000000,225.500000000,15,43,1,4,ESU6 P7000
2026-04-23T15:05:40.227708937Z,2026-04-23T15:05:40.107587695Z,1,1,42506298,T,A,0,225.000000000,2,0,12853,979290712,225.000000000,225.500000000,2,43,1,4,ESU6 P7000
2026-04-23T15:05:43.284054734Z,2026-04-23T15:05:43.231975173Z,1,1,547283,T,A,0,51.250000000,30,0,11604,979312637,51.250000000,51.750000000,134,287,3,5,ESZ6 P5000
2026-04-23T15:05:43.287592014Z,2026-04-23T15:05:43.231976867Z,1,1,205864,T,A,0,47.250000000,30,0,15424,979312641,47.250000000,47.750000000,76,204,2,4,ESZ6 P4900
2026-04-23T15:05:55.880424433Z,2026-04-23T15:05:55.879842767Z,1,1,2650563,T,A,0,-0.700000000,12,0,19574,372194945,-0.700000000,-0.450000000,100,17,1,3,UD:1V: GN 2650563
2026-04-23T15:06:08.275915788Z,2026-04-23T15:06:08.273858647Z,1,1,42378449,T,A,0,19.300000000,10,0,13389,979477521,19.300000000,19.400000000,10,219,1,6,ESM6 P6000
2026-04-23T15:06:17.381790867Z,2026-04-23T15:06:17.381072391Z,1,1,2650563,T,A,0,-0.700000000,12,0,14508,372245455,-0.700000000,-0.600000000,88,9,1,2,UD:1V: GN 2650563
2026-04-23T15:06:41.788335270Z,2026-04-23T15:06:41.781149293Z,1,1,2639499,T,B,0,16.300000000,12,0,16975,372324866,16.100000000,16.300000000,38,70,3,1,UD:1V: 12 2639499
2026-04-23T15:06:56.480024735Z,2026-04-23T15:06:56.476412875Z,1,1,2639499,T,B,0,16.300000000,58,0,16869,372369701,16.200000000,16.300000000,133,58,4,1,UD:1V: 12 2639499
2026-04-23T15:07:10.289161150Z,2026-04-23T15:07:10.176364413Z,1,1,42384731,T,A,0,230.500000000,1,0,17068,979947833,230.500000000,231.000000000,1,13,1,3,ESM6 P7300
2026-04-23T15:07:29.156707229Z,2026-04-23T15:07:29.156162901Z,1,1,42433358,T,A,0,45.250000000,16,0,13759,980075261,45.250000000,45.750000000,78,296,2,5,ESZ6 P4850
2026-04-23T15:08:27.492234535Z,2026-04-23T15:08:27.454176203Z,1,1,42506306,T,A,0,12.400000000,2,0,13846,980519856,12.400000000,12.700000000,2,469,1,6,ESU6 P4000
2026-04-23T15:09:23.965220807Z,2026-04-23T15:09:23.964885727Z,1,1,42378236,T,B,0,14.500000000,100,0,13953,980941917,14.400000000,14.500000000,780,100,6,1,ESU6 P4200
2026-04-23T15:09:28.067982694Z,2026-04-23T15:09:28.054382789Z,1,1,42378236,T,B,0,14.500000000,1,0,15098,980965315,14.400000000,14.500000000,780,100,6,1,ESU6 P4200
2026-04-23T15:09:28.068157788Z,2026-04-23T15:09:28.054382967Z,1,1,42378236,T,B,0,14.500000000,1,0,12628,980965317,14.400000000,14.500000000,780,99,6,1,ESU6 P4200
2026-04-23T15:09:28.070765799Z,2026-04-23T15:09:28.059882349Z,1,1,42378236,T,B,0,14.500000000,1,0,12953,980965391,14.400000000,14.500000000,780,98,6,1,ESU6 P4200
2026-04-23T15:09:28.071070103Z,2026-04-23T15:09:28.059886093Z,1,1,42378236,T,B,0,14.500000000,97,0,12834,980965393,14.400000000,14.500000000,780,97,6,1,ESU6 P4200
2026-04-23T15:09:31.590739930Z,2026-04-23T15:09:31.568148093Z,1,1,42439504,T,A,0,29.000000000,5,0,13314,980993499,29.000000000,29.250000000,5,344,1,6,ESU6 P5050
2026-04-23T15:09:41.385592812Z,2026-04-23T15:09:41.385028875Z,1,1,42384726,T,B,0,10.100000000,1,0,16765,981060042,9.900000000,10.100000000,69,281,5,8,ESM6 P5500
2026-04-23T15:09:49.929220463Z,2026-04-23T15:09:49.917741993Z,1,1,42439503,T,A,0,30.250000000,1,0,13508,981117182,30.250000000,30.500000000,5,276,1,5,ESU6 P5100
2026-04-23T15:09:49.929438583Z,2026-04-23T15:09:49.917743529Z,1,1,42439503,T,A,0,30.250000000,4,0,11263,981117184,30.250000000,30.500000000,4,276,1,5,ESU6 P5100
2026-04-23T15:09:51.175488467Z,2026-04-23T15:09:51.098403687Z,1,1,42378547,T,A,0,46.250000000,5,0,13036,981124845,46.250000000,46.500000000,5,148,1,3,ESU6 P5550
2026-04-23T15:10:07.127370643Z,2026-04-23T15:10:07.034810633Z,1,1,42853788,T,B,0,32.500000000,2,0,11155,981248935,32.000000000,32.500000000,295,2,8,1,ESM6 P6325
2026-04-23T15:10:07.207281948Z,2026-04-23T15:10:07.123088227Z,1,1,42853788,T,B,0,32.500000000,2,0,10008,981250811,32.000000000,32.500000000,292,122,7,1,ESM6 P6325
2026-04-23T15:10:07.775739589Z,2026-04-23T15:10:07.760387363Z,1,1,42853788,T,B,0,32.500000000,2,0,11298,981258413,32.250000000,32.500000000,44,5,4,1,ESM6 P6325
2026-04-23T15:10:11.288869332Z,2026-04-23T15:10:11.285479009Z,1,1,42883305,T,B,0,35.500000000,3,0,14483,981278749,35.250000000,35.500000000,12,114,2,3,ESM6 P6375
2026-04-23T15:10:11.289052682Z,2026-04-23T15:10:11.285481469Z,1,1,42366515,T,B,0,34.000000000,3,0,11314,981278751,33.750000000,34.000000000,12,120,2,4,ESM6 P6350
2026-04-23T15:10:11.289320758Z,2026-04-23T15:10:11.285482563Z,1,1,42378541,T,B,0,31.250000000,3,0,11395,981278753,30.750000000,31.250000000,246,180,8,4,ESM6 P6300
2026-04-23T15:10:11.289582094Z,2026-04-23T15:10:11.285483809Z,1,1,42394761,T,B,0,28.750000000,3,0,11390,981278755,28.250000000,28.750000000,253,179,8,4,ESM6 P6250
2026-04-23T15:10:11.920828873Z,2026-04-23T15:10:11.913042519Z,1,1,42394770,T,B,0,40.500000000,2,0,15094,981283630,40.250000000,40.500000000,78,2,5,1,ESM6 P6450
2026-04-23T15:10:12.436511358Z,2026-04-23T15:10:12.436012951Z,1,1,42836583,T,B,0,27.500000000,3,0,14114,981287902,27.250000000,27.500000000,90,5,5,1,ESM6 P6225
2026-04-23T15:10:14.284597148Z,2026-04-23T15:10:13.906657235Z,1,1,42384725,T,B,0,66.250000000,5,0,13726,981312791,66.000000000,66.250000000,28,5,2,1,ESM6 C7400
2026-04-23T15:10:16.652276911Z,2026-04-23T15:10:16.536622707Z,1,1,2650563,T,A,0,-0.700000000,12,0,17065,373011844,-0.700000000,-0.500000000,76,17,1,3,UD:1V: GN 2650563
2026-04-23T15:10:16.694944462Z,2026-04-23T15:10:16.540779931Z,1,1,2650563,T,A,0,-0.700000000,1,0,14587,373012063,-0.700000000,-0.500000000,64,17,1,3,UD:1V: GN 2650563
2026-04-23T15:10:18.534701790Z,2026-04-23T15:10:18.533142519Z,1,1,42394754,T,B,0,26.250000000,1,0,13605,981373687,26.000000000,26.250000000,160,1,8,1,ESM6 P6200
2026-04-23T15:10:18.987277742Z,2026-04-23T15:10:18.986588041Z,1,1,42394754,T,A,0,26.000000000,1,0,14642,981376840,26.000000000,26.500000000,160,264,8,8,ESM6 P6200
2026-04-23T15:10:20.571511671Z,2026-04-23T15:10:20.571161505Z,1,1,2645519,T,B,0,37.750000000,1,0,13878,373027772,37.500000000,37.750000000,201,1,5,1,UD:1V: VT 2645519
2026-04-23T15:10:21.157002209Z,2026-04-23T15:10:21.131773765Z,1,1,2645519,T,B,0,37.750000000,1,0,14436,373030006,37.500000000,37.750000000,295,1,6,1,UD:1V: VT 2645519
2026-04-23T15:10:41.312520601Z,2026-04-23T15:10:41.311940193Z,1,1,2645519,T,A,0,37.750000000,1,0,13571,373079944,37.750000000,38.000000000,126,6,4,2,UD:1V: VT 2645519
2026-04-23T15:10:55.147905777Z,2026-04-23T15:10:55.093067349Z,1,1,2645519,T,B,0,38.000000000,1,0,15962,373115767,37.750000000,38.000000000,125,1,4,1,UD:1V: VT 2645519
2026-04-23T15:11:02.733396457Z,2026-04-23T15:11:02.717327741Z,1,1,2650563,T,A,0,-0.700000000,1,0,13902,373141558,-0.700000000,-0.500000000,63,126,1,3,UD:1V: GN 2650563
2026-04-23T15:11:03.013404975Z,2026-04-23T15:11:03.012801489Z,1,1,2650563,T,A,0,-0.700000000,1,0,14622,373142835,-0.700000000,-0.550000000,62,98,1,1,UD:1V: GN 2650563
2026-04-23T15:11:06.126596268Z,2026-04-23T15:11:06.126087053Z,1,1,42372979,T,B,0,106.000000000,2,0,13980,981673799,105.500000000,106.000000000,111,2,8,1,ESM6 C7300
2026-04-23T15:11:22.036820779Z,2026-04-23T15:11:21.818528299Z,1,1,42548950,T,A,0,163.500000000,1,0,16645,981794610,163.500000000,164.000000000,1,33,1,1,ESH7 P6000
2026-04-23T15:11:44.997785852Z,2026-04-23T15:11:44.992791109Z,1,1,2653013,T,A,0,20.750000000,50,0,13850,373267877,20.750000000,21.000000000,50,456,1,7,UD:1V:CFO 2653013
2026-04-23T15:11:44.999863222Z,2026-04-23T15:11:44.999415575Z,1,1,42378449,T,A,0,19.300000000,10,0,12558,981955656,19.300000000,19.500000000,10,211,1,7,ESM6 P6000
2026-04-23T15:12:10.824826596Z,2026-04-23T15:12:10.586463503Z,1,1,2653013,T,B,0,21.000000000,433,0,12793,373352694,20.750000000,21.000000000,50,433,1,7,UD:1V:CFO 2653013
2026-04-23T15:12:10.876770527Z,2026-04-23T15:12:10.723212769Z,1,1,2653013,T,A,0,21.000000000,17,0,11300,373354041,21.000000000,21.250000000,17,152,1,2,UD:1V:CFO 2653013
2026-04-23T15:12:10.877464130Z,2026-04-23T15:12:10.726207077Z,1,1,2650563,T,A,0,-0.700000000,18,0,11445,373354065,-0.700000000,-0.600000000,61,5,1,1,UD:1V: GN 2650563
2026-04-23T15:12:11.050130658Z,2026-04-23T15:12:11.049567207Z,1,1,2650563,T,A,0,-0.700000000,12,0,15571,373356759,-0.700000000,-0.500000000,43,5,1,1,UD:1V: GN 2650563
2026-04-23T15:12:11.050329156Z,2026-04-23T15:12:11.049582163Z,1,1,2650563,T,A,0,-0.700000000,1,0,11223,373356761,-0.700000000,-0.500000000,31,5,1,1,UD:1V: GN 2650563
2026-04-23T15:12:11.483227470Z,2026-04-23T15:12:11.475750459Z,1,1,2650563,T,A,0,-0.700000000,30,0,15154,373358484,-0.700000000,-0.500000000,30,103,1,2,UD:1V: GN 2650563
2026-04-23T15:13:11.084231423Z,2026-04-23T15:13:11.083659695Z,1,1,2653082,T,A,0,6.600000000,10,0,14080,373488401,6.600000000,6.700000000,10,5,1,1,UD:1V: GN 2653082
2026-04-23T15:13:17.789359131Z,2026-04-23T15:13:17.675339823Z,1,1,2651418,T,A,0,-4.400000000,14,0,15783,373503132,-4.400000000,-3.600000000,14,50,1,3,UD:1V: GN 2651418
2026-04-23T15:13:35.479923602Z,2026-04-23T15:13:35.479538605Z,1,1,2653082,T,A,0,6.600000000,10,0,13018,373544142,6.600000000,6.800000000,10,25,1,2,UD:1V: GN 2653082
2026-04-23T15:13:42.020959811Z,2026-04-23T15:13:42.020347669Z,1,1,2653082,T,A,0,6.600000000,10,0,13415,373555302,6.600000000,6.800000000,10,27,1,3,UD:1V: GN 2653082
2026-04-23T15:13:50.551643849Z,2026-04-23T15:13:50.550949419Z,1,1,2653082,T,A,0,6.600000000,5,0,14522,373571942,6.600000000,6.800000000,10,27,1,3,UD:1V: GN 2653082
2026-04-23T15:13:53.064045003Z,2026-04-23T15:13:52.895422215Z,1,1,2653082,T,A,0,6.600000000,1,0,13812,373581317,6.600000000,6.800000000,5,27,1,3,UD:1V: GN 2653082
2026-04-23T15:14:07.180237059Z,2026-04-23T15:14:07.175676065Z,1,1,42409657,T,A,0,11.400000000,10,0,13995,982805556,11.400000000,11.500000000,10,234,1,7,ESM6 P5600
2026-04-23T15:14:10.406817455Z,2026-04-23T15:14:10.372576495Z,1,1,42404374,T,B,0,118.000000000,2,0,15021,982829109,117.500000000,118.000000000,91,2,8,1,ESM6 P7000
2026-04-23T15:14:15.371810313Z,2026-04-23T15:14:15.371415561Z,1,1,42409657,T,A,0,11.400000000,10,0,14121,982886783,11.400000000,11.500000000,10,293,1,8,ESM6 P5600
2026-04-23T15:14:35.578583386Z,2026-04-23T15:14:35.353293437Z,1,1,42409672,T,A,0,16.800000000,20,0,15943,982984424,16.800000000,16.900000000,20,118,1,3,ESM6 P5900
2026-04-23T15:14:37.582505159Z,2026-04-23T15:14:37.570105693Z,1,1,2630401,T,A,0,4.200000000,3,0,13933,373709146,4.200000000,4.250000000,3,1484,1,6,UD:1V: VT 2630401
2026-04-23T15:14:37.582736527Z,2026-04-23T15:14:37.570105869Z,1,1,2653082,T,A,0,6.600000000,2,0,13873,373709148,6.600000000,6.800000000,4,25,1,2,UD:1V: GN 2653082
2026-04-23T15:14:38.782669548Z,2026-04-23T15:14:38.770695385Z,1,1,2653082,T,A,0,6.600000000,2,0,13420,373714707,6.600000000,6.800000000,2,25,1,2,UD:1V: GN 2653082
2026-04-23T15:14:39.155828548Z,2026-04-23T15:14:38.979029859Z,1,1,42404374,T,A,0,117.500000000,1,0,15113,983022289,117.500000000,118.000000000,1,138,1,11,ESM6 P7000
2026-04-23T15:14:57.525833079Z,2026-04-23T15:14:57.525330191Z,1,1,42384726,T,A,0,10.000000000,1,0,14324,983143152,10.000000000,10.200000000,29,401,4,8,ESM6 P5500
2026-04-23T15:15:20.182779761Z,2026-04-23T15:15:20.111499319Z,1,1,42404366,T,B,0,5.800000000,1,0,13863,983337864,5.700000000,5.800000000,154,1,7,1,ESM6 C7800
2026-04-23T15:15:22.219661287Z,2026-04-23T15:15:22.206481753Z,1,1,42404366,T,B,0,5.800000000,1,0,14538,983355965,5.700000000,5.800000000,154,1,7,1,ESM6 C7800
2026-04-23T15:15:34.268675628Z,2026-04-23T15:15:34.267987613Z,1,1,2653163,T,A,0,1.900000000,10,0,13397,373894588,1.900000000,2.050000000,10,7,1,2,UD:1V: GN 2653163
2026-04-23T15:16:00.125834004Z,2026-04-23T15:16:00.005590143Z,1,1,42510079,T,A,0,83.750000000,5,0,14213,983591114,83.750000000,84.000000000,5,47,1,3,ESM6 C7350
2026-04-23T15:16:00.789311203Z,2026-04-23T15:16:00.691358995Z,1,1,42561719,T,A,0,130.000000000,4,0,13958,983604358,130.000000000,130.500000000,4,96,1,3,ESZ6 C7850
2026-04-23T15:16:04.759068708Z,2026-04-23T15:16:04.758571139Z,1,1,42404374,T,B,0,118.000000000,1,0,14177,983634662,117.500000000,118.000000000,129,1,7,1,ESM6 P7000
2026-04-23T15:16:25.675628073Z,2026-04-23T15:16:25.675070831Z,1,1,2653163,T,A,0,1.900000000,10,0,14232,374029608,1.900000000,2.050000000,10,5,1,1,UD:1V: GN 2653163
2026-04-23T15:16:29.141245963Z,2026-04-23T15:16:28.810257503Z,1,1,42919946,T,A,0,15.100000000,21,0,11413,983776801,15.100000000,15.300000000,21,330,1,7,ESM6 P5825
2026-04-23T15:16:29.150449638Z,2026-04-23T15:16:28.810569911Z,1,1,42409666,T,A,0,14.600000000,5,0,11353,983777079,14.600000000,14.700000000,5,49,1,4,ESM6 P5800
2026-04-23T15:16:33.367471708Z,2026-04-23T15:16:33.366817521Z,1,1,2653163,T,A,0,1.900000000,10,0,17030,374057644,1.900000000,2.050000000,10,5,1,1,UD:1V: GN 2653163
2026-04-23T15:16:44.060615795Z,2026-04-23T15:16:43.971656365Z,1,1,42384730,T,A,0,15.600000000,21,0,13777,983889425,15.600000000,15.700000000,21,83,1,3,ESM6 P5850
2026-04-23T15:16:53.129880196Z,2026-04-23T15:16:53.103945185Z,1,1,2653197,T,B,0,20.750000000,396,0,19054,374114417,20.250000000,20.750000000,462,396,7,6,UD:1V:CFO 2653197
2026-04-23T15:16:53.163081851Z,2026-04-23T15:16:53.129660617Z,1,1,2653197,T,A,0,20.750000000,98,0,14487,374115044,20.750000000,21.000000000,4,220,1,3,UD:1V:CFO 2653197
2026-04-23T15:16:53.163098919Z,2026-04-23T15:16:53.129660793Z,1,1,2653197,T,A,0,20.750000000,6,0,11378,374115046,20.750000000,21.000000000,6,220,1,3,UD:1V:CFO 2653197
2026-04-23T15:16:53.167910014Z,2026-04-23T15:16:53.162294593Z,1,1,42696853,T,A,0,17.600000000,68,0,11405,983946952,17.600000000,17.800000000,68,23,1,3,ESM6 C7625
2026-04-23T15:17:01.916571199Z,2026-04-23T15:17:01.714313223Z,1,1,42366511,T,A,0,20.750000000,3,0,17888,983990564,20.750000000,21.000000000,3,56,1,5,ESM6 C7600
2026-04-23T15:17:16.067751703Z,2026-04-23T15:17:15.973435487Z,1,1,42372969,T,B,0,293.000000000,1,0,14005,984066117,292.500000000,293.000000000,15,1,5,1,ESM6 C7000
2026-04-23T15:17:22.215941183Z,2026-04-23T15:17:22.097772147Z,1,1,42506314,T,A,0,31.500000000,5,0,13176,984119259,31.500000000,31.750000000,5,183,1,3,ESU6 P5150
2026-04-23T15:17:24.359648796Z,2026-04-23T15:17:24.358630603Z,1,1,2645587,T,A,0,34.000000000,1,0,13799,374204112,34.000000000,34.750000000,13,350,3,7,UD:1V: GN 2645587
2026-04-23T15:17:24.362850633Z,2026-04-23T15:17:24.358667369Z,1,1,42706865,T,B,0,62.250000000,4,0,17369,984144107,61.750000000,62.250000000,140,4,3,1,ESZ6 C8150
2026-04-23T15:17:26.254239287Z,2026-04-23T15:17:26.121834573Z,1,1,42409666,T,A,0,14.500000000,5,0,11351,984159214,14.500000000,14.600000000,5,38,1,3,ESM6 P5800
2026-04-23T15:17:26.415676905Z,2026-04-23T15:17:26.125980789Z,1,1,42506298,T,A,0,224.000000000,10,0,11570,984162706,224.000000000,224.500000000,10,20,1,1,ESU6 P7000
2026-04-23T15:17:35.042864406Z,2026-04-23T15:17:35.042325469Z,1,1,42366511,T,A,0,21.000000000,1,0,12263,984234615,21.000000000,21.250000000,1,189,1,7,ESM6 C7600
2026-04-23T15:17:47.012584507Z,2026-04-23T15:17:47.007478461Z,1,1,42366511,T,A,0,21.000000000,1,0,14169,984358190,21.000000000,21.250000000,6,35,2,5,ESM6 C7600
2026-04-23T15:18:07.247014201Z,2026-04-23T15:18:07.069359211Z,1,1,42439504,T,A,0,28.750000000,5,0,16349,984483051,28.750000000,29.000000000,5,301,1,6,ESU6 P5050
2026-04-23T15:18:08.081035945Z,2026-04-23T15:18:08.079282287Z,1,1,42399706,T,A,0,63.750000000,2,0,16860,984491770,63.750000000,64.000000000,2,62,1,5,ESM6 P6700
2026-04-23T15:18:10.334182716Z,2026-04-23T15:18:10.254250161Z,1,1,42853787,T,A,0,16.000000000,20,0,16513,984509678,16.000000000,16.200000000,20,291,1,7,ESM6 P5875
2026-04-23T15:18:20.180564131Z,2026-04-23T15:18:20.160885577Z,1,1,42384724,T,B,0,160.000000000,2,0,13205,984583149,159.500000000,160.000000000,74,2,9,2,ESM6 C7200
2026-04-23T15:18:20.180827892Z,2026-04-23T15:18:20.160912475Z,1,1,42384731,T,A,0,227.500000000,2,0,13932,984583151,227.500000000,228.000000000,2,11,2,3,ESM6 P7300
2026-04-23T15:18:21.440560566Z,2026-04-23T15:18:20.988072325Z,1,1,42366506,T,A,0,4.250000000,3,0,14147,984604760,4.250000000,4.350000000,3,14,1,2,ESM6 P4700
2026-04-23T15:18:33.069819678Z,2026-04-23T15:18:32.976442457Z,1,1,539869,T,A,0,122.500000000,1,0,14220,984672025,122.500000000,123.000000000,1,168,1,4,ESZ6 P6000
2026-04-23T15:18:42.545127358Z,2026-04-23T15:18:42.544593381Z,1,1,42384779,T,A,0,52.500000000,1,0,14517,984726979,52.500000000,52.750000000,9,12,3,4,ESM6 P6600
2026-04-23T15:19:13.608935059Z,2026-04-23T15:19:13.591233523Z,1,1,42404366,T,B,0,6.100000000,37,0,16983,984939571,5.800000000,6.100000000,302,37,7,2,ESM6 C7800
2026-04-23T15:19:13.808330135Z,2026-04-23T15:19:13.638563785Z,1,1,42384729,T,B,0,3.600000000,24,0,12196,984943402,3.500000000,3.600000000,121,24,1,1,ESM6 C7900
2026-04-23T15:19:14.088543839Z,2026-04-23T15:19:13.784784671Z,1,1,42384729,T,B,0,3.600000000,27,0,14684,984948361,3.550000000,3.600000000,170,27,1,1,ESM6 C7900
2026-04-23T15:19:14.122839875Z,2026-04-23T15:19:13.806017883Z,1,1,42404366,T,B,0,6.100000000,1,0,12767,984949315,6.000000000,6.100000000,240,21,2,1,ESM6 C7800
2026-04-23T15:19:14.216246572Z,2026-04-23T15:19:14.088607633Z,1,1,42384729,T,B,0,3.600000000,75,0,15931,984951353,3.500000000,3.600000000,291,295,2,1,ESM6 C7900
2026-04-23T15:19:14.576792345Z,2026-04-23T15:19:14.574075761Z,1,1,42572477,T,B,0,8.200000000,10,0,14983,984958078,8.100000000,8.200000000,95,10,1,2,ESM6 C7750
2026-04-23T15:19:14.580622775Z,2026-04-23T15:19:14.574130421Z,1,1,42404366,T,B,0,6.100000000,5,0,11231,984958155,6.000000000,6.100000000,245,5,3,1,ESM6 C7800
2026-04-23T15:19:34.088085604Z,2026-04-23T15:19:34.056520719Z,1,1,2645458,T,A,0,15.300000000,122,0,14745,374626573,15.300000000,15.700000000,224,354,1,2,UD:1V: BO 2645458
2026-04-23T15:19:34.088085604Z,2026-04-23T15:19:34.056530011Z,1,1,2645458,T,A,0,15.300000000,102,0,14745,374626573,15.300000000,15.700000000,102,354,1,2,UD:1V: BO 2645458
2026-04-23T15:19:38.591729127Z,2026-04-23T15:19:38.591113817Z,1,1,42394812,T,A,0,77.500000000,1,0,13219,985094103,77.500000000,77.750000000,1,117,1,6,ESM6 P6800
2026-04-23T15:19:45.284703059Z,2026-04-23T15:19:45.284154609Z,1,1,42372981,T,B,0,2.250000000,1,0,13867,985129998,2.200000000,2.250000000,392,1000,7,1,ESM6 C8000
2026-04-23T15:19:45.284924289Z,2026-04-23T15:19:45.284154787Z,1,1,42372981,T,B,0,2.250000000,41,0,11622,985130000,2.200000000,2.250000000,392,999,7,1,ESM6 C8000
2026-04-23T15:19:45.285171687Z,2026-04-23T15:19:45.284964947Z,1,1,42372981,T,B,0,2.250000000,34,0,11227,985130002,2.200000000,2.250000000,392,958,7,1,ESM6 C8000
2026-04-23T15:20:00.013652454Z,2026-04-23T15:19:59.996096435Z,1,1,42372981,T,A,0,2.200000000,327,0,17289,985196764,2.200000000,2.250000000,327,924,6,1,ESM6 C8000
2026-04-23T15:20:00.043998969Z,2026-04-23T15:20:00.013656065Z,1,1,42372981,T,B,0,2.200000000,46,0,11543,985197386,2.150000000,2.200000000,331,597,4,1,ESM6 C8000
2026-04-23T15:20:00.044023543Z,2026-04-23T15:20:00.013659329Z,1,1,42372981,T,B,0,2.200000000,59,0,11588,985197388,2.150000000,2.200000000,331,551,4,1,ESM6 C8000
2026-04-23T15:20:00.044068643Z,2026-04-23T15:20:00.013698553Z,1,1,42372981,T,B,0,2.200000000,35,0,11185,985197392,2.150000000,2.200000000,331,492,4,1,ESM6 C8000
2026-04-23T15:20:10.032240172Z,2026-04-23T15:20:10.031668583Z,1,1,42372981,T,B,0,2.200000000,25,0,14323,985260955,2.150000000,2.200000000,289,457,4,1,ESM6 C8000
2026-04-23T15:20:10.089596916Z,2026-04-23T15:20:10.089138923Z,1,1,42372981,T,B,0,2.200000000,21,0,14266,985261156,2.150000000,2.200000000,341,432,5,1,ESM6 C8000
2026-04-23T15:20:11.564831331Z,2026-04-23T15:20:11.555799237Z,1,1,2640993,T,B,0,18.600000000,5,0,14077,374716658,18.500000000,18.600000000,430,5,5,1,UD:1V: VT 2640993
2026-04-23T15:20:11.924432241Z,2026-04-23T15:20:11.923888773Z,1,1,42372981,T,B,0,2.200000000,29,0,14238,985273989,2.150000000,2.200000000,279,411,3,1,ESM6 C8000
2026-04-23T15:20:20.122692814Z,2026-04-23T15:20:20.120970609Z,1,1,42372981,T,B,0,2.200000000,31,0,12998,985315021,2.150000000,2.200000000,289,382,4,1,ESM6 C8000
2026-04-23T15:20:20.123336364Z,2026-04-23T15:20:20.122736917Z,1,1,42372981,T,B,0,2.200000000,31,0,12488,985315032,2.150000000,2.200000000,289,351,4,1,ESM6 C8000
2026-04-23T15:20:29.044162270Z,2026-04-23T15:20:29.043637589Z,1,1,42372981,T,B,0,2.200000000,27,0,13329,985394946,2.150000000,2.200000000,247,320,4,1,ESM6 C8000
2026-04-23T15:20:40.498466607Z,2026-04-23T15:20:40.490919609Z,1,1,42372981,T,B,0,2.200000000,24,0,13696,985514586,2.150000000,2.200000000,247,293,4,1,ESM6 C8000
2026-04-23T15:20:40.538044022Z,2026-04-23T15:20:40.528048489Z,1,1,42372981,T,B,0,2.200000000,1,0,15438,985515365,2.150000000,2.200000000,247,269,4,1,ESM6 C8000
2026-04-23T15:20:41.025810348Z,2026-04-23T15:20:41.018140973Z,1,1,42372981,T,B,0,2.200000000,2,0,17091,985519226,2.150000000,2.200000000,247,268,4,1,ESM6 C8000
2026-04-23T15:20:41.152138652Z,2026-04-23T15:20:41.108411943Z,1,1,42372981,T,B,0,2.200000000,2,0,16262,985520299,2.150000000,2.200000000,247,266,4,1,ESM6 C8000
2026-04-23T15:20:41.262518483Z,2026-04-23T15:20:41.152761835Z,1,1,42372981,T,B,0,2.200000000,1,0,14089,985521878,2.150000000,2.200000000,247,264,4,1,ESM6 C8000
2026-04-23T15:20:44.281472119Z,2026-04-23T15:20:44.280737401Z,1,1,42372981,T,B,0,2.200000000,25,0,14294,985544370,2.150000000,2.200000000,313,263,5,1,ESM6 C8000
2026-04-23T15:20:51.615783089Z,2026-04-23T15:20:51.614050319Z,1,1,42429065,T,A,0,105.000000000,5,0,16451,985585147,105.000000000,105.500000000,5,110,1,8,ESM6 P6950
2026-04-23T15:20:51.622391078Z,2026-04-23T15:20:51.619441839Z,1,1,42429065,T,A,0,105.000000000,5,0,15774,985585219,105.000000000,105.500000000,5,105,1,7,ESM6 P6950
2026-04-23T15:20:54.882649172Z,2026-04-23T15:20:54.867700331Z,1,1,42429065,T,A,0,105.000000000,1,0,16646,985594230,105.000000000,105.500000000,1,110,1,8,ESM6 P6950
2026-04-23T15:20:57.519326650Z,2026-04-23T15:20:57.380944391Z,1,1,42372981,T,B,0,2.200000000,23,0,13106,985612899,2.150000000,2.200000000,313,238,5,1,ESM6 C8000
2026-04-23T15:20:57.533784693Z,2026-04-23T15:20:57.452368463Z,1,1,42372981,T,B,0,2.200000000,2,0,13993,985613197,2.150000000,2.200000000,313,215,5,1,ESM6 C8000
2026-04-23T15:21:17.972963063Z,2026-04-23T15:21:17.972454591Z,1,1,42372981,T,B,0,2.200000000,1,0,13256,985726842,2.150000000,2.200000000,320,213,5,1,ESM6 C8000
2026-04-23T15:21:17.973162791Z,2026-04-23T15:21:17.972454769Z,1,1,42372981,T,B,0,2.200000000,1,0,13604,985726844,2.150000000,2.200000000,320,212,5,1,ESM6 C8000
2026-04-23T15:22:00.294794478Z,2026-04-23T15:22:00.294254413Z,1,1,42378449,T,B,0,19.200000000,3,0,15017,985960838,19.000000000,19.200000000,160,10,6,2,ESM6 P6000
2026-04-23T15:22:08.263716638Z,2026-04-23T15:22:08.263213243Z,1,1,42372981,T,B,0,2.200000000,30,0,13119,985998687,2.150000000,2.200000000,313,211,5,1,ESM6 C8000
2026-04-23T15:22:08.264191353Z,2026-04-23T15:22:08.263762147Z,1,1,42372981,T,B,0,2.200000000,30,0,13860,985998689,2.150000000,2.200000000,313,181,5,1,ESM6 C8000
2026-04-23T15:22:11.031439998Z,2026-04-23T15:22:11.028009199Z,1,1,42372981,T,B,0,2.200000000,23,0,12908,986007604,2.150000000,2.200000000,247,151,4,1,ESM6 C8000
2026-04-23T15:22:22.988157740Z,2026-04-23T15:22:22.874402133Z,1,1,42804683,T,B,0,192.000000000,2,0,17098,986083873,191.500000000,192.000000000,18,2,4,1,ESM6 P7225
2026-04-23T15:22:23.307872793Z,2026-04-23T15:22:23.307370769Z,1,1,42372981,T,B,0,2.200000000,128,0,16321,986089530,2.150000000,2.200000000,354,128,6,1,ESM6 C8000
2026-04-23T15:22:32.666059415Z,2026-04-23T15:22:32.665525765Z,1,1,42366523,T,B,0,145.000000000,1,0,12036,986147477,144.500000000,145.000000000,49,14,7,3,ESM6 P7100
2026-04-23T15:22:53.045365383Z,2026-04-23T15:22:53.035600977Z,1,1,42404374,T,A,0,117.000000000,1,0,13884,986308320,117.000000000,117.500000000,1,124,1,11,ESM6 P7000
2026-04-23T15:23:02.910504537Z,2026-04-23T15:23:02.910204121Z,1,1,42409640,T,A,0,1.250000000,1,0,13972,986356692,1.250000000,1.300000000,1,749,1,7,ESM6 P3500
2026-04-23T15:23:12.006160743Z,2026-04-23T15:23:12.005832901Z,1,1,42409640,T,A,0,1.250000000,1,0,19279,986422793,1.250000000,1.300000000,1,749,1,7,ESM6 P3500
2026-04-23T15:23:16.311032299Z,2026-04-23T15:23:16.310781655Z,1,1,42409640,T,A,0,1.250000000,1,0,13625,986447480,1.250000000,1.300000000,1,749,1,7,ESM6 P3500
2026-04-23T15:23:32.255367502Z,2026-04-23T15:23:32.254833277Z,1,1,42378592,T,A,0,43.750000000,1,0,13707,986553610,43.750000000,44.000000000,1,196,1,7,ESM6 P6500
2026-04-23T15:23:39.513267982Z,2026-04-23T15:23:39.449188469Z,1,1,2640993,T,B,0,18.600000000,5,0,14197,375310155,18.500000000,18.600000000,388,5,5,1,UD:1V: VT 2640993
2026-04-23T15:23:42.619104447Z,2026-04-23T15:23:42.618676053Z,1,1,2640993,T,B,0,18.600000000,5,0,14023,375316301,18.500000000,18.600000000,388,5,5,1,UD:1V: VT 2640993
2026-04-23T15:23:45.358834937Z,2026-04-23T15:23:45.358319989Z,1,1,42404374,T,B,0,116.000000000,1,0,16908,986636070,115.500000000,116.000000000,101,1,8,1,ESM6 P7000
2026-04-23T15:24:01.395348255Z,2026-04-23T15:24:01.340602957Z,1,1,539869,T,A,0,122.500000000,1,0,11579,986711485,122.500000000,123.000000000,1,171,1,4,ESZ6 P6000
2026-04-23T15:24:38.193276703Z,2026-04-23T15:24:38.141042335Z,1,1,2653668,T,B,0,26.250000000,20,0,14866,375427068,26.000000000,26.250000000,369,20,9,1,UD:1V: VT 2653668
2026-04-23T15:24:54.378821211Z,2026-04-23T15:24:54.375468311Z,1,1,42439503,T,A,0,30.000000000,5,0,13795,986976053,30.000000000,30.250000000,5,218,1,4,ESU6 P5100
2026-04-23T15:24:57.741188530Z,2026-04-23T15:24:57.652413481Z,1,1,42439503,T,A,0,30.000000000,5,0,14393,986990716,30.000000000,30.250000000,5,218,1,4,ESU6 P5100
2026-04-23T15:25:00.813674188Z,2026-04-23T15:25:00.716999079Z,1,1,42506298,T,B,0,223.500000000,1,0,12873,987012510,223.000000000,223.500000000,95,1,6,1,ESU6 P7000
2026-04-23T15:25:31.287520943Z,2026-04-23T15:25:31.287001483Z,1,1,42394608,T,A,0,1.900000000,1,0,20729,987201851,1.900000000,1.950000000,1,201,1,3,ESM6 P3900
2026-04-23T15:25:35.561644636Z,2026-04-23T15:25:35.561129261Z,1,1,42366458,T,A,0,1.100000000,1,0,16300,987230106,1.100000000,1.150000000,1,168,1,1,ESM6 P3400
2026-04-23T15:25:47.457897732Z,2026-04-23T15:25:47.457398865Z,1,1,42439505,T,A,0,34.250000000,1,0,12869,987290820,34.250000000,34.500000000,5,98,1,2,ESU6 P5250
2026-04-23T15:25:50.165946774Z,2026-04-23T15:25:50.122113645Z,1,1,42458377,T,A,0,39.500000000,1,0,13922,987304357,39.500000000,39.750000000,5,68,1,2,ESU6 P5400
2026-04-23T15:25:53.426289781Z,2026-04-23T15:25:53.425790279Z,1,1,42439505,T,A,0,34.250000000,1,0,14747,987327996,34.250000000,34.500000000,4,158,1,4,ESU6 P5250
2026-04-23T15:25:53.571330625Z,2026-04-23T15:25:53.570826325Z,1,1,42517291,T,B,0,48.750000000,49,0,12958,987328888,48.500000000,48.750000000,121,78,3,1,ESZ6 P4950
2026-04-23T15:25:55.106470806Z,2026-04-23T15:25:55.105998313Z,1,1,42366459,T,A,0,1.350000000,1,0,16363,987338357,1.350000000,1.400000000,1,272,1,4,ESM6 P3600
2026-04-23T15:25:59.498135819Z,2026-04-23T15:25:59.381491439Z,1,1,42439505,T,A,0,34.250000000,1,0,14729,987372644,34.250000000,34.500000000,3,157,1,4,ESU6 P5250
2026-04-23T15:25:59.506853222Z,2026-04-23T15:25:59.396891063Z,1,1,2640993,T,B,0,18.600000000,5,0,14731,375632396,18.500000000,18.600000000,462,5,5,1,UD:1V: VT 2640993
2026-04-23T15:25:59.716969653Z,2026-04-23T15:25:59.716423927Z,1,1,42439383,T,B,0,318.500000000,13,0,13473,987374885,318.000000000,318.500000000,30,7,4,1,ESU6 C7200
2026-04-23T15:26:01.023616694Z,2026-04-23T15:26:00.979908949Z,1,1,42439383,T,B,0,318.500000000,1,0,14076,987380268,318.000000000,318.500000000,31,1,5,1,ESU6 C7200
2026-04-23T15:26:04.157703367Z,2026-04-23T15:26:04.157127677Z,1,1,42439383,T,B,0,318.500000000,7,0,13481,987411548,318.000000000,318.500000000,71,7,3,1,ESU6 C7200
2026-04-23T15:26:08.496548761Z,2026-04-23T15:26:08.496028629Z,1,1,42378618,T,B,0,94.250000000,2,0,13756,987428974,93.750000000,94.250000000,71,18,7,4,ESM6 P6900
2026-04-23T15:26:08.548286766Z,2026-04-23T15:26:08.547807923Z,1,1,42378618,T,B,0,94.250000000,2,0,13743,987429239,93.750000000,94.250000000,71,7,7,3,ESM6 P6900
2026-04-23T15:26:08.773815105Z,2026-04-23T15:26:08.771928041Z,1,1,42378618,T,B,0,94.250000000,2,0,12962,987429701,93.750000000,94.250000000,71,5,7,3,ESM6 P6900
2026-04-23T15:26:08.803388593Z,2026-04-23T15:26:08.801561525Z,1,1,42378618,T,B,0,94.250000000,2,0,15037,987429855,93.750000000,94.250000000,66,4,6,2,ESM6 P6900
2026-04-23T15:26:12.885699977Z,2026-04-23T15:26:12.878107333Z,1,1,42883177,T,A,0,119.500000000,1,0,11616,987455646,119.500000000,120.000000000,18,92,1,7,ESM6 C7275
2026-04-23T15:26:13.498951037Z,2026-04-23T15:26:13.498226797Z,1,1,42439383,T,B,0,318.500000000,7,0,15148,987460218,318.000000000,318.500000000,58,7,4,1,ESU6 C7200
2026-04-23T15:26:13.527769333Z,2026-04-23T15:26:13.527304067Z,1,1,42439383,T,B,0,318.500000000,9,0,13940,987460534,318.000000000,318.500000000,58,7,4,1,ESU6 C7200
2026-04-23T15:26:15.412974044Z,2026-04-23T15:26:15.375665533Z,1,1,42439505,T,A,0,34.250000000,1,0,11239,987472147,34.250000000,34.500000000,44,55,2,3,ESU6 P5250
2026-04-23T15:26:16.923773311Z,2026-04-23T15:26:16.803889617Z,1,1,42439383,T,B,0,318.500000000,38,0,11135,987484548,318.000000000,318.500000000,85,5,3,1,ESU6 C7200
2026-04-23T15:26:22.997041491Z,2026-04-23T15:26:22.967579137Z,1,1,42399706,T,B,0,63.500000000,2,0,15358,987543521,63.000000000,63.500000000,162,7,7,2,ESM6 P6700
2026-04-23T15:26:26.481198617Z,2026-04-23T15:26:26.480749847Z,1,1,42439505,T,A,0,34.250000000,1,0,14413,987563757,34.250000000,34.500000000,43,64,2,4,ESU6 P5250
2026-04-23T15:26:32.209888502Z,2026-04-23T15:26:31.883945485Z,1,1,42378346,T,B,0,39.250000000,1,0,12887,987595133,39.000000000,39.250000000,66,1,4,1,ESM6 C7500
2026-04-23T15:26:33.000620153Z,2026-04-23T15:26:32.171423057Z,1,1,42439505,T,A,0,34.250000000,1,0,13603,987607174,34.250000000,34.500000000,27,179,1,3,ESU6 P5250
2026-04-23T15:26:33.412369183Z,2026-04-23T15:26:32.761282379Z,1,1,42439505,T,A,0,34.250000000,9,0,15079,987612474,34.250000000,34.500000000,26,179,1,3,ESU6 P5250
2026-04-23T15:27:48.932554579Z,2026-04-23T15:27:48.932037101Z,1,1,2653786,T,A,0,0.400000000,1,0,14243,375901871,0.400000000,0.450000000,100,10,1,2,UD:1V: GN 2653786
2026-04-23T15:27:52.999466300Z,2026-04-23T15:27:52.998886905Z,1,1,2653807,T,A,0,-7.900000000,1,0,14789,375908281,-7.900000000,-7.800000000,1,2451,1,9,UD:1V: GN 2653807
2026-04-23T15:28:07.096681269Z,2026-04-23T15:28:07.013731517Z,1,1,42919950,T,B,0,136.500000000,2,0,15886,988118626,136.000000000,136.500000000,84,2,7,1,ESM6 P7075
2026-04-23T15:28:11.956038113Z,2026-04-23T15:28:11.955438161Z,1,1,2636709,T,B,0,24.750000000,63,0,13819,375963886,24.500000000,24.750000000,586,240,6,2,UD:1V: VT 2636709
2026-04-23T15:28:11.956592695Z,2026-04-23T15:28:11.956071503Z,1,1,2636709,T,B,0,24.750000000,53,0,13872,375963888,24.500000000,24.750000000,586,177,6,1,UD:1V: VT 2636709
2026-04-23T15:28:14.413876444Z,2026-04-23T15:28:14.413295165Z,1,1,2653786,T,A,0,0.400000000,22,0,20153,375968601,0.400000000,0.450000000,99,10,1,2,UD:1V: GN 2653786
2026-04-23T15:28:14.414285882Z,2026-04-23T15:28:14.413777333Z,1,1,2653786,T,A,0,0.400000000,21,0,12077,375968603,0.400000000,0.450000000,77,10,1,2,UD:1V: GN 2653786
2026-04-23T15:28:14.477145561Z,2026-04-23T15:28:14.466042347Z,1,1,2653786,T,A,0,0.400000000,1,0,15030,375968724,0.400000000,0.450000000,56,10,1,2,UD:1V: GN 2653786
2026-04-23T15:28:22.790297284Z,2026-04-23T15:28:22.761434719Z,1,1,42446245,T,B,0,129.500000000,2,0,13460,988197132,129.000000000,129.500000000,68,7,7,2,ESM6 P7050
2026-04-23T15:28:31.749252407Z,2026-04-23T15:28:31.748757481Z,1,1,2613574,T,B,0,367.000000000,1,0,15299,376008488,365.500000000,367.000000000,58,10,4,1,UD:1V: ST 2613574
2026-04-23T15:28:31.937137884Z,2026-04-23T15:28:31.936641079Z,1,1,2613574,T,B,0,367.000000000,1,0,15289,376008777,366.000000000,367.000000000,6,9,2,1,UD:1V: ST 2613574
2026-04-23T15:28:32.107373009Z,2026-04-23T15:28:32.106897139Z,1,1,2613574,T,B,0,367.000000000,1,0,12810,376009088,366.000000000,367.000000000,42,8,4,1,UD:1V: ST 2613574
2026-04-23T15:28:57.081153687Z,2026-04-23T15:28:57.004622067Z,1,1,42384725,T,A,0,67.250000000,3,0,13680,988366566,67.250000000,67.500000000,8,133,1,7,ESM6 C7400
2026-04-23T15:28:57.087788267Z,2026-04-23T15:28:57.005146359Z,1,1,42384725,T,A,0,67.250000000,4,0,12565,988366704,67.250000000,67.500000000,5,133,1,7,ESM6 C7400
2026-04-23T15:28:57.130332817Z,2026-04-23T15:28:57.025010029Z,1,1,42384725,T,A,0,67.250000000,1,0,14771,988367455,67.250000000,67.500000000,1,138,1,8,ESM6 C7400
2026-04-23T15:28:57.205076862Z,2026-04-23T15:28:57.053406803Z,1,1,42399646,T,A,0,11.300000000,10,0,17609,988368187,11.300000000,11.500000000,10,176,2,7,ESM6 C7700
2026-04-23T15:28:58.685057651Z,2026-04-23T15:28:58.655161539Z,1,1,42902241,T,A,0,45.000000000,15,0,14697,988376573,45.000000000,45.250000000,15,128,2,5,ESM6 C7475
2026-04-23T15:29:03.370709361Z,2026-04-23T15:29:03.350126043Z,1,1,42404374,T,B,0,116.500000000,1,0,14243,988424869,116.000000000,116.500000000,63,16,7,4,ESM6 P7000
2026-04-23T15:29:07.375824008Z,2026-04-23T15:29:07.375346375Z,1,1,42404374,T,A,0,116.500000000,1,0,14347,988455740,116.500000000,117.000000000,1,88,1,6,ESM6 P7000
2026-04-23T15:29:14.698072373Z,2026-04-23T15:29:14.697729713Z,1,1,42366459,T,A,0,1.350000000,1,0,13499,988513084,1.350000000,1.400000000,1,239,1,2,ESM6 P3600
2026-04-23T15:29:16.533323171Z,2026-04-23T15:29:16.532801785Z,1,1,42372981,T,B,0,2.400000000,5,0,17722,988529729,2.300000000,2.400000000,5,345,1,5,ESM6 C8000
2026-04-23T15:29:20.595950899Z,2026-04-23T15:29:20.594694659Z,1,1,42366459,T,A,0,1.350000000,1,0,14820,988552071,1.350000000,1.400000000,1,239,1,2,ESM6 P3600
2026-04-23T15:29:51.327670235Z,2026-04-23T15:29:51.325958621Z,1,1,42366459,T,A,0,1.350000000,1,0,14223,988720295,1.350000000,1.400000000,1,249,1,3,ESM6 P3600
2026-04-23T15:29:59.511646193Z,2026-04-23T15:29:59.503897729Z,1,1,2653874,T,A,0,24.500000000,5,0,14425,376257376,24.500000000,24.750000000,5,455,1,8,UD:1V: VT 2653874
2026-04-23T15:30:01.605612289Z,2026-04-23T15:30:01.299187985Z,1,1,42378449,T,B,0,19.000000000,1,0,13086,988818461,18.900000000,19.000000000,221,100,6,1,ESM6 P6000
2026-04-23T15:30:01.605811170Z,2026-04-23T15:30:01.299335635Z,1,1,42378449,T,B,0,19.000000000,99,0,13798,988818463,18.900000000,19.000000000,221,99,6,1,ESM6 P6000
2026-04-23T15:30:04.981476030Z,2026-04-23T15:30:04.979752499Z,1,1,42399646,T,A,0,11.200000000,5,0,12811,988868642,11.200000000,11.400000000,5,91,1,4,ESM6 C7700
2026-04-23T15:30:09.683566342Z,2026-04-23T15:30:09.579544505Z,1,1,42366459,T,A,0,1.350000000,1,0,14676,988912960,1.350000000,1.400000000,1,168,1,1,ESM6 P3600
2026-04-23T15:30:32.075341404Z,2026-04-23T15:30:31.981808365Z,1,1,42399646,T,A,0,11.200000000,5,0,14170,989107038,11.200000000,11.400000000,5,122,1,4,ESM6 C7700
2026-04-23T15:30:35.281051285Z,2026-04-23T15:30:35.250561799Z,1,1,42399646,T,A,0,11.200000000,5,0,13194,989139603,11.200000000,11.400000000,5,132,1,5,ESM6 C7700
2026-04-23T15:30:35.332552604Z,2026-04-23T15:30:35.252611209Z,1,1,42399646,T,A,0,11.200000000,2,0,12759,989140446,11.200000000,11.400000000,5,132,1,5,ESM6 C7700
2026-04-23T15:30:40.579825203Z,2026-04-23T15:30:40.196975753Z,1,1,2653786,T,A,0,0.400000000,23,0,15588,376461552,0.400000000,0.600000000,55,24,1,4,UD:1V: GN 2653786
2026-04-23T15:30:40.741275869Z,2026-04-23T15:30:40.411083297Z,1,1,2653786,T,A,0,0.400000000,1,0,14678,376462844,0.400000000,0.600000000,32,24,1,4,UD:1V: GN 2653786
2026-04-23T15:30:40.805737683Z,2026-04-23T15:30:40.579753483Z,1,1,2653786,T,A,0,0.400000000,23,0,14293,376463573,0.400000000,0.600000000,31,24,1,4,UD:1V: GN 2653786
2026-04-23T15:30:42.859136303Z,2026-04-23T15:30:42.713794167Z,1,1,42883306,T,B,0,153.500000000,11,0,15012,989237652,153.000000000,153.500000000,7,11,1,2,ESM6 P7125
2026-04-23T15:30:44.357367545Z,2026-04-23T15:30:44.324706495Z,1,1,42399704,T,B,0,58.250000000,2,0,14052,989253319,57.750000000,58.250000000,205,7,7,2,ESM6 P6650
2026-04-23T15:30:56.132503931Z,2026-04-23T15:30:55.893419441Z,1,1,2653786,T,A,0,0.400000000,8,0,14036,376522158,0.400000000,0.500000000,8,108,1,3,UD:1V: GN 2653786
2026-04-23T15:31:27.814371311Z,2026-04-23T15:31:27.814057089Z,1,1,42394633,T,A,0,3.500000000,1,0,14274,989549080,3.500000000,3.550000000,1,14,1,2,ESM6 P4500
2026-04-23T15:31:33.416271759Z,2026-04-23T15:31:33.049983953Z,1,1,42854015,T,A,0,66.750000000,1,0,14315,989591004,66.750000000,67.000000000,1,31,1,1,ESM6 P6725
2026-04-23T15:31:33.510515755Z,2026-04-23T15:31:33.097391857Z,1,1,42394754,T,A,0,26.000000000,1,0,11995,989592724,26.000000000,26.250000000,1,238,1,7,ESM6 P6200
2026-04-23T15:31:35.477585656Z,2026-04-23T15:31:35.450913459Z,1,1,2596451,T,A,0,9.500000000,1,0,14132,376643019,9.500000000,9.600000000,1,226,1,3,UD:1V: VT 2596451
2026-04-23T15:31:35.524776550Z,2026-04-23T15:31:35.468306663Z,1,1,42384779,T,A,0,52.500000000,1,0,14177,989617096,52.500000000,52.750000000,1,158,1,7,ESM6 P6600
2026-04-23T15:31:42.845158575Z,2026-04-23T15:31:42.739538321Z,1,1,2694886,T,B,0,40.250000000,20,0,16799,376664232,40.000000000,40.250000000,107,20,3,2,UD:1V: VT 2694886
2026-04-23T15:31:43.101105895Z,2026-04-23T15:31:43.039642205Z,1,1,2694886,T,B,0,40.250000000,29,0,14433,376667522,40.000000000,40.250000000,143,29,3,1,UD:1V: VT 2694886
2026-04-23T15:31:46.717725362Z,2026-04-23T15:31:46.707171769Z,1,1,2640993,T,B,0,18.600000000,5,0,13054,376684282,18.500000000,18.600000000,354,5,5,1,UD:1V: VT 2640993
2026-04-23T15:31:50.529551073Z,2026-04-23T15:31:50.462298887Z,1,1,42212269,T,A,0,2.300000000,8,0,13915,989735593,2.300000000,2.350000000,8,554,1,2,ESU6 C8900
2026-04-23T15:31:58.439855932Z,2026-04-23T15:31:58.426339117Z,1,1,42342791,T,A,0,155.500000000,52,0,13768,989782985,155.500000000,159.000000000,52,52,1,1,ESZ8 P4600
2026-04-23T15:32:03.075135591Z,2026-04-23T15:32:03.073072681Z,1,1,2649593,T,A,0,4.600000000,2,0,14112,376740780,4.600000000,4.750000000,31,169,1,4,UD:1V: BO 2649593
2026-04-23T15:32:03.075304983Z,2026-04-23T15:32:03.073107123Z,1,1,42760607,T,A,0,110.000000000,2,0,14073,989815402,110.000000000,110.500000000,10,129,1,7,ESM6 P6975
2026-04-23T15:32:03.710860478Z,2026-04-23T15:32:03.710367335Z,1,1,42404374,T,B,0,116.000000000,1,0,14201,989817264,115.500000000,116.000000000,81,1,7,1,ESM6 P7000
2026-04-23T15:32:19.198251815Z,2026-04-23T15:32:19.130260325Z,1,1,2613574,T,B,0,367.000000000,1,0,15187,376782652,366.000000000,367.000000000,16,7,4,1,UD:1V: ST 2613574
2026-04-23T15:32:19.198421687Z,2026-04-23T15:32:19.130273879Z,1,1,42760607,T,A,0,110.000000000,1,0,11493,989913182,110.000000000,110.500000000,8,125,1,7,ESM6 P6975
2026-04-23T15:32:19.301544558Z,2026-04-23T15:32:19.300351559Z,1,1,42429065,T,B,0,104.500000000,1,0,12890,989914209,104.000000000,104.500000000,106,1,8,1,ESM6 P6950
2026-04-23T15:32:26.083488199Z,2026-04-23T15:32:26.078146183Z,1,1,42760607,T,A,0,110.000000000,7,0,13057,989949289,110.000000000,110.500000000,7,129,1,7,ESM6 P6975
2026-04-23T15:32:26.264229692Z,2026-04-23T15:32:26.171639053Z,1,1,2613574,T,B,0,367.000000000,6,0,11351,376800891,366.000000000,367.000000000,11,6,3,1,UD:1V: ST 2613574
2026-04-23T15:32:35.132207497Z,2026-04-23T15:32:35.120511745Z,1,1,42384724,T,B,0,161.000000000,4,0,11262,990023757,160.500000000,161.000000000,19,11,4,3,ESM6 C7200
2026-04-23T15:32:36.611489334Z,2026-04-23T15:32:36.558580155Z,1,1,42404370,T,A,0,36.250000000,1,0,11393,990031754,36.250000000,36.500000000,1,161,1,5,ESM6 P6400
2026-04-23T15:32:58.287879828Z,2026-04-23T15:32:58.287295231Z,1,1,42629927,T,B,0,20.000000000,2,0,15073,990152982,19.900000000,20.000000000,15,2,2,1,ESM6 P6040
2026-04-23T15:33:58.441277620Z,2026-04-23T15:33:58.431673393Z,1,1,42384779,T,B,0,52.500000000,32,0,13211,990469916,52.250000000,52.500000000,2,32,1,3,ESM6 P6600
2026-04-23T15:34:10.677478044Z,2026-04-23T15:34:10.662887467Z,1,1,42300184,T,B,0,85.500000000,1,0,16601,990577618,85.250000000,85.500000000,118,1,5,1,ESM6 P6850
2026-04-23T15:34:26.309417926Z,2026-04-23T15:34:26.135172589Z,1,1,2612610,T,B,0,6.900000000,121,0,19205,377142588,6.800000000,6.900000000,373,195,4,3,UD:1V: VT 2612610
2026-04-23T15:34:26.316270875Z,2026-04-23T15:34:26.135172769Z,1,1,42399706,T,B,0,64.000000000,4,0,19199,990706158,63.750000000,64.000000000,67,4,3,1,ESM6 P6700
2026-04-23T15:34:26.638745114Z,2026-04-23T15:34:26.334488991Z,1,1,2612610,T,B,0,6.900000000,98,0,14049,377146195,6.800000000,6.900000000,260,98,3,1,UD:1V: VT 2612610
2026-04-23T15:34:31.616282487Z,2026-04-23T15:34:31.601454691Z,1,1,2649289,T,A,0,48.250000000,1,0,13147,377161539,48.250000000,48.500000000,40,400,2,5,UD:1V: VT 2649289
2026-04-23T15:34:52.392203446Z,2026-04-23T15:34:52.391493257Z,1,1,2654061,T,B,0,24.500000000,100,0,13624,377216589,24.250000000,24.500000000,426,401,5,4,UD:1V:CVT 2654061
2026-04-23T15:35:19.115447883Z,2026-04-23T15:35:18.967643651Z,1,1,42883304,T,B,0,12.300000000,30,0,12827,991041191,12.100000000,12.300000000,162,30,4,2,ESM6 P5675
2026-04-23T15:35:22.197508164Z,2026-04-23T15:35:22.184608595Z,1,1,2638966,T,B,0,27.750000000,5,0,11596,377307526,27.500000000,27.750000000,1273,5,6,1,UD:1V: VT 2638966
2026-04-23T15:35:24.826516947Z,2026-04-23T15:35:24.825964995Z,1,1,42853783,T,A,0,96.250000000,1,0,17515,991103054,96.250000000,97.000000000,65,20,5,1,ESM6 C7325
2026-04-23T15:35:25.365112980Z,2026-04-23T15:35:25.364550873Z,1,1,2638966,T,B,0,27.750000000,5,0,13731,377321179,27.500000000,27.750000000,1705,5,8,1,UD:1V: VT 2638966
2026-04-23T15:35:28.519686280Z,2026-04-23T15:35:28.519249613Z,1,1,2638966,T,B,0,27.750000000,5,0,13783,377326996,27.500000000,27.750000000,1705,5,8,1,UD:1V: VT 2638966
2026-04-23T15:35:32.081379747Z,2026-04-23T15:35:32.075441217Z,1,1,2638966,T,B,0,27.750000000,5,0,14433,377337104,27.500000000,27.750000000,1705,5,8,1,UD:1V: VT 2638966
2026-04-23T15:35:35.244581820Z,2026-04-23T15:35:35.244050403Z,1,1,2638966,T,B,0,27.750000000,5,0,16850,377347611,27.500000000,27.750000000,1705,5,8,1,UD:1V: VT 2638966
2026-04-23T15:35:38.524458611Z,2026-04-23T15:35:38.515894119Z,1,1,2638966,T,B,0,27.750000000,5,0,15285,377361783,27.500000000,27.750000000,1705,5,8,1,UD:1V: VT 2638966
2026-04-23T15:35:41.734842300Z,2026-04-23T15:35:41.734277289Z,1,1,2638966,T,B,0,27.750000000,5,0,17087,377371916,27.500000000,27.750000000,1705,5,8,1,UD:1V: VT 2638966
2026-04-23T15:35:45.084861639Z,2026-04-23T15:35:45.080371815Z,1,1,2638966,T,B,0,27.750000000,5,0,13642,377379391,27.500000000,27.750000000,1705,5,8,1,UD:1V: VT 2638966
2026-04-23T15:35:45.781555804Z,2026-04-23T15:35:45.771709147Z,1,1,42836585,T,A,0,172.000000000,3,0,14247,991230599,172.000000000,172.500000000,3,41,1,6,ESM6 P7175
2026-04-23T15:35:48.557812713Z,2026-04-23T15:35:48.550753335Z,1,1,2638966,T,B,0,27.750000000,5,0,12709,377388303,27.500000000,27.750000000,1705,5,8,1,UD:1V: VT 2638966
2026-04-23T15:35:48.879801675Z,2026-04-23T15:35:48.864869543Z,1,1,42366513,T,A,0,288.000000000,1,0,21013,991247099,288.000000000,289.000000000,1,7,1,2,ESM6 P7400
2026-04-23T15:35:51.719045414Z,2026-04-23T15:35:51.718367579Z,1,1,2638966,T,B,0,27.750000000,5,0,14462,377396265,27.500000000,27.750000000,1705,5,8,1,UD:1V: VT 2638966
2026-04-23T15:35:54.919884449Z,2026-04-23T15:35:54.919282887Z,1,1,2638966,T,B,0,27.750000000,5,0,15800,377402049,27.500000000,27.750000000,1705,5,8,1,UD:1V: VT 2638966
2026-04-23T15:35:58.119839404Z,2026-04-23T15:35:58.119284577Z,1,1,2638966,T,B,0,27.750000000,5,0,14961,377405740,27.500000000,27.750000000,1705,5,8,1,UD:1V: VT 2638966
2026-04-23T15:35:58.406399575Z,2026-04-23T15:35:58.405871445Z,1,1,2613574,T,B,0,368.000000000,1,0,14636,377405886,367.500000000,368.000000000,11,20,3,1,UD:1V: ST 2613574
2026-04-23T15:36:00.016287659Z,2026-04-23T15:36:00.015431929Z,1,1,42760624,T,B,0,91.000000000,1,0,13511,991300314,90.500000000,91.000000000,112,97,7,5,ESM6 P6875
2026-04-23T15:36:01.870683252Z,2026-04-23T15:36:01.866873487Z,1,1,2638966,T,B,0,27.750000000,5,0,13165,377413872,27.500000000,27.750000000,1705,5,8,1,UD:1V: VT 2638966
2026-04-23T15:36:05.020114295Z,2026-04-23T15:36:05.019507869Z,1,1,2638966,T,B,0,27.750000000,5,0,14550,377422040,27.500000000,27.750000000,1705,5,8,1,UD:1V: VT 2638966
2026-04-23T15:36:06.784311375Z,2026-04-23T15:36:06.773076207Z,1,1,2613574,T,B,0,368.000000000,1,0,14294,377423731,367.500000000,368.000000000,11,19,3,1,UD:1V: ST 2613574
2026-04-23T15:36:07.165997137Z,2026-04-23T15:36:07.158736923Z,1,1,2613574,T,B,0,368.000000000,1,0,17117,377424361,367.500000000,368.000000000,11,18,3,1,UD:1V: ST 2613574
2026-04-23T15:36:07.657310769Z,2026-04-23T15:36:07.656179955Z,1,1,2613574,T,B,0,368.000000000,1,0,14189,377425029,367.500000000,368.000000000,11,17,3,1,UD:1V: ST 2613574
2026-04-23T15:36:08.219877583Z,2026-04-23T15:36:08.219302907Z,1,1,2638966,T,B,0,27.750000000,5,0,14258,377425595,27.500000000,27.750000000,1705,5,8,1,UD:1V: VT 2638966
2026-04-23T15:36:08.245277265Z,2026-04-23T15:36:08.244778059Z,1,1,2613574,T,B,0,368.000000000,1,0,14698,377425670,367.500000000,368.000000000,11,16,3,1,UD:1V: ST 2613574
2026-04-23T15:36:09.531004996Z,2026-04-23T15:36:09.511778939Z,1,1,2613574,T,B,0,368.000000000,1,0,14634,377426484,367.500000000,368.000000000,11,15,3,1,UD:1V: ST 2613574
2026-04-23T15:36:09.569104991Z,2026-04-23T15:36:09.513933309Z,1,1,2613574,T,B,0,368.000000000,14,0,16539,377426757,367.500000000,368.000000000,11,14,3,1,UD:1V: ST 2613574
2026-04-23T15:36:09.920903739Z,2026-04-23T15:36:09.856842069Z,1,1,2613574,T,A,0,368.500000000,2,0,15703,377430531,368.500000000,370.000000000,10,16,1,4,UD:1V: ST 2613574
2026-04-23T15:36:12.552092281Z,2026-04-23T15:36:12.240872637Z,1,1,2638966,T,B,0,27.750000000,5,0,15673,377438181,27.500000000,27.750000000,1705,5,8,1,UD:1V: VT 2638966
2026-04-23T15:36:15.720023204Z,2026-04-23T15:36:15.719298385Z,1,1,2638966,T,B,0,27.750000000,5,0,13883,377445352,27.500000000,27.750000000,1705,5,8,1,UD:1V: VT 2638966
2026-04-23T15:36:30.131002529Z,2026-04-23T15:36:30.130441481Z,1,1,2613574,T,B,0,368.500000000,20,0,15115,377470800,367.500000000,368.500000000,21,20,4,1,UD:1V: ST 2613574
2026-04-23T15:36:40.851002260Z,2026-04-23T15:36:40.850372055Z,1,1,2517015,T,B,0,28.250000000,1,0,14140,377491298,28.000000000,28.250000000,398,510,4,6,UD:1V: VT 2517015
2026-04-23T15:37:15.949227022Z,2026-04-23T15:37:15.948903963Z,1,1,2613574,T,B,0,368.500000000,20,0,13399,377573734,368.000000000,368.500000000,104,20,4,1,UD:1V: ST 2613574
2026-04-23T15:37:49.059981601Z,2026-04-23T15:37:49.059446071Z,1,1,42372981,T,B,0,2.400000000,3,0,12952,991906336,2.350000000,2.400000000,3,78,1,3,ESM6 C8000
2026-04-23T15:37:52.386185105Z,2026-04-23T15:37:52.385619493Z,1,1,2607680,T,A,0,63.000000000,1,0,14563,377688008,63.000000000,63.250000000,5,485,1,7,UD:1V: VT 2607680
2026-04-23T15:37:52.386430468Z,2026-04-23T15:37:52.385634565Z,1,1,2649593,T,A,0,4.550000000,1,0,11248,377688010,4.550000000,4.700000000,36,70,2,3,UD:1V: BO 2649593
2026-04-23T15:38:02.192289689Z,2026-04-23T15:38:02.189586479Z,1,1,42404374,T,B,0,118.000000000,2,0,13594,991969013,117.500000000,118.000000000,62,15,7,3,ESM6 P7000
2026-04-23T15:38:02.210826332Z,2026-04-23T15:38:02.209375537Z,1,1,42404374,T,B,0,118.000000000,2,0,17352,991969578,117.500000000,118.000000000,62,13,7,3,ESM6 P7000
2026-04-23T15:38:07.188670761Z,2026-04-23T15:38:07.188043841Z,1,1,2613574,T,B,0,368.500000000,20,0,14773,377729538,368.000000000,368.500000000,53,20,4,1,UD:1V: ST 2613574
2026-04-23T15:38:20.925492067Z,2026-04-23T15:38:20.924947289Z,1,1,2613574,T,B,0,368.500000000,20,0,13345,377746599,368.000000000,368.500000000,48,20,4,1,UD:1V: ST 2613574
2026-04-23T15:39:03.624419862Z,2026-04-23T15:39:03.596890557Z,1,1,42404370,T,B,0,37.250000000,5,0,19816,992316524,37.000000000,37.250000000,191,5,7,1,ESM6 P6400
2026-04-23T15:39:23.067592395Z,2026-04-23T15:39:23.067041953Z,1,1,2653493,T,B,0,133.000000000,1,0,14561,377920200,132.000000000,133.000000000,38,1,2,1,UD:1V: SG 2653493
2026-04-23T15:39:32.315755186Z,2026-04-23T15:39:32.261767283Z,1,1,42439383,T,A,0,317.500000000,1,0,14381,992515924,317.500000000,318.000000000,1,38,1,3,ESU6 C7200
2026-04-23T15:40:02.572306078Z,2026-04-23T15:40:01.929907163Z,1,1,42384779,T,B,0,54.000000000,2,0,12482,992685770,53.750000000,54.000000000,36,2,2,1,ESM6 P6600
2026-04-23T15:40:04.503078348Z,2026-04-23T15:40:04.415014873Z,1,1,42366511,T,B,0,21.250000000,1,0,11270,992719287,21.000000000,21.250000000,180,1,10,1,ESM6 C7600
2026-04-23T15:40:13.092193705Z,2026-04-23T15:40:13.064121989Z,1,1,2653879,T,B,0,117.500000000,51,0,15380,378078199,117.000000000,117.500000000,223,51,3,5,UD:1V:CFO 2653879
2026-04-23T15:40:13.131005539Z,2026-04-23T15:40:13.092122337Z,1,1,2653879,T,A,0,117.500000000,41,0,13020,378079008,117.500000000,118.000000000,149,88,1,2,UD:1V:CFO 2653879
2026-04-23T15:40:13.131031766Z,2026-04-23T15:40:13.092174963Z,1,1,2653879,T,A,0,117.500000000,6,0,11218,378079010,117.500000000,118.000000000,108,88,1,2,UD:1V:CFO 2653879
2026-04-23T15:40:13.132832919Z,2026-04-23T15:40:13.123018157Z,1,1,2653879,T,A,0,117.500000000,38,0,11208,378079111,117.500000000,118.000000000,102,88,1,2,UD:1V:CFO 2653879
2026-04-23T15:40:23.514512615Z,2026-04-23T15:40:23.513939191Z,1,1,2653879,T,A,0,117.500000000,15,0,13650,378111243,117.500000000,118.000000000,64,373,1,8,UD:1V:CFO 2653879
2026-04-23T15:40:29.473892857Z,2026-04-23T15:40:29.473360809Z,1,1,2653879,T,A,0,117.500000000,21,0,14766,378131404,117.500000000,118.000000000,49,394,1,9,UD:1V:CFO 2653879
2026-04-23T15:40:36.615913899Z,2026-04-23T15:40:36.463290025Z,1,1,2653879,T,A,0,117.500000000,28,0,11385,378163730,117.500000000,118.000000000,28,439,1,9,UD:1V:CFO 2653879
2026-04-23T15:40:42.247220355Z,2026-04-23T15:40:42.246692543Z,1,1,42506300,T,B,0,204.000000000,1,0,15807,993004520,203.000000000,204.000000000,64,45,5,4,ESU6 C7400
2026-04-23T15:41:12.861718119Z,2026-04-23T15:41:12.861193041Z,1,1,42883177,T,B,0,119.500000000,2,0,12998,993206478,119.000000000,119.500000000,81,18,7,3,ESM6 C7275
2026-04-23T15:41:18.268115937Z,2026-04-23T15:41:18.186027017Z,1,1,2517015,T,A,0,28.250000000,5,0,12844,378285705,28.250000000,28.500000000,5,448,1,6,UD:1V: VT 2517015
2026-04-23T15:41:18.656144807Z,2026-04-23T15:41:18.622980487Z,1,1,2649409,T,A,0,16.000000000,1,0,14248,378289007,16.000000000,16.100000000,1,362,1,5,UD:1V: VT 2649409
2026-04-23T15:41:46.384875023Z,2026-04-23T15:41:46.384220633Z,1,1,2654221,T,A,0,26.500000000,4,0,20633,378357229,26.500000000,29.000000000,4,1,1,1,UD:1V: RR 2654221
2026-04-23T15:41:53.173603727Z,2026-04-23T15:41:53.173136857Z,1,1,42378592,T,B,0,44.750000000,1,0,13908,993446700,44.500000000,44.750000000,8,57,3,4,ESM6 P6500
2026-04-23T15:43:03.056460718Z,2026-04-23T15:43:02.964405833Z,1,1,42903306,T,A,0,76.250000000,5,0,13518,993769762,76.250000000,76.500000000,5,49,1,3,ESM6 C7375
2026-04-23T15:43:03.650623075Z,2026-04-23T15:43:03.646274523Z,1,1,2709545,T,A,0,31.250000000,24,0,14869,378501582,31.250000000,31.500000000,69,260,1,5,UD:1V: VT 2709545
2026-04-23T15:43:04.088199955Z,2026-04-23T15:43:04.087655001Z,1,1,2638412,T,A,0,56.000000000,1,0,15233,378502870,56.000000000,56.500000000,65,183,1,5,UD:1V: VT 2638412
2026-04-23T15:43:09.414083543Z,2026-04-23T15:43:09.391487255Z,1,1,42394812,T,A,0,79.250000000,2,0,13426,993837470,79.250000000,79.750000000,2,133,1,7,ESM6 P6800
2026-04-23T15:43:16.293471851Z,2026-04-23T15:43:16.067764769Z,1,1,2694886,T,B,0,40.000000000,5,0,15432,378537038,39.750000000,40.000000000,144,5,4,1,UD:1V: VT 2694886
2026-04-23T15:43:18.295631839Z,2026-04-23T15:43:18.294732073Z,1,1,42394812,T,B,0,79.250000000,1,0,12641,993894278,78.750000000,79.250000000,105,1,6,1,ESM6 P6800
2026-04-23T15:43:52.504696286Z,2026-04-23T15:43:52.176824305Z,1,1,42883176,T,A,0,174.000000000,5,0,15219,994069827,174.000000000,174.500000000,5,12,1,2,ESM6 C7175
2026-04-23T15:43:52.514400773Z,2026-04-23T15:43:52.176825015Z,1,1,42560128,T,A,0,33.750000000,18,0,14887,994069850,33.750000000,34.000000000,18,32,3,1,ESM6 C7525
2026-04-23T15:43:52.530129728Z,2026-04-23T15:43:52.176825195Z,1,1,42867406,T,A,0,59.000000000,15,0,14394,994070155,59.000000000,59.250000000,15,27,1,1,ESM6 C7425
2026-04-23T15:43:52.634121636Z,2026-04-23T15:43:52.185660099Z,1,1,42510079,T,A,0,85.500000000,3,0,14470,994072239,85.500000000,86.000000000,3,56,1,4,ESM6 C7350
2026-04-23T15:44:04.490735190Z,2026-04-23T15:44:04.490174707Z,1,1,42372981,T,B,0,2.400000000,3,0,12902,994259328,2.300000000,2.400000000,20,94,2,5,ESM6 C8000
2026-04-23T15:44:20.338328159Z,2026-04-23T15:44:20.275243147Z,1,1,42384725,T,B,0,67.000000000,2,0,13925,994366406,66.750000000,67.000000000,139,2,8,1,ESM6 C7400
2026-04-23T15:44:33.087212161Z,2026-04-23T15:44:32.902346997Z,1,1,42883176,T,A,0,173.500000000,1,0,11738,994450974,173.500000000,174.000000000,3,31,1,3,ESM6 C7175
2026-04-23T15:44:33.646754614Z,2026-04-23T15:44:33.522900577Z,1,1,42883176,T,A,0,173.500000000,2,0,13696,994462231,173.500000000,174.000000000,2,83,1,7,ESM6 C7175
2026-04-23T15:44:41.424033377Z,2026-04-23T15:44:40.949870797Z,1,1,42487843,T,B,0,165.500000000,6,0,14725,994542872,165.000000000,165.500000000,31,6,4,2,ESM6 P7150
2026-04-23T15:44:49.244828410Z,2026-04-23T15:44:49.231903533Z,1,1,2654221,T,B,0,21.500000000,4,0,15114,378907349,20.750000000,21.500000000,1,4,1,1,UD:1V: RR 2654221
2026-04-23T15:44:50.218159961Z,2026-04-23T15:44:50.217633437Z,1,1,42396048,T,A,0,83.500000000,2,0,16375,994645903,83.500000000,83.750000000,2,63,1,4,ESU6 P6100
2026-04-23T15:45:05.461259798Z,2026-04-23T15:45:05.398012135Z,1,1,42384724,T,A,0,158.000000000,6,0,13188,994792936,158.000000000,158.500000000,6,37,2,5,ESM6 C7200
2026-04-23T15:45:17.286697064Z,2026-04-23T15:45:16.585118277Z,1,1,2649289,T,A,0,47.750000000,1,0,13915,379037022,47.750000000,48.000000000,1,574,1,7,UD:1V: VT 2649289
2026-04-23T15:45:17.707063876Z,2026-04-23T15:45:16.782913733Z,1,1,2649289,T,A,0,47.750000000,1,0,15152,379040340,47.750000000,48.000000000,1,574,1,7,UD:1V: VT 2649289
2026-04-23T15:45:20.115672290Z,2026-04-23T15:45:19.759430025Z,1,1,42394754,T,B,0,27.000000000,1,0,11212,994977337,26.750000000,27.000000000,390,1,10,1,ESM6 P6200
2026-04-23T15:45:32.096345383Z,2026-04-23T15:45:31.506182343Z,1,1,42506298,T,B,0,228.000000000,30,0,14147,995135638,227.500000000,228.000000000,59,30,2,1,ESU6 P7000
2026-04-23T15:45:34.051094086Z,2026-04-23T15:45:33.703314143Z,1,1,2651418,T,A,0,-4.400000000,5,0,14123,379154179,-4.400000000,-3.600000000,13,50,1,3,UD:1V: GN 2651418
2026-04-23T15:45:34.057969766Z,2026-04-23T15:45:33.706214699Z,1,1,2651418,T,A,0,-4.400000000,5,0,16452,379154184,-4.400000000,-3.600000000,8,50,1,3,UD:1V: GN 2651418
2026-04-23T15:45:49.077747033Z,2026-04-23T15:45:49.059775031Z,1,1,2694858,T,B,0,9.400000000,5,0,14216,379263157,9.300000000,9.400000000,570,5,5,1,UD:1V: VT 2694858
2026-04-23T15:46:08.533497482Z,2026-04-23T15:46:08.533012225Z,1,1,42439351,T,A,0,130.500000000,1,0,13667,995669566,130.500000000,131.000000000,1,63,1,5,ESU6 P6500
2026-04-23T15:46:10.740372891Z,2026-04-23T15:46:10.613428577Z,1,1,42384724,T,A,0,156.000000000,4,0,11161,995696577,156.000000000,156.500000000,4,64,2,5,ESM6 C7200
2026-04-23T15:46:21.964437982Z,2026-04-23T15:46:21.777977957Z,1,1,42394812,T,B,0,80.750000000,1,0,12643,995834072,80.500000000,80.750000000,19,1,4,1,ESM6 P6800
2026-04-23T15:46:24.178728023Z,2026-04-23T15:46:24.101267257Z,1,1,42378374,T,B,0,187.500000000,5,0,15122,995858179,187.000000000,187.500000000,5,6,1,2,ESM6 P7200
2026-04-23T15:46:32.065082526Z,2026-04-23T15:46:32.013007939Z,1,1,42472815,T,A,0,54.750000000,1,0,16155,995985737,54.750000000,55.000000000,1,134,1,4,ESU6 P5700
2026-04-23T15:46:36.118518183Z,2026-04-23T15:46:35.229758241Z,1,1,2649289,T,A,0,47.500000000,1,0,14294,379563811,47.500000000,47.750000000,1,627,1,8,UD:1V: VT 2649289
2026-04-23T15:46:36.569807617Z,2026-04-23T15:46:35.308494281Z,1,1,2649289,T,A,0,47.500000000,1,0,14169,379566376,47.500000000,47.750000000,1,627,1,8,UD:1V: VT 2649289
2026-04-23T15:46:39.462647063Z,2026-04-23T15:46:38.020056819Z,1,1,42372981,T,A,0,2.300000000,10,0,14125,996095183,2.300000000,2.350000000,10,108,1,4,ESM6 C8000
2026-04-23T15:47:23.669002155Z,2026-04-23T15:47:23.668475045Z,1,1,42439347,T,B,0,75.000000000,1,0,14211,996764669,74.750000000,75.000000000,152,1,5,1,ESU6 P6000
2026-04-23T15:48:23.316737023Z,2026-04-23T15:48:23.208460355Z,1,1,42506298,T,B,0,228.000000000,4,0,13254,997472358,227.500000000,228.000000000,69,10,6,1,ESU6 P7000
2026-04-23T15:48:32.974795044Z,2026-04-23T15:48:32.585696779Z,1,1,42506298,T,B,0,228.000000000,6,0,11398,997550323,227.500000000,228.000000000,69,6,6,1,ESU6 P7000
2026-04-23T15:48:45.420364041Z,2026-04-23T15:48:45.288027629Z,1,1,42506298,T,B,0,228.500000000,2,0,11602,997693549,228.000000000,228.500000000,26,20,3,1,ESU6 P7000
2026-04-23T15:48:45.564424113Z,2026-04-23T15:48:45.294604059Z,1,1,42506298,T,B,0,228.500000000,18,0,13151,997695825,228.000000000,228.500000000,25,18,2,1,ESU6 P7000
2026-04-23T15:49:00.153915633Z,2026-04-23T15:49:00.002255561Z,1,1,42472878,T,B,0,524.000000000,1,0,13621,997828472,523.000000000,524.000000000,6,1,2,1,ESU6 C6900
2026-04-23T15:49:02.924653052Z,2026-04-23T15:49:02.919320723Z,1,1,2607680,T,A,0,62.250000000,1,0,14213,380467532,62.250000000,62.500000000,5,409,1,6,UD:1V: VT 2607680
2026-04-23T15:49:25.557827478Z,2026-04-23T15:49:25.512975445Z,1,1,42404374,T,B,0,121.500000000,1,0,16051,998050789,120.500000000,121.500000000,37,54,4,4,ESM6 P7000
2026-04-23T15:49:50.247952139Z,2026-04-23T15:49:50.230011199Z,1,1,42499829,T,A,0,186.500000000,1,0,19494,998268150,186.500000000,187.000000000,1,72,1,6,ESM6 C7150
2026-04-23T15:50:30.817859838Z,2026-04-23T15:50:30.612075621Z,1,1,42903306,T,B,0,74.250000000,2,0,16376,998637112,74.000000000,74.250000000,9,2,1,1,ESM6 C7375
2026-04-23T15:50:39.844549111Z,2026-04-23T15:50:39.733362119Z,1,1,42384731,T,B,0,236.500000000,2,0,13157,998740970,236.000000000,236.500000000,7,2,2,2,ESM6 P7300
2026-04-23T15:50:41.457965021Z,2026-04-23T15:50:41.424277213Z,1,1,42487843,T,A,0,168.000000000,3,0,14168,998765589,168.000000000,168.500000000,3,57,1,5,ESM6 P7150
2026-04-23T15:50:45.930539814Z,2026-04-23T15:50:45.930022445Z,1,1,42413473,T,B,0,89.000000000,1,0,14852,998816538,88.500000000,89.000000000,1,55,1,4,ESU6 P6150
2026-04-23T15:50:51.008882222Z,2026-04-23T15:50:51.002337249Z,1,1,42404366,T,B,0,6.000000000,1,0,13990,998866153,5.900000000,6.000000000,276,1,8,1,ESM6 C7800
2026-04-23T15:50:53.287522283Z,2026-04-23T15:50:53.196412197Z,1,1,42378374,T,B,0,188.000000000,1,0,12876,998889306,187.500000000,188.000000000,35,1,5,1,ESM6 P7200
2026-04-23T15:50:57.469359830Z,2026-04-23T15:50:57.454225453Z,1,1,42404366,T,B,0,6.000000000,1,0,13048,998927974,5.900000000,6.000000000,146,1,7,1,ESM6 C7800
2026-04-23T15:51:03.369930807Z,2026-04-23T15:51:02.929162603Z,1,1,2662826,T,B,0,14.600000000,3,0,15295,381018579,14.500000000,14.600000000,1181,3,6,1,UD:1V: VT 2662826
2026-04-23T15:51:06.859486966Z,2026-04-23T15:51:06.811567573Z,1,1,42372969,T,B,0,289.000000000,1,0,11675,999026070,288.500000000,289.000000000,6,1,1,1,ESM6 C7000
2026-04-23T15:51:34.957060772Z,2026-04-23T15:51:34.562491687Z,1,1,42433262,T,B,0,143.000000000,1,0,13761,999303250,142.500000000,143.000000000,72,1,3,1,ESZ6 P6150
2026-04-23T15:51:39.769130651Z,2026-04-23T15:51:39.754440399Z,1,1,2502786,T,B,0,37.500000000,5,0,17317,381217524,37.250000000,37.500000000,388,5,6,1,UD:1V: VT 2502786
2026-04-23T15:51:45.659106014Z,2026-04-23T15:51:45.627587189Z,1,1,2654680,T,A,0,0.650000000,10,0,14478,381263263,0.650000000,0.900000000,10,48,1,3,UD:1V: GN 2654680
2026-04-23T15:51:52.562932103Z,2026-04-23T15:51:52.532305523Z,1,1,2654680,T,A,0,0.650000000,2,0,15529,381295978,0.650000000,0.900000000,10,43,1,2,UD:1V: GN 2654680
2026-04-23T15:51:53.781653087Z,2026-04-23T15:51:53.774777451Z,1,1,2654680,T,A,0,0.650000000,2,0,15376,381301545,0.650000000,0.900000000,8,43,1,2,UD:1V: GN 2654680
2026-04-23T15:51:54.202103758Z,2026-04-23T15:51:54.188781721Z,1,1,2654680,T,A,0,0.650000000,2,0,17135,381302241,0.650000000,0.900000000,6,43,1,2,UD:1V: GN 2654680
2026-04-23T15:51:54.395072236Z,2026-04-23T15:51:54.381148031Z,1,1,2654680,T,A,0,0.650000000,2,0,16149,381303248,0.650000000,0.900000000,4,43,1,2,UD:1V: GN 2654680
2026-04-23T15:51:55.065247911Z,2026-04-23T15:51:55.045777945Z,1,1,2654680,T,A,0,0.650000000,2,0,15256,381304681,0.650000000,0.900000000,2,43,1,2,UD:1V: GN 2654680
2026-04-23T15:52:00.562059347Z,2026-04-23T15:52:00.550785233Z,1,1,2588916,T,A,0,27.250000000,5,0,16646,381325957,27.250000000,27.500000000,5,713,1,7,UD:1V: VT 2588916
2026-04-23T15:52:07.803828609Z,2026-04-23T15:52:07.803372127Z,1,1,42404374,T,B,0,122.000000000,5,0,15989,999665328,121.500000000,122.000000000,85,5,7,1,ESM6 P7000
2026-04-23T15:52:14.446934609Z,2026-04-23T15:52:14.446397115Z,1,1,42378449,T,A,0,20.000000000,1,0,15841,999742409,20.000000000,20.250000000,154,100,4,6,ESM6 P6000
2026-04-23T15:52:27.828167469Z,2026-04-23T15:52:27.333190523Z,1,1,42394812,T,A,0,81.500000000,1,0,13570,999874225,81.500000000,81.750000000,1,30,1,2,ESM6 P6800
2026-04-23T15:53:14.570829492Z,2026-04-23T15:53:14.525191211Z,1,1,42378618,T,B,0,99.500000000,1,0,15654,1000267784,99.250000000,99.500000000,75,1,7,1,ESM6 P6900
2026-04-23T15:53:52.194907453Z,2026-04-23T15:53:52.194265671Z,1,1,2654776,T,B,0,109.000000000,1,0,15415,381805672,108.500000000,109.000000000,110,12,2,1,UD:1V: VT 2654776
2026-04-23T15:54:00.742869217Z,2026-04-23T15:54:00.665327843Z,1,1,42384724,T,A,0,155.000000000,1,0,16385,1000694753,155.000000000,155.500000000,1,109,1,8,ESM6 C7200
2026-04-23T15:54:14.672369262Z,2026-04-23T15:54:14.598987591Z,1,1,42940284,T,A,0,6.900000000,5,0,13317,1000813664,6.900000000,7.000000000,5,12,1,2,ESM6 C7775
2026-04-23T15:54:30.694100826Z,2026-04-23T15:54:30.675487745Z,1,1,42394812,T,B,0,81.750000000,1,0,13258,1000960039,81.500000000,81.750000000,82,1,7,1,ESM6 P6800
2026-04-23T15:54:53.910772716Z,2026-04-23T15:54:53.910403093Z,1,1,42310070,T,B,0,381.000000000,5,0,13677,1001166173,380.500000000,381.000000000,16,5,2,1,ESZ6 C7300
2026-04-23T15:55:00.697748182Z,2026-04-23T15:55:00.547519209Z,1,1,42399646,T,A,0,10.800000000,5,0,14164,1001208921,10.800000000,11.000000000,5,96,1,6,ESM6 C7700
2026-04-23T15:55:09.956604163Z,2026-04-23T15:55:09.956078061Z,1,1,2694960,T,A,0,438.000000000,1,0,13843,382157316,438.000000000,439.500000000,1,88,1,1,UD:1V: VT 2694960
2026-04-23T15:55:22.466710787Z,2026-04-23T15:55:22.465833041Z,1,1,42760605,T,A,0,44.250000000,5,0,13125,1001466979,44.250000000,44.500000000,5,106,1,7,ESM6 P6475
2026-04-23T15:55:31.333678237Z,2026-04-23T15:55:30.474419345Z,1,1,42399706,T,A,0,67.000000000,1,0,13032,1001559412,67.000000000,67.250000000,1,107,1,5,ESM6 P6700
2026-04-23T15:55:33.235708979Z,2026-04-23T15:55:33.212079325Z,1,1,2651418,T,A,0,-4.500000000,19,0,17223,382288528,-4.500000000,-3.450000000,19,18,2,2,UD:1V: GN 2651418
2026-04-23T15:55:43.278424509Z,2026-04-23T15:55:43.271948453Z,1,1,2654827,T,B,0,35.250000000,1,0,14781,382331203,34.750000000,35.250000000,271,173,3,2,UD:1V: VT 2654827
2026-04-23T15:55:46.046687783Z,2026-04-23T15:55:45.622222935Z,1,1,42804678,T,B,0,142.500000000,5,0,13871,1001714030,142.000000000,142.500000000,50,5,5,1,ESM6 C7225
2026-04-23T15:55:46.977883271Z,2026-04-23T15:55:46.768942413Z,1,1,2694960,T,B,0,439.500000000,1,0,11654,382356378,438.000000000,439.500000000,1,88,1,1,UD:1V: VT 2694960
2026-04-23T15:55:47.194500233Z,2026-04-23T15:55:47.138440013Z,1,1,42413476,T,A,0,116.500000000,2,0,14132,1001736067,116.500000000,117.000000000,46,7,3,2,ESU6 P6400
2026-04-23T15:55:51.864892316Z,2026-04-23T15:55:51.864339473Z,1,1,2694960,T,B,0,439.500000000,1,0,15004,382389877,438.000000000,439.500000000,1,87,1,1,UD:1V: VT 2694960
2026-04-23T15:55:57.054126217Z,2026-04-23T15:55:57.053542485Z,1,1,2694960,T,B,0,439.500000000,1,0,13095,382411599,438.000000000,439.500000000,1,86,1,1,UD:1V: VT 2694960
2026-04-23T15:56:00.692833195Z,2026-04-23T15:56:00.692253591Z,1,1,2694960,T,B,0,439.500000000,1,0,16490,382421904,438.000000000,439.500000000,1,85,1,1,UD:1V: VT 2694960
2026-04-23T15:56:01.053337345Z,2026-04-23T15:56:00.952213433Z,1,1,42404374,T,B,0,121.500000000,5,0,14002,1001875889,121.000000000,121.500000000,84,10,6,2,ESM6 P7000
2026-04-23T15:56:04.743246395Z,2026-04-23T15:56:04.293297677Z,1,1,42883176,T,B,0,171.500000000,3,0,14297,1001942868,171.000000000,171.500000000,45,3,6,1,ESM6 C7175
2026-04-23T15:56:06.784023908Z,2026-04-23T15:56:06.098430199Z,1,1,2694960,T,A,0,438.500000000,1,0,16187,382472245,438.500000000,439.500000000,1,84,1,1,UD:1V: VT 2694960
2026-04-23T15:56:07.284062961Z,2026-04-23T15:56:06.351389131Z,1,1,42394812,T,A,0,80.500000000,1,0,16444,1001982430,80.500000000,80.750000000,1,53,1,2,ESM6 P6800
2026-04-23T15:56:24.396745153Z,2026-04-23T15:56:24.376335109Z,1,1,2694960,T,A,0,438.500000000,1,0,14100,382592678,438.500000000,439.500000000,1,84,1,1,UD:1V: VT 2694960
2026-04-23T15:56:26.714040810Z,2026-04-23T15:56:26.601762727Z,1,1,42883306,T,B,0,158.000000000,5,0,14022,1002246550,157.500000000,158.000000000,56,5,6,1,ESM6 P7125
2026-04-23T15:56:34.473840345Z,2026-04-23T15:56:34.466977863Z,1,1,42404374,T,A,0,120.000000000,1,0,17077,1002368165,120.000000000,120.500000000,7,90,2,8,ESM6 P7000
2026-04-23T15:56:53.827747906Z,2026-04-23T15:56:53.814274891Z,1,1,2654817,T,B,0,70.000000000,103,0,19713,382749007,69.250000000,70.000000000,119,103,5,4,UD:1V: VT 2654817
2026-04-23T15:56:53.846133232Z,2026-04-23T15:56:53.827556957Z,1,1,2654817,T,A,0,70.000000000,26,0,12744,382749379,70.000000000,70.250000000,26,20,1,1,UD:1V: VT 2654817
2026-04-23T15:57:00.712308940Z,2026-04-23T15:57:00.711880519Z,1,1,2654767,T,A,0,0.150000000,25,0,13465,382778768,0.150000000,0.200000000,25,982,1,1,UD:1V: BO 2654767
2026-04-23T15:57:23.270907391Z,2026-04-23T15:57:23.184760961Z,1,1,2654817,T,B,0,70.000000000,36,0,13224,382868427,69.500000000,70.000000000,80,150,3,2,UD:1V: VT 2654817
2026-04-23T15:57:51.021783212Z,2026-04-23T15:57:50.865254467Z,1,1,2649409,T,B,0,16.400000000,1,0,14050,383029524,16.300000000,16.400000000,496,1,5,1,UD:1V: VT 2649409
2026-04-23T15:58:08.623400959Z,2026-04-23T15:58:08.621578503Z,1,1,2651418,T,A,0,-4.400000000,5,0,14026,383101306,-4.400000000,-3.500000000,5,50,1,3,UD:1V: GN 2651418
2026-04-23T15:59:06.977920214Z,2026-04-23T15:59:06.954248895Z,1,1,42677318,T,B,0,548.500000000,11,0,16195,1003614258,547.500000000,548.500000000,3,11,1,1,ESU7 P7300
2026-04-23T15:59:47.841725012Z,2026-04-23T15:59:47.834814611Z,1,1,2654817,T,A,0,70.250000000,11,0,15074,383399059,70.250000000,70.500000000,12,71,1,2,UD:1V: VT 2654817
2026-04-23T15:59:50.219652804Z,2026-04-23T15:59:50.049628289Z,1,1,2654817,T,A,0,70.250000000,1,0,13073,383407486,70.250000000,70.500000000,1,199,1,5,UD:1V: VT 2654817
2026-04-23T16:00:07.185042039Z,2026-04-23T16:00:07.184112735Z,1,1,42344024,T,B,0,999.000000000,1,0,13661,1004048015,996.500000000,999.000000000,17,1,1,1,ESZ8 C7500
2026-04-23T16:00:29.463157859Z,2026-04-23T16:00:29.462490365Z,1,1,2622899,T,B,0,53.750000000,5,0,14756,383547548,53.500000000,53.750000000,559,5,6,1,UD:1V: VT 2622899
2026-04-23T16:00:33.849512324Z,2026-04-23T16:00:33.759092205Z,1,1,2651975,T,A,0,21.250000000,5,0,14367,383571760,21.250000000,21.500000000,5,534,1,5,UD:1V: VT 2651975
2026-04-23T16:00:39.449787312Z,2026-04-23T16:00:39.449211943Z,1,1,2654953,T,B,0,8.000000000,1,0,14270,383606414,7.800000000,8.000000000,2141,1203,9,7,UD:1V: VT 2654953
2026-04-23T16:00:54.727976979Z,2026-04-23T16:00:54.715445625Z,1,1,42446245,T,A,0,135.000000000,2,0,15004,1004449389,135.000000000,135.500000000,2,90,1,8,ESM6 P7050
2026-04-23T16:00:54.827704612Z,2026-04-23T16:00:54.758125635Z,1,1,42399704,T,A,0,60.750000000,7,0,16927,1004450875,60.750000000,61.000000000,7,66,2,3,ESM6 P6650
2026-04-23T16:01:01.891235534Z,2026-04-23T16:01:01.556792573Z,1,1,42836585,T,A,0,177.000000000,5,0,13900,1004507230,177.000000000,177.500000000,5,7,1,1,ESM6 P7175
2026-04-23T16:01:24.651441562Z,2026-04-23T16:01:24.572969413Z,1,1,42315429,T,A,0,499.000000000,1,0,14786,1004668663,499.000000000,499.500000000,1,19,1,1,ESZ8 C8500
2026-04-23T16:01:47.864634630Z,2026-04-23T16:01:47.864137503Z,1,1,42315429,T,A,0,499.000000000,1,0,14089,1004854331,499.000000000,500.000000000,1,19,1,1,ESZ8 C8500
2026-04-23T16:02:02.239286417Z,2026-04-23T16:02:01.778775853Z,1,1,2649409,T,B,0,16.400000000,1,0,14473,383894074,16.300000000,16.400000000,497,1,5,1,UD:1V: VT 2649409
2026-04-23T16:02:16.105023006Z,2026-04-23T16:02:16.103308259Z,1,1,42344024,T,B,0,998.500000000,1,0,13599,1005076780,995.500000000,998.500000000,17,1,1,1,ESZ8 C7500
2026-04-23T16:03:10.738685933Z,2026-04-23T16:03:10.735474695Z,1,1,42384731,T,B,0,237.500000000,2,0,12887,1005439244,237.000000000,237.500000000,14,2,4,2,ESM6 P7300
2026-04-23T16:03:12.151552926Z,2026-04-23T16:03:12.151011283Z,1,1,42399706,T,B,0,67.500000000,1,0,21406,1005451334,67.250000000,67.500000000,2,22,2,4,ESM6 P6700
2026-04-23T16:03:16.132850655Z,2026-04-23T16:03:16.132491469Z,1,1,42399706,T,A,0,67.500000000,1,0,14125,1005473072,67.500000000,67.750000000,1,164,1,8,ESM6 P6700
2026-04-23T16:03:32.309331044Z,2026-04-23T16:03:32.294734843Z,1,1,2694960,T,A,0,438.000000000,1,0,14660,384195760,438.000000000,440.000000000,1,89,1,1,UD:1V: VT 2694960
2026-04-23T16:03:59.004298041Z,2026-04-23T16:03:58.762210935Z,1,1,2654941,T,A,0,487.000000000,2,0,12034,384313351,487.000000000,,2,0,1,0,UD:1V: VT 2654941
2026-04-23T16:04:05.993823691Z,2026-04-23T16:04:05.886256653Z,1,1,42378592,T,B,0,46.500000000,1,0,13859,1005875600,46.250000000,46.500000000,184,1,7,1,ESM6 P6500
2026-04-23T16:04:15.500310833Z,2026-04-23T16:04:15.391279603Z,1,1,42384731,T,B,0,238.500000000,2,0,12850,1005958734,238.000000000,238.500000000,14,2,4,2,ESM6 P7300
2026-04-23T16:04:32.079951814Z,2026-04-23T16:04:32.029760433Z,1,1,42384724,T,A,0,154.000000000,4,0,14790,1006090936,154.000000000,154.500000000,4,68,1,8,ESM6 C7200
2026-04-23T16:04:39.453628535Z,2026-04-23T16:04:39.193945663Z,1,1,42404370,T,B,0,39.000000000,1,0,11571,1006148836,38.750000000,39.000000000,171,1,6,1,ESM6 P6400
2026-04-23T16:04:41.985025527Z,2026-04-23T16:04:41.852841233Z,1,1,2651418,T,A,0,-4.300000000,5,0,15388,384489500,-4.300000000,-3.500000000,14,50,1,3,UD:1V: GN 2651418
2026-04-23T16:04:42.012065285Z,2026-04-23T16:04:41.860950727Z,1,1,2651418,T,A,0,-4.300000000,5,0,15761,384489551,-4.300000000,-3.500000000,9,50,1,3,UD:1V: GN 2651418
2026-04-23T16:05:03.604950801Z,2026-04-23T16:05:03.322487787Z,1,1,42919950,T,B,0,145.500000000,2,0,16782,1006438752,145.000000000,145.500000000,5,2,1,1,ESM6 P7075
2026-04-23T16:05:11.657446156Z,2026-04-23T16:05:11.656958113Z,1,1,42384731,T,B,0,240.500000000,1,0,13193,1006551650,240.000000000,240.500000000,12,1,3,1,ESM6 P7300
2026-04-23T16:05:22.089244158Z,2026-04-23T16:05:22.088738489Z,1,1,42384731,T,B,0,240.500000000,1,0,16092,1006672027,240.000000000,240.500000000,28,1,4,1,ESM6 P7300
2026-04-23T16:05:33.493002447Z,2026-04-23T16:05:33.422176599Z,1,1,2588916,T,A,0,27.500000000,5,0,11472,384816884,27.500000000,27.750000000,5,449,1,5,UD:1V: VT 2588916
2026-04-23T16:05:45.318986676Z,2026-04-23T16:05:45.159504179Z,1,1,2588916,T,A,0,27.500000000,5,0,14228,384869478,27.500000000,27.750000000,5,586,1,6,UD:1V: VT 2588916
2026-04-23T16:05:59.316826019Z,2026-04-23T16:05:59.191405449Z,1,1,2654221,T,A,0,12.000000000,4,0,19254,384923326,12.000000000,14.800000000,4,1,1,1,UD:1V: RR 2654221
2026-04-23T16:06:20.901148518Z,2026-04-23T16:06:20.887674905Z,1,1,42804680,T,A,0,41.000000000,12,0,11111,1007248151,41.000000000,41.250000000,40,157,1,6,ESM6 P6425
2026-04-23T16:06:24.518484939Z,2026-04-23T16:06:24.289705781Z,1,1,2694886,T,B,0,38.750000000,20,0,15483,385040242,38.500000000,38.750000000,256,20,5,1,UD:1V: VT 2694886
2026-04-23T16:06:24.850293147Z,2026-04-23T16:06:24.744082489Z,1,1,2694886,T,B,0,38.750000000,44,0,13052,385044269,38.500000000,38.750000000,450,44,8,1,UD:1V: VT 2694886
2026-04-23T16:06:41.223879035Z,2026-04-23T16:06:41.176230263Z,1,1,2517015,T,A,0,29.250000000,5,0,16203,385104448,29.250000000,29.500000000,5,453,1,5,UD:1V: VT 2517015
2026-04-23T16:06:43.545406814Z,2026-04-23T16:06:43.535904851Z,1,1,2635994,T,A,0,25.750000000,5,0,14106,385118272,25.750000000,26.000000000,5,737,1,7,UD:1V: VT 2635994
2026-04-23T16:06:47.199844457Z,2026-04-23T16:06:47.198424913Z,1,1,42409640,T,B,0,1.350000000,3,0,15955,1007481119,1.300000000,1.350000000,3,55,1,3,ESM6 P3500
2026-04-23T16:07:03.594250739Z,2026-04-23T16:07:03.582147775Z,1,1,42404325,T,A,0,1.850000000,10,0,14259,1007624822,1.850000000,1.900000000,10,757,1,8,ESM6 P3800
2026-04-23T16:07:34.730702888Z,2026-04-23T16:07:34.730156785Z,1,1,42399596,T,B,0,2.550000000,3,0,15717,1007879160,2.500000000,2.550000000,3,125,1,5,ESM6 P4100
2026-04-23T16:08:57.919426630Z,2026-04-23T16:08:57.886805375Z,1,1,42372979,T,B,0,102.500000000,2,0,17692,1008534048,102.000000000,102.500000000,101,2,7,1,ESM6 C7300
2026-04-23T16:09:05.407025945Z,2026-04-23T16:09:05.396810867Z,1,1,42853783,T,B,0,91.500000000,2,0,14384,1008596113,91.000000000,91.500000000,104,4,7,2,ESM6 C7325
2026-04-23T16:09:27.124499502Z,2026-04-23T16:09:27.123981243Z,1,1,2655280,T,B,0,106.000000000,1,0,11212,385736256,105.000000000,106.000000000,65,52,3,2,UD:1V: GN 2655280
2026-04-23T16:10:12.395815030Z,2026-04-23T16:10:12.203459509Z,1,1,2588916,T,A,0,27.500000000,5,0,13361,385892311,27.500000000,27.750000000,5,753,1,8,UD:1V: VT 2588916
2026-04-23T16:10:16.509106543Z,2026-04-23T16:10:16.282797199Z,1,1,42616248,T,B,0,16.600000000,12,0,21088,1009143136,16.400000000,16.600000000,140,12,1,1,ESU7 C10000
2026-04-23T16:11:01.814935872Z,2026-04-23T16:11:01.814496607Z,1,1,2650563,T,A,0,-0.700000000,100,0,20191,386092462,-0.700000000,-0.450000000,100,16,1,3,UD:1V: GN 2650563
2026-04-23T16:11:18.142627187Z,2026-04-23T16:11:18.045543669Z,1,1,2647314,T,B,0,248.000000000,10,0,15077,386161678,247.500000000,248.000000000,39,10,3,1,UD:1V: IB 2647314
2026-04-23T16:11:18.590593812Z,2026-04-23T16:11:18.473516037Z,1,1,2649289,T,A,0,47.250000000,5,0,14231,386166545,47.250000000,47.500000000,5,514,1,6,UD:1V: VT 2649289
2026-04-23T16:12:15.688877937Z,2026-04-23T16:12:15.524785849Z,1,1,2635994,T,A,0,25.750000000,5,0,14151,386349190,25.750000000,26.000000000,5,834,1,9,UD:1V: VT 2635994
2026-04-23T16:12:26.834819067Z,2026-04-23T16:12:26.251103893Z,1,1,42487843,T,A,0,169.000000000,16,0,17284,1010158458,169.000000000,170.000000000,33,92,5,8,ESM6 P7150
2026-04-23T16:12:26.862433164Z,2026-04-23T16:12:26.251104277Z,1,1,42384872,T,A,0,74.250000000,3,0,14486,1010158955,74.250000000,74.750000000,3,122,1,6,ESM6 P6750
2026-04-23T16:12:26.864282220Z,2026-04-23T16:12:26.251170483Z,1,1,42394812,T,A,0,81.750000000,24,0,11200,1010158993,81.750000000,82.250000000,24,32,2,3,ESM6 P6800
2026-04-23T16:12:26.873193379Z,2026-04-23T16:12:26.251395375Z,1,1,42760624,T,A,0,94.750000000,1,0,11544,1010159189,94.750000000,95.250000000,1,1,1,1,ESM6 P6875
2026-04-23T16:12:27.162863876Z,2026-04-23T16:12:26.477420131Z,1,1,2612499,T,A,0,17.000000000,5,0,14168,386391244,17.000000000,17.100000000,5,76,1,1,UD:1V: VT 2612499
2026-04-23T16:12:27.179139072Z,2026-04-23T16:12:26.485097661Z,1,1,2548778,T,A,0,17.900000000,165,0,16439,386391266,17.900000000,18.000000000,385,59,2,1,UD:1V: VT 2548778
2026-04-23T16:12:27.204944227Z,2026-04-23T16:12:26.511180949Z,1,1,2650376,T,A,0,181.500000000,5,0,11488,386391816,181.500000000,182.000000000,5,5,1,1,UD:1V:CFO 2650376
2026-04-23T16:12:27.204970567Z,2026-04-23T16:12:26.511182043Z,1,1,2650397,T,A,0,152.000000000,5,0,11984,386391818,152.000000000,152.500000000,5,5,1,1,UD:1V:CFO 2650397
2026-04-23T16:12:27.516804787Z,2026-04-23T16:12:26.891082615Z,1,1,2654827,T,A,0,35.250000000,9,0,17035,386395348,35.250000000,35.500000000,121,65,3,1,UD:1V: VT 2654827
2026-04-23T16:12:27.540867181Z,2026-04-23T16:12:26.911022121Z,1,1,2634820,T,A,0,83.500000000,5,0,14763,386395599,83.500000000,84.000000000,5,106,1,2,UD:1V: VT 2634820
2026-04-23T16:12:28.710419447Z,2026-04-23T16:12:28.449522357Z,1,1,42399706,T,A,0,67.250000000,1,0,11783,1010191572,67.250000000,67.750000000,1,144,1,9,ESM6 P6700
2026-04-23T16:12:28.928302721Z,2026-04-23T16:12:28.924317817Z,1,1,42854015,T,A,0,70.500000000,17,0,13571,1010195297,70.500000000,71.000000000,30,121,1,7,ESM6 P6725
2026-04-23T16:12:40.634641735Z,2026-04-23T16:12:40.060835001Z,1,1,42399704,T,A,0,61.000000000,14,0,13801,1010317446,61.000000000,61.500000000,32,114,1,8,ESM6 P6650
2026-04-23T16:13:15.410820023Z,2026-04-23T16:13:15.164340151Z,1,1,2613574,T,A,0,366.500000000,5,0,15333,386575087,366.500000000,368.500000000,5,41,1,3,UD:1V: ST 2613574
2026-04-23T16:13:15.430752311Z,2026-04-23T16:13:15.181556709Z,1,1,2647314,T,A,0,247.500000000,23,0,16692,386575164,247.500000000,248.500000000,23,155,2,5,UD:1V: IB 2647314
2026-04-23T16:13:15.454959393Z,2026-04-23T16:13:15.186313081Z,1,1,2655280,T,B,0,106.000000000,36,0,11598,386575639,105.500000000,106.000000000,13,36,1,1,UD:1V: GN 2655280
2026-04-23T16:13:15.487387121Z,2026-04-23T16:13:15.317772025Z,1,1,42804678,T,A,0,140.000000000,1,0,14626,1010539607,140.000000000,141.000000000,1,48,1,4,ESM6 C7225
2026-04-23T16:13:15.507135197Z,2026-04-23T16:13:15.340184505Z,1,1,2641339,T,B,0,40.500000000,18,0,13899,386576506,40.250000000,40.500000000,121,38,2,1,UD:1V: VT 2641339
2026-04-23T16:13:15.699309025Z,2026-04-23T16:13:15.698506137Z,1,1,42384724,T,A,0,154.000000000,1,0,12658,1010543963,154.000000000,154.500000000,1,21,1,1,ESM6 C7200
2026-04-23T16:13:16.081540585Z,2026-04-23T16:13:16.081085269Z,1,1,42212203,T,A,0,127.000000000,1,0,13296,1010548702,127.000000000,127.500000000,1,61,1,6,ESM6 C7250
2026-04-23T16:13:16.412648530Z,2026-04-23T16:13:16.408291079Z,1,1,42212203,T,A,0,127.000000000,1,0,14090,1010552227,127.000000000,127.500000000,1,79,1,7,ESM6 C7250
2026-04-23T16:13:16.792971601Z,2026-04-23T16:13:16.791669703Z,1,1,42384725,T,A,0,64.000000000,1,0,14166,1010554599,64.000000000,64.250000000,1,26,1,1,ESM6 C7400
2026-04-23T16:13:17.121991223Z,2026-04-23T16:13:17.120824979Z,1,1,42384725,T,A,0,64.000000000,1,0,14997,1010555822,64.000000000,64.250000000,1,31,1,2,ESM6 C7400
2026-04-23T16:13:17.923825332Z,2026-04-23T16:13:17.908359873Z,1,1,2694862,T,B,0,75.500000000,5,0,14925,386585729,75.250000000,75.500000000,458,5,5,1,UD:1V: VT 2694862
2026-04-23T16:13:20.460402137Z,2026-04-23T16:13:20.325553211Z,1,1,42394804,T,A,0,50.250000000,1,0,12036,1010591161,50.250000000,50.750000000,5,104,1,5,ESM6 P6550
2026-04-23T16:13:20.752126785Z,2026-04-23T16:13:20.750272833Z,1,1,42378449,T,A,0,19.900000000,3,0,14670,1010595312,19.900000000,20.250000000,6,244,2,7,ESM6 P6000
2026-04-23T16:13:20.936603222Z,2026-04-23T16:13:20.936091865Z,1,1,42399704,T,A,0,60.500000000,1,0,14256,1010596290,60.500000000,61.000000000,4,127,2,5,ESM6 P6650
2026-04-23T16:13:21.137458975Z,2026-04-23T16:13:21.134523345Z,1,1,2645524,T,A,0,762.500000000,9,0,13872,386604358,762.500000000,764.500000000,9,4,1,1,UD:1V: ST 2645524
2026-04-23T16:13:36.468686278Z,2026-04-23T16:13:36.206217387Z,1,1,42366515,T,A,0,35.000000000,1,0,15146,1010701530,35.000000000,35.500000000,13,165,3,7,ESM6 P6350
2026-04-23T16:13:36.653592784Z,2026-04-23T16:13:36.475556893Z,1,1,42883177,T,A,0,114.500000000,1,0,11603,1010705056,114.500000000,115.000000000,40,27,4,3,ESM6 C7275
2026-04-23T16:13:45.583615352Z,2026-04-23T16:13:45.329239781Z,1,1,42883305,T,A,0,36.500000000,1,0,13527,1010762092,36.500000000,37.000000000,10,175,2,7,ESM6 P6375
2026-04-23T16:13:50.269628071Z,2026-04-23T16:13:50.018234773Z,1,1,42378541,T,A,0,32.000000000,1,0,11483,1010800385,32.000000000,32.250000000,32,2,2,1,ESM6 P6300
2026-04-23T16:13:59.447492910Z,2026-04-23T16:13:59.447150593Z,1,1,42429362,T,B,0,203.500000000,20,0,13689,1010863209,203.000000000,203.500000000,121,20,7,1,ESU6 P6900
2026-04-23T16:14:08.391156059Z,2026-04-23T16:14:08.286032417Z,1,1,42429362,T,B,0,203.500000000,20,0,12042,1010922918,203.000000000,203.500000000,164,20,7,1,ESU6 P6900
2026-04-23T16:14:09.275721178Z,2026-04-23T16:14:09.272411085Z,1,1,42429362,T,B,0,203.500000000,9,0,14279,1010927953,203.000000000,203.500000000,164,20,7,1,ESU6 P6900
2026-04-23T16:14:27.334054505Z,2026-04-23T16:14:27.265344585Z,1,1,2655359,T,A,0,27.000000000,1,0,15241,386809734,27.000000000,27.250000000,1,1251,1,9,UD:1V: VT 2655359
2026-04-23T16:14:39.551882151Z,2026-04-23T16:14:39.550020437Z,1,1,42867406,T,B,0,56.250000000,2,0,16116,1011110007,56.000000000,56.250000000,14,2,3,1,ESM6 C7425
2026-04-23T16:14:48.518344369Z,2026-04-23T16:14:48.517995721Z,1,1,42366511,T,B,0,20.000000000,1,0,13188,1011160656,19.900000000,20.000000000,24,1,4,1,ESM6 C7600
2026-04-23T16:15:18.823823974Z,2026-04-23T16:15:18.745723691Z,1,1,42903306,T,A,0,73.000000000,2,0,12527,1011362744,73.000000000,73.500000000,2,179,1,8,ESM6 C7375
2026-04-23T16:15:49.857183924Z,2026-04-23T16:15:49.715186931Z,1,1,42560128,T,A,0,32.000000000,2,0,15079,1011577670,32.000000000,32.250000000,2,162,1,6,ESM6 C7525
2026-04-23T16:16:00.358811177Z,2026-04-23T16:16:00.266226983Z,1,1,42853783,T,A,0,92.000000000,2,0,14922,1011646641,92.000000000,92.250000000,2,49,1,3,ESM6 C7325
2026-04-23T16:16:09.947795828Z,2026-04-23T16:16:09.947230887Z,1,1,2646253,T,A,0,-10.500000000,51,0,11306,387119043,-10.500000000,-10.400000000,50,70,1,3,UD:1V: 12 2646253
2026-04-23T16:16:09.948023931Z,2026-04-23T16:16:09.947231063Z,1,1,2646253,T,A,0,-10.500000000,1,0,11183,387119045,-10.500000000,-10.400000000,49,70,1,3,UD:1V: 12 2646253
2026-04-23T16:16:09.948273460Z,2026-04-23T16:16:09.947232343Z,1,1,2646253,T,A,0,-10.500000000,4,0,11220,387119047,-10.500000000,-10.400000000,48,70,1,3,UD:1V: 12 2646253
2026-04-23T16:16:09.948541228Z,2026-04-23T16:16:09.947251139Z,1,1,2646253,T,A,0,-10.500000000,7,0,11096,387119049,-10.500000000,-10.400000000,44,70,1,3,UD:1V: 12 2646253
2026-04-23T16:16:09.948813278Z,2026-04-23T16:16:09.947270819Z,1,1,2646253,T,A,0,-10.500000000,24,0,12925,387119051,-10.500000000,-10.400000000,37,70,1,3,UD:1V: 12 2646253
2026-04-23T16:16:09.949141217Z,2026-04-23T16:16:09.947843375Z,1,1,2646253,T,A,0,-10.500000000,7,0,11847,387119053,-10.500000000,-10.400000000,13,70,1,3,UD:1V: 12 2646253
2026-04-23T16:16:09.976940009Z,2026-04-23T16:16:09.976444201Z,1,1,2646253,T,A,0,-10.500000000,6,0,14165,387119190,-10.500000000,-10.400000000,6,263,1,5,UD:1V: 12 2646253
2026-04-23T16:16:10.030168070Z,2026-04-23T16:16:10.025719493Z,1,1,2646253,T,A,0,-10.500000000,6,0,13888,387119248,-10.500000000,-10.400000000,50,340,1,6,UD:1V: 12 2646253
2026-04-23T16:16:14.456645961Z,2026-04-23T16:16:14.449803221Z,1,1,42458390,T,A,0,162.500000000,7,0,13580,1011720169,162.500000000,163.000000000,7,37,1,4,ESU6 P6700
2026-04-23T16:16:14.487723382Z,2026-04-23T16:16:14.471322393Z,1,1,42458390,T,A,0,162.500000000,81,0,13241,1011720844,162.500000000,163.000000000,91,37,1,4,ESU6 P6700
2026-04-23T16:16:16.755437033Z,2026-04-23T16:16:16.249859929Z,1,1,2646253,T,A,0,-10.500000000,44,0,11349,387139186,-10.500000000,-10.400000000,44,285,1,6,UD:1V: 12 2646253
2026-04-23T16:16:27.304613465Z,2026-04-23T16:16:27.304016209Z,1,1,2646253,T,B,0,-10.400000000,50,0,13768,387170778,-10.500000000,-10.400000000,50,208,1,6,UD:1V: 12 2646253
2026-04-23T16:17:28.558149111Z,2026-04-23T16:17:28.325550347Z,1,1,42378449,T,B,0,19.800000000,1,0,13934,1012224809,19.700000000,19.800000000,173,1,5,1,ESM6 P6000
2026-04-23T16:17:35.268053796Z,2026-04-23T16:17:35.259611049Z,1,1,2655532,T,A,0,12.300000000,2,0,14899,387391238,12.300000000,12.400000000,2,848,1,7,UD:1V: VT 2655532
2026-04-23T16:18:05.215833190Z,2026-04-23T16:18:04.851748557Z,1,1,2655563,T,B,0,83.250000000,2,0,13219,387464539,82.750000000,83.250000000,60,12,2,1,UD:1V: BO 2655563
2026-04-23T16:19:10.352435407Z,2026-04-23T16:19:10.345407669Z,1,1,42919950,T,B,0,142.000000000,13,0,13775,1012869770,141.500000000,142.000000000,89,35,8,1,ESM6 P7075
2026-04-23T16:19:22.454615471Z,2026-04-23T16:19:22.454100483Z,1,1,42404366,T,A,0,5.700000000,3,0,14781,1012945269,5.700000000,5.900000000,139,27,6,3,ESM6 C7800
2026-04-23T16:19:27.099586390Z,2026-04-23T16:19:27.098840529Z,1,1,42853782,T,B,0,199.500000000,1,0,14545,1012967594,199.000000000,199.500000000,72,30,6,1,ESM6 C7125
2026-04-23T16:19:27.099806813Z,2026-04-23T16:19:27.098840707Z,1,1,42853782,T,B,0,199.500000000,1,0,13616,1012967596,199.000000000,199.500000000,72,29,6,1,ESM6 C7125
2026-04-23T16:19:38.989486857Z,2026-04-23T16:19:38.987336989Z,1,1,42853783,T,B,0,92.000000000,7,0,13370,1013026661,91.750000000,92.000000000,34,35,4,1,ESM6 C7325
2026-04-23T16:19:38.991137164Z,2026-04-23T16:19:38.987781425Z,1,1,42853783,T,B,0,92.000000000,1,0,14642,1013026695,91.750000000,92.000000000,34,28,4,1,ESM6 C7325
2026-04-23T16:19:38.999106401Z,2026-04-23T16:19:38.987992675Z,1,1,42853783,T,B,0,92.000000000,2,0,14649,1013026840,91.750000000,92.000000000,34,27,4,1,ESM6 C7325
2026-04-23T16:19:45.758296838Z,2026-04-23T16:19:45.757752761Z,1,1,2607680,T,A,0,62.000000000,3,0,13964,387746479,62.000000000,62.250000000,5,436,1,7,UD:1V: VT 2607680
2026-04-23T16:19:56.274897945Z,2026-04-23T16:19:56.269608675Z,1,1,42883306,T,B,0,158.000000000,30,0,14362,1013102291,157.500000000,158.000000000,67,30,7,1,ESM6 P7125
2026-04-23T16:20:14.827058959Z,2026-04-23T16:20:14.684851073Z,1,1,42883176,T,A,0,168.500000000,3,0,13072,1013214869,168.500000000,169.000000000,3,70,1,6,ESM6 C7175
2026-04-23T16:20:46.309419578Z,2026-04-23T16:20:46.308509393Z,1,1,2612302,T,A,0,41.750000000,1,0,15348,387888659,41.750000000,42.000000000,223,76,1,1,UD:1V: VT 2612302
2026-04-23T16:20:49.725442894Z,2026-04-23T16:20:49.179537707Z,1,1,42487843,T,B,0,168.000000000,3,0,12437,1013410792,167.000000000,168.000000000,7,4,1,2,ESM6 P7150
2026-04-23T16:20:50.075225251Z,2026-04-23T16:20:49.242330839Z,1,1,42487843,T,B,0,168.000000000,1,0,13396,1013415872,167.500000000,168.000000000,2,1,1,1,ESM6 P7150
2026-04-23T16:21:05.127138666Z,2026-04-23T16:21:05.037042679Z,1,1,2649289,T,A,0,47.250000000,1,0,14755,388001877,47.250000000,47.500000000,1,614,1,7,UD:1V: VT 2649289
2026-04-23T16:21:07.836434918Z,2026-04-23T16:21:07.500756135Z,1,1,42384725,T,B,0,63.250000000,2,0,11237,1013625258,63.000000000,63.250000000,36,2,3,1,ESM6 C7400
2026-04-23T16:21:07.874131155Z,2026-04-23T16:21:07.517271807Z,1,1,42416106,T,B,0,48.500000000,2,0,16958,1013625998,48.250000000,48.500000000,38,2,2,1,ESM6 C7450
2026-04-23T16:21:21.553321289Z,2026-04-23T16:21:21.313822941Z,1,1,42867406,T,B,0,55.500000000,4,0,17881,1013761502,55.000000000,55.500000000,118,4,7,2,ESM6 C7425
2026-04-23T16:21:25.782887197Z,2026-04-23T16:21:25.761373477Z,1,1,42378592,T,A,0,45.750000000,215,0,17354,1013804815,45.750000000,46.250000000,215,127,7,5,ESM6 P6500
2026-04-23T16:21:25.815514644Z,2026-04-23T16:21:25.782810367Z,1,1,42378592,T,B,0,45.750000000,71,0,11592,1013805437,45.500000000,45.750000000,24,7,4,1,ESM6 P6500
2026-04-23T16:21:25.815589353Z,2026-04-23T16:21:25.782817585Z,1,1,42378592,T,B,0,45.750000000,33,0,12913,1013805439,45.500000000,45.750000000,24,47,4,1,ESM6 P6500
2026-04-23T16:21:25.815626523Z,2026-04-23T16:21:25.782825535Z,1,1,42378592,T,B,0,45.750000000,30,0,11263,1013805441,45.500000000,45.750000000,24,14,4,1,ESM6 P6500
2026-04-23T16:21:25.815641229Z,2026-04-23T16:21:25.782844311Z,1,1,42378592,T,B,0,45.750000000,28,0,11367,1013805443,45.500000000,45.750000000,24,95,4,1,ESM6 P6500
2026-04-23T16:21:25.815682289Z,2026-04-23T16:21:25.782859883Z,1,1,42378592,T,B,0,45.750000000,77,0,12905,1013805445,45.500000000,45.750000000,24,67,4,1,ESM6 P6500
2026-04-23T16:21:25.815758727Z,2026-04-23T16:21:25.782866601Z,1,1,42378592,T,B,0,45.750000000,223,0,11278,1013805447,45.500000000,45.750000000,24,101,4,1,ESM6 P6500
2026-04-23T16:21:25.815774758Z,2026-04-23T16:21:25.782890679Z,1,1,42378592,T,B,0,45.750000000,1,0,12795,1013805449,45.500000000,45.750000000,24,100,4,1,ESM6 P6500
2026-04-23T16:21:25.815796299Z,2026-04-23T16:21:25.782891033Z,1,1,42378592,T,B,0,45.750000000,148,0,11432,1013805451,45.500000000,45.750000000,24,99,4,1,ESM6 P6500
2026-04-23T16:21:25.819019004Z,2026-04-23T16:21:25.782923511Z,1,1,42378592,T,B,0,45.750000000,65,0,11083,1013805512,45.500000000,45.750000000,24,62,4,1,ESM6 P6500
2026-04-23T16:21:25.828874870Z,2026-04-23T16:21:25.784923585Z,1,1,42378592,T,B,0,45.750000000,142,0,13654,1013805774,45.500000000,45.750000000,21,108,3,1,ESM6 P6500
2026-04-23T16:21:25.972272334Z,2026-04-23T16:21:25.807905533Z,1,1,42378592,T,B,0,45.750000000,7,0,11420,1013809422,45.500000000,45.750000000,17,77,2,1,ESM6 P6500
2026-04-23T16:21:25.982977158Z,2026-04-23T16:21:25.811580585Z,1,1,42378592,T,B,0,45.750000000,7,0,11384,1013809600,45.500000000,45.750000000,17,70,2,1,ESM6 P6500
2026-04-23T16:21:26.010720653Z,2026-04-23T16:21:25.817967659Z,1,1,42378592,T,B,0,45.750000000,18,0,11845,1013810051,45.500000000,45.750000000,17,63,2,1,ESM6 P6500
2026-04-23T16:21:36.013543763Z,2026-04-23T16:21:36.013040831Z,1,1,42378592,T,B,0,45.750000000,17,0,14087,1013918393,45.500000000,45.750000000,134,45,5,1,ESM6 P6500
2026-04-23T16:21:36.029594723Z,2026-04-23T16:21:36.029150863Z,1,1,42378592,T,B,0,45.750000000,17,0,13702,1013918493,45.500000000,45.750000000,134,28,5,1,ESM6 P6500
2026-04-23T16:21:46.059150167Z,2026-04-23T16:21:46.057111407Z,1,1,42378592,T,B,0,45.750000000,28,0,17153,1014009073,45.500000000,45.750000000,191,16,7,2,ESM6 P6500
2026-04-23T16:21:48.004784845Z,2026-04-23T16:21:48.001354741Z,1,1,42378346,T,B,0,36.500000000,7,0,17327,1014028923,36.250000000,36.500000000,7,7,2,2,ESM6 C7500
2026-04-23T16:21:51.206651279Z,2026-04-23T16:21:51.206151649Z,1,1,42378592,T,B,0,45.750000000,99,0,13970,1014076184,45.500000000,45.750000000,179,116,4,3,ESM6 P6500
2026-04-23T16:21:51.420412787Z,2026-04-23T16:21:51.415362201Z,1,1,42378592,T,B,0,45.750000000,111,0,14434,1014076940,45.500000000,45.750000000,196,128,5,3,ESM6 P6500
2026-04-23T16:21:51.425783841Z,2026-04-23T16:21:51.421622351Z,1,1,42378592,T,B,0,45.750000000,111,0,11276,1014077059,45.500000000,45.750000000,196,17,5,1,ESM6 P6500
2026-04-23T16:21:51.502902863Z,2026-04-23T16:21:51.481348769Z,1,1,42378592,T,B,0,45.750000000,17,0,11158,1014077922,45.500000000,45.750000000,137,17,4,1,ESM6 P6500
2026-04-23T16:21:51.544789148Z,2026-04-23T16:21:51.522248311Z,1,1,42378592,T,B,0,45.750000000,111,0,14328,1014078785,45.500000000,45.750000000,137,111,4,1,ESM6 P6500
2026-04-23T16:21:51.574491325Z,2026-04-23T16:21:51.549973363Z,1,1,42378592,T,B,0,45.750000000,111,0,13817,1014079406,45.500000000,45.750000000,137,111,4,1,ESM6 P6500
2026-04-23T16:21:51.614164349Z,2026-04-23T16:21:51.613704121Z,1,1,42378592,T,B,0,45.750000000,30,0,11546,1014080000,45.500000000,45.750000000,137,30,4,1,ESM6 P6500
2026-04-23T16:21:58.594486963Z,2026-04-23T16:21:58.539882903Z,1,1,42394732,T,B,0,8.700000000,5,0,11372,1014116901,8.600000000,8.700000000,247,5,8,1,ESM6 P5350
2026-04-23T16:22:31.866565799Z,2026-04-23T16:22:31.809991585Z,1,1,42529459,T,B,0,294.500000000,2,0,13876,1014337496,294.000000000,294.500000000,34,2,3,1,ESZ6 C7450
2026-04-23T16:23:06.280963027Z,2026-04-23T16:23:06.099183985Z,1,1,42399646,T,B,0,10.500000000,5,0,11368,1014682733,10.300000000,10.500000000,130,5,6,1,ESM6 C7700
2026-04-23T16:23:06.291991163Z,2026-04-23T16:23:06.099896041Z,1,1,42738868,T,B,0,12.300000000,5,0,14117,1014683136,12.100000000,12.300000000,59,5,4,1,ESM6 C7675
2026-04-23T16:23:07.766856241Z,2026-04-23T16:23:07.715205205Z,1,1,42392157,T,B,0,269.000000000,2,0,14835,1014698241,268.000000000,269.000000000,37,2,3,1,ESZ6 C7500
2026-04-23T16:23:29.822063831Z,2026-04-23T16:23:29.743196195Z,1,1,42212203,T,B,0,126.000000000,2,0,13738,1014853828,125.500000000,126.000000000,66,51,5,7,ESM6 C7250
2026-04-23T16:23:30.111579743Z,2026-04-23T16:23:30.044900293Z,1,1,42212203,T,B,0,126.000000000,2,0,14301,1014858916,125.500000000,126.000000000,72,24,7,4,ESM6 C7250
2026-04-23T16:23:30.982644761Z,2026-04-23T16:23:30.883480587Z,1,1,42212203,T,B,0,126.000000000,2,0,11308,1014871922,125.500000000,126.000000000,83,23,6,4,ESM6 C7250
2026-04-23T16:23:33.117701191Z,2026-04-23T16:23:33.047253371Z,1,1,42212203,T,B,0,126.000000000,2,0,14668,1014888079,125.500000000,126.000000000,50,6,7,3,ESM6 C7250
2026-04-23T16:23:34.016361619Z,2026-04-23T16:23:34.013527531Z,1,1,42212203,T,B,0,126.000000000,2,0,13654,1014893742,125.500000000,126.000000000,44,8,6,3,ESM6 C7250
2026-04-23T16:23:48.158236686Z,2026-04-23T16:23:48.151134677Z,1,1,42384725,T,B,0,63.250000000,2,0,15232,1014961053,63.000000000,63.250000000,15,2,4,1,ESM6 C7400
2026-04-23T16:24:20.286738531Z,2026-04-23T16:24:20.097299867Z,1,1,2613261,T,B,0,44.750000000,21,0,14860,388760677,44.500000000,44.750000000,168,21,4,2,UD:1V: VT 2613261
2026-04-23T16:24:22.873318135Z,2026-04-23T16:24:22.872634127Z,1,1,2654815,T,A,0,497.600000000,1,0,15779,388772078,497.600000000,499.700000000,89,49,3,1,UD:1V: BX 2654815
2026-04-23T16:24:25.817169225Z,2026-04-23T16:24:25.808017191Z,1,1,42416106,T,B,0,48.750000000,2,0,14764,1015185377,48.250000000,48.750000000,136,7,8,2,ESM6 C7450
2026-04-23T16:24:27.195919745Z,2026-04-23T16:24:26.893308127Z,1,1,2654815,T,A,0,497.600000000,2,0,14013,388798188,497.600000000,499.700000000,88,49,3,1,UD:1V: BX 2654815
2026-04-23T16:24:28.940985271Z,2026-04-23T16:24:28.934487539Z,1,1,2619702,T,A,0,28.750000000,67,0,15971,388806565,28.750000000,29.000000000,67,284,1,4,UD:1V: VT 2619702
2026-04-23T16:24:42.678104371Z,2026-04-23T16:24:42.650640695Z,1,1,42902241,T,B,0,42.500000000,9,0,14481,1015300344,42.000000000,42.500000000,161,9,7,2,ESM6 C7475
2026-04-23T16:24:44.847312511Z,2026-04-23T16:24:44.560558521Z,1,1,42289415,T,B,0,455.000000000,1,0,14228,1015321177,454.500000000,455.000000000,17,1,1,1,ESZ7 C7900
2026-04-23T16:25:21.034311921Z,2026-04-23T16:25:20.798511115Z,1,1,42892714,T,B,0,9.100000000,28,0,11768,1015565562,8.800000000,9.100000000,147,28,5,2,ESM6 C7725
2026-04-23T16:25:57.153876270Z,2026-04-23T16:25:56.885098015Z,1,1,42394812,T,A,0,80.000000000,1,0,10197,1015751640,80.000000000,80.250000000,1,4,1,2,ESM6 P6800
2026-04-23T16:26:01.175344839Z,2026-04-23T16:26:00.816922031Z,1,1,42777414,T,B,0,432.000000000,1,0,14002,1015796792,431.500000000,432.000000000,18,1,1,1,ESZ7 C7950
2026-04-23T16:26:02.537398219Z,2026-04-23T16:26:02.537068703Z,1,1,547283,T,A,0,51.500000000,1,0,14805,1015820767,51.500000000,51.750000000,1,117,1,2,ESZ6 P5000
2026-04-23T16:27:12.613710409Z,2026-04-23T16:27:12.181376057Z,1,1,2649757,T,B,0,35.000000000,21,0,10998,389269615,34.750000000,35.000000000,437,21,5,2,UD:1V: VT 2649757
2026-04-23T16:27:14.079302603Z,2026-04-23T16:27:13.853501485Z,1,1,42572477,T,B,0,7.800000000,5,0,14262,1016288835,7.700000000,7.800000000,75,300,4,1,ESM6 C7750
2026-04-23T16:27:17.162581289Z,2026-04-23T16:27:17.016062903Z,1,1,42572477,T,B,0,7.800000000,5,0,11212,1016314159,7.700000000,7.800000000,35,295,3,1,ESM6 C7750
2026-04-23T16:27:34.477355375Z,2026-04-23T16:27:34.449186495Z,1,1,42399706,T,A,0,65.750000000,4,0,14270,1016428922,65.750000000,66.250000000,4,128,2,7,ESM6 P6700
2026-04-23T16:27:43.580355897Z,2026-04-23T16:27:43.562434393Z,1,1,42437894,T,A,0,195.000000000,6,0,12663,1016496921,195.000000000,196.000000000,6,27,1,1,ESZ7 C8600
2026-04-23T16:28:05.801472415Z,2026-04-23T16:28:05.801056985Z,1,1,2654221,T,B,0,14.500000000,4,0,14917,389433423,,14.500000000,0,4,0,1,UD:1V: RR 2654221
2026-04-23T16:28:05.891731140Z,2026-04-23T16:28:05.827664797Z,1,1,42378592,T,B,0,45.500000000,3,0,14347,1016624473,45.000000000,45.500000000,369,8,10,2,ESM6 P6500
2026-04-23T16:28:08.835239707Z,2026-04-23T16:28:08.834109037Z,1,1,42315459,T,A,0,89.250000000,60,0,13192,1016648106,89.250000000,89.750000000,60,134,1,4,ESZ6 C8000
2026-04-23T16:28:09.215155590Z,2026-04-23T16:28:09.213900805Z,1,1,43024830,T,B,0,8.400000000,5,0,14466,1016649758,8.200000000,8.400000000,425,5,9,1,ESM6 P5325
2026-04-23T16:28:22.721233083Z,2026-04-23T16:28:22.715036719Z,1,1,43024830,T,B,0,8.400000000,5,0,13914,1016744313,8.200000000,8.400000000,469,5,10,1,ESM6 P5325
2026-04-23T16:28:27.794784339Z,2026-04-23T16:28:27.781223505Z,1,1,2654815,T,A,0,497.600000000,3,0,14117,389505658,497.600000000,499.600000000,86,49,3,1,UD:1V: BX 2654815
2026-04-23T16:28:50.011037510Z,2026-04-23T16:28:50.007895329Z,1,1,2655906,T,B,0,-32.750000000,1,0,15110,389567254,-33.500000000,-32.750000000,8,75,2,4,UD:1V: GN 2655906
2026-04-23T16:29:48.976788894Z,2026-04-23T16:29:48.922131933Z,1,1,42399706,T,A,0,66.250000000,2,0,16399,1017274300,66.250000000,66.500000000,2,111,1,6,ESM6 P6700
2026-04-23T16:30:16.752485987Z,2026-04-23T16:30:16.597367389Z,1,1,42300184,T,A,0,89.000000000,2,0,15647,1017450834,89.000000000,89.250000000,2,33,1,4,ESM6 P6850
2026-04-23T16:30:40.482836732Z,2026-04-23T16:30:40.482277375Z,1,1,2694858,T,B,0,9.500000000,5,0,12949,389879046,9.400000000,9.500000000,378,5,5,1,UD:1V: VT 2694858
2026-04-23T16:30:43.662899918Z,2026-04-23T16:30:43.662337277Z,1,1,2694858,T,B,0,9.500000000,5,0,17738,389888700,9.400000000,9.500000000,476,5,6,1,UD:1V: VT 2694858
2026-04-23T16:31:01.508834583Z,2026-04-23T16:31:01.508300357Z,1,1,2655977,T,B,0,647.000000000,100,0,16076,389948489,646.500000000,647.000000000,5,100,1,1,UD:1V:CRR 2655977
2026-04-23T16:31:02.108101636Z,2026-04-23T16:31:02.026485329Z,1,1,42919949,T,A,0,84.500000000,1,0,11582,1017774770,84.500000000,84.750000000,2,61,1,3,ESM6 P6825
2026-04-23T16:31:18.901536047Z,2026-04-23T16:31:18.881457697Z,1,1,2613261,T,B,0,45.000000000,25,0,16224,390014971,44.750000000,45.000000000,194,25,5,2,UD:1V: VT 2613261
2026-04-23T16:31:18.932162561Z,2026-04-23T16:31:18.928105581Z,1,1,2613261,T,B,0,45.000000000,33,0,14985,390015650,44.750000000,45.000000000,283,33,5,1,UD:1V: VT 2613261
2026-04-23T16:31:34.002477377Z,2026-04-23T16:31:34.001929561Z,1,1,42378449,T,B,0,19.700000000,1,0,20561,1017979112,19.500000000,19.700000000,398,1,10,1,ESM6 P6000
2026-04-23T16:31:34.555509607Z,2026-04-23T16:31:34.370097285Z,1,1,42404367,T,B,0,23.000000000,5,0,12991,1017986138,22.750000000,23.000000000,336,5,8,1,ESM6 P6100
2026-04-23T16:31:35.868911766Z,2026-04-23T16:31:35.784853681Z,1,1,42804678,T,B,0,139.500000000,1,0,16848,1017996242,139.000000000,139.500000000,81,1,7,1,ESM6 C7225
2026-04-23T16:31:38.103390279Z,2026-04-23T16:31:38.093761701Z,1,1,42300184,T,B,0,89.250000000,1,0,15922,1018019049,89.000000000,89.250000000,56,1,5,1,ESM6 P6850
2026-04-23T16:31:43.482643468Z,2026-04-23T16:31:43.481463009Z,1,1,42760625,T,B,0,47.750000000,11,0,14383,1018041519,47.500000000,47.750000000,145,11,7,1,ESM6 P6525
2026-04-23T16:31:43.486692249Z,2026-04-23T16:31:43.484189679Z,1,1,42760625,T,B,0,47.750000000,5,0,13529,1018041593,47.500000000,47.750000000,145,5,7,1,ESM6 P6525
2026-04-23T16:32:05.864022455Z,2026-04-23T16:32:05.862751293Z,1,1,42804682,T,A,0,76.750000000,1,0,15091,1018164281,76.750000000,77.000000000,2,46,1,4,ESM6 P6775
2026-04-23T16:32:20.978576141Z,2026-04-23T16:32:20.914861459Z,1,1,42378592,T,B,0,45.750000000,2,0,13971,1018243271,45.500000000,45.750000000,39,55,3,5,ESM6 P6500
2026-04-23T16:32:20.985941280Z,2026-04-23T16:32:20.915390425Z,1,1,42378592,T,B,0,45.750000000,2,0,11443,1018243481,45.500000000,45.750000000,39,52,3,4,ESM6 P6500
2026-04-23T16:32:20.994877322Z,2026-04-23T16:32:20.915506143Z,1,1,42378592,T,B,0,45.750000000,1,0,13740,1018243616,45.500000000,45.750000000,39,50,3,4,ESM6 P6500
2026-04-23T16:33:02.599616662Z,2026-04-23T16:33:02.596608841Z,1,1,42804680,T,B,0,39.750000000,17,0,13569,1018466577,39.500000000,39.750000000,291,17,9,2,ESM6 P6425
2026-04-23T16:33:02.942545132Z,2026-04-23T16:33:02.940424049Z,1,1,42598890,T,A,0,71.250000000,15,0,14077,1018467671,71.250000000,72.000000000,34,48,2,3,ESU6 C7750
2026-04-23T16:33:04.031828731Z,2026-04-23T16:33:04.017885005Z,1,1,42366523,T,B,0,150.500000000,19,0,13920,1018478102,150.000000000,150.500000000,63,19,8,2,ESM6 P7100
2026-04-23T16:33:46.422958672Z,2026-04-23T16:33:46.302241569Z,1,1,2646170,T,B,0,32.750000000,25,0,15010,390366317,32.500000000,32.750000000,383,25,6,1,UD:1V: VT 2646170
2026-04-23T16:35:08.590590916Z,2026-04-23T16:35:08.455712261Z,1,1,42572477,T,B,0,7.800000000,290,0,12887,1019166435,7.700000000,7.800000000,161,290,7,1,ESM6 C7750
2026-04-23T16:35:18.060897814Z,2026-04-23T16:35:17.825562717Z,1,1,2613261,T,B,0,45.250000000,20,0,13994,390611624,45.000000000,45.250000000,283,20,6,1,UD:1V: VT 2613261
2026-04-23T16:35:29.891543171Z,2026-04-23T16:35:29.865208019Z,1,1,42572477,T,A,0,7.700000000,125,0,17338,1019321144,7.700000000,7.800000000,233,125,8,1,ESM6 C7750
2026-04-23T16:35:56.093934846Z,2026-04-23T16:35:55.786451221Z,1,1,2562872,T,A,0,0.950000000,62,0,15956,390717321,0.950000000,1.050000000,90,5099,1,8,UD:1V: VT 2562872
2026-04-23T16:35:59.200923711Z,2026-04-23T16:35:59.197293971Z,1,1,2562872,T,A,0,0.950000000,28,0,13415,390725370,0.950000000,1.000000000,28,2523,1,4,UD:1V: VT 2562872
2026-04-23T16:36:02.392233252Z,2026-04-23T16:36:02.374380003Z,1,1,2562872,T,A,0,0.950000000,90,0,14812,390735605,0.950000000,1.000000000,90,3332,1,5,UD:1V: VT 2562872
2026-04-23T16:36:05.655829043Z,2026-04-23T16:36:05.654393821Z,1,1,2562872,T,A,0,0.950000000,65,0,14027,390744665,0.950000000,1.000000000,90,3332,1,5,UD:1V: VT 2562872
2026-04-23T16:36:08.759416467Z,2026-04-23T16:36:08.757508307Z,1,1,2654152,T,A,0,2.200000000,30,0,13986,390751180,2.200000000,2.300000000,58,1677,1,5,UD:1V: VT 2654152
2026-04-23T16:36:11.864490740Z,2026-04-23T16:36:11.862940127Z,1,1,2562872,T,A,0,0.950000000,28,0,15652,390755100,0.950000000,1.000000000,90,3332,1,5,UD:1V: VT 2562872
2026-04-23T16:36:14.969247575Z,2026-04-23T16:36:14.967890435Z,1,1,2562872,T,A,0,0.950000000,28,0,15016,390763906,0.950000000,1.000000000,62,3332,1,5,UD:1V: VT 2562872
2026-04-23T16:36:18.074584397Z,2026-04-23T16:36:18.072652019Z,1,1,2562872,T,A,0,0.950000000,34,0,15640,390781725,0.950000000,1.000000000,34,3332,1,5,UD:1V: VT 2562872
2026-04-23T16:36:21.382019049Z,2026-04-23T16:36:21.367957849Z,1,1,2562872,T,A,0,0.950000000,47,0,13975,390788348,0.950000000,1.000000000,90,3332,1,5,UD:1V: VT 2562872
2026-04-23T16:36:24.485249658Z,2026-04-23T16:36:24.483141769Z,1,1,2562872,T,A,0,0.950000000,43,0,13654,390791763,0.950000000,1.000000000,43,3332,1,5,UD:1V: VT 2562872
2026-04-23T16:36:25.203513745Z,2026-04-23T16:36:24.909421341Z,1,1,42212203,T,B,0,128.500000000,1,0,11516,1019650767,128.000000000,128.500000000,18,53,1,3,ESM6 C7250
2026-04-23T16:36:28.095368454Z,2026-04-23T16:36:27.983949161Z,1,1,2562872,T,A,0,0.950000000,38,0,15489,390821489,0.950000000,1.000000000,90,3690,1,5,UD:1V: VT 2562872
2026-04-23T16:36:54.016486524Z,2026-04-23T16:36:54.014995897Z,1,1,2562872,T,A,0,0.950000000,90,0,14350,390893332,0.950000000,1.000000000,90,3692,1,5,UD:1V: VT 2562872
2026-04-23T16:36:54.018086435Z,2026-04-23T16:36:54.016444997Z,1,1,2562872,T,B,0,0.950000000,10,0,11731,390893365,0.900000000,0.950000000,3175,10,5,1,UD:1V: VT 2562872
2026-04-23T16:36:57.194632329Z,2026-04-23T16:36:57.193192653Z,1,1,2562872,T,A,0,0.950000000,38,0,14341,390914983,0.950000000,1.000000000,90,3629,1,5,UD:1V: VT 2562872
2026-04-23T16:37:45.549356487Z,2026-04-23T16:37:45.195458827Z,1,1,42404370,T,B,0,37.750000000,18,0,18416,1020234772,37.500000000,37.750000000,91,18,5,2,ESM6 P6400
2026-04-23T16:37:47.905204195Z,2026-04-23T16:37:46.982169961Z,1,1,2655359,T,B,0,27.000000000,1,0,17060,391078593,26.750000000,27.000000000,754,1,7,1,UD:1V: VT 2655359
2026-04-23T16:40:12.302619941Z,2026-04-23T16:40:12.222690801Z,1,1,42300184,T,A,0,88.750000000,2,0,14982,1021076762,88.750000000,89.000000000,2,20,1,4,ESM6 P6850
2026-04-23T16:41:12.856976510Z,2026-04-23T16:41:12.856398955Z,1,1,42394732,T,B,0,8.600000000,5,0,15172,1021412995,8.500000000,8.600000000,52,5,5,1,ESM6 P5350
2026-04-23T16:41:22.266241413Z,2026-04-23T16:41:22.265574233Z,1,1,2656224,T,A,0,736.500000000,5,0,13844,391585913,736.500000000,737.000000000,5,5,1,1,UD:1V:CRR 2656224
2026-04-23T16:41:22.266673257Z,2026-04-23T16:41:22.266151497Z,1,1,2656224,T,B,0,736.500000000,118,0,14536,391585920,,736.500000000,0,195,0,1,UD:1V:CRR 2656224
2026-04-23T16:41:22.293258670Z,2026-04-23T16:41:22.292748499Z,1,1,2656224,T,B,0,736.500000000,77,0,14750,391585976,,736.500000000,0,77,0,1,UD:1V:CRR 2656224
2026-04-23T16:42:01.097425095Z,2026-04-23T16:42:01.096866685Z,1,1,2656224,T,B,0,736.500000000,200,0,13398,391668343,,736.500000000,0,200,0,1,UD:1V:CRR 2656224
2026-04-23T16:44:24.734260390Z,2026-04-23T16:44:24.727905787Z,1,1,42394761,T,B,0,29.000000000,2,0,14091,1022426688,28.750000000,29.000000000,382,2,11,1,ESM6 P6250
2026-04-23T16:45:10.543011262Z,2026-04-23T16:45:10.537947121Z,1,1,42853787,T,A,0,16.200000000,25,0,13989,1022662883,16.200000000,16.500000000,25,385,2,10,ESM6 P5875
2026-04-23T16:45:10.552647451Z,2026-04-23T16:45:10.537947299Z,1,1,42372885,T,A,0,3.700000000,28,0,12813,1022663039,3.700000000,3.800000000,28,200,1,4,ESM6 P4550
2026-04-23T16:45:10.565741572Z,2026-04-23T16:45:10.537947485Z,1,1,42409672,T,A,0,16.800000000,5,0,12138,1022663240,16.800000000,17.000000000,5,158,1,6,ESM6 P5900
2026-04-23T16:45:10.565776534Z,2026-04-23T16:45:10.537947677Z,1,1,42919948,T,A,0,17.400000000,5,0,11283,1022663242,17.400000000,17.600000000,5,63,1,5,ESM6 P5925
2026-04-23T16:45:10.565799092Z,2026-04-23T16:45:10.538033729Z,1,1,42409657,T,A,0,11.300000000,5,0,12729,1022663244,11.300000000,11.500000000,5,217,1,6,ESM6 P5600
2026-04-23T16:45:10.569225289Z,2026-04-23T16:45:10.538034113Z,1,1,43024830,T,A,0,8.200000000,6,0,11494,1022663313,8.200000000,8.400000000,6,379,2,5,ESM6 P5325
2026-04-23T16:45:10.601369693Z,2026-04-23T16:45:10.552165973Z,1,1,42409666,T,A,0,14.600000000,21,0,10717,1022664006,14.600000000,14.800000000,21,66,2,3,ESM6 P5800
2026-04-23T16:45:10.606865562Z,2026-04-23T16:45:10.552166155Z,1,1,42394731,T,A,0,5.800000000,3,0,11687,1022664126,5.800000000,6.000000000,3,331,1,3,ESM6 P5000
2026-04-23T16:45:10.649591055Z,2026-04-23T16:45:10.582560833Z,1,1,42853787,T,A,0,16.200000000,14,0,11699,1022665382,16.200000000,16.300000000,14,104,1,1,ESM6 P5875
2026-04-23T16:45:13.708952137Z,2026-04-23T16:45:13.704936509Z,1,1,42439503,T,A,0,30.250000000,5,0,15791,1022685767,30.250000000,30.500000000,5,141,1,4,ESU6 P5100
2026-04-23T16:45:16.899504743Z,2026-04-23T16:45:16.898997223Z,1,1,42439503,T,A,0,30.250000000,5,0,11168,1022708494,30.250000000,30.500000000,5,141,1,4,ESU6 P5100
2026-04-23T16:45:20.567947148Z,2026-04-23T16:45:20.423471961Z,1,1,42439503,T,A,0,30.250000000,5,0,14135,1022728586,30.250000000,30.500000000,5,141,1,4,ESU6 P5100
2026-04-23T16:45:25.888973961Z,2026-04-23T16:45:25.859283669Z,1,1,42441344,T,A,0,456.000000000,1,0,15289,1022779046,456.000000000,457.000000000,1,6,1,2,ESU6 P7550
2026-04-23T16:45:34.332939603Z,2026-04-23T16:45:34.326210511Z,1,1,42394812,T,A,0,79.500000000,2,0,16194,1022835690,79.500000000,80.000000000,2,211,1,9,ESM6 P6800
2026-04-23T16:45:34.476572271Z,2026-04-23T16:45:34.471951129Z,1,1,42394812,T,A,0,79.500000000,2,0,15856,1022836543,79.500000000,80.000000000,2,211,1,9,ESM6 P6800
2026-04-23T16:45:34.731141026Z,2026-04-23T16:45:34.727669797Z,1,1,42394812,T,A,0,79.500000000,2,0,15946,1022838240,79.500000000,80.000000000,2,211,1,9,ESM6 P6800
2026-04-23T16:45:34.742338190Z,2026-04-23T16:45:34.735775027Z,1,1,42394812,T,A,0,79.500000000,25,0,13387,1022838632,79.500000000,80.000000000,77,211,1,9,ESM6 P6800
2026-04-23T16:47:15.952472571Z,2026-04-23T16:47:15.940427271Z,1,1,42384724,T,A,0,153.500000000,4,0,15599,1023391465,153.500000000,154.000000000,4,113,1,8,ESM6 C7200
2026-04-23T16:48:23.434474927Z,2026-04-23T16:48:23.248813477Z,1,1,2562872,T,A,0,0.950000000,57,0,13861,392566072,0.950000000,1.000000000,90,3756,1,6,UD:1V: VT 2562872
2026-04-23T16:48:26.541924510Z,2026-04-23T16:48:26.539015979Z,1,1,2562872,T,A,0,0.950000000,33,0,14654,392574092,0.950000000,1.000000000,33,3845,1,7,UD:1V: VT 2562872
2026-04-23T16:48:29.692650139Z,2026-04-23T16:48:29.687233867Z,1,1,2562872,T,A,0,0.950000000,46,0,14299,392591662,0.950000000,1.000000000,90,3845,1,7,UD:1V: VT 2562872
2026-04-23T16:48:32.799846329Z,2026-04-23T16:48:32.796501789Z,1,1,2562872,T,A,0,0.950000000,44,0,14155,392596599,0.950000000,1.000000000,44,3845,1,7,UD:1V: VT 2562872
2026-04-23T16:48:35.994480489Z,2026-04-23T16:48:35.992655271Z,1,1,2562872,T,A,0,0.950000000,90,0,16002,392601349,0.950000000,1.000000000,90,3845,1,7,UD:1V: VT 2562872
2026-04-23T16:48:39.256508657Z,2026-04-23T16:48:39.254721567Z,1,1,2562872,T,A,0,0.950000000,90,0,15047,392604262,0.950000000,1.000000000,90,3845,1,7,UD:1V: VT 2562872
2026-04-23T16:48:54.557292087Z,2026-04-23T16:48:54.556381589Z,1,1,2562872,T,A,0,0.950000000,62,0,11957,392625372,0.950000000,1.000000000,90,3826,1,6,UD:1V: VT 2562872
2026-04-23T16:49:06.900900782Z,2026-04-23T16:49:06.898624879Z,1,1,2562872,T,A,0,0.950000000,90,0,16351,392648084,0.950000000,1.000000000,90,3924,1,7,UD:1V: VT 2562872
2026-04-23T16:49:06.903679203Z,2026-04-23T16:49:06.900841887Z,1,1,2562872,T,B,0,0.950000000,10,0,12146,392648137,0.900000000,0.950000000,1816,10,4,1,UD:1V: VT 2562872
2026-04-23T16:49:11.042431854Z,2026-04-23T16:49:11.037919641Z,1,1,2562872,T,A,0,0.950000000,55,0,13585,392652962,0.950000000,1.000000000,90,3924,1,7,UD:1V: VT 2562872
2026-04-23T16:49:14.145100663Z,2026-04-23T16:49:14.144004789Z,1,1,42378541,T,B,0,31.250000000,14,0,18909,1023965016,31.000000000,31.250000000,173,14,7,1,ESM6 P6300
2026-04-23T16:49:14.246123588Z,2026-04-23T16:49:14.244228775Z,1,1,42378541,T,B,0,31.250000000,5,0,15505,1023965359,31.000000000,31.250000000,173,5,7,1,ESM6 P6300
2026-04-23T16:49:15.080970835Z,2026-04-23T16:49:15.072942315Z,1,1,42760625,T,A,0,47.000000000,2,0,17507,1023969767,47.000000000,47.250000000,2,204,1,6,ESM6 P6525
2026-04-23T16:49:20.705251172Z,2026-04-23T16:49:20.619533409Z,1,1,2654221,T,A,0,16.000000000,4,0,10441,392668747,16.000000000,,4,0,1,0,UD:1V: RR 2654221
2026-04-23T16:49:37.048883407Z,2026-04-23T16:49:36.992824535Z,1,1,42883305,T,B,0,35.750000000,18,0,16027,1024060752,35.500000000,35.750000000,139,18,5,2,ESM6 P6375
2026-04-23T16:49:53.846680583Z,2026-04-23T16:49:53.841292589Z,1,1,42399706,T,B,0,65.750000000,9,0,13378,1024131292,65.500000000,65.750000000,101,14,5,2,ESM6 P6700
2026-04-23T16:50:00.431046827Z,2026-04-23T16:50:00.426508803Z,1,1,42783705,T,B,0,30.000000000,19,0,14024,1024167012,29.750000000,30.000000000,165,19,6,2,ESM6 P6275
2026-04-23T16:51:39.751780361Z,2026-04-23T16:51:39.751208803Z,1,1,2639317,T,A,0,3.600000000,5,0,14313,392990214,3.600000000,3.650000000,5,53,1,1,UD:1V: BO 2639317
2026-04-23T16:51:42.923439932Z,2026-04-23T16:51:42.923098527Z,1,1,2639317,T,A,0,3.600000000,5,0,13686,392993715,3.600000000,3.650000000,5,122,1,2,UD:1V: BO 2639317
2026-04-23T16:51:46.123574986Z,2026-04-23T16:51:46.123175611Z,1,1,2639317,T,A,0,3.600000000,5,0,14787,392996290,3.600000000,3.650000000,5,122,1,2,UD:1V: BO 2639317
2026-04-23T16:51:49.323572870Z,2026-04-23T16:51:49.323092347Z,1,1,2639317,T,A,0,3.600000000,5,0,13400,393001447,3.600000000,3.650000000,5,122,1,2,UD:1V: BO 2639317
2026-04-23T16:51:52.523574033Z,2026-04-23T16:51:52.523133385Z,1,1,2639317,T,A,0,3.600000000,5,0,14166,393007987,3.600000000,3.650000000,5,122,1,2,UD:1V: BO 2639317
2026-04-23T16:52:11.868777982Z,2026-04-23T16:52:11.487510471Z,1,1,42804680,T,B,0,39.000000000,12,0,13430,1024894960,38.750000000,39.000000000,51,12,2,1,ESM6 P6425
2026-04-23T16:52:42.091105072Z,2026-04-23T16:52:42.086350151Z,1,1,42378592,T,A,0,44.500000000,100,0,13958,1025058936,44.500000000,45.000000000,270,213,6,8,ESM6 P6500
2026-04-23T16:53:40.729275854Z,2026-04-23T16:53:40.726928867Z,1,1,42883306,T,B,0,157.500000000,2,0,14619,1025325386,157.000000000,157.500000000,40,12,5,3,ESM6 P7125
2026-04-23T16:53:40.838578961Z,2026-04-23T16:53:40.838069293Z,1,1,42883306,T,B,0,157.500000000,2,0,17146,1025325784,157.000000000,157.500000000,40,10,5,3,ESM6 P7125
2026-04-23T16:53:40.853621184Z,2026-04-23T16:53:40.850062671Z,1,1,42883306,T,B,0,157.500000000,2,0,17269,1025325947,157.000000000,157.500000000,40,8,5,3,ESM6 P7125
2026-04-23T16:53:47.017566535Z,2026-04-23T16:53:47.012108281Z,1,1,42487843,T,B,0,166.500000000,2,0,11338,1025346614,166.000000000,166.500000000,89,12,7,3,ESM6 P7150
2026-04-23T16:53:47.175119217Z,2026-04-23T16:53:47.170381313Z,1,1,42487843,T,B,0,166.500000000,2,0,14527,1025348073,166.000000000,166.500000000,89,10,7,3,ESM6 P7150
2026-04-23T16:53:59.231498611Z,2026-04-23T16:53:59.188819233Z,1,1,42919950,T,B,0,141.000000000,2,0,14129,1025391794,140.500000000,141.000000000,99,12,7,3,ESM6 P7075
2026-04-23T16:54:00.317173316Z,2026-04-23T16:54:00.309116009Z,1,1,2645178,T,B,0,28.750000000,5,0,13498,393265133,28.500000000,28.750000000,488,5,7,1,UD:1V: VT 2645178
2026-04-23T16:54:07.217677843Z,2026-04-23T16:54:07.217296419Z,1,1,42394619,T,B,0,3.000000000,20,0,13474,1025427268,2.950000000,3.000000000,96,20,4,1,ESM6 P4350
2026-04-23T16:55:22.814221391Z,2026-04-23T16:55:22.433353557Z,1,1,42919946,T,A,0,14.800000000,5,0,14594,1025769720,14.800000000,15.000000000,5,274,1,7,ESM6 P5825
2026-04-23T16:56:36.754047231Z,2026-04-23T16:56:36.669470655Z,1,1,2649757,T,B,0,35.000000000,21,0,10878,393572164,34.750000000,35.000000000,620,21,6,2,UD:1V: VT 2649757
2026-04-23T16:57:03.237948291Z,2026-04-23T16:57:03.111509947Z,1,1,2612499,T,A,0,16.600000000,69,0,14441,393625662,16.600000000,16.800000000,223,726,2,6,UD:1V: VT 2612499
2026-04-23T16:57:03.247561020Z,2026-04-23T16:57:03.111540569Z,1,1,2612499,T,A,0,16.600000000,91,0,16568,393625664,16.600000000,16.800000000,154,726,1,6,UD:1V: VT 2612499
2026-04-23T16:57:13.316863559Z,2026-04-23T16:57:13.316329301Z,1,1,2612499,T,A,0,16.600000000,5,0,13679,393645875,16.600000000,16.800000000,5,952,1,8,UD:1V: VT 2612499
2026-04-23T16:57:19.673327082Z,2026-04-23T16:57:19.672819493Z,1,1,42310070,T,A,0,382.500000000,5,0,13044,1026326476,382.500000000,383.500000000,5,101,1,4,ESZ6 C7300
2026-04-23T16:57:25.203908403Z,2026-04-23T16:57:25.202877945Z,1,1,42394770,T,B,0,40.250000000,3,0,12228,1026354023,39.750000000,40.250000000,184,14,8,3,ESM6 P6450
2026-04-23T16:57:25.210439652Z,2026-04-23T16:57:25.203206325Z,1,1,42394770,T,B,0,40.250000000,3,0,12989,1026354062,39.750000000,40.250000000,184,11,8,3,ESM6 P6450
2026-04-23T16:57:25.447260277Z,2026-04-23T16:57:25.443317169Z,1,1,42394770,T,B,0,40.250000000,3,0,16560,1026354729,40.000000000,40.250000000,8,3,3,1,ESM6 P6450
2026-04-23T16:57:25.876670979Z,2026-04-23T16:57:25.873227539Z,1,1,42300184,T,B,0,87.500000000,2,0,13197,1026356103,87.000000000,87.500000000,111,15,8,4,ESM6 P6850
2026-04-23T16:57:36.970322819Z,2026-04-23T16:57:36.970090383Z,1,1,42394812,T,A,0,79.000000000,1,0,13950,1026420426,79.000000000,79.250000000,1,183,1,9,ESM6 P6800
2026-04-23T16:58:29.745646555Z,2026-04-23T16:58:29.023531015Z,1,1,2641766,T,B,0,51.500000000,5,0,13946,393802264,51.250000000,51.500000000,289,5,4,1,UD:1V: VT 2641766
2026-04-23T16:58:30.539901889Z,2026-04-23T16:58:29.447999969Z,1,1,42366523,T,B,0,149.500000000,2,0,11200,1026683892,149.000000000,149.500000000,7,5,1,1,ESM6 P7100
2026-04-23T16:59:02.083242860Z,2026-04-23T16:59:02.081578353Z,1,1,42378618,T,A,0,97.500000000,1,0,11668,1027068758,97.500000000,97.750000000,1,60,1,4,ESM6 P6900
2026-04-23T16:59:48.777414380Z,2026-04-23T16:59:48.494974545Z,1,1,2656624,T,B,0,532.500000000,10,0,13767,394169297,531.000000000,532.500000000,54,10,2,1,UD:1V: SG 2656624
2026-04-23T17:01:12.538243217Z,2026-04-23T17:01:12.475681097Z,1,1,42902241,T,B,0,42.500000000,13,0,11458,1027981855,42.250000000,42.500000000,95,30,6,1,ESM6 C7475
2026-04-23T17:01:45.730542249Z,2026-04-23T17:01:43.913696021Z,1,1,2654221,T,B,0,8.000000000,4,0,14266,394583853,,8.000000000,0,4,0,1,UD:1V: RR 2654221
2026-04-23T17:01:47.102597987Z,2026-04-23T17:01:45.162127771Z,1,1,2694960,T,A,0,437.500000000,1,0,13035,394595902,437.500000000,,1,0,1,0,UD:1V: VT 2694960
2026-04-23T17:01:48.044862419Z,2026-04-23T17:01:46.178150935Z,1,1,42384731,T,B,0,242.500000000,2,0,15071,1028331706,232.500000000,242.500000000,2,2,2,2,ESM6 P7300
2026-04-23T17:01:53.472487991Z,2026-04-23T17:01:52.209563167Z,1,1,2694960,T,A,0,437.500000000,1,0,13022,394650995,437.500000000,439.000000000,1,76,1,1,UD:1V: VT 2694960
2026-04-23T17:01:58.690211862Z,2026-04-23T17:01:56.427678855Z,1,1,42300184,T,B,0,92.000000000,1,0,13702,1028484143,85.250000000,92.000000000,74,1,1,1,ESM6 P6850
2026-04-23T17:02:45.947207425Z,2026-04-23T17:02:45.176962675Z,1,1,42366458,T,B,0,1.100000000,8,0,16573,1029249244,1.050000000,1.100000000,5,9,2,2,ESM6 P3400
2026-04-23T17:03:11.875772171Z,2026-04-23T17:03:10.578341945Z,1,1,42384308,T,A,0,4.000000000,2,0,12981,1029635845,4.000000000,4.050000000,2,165,1,2,ESM6 P4600
2026-04-23T17:03:28.986405038Z,2026-04-23T17:03:28.267101779Z,1,1,42372931,T,B,0,6.400000000,2,0,11338,1029923525,6.300000000,6.400000000,201,2,4,1,ESM6 P5100
2026-04-23T17:03:39.933179556Z,2026-04-23T17:03:39.312079995Z,1,1,42378541,T,B,0,32.250000000,1,0,15630,1030101542,32.000000000,32.250000000,49,1,1,1,ESM6 P6300
2026-04-23T17:03:44.284479546Z,2026-04-23T17:03:44.195257809Z,1,1,42300184,T,B,0,91.500000000,4,0,15323,1030179411,91.250000000,91.500000000,59,4,4,1,ESM6 P6850
2026-04-23T17:03:52.519443092Z,2026-04-23T17:03:52.518900889Z,1,1,42394740,T,A,0,7.100000000,3,0,13153,1030293952,7.100000000,7.200000000,184,3,3,1,ESM6 P5200
2026-04-23T17:04:15.976838125Z,2026-04-23T17:04:15.975764993Z,1,1,42300184,T,B,0,90.750000000,2,0,16791,1030606105,90.500000000,90.750000000,59,2,7,1,ESM6 P6850
2026-04-23T17:04:39.611976507Z,2026-04-23T17:04:38.118154569Z,1,1,42378618,T,B,0,102.500000000,1,0,16763,1030908247,101.500000000,102.500000000,16,6,3,2,ESM6 P6900
2026-04-23T17:04:44.076292062Z,2026-04-23T17:04:43.221057649Z,1,1,2694960,T,A,0,437.000000000,1,0,14323,396024629,437.000000000,438.500000000,1,88,1,1,UD:1V: VT 2694960
2026-04-23T17:04:47.611198750Z,2026-04-23T17:04:46.249627449Z,1,1,42378449,T,B,0,20.000000000,1,0,11195,1031043982,19.900000000,20.000000000,91,1,1,1,ESM6 P6000
2026-04-23T17:04:49.789199724Z,2026-04-23T17:04:48.772686621Z,1,1,2694960,T,A,0,437.000000000,1,0,14534,396078889,437.000000000,438.500000000,1,88,1,1,UD:1V: VT 2694960
2026-04-23T17:05:03.909849979Z,2026-04-23T17:05:03.906410727Z,1,1,42399646,T,B,0,9.600000000,1,0,14099,1031311933,9.400000000,9.600000000,102,1,6,1,ESM6 C7700
2026-04-23T17:05:22.466033796Z,2026-04-23T17:05:22.229845171Z,1,1,539869,T,B,0,127.000000000,3,0,13975,1031610764,126.000000000,127.000000000,116,3,3,1,ESZ6 P6000
2026-04-23T17:05:34.413557750Z,2026-04-23T17:05:33.028178241Z,1,1,42394812,T,B,0,85.000000000,1,0,15399,1031803062,84.500000000,85.000000000,4,1,1,1,ESM6 P6800
2026-04-23T17:05:34.642964684Z,2026-04-23T17:05:33.171477007Z,1,1,42300184,T,B,0,94.500000000,1,0,16617,1031806445,93.500000000,94.500000000,2,1,1,1,ESM6 P6850
2026-04-23T17:05:35.399015987Z,2026-04-23T17:05:33.907810043Z,1,1,42378618,T,B,0,104.000000000,1,0,15850,1031817040,103.500000000,104.000000000,9,1,2,1,ESM6 P6900
2026-04-23T17:05:35.654666227Z,2026-04-23T17:05:34.143768737Z,1,1,2694960,T,A,0,436.500000000,1,0,11552,396473462,436.500000000,438.500000000,1,93,1,1,UD:1V: VT 2694960
2026-04-23T17:05:37.904447561Z,2026-04-23T17:05:35.823189491Z,1,1,42404370,T,B,0,40.000000000,1,0,14458,1031856501,39.750000000,40.000000000,41,1,1,1,ESM6 P6400
2026-04-23T17:05:38.500593470Z,2026-04-23T17:05:36.440530105Z,1,1,42439354,T,B,0,199.500000000,1,0,13128,1031866851,198.500000000,199.500000000,5,1,1,1,ESU6 P6850
2026-04-23T17:05:52.047469403Z,2026-04-23T17:05:51.790045955Z,1,1,42372981,T,B,0,1.900000000,1,0,13963,1032090854,1.850000000,1.900000000,287,1,4,1,ESM6 C8000
2026-04-23T17:06:16.942295609Z,2026-04-23T17:06:16.380517767Z,1,1,42300184,T,B,0,94.250000000,5,0,12432,1032466685,93.750000000,94.250000000,28,5,2,1,ESM6 P6850
2026-04-23T17:06:17.620418001Z,2026-04-23T17:06:17.331651035Z,1,1,42366523,T,B,0,159.000000000,5,0,15949,1032477237,158.500000000,159.000000000,17,5,1,1,ESM6 P7100
2026-04-23T17:06:25.036102583Z,2026-04-23T17:06:24.877587201Z,1,1,42429065,T,B,0,116.000000000,5,0,11414,1032595803,115.500000000,116.000000000,1,5,1,1,ESM6 P6950
2026-04-23T17:07:31.353616840Z,2026-04-23T17:07:31.032156195Z,1,1,42394754,T,B,0,28.250000000,1,0,11365,1033601859,28.000000000,28.250000000,131,1,4,1,ESM6 P6200
2026-04-23T17:07:34.954272354Z,2026-04-23T17:07:34.950972351Z,1,1,2694960,T,A,0,436.500000000,1,0,14212,397414043,436.500000000,438.500000000,1,80,1,1,UD:1V: VT 2694960
2026-04-23T17:07:37.809559779Z,2026-04-23T17:07:37.786152969Z,1,1,42384724,T,B,0,144.500000000,7,0,17967,1033697879,143.500000000,144.500000000,52,7,6,2,ESM6 C7200
2026-04-23T17:07:37.867635129Z,2026-04-23T17:07:37.801894021Z,1,1,42372979,T,B,0,95.750000000,5,0,20572,1033698567,95.000000000,95.750000000,24,5,3,1,ESM6 C7300
2026-04-23T17:07:58.220166399Z,2026-04-23T17:07:57.771546093Z,1,1,42919949,T,B,0,90.500000000,6,0,13882,1033959815,90.000000000,90.500000000,27,25,1,1,ESM6 P6825
2026-04-23T17:08:34.095553319Z,2026-04-23T17:08:34.072694823Z,1,1,42413515,T,A,0,145.500000000,27,0,17046,1034408398,145.500000000,146.500000000,27,39,2,3,ESU6 C7500
2026-04-23T17:08:34.095553319Z,2026-04-23T17:08:34.072694823Z,1,1,42413515,T,A,0,145.000000000,1,0,17046,1034408398,145.500000000,146.500000000,27,39,2,3,ESU6 C7500
2026-04-23T17:08:34.140290441Z,2026-04-23T17:08:34.095455919Z,1,1,42413515,T,B,0,145.000000000,22,0,11592,1034409232,144.500000000,145.000000000,52,22,3,1,ESU6 C7500
2026-04-23T17:08:36.229508296Z,2026-04-23T17:08:36.229001765Z,1,1,42488860,T,A,0,5.000000000,13,0,11556,1034428622,5.000000000,5.100000000,13,189,1,1,ESZ6 C9200
2026-04-23T17:08:51.191987760Z,2026-04-23T17:08:50.691000361Z,1,1,42439351,T,B,0,135.500000000,1,0,13595,1034633361,135.000000000,135.500000000,38,1,2,1,ESU6 P6500
2026-04-23T17:08:54.992465719Z,2026-04-23T17:08:54.991925899Z,1,1,42413515,T,A,0,145.000000000,15,0,13556,1034678908,145.000000000,146.000000000,46,46,4,3,ESU6 C7500
2026-04-23T17:09:32.810090419Z,2026-04-23T17:09:32.233236657Z,1,1,2640042,T,A,0,4.250000000,5,0,18330,398179352,4.250000000,4.400000000,5,255,1,4,UD:1V: VT 2640042
2026-04-23T17:09:39.603925036Z,2026-04-23T17:09:39.554817251Z,1,1,42404370,T,B,0,41.000000000,1,0,16464,1035268038,40.750000000,41.000000000,89,1,6,1,ESM6 P6400
2026-04-23T17:09:42.383621045Z,2026-04-23T17:09:41.923231755Z,1,1,42378107,T,B,0,4.600000000,1,0,14613,1035312795,4.500000000,4.600000000,357,1,3,1,ESU6 P2800
2026-04-23T17:09:44.962387487Z,2026-04-23T17:09:44.405584535Z,1,1,2694960,T,A,0,436.000000000,1,0,14339,398292639,436.000000000,438.500000000,1,88,1,1,UD:1V: VT 2694960
2026-04-23T17:09:45.461810873Z,2026-04-23T17:09:44.573642281Z,1,1,42883306,T,B,0,173.500000000,1,0,14962,1035359771,173.000000000,173.500000000,4,1,1,1,ESM6 P7125
2026-04-23T17:09:50.795558380Z,2026-04-23T17:09:50.440532241Z,1,1,2694960,T,A,0,436.000000000,1,0,13011,398353027,436.000000000,438.500000000,1,88,1,1,UD:1V: VT 2694960
2026-04-23T17:09:53.989680969Z,2026-04-23T17:09:53.986098985Z,1,1,2694960,T,A,0,435.500000000,1,0,11706,398389992,435.500000000,438.500000000,1,88,1,1,UD:1V: VT 2694960
2026-04-23T17:10:04.208951616Z,2026-04-23T17:10:03.181757373Z,1,1,42404370,T,B,0,42.000000000,1,0,11453,1035652875,41.750000000,42.000000000,40,1,1,1,ESM6 P6400
2026-04-23T17:10:12.783379658Z,2026-04-23T17:10:11.554798153Z,1,1,42378346,T,A,0,32.000000000,1,0,11463,1035791145,32.000000000,32.500000000,6,33,2,1,ESM6 C7500
2026-04-23T17:10:13.839048769Z,2026-04-23T17:10:12.935250491Z,1,1,42458390,T,B,0,172.000000000,1,0,14068,1035809865,171.500000000,172.000000000,6,1,1,1,ESU6 P6700
2026-04-23T17:10:17.692869118Z,2026-04-23T17:10:16.665442791Z,1,1,42458399,T,A,0,26.750000000,25,0,16399,1035872097,26.750000000,27.750000000,208,79,5,2,ESU6 C8000
2026-04-23T17:10:21.420672545Z,2026-04-23T17:10:21.391876533Z,1,1,42458378,T,B,0,44.500000000,5,0,13639,1035928653,44.250000000,44.500000000,60,5,2,1,ESU6 P5450
2026-04-23T17:10:22.497672452Z,2026-04-23T17:10:22.257215435Z,1,1,42458739,T,B,0,35.000000000,1,0,11216,1035945329,34.750000000,35.000000000,67,5,2,1,ESU6 P5200
2026-04-23T17:10:22.497783940Z,2026-04-23T17:10:22.257218773Z,1,1,42458739,T,B,0,35.000000000,4,0,11359,1035945333,34.750000000,35.000000000,67,4,2,1,ESU6 P5200
2026-04-23T17:10:30.301380734Z,2026-04-23T17:10:30.096714651Z,1,1,42404367,T,B,0,25.250000000,5,0,13583,1036075131,25.000000000,25.250000000,137,5,4,1,ESM6 P6100
2026-04-23T17:10:30.309094815Z,2026-04-23T17:10:30.096714843Z,1,1,42629927,T,B,0,23.000000000,5,0,15471,1036075133,22.750000000,23.000000000,61,5,1,1,ESM6 P6040
2026-04-23T17:10:59.363876153Z,2026-04-23T17:10:58.862503061Z,1,1,2656955,T,B,0,437.000000000,3,0,13739,399006497,428.500000000,437.000000000,91,3,2,1,UD:1V: GN 2656955
2026-04-23T17:11:42.627240428Z,2026-04-23T17:11:42.030959589Z,1,1,42212203,T,A,0,115.000000000,10,0,17207,1037249312,115.000000000,115.500000000,19,5,1,1,ESM6 C7250
2026-04-23T17:12:38.963999878Z,2026-04-23T17:12:37.902668161Z,1,1,42300184,T,B,0,99.000000000,1,0,16128,1038076023,98.500000000,99.000000000,5,1,1,1,ESM6 P6850
2026-04-23T17:12:50.563728530Z,2026-04-23T17:12:49.137184937Z,1,1,2694960,T,A,0,435.500000000,1,0,13987,399895630,435.500000000,438.000000000,1,88,1,1,UD:1V: VT 2694960
2026-04-23T17:13:27.218442485Z,2026-04-23T17:13:27.217984283Z,1,1,42378374,T,B,0,208.000000000,5,0,13738,1038793538,207.500000000,208.000000000,43,5,7,1,ESM6 P7200
2026-04-23T17:14:20.361150988Z,2026-04-23T17:14:20.327389401Z,1,1,42446245,T,A,0,148.500000000,63,0,11406,1039567345,148.500000000,149.500000000,64,84,4,7,ESM6 P7050
2026-04-23T17:14:20.385118003Z,2026-04-23T17:14:20.327434769Z,1,1,42429065,T,A,0,120.500000000,6,0,13868,1039567810,120.500000000,121.500000000,6,84,2,6,ESM6 P6950
2026-04-23T17:14:20.388373481Z,2026-04-23T17:14:20.327491713Z,1,1,42435330,T,A,0,232.500000000,2,0,13211,1039567895,232.500000000,233.500000000,2,5,1,1,ESM6 C7050
2026-04-23T17:14:20.397898491Z,2026-04-23T17:14:20.360160867Z,1,1,42446245,T,B,0,148.500000000,30,0,12986,1039568175,148.000000000,148.500000000,32,15,3,1,ESM6 P7050
2026-04-23T17:14:20.397921068Z,2026-04-23T17:14:20.360173097Z,1,1,42446245,T,B,0,148.500000000,18,0,11418,1039568177,148.000000000,148.500000000,32,15,3,1,ESM6 P7050
2026-04-23T17:14:20.398453150Z,2026-04-23T17:14:20.361154521Z,1,1,42446245,T,B,0,148.500000000,2,0,11147,1039568203,148.000000000,148.500000000,32,2,3,1,ESM6 P7050
2026-04-23T17:14:20.399968315Z,2026-04-23T17:14:20.362718775Z,1,1,42429065,T,B,0,120.500000000,10,0,11663,1039568260,120.000000000,120.500000000,8,24,3,2,ESM6 P6950
2026-04-23T17:14:25.825953900Z,2026-04-23T17:14:25.740877381Z,1,1,2655946,T,B,0,24.500000000,17,0,16499,400650631,24.250000000,24.500000000,287,65,6,1,UD:1V: VT 2655946
2026-04-23T17:15:04.969531643Z,2026-04-23T17:15:04.808718283Z,1,1,42378450,T,B,0,27.250000000,1,0,15035,1040221573,27.000000000,27.250000000,275,1,7,1,ESM6 P6150
2026-04-23T17:15:21.666199966Z,2026-04-23T17:15:21.519157377Z,1,1,2655946,T,B,0,24.250000000,22,0,17456,401080052,24.000000000,24.250000000,339,66,5,1,UD:1V: VT 2655946
2026-04-23T17:15:24.439058403Z,2026-04-23T17:15:24.096291497Z,1,1,42499829,T,A,0,167.500000000,1,0,17096,1040495616,167.500000000,168.000000000,1,40,1,6,ESM6 C7150
2026-04-23T17:15:33.767655060Z,2026-04-23T17:15:33.690497019Z,1,1,42394619,T,B,0,3.300000000,1,0,13953,1040611667,3.200000000,3.300000000,422,1,6,1,ESM6 P4350
2026-04-23T17:15:37.314038947Z,2026-04-23T17:15:35.812433137Z,1,1,2654776,T,B,0,115.500000000,1,0,17478,401189752,113.000000000,115.500000000,127,1,3,1,UD:1V: VT 2654776
2026-04-23T17:15:53.369185539Z,2026-04-23T17:15:53.368672965Z,1,1,42394619,T,B,0,3.300000000,1,0,15683,1040904254,3.200000000,3.300000000,492,1,7,1,ESM6 P4350
2026-04-23T17:16:17.593480908Z,2026-04-23T17:16:17.006992925Z,1,1,42372969,T,A,0,263.500000000,2,0,12976,1041234273,263.500000000,264.000000000,2,4,1,1,ESM6 C7000
2026-04-23T17:16:17.677958681Z,2026-04-23T17:16:17.011596487Z,1,1,695462,T,B,0,5.700000000,1,0,19223,1041235725,5.600000000,5.700000000,193,1,2,1,ESZ6 P2300
2026-04-23T17:16:19.759076212Z,2026-04-23T17:16:19.620123163Z,1,1,42910386,T,A,0,300.500000000,2,0,18148,1041273374,300.500000000,329.000000000,2,2,1,1,ESH8 P6000
2026-04-23T17:16:30.510932150Z,2026-04-23T17:16:30.452669703Z,1,1,42372969,T,B,0,264.500000000,2,0,15856,1041446257,264.000000000,264.500000000,53,2,6,1,ESM6 C7000
2026-04-23T17:16:46.402661139Z,2026-04-23T17:16:45.652136691Z,1,1,42300184,T,B,0,100.000000000,1,0,11837,1041706203,99.500000000,100.000000000,26,6,1,2,ESM6 P6850
2026-04-23T17:16:51.050293964Z,2026-04-23T17:16:49.225401019Z,1,1,233533,T,B,0,109.000000000,1,0,12947,1041780372,,109.000000000,0,1,0,1,ESZ6 P5800
2026-04-23T17:16:51.089249622Z,2026-04-23T17:16:49.229050039Z,1,1,42404370,T,B,0,43.000000000,1,0,13254,1041780988,37.500000000,43.000000000,4,1,1,1,ESM6 P6400
2026-04-23T17:16:52.100947004Z,2026-04-23T17:16:49.842030335Z,1,1,42394812,T,B,0,92.500000000,5,0,19633,1041792535,90.500000000,92.500000000,65,5,2,1,ESM6 P6800
2026-04-23T17:16:53.116691435Z,2026-04-23T17:16:50.948437821Z,1,1,2637107,T,A,0,335.000000000,1,0,14754,401814449,335.000000000,337.000000000,1,61,1,1,UD:1V: GN 2637107
2026-04-23T17:16:53.186294913Z,2026-04-23T17:16:51.027969635Z,1,1,2694960,T,A,0,435.000000000,1,0,14347,401815101,435.000000000,436.500000000,1,94,1,1,UD:1V: VT 2694960
2026-04-23T17:16:58.661421452Z,2026-04-23T17:16:58.660902987Z,1,1,2694960,T,A,0,435.000000000,1,0,14168,401859490,435.000000000,436.500000000,1,94,1,1,UD:1V: VT 2694960
2026-04-23T17:17:01.238310307Z,2026-04-23T17:17:01.224471805Z,1,1,42366510,T,B,0,196.000000000,1,0,17664,1041919454,194.500000000,196.000000000,40,1,2,1,ESM6 C7100
2026-04-23T17:17:01.238310307Z,2026-04-23T17:17:01.224471805Z,1,1,42366510,T,B,0,196.500000000,4,0,17664,1041919454,194.500000000,196.000000000,40,1,2,1,ESM6 C7100
2026-04-23T17:17:15.139387467Z,2026-04-23T17:17:14.991138771Z,1,1,2637107,T,A,0,335.000000000,1,0,13068,401988238,335.000000000,337.000000000,1,133,1,2,UD:1V: GN 2637107
2026-04-23T17:17:31.555193481Z,2026-04-23T17:17:31.509054705Z,1,1,42300184,T,B,0,103.000000000,1,0,12181,1042324644,102.000000000,103.000000000,56,4,5,1,ESM6 P6850
2026-04-23T17:17:33.676491875Z,2026-04-23T17:17:33.592641103Z,1,1,42394812,T,B,0,93.250000000,5,0,16529,1042348606,92.750000000,93.250000000,36,5,2,1,ESM6 P6800
2026-04-23T17:17:34.296789228Z,2026-04-23T17:17:34.244331113Z,1,1,42854015,T,B,0,80.750000000,6,0,17370,1042356215,80.250000000,80.750000000,9,6,1,2,ESM6 P6725
2026-04-23T17:17:34.337760932Z,2026-04-23T17:17:34.270572683Z,1,1,42404370,T,B,0,44.000000000,26,0,16754,1042357374,43.500000000,44.000000000,72,26,3,2,ESM6 P6400
2026-04-23T17:17:34.344636902Z,2026-04-23T17:17:34.270691361Z,1,1,42404367,T,B,0,26.250000000,5,0,11454,1042357543,25.750000000,26.250000000,335,5,9,1,ESM6 P6100
2026-04-23T17:17:34.395368167Z,2026-04-23T17:17:34.291396149Z,1,1,42378450,T,B,0,28.500000000,5,0,14055,1042358422,28.000000000,28.500000000,231,5,8,1,ESM6 P6150
2026-04-23T17:17:34.424171007Z,2026-04-23T17:17:34.291654383Z,1,1,42394812,T,B,0,93.500000000,27,0,16854,1042358822,93.000000000,93.500000000,11,27,1,1,ESM6 P6800
2026-04-23T17:17:43.474726067Z,2026-04-23T17:17:43.027443369Z,1,1,42394753,T,B,0,21.000000000,1,0,11397,1042518208,20.750000000,21.000000000,121,1,3,1,ESM6 P5950
2026-04-23T17:17:47.905766132Z,2026-04-23T17:17:47.750009203Z,1,1,42384726,T,B,0,11.500000000,1,0,12759,1042587447,11.400000000,11.500000000,54,1,2,1,ESM6 P5500
2026-04-23T17:17:48.672452596Z,2026-04-23T17:17:48.396011525Z,1,1,42378592,T,B,0,53.000000000,5,0,13058,1042600796,52.750000000,53.000000000,56,5,4,1,ESM6 P6500
2026-04-23T17:18:11.313347908Z,2026-04-23T17:18:11.100590233Z,1,1,42377432,T,B,0,101.000000000,1,0,12625,1042968507,100.000000000,101.000000000,145,1,5,1,ESU6 P6200
2026-04-23T17:18:11.792148529Z,2026-04-23T17:18:11.227987029Z,1,1,42394619,T,B,0,3.400000000,1,0,16451,1042977994,3.300000000,3.400000000,70,1,3,1,ESM6 P4350
2026-04-23T17:18:22.653639819Z,2026-04-23T17:18:22.628159771Z,1,1,42493143,T,A,0,47.250000000,1,0,14456,1043142995,47.250000000,47.500000000,1,114,1,1,ESM7 P4000
2026-04-23T17:18:24.334453881Z,2026-04-23T17:18:24.116139041Z,1,1,42394731,T,A,0,6.600000000,1,0,14055,1043170565,6.600000000,6.800000000,1,552,1,8,ESM6 P5000
2026-04-23T17:18:25.299666633Z,2026-04-23T17:18:25.213963391Z,1,1,42377432,T,B,0,101.000000000,1,0,11132,1043183827,100.500000000,101.000000000,94,1,4,1,ESU6 P6200
2026-04-23T17:18:51.468864246Z,2026-04-23T17:18:51.384553949Z,1,1,2637107,T,A,0,335.000000000,1,0,24593,402750032,335.000000000,337.000000000,1,154,1,2,UD:1V: GN 2637107
2026-04-23T17:19:08.675834417Z,2026-04-23T17:19:08.675497103Z,1,1,42439351,T,B,0,140.000000000,25,0,15438,1043774360,139.500000000,140.000000000,80,25,5,1,ESU6 P6500
2026-04-23T17:19:31.244129244Z,2026-04-23T17:19:31.088728489Z,1,1,42399706,T,B,0,77.750000000,1,0,16269,1044085020,77.500000000,77.750000000,62,1,4,1,ESM6 P6700
2026-04-23T17:19:40.616191321Z,2026-04-23T17:19:40.078024517Z,1,1,42366523,T,B,0,174.500000000,5,0,13174,1044234114,173.500000000,174.500000000,21,5,2,1,ESM6 P7100
2026-04-23T17:19:40.666041926Z,2026-04-23T17:19:40.100501751Z,1,1,2694960,T,A,0,434.500000000,1,0,12802,403133230,434.500000000,436.000000000,1,84,1,1,UD:1V: VT 2694960
2026-04-23T17:19:40.693380820Z,2026-04-23T17:19:40.102222063Z,1,1,421495,T,B,0,8.600000000,1,0,14235,1044235584,8.400000000,8.600000000,350,1,4,1,ESZ6 P2700
2026-04-23T17:19:41.346553561Z,2026-04-23T17:19:40.914331799Z,1,1,42372969,T,A,0,260.000000000,2,0,13761,1044247177,260.000000000,260.500000000,2,15,1,4,ESM6 C7000
2026-04-23T17:19:47.738126173Z,2026-04-23T17:19:47.717265645Z,1,1,2694960,T,A,0,434.500000000,1,0,16671,403192437,434.500000000,436.000000000,1,84,1,1,UD:1V: VT 2694960
2026-04-23T17:19:49.707711144Z,2026-04-23T17:19:49.665909631Z,1,1,42372969,T,B,0,260.500000000,2,0,11570,1044361243,259.500000000,260.500000000,20,2,6,1,ESM6 C7000
2026-04-23T17:19:56.868542207Z,2026-04-23T17:19:56.867478345Z,1,1,2637107,T,A,0,335.000000000,1,0,14383,403258721,335.000000000,337.000000000,1,160,1,2,UD:1V: GN 2637107
2026-04-23T17:20:31.673213849Z,2026-04-23T17:20:31.672581325Z,1,1,2637107,T,A,0,334.500000000,1,0,14927,403511685,334.500000000,337.000000000,1,160,1,2,UD:1V: GN 2637107
2026-04-23T17:20:42.917732110Z,2026-04-23T17:20:42.917181761Z,1,1,42384729,T,A,0,2.800000000,2,0,13345,1045131694,2.800000000,2.850000000,105,30,1,2,ESM6 C7900
2026-04-23T17:20:42.917958465Z,2026-04-23T17:20:42.917181943Z,1,1,42384729,T,A,0,2.800000000,31,0,17516,1045131696,2.800000000,2.850000000,103,30,1,2,ESM6 C7900
2026-04-23T17:20:43.506229641Z,2026-04-23T17:20:43.498343707Z,1,1,42384729,T,A,0,2.800000000,31,0,14072,1045138211,2.800000000,2.850000000,105,30,1,2,ESM6 C7900
2026-04-23T17:21:11.851116043Z,2026-04-23T17:21:10.785079521Z,1,1,42315459,T,A,0,81.500000000,1,0,15809,1045547857,81.500000000,82.750000000,31,31,1,1,ESZ6 C8000
2026-04-23T17:21:14.682486011Z,2026-04-23T17:21:14.098659379Z,1,1,42821844,T,B,0,27.500000000,5,0,14259,1045600258,27.000000000,27.500000000,236,5,7,1,ESM6 P6125
2026-04-23T17:21:14.921925475Z,2026-04-23T17:21:14.142479237Z,1,1,42836581,T,B,0,23.500000000,5,0,12689,1045604799,23.000000000,23.500000000,243,5,7,1,ESM6 P6025
2026-04-23T17:21:15.630518407Z,2026-04-23T17:21:14.488183469Z,1,1,42372983,T,B,0,24.500000000,5,0,17185,1045617393,24.000000000,24.500000000,241,5,7,1,ESM6 P6050
2026-04-23T17:21:34.729046697Z,2026-04-23T17:21:34.633581171Z,1,1,42404374,T,A,0,139.000000000,1,0,17089,1045904210,139.000000000,140.000000000,84,34,7,4,ESM6 P7000
2026-04-23T17:22:18.227378766Z,2026-04-23T17:22:18.146563673Z,1,1,42378541,T,B,0,37.500000000,1,0,13582,1046478157,37.250000000,37.500000000,60,1,5,1,ESM6 P6300
2026-04-23T17:22:23.126637559Z,2026-04-23T17:22:22.345433525Z,1,1,42404370,T,B,0,45.000000000,1,0,11567,1046551642,44.500000000,45.000000000,135,1,8,1,ESM6 P6400
2026-04-23T17:22:24.154320318Z,2026-04-23T17:22:23.351719475Z,1,1,2657595,T,B,0,56.500000000,7,0,13968,404351232,56.250000000,56.500000000,2,50,1,1,UD:1V: VT 2657595
2026-04-23T17:22:25.486873445Z,2026-04-23T17:22:25.211887179Z,1,1,2657595,T,B,0,56.500000000,1,0,16055,404365170,56.250000000,56.500000000,88,43,3,1,UD:1V: VT 2657595
2026-04-23T17:22:25.815040396Z,2026-04-23T17:22:25.783195891Z,1,1,2657795,T,B,0,0.850000000,4,0,16902,404368994,0.800000000,0.850000000,448,4,2,1,UD:1V: VT 2657795
2026-04-23T17:22:34.839544588Z,2026-04-23T17:22:34.827410961Z,1,1,2657595,T,B,0,56.500000000,14,0,15161,404420911,56.250000000,56.500000000,145,42,5,1,UD:1V: VT 2657595
2026-04-23T17:22:34.861023200Z,2026-04-23T17:22:34.828766303Z,1,1,2657595,T,B,0,56.500000000,9,0,16386,404421090,56.250000000,56.500000000,145,28,5,1,UD:1V: VT 2657595
2026-04-23T17:22:35.582304436Z,2026-04-23T17:22:35.572091835Z,1,1,2657595,T,B,0,56.500000000,19,0,13998,404423756,56.250000000,56.500000000,243,19,6,1,UD:1V: VT 2657595
2026-04-23T17:22:35.583244593Z,2026-04-23T17:22:35.572105095Z,1,1,42378449,T,B,0,23.000000000,2,0,12475,1046705213,22.750000000,23.000000000,319,2,8,1,ESM6 P6000
2026-04-23T17:22:40.276927895Z,2026-04-23T17:22:40.200055545Z,1,1,42377432,T,B,0,102.000000000,1,0,14980,1046772826,101.500000000,102.000000000,170,2,5,1,ESU6 P6200
2026-04-23T17:22:40.277324758Z,2026-04-23T17:22:40.200058361Z,1,1,42377432,T,B,0,102.000000000,1,0,11904,1046772830,101.500000000,102.000000000,170,1,5,1,ESU6 P6200
2026-04-23T17:22:42.655042166Z,2026-04-23T17:22:42.600127311Z,1,1,2637107,T,A,0,334.500000000,1,0,13171,404481814,334.500000000,337.000000000,1,169,1,2,UD:1V: GN 2637107
2026-04-23T17:22:43.266301246Z,2026-04-23T17:22:43.061566509Z,1,1,42361394,T,B,0,470.000000000,1,0,13426,1046825376,469.000000000,470.000000000,39,1,2,1,ESZ6 P7400
2026-04-23T17:22:59.841658683Z,2026-04-23T17:22:59.742315819Z,1,1,42394754,T,B,0,31.750000000,5,0,13881,1047040941,31.500000000,31.750000000,99,5,6,1,ESM6 P6200
2026-04-23T17:23:48.028836316Z,2026-04-23T17:23:48.012758357Z,1,1,42384726,T,A,0,11.700000000,1,0,13841,1047691346,11.700000000,11.900000000,1,199,1,4,ESM6 P5500
2026-04-23T17:23:50.622326967Z,2026-04-23T17:23:50.621858949Z,1,1,42378346,T,A,0,31.000000000,1,0,10986,1047722959,31.000000000,31.250000000,1,36,1,3,ESM6 C7500
2026-04-23T17:23:52.128906882Z,2026-04-23T17:23:52.128446531Z,1,1,42394754,T,A,0,31.500000000,5,0,19503,1047730488,31.500000000,32.000000000,46,176,2,7,ESM6 P6200
2026-04-23T17:24:04.082759657Z,2026-04-23T17:24:03.177264525Z,1,1,42315459,T,B,0,81.500000000,1,0,14263,1047891904,81.250000000,81.500000000,37,1,2,1,ESZ6 C8000
2026-04-23T17:24:20.791440539Z,2026-04-23T17:24:20.419549797Z,1,1,42883176,T,A,0,151.000000000,3,0,13871,1048121849,151.000000000,151.500000000,3,60,1,7,ESM6 C7175
2026-04-23T17:24:22.565997937Z,2026-04-23T17:24:22.166103867Z,1,1,695462,T,B,0,5.800000000,1,0,16162,1048148881,5.700000000,5.800000000,193,1,2,1,ESZ6 P2300
2026-04-23T17:24:26.364615379Z,2026-04-23T17:24:26.104469073Z,1,1,42394754,T,B,0,31.500000000,1,0,13479,1048192951,31.250000000,31.500000000,190,1,7,1,ESM6 P6200
2026-04-23T17:24:33.360027905Z,2026-04-23T17:24:32.561988417Z,1,1,42627610,T,A,0,11.700000000,20,0,16033,1048288618,11.700000000,12.000000000,27,68,1,3,ESM6 C7650
2026-04-23T17:24:34.631498060Z,2026-04-23T17:24:33.778177077Z,1,1,42300184,T,B,0,105.000000000,1,0,13932,1048310003,104.500000000,105.000000000,61,1,5,1,ESM6 P6850
2026-04-23T17:24:35.852930553Z,2026-04-23T17:24:34.975294537Z,1,1,2653831,T,B,0,21.500000000,25,0,16412,405274547,21.250000000,21.500000000,384,25,4,1,UD:1V: VT 2653831
2026-04-23T17:24:37.611171001Z,2026-04-23T17:24:37.466473425Z,1,1,42623631,T,B,0,21.000000000,2,0,13443,1048363138,20.750000000,21.000000000,146,2,1,1,ESZ6 P3750
2026-04-23T17:24:54.034018311Z,2026-04-23T17:24:53.969427781Z,1,1,42372979,T,A,0,88.750000000,5,0,16310,1048543553,88.750000000,89.250000000,5,29,1,3,ESM6 C7300
2026-04-23T17:25:30.125041339Z,2026-04-23T17:25:30.114356017Z,1,1,42627610,T,A,0,11.500000000,5,0,16435,1049008678,11.500000000,11.800000000,5,95,1,6,ESM6 C7650
2026-04-23T17:25:30.430992410Z,2026-04-23T17:25:30.184118365Z,1,1,42394754,T,A,0,32.000000000,7,0,16599,1049013679,32.000000000,32.500000000,7,190,2,7,ESM6 P6200
2026-04-23T17:25:35.937676919Z,2026-04-23T17:25:35.512043873Z,1,1,2639649,T,A,0,2.100000000,5,0,13343,405680113,2.100000000,2.200000000,5,1534,1,5,UD:1V: VT 2639649
2026-04-23T17:25:47.207452739Z,2026-04-23T17:25:47.206936041Z,1,1,42399706,T,A,0,78.750000000,1,0,13599,1049215583,78.750000000,79.500000000,60,47,4,6,ESM6 P6700
2026-04-23T17:25:53.026783714Z,2026-04-23T17:25:53.019860045Z,1,1,42372931,T,A,0,7.500000000,3,0,11419,1049272995,7.500000000,7.700000000,3,274,1,4,ESM6 P5100
2026-04-23T17:26:01.407196596Z,2026-04-23T17:26:00.915239345Z,1,1,42378373,T,A,0,16.100000000,22,0,16280,1049380261,16.100000000,16.400000000,28,169,1,3,ESM6 P5750
2026-04-23T17:26:03.247841284Z,2026-04-23T17:26:02.328860761Z,1,1,2637107,T,A,0,334.500000000,1,0,16788,405847549,334.500000000,336.000000000,1,191,1,2,UD:1V: GN 2637107
2026-04-23T17:26:09.507112444Z,2026-04-23T17:26:07.600050981Z,1,1,42394770,T,A,0,49.250000000,7,0,12906,1049507655,49.250000000,49.500000000,7,91,1,4,ESM6 P6450
2026-04-23T17:26:15.156325484Z,2026-04-23T17:26:14.047742653Z,1,1,42611781,T,A,0,22.750000000,2,0,13788,1049601070,22.750000000,23.000000000,2,25,1,1,ESM6 C7550
2026-04-23T17:26:19.783019345Z,2026-04-23T17:26:17.759887587Z,1,1,2640042,T,A,0,3.850000000,5,0,15762,405990530,3.850000000,4.000000000,324,134,2,1,UD:1V: VT 2640042
2026-04-23T17:26:23.718695174Z,2026-04-23T17:26:20.706632887Z,1,1,42378592,T,B,0,53.750000000,1,0,13966,1049720302,52.500000000,53.750000000,25,103,1,1,ESM6 P6500
2026-04-23T17:26:24.578412655Z,2026-04-23T17:26:21.225870123Z,1,1,42404370,T,A,0,43.750000000,1,0,11165,1049731653,43.750000000,44.750000000,2,11,2,1,ESM6 P6400
2026-04-23T17:26:29.926376177Z,2026-04-23T17:26:26.013781245Z,1,1,42506289,T,B,0,133.500000000,5,0,17598,1049798860,129.500000000,133.500000000,2,5,1,1,ESU6 P6450
2026-04-23T17:26:29.930305116Z,2026-04-23T17:26:26.014110723Z,1,1,42506289,T,A,0,134.000000000,5,0,11825,1049798959,134.000000000,144.000000000,5,48,1,1,ESU6 P6450
2026-04-23T17:26:33.172863567Z,2026-04-23T17:26:30.488765757Z,1,1,42394753,T,A,0,20.750000000,6,0,16090,1049845630,20.750000000,21.000000000,25,5,1,1,ESM6 P5950
2026-04-23T17:26:35.401072622Z,2026-04-23T17:26:33.344610623Z,1,1,42384724,T,A,0,138.000000000,14,0,17773,1049875495,138.000000000,138.500000000,14,3,2,1,ESM6 C7200
2026-04-23T17:26:36.727952294Z,2026-04-23T17:26:35.119719935Z,1,1,42384724,T,B,0,138.000000000,17,0,14566,1049889858,137.500000000,138.000000000,8,1,1,1,ESM6 C7200
2026-04-23T17:26:36.940539715Z,2026-04-23T17:26:35.396231625Z,1,1,42384724,T,B,0,138.000000000,3,0,14097,1049893500,137.500000000,138.000000000,8,14,1,1,ESM6 C7200
2026-04-23T17:26:36.940748734Z,2026-04-23T17:26:35.396233199Z,1,1,42883177,T,B,0,101.500000000,2,0,11638,1049893502,101.000000000,101.500000000,6,17,1,2,ESM6 C7275
2026-04-23T17:26:36.941029423Z,2026-04-23T17:26:35.396233373Z,1,1,42883177,T,B,0,101.500000000,2,0,13861,1049893504,101.000000000,101.500000000,6,17,1,2,ESM6 C7275
2026-04-23T17:26:36.941285635Z,2026-04-23T17:26:35.396243183Z,1,1,42853782,T,B,0,181.000000000,2,0,13536,1049893506,180.500000000,181.000000000,34,17,3,2,ESM6 C7125
2026-04-23T17:26:36.941340159Z,2026-04-23T17:26:35.396252475Z,1,1,42435330,T,B,0,229.500000000,15,0,12084,1049893507,229.000000000,229.500000000,23,15,2,1,ESM6 C7050
2026-04-23T17:26:36.941610961Z,2026-04-23T17:26:35.396262707Z,1,1,42853782,T,B,0,181.000000000,2,0,13390,1049893508,180.500000000,181.000000000,34,17,3,2,ESM6 C7125
2026-04-23T17:26:36.941649667Z,2026-04-23T17:26:35.396275859Z,1,1,42435330,T,B,0,229.500000000,4,0,11797,1049893509,229.000000000,229.500000000,23,15,2,1,ESM6 C7050
2026-04-23T17:26:36.941914093Z,2026-04-23T17:26:35.396284441Z,1,1,42760603,T,B,0,246.500000000,4,0,13811,1049893510,245.500000000,246.500000000,18,15,1,1,ESM6 C7025
2026-04-23T17:26:38.255156483Z,2026-04-23T17:26:37.104948961Z,1,1,2653874,T,A,0,28.500000000,5,0,19430,406150611,28.500000000,28.750000000,10,55,1,1,UD:1V: VT 2653874
2026-04-23T17:26:39.189557219Z,2026-04-23T17:26:38.813566569Z,1,1,42853787,T,A,0,18.300000000,75,0,13597,1049931110,18.300000000,18.900000000,120,95,2,1,ESM6 P5875
2026-04-23T17:26:39.671821091Z,2026-04-23T17:26:39.478981711Z,1,1,42871623,T,A,0,19.000000000,1,0,14055,1049940372,19.000000000,19.800000000,95,12,2,1,ESM6 C7575
2026-04-23T17:26:42.338024563Z,2026-04-23T17:26:42.311898571Z,1,1,2503866,T,A,0,158.000000000,1,0,17617,406189990,158.000000000,162.500000000,1,37,1,2,UD:1V: VT 2503866
2026-04-23T17:26:45.743351286Z,2026-04-23T17:26:45.702704287Z,1,1,42366511,T,A,0,16.000000000,1,0,16073,1050023533,16.000000000,16.600000000,138,124,4,4,ESM6 C7600
2026-04-23T17:26:54.408862986Z,2026-04-23T17:26:54.115101517Z,1,1,42404374,T,A,0,137.000000000,1,0,14390,1050127690,137.000000000,137.500000000,1,20,1,1,ESM6 P7000
2026-04-23T17:26:55.726202932Z,2026-04-23T17:26:55.692529565Z,1,1,42416106,T,A,0,41.500000000,1,0,17243,1050147599,41.500000000,42.000000000,18,43,3,2,ESM6 C7450
2026-04-23T17:26:58.032919108Z,2026-04-23T17:26:58.032378391Z,1,1,42506289,T,B,0,132.000000000,1,0,13998,1050177398,130.500000000,132.000000000,155,64,7,4,ESU6 P6450
2026-04-23T17:26:59.809643097Z,2026-04-23T17:26:59.633405653Z,1,1,42627610,T,A,0,11.600000000,5,0,14358,1050199146,11.600000000,12.000000000,5,68,1,5,ESM6 C7650
2026-04-23T17:27:01.762846535Z,2026-04-23T17:27:01.297221655Z,1,1,42902241,T,A,0,35.750000000,14,0,16426,1050229337,35.750000000,36.250000000,16,113,2,5,ESM6 C7475
2026-04-23T17:27:01.796402591Z,2026-04-23T17:27:01.314275865Z,1,1,42902241,T,A,0,35.750000000,1,0,13928,1050229818,35.750000000,36.250000000,2,113,1,5,ESM6 C7475
2026-04-23T17:27:01.812403193Z,2026-04-23T17:27:01.335455467Z,1,1,42902241,T,A,0,35.750000000,1,0,21200,1050229955,35.750000000,36.250000000,1,113,1,5,ESM6 C7475
2026-04-23T17:27:06.355280472Z,2026-04-23T17:27:06.040077637Z,1,1,42378346,T,A,0,30.500000000,1,0,13836,1050302782,30.500000000,31.000000000,71,25,3,1,ESM6 C7500
2026-04-23T17:27:08.228077639Z,2026-04-23T17:27:08.166600353Z,1,1,42384725,T,A,0,54.750000000,1,0,15353,1050338498,54.750000000,55.250000000,9,53,3,2,ESM6 C7400
2026-04-23T17:27:10.065409539Z,2026-04-23T17:27:10.064870023Z,1,1,42903306,T,A,0,62.500000000,1,0,13378,1050355201,62.500000000,63.000000000,10,38,2,2,ESM6 C7375
2026-04-23T17:27:11.231612238Z,2026-04-23T17:27:11.229595243Z,1,1,42394732,T,B,0,9.600000000,5,0,13232,1050366426,9.500000000,9.600000000,141,5,1,1,ESM6 P5350
2026-04-23T17:27:11.231806647Z,2026-04-23T17:27:11.229595419Z,1,1,42394743,T,B,0,10.100000000,2,0,17495,1050366428,10.000000000,10.100000000,168,2,3,1,ESM6 P5400
2026-04-23T17:27:11.253690838Z,2026-04-23T17:27:11.243407151Z,1,1,42394733,T,B,0,9.100000000,5,0,13664,1050366930,9.000000000,9.100000000,144,5,1,1,ESM6 P5300
2026-04-23T17:27:11.552833866Z,2026-04-23T17:27:11.547683981Z,1,1,42384725,T,A,0,54.750000000,7,0,18348,1050369985,54.750000000,55.250000000,7,84,2,4,ESM6 C7400
2026-04-23T17:27:11.561376519Z,2026-04-23T17:27:11.550394619Z,1,1,42627610,T,A,0,11.600000000,5,0,11243,1050370147,11.600000000,11.900000000,5,46,1,3,ESM6 C7650
2026-04-23T17:27:13.894805740Z,2026-04-23T17:27:13.460777539Z,1,1,42883176,T,A,0,151.500000000,5,0,14144,1050390552,151.500000000,152.500000000,5,24,1,3,ESM6 C7175
2026-04-23T17:27:31.328940748Z,2026-04-23T17:27:31.328368987Z,1,1,42315459,T,B,0,81.500000000,1,0,11830,1050643772,81.000000000,81.500000000,35,1,2,1,ESZ6 C8000
2026-04-23T17:27:33.841072864Z,2026-04-23T17:27:33.818472407Z,1,1,42836581,T,B,0,23.500000000,2,0,17602,1050673895,23.250000000,23.500000000,5,5,1,1,ESM6 P6025
2026-04-23T17:27:33.844086895Z,2026-04-23T17:27:33.824904101Z,1,1,42627610,T,A,0,11.500000000,5,0,13590,1050673943,11.500000000,11.800000000,5,5,1,1,ESM6 C7650
2026-04-23T17:27:33.851655027Z,2026-04-23T17:27:33.848774489Z,1,1,42760604,T,B,0,13.500000000,5,0,13919,1050674085,13.300000000,13.500000000,30,5,2,1,ESM6 P5625
2026-04-23T17:27:36.106023485Z,2026-04-23T17:27:36.105472071Z,1,1,42404367,T,B,0,26.500000000,3,0,17194,1050701581,26.000000000,26.500000000,265,30,5,2,ESM6 P6100
2026-04-23T17:27:36.125990828Z,2026-04-23T17:27:36.122551049Z,1,1,42372983,T,B,0,24.500000000,3,0,18077,1050701712,24.000000000,24.500000000,244,30,5,2,ESM6 P6050
2026-04-23T17:27:36.135734915Z,2026-04-23T17:27:36.135304311Z,1,1,42836580,T,B,0,25.500000000,2,0,13617,1050701906,25.000000000,25.500000000,226,25,4,1,ESM6 P6075
2026-04-23T17:27:38.582380397Z,2026-04-23T17:27:38.579025237Z,1,1,42394753,T,B,0,21.000000000,1,0,14277,1050722368,20.750000000,21.000000000,5,5,1,1,ESM6 P5950
2026-04-23T17:27:41.339017393Z,2026-04-23T17:27:40.768145573Z,1,1,42378449,T,B,0,22.750000000,4,0,15661,1050757139,22.250000000,22.750000000,232,30,4,2,ESM6 P6000
2026-04-23T17:27:42.213458118Z,2026-04-23T17:27:41.662954771Z,1,1,42409672,T,B,0,19.700000000,13,0,12060,1050773407,19.300000000,19.700000000,171,27,3,2,ESM6 P5900
2026-04-23T17:27:43.303239479Z,2026-04-23T17:27:42.526073823Z,1,1,42378373,T,B,0,16.000000000,2,0,16634,1050792947,15.700000000,16.000000000,146,21,2,1,ESM6 P5750
2026-04-23T17:27:43.934730985Z,2026-04-23T17:27:43.467171311Z,1,1,42384726,T,B,0,11.700000000,5,0,12841,1050804061,11.500000000,11.700000000,160,5,3,1,ESM6 P5500
2026-04-23T17:27:44.458164316Z,2026-04-23T17:27:44.386580421Z,1,1,42409657,T,B,0,13.200000000,5,0,13867,1050814416,13.000000000,13.200000000,25,5,1,1,ESM6 P5600
2026-04-23T17:27:44.529156241Z,2026-04-23T17:27:44.506667005Z,1,1,42804679,T,B,0,12.800000000,5,0,13695,1050815785,12.600000000,12.800000000,155,5,3,1,ESM6 P5575
2026-04-23T17:27:57.644587049Z,2026-04-23T17:27:57.643731849Z,1,1,42511761,T,A,0,52.500000000,1,0,14065,1050974498,52.500000000,53.000000000,1,175,1,4,ESH7 P4500
2026-04-23T17:28:02.649308334Z,2026-04-23T17:28:02.332390497Z,1,1,42627610,T,A,0,11.400000000,5,0,13224,1051033322,11.400000000,11.700000000,5,33,1,3,ESM6 C7650
2026-04-23T17:28:03.034176771Z,2026-04-23T17:28:02.563903033Z,1,1,2611957,T,A,0,38.250000000,1,0,13100,406724561,38.250000000,38.500000000,1,69,1,2,UD:1V: VT 2611957
2026-04-23T17:28:03.864638681Z,2026-04-23T17:28:03.622749125Z,1,1,42399655,T,B,0,14.100000000,18,0,16206,1051054518,13.800000000,14.100000000,183,23,3,1,ESM6 P5650
2026-04-23T17:28:08.921872628Z,2026-04-23T17:28:08.876961303Z,1,1,42853786,T,B,0,12.100000000,5,0,13956,1051111646,11.900000000,12.100000000,5,5,1,1,ESM6 P5525
2026-04-23T17:28:12.666670015Z,2026-04-23T17:28:12.289388229Z,1,1,42409658,T,B,0,12.500000000,5,0,14072,1051156171,12.200000000,12.500000000,199,5,4,1,ESM6 P5550
2026-04-23T17:28:15.199635467Z,2026-04-23T17:28:14.180077259Z,1,1,42378449,T,B,0,23.000000000,2,0,12807,1051202287,22.500000000,23.000000000,60,2,1,1,ESM6 P6000
2026-04-23T17:28:15.461955419Z,2026-04-23T17:28:14.432180057Z,1,1,42903306,T,A,0,60.750000000,20,0,16947,1051205493,60.750000000,61.500000000,26,27,1,1,ESM6 C7375
2026-04-23T17:28:30.956541319Z,2026-04-23T17:28:30.873736957Z,1,1,42627610,T,A,0,11.200000000,5,0,11493,1051460633,11.200000000,11.500000000,5,38,1,4,ESM6 C7650
2026-04-23T17:28:38.281446914Z,2026-04-23T17:28:37.869395847Z,1,1,42804678,T,A,0,121.000000000,14,0,11287,1051555567,121.000000000,122.000000000,19,53,1,5,ESM6 C7225
2026-04-23T17:28:38.585148289Z,2026-04-23T17:28:38.302416067Z,1,1,42853804,T,A,0,75.250000000,14,0,13536,1051561089,75.250000000,76.000000000,30,159,1,6,ESM6 P6675
2026-04-23T17:28:38.591361296Z,2026-04-23T17:28:38.302500447Z,1,1,42854015,T,A,0,82.750000000,14,0,13665,1051561091,82.750000000,83.500000000,28,33,1,2,ESM6 P6725
2026-04-23T17:28:41.229921671Z,2026-04-23T17:28:41.229415655Z,1,1,42399706,T,A,0,78.750000000,16,0,16040,1051590404,78.750000000,79.250000000,25,54,1,3,ESM6 P6700
2026-04-23T17:28:41.233959758Z,2026-04-23T17:28:41.229460313Z,1,1,42384779,T,A,0,65.250000000,17,0,15673,1051590406,65.250000000,65.750000000,25,93,1,4,ESM6 P6600
2026-04-23T17:28:54.774617931Z,2026-04-23T17:28:54.210448315Z,1,1,42883176,T,A,0,148.000000000,5,0,17144,1051750243,148.000000000,149.000000000,5,19,1,2,ESM6 C7175
2026-04-23T17:29:02.751376676Z,2026-04-23T17:29:02.700042629Z,1,1,2640494,T,A,0,2.650000000,1,0,14625,407117045,2.650000000,2.950000000,1,113,1,1,UD:1V: GN 2640494
2026-04-23T17:29:12.804828998Z,2026-04-23T17:29:12.799167541Z,1,1,42429363,T,B,0,315.500000000,5,0,17357,1051973671,313.000000000,315.500000000,35,52,4,5,ESU6 P7200
2026-04-23T17:29:34.895321835Z,2026-04-23T17:29:34.890826149Z,1,1,42378374,T,B,0,216.000000000,1,0,13316,1052204621,215.000000000,216.000000000,27,1,4,1,ESM6 P7200
2026-04-23T17:29:37.282417293Z,2026-04-23T17:29:37.274847549Z,1,1,2517015,T,B,0,32.750000000,5,0,14467,407292616,32.500000000,32.750000000,344,5,5,1,UD:1V: VT 2517015
2026-04-23T17:29:39.909486331Z,2026-04-23T17:29:39.902233841Z,1,1,42087841,T,A,0,355.500000000,18,0,17681,1052233571,355.500000000,356.500000000,18,6,1,1,ESZ6 P7100
2026-04-23T17:29:54.616467693Z,2026-04-23T17:29:54.202364249Z,1,1,42372969,T,A,0,258.500000000,2,0,11408,1052350588,258.500000000,259.500000000,2,1,1,1,ESM6 C7000
2026-04-23T17:30:01.296736486Z,2026-04-23T17:30:01.141799741Z,1,1,42404367,T,B,0,27.250000000,3,0,12847,1052464817,26.750000000,27.250000000,141,43,5,2,ESM6 P6100
2026-04-23T17:30:12.542210572Z,2026-04-23T17:30:12.475344239Z,1,1,42902241,T,A,0,34.250000000,16,0,16770,1052604107,34.250000000,34.750000000,16,123,2,6,ESM6 C7475
2026-04-23T17:30:15.663432653Z,2026-04-23T17:30:15.603365789Z,1,1,42627610,T,A,0,11.100000000,15,0,13320,1052637722,11.100000000,11.400000000,32,81,2,4,ESM6 C7650
2026-04-23T17:30:15.671670714Z,2026-04-23T17:30:15.604364543Z,1,1,42627610,T,A,0,11.100000000,1,0,12608,1052637874,11.100000000,11.400000000,17,81,1,4,ESM6 C7650
2026-04-23T17:30:16.611129772Z,2026-04-23T17:30:16.509340207Z,1,1,42378346,T,A,0,29.250000000,16,0,16405,1052653606,29.250000000,29.500000000,16,29,2,3,ESM6 C7500
2026-04-23T17:30:20.104940896Z,2026-04-23T17:30:20.104227963Z,1,1,42649304,T,B,0,378.500000000,50,0,15448,1052698172,378.000000000,378.500000000,17,50,1,1,ESM7 C7650
2026-04-23T17:30:22.741385078Z,2026-04-23T17:30:22.442212017Z,1,1,42627610,T,A,0,11.100000000,5,0,13530,1052733456,11.100000000,11.400000000,5,147,1,6,ESM6 C7650
2026-04-23T17:30:26.255685019Z,2026-04-23T17:30:26.000520657Z,1,1,42902241,T,A,0,34.250000000,2,0,15753,1052775281,34.250000000,34.500000000,2,50,1,2,ESM6 C7475
2026-04-23T17:30:26.366267270Z,2026-04-23T17:30:26.181155079Z,1,1,42627610,T,A,0,11.100000000,5,0,13845,1052777484,11.100000000,11.400000000,5,142,1,5,ESM6 C7650
2026-04-23T17:30:26.621102899Z,2026-04-23T17:30:26.436996503Z,1,1,42372969,T,B,0,259.000000000,2,0,14378,1052781802,257.500000000,259.000000000,48,2,5,1,ESM6 C7000
2026-04-23T17:30:26.823720065Z,2026-04-23T17:30:26.589591083Z,1,1,42384724,T,B,0,134.000000000,1,0,13691,1052785219,133.500000000,134.000000000,62,1,6,1,ESM6 C7200
2026-04-23T17:30:28.963952927Z,2026-04-23T17:30:28.916910891Z,1,1,2658310,T,B,0,26.250000000,74,0,13262,407585578,26.000000000,26.250000000,485,73,5,1,UD:1V: BO 2658310
2026-04-23T17:30:29.004428228Z,2026-04-23T17:30:28.967175287Z,1,1,2658310,T,B,0,26.250000000,16,0,13334,407585766,26.000000000,26.250000000,427,72,4,1,UD:1V: BO 2658310
2026-04-23T17:30:29.033956878Z,2026-04-23T17:30:29.004474579Z,1,1,2658310,T,B,0,26.250000000,13,0,13195,407585955,26.000000000,26.250000000,427,56,4,1,UD:1V: BO 2658310
2026-04-23T17:30:29.363220994Z,2026-04-23T17:30:29.059779805Z,1,1,2658310,T,B,0,26.250000000,1,0,17396,407588541,26.000000000,26.250000000,394,43,3,1,UD:1V: BO 2658310
2026-04-23T17:30:29.365180931Z,2026-04-23T17:30:29.060059903Z,1,1,2658310,T,B,0,26.250000000,14,0,13052,407588553,26.000000000,26.250000000,394,42,3,1,UD:1V: BO 2658310
2026-04-23T17:30:29.370790129Z,2026-04-23T17:30:29.061095161Z,1,1,2658310,T,B,0,26.250000000,3,0,12990,407588595,26.000000000,26.250000000,394,28,3,1,UD:1V: BO 2658310
2026-04-23T17:30:29.394655137Z,2026-04-23T17:30:29.068823723Z,1,1,2658310,T,B,0,26.250000000,1,0,13021,407588796,26.000000000,26.250000000,394,25,3,1,UD:1V: BO 2658310
2026-04-23T17:30:29.401170375Z,2026-04-23T17:30:29.071710267Z,1,1,2658310,T,B,0,26.250000000,2,0,16975,407588839,26.000000000,26.250000000,394,24,3,1,UD:1V: BO 2658310
2026-04-23T17:30:29.564428023Z,2026-04-23T17:30:29.140261657Z,1,1,2658310,T,B,0,26.250000000,1,0,13300,407590400,26.000000000,26.250000000,394,22,3,1,UD:1V: BO 2658310
2026-04-23T17:30:29.593303990Z,2026-04-23T17:30:29.146761241Z,1,1,2658310,T,B,0,26.250000000,1,0,13062,407590633,26.000000000,26.250000000,394,21,3,1,UD:1V: BO 2658310
2026-04-23T17:30:29.706515228Z,2026-04-23T17:30:29.215780381Z,1,1,2658310,T,B,0,26.250000000,16,0,12264,407591112,26.000000000,26.250000000,394,20,3,1,UD:1V: BO 2658310
2026-04-23T17:30:30.192147973Z,2026-04-23T17:30:29.605806581Z,1,1,2658310,T,B,0,26.250000000,1,0,16720,407594440,26.000000000,26.250000000,411,4,3,1,UD:1V: BO 2658310
2026-04-23T17:30:30.350390703Z,2026-04-23T17:30:29.772180603Z,1,1,2658310,T,B,0,26.250000000,20,0,13147,407595878,26.000000000,26.250000000,411,3,3,1,UD:1V: BO 2658310
2026-04-23T17:30:30.359247470Z,2026-04-23T17:30:29.792810053Z,1,1,2658310,T,B,0,26.250000000,1,0,12930,407595994,26.000000000,26.250000000,411,56,3,1,UD:1V: BO 2658310
2026-04-23T17:30:30.409659436Z,2026-04-23T17:30:29.870778747Z,1,1,2658310,T,B,0,26.250000000,1,0,11172,407596724,26.000000000,26.250000000,411,55,3,1,UD:1V: BO 2658310
2026-04-23T17:30:30.558717556Z,2026-04-23T17:30:30.000780051Z,1,1,2658310,T,B,0,26.250000000,1,0,12599,407598000,26.000000000,26.250000000,411,54,3,1,UD:1V: BO 2658310
2026-04-23T17:30:30.983719297Z,2026-04-23T17:30:30.365648109Z,1,1,2658310,T,B,0,26.250000000,15,0,14072,407600815,26.000000000,26.250000000,460,53,4,1,UD:1V: BO 2658310
2026-04-23T17:30:31.070450398Z,2026-04-23T17:30:30.492298019Z,1,1,2658310,T,B,0,26.250000000,1,0,13160,407601640,26.000000000,26.250000000,460,38,4,1,UD:1V: BO 2658310
2026-04-23T17:30:31.298745243Z,2026-04-23T17:30:30.645813851Z,1,1,2658310,T,B,0,26.250000000,18,0,14678,407603234,26.000000000,26.250000000,411,37,3,1,UD:1V: BO 2658310
2026-04-23T17:30:32.240134222Z,2026-04-23T17:30:31.585781115Z,1,1,2658310,T,B,0,26.250000000,16,0,18881,407610691,26.000000000,26.250000000,377,19,3,1,UD:1V: BO 2658310
2026-04-23T17:30:32.659860486Z,2026-04-23T17:30:31.790779287Z,1,1,2658310,T,B,0,26.250000000,1,0,16881,407613096,26.000000000,26.250000000,418,3,4,1,UD:1V: BO 2658310
2026-04-23T17:30:32.660232409Z,2026-04-23T17:30:31.790818109Z,1,1,2658310,T,B,0,26.250000000,2,0,10668,407613099,26.000000000,26.250000000,418,2,4,1,UD:1V: BO 2658310
2026-04-23T17:30:32.706775334Z,2026-04-23T17:30:31.813875777Z,1,1,42394753,T,A,0,21.000000000,1,0,12867,1052882738,21.000000000,21.500000000,54,233,2,4,ESM6 P5950
2026-04-23T17:30:33.971506351Z,2026-04-23T17:30:32.700778879Z,1,1,2658310,T,B,0,26.250000000,11,0,13236,407623023,26.000000000,26.250000000,659,31,4,1,UD:1V: BO 2658310
2026-04-23T17:30:34.046203113Z,2026-04-23T17:30:32.800807019Z,1,1,2658310,T,B,0,26.250000000,1,0,15620,407623482,26.000000000,26.250000000,659,20,4,1,UD:1V: BO 2658310
2026-04-23T17:30:34.070337870Z,2026-04-23T17:30:32.811666109Z,1,1,2658310,T,B,0,26.250000000,15,0,13206,407623616,26.000000000,26.250000000,659,19,4,1,UD:1V: BO 2658310
2026-04-23T17:30:34.132892843Z,2026-04-23T17:30:32.878779977Z,1,1,2658310,T,B,0,26.250000000,3,0,13926,407624016,26.000000000,26.250000000,659,4,4,1,UD:1V: BO 2658310
2026-04-23T17:30:34.272379613Z,2026-04-23T17:30:33.114682589Z,1,1,42378373,T,A,0,15.800000000,5,0,16687,1052907789,15.800000000,16.200000000,27,184,1,2,ESM6 P5750
2026-04-23T17:30:35.128212842Z,2026-04-23T17:30:34.255814191Z,1,1,2658310,T,B,0,26.250000000,1,0,16631,407632396,26.000000000,26.250000000,511,1,4,1,UD:1V: BO 2658310
2026-04-23T17:30:35.357189727Z,2026-04-23T17:30:34.486079685Z,1,1,42919948,T,A,0,20.250000000,18,0,17124,1052926604,20.250000000,20.750000000,91,212,1,3,ESM6 P5925
2026-04-23T17:30:40.476429823Z,2026-04-23T17:30:40.432414761Z,1,1,42627610,T,A,0,11.200000000,5,0,13936,1053018067,11.200000000,11.500000000,5,54,1,3,ESM6 C7650
2026-04-23T17:30:47.235761273Z,2026-04-23T17:30:47.235259045Z,1,1,42378618,T,B,0,114.500000000,1,0,13959,1053101932,114.000000000,114.500000000,49,1,6,1,ESM6 P6900
2026-04-23T17:30:58.944932622Z,2026-04-23T17:30:58.680209737Z,1,1,42506289,T,B,0,134.000000000,13,0,17204,1053216911,133.500000000,134.000000000,30,13,1,2,ESU6 P6450
2026-04-23T17:31:00.803548638Z,2026-04-23T17:31:00.740489089Z,1,1,42394619,T,A,0,3.550000000,3,0,13381,1053240595,3.550000000,3.600000000,3,77,1,2,ESM6 P4350
2026-04-23T17:31:10.450746339Z,2026-04-23T17:31:09.524806069Z,1,1,42867406,T,A,0,45.750000000,5,0,16598,1053367545,45.750000000,46.500000000,5,76,1,2,ESM6 C7425
2026-04-23T17:31:10.998748083Z,2026-04-23T17:31:09.995971317Z,1,1,42404370,T,B,0,45.250000000,1,0,12864,1053376122,45.000000000,45.250000000,37,1,1,1,ESM6 P6400
2026-04-23T17:31:12.003695484Z,2026-04-23T17:31:10.646536339Z,1,1,42510079,T,A,0,68.000000000,1,0,12908,1053391559,68.000000000,100.000000000,1,1,1,1,ESM6 C7350
2026-04-23T17:31:15.901669198Z,2026-04-23T17:31:14.665639171Z,1,1,42378449,T,B,0,23.500000000,3,0,12965,1053446509,23.000000000,23.500000000,77,5,2,1,ESM6 P6000
2026-04-23T17:31:17.006704681Z,2026-04-23T17:31:16.114912931Z,1,1,42987642,T,B,0,22.500000000,1,0,13964,1053465966,22.000000000,22.500000000,152,25,3,1,ESM6 P5975
2026-04-23T17:31:19.140629623Z,2026-04-23T17:31:18.738994019Z,1,1,42409666,T,B,0,17.600000000,2,0,15162,1053505852,17.200000000,17.600000000,107,5,2,1,ESM6 P5800
2026-04-23T17:31:20.089038555Z,2026-04-23T17:31:19.747394661Z,1,1,42399655,T,B,0,14.400000000,32,0,15091,1053521468,14.100000000,14.400000000,117,90,1,3,ESM6 P5650
2026-04-23T17:31:20.311773209Z,2026-04-23T17:31:20.093546475Z,1,1,42836579,T,B,0,17.000000000,4,0,11257,1053524852,16.600000000,17.000000000,183,25,3,1,ESM6 P5775
2026-04-23T17:31:21.759841610Z,2026-04-23T17:31:21.260277925Z,1,1,42883304,T,B,0,15.000000000,23,0,11291,1053549868,14.500000000,15.000000000,115,127,1,2,ESM6 P5675
2026-04-23T17:31:22.614290851Z,2026-04-23T17:31:22.341431163Z,1,1,42804679,T,B,0,13.200000000,12,0,13946,1053563282,12.800000000,13.200000000,148,25,2,1,ESM6 P5575
2026-04-23T17:31:23.013665911Z,2026-04-23T17:31:22.729627715Z,1,1,42409658,T,B,0,12.800000000,2,0,14608,1053568713,12.400000000,12.800000000,192,183,3,3,ESM6 P5550
2026-04-23T17:31:52.207808428Z,2026-04-23T17:31:52.207303227Z,1,1,42300184,T,B,0,105.000000000,1,0,16057,1053948029,104.000000000,105.000000000,62,51,6,2,ESM6 P6850
2026-04-23T17:32:17.341090490Z,2026-04-23T17:32:17.302280233Z,1,1,42384724,T,B,0,134.500000000,1,0,14869,1054217553,134.000000000,134.500000000,47,1,7,1,ESM6 C7200
2026-04-23T17:32:35.520581996Z,2026-04-23T17:32:35.475506703Z,1,1,42366510,T,A,0,194.000000000,1,0,14056,1054490312,194.000000000,194.500000000,1,32,1,6,ESM6 C7100
2026-04-23T17:33:14.382318372Z,2026-04-23T17:33:14.095229387Z,1,1,42212203,T,B,0,111.000000000,2,0,16456,1054913058,110.000000000,111.000000000,68,30,7,3,ESM6 C7250
2026-04-23T17:33:15.314875996Z,2026-04-23T17:33:15.286619045Z,1,1,42212203,T,B,0,111.000000000,25,0,16848,1054924874,110.000000000,111.000000000,66,51,6,3,ESM6 C7250
2026-04-23T17:33:33.989507775Z,2026-04-23T17:33:33.961367981Z,1,1,2611957,T,B,0,38.000000000,1,0,14715,408795420,37.250000000,38.000000000,122,97,4,3,UD:1V: VT 2611957
2026-04-23T17:33:51.926641395Z,2026-04-23T17:33:51.554205939Z,1,1,42760607,T,B,0,133.000000000,1,0,15884,1055308686,132.000000000,133.000000000,27,1,3,1,ESM6 P6975
2026-04-23T17:34:12.333653969Z,2026-04-23T17:34:12.197397351Z,1,1,42429065,T,B,0,124.500000000,1,0,12939,1055599414,123.500000000,124.500000000,62,1,7,1,ESM6 P6950
2026-04-23T17:34:20.262090132Z,2026-04-23T17:34:20.261499535Z,1,1,2658544,T,B,0,2.900000000,1,0,16424,409116782,2.750000000,2.900000000,784,768,2,2,UD:1V: VT 2658544
2026-04-23T17:34:47.886415188Z,2026-04-23T17:34:47.681208617Z,1,1,42384307,T,A,0,2.450000000,4,0,13316,1056010482,2.450000000,2.550000000,4,185,1,3,ESM6 P4000
2026-04-23T17:34:50.967181662Z,2026-04-23T17:34:50.917826417Z,1,1,42384724,T,A,0,138.000000000,1,0,14615,1056048871,138.000000000,139.000000000,29,15,5,3,ESM6 C7200
2026-04-23T17:34:52.129984755Z,2026-04-23T17:34:52.106560299Z,1,1,42853785,T,B,0,10.500000000,1,0,11398,1056059590,10.400000000,10.500000000,46,1,3,1,ESM6 P5425
2026-04-23T17:34:58.523698102Z,2026-04-23T17:34:58.167447875Z,1,1,42384725,T,A,0,55.000000000,1,0,12672,1056152289,55.000000000,55.500000000,1,155,1,7,ESM6 C7400
2026-04-23T17:35:00.913727675Z,2026-04-23T17:35:00.850950313Z,1,1,42378374,T,B,0,208.000000000,2,0,13597,1056177208,207.500000000,208.000000000,10,2,3,1,ESM6 P7200
2026-04-23T17:35:03.791566950Z,2026-04-23T17:35:02.946995177Z,1,1,42394753,T,A,0,20.250000000,14,0,12176,1056224722,20.250000000,21.000000000,185,283,4,5,ESM6 P5950
2026-04-23T17:35:04.617033943Z,2026-04-23T17:35:03.816123647Z,1,1,42300184,T,B,0,100.000000000,1,0,14299,1056237085,99.750000000,100.000000000,6,1,2,1,ESM6 P6850
2026-04-23T17:35:04.622078135Z,2026-04-23T17:35:03.834267913Z,1,1,42629927,T,A,0,23.250000000,2,0,12983,1056237176,23.250000000,24.000000000,26,205,2,5,ESM6 P6040
2026-04-23T17:35:13.797746902Z,2026-04-23T17:35:13.612789657Z,1,1,42429065,T,A,0,121.500000000,1,0,13811,1056382806,121.500000000,123.000000000,4,8,1,3,ESM6 P6950
2026-04-23T17:35:19.982358191Z,2026-04-23T17:35:19.963778883Z,1,1,2658572,T,A,0,30.500000000,4,0,15116,409541752,30.500000000,,4,0,1,0,UD:1V: RR 2658572
2026-04-23T17:35:22.957169974Z,2026-04-23T17:35:22.062015001Z,1,1,42384725,T,A,0,54.500000000,13,0,14511,1056493604,54.500000000,55.250000000,14,74,1,5,ESM6 C7400
2026-04-23T17:35:45.606155564Z,2026-04-23T17:35:45.291031781Z,1,1,42420172,T,A,0,63.250000000,1,0,17115,1056751153,63.250000000,64.250000000,1,72,1,3,ESZ6 C8100
2026-04-23T17:36:12.222861107Z,2026-04-23T17:36:12.074373107Z,1,1,42760624,T,B,0,106.500000000,5,0,16329,1057037050,106.000000000,106.500000000,108,5,5,1,ESM6 P6875
2026-04-23T17:36:31.658395318Z,2026-04-23T17:36:31.642772897Z,1,1,42399646,T,A,0,8.200000000,1,0,12950,1057260893,8.200000000,8.300000000,1,22,1,2,ESM6 C7700
2026-04-23T17:36:44.774197334Z,2026-04-23T17:36:41.958300107Z,1,1,2641178,T,B,0,29.000000000,1,0,11951,410105823,27.750000000,29.000000000,11,1,1,1,UD:1V: DB 2641178
2026-04-23T17:36:44.782984257Z,2026-04-23T17:36:41.958439155Z,1,1,42366523,T,B,0,171.500000000,9,0,13794,1057423985,169.000000000,171.500000000,43,9,2,1,ESM6 P7100
2026-04-23T17:36:50.463148398Z,2026-04-23T17:36:48.125018693Z,1,1,42378373,T,B,0,16.100000000,13,0,16561,1057497214,15.800000000,16.100000000,226,21,2,1,ESM6 P5750
2026-04-23T17:36:52.611479236Z,2026-04-23T17:36:49.768167757Z,1,1,42378541,T,B,0,38.000000000,1,0,12983,1057533035,37.250000000,38.000000000,5,2,1,2,ESM6 P6300
2026-04-23T17:36:52.634622229Z,2026-04-23T17:36:49.789258411Z,1,1,42378541,T,B,0,38.000000000,1,0,14492,1057533319,37.250000000,38.000000000,5,1,1,1,ESM6 P6300
2026-04-23T17:36:55.015201842Z,2026-04-23T17:36:53.084793773Z,1,1,42366512,T,B,0,15.600000000,67,0,13695,1057569692,15.000000000,15.600000000,233,185,2,2,ESM6 P5700
2026-04-23T17:36:56.533615078Z,2026-04-23T17:36:54.835045825Z,1,1,547283,T,B,0,54.250000000,3,0,12682,1057589878,53.750000000,54.250000000,63,3,2,1,ESZ6 P5000
2026-04-23T17:37:04.156361910Z,2026-04-23T17:37:03.842509769Z,1,1,2658572,T,B,0,13.500000000,4,0,13303,410274691,,13.500000000,0,4,0,1,UD:1V: RR 2658572
2026-04-23T17:38:04.151626084Z,2026-04-23T17:38:04.151049727Z,1,1,2517015,T,B,0,32.750000000,1,0,11429,410693050,32.500000000,32.750000000,111,225,3,1,UD:1V: VT 2517015
2026-04-23T17:38:07.756568455Z,2026-04-23T17:38:07.383089555Z,1,1,2517015,T,B,0,32.750000000,39,0,14741,410720349,32.500000000,32.750000000,157,230,4,1,UD:1V: VT 2517015
2026-04-23T17:38:25.765229755Z,2026-04-23T17:38:24.977111017Z,1,1,42804682,T,B,0,91.500000000,11,0,17768,1058826855,91.250000000,91.500000000,27,15,1,2,ESM6 P6775
2026-04-23T17:38:41.459998319Z,2026-04-23T17:38:41.438435773Z,1,1,42404370,T,B,0,45.750000000,1,0,16219,1059038526,45.500000000,45.750000000,75,1,3,1,ESM6 P6400
2026-04-23T17:38:42.422553145Z,2026-04-23T17:38:42.349124077Z,1,1,2694886,T,B,0,34.250000000,66,0,17103,410957835,34.000000000,34.250000000,181,66,3,1,UD:1V: VT 2694886
2026-04-23T17:38:49.473470660Z,2026-04-23T17:38:48.726751803Z,1,1,42903306,T,B,0,59.500000000,5,0,15745,1059147793,59.000000000,59.500000000,27,5,1,1,ESM6 C7375
2026-04-23T17:38:50.085574895Z,2026-04-23T17:38:48.990583267Z,1,1,42378346,T,B,0,29.000000000,10,0,13313,1059156621,28.500000000,29.000000000,98,10,5,1,ESM6 C7500
2026-04-23T17:39:15.089663375Z,2026-04-23T17:39:14.901830453Z,1,1,42087841,T,A,0,356.500000000,2,0,15346,1059467894,356.500000000,357.500000000,2,32,1,2,ESZ6 P7100
2026-04-23T17:39:28.117237367Z,2026-04-23T17:39:27.204977659Z,1,1,42760607,T,B,0,136.000000000,10,0,13852,1059636516,135.500000000,136.000000000,25,10,3,1,ESM6 P6975
2026-04-23T17:39:31.548676889Z,2026-04-23T17:39:31.547991049Z,1,1,2641178,T,B,0,30.000000000,1,0,13129,411284271,29.250000000,30.000000000,85,1,2,1,UD:1V: DB 2641178
2026-04-23T17:39:35.076654670Z,2026-04-23T17:39:34.743666389Z,1,1,2658805,T,B,0,-3.700000000,2,0,12837,411304954,-4.400000000,-3.700000000,38,5,1,1,UD:1V: 12 2658805
2026-04-23T17:39:51.376114462Z,2026-04-23T17:39:51.310822887Z,1,1,42378592,T,A,0,55.000000000,1,0,16645,1059903261,55.000000000,55.500000000,1,10,1,4,ESM6 P6500
2026-04-23T17:40:13.476771886Z,2026-04-23T17:40:13.366437723Z,1,1,42416106,T,A,0,38.750000000,5,0,13619,1060186980,38.750000000,39.250000000,5,144,1,6,ESM6 C7450
2026-04-23T17:40:17.319368566Z,2026-04-23T17:40:16.815627011Z,1,1,2694960,T,A,0,434.000000000,1,0,13855,411581588,434.000000000,435.500000000,1,76,1,1,UD:1V: VT 2694960
2026-04-23T17:40:18.457883667Z,2026-04-23T17:40:17.916592219Z,1,1,42404370,T,B,0,46.500000000,1,0,13175,1060267484,46.250000000,46.500000000,89,1,4,1,ESM6 P6400
2026-04-23T17:40:18.515432861Z,2026-04-23T17:40:17.918606885Z,1,1,42439347,T,B,0,83.000000000,1,0,11853,1060268467,82.250000000,83.000000000,37,1,1,1,ESU6 P6000
2026-04-23T17:40:23.097660281Z,2026-04-23T17:40:21.724988829Z,1,1,2694960,T,A,0,434.000000000,1,0,14197,411631451,434.000000000,435.500000000,1,76,1,1,UD:1V: VT 2694960
2026-04-23T17:40:23.515229905Z,2026-04-23T17:40:22.158353373Z,1,1,42853782,T,A,0,173.000000000,2,0,12917,1060339540,173.000000000,173.500000000,2,4,1,1,ESM6 C7125
2026-04-23T17:40:37.836058631Z,2026-04-23T17:40:37.590785647Z,1,1,42404370,T,B,0,47.000000000,1,0,15668,1060558956,46.500000000,47.000000000,109,1,5,1,ESM6 P6400
2026-04-23T17:40:41.967101359Z,2026-04-23T17:40:41.345671935Z,1,1,2517015,T,B,0,33.500000000,5,0,15517,411793535,33.250000000,33.500000000,149,5,4,1,UD:1V: VT 2517015
2026-04-23T17:40:48.250967246Z,2026-04-23T17:40:48.096283121Z,1,1,42384725,T,B,0,51.000000000,4,0,16618,1060706550,50.500000000,51.000000000,11,8,4,1,ESM6 C7400
2026-04-23T17:40:57.152031728Z,2026-04-23T17:40:57.151466089Z,1,1,2646405,T,A,0,48.750000000,1,0,17956,411908923,48.750000000,49.000000000,5,363,1,6,UD:1V: VT 2646405
2026-04-23T17:41:04.307911357Z,2026-04-23T17:41:04.231865741Z,1,1,2517015,T,B,0,33.500000000,5,0,13381,411952628,33.250000000,33.500000000,421,5,6,1,UD:1V: VT 2517015
2026-04-23T17:41:10.226917469Z,2026-04-23T17:41:09.645048305Z,1,1,42413475,T,B,0,123.000000000,1,0,13479,1060982377,122.500000000,123.000000000,9,1,1,1,ESU6 P6350
2026-04-23T17:41:10.904907086Z,2026-04-23T17:41:09.915314029Z,1,1,2612329,T,B,0,6.200000000,2,0,14772,412001212,6.000000000,6.200000000,908,2,4,1,UD:1V: VT 2612329
2026-04-23T17:41:11.075227643Z,2026-04-23T17:41:09.919030979Z,1,1,2694960,T,A,0,433.500000000,1,0,21952,412003157,433.500000000,435.500000000,1,76,1,1,UD:1V: VT 2694960
2026-04-23T17:41:11.079412755Z,2026-04-23T17:41:09.919041595Z,1,1,42404370,T,B,0,47.500000000,1,0,11670,1060997015,47.000000000,47.500000000,2,1,1,1,ESM6 P6400
2026-04-23T17:41:11.465932854Z,2026-04-23T17:41:10.116291739Z,1,1,2560584,T,B,0,54.000000000,2,0,14673,412007066,47.250000000,54.000000000,67,2,1,1,UD:1V: VT 2560584
2026-04-23T17:41:11.954806585Z,2026-04-23T17:41:10.678808517Z,1,1,695462,T,B,0,5.900000000,1,0,18006,1061010617,5.800000000,5.900000000,168,1,1,1,ESZ6 P2300
2026-04-23T17:41:14.826408718Z,2026-04-23T17:41:13.259199355Z,1,1,2658551,T,B,0,63.500000000,1,0,13361,412037643,52.500000000,63.500000000,99,1,1,1,UD:1V: 23 2658551
2026-04-23T17:41:19.948583255Z,2026-04-23T17:41:18.592422165Z,1,1,42458390,T,B,0,181.500000000,1,0,13753,1061133686,180.500000000,181.500000000,20,1,3,1,ESU6 P6700
2026-04-23T17:41:20.720172857Z,2026-04-23T17:41:19.440497397Z,1,1,2694960,T,A,0,433.500000000,1,0,14254,412087086,433.500000000,435.000000000,1,81,1,1,UD:1V: VT 2694960
2026-04-23T17:41:23.811155926Z,2026-04-23T17:41:22.625684329Z,1,1,42378592,T,B,0,57.750000000,11,0,16018,1061197188,57.250000000,57.750000000,61,11,3,1,ESM6 P6500
2026-04-23T17:41:23.815492308Z,2026-04-23T17:41:22.627394039Z,1,1,42404370,T,B,0,48.000000000,1,0,10527,1061197276,47.750000000,48.000000000,61,1,2,1,ESM6 P6400
2026-04-23T17:41:23.871077465Z,2026-04-23T17:41:22.664840683Z,1,1,42760625,T,B,0,60.500000000,5,0,15668,1061198458,59.750000000,60.500000000,2,5,1,1,ESM6 P6525
2026-04-23T17:41:26.734060555Z,2026-04-23T17:41:25.775901063Z,1,1,42378592,T,A,0,57.750000000,1,0,12311,1061245987,57.750000000,58.250000000,1,5,1,1,ESM6 P6500
2026-04-23T17:41:26.775770764Z,2026-04-23T17:41:25.845036245Z,1,1,2588916,T,B,0,32.000000000,5,0,12578,412149649,31.750000000,32.000000000,5,221,1,1,UD:1V: VT 2588916
2026-04-23T17:41:28.520935430Z,2026-04-23T17:41:28.120703653Z,1,1,2694960,T,A,0,433.000000000,1,0,14506,412167114,433.000000000,435.000000000,1,81,1,1,UD:1V: VT 2694960
2026-04-23T17:41:31.505513931Z,2026-04-23T17:41:31.321811895Z,1,1,2517015,T,B,0,34.000000000,5,0,13795,412194671,33.750000000,34.000000000,170,5,4,1,UD:1V: VT 2517015
2026-04-23T17:41:32.162523259Z,2026-04-23T17:41:31.666284329Z,1,1,2638424,T,B,0,66.000000000,1,0,14145,412200900,65.250000000,66.000000000,63,1,1,1,UD:1V: VT 2638424
2026-04-23T17:41:32.823830122Z,2026-04-23T17:41:32.255835383Z,1,1,42404370,T,B,0,48.500000000,1,0,16751,1061346437,48.000000000,48.500000000,46,1,2,1,ESM6 P6400
2026-04-23T17:41:34.535336790Z,2026-04-23T17:41:34.304055545Z,1,1,2611957,T,B,0,36.000000000,1,0,14379,412224058,35.000000000,36.000000000,20,57,1,2,UD:1V: VT 2611957
2026-04-23T17:41:41.079710420Z,2026-04-23T17:41:41.072746719Z,1,1,42384725,T,B,0,50.000000000,10,0,14397,1061480460,49.250000000,50.000000000,97,36,6,3,ESM6 C7400
2026-04-23T17:41:43.603177512Z,2026-04-23T17:41:43.598758603Z,1,1,2654316,T,B,0,90.000000000,1,0,13100,412302419,88.750000000,90.000000000,54,1,3,1,UD:1V: IC 2654316
2026-04-23T17:41:51.713447100Z,2026-04-23T17:41:51.712889771Z,1,1,2658909,T,A,0,51.750000000,1,0,13607,412362788,51.750000000,52.000000000,1,147,1,5,UD:1V: VT 2658909
2026-04-23T17:41:54.339484524Z,2026-04-23T17:41:53.786986037Z,1,1,2517015,T,A,0,34.000000000,5,0,13669,412380390,34.000000000,34.250000000,39,370,1,5,UD:1V: VT 2517015
2026-04-23T17:42:06.758135979Z,2026-04-23T17:42:05.544162897Z,1,1,42404370,T,B,0,49.000000000,1,0,16309,1061817693,48.750000000,49.000000000,85,1,3,1,ESM6 P6400
2026-04-23T17:42:09.605689308Z,2026-04-23T17:42:08.176207183Z,1,1,42836579,T,B,0,18.300000000,1,0,12601,1061865027,18.000000000,18.300000000,100,1,1,1,ESM6 P5775
2026-04-23T17:42:10.309510407Z,2026-04-23T17:42:08.837558323Z,1,1,695462,T,B,0,6.000000000,1,0,13366,1061876827,5.900000000,6.000000000,168,1,1,1,ESZ6 P2300
2026-04-23T17:42:11.082661419Z,2026-04-23T17:42:09.530621429Z,1,1,42404370,T,B,0,49.500000000,1,0,11649,1061889663,49.250000000,49.500000000,35,1,1,1,ESM6 P6400
2026-04-23T17:42:14.142977339Z,2026-04-23T17:42:12.340728319Z,1,1,2651678,T,A,0,713.000000000,2,0,16629,412539288,713.000000000,716.000000000,2,7,1,1,UD:1V: GN 2651678
2026-04-23T17:42:14.522347407Z,2026-04-23T17:42:12.733167685Z,1,1,2642980,T,A,0,32.000000000,20,0,14097,412542719,32.000000000,33.750000000,20,33,1,1,UD:1V:C12 2642980
2026-04-23T17:42:16.423179857Z,2026-04-23T17:42:14.396326541Z,1,1,42404370,T,B,0,50.000000000,6,0,15432,1061970538,49.500000000,50.000000000,34,6,1,2,ESM6 P6400
2026-04-23T17:42:16.569741572Z,2026-04-23T17:42:14.592142523Z,1,1,2637107,T,A,0,334.000000000,1,0,13248,412558655,334.000000000,336.000000000,1,48,1,1,UD:1V: GN 2637107
2026-04-23T17:42:18.604198969Z,2026-04-23T17:42:16.919975421Z,1,1,2612168,T,B,0,-62.000000000,3,0,13767,412577913,-64.000000000,-62.000000000,135,3,3,1,UD:1V: GN 2612168
2026-04-23T17:42:23.329427474Z,2026-04-23T17:42:22.075241985Z,1,1,42087841,T,A,0,365.500000000,2,0,13963,1062083788,365.500000000,368.000000000,2,14,1,1,ESZ6 P7100
2026-04-23T17:42:29.266505755Z,2026-04-23T17:42:26.338226751Z,1,1,42300184,T,B,0,113.000000000,1,0,13353,1062163029,111.000000000,113.000000000,8,24,1,1,ESM6 P6850
2026-04-23T17:42:32.169682468Z,2026-04-23T17:42:29.446551449Z,1,1,42404370,T,A,0,48.500000000,1,0,11432,1062198733,48.500000000,50.500000000,1,6,1,2,ESM6 P6400
2026-04-23T17:42:33.335388030Z,2026-04-23T17:42:30.840393657Z,1,1,42404370,T,A,0,49.500000000,1,0,14327,1062216413,49.500000000,50.500000000,1,3,1,2,ESM6 P6400
2026-04-23T17:42:33.693151131Z,2026-04-23T17:42:31.310582291Z,1,1,42404370,T,A,0,48.500000000,1,0,11379,1062222472,48.500000000,49.250000000,1,2,1,1,ESM6 P6400
2026-04-23T17:42:34.632042115Z,2026-04-23T17:42:32.575418559Z,1,1,42429065,T,A,0,138.000000000,1,0,11812,1062232941,138.000000000,144.500000000,1,70,1,2,ESM6 P6950
2026-04-23T17:42:45.168302785Z,2026-04-23T17:42:44.607670803Z,1,1,42378346,T,A,0,28.000000000,1,0,13649,1062397083,28.000000000,28.750000000,1,120,1,5,ESM6 C7500
2026-04-23T17:43:00.987525291Z,2026-04-23T17:43:00.015319115Z,1,1,42760624,T,B,0,119.500000000,1,0,12956,1062642968,117.500000000,119.500000000,30,13,3,3,ESM6 P6875
2026-04-23T17:43:09.549375715Z,2026-04-23T17:43:09.228108413Z,1,1,2659038,T,B,0,12.400000000,2,0,11331,413015096,12.200000000,12.400000000,490,2,5,1,UD:1V: VT 2659038
2026-04-23T17:43:50.752108392Z,2026-04-23T17:43:50.743927437Z,1,1,42394812,T,A,0,104.000000000,5,0,17048,1063368774,104.000000000,104.500000000,5,113,1,9,ESM6 P6800
2026-04-23T17:44:08.878042857Z,2026-04-23T17:44:08.472538123Z,1,1,42404370,T,B,0,50.000000000,1,0,11291,1063628078,49.500000000,50.000000000,62,1,4,1,ESM6 P6400
2026-04-23T17:44:15.916833213Z,2026-04-23T17:44:15.584693709Z,1,1,42378541,T,B,0,42.000000000,1,0,15976,1063731463,41.750000000,42.000000000,41,1,1,1,ESM6 P6300
2026-04-23T17:44:17.521034587Z,2026-04-23T17:44:17.340604555Z,1,1,42499829,T,B,0,153.000000000,1,0,15133,1063760254,152.000000000,153.000000000,5,1,2,1,ESM6 C7150
2026-04-23T17:44:17.881106096Z,2026-04-23T17:44:17.622665725Z,1,1,42384779,T,B,0,72.500000000,47,0,15212,1063766390,71.500000000,72.500000000,18,47,1,4,ESM6 P6600
2026-04-23T17:44:17.982449043Z,2026-04-23T17:44:17.750089691Z,1,1,42384779,T,A,0,72.500000000,1,0,14109,1063768440,72.500000000,72.750000000,3,72,1,2,ESM6 P6600
2026-04-23T17:44:18.036822844Z,2026-04-23T17:44:17.842692079Z,1,1,42384779,T,A,0,72.500000000,2,0,13130,1063769326,72.500000000,72.750000000,2,70,1,1,ESM6 P6600
2026-04-23T17:44:22.564408799Z,2026-04-23T17:44:22.379074405Z,1,1,42394731,T,B,0,7.500000000,9,0,13017,1063835325,7.400000000,7.500000000,176,9,2,1,ESM6 P5000
2026-04-23T17:44:25.720412527Z,2026-04-23T17:44:25.565095895Z,1,1,42377432,T,B,0,107.500000000,7,0,12013,1063877875,106.500000000,107.500000000,49,7,3,1,ESU6 P6200
2026-04-23T17:44:26.324006855Z,2026-04-23T17:44:26.009122181Z,1,1,2560584,T,B,0,56.500000000,2,0,11322,413566782,56.250000000,56.500000000,64,2,1,1,UD:1V: VT 2560584
2026-04-23T17:44:26.349280649Z,2026-04-23T17:44:26.009142705Z,1,1,42404370,T,B,0,50.250000000,1,0,11583,1063886734,50.000000000,50.250000000,54,1,3,1,ESM6 P6400
2026-04-23T17:44:26.356709068Z,2026-04-23T17:44:26.009147065Z,1,1,2640494,T,A,0,2.550000000,1,0,13283,413567051,2.550000000,2.850000000,1,136,1,2,UD:1V: GN 2640494
2026-04-23T17:44:28.572369943Z,2026-04-23T17:44:27.626896497Z,1,1,2638085,T,A,0,36.500000000,1,0,14544,413582614,36.500000000,36.750000000,1,349,1,3,UD:1V: VT 2638085
2026-04-23T17:44:29.190175715Z,2026-04-23T17:44:28.354437227Z,1,1,42404370,T,B,0,50.500000000,1,0,11417,1063928179,50.250000000,50.500000000,34,1,1,1,ESM6 P6400
2026-04-23T17:44:35.128194748Z,2026-04-23T17:44:34.979317785Z,1,1,42378449,T,B,0,26.000000000,1,0,11645,1064020983,25.500000000,26.000000000,87,1,3,1,ESM6 P6000
2026-04-23T17:44:39.253035311Z,2026-04-23T17:44:39.187396737Z,1,1,539869,T,B,0,137.500000000,2,0,11154,1064074792,137.000000000,137.500000000,59,2,2,1,ESZ6 P6000
2026-04-23T17:44:55.473123657Z,2026-04-23T17:44:54.586989173Z,1,1,42384726,T,A,0,13.000000000,3,0,16132,1064292864,13.000000000,13.500000000,3,79,1,1,ESM6 P5500
2026-04-23T17:45:03.788417207Z,2026-04-23T17:45:03.415566325Z,1,1,42487843,T,A,0,208.500000000,1,0,15400,1064413402,208.500000000,210.500000000,28,8,4,3,ESM6 P7150
2026-04-23T17:45:11.800343591Z,2026-04-23T17:45:11.644935617Z,1,1,2517015,T,B,0,34.750000000,5,0,14867,413894827,34.500000000,34.750000000,194,5,4,1,UD:1V: VT 2517015
2026-04-23T17:45:16.280863377Z,2026-04-23T17:45:16.273843499Z,1,1,2517015,T,A,0,34.750000000,5,0,14188,413933373,34.750000000,35.000000000,39,360,1,4,UD:1V: VT 2517015
2026-04-23T17:45:21.431110471Z,2026-04-23T17:45:21.205896809Z,1,1,42404370,T,B,0,50.750000000,5,0,15710,1064699431,50.250000000,50.750000000,76,6,5,2,ESM6 P6400
2026-04-23T17:45:21.453811505Z,2026-04-23T17:45:21.207550461Z,1,1,2646405,T,A,0,47.750000000,5,0,15953,413975582,47.750000000,48.000000000,5,219,1,4,UD:1V: VT 2646405
2026-04-23T17:45:21.469304158Z,2026-04-23T17:45:21.216599907Z,1,1,42404374,T,B,0,155.000000000,1,0,14727,1064700112,154.500000000,155.000000000,12,1,4,1,ESM6 P7000
2026-04-23T17:45:21.607434598Z,2026-04-23T17:45:21.378907483Z,1,1,2659242,T,B,0,113.500000000,2,0,13619,413977590,111.000000000,113.500000000,98,98,1,1,UD:1V: VT 2659242
2026-04-23T17:45:26.878487289Z,2026-04-23T17:45:25.690828679Z,1,1,42404374,T,B,0,155.500000000,4,0,14147,1064769645,154.500000000,155.500000000,57,5,2,1,ESM6 P7000
2026-04-23T17:45:26.881842065Z,2026-04-23T17:45:25.691632745Z,1,1,42404370,T,B,0,51.000000000,1,0,14232,1064769693,50.000000000,51.000000000,106,1,6,1,ESM6 P6400
2026-04-23T17:45:26.900499346Z,2026-04-23T17:45:25.694110997Z,1,1,42439351,T,B,0,150.000000000,25,0,13671,1064770086,149.000000000,150.000000000,28,25,1,1,ESU6 P6500
2026-04-23T17:45:26.911593679Z,2026-04-23T17:45:25.694816587Z,1,1,42404374,T,B,0,155.500000000,1,0,11510,1064770283,154.500000000,155.500000000,57,1,2,1,ESM6 P7000
2026-04-23T17:45:27.822093116Z,2026-04-23T17:45:26.583431381Z,1,1,2517015,T,B,0,35.000000000,5,0,16161,414019387,34.750000000,35.000000000,5,5,1,1,UD:1V: VT 2517015
2026-04-23T17:45:28.624712748Z,2026-04-23T17:45:27.132057687Z,1,1,2612634,T,B,0,3.700000000,5,0,14091,414026244,3.550000000,3.700000000,316,5,3,1,UD:1V: VT 2612634
2026-04-23T17:45:29.190890121Z,2026-04-23T17:45:27.178035291Z,1,1,42394731,T,B,0,7.600000000,9,0,11345,1064806564,7.200000000,7.600000000,16,9,1,1,ESM6 P5000
2026-04-23T17:45:29.272516569Z,2026-04-23T17:45:27.208421923Z,1,1,42404370,T,B,0,51.250000000,1,0,13357,1064807624,50.000000000,51.250000000,1,1,1,1,ESM6 P6400
2026-04-23T17:45:29.814470510Z,2026-04-23T17:45:27.765032677Z,1,1,2637107,T,A,0,334.000000000,1,0,13130,414038900,334.000000000,336.000000000,1,48,1,1,UD:1V: GN 2637107
2026-04-23T17:45:32.320373878Z,2026-04-23T17:45:30.340365651Z,1,1,42404370,T,B,0,51.500000000,1,0,11241,1064854782,51.000000000,51.500000000,33,1,1,1,ESM6 P6400
2026-04-23T17:45:36.278417621Z,2026-04-23T17:45:35.825860811Z,1,1,42446245,T,B,0,174.000000000,6,0,13964,1064918118,173.000000000,174.000000000,17,6,1,1,ESM6 P7050
2026-04-23T17:45:38.992827944Z,2026-04-23T17:45:38.992307897Z,1,1,2639295,T,B,0,363.000000000,1,0,16348,414116832,361.000000000,363.000000000,87,1,2,1,UD:1V: ST 2639295
2026-04-23T17:45:46.490565858Z,2026-04-23T17:45:46.490095917Z,1,1,42384726,T,A,0,13.100000000,1,0,18019,1065067537,13.100000000,13.500000000,57,181,3,4,ESM6 P5500
2026-04-23T17:45:46.732392022Z,2026-04-23T17:45:46.656907661Z,1,1,695462,T,B,0,6.100000000,1,0,12849,1065070423,5.900000000,6.100000000,189,1,2,1,ESZ6 P2300
2026-04-23T17:45:52.020399381Z,2026-04-23T17:45:51.236619715Z,1,1,42384726,T,A,0,13.200000000,1,0,14027,1065148776,13.200000000,13.500000000,1,181,1,4,ESM6 P5500
2026-04-23T17:45:58.542023435Z,2026-04-23T17:45:57.033601779Z,1,1,42404370,T,A,0,51.000000000,1,0,14618,1065253831,51.000000000,51.500000000,1,33,1,1,ESM6 P6400
2026-04-23T17:46:00.546528137Z,2026-04-23T17:45:58.745821965Z,1,1,42384726,T,A,0,13.100000000,2,0,14932,1065285461,13.100000000,13.400000000,2,226,1,3,ESM6 P5500
2026-04-23T17:46:29.421677398Z,2026-04-23T17:46:28.882040349Z,1,1,2659217,T,B,0,97.000000000,1,0,13927,414517606,95.750000000,97.000000000,3,1,2,1,UD:1V: SG 2659217
2026-04-23T17:46:31.547367194Z,2026-04-23T17:46:31.159984209Z,1,1,42510079,T,A,0,62.500000000,1,0,12827,1065773398,62.500000000,62.750000000,1,29,1,3,ESM6 C7350
2026-04-23T17:46:31.897054242Z,2026-04-23T17:46:31.765607415Z,1,1,2611957,T,B,0,34.000000000,1,0,17071,414539902,33.250000000,34.000000000,26,63,1,1,UD:1V: VT 2611957
2026-04-23T17:46:41.762521516Z,2026-04-23T17:46:40.214835479Z,1,1,42404374,T,B,0,157.500000000,5,0,11435,1065926108,157.000000000,157.500000000,19,5,1,1,ESM6 P7000
2026-04-23T17:46:44.038170446Z,2026-04-23T17:46:41.818797009Z,1,1,42404370,T,B,0,51.750000000,1,0,17484,1065961686,51.250000000,51.750000000,111,1,4,1,ESM6 P6400
2026-04-23T17:46:44.038170446Z,2026-04-23T17:46:41.818797009Z,1,1,42404370,T,B,0,52.000000000,1,0,17484,1065961686,51.250000000,51.750000000,111,1,4,1,ESM6 P6400
2026-04-23T17:46:44.828840547Z,2026-04-23T17:46:42.576094285Z,1,1,42378449,T,A,0,26.000000000,1,0,12694,1065972975,26.000000000,27.250000000,2,77,1,3,ESM6 P6000
2026-04-23T17:46:45.113447278Z,2026-04-23T17:46:42.908960579Z,1,1,42399706,T,B,0,89.750000000,1,0,13563,1065977727,89.500000000,89.750000000,28,1,1,1,ESM6 P6700
2026-04-23T17:46:48.638998403Z,2026-04-23T17:46:46.703924915Z,1,1,42404370,T,B,0,52.250000000,1,0,14678,1066035289,50.000000000,52.250000000,1,1,1,1,ESM6 P6400
2026-04-23T17:46:49.371330345Z,2026-04-23T17:46:47.626210615Z,1,1,42399706,T,B,0,90.000000000,5,0,11379,1066043131,89.000000000,90.000000000,27,10,2,1,ESM6 P6700
2026-04-23T17:46:49.420627681Z,2026-04-23T17:46:47.729739957Z,1,1,42399706,T,B,0,90.000000000,5,0,13781,1066043594,89.000000000,90.000000000,27,5,2,1,ESM6 P6700
2026-04-23T17:46:50.461438713Z,2026-04-23T17:46:48.581998547Z,1,1,42394731,T,B,0,7.700000000,9,0,11767,1066053472,7.600000000,7.700000000,151,9,1,1,ESM6 P5000
2026-04-23T17:46:52.923668725Z,2026-04-23T17:46:52.073844437Z,1,1,42404370,T,B,0,52.500000000,1,0,14634,1066089255,52.250000000,52.500000000,33,1,1,1,ESM6 P6400
2026-04-23T17:47:00.512581156Z,2026-04-23T17:47:00.512015905Z,1,1,2659399,T,B,0,9.400000000,1,0,12852,414781975,9.300000000,9.400000000,25,1,1,1,UD:1V: VT 2659399
2026-04-23T17:47:05.638542137Z,2026-04-23T17:47:05.202034041Z,1,1,695462,T,B,0,6.200000000,1,0,12985,1066285494,6.000000000,6.200000000,185,1,2,1,ESZ6 P2300
2026-04-23T17:47:06.673483961Z,2026-04-23T17:47:06.187565277Z,1,1,42883306,T,A,0,204.500000000,5,0,16291,1066303044,204.500000000,205.500000000,5,3,1,1,ESM6 P7125
2026-04-23T17:47:09.941853596Z,2026-04-23T17:47:09.598129873Z,1,1,2642980,T,A,0,32.000000000,20,0,16719,414858606,32.000000000,55.750000000,20,124,1,1,UD:1V:C12 2642980
2026-04-23T17:47:13.073510735Z,2026-04-23T17:47:12.712252565Z,1,1,42366523,T,B,0,195.000000000,1,0,14509,1066403745,194.000000000,195.000000000,27,1,4,1,ESM6 P7100
2026-04-23T17:47:14.483129631Z,2026-04-23T17:47:14.427619719Z,1,1,42450009,T,A,0,356.000000000,1,0,16021,1066419714,356.000000000,358.000000000,18,18,1,1,ESZ6 P7050
2026-04-23T17:47:14.490094529Z,2026-04-23T17:47:14.427625163Z,1,1,42450009,T,A,0,356.000000000,17,0,17761,1066419719,356.000000000,358.000000000,17,18,1,1,ESZ6 P7050
2026-04-23T17:47:20.262900471Z,2026-04-23T17:47:19.804097669Z,1,1,2651561,T,B,0,7.500000000,23,0,15127,414936649,7.300000000,7.500000000,283,33,2,1,UD:1V: BO 2651561
2026-04-23T17:47:20.519852295Z,2026-04-23T17:47:20.262904043Z,1,1,2651561,T,B,0,7.500000000,10,0,13463,414939323,7.300000000,7.500000000,225,10,1,1,UD:1V: BO 2651561
2026-04-23T17:47:26.199690867Z,2026-04-23T17:47:26.095111647Z,1,1,2659433,T,A,0,-32.000000000,2,0,13785,414975222,-32.000000000,-31.250000000,2,19,1,1,UD:1V: 12 2659433
2026-04-23T17:47:28.049058226Z,2026-04-23T17:47:27.916779109Z,1,1,42506298,T,A,0,264.000000000,1,0,15861,1066619100,264.000000000,265.000000000,1,19,1,1,ESU6 P7000
2026-04-23T17:47:34.136090554Z,2026-04-23T17:47:32.823913711Z,1,1,42404370,T,A,0,52.000000000,1,0,12874,1066716236,52.000000000,52.500000000,1,32,1,1,ESM6 P6400
2026-04-23T17:47:34.825021129Z,2026-04-23T17:47:33.213753921Z,1,1,42413476,T,A,0,135.500000000,1,0,18141,1066725377,135.500000000,137.000000000,1,1,1,1,ESU6 P6400
2026-04-23T17:47:38.087261151Z,2026-04-23T17:47:34.997901913Z,1,1,42404370,T,A,0,51.000000000,1,0,15368,1066764531,51.000000000,52.750000000,2,1,2,1,ESM6 P6400
2026-04-23T17:47:38.210237564Z,2026-04-23T17:47:35.027534369Z,1,1,42384726,T,A,0,13.300000000,1,0,14722,1066766026,13.300000000,13.400000000,3,123,1,1,ESM6 P5500
2026-04-23T17:47:38.211124756Z,2026-04-23T17:47:35.027618825Z,1,1,42384726,T,A,0,13.300000000,1,0,13562,1066766036,13.300000000,13.400000000,2,123,1,1,ESM6 P5500
2026-04-23T17:47:38.301171732Z,2026-04-23T17:47:35.104700983Z,1,1,42384726,T,A,0,13.300000000,1,0,11581,1066767246,13.300000000,13.400000000,1,123,1,1,ESM6 P5500
2026-04-23T17:47:38.577619517Z,2026-04-23T17:47:35.298405109Z,1,1,42404370,T,A,0,51.000000000,1,0,13588,1066772017,51.000000000,52.750000000,1,1,1,1,ESM6 P6400
2026-04-23T17:47:40.029423340Z,2026-04-23T17:47:36.865935953Z,1,1,42760607,T,A,0,148.000000000,1,0,12323,1066793104,148.000000000,158.500000000,1,50,1,1,ESM6 P6975
2026-04-23T17:47:50.628248636Z,2026-04-23T17:47:48.225414071Z,1,1,42404370,T,A,0,50.000000000,1,0,12171,1066940717,50.000000000,52.750000000,4,1,4,1,ESM6 P6400
2026-04-23T17:47:58.908981222Z,2026-04-23T17:47:57.752175709Z,1,1,42366512,T,A,0,16.300000000,27,0,16414,1067057776,16.300000000,16.900000000,27,89,1,1,ESM6 P5700
2026-04-23T17:48:00.478699305Z,2026-04-23T17:47:59.515162561Z,1,1,42394812,T,B,0,104.000000000,20,0,13632,1067083036,101.500000000,104.000000000,4,20,1,1,ESM6 P6800
2026-04-23T17:48:01.615857247Z,2026-04-23T17:48:00.427009861Z,1,1,42409666,T,A,0,18.800000000,2,0,11313,1067099131,18.800000000,19.500000000,95,95,1,1,ESM6 P5800
2026-04-23T17:48:14.506248970Z,2026-04-23T17:48:12.696005807Z,1,1,42409672,T,A,0,21.500000000,5,0,16357,1067281737,21.500000000,22.250000000,198,89,3,1,ESM6 P5900
2026-04-23T17:48:16.336763159Z,2026-04-23T17:48:14.008948267Z,1,1,42404370,T,A,0,49.000000000,1,0,13244,1067307022,49.000000000,50.000000000,1,34,1,1,ESM6 P6400
2026-04-23T17:48:22.054452327Z,2026-04-23T17:48:19.800305763Z,1,1,42919948,T,A,0,22.250000000,8,0,14182,1067388969,22.250000000,23.000000000,79,27,1,1,ESM6 P5925
2026-04-23T17:48:24.309807771Z,2026-04-23T17:48:22.056963411Z,1,1,42394754,T,A,0,35.000000000,2,0,15148,1067413873,35.000000000,35.500000000,2,73,1,2,ESM6 P6200
2026-04-23T17:48:36.511609371Z,2026-04-23T17:48:35.390046271Z,1,1,42372983,T,A,0,27.250000000,1,0,13716,1067590932,27.250000000,28.000000000,2,161,1,4,ESM6 P6050
2026-04-23T17:48:38.429779267Z,2026-04-23T17:48:36.966957631Z,1,1,2659526,T,B,0,3.250000000,1,0,12887,415593828,2.800000000,3.250000000,484,1,2,1,UD:1V: HO 2659526
2026-04-23T17:48:40.842431823Z,2026-04-23T17:48:39.729346779Z,1,1,42384725,T,A,0,49.000000000,1,0,13022,1067658593,49.000000000,49.250000000,1,98,1,4,ESM6 C7400
2026-04-23T17:48:47.501718860Z,2026-04-23T17:48:47.142573191Z,1,1,42384725,T,A,0,48.750000000,1,0,11171,1067765308,48.750000000,49.000000000,1,2,1,1,ESM6 C7400
2026-04-23T17:48:50.931591223Z,2026-04-23T17:48:50.891446933Z,1,1,42399706,T,A,0,86.000000000,2,0,13748,1067818201,86.000000000,86.250000000,2,72,1,4,ESM6 P6700
2026-04-23T17:48:52.963687401Z,2026-04-23T17:48:52.582635135Z,1,1,42394761,T,B,0,38.000000000,2,0,13448,1067848965,37.500000000,38.000000000,61,2,5,1,ESM6 P6250
2026-04-23T17:48:56.739883225Z,2026-04-23T17:48:55.370522853Z,1,1,42384724,T,B,0,126.000000000,1,0,16204,1067898838,125.000000000,126.000000000,20,3,2,2,ESM6 C7200
2026-04-23T17:49:01.178207996Z,2026-04-23T17:49:00.816703927Z,1,1,42399706,T,A,0,86.000000000,2,0,13859,1067975678,86.000000000,86.750000000,2,100,1,7,ESM6 P6700
2026-04-23T17:49:05.786223553Z,2026-04-23T17:49:05.468134267Z,1,1,2659526,T,B,0,3.250000000,1,0,12937,415818812,2.800000000,3.250000000,506,1,3,1,UD:1V: HO 2659526
2026-04-23T17:49:06.077706124Z,2026-04-23T17:49:05.511623731Z,1,1,42760605,T,B,0,57.000000000,5,0,14054,1068055148,56.250000000,57.000000000,10,5,2,1,ESM6 P6475
2026-04-23T17:49:09.432731183Z,2026-04-23T17:49:09.026882393Z,1,1,2659526,T,B,0,3.250000000,1,0,14250,415850406,2.800000000,3.250000000,506,1,3,1,UD:1V: HO 2659526
2026-04-23T17:49:10.293578244Z,2026-04-23T17:49:09.530560197Z,1,1,2659568,T,A,0,9.100000000,1,0,13154,415857580,9.100000000,9.400000000,1,315,1,4,UD:1V: VT 2659568
2026-04-23T17:49:14.180670171Z,2026-04-23T17:49:12.960621251Z,1,1,2659526,T,B,0,3.250000000,1,0,15001,415887605,2.800000000,3.250000000,484,1,2,1,UD:1V: HO 2659526
2026-04-23T17:49:36.705088449Z,2026-04-23T17:49:36.704553071Z,1,1,2659654,T,A,0,9.600000000,1,0,16591,416077883,9.600000000,9.900000000,172,25,2,1,UD:1V: VT 2659654
2026-04-23T17:49:39.465823539Z,2026-04-23T17:49:39.389594279Z,1,1,42300184,T,B,0,115.000000000,1,0,13652,1068562265,114.500000000,115.000000000,37,1,2,1,ESM6 P6850
2026-04-23T17:49:48.560393236Z,2026-04-23T17:49:47.180670591Z,1,1,42394754,T,B,0,35.750000000,1,0,13205,1068676398,35.250000000,35.750000000,50,1,2,1,ESM6 P6200
2026-04-23T17:50:15.530487854Z,2026-04-23T17:50:15.048940903Z,1,1,547283,T,A,0,55.750000000,2,0,13809,1069039299,55.750000000,57.000000000,140,106,2,2,ESZ6 P5000
2026-04-23T17:50:15.562947425Z,2026-04-23T17:50:15.090589351Z,1,1,42804678,T,A,0,111.500000000,1,0,15321,1069039822,111.500000000,112.000000000,1,65,1,5,ESM6 C7225
2026-04-23T17:50:16.034714859Z,2026-04-23T17:50:15.374692259Z,1,1,42372979,T,A,0,78.750000000,1,0,14555,1069048660,78.750000000,79.750000000,1,1,1,1,ESM6 C7300
2026-04-23T17:50:17.668370871Z,2026-04-23T17:50:16.445420083Z,1,1,42394731,T,B,0,7.500000000,9,0,13658,1069072376,7.400000000,7.500000000,151,9,1,1,ESM6 P5000
2026-04-23T17:50:20.862740188Z,2026-04-23T17:50:19.354231865Z,1,1,42409658,T,B,0,14.200000000,90,0,14146,1069119532,13.700000000,14.200000000,134,121,2,1,ESM6 P5550
2026-04-23T17:50:23.778837419Z,2026-04-23T17:50:22.781068693Z,1,1,2607680,T,B,0,55.500000000,39,0,17018,416418831,55.250000000,55.500000000,39,63,1,1,UD:1V: VT 2607680
2026-04-23T17:50:24.579020433Z,2026-04-23T17:50:24.023560201Z,1,1,42760604,T,B,0,15.600000000,70,0,16983,1069172917,15.100000000,15.600000000,126,106,2,2,ESM6 P5625
2026-04-23T17:50:24.837080148Z,2026-04-23T17:50:24.383659335Z,1,1,42384724,T,B,0,122.500000000,1,0,17032,1069177664,122.000000000,122.500000000,32,1,5,1,ESM6 C7200
2026-04-23T17:50:28.890652575Z,2026-04-23T17:50:28.890093487Z,1,1,42394731,T,A,0,7.700000000,11,0,13257,1069226242,7.700000000,7.800000000,1000,366,1,7,ESM6 P5000
2026-04-23T17:50:28.890867393Z,2026-04-23T17:50:28.890093661Z,1,1,42394731,T,A,0,7.700000000,31,0,13839,1069226244,7.700000000,7.800000000,989,366,1,7,ESM6 P5000
2026-04-23T17:50:28.891153265Z,2026-04-23T17:50:28.890093841Z,1,1,42394731,T,A,0,7.700000000,53,0,14210,1069226246,7.700000000,7.800000000,958,366,1,7,ESM6 P5000
2026-04-23T17:50:31.131044145Z,2026-04-23T17:50:30.975797363Z,1,1,2659526,T,B,0,3.300000000,1,0,16954,416467595,2.850000000,3.300000000,920,1,3,1,UD:1V: HO 2659526
2026-04-23T17:50:38.747897519Z,2026-04-23T17:50:38.565969081Z,1,1,42394731,T,A,0,7.700000000,126,0,18644,1069366643,7.700000000,7.800000000,905,338,1,6,ESM6 P5000
2026-04-23T17:50:40.050348031Z,2026-04-23T17:50:39.080514119Z,1,1,42394731,T,A,0,7.700000000,18,0,11223,1069386924,7.700000000,7.800000000,779,446,1,5,ESM6 P5000
2026-04-23T17:50:40.127754868Z,2026-04-23T17:50:39.105329243Z,1,1,42394731,T,A,0,7.700000000,2,0,14072,1069387948,7.700000000,7.800000000,761,446,1,5,ESM6 P5000
2026-04-23T17:50:40.176274601Z,2026-04-23T17:50:39.109611433Z,1,1,42394731,T,A,0,7.700000000,2,0,14194,1069388591,7.700000000,7.800000000,759,446,1,5,ESM6 P5000
2026-04-23T17:50:40.812639419Z,2026-04-23T17:50:39.440675419Z,1,1,42394731,T,A,0,7.700000000,5,0,13003,1069398005,7.700000000,7.800000000,757,268,1,2,ESM6 P5000
2026-04-23T17:50:41.342949103Z,2026-04-23T17:50:39.919925655Z,1,1,42394731,T,A,0,7.700000000,1,0,14586,1069404832,7.700000000,7.800000000,752,307,1,3,ESM6 P5000
2026-04-23T17:50:46.105716390Z,2026-04-23T17:50:44.158272359Z,1,1,42394731,T,A,0,7.700000000,151,0,12438,1069469155,7.700000000,7.800000000,751,419,1,3,ESM6 P5000
2026-04-23T17:50:46.120678921Z,2026-04-23T17:50:44.166907981Z,1,1,42394731,T,A,0,7.700000000,120,0,11210,1069469594,7.700000000,7.800000000,600,419,1,3,ESM6 P5000
2026-04-23T17:50:46.120747270Z,2026-04-23T17:50:44.166909029Z,1,1,42394731,T,A,0,7.700000000,121,0,11285,1069469597,7.700000000,7.800000000,480,419,1,3,ESM6 P5000
2026-04-23T17:50:47.374575359Z,2026-04-23T17:50:45.057199185Z,1,1,42867406,T,B,0,42.250000000,1,0,14660,1069488383,40.500000000,42.250000000,31,76,1,1,ESM6 C7425
2026-04-23T17:50:48.296668806Z,2026-04-23T17:50:45.749938603Z,1,1,42394731,T,A,0,7.700000000,14,0,11510,1069500234,7.700000000,7.800000000,359,435,1,4,ESM6 P5000
2026-04-23T17:50:48.367852921Z,2026-04-23T17:50:45.771670977Z,1,1,42384726,T,A,0,13.000000000,3,0,11950,1069501222,13.000000000,13.200000000,3,124,1,1,ESM6 P5500
2026-04-23T17:50:48.420140689Z,2026-04-23T17:50:45.775095801Z,1,1,42394731,T,A,0,7.700000000,2,0,14014,1069501866,7.700000000,7.800000000,345,435,1,4,ESM6 P5000
2026-04-23T17:50:48.437791368Z,2026-04-23T17:50:45.782909281Z,1,1,42394731,T,A,0,7.700000000,1,0,13960,1069502081,7.700000000,7.800000000,343,435,1,4,ESM6 P5000
2026-04-23T17:50:48.901173644Z,2026-04-23T17:50:46.128020945Z,1,1,42394731,T,A,0,7.700000000,8,0,12594,1069508557,7.700000000,7.800000000,342,450,1,5,ESM6 P5000
2026-04-23T17:50:49.200494696Z,2026-04-23T17:50:46.586906059Z,1,1,42506301,T,B,0,0.900000000,250,0,14048,1069512874,0.800000000,0.900000000,368,250,2,1,ESU6 P1500
2026-04-23T17:50:51.649846195Z,2026-04-23T17:50:49.383588979Z,1,1,42366506,T,B,0,5.600000000,16,0,11559,1069549489,5.500000000,5.600000000,158,16,1,1,ESM6 P4700
2026-04-23T17:50:52.479369211Z,2026-04-23T17:50:50.285514331Z,1,1,42399706,T,B,0,86.750000000,2,0,17085,1069559560,86.000000000,86.750000000,15,2,1,1,ESM6 P6700
2026-04-23T17:50:52.607015393Z,2026-04-23T17:50:50.455113241Z,1,1,42394731,T,A,0,7.700000000,334,0,15985,1069561183,7.700000000,7.800000000,334,268,1,2,ESM6 P5000
2026-04-23T17:50:55.467769769Z,2026-04-23T17:50:53.423698137Z,1,1,42394731,T,A,0,7.500000000,13,0,16542,1069597647,7.500000000,7.800000000,13,257,1,3,ESM6 P5000
2026-04-23T17:50:57.791139125Z,2026-04-23T17:50:56.344674157Z,1,1,2651561,T,B,0,7.200000000,33,0,16136,416676470,7.000000000,7.200000000,291,33,2,1,UD:1V: BO 2651561
2026-04-23T17:50:59.355387535Z,2026-04-23T17:50:58.790223977Z,1,1,2651561,T,B,0,7.200000000,33,0,13523,416690556,7.100000000,7.200000000,226,33,1,1,UD:1V: BO 2651561
2026-04-23T17:51:03.512657164Z,2026-04-23T17:51:03.120809211Z,1,1,2659526,T,B,0,3.300000000,1,0,12346,416724254,2.800000000,3.300000000,510,1,3,1,UD:1V: HO 2659526
2026-04-23T17:51:04.526075895Z,2026-04-23T17:51:03.814725329Z,1,1,2651561,T,B,0,7.200000000,33,0,16138,416730044,7.100000000,7.200000000,226,33,1,1,UD:1V: BO 2651561
2026-04-23T17:51:05.498911284Z,2026-04-23T17:51:05.063201989Z,1,1,2651561,T,B,0,7.300000000,1,0,16035,416739127,7.100000000,7.300000000,226,1,1,1,UD:1V: BO 2651561
2026-04-23T17:51:06.224790912Z,2026-04-23T17:51:06.125851515Z,1,1,2651561,T,B,0,7.300000000,24,0,14439,416745375,7.100000000,7.300000000,226,33,1,1,UD:1V: BO 2651561
2026-04-23T17:51:06.295811049Z,2026-04-23T17:51:06.160972561Z,1,1,2651561,T,B,0,7.300000000,9,0,14799,416745875,7.100000000,7.300000000,226,9,1,1,UD:1V: BO 2651561
2026-04-23T17:51:06.624515638Z,2026-04-23T17:51:06.542012553Z,1,1,2651561,T,B,0,7.300000000,1,0,17375,416748510,7.100000000,7.300000000,226,1,1,1,UD:1V: BO 2651561
2026-04-23T17:51:07.469463724Z,2026-04-23T17:51:07.257032355Z,1,1,42399706,T,B,0,87.750000000,37,0,16134,1069773939,86.750000000,87.750000000,28,37,1,4,ESM6 P6700
2026-04-23T17:51:17.791933312Z,2026-04-23T17:51:17.249481921Z,1,1,2607680,T,B,0,56.000000000,39,0,16433,416837418,55.750000000,56.000000000,60,66,2,1,UD:1V: VT 2607680
2026-04-23T17:51:18.326191486Z,2026-04-23T17:51:17.825093125Z,1,1,2607680,T,B,0,56.000000000,27,0,17052,416842584,55.750000000,56.000000000,15,65,1,1,UD:1V: VT 2607680
2026-04-23T17:51:22.476239009Z,2026-04-23T17:51:22.454425417Z,1,1,42506301,T,B,0,0.900000000,250,0,13494,1070004688,0.800000000,0.900000000,459,250,4,1,ESU6 P1500
2026-04-23T17:51:22.768814551Z,2026-04-23T17:51:22.505247217Z,1,1,42399704,T,B,0,80.000000000,2,0,16819,1070009451,79.000000000,80.000000000,16,2,2,1,ESM6 P6650
2026-04-23T17:51:22.785526569Z,2026-04-23T17:51:22.505248105Z,1,1,42760606,T,B,0,76.500000000,30,0,11550,1070009720,75.000000000,76.500000000,16,30,2,1,ESM6 P6625
2026-04-23T17:51:31.420070486Z,2026-04-23T17:51:31.096964605Z,1,1,42804678,T,B,0,111.500000000,4,0,15617,1070120081,111.000000000,111.500000000,24,4,3,1,ESM6 C7225
2026-04-23T17:51:33.486789057Z,2026-04-23T17:51:32.888718971Z,1,1,42378541,T,A,0,42.000000000,3,0,16084,1070155279,42.000000000,43.000000000,3,72,1,4,ESM6 P6300
2026-04-23T17:51:35.039919004Z,2026-04-23T17:51:34.505615995Z,1,1,2653874,T,A,0,31.000000000,25,0,15788,416970682,31.000000000,31.500000000,69,26,1,2,UD:1V: VT 2653874
2026-04-23T17:51:35.047027029Z,2026-04-23T17:51:34.507632063Z,1,1,2653874,T,A,0,31.000000000,25,0,17625,416970694,31.000000000,31.500000000,44,26,1,2,UD:1V: VT 2653874
2026-04-23T17:51:57.518601054Z,2026-04-23T17:51:57.313416955Z,1,1,42459758,T,A,0,45.750000000,1,0,13148,1070505178,45.750000000,46.000000000,1,114,1,1,ESZ6 C8200
2026-04-23T17:52:03.944470847Z,2026-04-23T17:52:03.728832607Z,1,1,42760606,T,A,0,75.000000000,2,0,16164,1070594629,75.000000000,76.000000000,47,57,3,3,ESM6 P6625
2026-04-23T17:52:06.286085529Z,2026-04-23T17:52:06.285581091Z,1,1,42399706,T,A,0,86.500000000,1,0,16525,1070629671,86.500000000,87.250000000,2,4,2,2,ESM6 P6700
2026-04-23T17:52:11.402563044Z,2026-04-23T17:52:11.350135273Z,1,1,42384779,T,A,0,71.750000000,1,0,17544,1070696278,71.750000000,72.750000000,2,79,2,5,ESM6 P6600
2026-04-23T17:52:18.329266790Z,2026-04-23T17:52:16.550905591Z,1,1,2612739,T,A,0,5.200000000,1,0,13914,417294007,5.200000000,5.400000000,1,224,1,1,UD:1V: VT 2612739
2026-04-23T17:52:21.258375158Z,2026-04-23T17:52:19.702703801Z,1,1,42399706,T,A,0,88.000000000,1,0,13989,1070838090,88.000000000,88.250000000,1,28,1,1,ESM6 P6700
2026-04-23T17:52:21.632302865Z,2026-04-23T17:52:20.243397251Z,1,1,42399706,T,A,0,87.500000000,1,0,14209,1070844048,87.500000000,88.250000000,1,28,1,1,ESM6 P6700
2026-04-23T17:52:26.644903734Z,2026-04-23T17:52:26.325412163Z,1,1,42320751,T,A,0,258.500000000,1,0,15829,1070919652,258.500000000,261.500000000,14,14,1,1,ESM6 P7250
2026-04-23T17:52:29.162315690Z,2026-04-23T17:52:29.161779537Z,1,1,42399706,T,A,0,87.500000000,1,0,14452,1070954672,87.500000000,88.000000000,1,55,1,3,ESM6 P6700
2026-04-23T17:52:56.047087433Z,2026-04-23T17:52:55.983430647Z,1,1,42399706,T,B,0,87.500000000,2,0,13871,1071263608,86.500000000,87.500000000,68,53,7,4,ESM6 P6700
2026-04-23T17:53:00.432824948Z,2026-04-23T17:52:59.766585093Z,1,1,2640993,T,B,0,14.700000000,57,0,16180,417542251,14.500000000,14.700000000,65,65,1,1,UD:1V: VT 2640993
2026-04-23T17:53:00.471782983Z,2026-04-23T17:52:59.769957837Z,1,1,2640993,T,B,0,14.700000000,8,0,14199,417542461,14.500000000,14.700000000,65,8,1,1,UD:1V: VT 2640993
2026-04-23T17:53:09.203476731Z,2026-04-23T17:53:08.526942237Z,1,1,2613261,T,B,0,38.500000000,1,0,13805,417616958,38.250000000,38.500000000,48,1,1,1,UD:1V: VT 2613261
2026-04-23T17:53:17.603240023Z,2026-04-23T17:53:15.683593011Z,1,1,42853804,T,B,0,81.500000000,3,0,14490,1071587831,81.000000000,81.500000000,94,3,3,1,ESM6 P6675
2026-04-23T17:53:19.569635134Z,2026-04-23T17:53:16.878340393Z,1,1,42404370,T,A,0,48.500000000,1,0,13300,1071617889,48.500000000,50.000000000,84,2,1,1,ESM6 P6400
2026-04-23T17:53:22.032170300Z,2026-04-23T17:53:18.911985035Z,1,1,42404370,T,A,0,48.250000000,2,0,15863,1071649393,48.250000000,48.500000000,2,34,2,1,ESM6 P6400
2026-04-23T17:53:22.270430239Z,2026-04-23T17:53:18.974285909Z,1,1,42404370,T,A,0,47.500000000,1,0,12588,1071651897,47.500000000,48.250000000,132,32,5,1,ESM6 P6400
2026-04-23T17:53:23.465230651Z,2026-04-23T17:53:19.696584875Z,1,1,42404370,T,A,0,47.500000000,1,0,14020,1071662843,47.500000000,49.750000000,6,5,2,1,ESM6 P6400
2026-04-23T17:53:25.464958879Z,2026-04-23T17:53:21.709030045Z,1,1,2658909,T,A,0,49.750000000,1,0,12312,417747065,49.750000000,61.250000000,66,65,3,1,UD:1V: VT 2658909
2026-04-23T17:53:26.754247964Z,2026-04-23T17:53:23.257513181Z,1,1,42372979,T,B,0,84.000000000,1,0,12642,1071709823,60.000000000,84.000000000,1,1,1,1,ESM6 C7300
2026-04-23T17:53:28.391696329Z,2026-04-23T17:53:25.184641227Z,1,1,42404370,T,A,0,46.500000000,1,0,12493,1071732267,46.500000000,48.500000000,3,13,3,1,ESM6 P6400
2026-04-23T17:53:28.699390569Z,2026-04-23T17:53:25.483861209Z,1,1,42366523,T,A,0,175.000000000,1,0,13679,1071737077,175.000000000,225.000000000,1,2,1,2,ESM6 P7100
2026-04-23T17:53:29.267785055Z,2026-04-23T17:53:26.111633927Z,1,1,2658909,T,A,0,49.750000000,1,0,11340,417781697,49.750000000,50.500000000,1,68,1,1,UD:1V: VT 2658909
2026-04-23T17:53:30.114765481Z,2026-04-23T17:53:27.076080757Z,1,1,42404370,T,A,0,46.500000000,1,0,14557,1071755749,46.500000000,48.250000000,1,12,1,1,ESM6 P6400
2026-04-23T17:53:32.050250294Z,2026-04-23T17:53:29.391251877Z,1,1,42404370,T,A,0,45.500000000,1,0,16917,1071781867,45.500000000,48.000000000,6,15,6,1,ESM6 P6400
2026-04-23T17:53:32.051141703Z,2026-04-23T17:53:29.391252413Z,1,1,2636756,T,A,0,3.200000000,1,0,21816,417800873,3.200000000,3.350000000,1,477,1,1,UD:1V: VT 2636756
2026-04-23T17:53:34.690403583Z,2026-04-23T17:53:33.458155355Z,1,1,42378346,T,B,0,28.250000000,1,0,14636,1071824993,27.500000000,28.250000000,73,1,1,1,ESM6 C7500
2026-04-23T17:53:36.724533364Z,2026-04-23T17:53:36.129360235Z,1,1,42760606,T,B,0,67.750000000,8,0,14251,1071858436,67.500000000,67.750000000,31,8,1,1,ESM6 P6625
2026-04-23T17:53:36.738246615Z,2026-04-23T17:53:36.130419675Z,1,1,42399704,T,B,0,71.000000000,2,0,14064,1071858565,70.750000000,71.000000000,30,2,1,1,ESM6 P6650
2026-04-23T17:53:37.798745225Z,2026-04-23T17:53:37.617952905Z,1,1,42853804,T,B,0,75.000000000,10,0,14007,1071876311,72.750000000,75.000000000,2,10,1,1,ESM6 P6675
2026-04-23T17:53:38.157019807Z,2026-04-23T17:53:38.156568245Z,1,1,42399704,T,B,0,72.000000000,6,0,16145,1071881459,71.000000000,72.000000000,6,6,1,1,ESM6 P6650
2026-04-23T17:53:38.162373166Z,2026-04-23T17:53:38.161829383Z,1,1,42399706,T,B,0,79.000000000,2,0,14000,1071881524,77.000000000,79.000000000,2,2,1,1,ESM6 P6700
2026-04-23T17:53:38.455620161Z,2026-04-23T17:53:38.446171873Z,1,1,42409657,T,A,0,13.000000000,47,0,13916,1071883275,13.000000000,13.800000000,119,119,1,1,ESM6 P5600
2026-04-23T17:53:38.520558428Z,2026-04-23T17:53:38.488365233Z,1,1,42409666,T,A,0,17.100000000,12,0,12256,1071884629,17.100000000,17.800000000,99,99,1,1,ESM6 P5800
2026-04-23T17:53:38.578007044Z,2026-04-23T17:53:38.529746071Z,1,1,42384872,T,B,0,86.500000000,2,0,11218,1071885591,77.000000000,86.500000000,3,2,1,1,ESM6 P6750
2026-04-23T17:53:38.578080904Z,2026-04-23T17:53:38.529756087Z,1,1,42853804,T,B,0,75.250000000,8,0,11374,1071885594,65.750000000,75.250000000,3,8,1,1,ESM6 P6675
2026-04-23T17:53:38.601052774Z,2026-04-23T17:53:38.579992607Z,1,1,42409672,T,A,0,19.800000000,1,0,16525,1071886193,19.800000000,20.500000000,118,91,2,1,ESM6 P5900
2026-04-23T17:53:38.708936534Z,2026-04-23T17:53:38.665185809Z,1,1,42919948,T,A,0,20.250000000,1,0,12351,1071888365,20.250000000,26.000000000,27,119,1,2,ESM6 P5925
2026-04-23T17:53:38.770046083Z,2026-04-23T17:53:38.769143525Z,1,1,42854015,T,B,0,82.500000000,3,0,11449,1071889898,,82.500000000,0,3,0,1,ESM6 P6725
2026-04-23T17:53:39.154249107Z,2026-04-23T17:53:39.153781311Z,1,1,42399706,T,B,0,78.750000000,6,0,13786,1071892257,77.750000000,78.750000000,6,6,1,1,ESM6 P6700
2026-04-23T17:53:39.155058921Z,2026-04-23T17:53:39.154635199Z,1,1,42399704,T,B,0,71.750000000,4,0,14107,1071892259,70.750000000,71.750000000,20,4,1,1,ESM6 P6650
2026-04-23T17:53:39.712367593Z,2026-04-23T17:53:39.699300901Z,1,1,42384872,T,B,0,86.750000000,2,0,15297,1071898030,86.000000000,86.750000000,6,2,1,1,ESM6 P6750
2026-04-23T17:53:39.817439149Z,2026-04-23T17:53:39.805609983Z,1,1,42853804,T,B,0,75.250000000,7,0,14042,1071898783,74.500000000,75.250000000,40,7,1,1,ESM6 P6675
2026-04-23T17:53:39.840628836Z,2026-04-23T17:53:39.839688165Z,1,1,42854015,T,B,0,82.750000000,7,0,13374,1071898909,82.000000000,82.750000000,8,7,1,1,ESM6 P6725
2026-04-23T17:53:40.863224119Z,2026-04-23T17:53:40.862702657Z,1,1,42399706,T,B,0,78.750000000,2,0,13596,1071912053,76.750000000,78.750000000,20,2,1,1,ESM6 P6700
2026-04-23T17:53:45.055592358Z,2026-04-23T17:53:45.048169041Z,1,1,42300184,T,A,0,105.000000000,1,0,13351,1071962062,105.000000000,105.500000000,1,26,1,1,ESM6 P6850
2026-04-23T17:53:48.360036905Z,2026-04-23T17:53:48.352848087Z,1,1,2607680,T,B,0,58.500000000,65,0,14307,417899418,57.000000000,58.500000000,68,65,1,1,UD:1V: VT 2607680
2026-04-23T17:53:57.155331422Z,2026-04-23T17:53:56.266701771Z,1,1,42212203,T,B,0,106.500000000,1,0,14462,1072141988,105.000000000,106.500000000,20,20,1,1,ESM6 C7250
2026-04-23T17:54:08.176194657Z,2026-04-23T17:54:07.572555921Z,1,1,42394761,T,A,0,36.500000000,1,0,14314,1072310998,36.500000000,36.750000000,1,52,1,2,ESM6 P6250
2026-04-23T17:54:18.239164721Z,2026-04-23T17:54:17.701833023Z,1,1,42384779,T,B,0,68.000000000,31,0,13709,1072474327,67.000000000,68.000000000,149,31,4,1,ESM6 P6600
2026-04-23T17:54:21.874011009Z,2026-04-23T17:54:21.360124591Z,1,1,42212203,T,B,0,105.000000000,2,0,14027,1072535660,103.500000000,105.000000000,20,23,1,3,ESM6 C7250
2026-04-23T17:54:22.840178639Z,2026-04-23T17:54:22.430623099Z,1,1,42394743,T,A,0,10.900000000,1,0,11179,1072553068,10.900000000,11.000000000,1,3,1,1,ESM6 P5400
2026-04-23T17:54:24.015384423Z,2026-04-23T17:54:23.586018095Z,1,1,2659976,T,A,0,-58.000000000,1,0,11662,418189527,-58.000000000,-57.000000000,1,5,1,1,UD:1V: 12 2659976
2026-04-23T17:54:34.713539726Z,2026-04-23T17:54:34.253899149Z,1,1,42919949,T,B,0,104.500000000,5,0,19973,1072738891,103.000000000,104.500000000,5,5,1,1,ESM6 P6825
2026-04-23T17:54:48.427547966Z,2026-04-23T17:54:46.997104801Z,1,1,42804683,T,A,0,230.000000000,5,0,11623,1072939389,230.000000000,232.500000000,5,5,1,1,ESM6 P7225
2026-04-23T17:55:10.299715116Z,2026-04-23T17:55:10.165664789Z,1,1,2658572,T,A,0,13.800000000,3,0,13201,418573400,13.800000000,19.400000000,3,1,1,1,UD:1V: RR 2658572
2026-04-23T17:55:29.229152122Z,2026-04-23T17:55:28.038356385Z,1,1,2611955,T,B,0,141.500000000,5,0,14048,418725356,140.500000000,141.500000000,5,5,1,1,UD:1V: VT 2611955
2026-04-23T17:55:33.312518645Z,2026-04-23T17:55:31.777245867Z,1,1,42429362,T,A,0,220.000000000,1,0,15094,1073633841,220.000000000,222.000000000,1,60,1,2,ESU6 P6900
2026-04-23T17:55:37.983468262Z,2026-04-23T17:55:35.974482597Z,1,1,2638486,T,A,0,77.000000000,1,0,14262,418797204,77.000000000,78.250000000,1,5,1,1,UD:1V: VT 2638486
2026-04-23T17:56:01.258997638Z,2026-04-23T17:56:00.195112405Z,1,1,42404370,T,A,0,44.500000000,1,0,15619,1074063316,44.500000000,45.000000000,1,37,1,1,ESM6 P6400
2026-04-23T17:56:02.587857420Z,2026-04-23T17:56:01.793624451Z,1,1,42394743,T,B,0,10.300000000,1,0,14036,1074086347,10.000000000,10.300000000,1,281,1,3,ESM6 P5400
2026-04-23T17:56:29.549365726Z,2026-04-23T17:56:28.458930615Z,1,1,42883304,T,B,0,14.100000000,21,0,13727,1074498121,13.700000000,14.100000000,117,21,1,1,ESM6 P5675
2026-04-23T17:56:46.418424825Z,2026-04-23T17:56:46.364577479Z,1,1,42399646,T,A,0,7.000000000,1,0,14077,1074745982,7.000000000,7.200000000,1,44,1,2,ESM6 C7700
2026-04-23T17:56:57.274396039Z,2026-04-23T17:56:57.065532875Z,1,1,42446245,T,B,0,153.500000000,1,0,11466,1074911007,152.000000000,153.500000000,25,1,3,1,ESM6 P7050
2026-04-23T17:57:28.689421332Z,2026-04-23T17:57:28.619489097Z,1,1,2641178,T,B,0,28.500000000,1,0,14647,419765430,27.500000000,28.500000000,80,1,1,1,UD:1V: DB 2641178
2026-04-23T17:57:33.241686844Z,2026-04-23T17:57:32.544495919Z,1,1,42378346,T,A,0,27.500000000,1,0,12887,1075419916,27.500000000,27.750000000,1,34,1,1,ESM6 C7500
2026-04-23T17:57:50.989522281Z,2026-04-23T17:57:50.885187355Z,1,1,42372931,T,B,0,7.200000000,9,0,11407,1075662161,7.100000000,7.200000000,178,9,2,1,ESM6 P5100
2026-04-23T17:57:56.237728661Z,2026-04-23T17:57:55.791703655Z,1,1,42378346,T,A,0,27.250000000,10,0,14606,1075744172,27.250000000,27.500000000,10,7,1,2,ESM6 C7500
2026-04-23T17:58:14.646568653Z,2026-04-23T17:58:13.967675697Z,1,1,42611781,T,A,0,19.400000000,2,0,13769,1076014621,19.400000000,19.700000000,2,7,1,2,ESM6 C7550
2026-04-23T17:58:24.092363212Z,2026-04-23T17:58:24.086563129Z,1,1,42378346,T,B,0,27.000000000,10,0,14206,1076143040,26.750000000,27.000000000,34,10,1,1,ESM6 C7500
2026-04-23T17:58:46.254389146Z,2026-04-23T17:58:45.788086811Z,1,1,2660292,T,B,0,8.800000000,1,0,12568,420375726,8.700000000,8.800000000,75,50,2,1,UD:1V: VT 2660292
2026-04-23T17:58:46.254622779Z,2026-04-23T17:58:45.788086991Z,1,1,2660292,T,B,0,8.800000000,12,0,12707,420375728,8.700000000,8.800000000,75,49,2,1,UD:1V: VT 2660292
2026-04-23T17:58:46.254872941Z,2026-04-23T17:58:45.788087167Z,1,1,2660292,T,B,0,8.800000000,37,0,13527,420375730,8.700000000,8.800000000,75,37,2,1,UD:1V: VT 2660292
2026-04-23T17:58:55.879165156Z,2026-04-23T17:58:54.986064739Z,1,1,42409657,T,A,0,12.900000000,3,0,15966,1076585839,12.900000000,13.000000000,3,5,1,1,ESM6 P5600
2026-04-23T17:59:07.180506728Z,2026-04-23T17:59:06.310901847Z,1,1,2607680,T,B,0,58.750000000,2,0,14350,420550780,58.500000000,58.750000000,235,2,5,1,UD:1V: VT 2607680
2026-04-23T17:59:08.137397935Z,2026-04-23T17:59:08.011336587Z,1,1,2655906,T,B,0,-37.500000000,14,0,18382,420560984,-40.500000000,-37.500000000,24,14,2,1,UD:1V: GN 2655906
2026-04-23T17:59:08.904927035Z,2026-04-23T17:59:08.904515145Z,1,1,2634057,T,B,0,25.000000000,35,0,28458,420568243,24.500000000,25.000000000,343,35,6,1,UD:1V: VT 2634057
2026-04-23T17:59:15.402981732Z,2026-04-23T17:59:14.400792911Z,1,1,2517271,T,B,0,-51.750000000,14,0,17846,420616944,-55.500000000,-51.750000000,14,14,1,1,UD:1V: GN 2517271
2026-04-23T17:59:18.719676817Z,2026-04-23T17:59:16.380270051Z,1,1,42394754,T,A,0,31.000000000,1,0,12758,1076923444,31.000000000,32.000000000,1,3,1,1,ESM6 P6200
2026-04-23T17:59:21.108958124Z,2026-04-23T17:59:18.613210045Z,1,1,42394754,T,A,0,31.000000000,2,0,16642,1076955542,31.000000000,31.500000000,2,51,1,1,ESM6 P6200
2026-04-23T17:59:30.887742881Z,2026-04-23T17:59:30.027261891Z,1,1,42902241,T,B,0,32.750000000,5,0,17867,1077101128,32.000000000,32.750000000,32,5,3,1,ESM6 C7475
2026-04-23T17:59:41.482381500Z,2026-04-23T17:59:40.900814539Z,1,1,2660221,T,A,0,-2.600000000,1,0,13476,420853610,-2.600000000,-2.200000000,1,1328,1,6,UD:1V: GN 2660221
2026-04-23T17:59:55.142815378Z,2026-04-23T17:59:54.936159939Z,1,1,42384872,T,A,0,84.000000000,2,0,14251,1077441267,84.000000000,84.750000000,2,28,1,1,ESM6 P6750
2026-04-23T18:00:14.768278551Z,2026-04-23T18:00:13.566082895Z,1,1,42300184,T,B,0,102.000000000,1,0,13815,1077725079,101.500000000,102.000000000,26,1,1,1,ESM6 P6850
2026-04-23T18:00:17.035827164Z,2026-04-23T18:00:16.294423187Z,1,1,42883177,T,A,0,96.500000000,1,0,13154,1077759612,96.500000000,97.000000000,1,10,1,4,ESM6 C7275
2026-04-23T18:00:22.539720209Z,2026-04-23T18:00:21.968228889Z,1,1,42366515,T,A,0,40.000000000,4,0,13210,1077843566,40.000000000,40.750000000,4,57,2,3,ESM6 P6350
2026-04-23T18:00:42.829663217Z,2026-04-23T18:00:42.708576047Z,1,1,42853785,T,A,0,10.100000000,1,0,14850,1078130301,10.100000000,10.400000000,5,309,1,5,ESM6 P5425
2026-04-23T18:00:43.051192182Z,2026-04-23T18:00:43.021567755Z,1,1,42399655,T,B,0,13.600000000,5,0,14701,1078132804,13.300000000,13.600000000,55,5,3,1,ESM6 P5650
2026-04-23T18:00:46.068537900Z,2026-04-23T18:00:45.314629679Z,1,1,42310070,T,B,0,357.500000000,5,0,14063,1078176515,355.500000000,357.500000000,21,5,1,1,ESZ6 C7300
2026-04-23T18:01:02.452710694Z,2026-04-23T18:01:01.500953833Z,1,1,42384726,T,B,0,11.300000000,1,0,13022,1078417562,11.000000000,11.300000000,194,1,5,1,ESM6 P5500
2026-04-23T18:01:33.965105516Z,2026-04-23T18:01:33.593253137Z,1,1,2660378,T,A,0,82.500000000,1,0,18365,421847060,82.500000000,83.000000000,1,129,1,4,UD:1V: IC 2660378
2026-04-23T18:01:55.974495381Z,2026-04-23T18:01:54.277503837Z,1,1,42404370,T,A,0,43.500000000,1,0,16322,1079221759,43.500000000,44.250000000,1,63,1,4,ESM6 P6400
2026-04-23T18:01:57.784433327Z,2026-04-23T18:01:54.737969557Z,1,1,42439347,T,A,0,79.000000000,1,0,13436,1079244465,79.000000000,86.500000000,1,4,1,1,ESU6 P6000
2026-04-23T18:01:58.401861562Z,2026-04-23T18:01:55.506083857Z,1,1,42404370,T,A,0,42.500000000,1,0,13901,1079254521,42.500000000,50.000000000,2,3,2,1,ESM6 P6400
2026-04-23T18:03:09.798747662Z,2026-04-23T18:03:08.890311187Z,1,1,42378346,T,B,0,28.750000000,2,0,13048,1080284277,28.250000000,28.750000000,55,2,2,1,ESM6 C7500
2026-04-23T18:03:09.798747662Z,2026-04-23T18:03:08.890311187Z,1,1,42378346,T,B,0,29.000000000,30,0,13048,1080284277,28.250000000,28.750000000,55,2,2,1,ESM6 C7500
2026-04-23T18:03:09.818843887Z,2026-04-23T18:03:08.890378537Z,1,1,42378346,T,B,0,29.000000000,8,0,11115,1080284670,28.250000000,29.000000000,55,8,2,1,ESM6 C7500
2026-04-23T18:03:10.610675556Z,2026-04-23T18:03:09.782499925Z,1,1,42378346,T,A,0,29.000000000,6,0,14523,1080296848,29.000000000,29.250000000,7,30,1,2,ESM6 C7500
2026-04-23T18:03:11.828645643Z,2026-04-23T18:03:10.999447021Z,1,1,42384726,T,B,0,10.800000000,5,0,13368,1080314539,10.500000000,10.800000000,189,5,4,1,ESM6 P5500
2026-04-23T18:03:35.830363387Z,2026-04-23T18:03:34.634004835Z,1,1,42629564,T,A,0,44.250000000,1,0,12950,1080645149,44.250000000,44.750000000,150,35,1,2,ESU6 C7850
2026-04-23T18:03:35.830601417Z,2026-04-23T18:03:34.634005011Z,1,1,42629564,T,A,0,44.250000000,1,0,13184,1080645151,44.250000000,44.750000000,149,35,1,2,ESU6 C7850
2026-04-23T18:03:35.830934308Z,2026-04-23T18:03:34.634174601Z,1,1,42629564,T,A,0,44.250000000,148,0,14374,1080645153,44.250000000,44.750000000,148,35,1,2,ESU6 C7850
2026-04-23T18:03:38.029009230Z,2026-04-23T18:03:37.827235473Z,1,1,2660543,T,A,0,33.250000000,1,0,13715,422917913,33.250000000,33.500000000,1,914,1,6,UD:1V: VT 2660543
2026-04-23T18:03:49.846813545Z,2026-04-23T18:03:49.846245021Z,1,1,42629564,T,A,0,44.250000000,1,0,14466,1080848869,44.250000000,44.500000000,150,33,1,3,ESU6 C7850
2026-04-23T18:03:49.847008530Z,2026-04-23T18:03:49.846245201Z,1,1,42629564,T,A,0,44.250000000,39,0,13742,1080848871,44.250000000,44.500000000,149,33,1,3,ESU6 C7850
2026-04-23T18:03:49.847293078Z,2026-04-23T18:03:49.846282121Z,1,1,42629564,T,A,0,44.250000000,52,0,13600,1080848873,44.250000000,44.500000000,110,33,1,3,ESU6 C7850
2026-04-23T18:04:00.551621255Z,2026-04-23T18:04:00.336506477Z,1,1,42378449,T,A,0,21.250000000,1,0,13194,1080977364,21.250000000,22.000000000,301,40,8,2,ESM6 P6000
2026-04-23T18:04:07.776191503Z,2026-04-23T18:04:07.775633549Z,1,1,2660581,T,B,0,7.000000000,4,0,17250,423139272,6.800000000,7.000000000,5,4,1,1,UD:1V: SG 2660581
2026-04-23T18:04:19.562760731Z,2026-04-23T18:04:19.558835705Z,1,1,42372969,T,A,0,264.000000000,1,0,14210,1081209222,264.000000000,265.000000000,1,14,1,5,ESM6 C7000
2026-04-23T18:04:21.927510955Z,2026-04-23T18:04:21.337603695Z,1,1,2501443,T,A,0,48.000000000,39,0,13078,423234505,48.000000000,48.500000000,40,161,1,4,UD:1V: VT 2501443
2026-04-23T18:04:48.596823767Z,2026-04-23T18:04:47.412213599Z,1,1,42510079,T,B,0,68.250000000,1,0,16764,1081589626,67.750000000,68.250000000,26,5,1,1,ESM6 C7350
2026-04-23T18:05:06.412645982Z,2026-04-23T18:05:05.967437539Z,1,1,2638486,T,B,0,75.500000000,65,0,15418,423556579,74.500000000,75.500000000,75,65,3,2,UD:1V: VT 2638486
2026-04-23T18:05:18.495067470Z,2026-04-23T18:05:18.323329873Z,1,1,42446245,T,A,0,150.000000000,6,0,13204,1081988374,150.000000000,151.000000000,6,29,1,5,ESM6 P7050
2026-04-23T18:05:47.963132924Z,2026-04-23T18:05:47.704698787Z,1,1,42384725,T,B,0,52.250000000,7,0,14618,1082323179,51.750000000,52.250000000,67,15,3,2,ESM6 C7400
2026-04-23T18:05:51.501663975Z,2026-04-23T18:05:51.429271547Z,1,1,42397651,T,A,0,394.500000000,5,0,13002,1082377425,394.500000000,396.000000000,5,3,1,1,ESU6 P7400
2026-04-23T18:05:56.633636454Z,2026-04-23T18:05:55.520710591Z,1,1,42372969,T,B,0,265.000000000,1,0,13604,1082437520,263.500000000,265.000000000,8,1,2,1,ESM6 C7000
2026-04-23T18:06:20.084062022Z,2026-04-23T18:06:19.952558961Z,1,1,42760624,T,B,0,103.500000000,5,0,12546,1082776294,103.000000000,103.500000000,53,5,3,1,ESM6 P6875
2026-04-23T18:06:48.894311577Z,2026-04-23T18:06:48.889955439Z,1,1,2655532,T,B,0,13.800000000,27,0,16511,424339290,13.600000000,13.800000000,423,27,4,1,UD:1V: VT 2655532
2026-04-23T18:06:49.440520606Z,2026-04-23T18:06:49.430469237Z,1,1,42384726,T,A,0,10.400000000,1,0,13733,1083119530,10.400000000,10.700000000,51,225,3,5,ESM6 P5500
2026-04-23T18:06:59.358298500Z,2026-04-23T18:06:59.316964433Z,1,1,42378346,T,A,0,29.250000000,11,0,11980,1083235846,29.250000000,29.500000000,20,115,1,8,ESM6 C7500
2026-04-23T18:06:59.358572731Z,2026-04-23T18:06:59.316964611Z,1,1,42378346,T,A,0,29.250000000,9,0,11117,1083235848,29.250000000,29.500000000,9,115,1,8,ESM6 C7500
2026-04-23T18:07:04.747905423Z,2026-04-23T18:07:04.747246753Z,1,1,42409657,T,B,0,12.000000000,1,0,14701,1083308771,11.800000000,12.000000000,30,1,2,1,ESM6 P5600
2026-04-23T18:07:09.940541790Z,2026-04-23T18:07:09.922125245Z,1,1,42378592,T,B,0,50.500000000,16,0,11437,1083361382,50.000000000,50.500000000,191,16,6,2,ESM6 P6500
2026-04-23T18:07:09.952996890Z,2026-04-23T18:07:09.922212121Z,1,1,42384779,T,B,0,61.000000000,7,0,19175,1083361499,60.500000000,61.000000000,60,7,3,1,ESM6 P6600
2026-04-23T18:07:09.954781514Z,2026-04-23T18:07:09.922212121Z,1,1,42760606,T,B,0,64.000000000,8,0,19802,1083361500,63.250000000,64.000000000,97,25,5,2,ESM6 P6625
2026-04-23T18:07:09.956131070Z,2026-04-23T18:07:09.922212121Z,1,1,42760607,T,B,0,126.500000000,6,0,18182,1083361501,125.500000000,126.500000000,59,27,3,4,ESM6 P6975
2026-04-23T18:07:09.986851562Z,2026-04-23T18:07:09.926471639Z,1,1,42384724,T,B,0,137.500000000,27,0,14441,1083362333,136.500000000,137.500000000,3,27,2,3,ESM6 C7200
2026-04-23T18:07:09.999318221Z,2026-04-23T18:07:09.926471831Z,1,1,42883176,T,B,0,151.500000000,5,0,13398,1083362597,150.000000000,151.500000000,9,5,4,1,ESM6 C7175
2026-04-23T18:07:10.002126881Z,2026-04-23T18:07:09.928207689Z,1,1,42804683,T,B,0,215.500000000,5,0,12379,1083362686,214.500000000,215.500000000,18,5,1,1,ESM6 P7225
2026-04-23T18:07:10.088791588Z,2026-04-23T18:07:09.965555553Z,1,1,42760607,T,B,0,126.500000000,27,0,11383,1083365059,124.500000000,126.500000000,52,38,3,1,ESM6 P6975
2026-04-23T18:07:14.003025973Z,2026-04-23T18:07:13.940355757Z,1,1,42378592,T,B,0,50.500000000,5,0,14063,1083403402,50.250000000,50.500000000,105,5,3,1,ESM6 P6500
2026-04-23T18:07:15.799835516Z,2026-04-23T18:07:15.793817291Z,1,1,42506298,T,A,0,238.500000000,1,0,16297,1083416644,238.500000000,240.000000000,40,20,4,1,ESU6 P7000
2026-04-23T18:07:26.770095637Z,2026-04-23T18:07:26.769617143Z,1,1,42458390,T,A,0,170.500000000,1,0,16960,1083529034,170.500000000,171.000000000,1,47,1,3,ESU6 P6700
2026-04-23T18:07:34.967391670Z,2026-04-23T18:07:34.410750707Z,1,1,42472815,T,A,0,56.500000000,16,0,15574,1083621417,56.500000000,57.250000000,16,193,2,4,ESU6 P5700
2026-04-23T18:07:42.004478587Z,2026-04-23T18:07:41.884569271Z,1,1,42629927,T,B,0,22.750000000,1,0,13907,1083711146,22.250000000,22.750000000,112,5,5,1,ESM6 P6040
2026-04-23T18:07:42.106033847Z,2026-04-23T18:07:41.907109015Z,1,1,42629927,T,B,0,22.750000000,1,0,11217,1083712529,22.250000000,22.750000000,112,4,5,1,ESM6 P6040
2026-04-23T18:07:47.550095071Z,2026-04-23T18:07:47.549536443Z,1,1,2641558,T,B,0,60.250000000,10,0,14012,424740967,59.750000000,60.250000000,22,10,2,1,UD:1V: GN 2641558
2026-04-23T18:07:48.707618150Z,2026-04-23T18:07:48.665422239Z,1,1,42836581,T,B,0,22.250000000,5,0,13938,1083793206,21.750000000,22.250000000,230,5,7,1,ESM6 P6025
2026-04-23T18:07:48.786191038Z,2026-04-23T18:07:48.690370429Z,1,1,42377530,T,B,0,190.500000000,1,0,13851,1083794522,189.500000000,190.500000000,52,1,6,1,ESU6 P6800
2026-04-23T18:08:12.716439943Z,2026-04-23T18:08:12.558261919Z,1,1,42394770,T,B,0,46.000000000,10,0,18212,1084071308,45.500000000,46.000000000,191,17,7,2,ESM6 P6450
2026-04-23T18:08:12.893195699Z,2026-04-23T18:08:12.561721921Z,1,1,42384779,T,B,0,60.750000000,5,0,12662,1084074336,60.250000000,60.750000000,70,5,5,1,ESM6 P6600
2026-04-23T18:08:26.388921239Z,2026-04-23T18:08:26.341431325Z,1,1,42394812,T,A,0,89.250000000,2,0,15821,1084239280,89.250000000,89.500000000,2,35,1,4,ESM6 P6800
2026-04-23T18:08:44.880598983Z,2026-04-23T18:08:44.788049555Z,1,1,42384779,T,B,0,61.000000000,7,0,13947,1084438474,60.500000000,61.000000000,120,16,7,2,ESM6 P6600
2026-04-23T18:08:44.984734763Z,2026-04-23T18:08:44.839230601Z,1,1,42394770,T,B,0,46.250000000,2,0,13949,1084439884,45.750000000,46.250000000,126,5,7,1,ESM6 P6450
2026-04-23T18:08:45.239897278Z,2026-04-23T18:08:44.855938139Z,1,1,42394770,T,B,0,46.250000000,2,0,18160,1084442132,45.750000000,46.250000000,126,3,7,1,ESM6 P6450
2026-04-23T18:08:45.248688230Z,2026-04-23T18:08:44.855952401Z,1,1,42394770,T,B,0,46.250000000,1,0,18091,1084442165,45.750000000,46.250000000,126,1,7,1,ESM6 P6450
2026-04-23T18:08:46.228030968Z,2026-04-23T18:08:45.510019623Z,1,1,42372983,T,B,0,23.250000000,1,0,17173,1084454651,23.000000000,23.250000000,2,5,1,1,ESM6 P6050
2026-04-23T18:08:46.234264826Z,2026-04-23T18:08:45.511069493Z,1,1,42372983,T,B,0,23.250000000,1,0,11388,1084454740,23.000000000,23.250000000,2,4,1,1,ESM6 P6050
2026-04-23T18:08:46.270983854Z,2026-04-23T18:08:45.544851105Z,1,1,42372983,T,B,0,23.250000000,1,0,17627,1084455124,23.000000000,23.250000000,2,3,1,1,ESM6 P6050
2026-04-23T18:09:13.840888697Z,2026-04-23T18:09:13.835448139Z,1,1,42394731,T,A,0,6.200000000,52,0,14458,1084736377,6.200000000,6.300000000,1000,320,1,8,ESM6 P5000
2026-04-23T18:09:13.842316429Z,2026-04-23T18:09:13.840854269Z,1,1,42394731,T,A,0,6.200000000,53,0,11570,1084736421,6.200000000,6.300000000,948,320,1,8,ESM6 P5000
2026-04-23T18:09:24.458757893Z,2026-04-23T18:09:24.176046491Z,1,1,42394731,T,A,0,6.200000000,40,0,12812,1084848389,6.200000000,6.300000000,895,174,1,3,ESM6 P5000
2026-04-23T18:09:34.973676214Z,2026-04-23T18:09:34.891057891Z,1,1,42394731,T,A,0,6.200000000,53,0,13774,1084944107,6.200000000,6.300000000,855,256,1,5,ESM6 P5000
2026-04-23T18:09:36.640975007Z,2026-04-23T18:09:36.379515679Z,1,1,42394731,T,A,0,6.200000000,42,0,15780,1084961513,6.200000000,6.300000000,802,289,1,6,ESM6 P5000
2026-04-23T18:09:51.753935307Z,2026-04-23T18:09:51.578672949Z,1,1,42394804,T,B,0,56.000000000,1,0,16641,1085099892,55.500000000,56.000000000,100,16,7,2,ESM6 P6550
2026-04-23T18:10:01.424006825Z,2026-04-23T18:10:01.309134323Z,1,1,42804681,T,A,0,58.500000000,25,0,15383,1085195586,58.500000000,59.000000000,25,21,1,3,ESM6 P6575
2026-04-23T18:10:03.201931375Z,2026-04-23T18:10:03.015846077Z,1,1,42394812,T,B,0,90.250000000,1,0,14535,1085221124,89.500000000,90.250000000,52,5,4,1,ESM6 P6800
2026-04-23T18:10:03.324480086Z,2026-04-23T18:10:03.034213327Z,1,1,42394812,T,B,0,90.250000000,1,0,11369,1085222973,89.500000000,90.250000000,56,4,5,1,ESM6 P6800
2026-04-23T18:10:03.973115713Z,2026-04-23T18:10:03.865760373Z,1,1,42394731,T,A,0,6.200000000,41,0,14917,1085233447,6.200000000,6.300000000,760,289,1,6,ESM6 P5000
2026-04-23T18:10:15.900530052Z,2026-04-23T18:10:15.859276191Z,1,1,42394731,T,A,0,6.200000000,41,0,13974,1085340856,6.200000000,6.300000000,719,443,1,7,ESM6 P5000
2026-04-23T18:10:17.185718526Z,2026-04-23T18:10:16.882937043Z,1,1,42384725,T,B,0,53.000000000,5,0,12882,1085356240,52.500000000,53.000000000,9,5,3,1,ESM6 C7400
2026-04-23T18:10:23.654247715Z,2026-04-23T18:10:23.400643173Z,1,1,42510079,T,B,0,69.750000000,5,0,14836,1085447988,69.000000000,69.750000000,55,5,5,1,ESM6 C7350
2026-04-23T18:10:28.004885059Z,2026-04-23T18:10:26.065809595Z,1,1,42394731,T,A,0,6.200000000,34,0,13610,1085512154,6.200000000,6.300000000,678,237,1,3,ESM6 P5000
2026-04-23T18:10:28.081913846Z,2026-04-23T18:10:26.081815087Z,1,1,42394731,T,A,0,6.200000000,67,0,13868,1085513421,6.200000000,6.300000000,644,237,1,3,ESM6 P5000
2026-04-23T18:10:28.186267553Z,2026-04-23T18:10:26.159852145Z,1,1,42404370,T,A,0,41.500000000,1,0,11425,1085514405,41.500000000,42.750000000,1,111,1,1,ESM6 P6400
2026-04-23T18:10:29.157085105Z,2026-04-23T18:10:26.834119967Z,1,1,42394731,T,A,0,6.200000000,195,0,11336,1085528057,6.200000000,6.300000000,577,91,1,1,ESM6 P5000
2026-04-23T18:10:29.204248694Z,2026-04-23T18:10:26.861866637Z,1,1,42394812,T,B,0,89.000000000,1,0,13735,1085528390,87.000000000,89.000000000,5,2,1,1,ESM6 P6800
2026-04-23T18:10:29.676099780Z,2026-04-23T18:10:27.044234323Z,1,1,42394731,T,A,0,6.200000000,154,0,12827,1085533146,6.200000000,6.300000000,382,91,1,1,ESM6 P5000
2026-04-23T18:10:30.904825663Z,2026-04-23T18:10:27.630146617Z,1,1,42394731,T,A,0,6.200000000,120,0,14586,1085545850,6.200000000,6.300000000,228,245,1,2,ESM6 P5000
2026-04-23T18:10:31.788045987Z,2026-04-23T18:10:28.690613637Z,1,1,42394731,T,A,0,6.200000000,34,0,11253,1085558282,6.200000000,6.300000000,108,246,1,3,ESM6 P5000
2026-04-23T18:10:31.798621351Z,2026-04-23T18:10:28.706355121Z,1,1,42394731,T,A,0,6.200000000,1,0,13935,1085558481,6.200000000,6.300000000,74,246,1,3,ESM6 P5000
2026-04-23T18:10:32.381964561Z,2026-04-23T18:10:29.157088657Z,1,1,42394731,T,A,0,6.200000000,73,0,17399,1085568417,6.200000000,6.300000000,73,2,1,1,ESM6 P5000
2026-04-23T18:10:34.944054199Z,2026-04-23T18:10:31.933837569Z,1,1,42404374,T,B,0,132.000000000,2,0,12832,1085602699,131.000000000,132.000000000,3,5,1,1,ESM6 P7000
2026-04-23T18:10:38.502281103Z,2026-04-23T18:10:35.854388319Z,1,1,42853788,T,B,0,37.000000000,18,0,17732,1085652250,36.250000000,37.000000000,47,18,2,2,ESM6 P6325
2026-04-23T18:10:45.946551969Z,2026-04-23T18:10:44.896376855Z,1,1,42394732,T,B,0,9.100000000,25,0,17778,1085759796,9.000000000,9.100000000,142,148,1,2,ESM6 P5350
2026-04-23T18:10:45.962317420Z,2026-04-23T18:10:44.896378813Z,1,1,42394732,T,B,0,9.100000000,25,0,12858,1085760045,9.000000000,9.100000000,142,123,1,1,ESM6 P5350
2026-04-23T18:10:49.573120241Z,2026-04-23T18:10:48.287417513Z,1,1,42611781,T,B,0,21.250000000,2,0,14291,1085811164,20.750000000,21.250000000,7,5,2,1,ESM6 C7550
2026-04-23T18:10:49.581388618Z,2026-04-23T18:10:48.287419699Z,1,1,42510079,T,B,0,69.500000000,5,0,20297,1085811170,68.750000000,69.500000000,28,5,2,1,ESM6 C7350
2026-04-23T18:12:02.081248029Z,2026-04-23T18:12:01.072158837Z,1,1,2588916,T,A,0,29.000000000,5,0,11910,426563909,29.000000000,29.250000000,5,5,1,1,UD:1V: VT 2588916
2026-04-23T18:12:02.900692609Z,2026-04-23T18:12:02.220378249Z,1,1,42987642,T,A,0,20.500000000,5,0,13761,1086861863,20.500000000,20.750000000,5,91,1,1,ESM6 P5975
2026-04-23T18:12:07.067129732Z,2026-04-23T18:12:06.863938607Z,1,1,42708161,T,A,0,10.400000000,5,0,15875,1086923684,10.400000000,10.600000000,5,194,1,5,ESM6 P5475
2026-04-23T18:12:30.570129246Z,2026-04-23T18:12:28.976670477Z,1,1,42394812,T,B,0,90.500000000,1,0,12846,1087164665,89.250000000,90.500000000,20,1,1,1,ESM6 P6800
2026-04-23T18:13:45.874960763Z,2026-04-23T18:13:45.874607849Z,1,1,42378592,T,A,0,50.500000000,15,0,14364,1088023736,50.500000000,50.750000000,15,92,1,6,ESM6 P6500
2026-04-23T18:14:02.658277723Z,2026-04-23T18:14:01.647484509Z,1,1,42458377,T,A,0,41.500000000,5,0,13320,1088161543,41.500000000,42.000000000,5,137,1,2,ESU6 P5400
2026-04-23T18:14:15.522300756Z,2026-04-23T18:14:15.248059413Z,1,1,42399706,T,A,0,72.750000000,2,0,11414,1088290471,72.750000000,73.250000000,2,15,1,2,ESM6 P6700
2026-04-23T18:14:25.983655428Z,2026-04-23T18:14:25.901628555Z,1,1,42378592,T,A,0,50.000000000,5,0,13111,1088371646,50.000000000,50.500000000,5,95,1,7,ESM6 P6500
2026-04-23T18:14:42.367090588Z,2026-04-23T18:14:42.159041269Z,1,1,42394754,T,A,0,29.000000000,110,0,11728,1088517989,29.000000000,29.500000000,111,191,4,7,ESM6 P6200
2026-04-23T18:14:42.378703314Z,2026-04-23T18:14:42.159042513Z,1,1,42836582,T,A,0,27.750000000,5,0,14226,1088518264,27.750000000,28.250000000,5,76,1,5,ESM6 P6175
2026-04-23T18:14:44.270056033Z,2026-04-23T18:14:43.725029765Z,1,1,42404324,T,A,0,1.100000000,1,0,14398,1088544385,1.100000000,1.150000000,1,333,1,4,ESM6 P3300
2026-04-23T18:14:48.792281793Z,2026-04-23T18:14:48.791943599Z,1,1,42404324,T,A,0,1.100000000,1,0,15283,1088592030,1.100000000,1.150000000,1,333,1,4,ESM6 P3300
2026-04-23T18:14:53.699240139Z,2026-04-23T18:14:53.515030277Z,1,1,42404324,T,A,0,1.100000000,1,0,13685,1088627217,1.100000000,1.150000000,1,200,1,1,ESM6 P3300
2026-04-23T18:15:14.642724638Z,2026-04-23T18:15:14.595786061Z,1,1,42310070,T,B,0,365.500000000,5,0,12563,1088871659,362.500000000,365.500000000,45,45,3,3,ESZ6 C7300
2026-04-23T18:15:56.138105965Z,2026-04-23T18:15:56.080726329Z,1,1,2658310,T,A,0,27.750000000,30,0,16472,427918170,27.750000000,28.000000000,30,234,1,2,UD:1V: BO 2658310
2026-04-23T18:16:32.469861964Z,2026-04-23T18:16:32.469266411Z,1,1,2641558,T,B,0,60.750000000,10,0,16510,428081854,60.250000000,60.750000000,191,10,4,1,UD:1V: GN 2641558
2026-04-23T18:16:38.121221260Z,2026-04-23T18:16:38.120689561Z,1,1,42404374,T,A,0,131.500000000,2,0,16185,1089655242,131.500000000,132.000000000,2,94,1,7,ESM6 P7000
2026-04-23T18:16:45.436147094Z,2026-04-23T18:16:45.360478179Z,1,1,42378592,T,A,0,49.500000000,10,0,14875,1089725405,49.500000000,50.000000000,10,97,1,8,ESM6 P6500
2026-04-23T18:17:01.016166971Z,2026-04-23T18:17:01.015625217Z,1,1,42458399,T,B,0,26.750000000,25,0,17470,1089863501,25.500000000,26.750000000,227,227,5,5,ESU6 C8000
2026-04-23T18:17:03.180791147Z,2026-04-23T18:17:03.097417579Z,1,1,300898,T,A,0,202.000000000,1,0,13257,1089881401,202.000000000,203.000000000,1,86,1,3,ESZ6 P6500
2026-04-23T18:17:30.132221471Z,2026-04-23T18:17:30.033057499Z,1,1,42404370,T,A,0,40.750000000,1,0,13334,1090148149,40.750000000,41.250000000,1,137,1,8,ESM6 P6400
2026-04-23T18:18:38.996683217Z,2026-04-23T18:18:38.060047955Z,1,1,42378450,T,A,0,26.250000000,5,0,14916,1091001599,26.250000000,26.750000000,5,283,1,6,ESM6 P6150
2026-04-23T18:19:18.093446161Z,2026-04-23T18:19:18.043714813Z,1,1,2619702,T,A,0,31.500000000,63,0,15970,429107383,31.500000000,32.000000000,63,164,1,4,UD:1V: VT 2619702
2026-04-23T18:19:57.277874007Z,2026-04-23T18:19:57.167179663Z,1,1,42804678,T,A,0,125.500000000,2,0,14074,1091650015,125.500000000,126.500000000,2,90,1,7,ESM6 C7225
2026-04-23T18:19:58.804374942Z,2026-04-23T18:19:58.803843175Z,1,1,42804678,T,B,0,125.500000000,20,0,14189,1091664786,125.000000000,125.500000000,89,20,9,1,ESM6 C7225
2026-04-23T18:20:00.495133319Z,2026-04-23T18:20:00.287224371Z,1,1,42212203,T,A,0,113.000000000,2,0,17239,1091683018,113.000000000,113.500000000,2,25,1,1,ESM6 C7250
2026-04-23T18:20:01.073855150Z,2026-04-23T18:20:00.478590571Z,1,1,42212203,T,B,0,113.000000000,2,0,16111,1091689210,112.500000000,113.000000000,61,4,8,1,ESM6 C7250
2026-04-23T18:20:01.100480936Z,2026-04-23T18:20:00.482021257Z,1,1,42212203,T,B,0,113.000000000,2,0,14825,1091689708,112.500000000,113.000000000,37,2,7,1,ESM6 C7250
2026-04-23T18:20:03.754817299Z,2026-04-23T18:20:03.722407505Z,1,1,42384724,T,A,0,139.000000000,7,0,17665,1091730047,139.000000000,140.000000000,7,86,2,7,ESM6 C7200
2026-04-23T18:20:06.196252207Z,2026-04-23T18:20:06.195913163Z,1,1,42804678,T,B,0,126.000000000,2,0,13891,1091752663,125.500000000,126.000000000,123,2,6,1,ESM6 C7225
2026-04-23T18:20:07.910721916Z,2026-04-23T18:20:07.818663649Z,1,1,42384724,T,A,0,139.000000000,18,0,16335,1091772976,139.000000000,140.000000000,18,61,2,6,ESM6 C7200
2026-04-23T18:20:09.550280790Z,2026-04-23T18:20:09.215664351Z,1,1,42804678,T,B,0,126.000000000,1,0,13879,1091803087,125.500000000,126.000000000,74,1,6,1,ESM6 C7225
2026-04-23T18:20:10.983334726Z,2026-04-23T18:20:10.982821567Z,1,1,42804678,T,B,0,126.000000000,12,0,13529,1091822050,125.500000000,126.000000000,59,12,8,1,ESM6 C7225
2026-04-23T18:20:29.512307473Z,2026-04-23T18:20:29.343880193Z,1,1,2619702,T,A,0,31.250000000,69,0,20139,429455820,31.250000000,31.750000000,69,93,1,2,UD:1V: VT 2619702
2026-04-23T18:21:07.363392401Z,2026-04-23T18:21:06.657554915Z,1,1,42378541,T,A,0,33.500000000,3,0,12049,1092350715,33.500000000,34.000000000,5,120,1,5,ESM6 P6300
2026-04-23T18:21:07.960078750Z,2026-04-23T18:21:06.773490139Z,1,1,42404370,T,A,0,40.000000000,1,0,16175,1092357197,40.000000000,40.500000000,1,40,1,1,ESM6 P6400
2026-04-23T18:21:18.023996968Z,2026-04-23T18:21:15.587266507Z,1,1,42366523,T,A,0,161.000000000,5,0,11143,1092494570,161.000000000,163.000000000,5,1,1,1,ESM6 P7100
2026-04-23T18:21:19.047582660Z,2026-04-23T18:21:16.425893457Z,1,1,42366523,T,B,0,161.000000000,17,0,16085,1092510339,159.500000000,161.000000000,38,45,1,1,ESM6 P7100
2026-04-23T18:21:19.362862913Z,2026-04-23T18:21:16.832174953Z,1,1,42366523,T,B,0,161.000000000,2,0,16809,1092514393,159.500000000,161.000000000,38,28,1,1,ESM6 P7100
2026-04-23T18:21:19.509630604Z,2026-04-23T18:21:17.161572545Z,1,1,42366523,T,B,0,161.000000000,5,0,18365,1092516666,159.500000000,161.000000000,38,26,1,1,ESM6 P7100
2026-04-23T18:21:19.824429612Z,2026-04-23T18:21:17.717977971Z,1,1,42366523,T,B,0,161.000000000,1,0,14614,1092521251,160.000000000,161.000000000,9,21,1,1,ESM6 P7100
2026-04-23T18:21:19.946788196Z,2026-04-23T18:21:17.989596789Z,1,1,42366523,T,B,0,161.000000000,20,0,14157,1092522917,160.000000000,161.000000000,9,20,1,1,ESM6 P7100
2026-04-23T18:21:41.073402358Z,2026-04-23T18:21:40.864392421Z,1,1,42760605,T,A,0,46.750000000,5,0,13607,1092796437,46.750000000,47.250000000,5,188,1,6,ESM6 P6475
2026-04-23T18:21:46.898338911Z,2026-04-23T18:21:46.408487085Z,1,1,42883306,T,B,0,170.000000000,5,0,13672,1092872166,169.000000000,170.000000000,20,5,5,1,ESM6 P7125
2026-04-23T18:21:50.662117588Z,2026-04-23T18:21:50.521008925Z,1,1,42372969,T,A,0,267.500000000,1,0,15789,1092919520,267.500000000,268.000000000,1,1,1,1,ESM6 C7000
2026-04-23T18:22:10.820635422Z,2026-04-23T18:22:10.795876969Z,1,1,42458399,T,A,0,26.250000000,21,0,10938,1093178475,26.250000000,26.750000000,25,183,1,5,ESU6 C8000
2026-04-23T18:22:10.893969803Z,2026-04-23T18:22:10.870995179Z,1,1,42458399,T,A,0,26.250000000,4,0,13168,1093179907,26.250000000,26.750000000,4,183,1,5,ESU6 C8000
2026-04-23T18:23:18.511926788Z,2026-04-23T18:23:18.279006105Z,1,1,42372979,T,B,0,90.000000000,1,0,17311,1093862008,89.750000000,90.000000000,62,1,6,1,ESM6 C7300
2026-04-23T18:24:02.564000359Z,2026-04-23T18:24:02.149834043Z,1,1,42394754,T,A,0,28.250000000,5,0,10318,1094248432,28.250000000,28.500000000,5,34,1,4,ESM6 P6200
2026-04-23T18:24:02.604529409Z,2026-04-23T18:24:02.154056601Z,1,1,42372979,T,B,0,91.000000000,1,0,13861,1094249157,90.500000000,91.000000000,32,1,5,1,ESM6 C7300
2026-04-23T18:24:24.719155926Z,2026-04-23T18:24:24.510893873Z,1,1,42738868,T,B,0,9.400000000,2,0,14972,1094454863,9.200000000,9.400000000,125,2,6,1,ESM6 C7675
2026-04-23T18:24:36.271395174Z,2026-04-23T18:24:36.270959255Z,1,1,2661329,T,B,0,30.750000000,10,0,15209,430866810,30.500000000,30.750000000,362,10,7,1,UD:1V: VT 2661329
2026-04-23T18:25:26.283040020Z,2026-04-23T18:25:26.195825113Z,1,1,42372969,T,A,0,268.500000000,1,0,11412,1094936779,268.500000000,269.000000000,1,17,1,5,ESM6 C7000
2026-04-23T18:26:09.062903171Z,2026-04-23T18:26:08.852633417Z,1,1,42499829,T,A,0,168.000000000,3,0,16160,1095285129,168.000000000,168.500000000,3,9,1,3,ESM6 C7150
2026-04-23T18:26:45.245185946Z,2026-04-23T18:26:45.244715259Z,1,1,42394733,T,B,0,8.300000000,2,0,19241,1095616511,8.200000000,8.300000000,177,2,2,1,ESM6 P5300
2026-04-23T18:26:47.672050391Z,2026-04-23T18:26:47.551519293Z,1,1,42394732,T,B,0,8.800000000,2,0,12641,1095656534,8.700000000,8.800000000,173,2,2,1,ESM6 P5350
2026-04-23T18:26:47.683446113Z,2026-04-23T18:26:47.582902523Z,1,1,42394732,T,B,0,8.800000000,27,0,12690,1095656743,8.700000000,8.800000000,173,113,2,1,ESM6 P5350
2026-04-23T18:26:47.726545179Z,2026-04-23T18:26:47.680288123Z,1,1,42394732,T,B,0,8.800000000,1,0,12635,1095657484,8.700000000,8.800000000,203,111,3,2,ESM6 P5350
2026-04-23T18:26:47.726790196Z,2026-04-23T18:26:47.680288303Z,1,1,42394732,T,B,0,8.800000000,1,0,12720,1095657486,8.700000000,8.800000000,203,110,3,2,ESM6 P5350
2026-04-23T18:27:35.663730149Z,2026-04-23T18:27:35.327924395Z,1,1,2655176,T,A,0,47.750000000,1,0,14714,431667337,47.750000000,48.000000000,1,461,1,5,UD:1V: VT 2655176
2026-04-23T18:28:07.607204415Z,2026-04-23T18:28:07.258606597Z,1,1,42883306,T,B,0,170.500000000,3,0,11622,1096303229,169.500000000,170.500000000,58,3,7,1,ESM6 P7125
2026-04-23T18:28:51.578727396Z,2026-04-23T18:28:51.578165783Z,1,1,42315459,T,A,0,83.250000000,24,0,13320,1096676221,83.250000000,83.750000000,40,50,1,2,ESZ6 C8000
2026-04-23T18:28:51.578965828Z,2026-04-23T18:28:51.578321865Z,1,1,42315459,T,A,0,83.250000000,16,0,16077,1096676223,83.250000000,83.750000000,16,50,1,2,ESZ6 C8000
2026-04-23T18:30:01.426937969Z,2026-04-23T18:30:01.167537725Z,1,1,42372969,T,B,0,271.000000000,1,0,16221,1097183346,270.500000000,271.000000000,4,1,1,1,ESM6 C7000
2026-04-23T18:30:08.889138510Z,2026-04-23T18:30:08.697040499Z,1,1,42404354,T,A,0,5.400000000,37,0,14422,1097281728,5.400000000,5.600000000,37,609,1,8,ESM6 P4900
2026-04-23T18:30:12.501679024Z,2026-04-23T18:30:11.530826257Z,1,1,42510079,T,A,0,72.500000000,1,0,13966,1097339450,72.500000000,73.250000000,6,10,2,2,ESM6 C7350
2026-04-23T18:30:12.923209419Z,2026-04-23T18:30:12.089585359Z,1,1,2661557,T,B,0,189.000000000,1,0,14063,432384431,187.500000000,189.000000000,38,38,1,1,UD:1V: VT 2661557
2026-04-23T18:30:56.400650684Z,2026-04-23T18:30:56.400094417Z,1,1,2640042,T,A,0,3.850000000,141,0,13837,432649310,3.850000000,4.000000000,305,583,3,5,UD:1V: VT 2640042
2026-04-23T18:30:56.411156339Z,2026-04-23T18:30:56.400551069Z,1,1,2640042,T,A,0,3.850000000,84,0,15718,432649312,3.850000000,4.000000000,164,583,2,5,UD:1V: VT 2640042
2026-04-23T18:31:14.948861833Z,2026-04-23T18:31:14.896456967Z,1,1,42439351,T,A,0,134.000000000,5,0,15027,1097977367,134.000000000,134.500000000,5,108,1,6,ESU6 P6500
2026-04-23T18:32:15.822290441Z,2026-04-23T18:32:15.590146675Z,1,1,42378374,T,B,0,196.500000000,1,0,11473,1098578820,195.500000000,196.500000000,55,1,4,1,ESM6 P7200
2026-04-23T18:32:51.704716574Z,2026-04-23T18:32:51.593109173Z,1,1,42378346,T,B,0,31.500000000,1,0,11016,1098881780,31.250000000,31.500000000,95,1,7,1,ESM6 C7500
2026-04-23T18:33:20.625335084Z,2026-04-23T18:33:20.542801469Z,1,1,42394812,T,A,0,85.000000000,1,0,13843,1099122193,85.000000000,85.500000000,1,92,1,6,ESM6 P6800
2026-04-23T18:35:42.775397695Z,2026-04-23T18:35:42.628964857Z,1,1,42366510,T,A,0,206.000000000,14,0,14003,1100231390,206.000000000,206.500000000,14,16,1,4,ESM6 C7100
2026-04-23T18:35:58.451771886Z,2026-04-23T18:35:58.303658091Z,1,1,42366510,T,A,0,206.000000000,3,0,11466,1100355422,206.000000000,206.500000000,3,16,1,5,ESM6 C7100
2026-04-23T18:36:05.551934831Z,2026-04-23T18:36:05.491830627Z,1,1,42404370,T,A,0,39.250000000,1,0,11345,1100429119,39.250000000,39.750000000,6,156,2,7,ESM6 P6400
2026-04-23T18:36:28.045514428Z,2026-04-23T18:36:28.020114589Z,1,1,42384726,T,A,0,10.100000000,25,0,16559,1100612291,10.100000000,10.200000000,43,25,2,1,ESM6 P5500
2026-04-23T18:36:41.728700779Z,2026-04-23T18:36:41.525976499Z,1,1,42378374,T,B,0,194.000000000,1,0,11965,1100718052,193.500000000,194.000000000,18,1,3,1,ESM6 P7200
2026-04-23T18:37:20.395111140Z,2026-04-23T18:37:20.392262757Z,1,1,42372969,T,A,0,276.000000000,1,0,15201,1101022915,276.000000000,276.500000000,1,19,1,4,ESM6 C7000
2026-04-23T18:37:58.606133122Z,2026-04-23T18:37:58.597291437Z,1,1,42378592,T,B,0,47.500000000,5,0,15596,1101319506,46.750000000,47.500000000,500,99,9,7,ESM6 P6500
2026-04-23T18:38:12.624657300Z,2026-04-23T18:38:12.624131783Z,1,1,547283,T,B,0,52.000000000,2,0,17839,1101399040,51.000000000,52.000000000,350,190,6,3,ESZ6 P5000
2026-04-23T18:38:19.029218353Z,2026-04-23T18:38:19.028696297Z,1,1,42378592,T,B,0,47.500000000,5,0,15821,1101428696,47.000000000,47.500000000,118,37,5,5,ESM6 P6500
2026-04-23T18:39:24.338196732Z,2026-04-23T18:39:24.093491587Z,1,1,42458399,T,A,0,27.250000000,25,0,13758,1102119628,27.250000000,27.750000000,25,226,1,5,ESU6 C8000
2026-04-23T18:40:24.882566875Z,2026-04-23T18:40:24.814140277Z,1,1,2638603,T,A,0,30.250000000,1,0,14665,435300735,30.250000000,30.500000000,744,484,6,4,UD:1V: VT 2638603
2026-04-23T18:40:28.189819777Z,2026-04-23T18:40:28.009072361Z,1,1,42409642,T,A,0,6.300000000,35,0,14679,1102668630,6.300000000,6.400000000,35,314,1,7,ESM6 P5050
2026-04-23T18:40:28.443010015Z,2026-04-23T18:40:28.442427061Z,1,1,2661909,T,A,0,-17.000000000,1,0,13642,435327330,-17.000000000,-16.800000000,1,181,1,2,UD:1V: GN 2661909
2026-04-23T18:42:18.201272479Z,2026-04-23T18:42:18.200800299Z,1,1,42366510,T,B,0,203.000000000,1,0,13807,1103556755,202.500000000,203.000000000,25,1,5,1,ESM6 C7100
2026-04-23T18:42:34.391072649Z,2026-04-23T18:42:34.281290301Z,1,1,42399706,T,B,0,71.000000000,1,0,15840,1103671699,70.750000000,71.000000000,83,1,5,1,ESM6 P6700
2026-04-23T18:42:40.963021972Z,2026-04-23T18:42:40.697159411Z,1,1,42394753,T,B,0,19.300000000,1,0,14955,1103759778,18.900000000,19.300000000,247,49,7,2,ESM6 P5950
2026-04-23T18:42:45.991486383Z,2026-04-23T18:42:44.833978135Z,1,1,42804679,T,B,0,11.600000000,2,0,13885,1103845874,11.500000000,11.600000000,5,44,1,1,ESM6 P5575
2026-04-23T18:42:47.904706717Z,2026-04-23T18:42:46.706678247Z,1,1,42836581,T,B,0,21.750000000,1,0,13653,1103876935,21.500000000,21.750000000,30,5,2,1,ESM6 P6025
2026-04-23T18:42:48.882716775Z,2026-04-23T18:42:47.972790495Z,1,1,42378449,T,B,0,21.000000000,1,0,11112,1103892287,20.500000000,21.000000000,177,137,5,5,ESM6 P6000
2026-04-23T18:42:56.504194436Z,2026-04-23T18:42:56.054118283Z,1,1,42384730,T,B,0,16.800000000,5,0,14400,1103987969,16.600000000,16.800000000,20,87,1,1,ESM6 P5850
2026-04-23T18:43:04.108254707Z,2026-04-23T18:43:03.543369333Z,1,1,42853787,T,B,0,17.500000000,2,0,14512,1104062096,17.100000000,17.500000000,172,132,5,3,ESM6 P5875
2026-04-23T18:43:05.423120699Z,2026-04-23T18:43:04.587678423Z,1,1,42919946,T,B,0,16.300000000,2,0,14781,1104080035,15.900000000,16.300000000,173,136,4,3,ESM6 P5825
2026-04-23T18:43:08.542205235Z,2026-04-23T18:43:08.510692929Z,1,1,42409666,T,B,0,15.800000000,3,0,17750,1104126401,15.400000000,15.800000000,209,264,4,7,ESM6 P5800
2026-04-23T18:43:10.119028535Z,2026-04-23T18:43:09.785527771Z,1,1,42919947,T,B,0,14.200000000,2,0,13733,1104150804,14.000000000,14.200000000,30,2,2,1,ESM6 P5725
2026-04-23T18:43:10.935243548Z,2026-04-23T18:43:10.261720381Z,1,1,42883304,T,B,0,13.300000000,2,0,15334,1104164621,13.100000000,13.300000000,5,98,1,2,ESM6 P5675
2026-04-23T18:43:14.470262331Z,2026-04-23T18:43:14.145716739Z,1,1,42409657,T,B,0,12.100000000,13,0,13248,1104215040,12.000000000,12.100000000,5,100,1,1,ESM6 P5600
2026-04-23T18:43:14.697841755Z,2026-04-23T18:43:14.527660033Z,1,1,42760604,T,B,0,12.500000000,21,0,12992,1104218824,12.400000000,12.500000000,5,99,1,1,ESM6 P5625
2026-04-23T18:43:21.897812959Z,2026-04-23T18:43:21.869064839Z,1,1,42439387,T,B,0,3.000000000,1,0,16185,1104311707,2.900000000,3.000000000,544,1,5,1,ESU6 P2400
2026-04-23T18:44:00.557345187Z,2026-04-23T18:44:00.411228219Z,1,1,42372931,T,A,0,6.800000000,35,0,14405,1104764567,6.800000000,6.900000000,35,74,1,3,ESM6 P5100
2026-04-23T18:44:07.873312166Z,2026-04-23T18:44:07.844768781Z,1,1,42598890,T,A,0,66.000000000,25,0,14439,1104837154,66.000000000,66.250000000,25,28,1,3,ESU6 C7750
2026-04-23T18:44:40.170841323Z,2026-04-23T18:44:40.167324731Z,1,1,42409647,T,A,0,5.800000000,36,0,14838,1105109808,5.800000000,6.000000000,36,592,1,9,ESM6 P4950
2026-04-23T18:45:34.066582988Z,2026-04-23T18:45:34.030859361Z,1,1,42853783,T,B,0,83.000000000,2,0,16452,1105528987,82.500000000,83.000000000,101,2,5,1,ESM6 C7325
2026-04-23T18:45:36.393886927Z,2026-04-23T18:45:36.209631825Z,1,1,42853804,T,B,0,68.500000000,2,0,15286,1105556796,68.250000000,68.500000000,62,2,2,1,ESM6 P6675
2026-04-23T18:45:55.218830766Z,2026-04-23T18:45:55.218489023Z,1,1,42366458,T,A,0,1.200000000,1,0,15094,1105718154,1.200000000,1.300000000,1,566,1,6,ESM6 P3400
2026-04-23T18:45:58.055919884Z,2026-04-23T18:45:58.048806209Z,1,1,2694915,T,A,0,55.250000000,65,0,16031,436980309,55.250000000,55.500000000,65,122,1,4,UD:1V: VT 2694915
2026-04-23T18:47:06.228517623Z,2026-04-23T18:47:06.181063013Z,1,1,42372979,T,A,0,93.000000000,1,0,14948,1106316483,93.000000000,93.250000000,1,61,1,6,ESM6 C7300
2026-04-23T18:47:08.892381054Z,2026-04-23T18:47:08.891821687Z,1,1,42404324,T,A,0,1.100000000,1,0,13818,1106331947,1.100000000,1.150000000,1,346,1,4,ESM6 P3300
2026-04-23T18:47:23.505562537Z,2026-04-23T18:47:23.411069309Z,1,1,42409657,T,A,0,11.900000000,5,0,11675,1106471801,11.900000000,12.000000000,5,194,1,4,ESM6 P5600
2026-04-23T18:47:46.436036593Z,2026-04-23T18:47:46.427167009Z,1,1,42384724,T,A,0,141.000000000,1,0,13208,1106662664,141.000000000,142.500000000,103,108,9,9,ESM6 C7200
2026-04-23T18:47:59.709144190Z,2026-04-23T18:47:59.707897167Z,1,1,42404324,T,A,0,1.100000000,1,0,19070,1106750427,1.100000000,1.200000000,1,588,1,7,ESM6 P3300
2026-04-23T18:48:30.470903793Z,2026-04-23T18:48:30.470399695Z,1,1,42366510,T,B,0,202.500000000,3,0,13650,1106967311,201.500000000,202.500000000,31,45,7,6,ESM6 C7100
2026-04-23T18:48:36.261467714Z,2026-04-23T18:48:36.251535733Z,1,1,42384724,T,A,0,141.500000000,2,0,15622,1106995212,141.500000000,142.500000000,23,69,3,9,ESM6 C7200
2026-04-23T18:49:17.239911188Z,2026-04-23T18:49:17.239230583Z,1,1,2694861,T,A,0,75.500000000,1,0,15133,437843682,75.500000000,75.750000000,149,530,2,5,UD:1V: VT 2694861
2026-04-23T18:49:17.933380144Z,2026-04-23T18:49:17.743058419Z,1,1,42372979,T,A,0,92.250000000,1,0,17066,1107349908,92.250000000,92.750000000,25,10,5,2,ESM6 C7300
2026-04-23T18:49:36.160617172Z,2026-04-23T18:49:36.027082961Z,1,1,42404324,T,A,0,1.100000000,1,0,13162,1107545343,1.100000000,1.200000000,1,505,1,5,ESM6 P3300
2026-04-23T18:50:07.827849705Z,2026-04-23T18:50:07.560067945Z,1,1,42404370,T,B,0,42.000000000,1,0,14303,1107866238,41.500000000,42.000000000,139,1,9,1,ESM6 P6400
2026-04-23T18:50:20.936286468Z,2026-04-23T18:50:20.845054475Z,1,1,42366510,T,B,0,199.500000000,20,0,12514,1108012125,198.500000000,199.500000000,127,20,10,1,ESM6 C7100
2026-04-23T18:50:26.649659305Z,2026-04-23T18:50:26.649141483Z,1,1,42315459,T,A,0,83.250000000,57,0,12962,1108058566,83.250000000,83.500000000,200,51,1,2,ESZ6 C8000
2026-04-23T18:50:26.649901212Z,2026-04-23T18:50:26.649141659Z,1,1,42315459,T,A,0,83.250000000,55,0,14098,1108058568,83.250000000,83.500000000,143,51,1,2,ESZ6 C8000
2026-04-23T18:50:26.650147843Z,2026-04-23T18:50:26.649141837Z,1,1,42315459,T,A,0,83.250000000,88,0,12524,1108058570,83.250000000,83.500000000,88,51,1,2,ESZ6 C8000
2026-04-23T18:50:32.155398679Z,2026-04-23T18:50:31.955368947Z,1,1,42853786,T,B,0,11.200000000,39,0,13864,1108123688,11.100000000,11.200000000,5,103,1,1,ESM6 P5525
2026-04-23T18:50:43.512368639Z,2026-04-23T18:50:43.508700775Z,1,1,42315459,T,A,0,83.250000000,46,0,14172,1108244122,83.250000000,83.500000000,200,257,1,4,ESZ6 C8000
2026-04-23T18:50:43.512581345Z,2026-04-23T18:50:43.508731769Z,1,1,42315459,T,A,0,83.250000000,62,0,11313,1108244124,83.250000000,83.500000000,154,257,1,4,ESZ6 C8000
2026-04-23T18:50:43.512962041Z,2026-04-23T18:50:43.508872845Z,1,1,42315459,T,A,0,83.250000000,92,0,13975,1108244126,83.250000000,83.500000000,92,257,1,4,ESZ6 C8000
2026-04-23T18:51:38.952316702Z,2026-04-23T18:51:38.947223935Z,1,1,42366462,T,A,0,5.400000000,37,0,15959,1108769123,5.400000000,5.500000000,37,322,1,5,ESM6 P4850
2026-04-23T18:51:58.129234030Z,2026-04-23T18:51:58.128694719Z,1,1,42366458,T,A,0,1.250000000,1,0,15819,1108906779,1.250000000,1.300000000,1,325,1,4,ESM6 P3400
2026-04-23T18:52:15.168948869Z,2026-04-23T18:52:15.010380497Z,1,1,42378450,T,A,0,27.000000000,5,0,13451,1109081418,27.000000000,27.250000000,5,56,1,1,ESM6 P6150
2026-04-23T18:52:56.461090518Z,2026-04-23T18:52:56.094424375Z,1,1,42836582,T,A,0,28.000000000,5,0,17981,1109426866,28.000000000,28.250000000,5,4,1,2,ESM6 P6175
2026-04-23T18:52:58.546347721Z,2026-04-23T18:52:58.542239001Z,1,1,42378450,T,A,0,26.750000000,20,0,15950,1109459400,26.750000000,27.000000000,41,4,4,2,ESM6 P6150
2026-04-23T18:52:58.552646991Z,2026-04-23T18:52:58.542382267Z,1,1,42378450,T,A,0,26.750000000,5,0,11422,1109459580,26.750000000,27.000000000,21,4,2,2,ESM6 P6150
2026-04-23T18:52:58.591775532Z,2026-04-23T18:52:58.551200423Z,1,1,42378450,T,A,0,26.750000000,15,0,17094,1109460102,26.750000000,27.000000000,23,4,3,2,ESM6 P6150
2026-04-23T18:53:00.159124958Z,2026-04-23T18:53:00.065889867Z,1,1,42821844,T,A,0,25.750000000,25,0,14924,1109469791,25.750000000,26.000000000,25,154,1,5,ESM6 P6125
2026-04-23T18:54:35.110558558Z,2026-04-23T18:54:35.055564843Z,1,1,2655359,T,A,0,25.750000000,1,0,11488,439374549,25.750000000,26.000000000,678,699,6,6,UD:1V: VT 2655359
2026-04-23T18:55:09.072732229Z,2026-04-23T18:55:09.016662889Z,1,1,42804680,T,A,0,43.750000000,25,0,14514,1110462186,43.750000000,44.250000000,64,117,4,6,ESM6 P6425
2026-04-23T18:55:11.647902930Z,2026-04-23T18:55:11.647038269Z,1,1,42836582,T,A,0,28.250000000,5,0,16809,1110475913,28.250000000,28.750000000,5,254,1,8,ESM6 P6175
2026-04-23T18:55:14.569481035Z,2026-04-23T18:55:14.561405843Z,1,1,42804678,T,A,0,127.500000000,2,0,16492,1110503253,127.500000000,128.000000000,2,61,1,5,ESM6 C7225
2026-04-23T18:55:20.308614983Z,2026-04-23T18:55:20.132531741Z,1,1,42378450,T,A,0,27.000000000,5,0,14294,1110550103,27.000000000,27.250000000,5,172,1,5,ESM6 P6150
2026-04-23T18:55:35.055462679Z,2026-04-23T18:55:35.020133237Z,1,1,42883176,T,A,0,155.000000000,7,0,16283,1110674526,155.000000000,156.000000000,7,75,2,8,ESM6 C7175
2026-04-23T18:55:56.896452332Z,2026-04-23T18:55:56.895917083Z,1,1,42510479,T,B,0,0.350000000,100,0,15442,1110827353,0.200000000,0.350000000,10,378,1,2,ESZ6 C12000
2026-04-23T18:56:18.999033230Z,2026-04-23T18:56:18.998638351Z,1,1,42404325,T,A,0,1.900000000,1,0,15276,1111038494,1.900000000,1.950000000,1,291,1,3,ESM6 P3800
2026-04-23T18:56:35.340722012Z,2026-04-23T18:56:35.292946085Z,1,1,42300184,T,A,0,98.250000000,2,0,15180,1111146049,98.250000000,99.000000000,22,103,4,7,ESM6 P6850
2026-04-23T18:56:35.405311845Z,2026-04-23T18:56:35.342874903Z,1,1,42300184,T,A,0,98.250000000,2,0,13937,1111147281,98.250000000,99.000000000,96,103,3,7,ESM6 P6850
2026-04-23T18:56:45.843888868Z,2026-04-23T18:56:45.829583013Z,1,1,42821844,T,A,0,26.000000000,15,0,14573,1111217539,26.000000000,26.500000000,30,171,2,7,ESM6 P6125
2026-04-23T18:56:45.883349438Z,2026-04-23T18:56:45.857154493Z,1,1,42821844,T,A,0,26.000000000,10,0,16068,1111218123,26.000000000,26.500000000,15,186,2,8,ESM6 P6125
2026-04-23T18:57:12.512193023Z,2026-04-23T18:57:12.269482863Z,1,1,42394812,T,B,0,90.000000000,1,0,12860,1111462883,89.500000000,90.000000000,117,1,9,1,ESM6 P6800
2026-04-23T18:57:16.032117583Z,2026-04-23T18:57:16.023204103Z,1,1,42836582,T,A,0,28.500000000,5,0,13284,1111489823,28.500000000,28.750000000,5,9,1,3,ESM6 P6175
2026-04-23T18:57:18.428189627Z,2026-04-23T18:57:18.234441265Z,1,1,42378450,T,A,0,27.250000000,5,0,17528,1111515046,27.250000000,27.750000000,5,158,1,6,ESM6 P6150
2026-04-23T18:57:22.755536553Z,2026-04-23T18:57:22.747984941Z,1,1,42804682,T,A,0,85.250000000,2,0,17273,1111548320,85.250000000,85.750000000,2,17,1,4,ESM6 P6775
2026-04-23T18:57:30.015739483Z,2026-04-23T18:57:30.010241027Z,1,1,42378450,T,A,0,27.250000000,5,0,14949,1111605901,27.250000000,27.750000000,5,269,1,9,ESM6 P6150
2026-04-23T18:57:30.484723212Z,2026-04-23T18:57:30.484228989Z,1,1,42384779,T,A,0,61.250000000,1,0,14204,1111608698,61.250000000,61.500000000,1,105,1,6,ESM6 P6600
2026-04-23T18:57:55.716008670Z,2026-04-23T18:57:55.707684161Z,1,1,42804682,T,A,0,85.250000000,2,0,16468,1111770540,85.250000000,85.750000000,7,10,2,2,ESM6 P6775
2026-04-23T18:57:56.754302036Z,2026-04-23T18:57:56.753760893Z,1,1,2662448,T,B,0,8.600000000,1,0,15609,440217623,8.400000000,8.600000000,625,506,6,4,UD:1V: VT 2662448
2026-04-23T18:58:06.959225664Z,2026-04-23T18:58:06.958653339Z,1,1,42399706,T,A,0,74.000000000,1,0,13303,1111836904,74.000000000,74.250000000,1,96,1,6,ESM6 P6700
2026-04-23T18:58:33.271529110Z,2026-04-23T18:58:32.942342245Z,1,1,2638085,T,A,0,39.500000000,34,0,16438,440377229,39.500000000,39.750000000,34,675,1,6,UD:1V: VT 2638085
2026-04-23T18:59:29.379090838Z,2026-04-23T18:59:28.412200403Z,1,1,42404370,T,B,0,43.000000000,1,0,12882,1112534135,40.000000000,43.000000000,83,1,1,1,ESM6 P6400
2026-04-23T18:59:31.675336264Z,2026-04-23T18:59:29.538140787Z,1,1,42458399,T,A,0,26.000000000,25,0,12303,1112567398,26.000000000,26.750000000,25,82,1,2,ESU6 C8000
2026-04-23T19:01:02.485415227Z,2026-04-23T19:01:02.481793879Z,1,1,2662896,T,B,0,4.450000000,1,0,14331,441405526,4.350000000,4.450000000,25,892,1,2,UD:1V: VT 2662896
2026-04-23T19:01:17.557487599Z,2026-04-23T19:01:17.528248215Z,1,1,42372979,T,A,0,89.250000000,1,0,13853,1114021604,89.250000000,90.000000000,31,51,3,4,ESM6 C7300
2026-04-23T19:01:26.308469204Z,2026-04-23T19:01:26.083874985Z,1,1,42836579,T,B,0,15.900000000,25,0,13263,1114116230,15.700000000,15.900000000,5,25,1,1,ESM6 P5775
2026-04-23T19:01:52.038521003Z,2026-04-23T19:01:52.036064303Z,1,1,2663064,T,A,0,16.000000000,1,0,15013,441758623,16.000000000,16.100000000,177,5,3,1,UD:1V: VT 2663064
2026-04-23T19:01:58.451944706Z,2026-04-23T19:01:57.977414991Z,1,1,42394812,T,A,0,91.500000000,31,0,14241,1114520071,91.500000000,92.250000000,32,69,2,6,ESM6 P6800
2026-04-23T19:02:02.944748268Z,2026-04-23T19:02:02.882021929Z,1,1,42836583,T,B,0,32.000000000,4,0,16989,1114585812,31.750000000,32.000000000,18,4,2,2,ESM6 P6225
2026-04-23T19:02:02.964716801Z,2026-04-23T19:02:02.915453849Z,1,1,42836580,T,B,0,25.000000000,5,0,11219,1114586249,24.500000000,25.000000000,330,5,7,1,ESM6 P6075
2026-04-23T19:02:03.334071755Z,2026-04-23T19:02:03.333511829Z,1,1,2694858,T,A,0,10.400000000,1,0,14879,441825177,10.400000000,10.500000000,1,500,1,5,UD:1V: VT 2694858
2026-04-23T19:02:08.370983102Z,2026-04-23T19:02:08.125935195Z,1,1,42836582,T,B,0,29.500000000,2,0,15662,1114645473,29.000000000,29.500000000,305,2,9,1,ESM6 P6175
2026-04-23T19:02:08.946605686Z,2026-04-23T19:02:08.921100793Z,1,1,42836582,T,B,0,29.500000000,4,0,16163,1114655012,29.000000000,29.500000000,305,4,9,2,ESM6 P6175
2026-04-23T19:02:09.224115662Z,2026-04-23T19:02:09.218434975Z,1,1,42836582,T,B,0,29.500000000,22,0,15611,1114656490,29.000000000,29.500000000,305,22,9,2,ESM6 P6175
2026-04-23T19:02:13.441583006Z,2026-04-23T19:02:13.174211853Z,1,1,2653831,T,B,0,20.750000000,25,0,14162,441899042,20.500000000,20.750000000,726,25,6,1,UD:1V: VT 2653831
2026-04-23T19:02:41.351580331Z,2026-04-23T19:02:41.286293437Z,1,1,42366523,T,A,0,168.500000000,2,0,14139,1115046883,168.500000000,169.500000000,45,71,6,7,ESM6 P7100
2026-04-23T19:02:41.560758970Z,2026-04-23T19:02:41.555884631Z,1,1,42366523,T,A,0,168.500000000,2,0,14001,1115050539,168.500000000,169.500000000,97,80,7,7,ESM6 P7100
2026-04-23T19:03:20.476291827Z,2026-04-23T19:03:20.475787699Z,1,1,42394812,T,A,0,91.750000000,2,0,13706,1115456786,91.750000000,92.500000000,34,117,3,7,ESM6 P6800
2026-04-23T19:03:20.765974084Z,2026-04-23T19:03:20.764957155Z,1,1,42394812,T,A,0,91.750000000,2,0,15393,1115457915,91.750000000,92.250000000,32,1,3,1,ESM6 P6800
2026-04-23T19:03:21.689616227Z,2026-04-23T19:03:21.689063723Z,1,1,42394812,T,A,0,91.750000000,2,0,13282,1115463779,91.750000000,92.500000000,50,123,4,8,ESM6 P6800
2026-04-23T19:03:21.740016286Z,2026-04-23T19:03:21.735619757Z,1,1,42394812,T,A,0,91.750000000,2,0,15707,1115464086,91.750000000,92.500000000,48,123,3,8,ESM6 P6800
2026-04-23T19:03:21.762823602Z,2026-04-23T19:03:21.761928451Z,1,1,42394812,T,A,0,91.750000000,2,0,15875,1115464566,91.750000000,92.500000000,26,123,2,8,ESM6 P6800
2026-04-23T19:03:21.895914881Z,2026-04-23T19:03:21.895424497Z,1,1,42394812,T,A,0,91.750000000,2,0,13834,1115464890,91.750000000,92.500000000,24,123,2,8,ESM6 P6800
2026-04-23T19:03:22.015042787Z,2026-04-23T19:03:22.014520333Z,1,1,42394812,T,A,0,91.750000000,2,0,16161,1115465291,91.750000000,92.500000000,22,123,2,8,ESM6 P6800
2026-04-23T19:04:05.547259451Z,2026-04-23T19:04:05.048213359Z,1,1,42366510,T,A,0,196.500000000,1,0,14849,1115930461,196.500000000,197.000000000,1,41,1,7,ESM6 C7100
2026-04-23T19:04:24.815807787Z,2026-04-23T19:04:24.806357513Z,1,1,42394812,T,A,0,92.000000000,2,0,15141,1116093512,92.000000000,92.750000000,9,107,3,8,ESM6 P6800
2026-04-23T19:04:25.063730475Z,2026-04-23T19:04:25.056852147Z,1,1,42919949,T,A,0,96.500000000,2,0,17217,1116096773,96.500000000,97.250000000,4,125,2,7,ESM6 P6825
2026-04-23T19:05:01.923870163Z,2026-04-23T19:05:01.186154149Z,1,1,42384724,T,B,0,138.000000000,1,0,16013,1116439525,137.500000000,138.000000000,26,1,4,1,ESM6 C7200
2026-04-23T19:05:16.221933593Z,2026-04-23T19:05:16.221417593Z,1,1,42366459,T,A,0,1.500000000,1,0,13155,1116638957,1.500000000,1.650000000,28,489,2,5,ESM6 P3600
2026-04-23T19:05:38.215949139Z,2026-04-23T19:05:38.180746227Z,1,1,42821844,T,B,0,27.000000000,4,0,16246,1116859370,26.750000000,27.000000000,122,4,3,2,ESM6 P6125
2026-04-23T19:06:00.709948789Z,2026-04-23T19:06:00.513388081Z,1,1,42821844,T,A,0,26.500000000,1,0,16282,1117088857,26.500000000,27.000000000,5,270,1,7,ESM6 P6125
2026-04-23T19:06:20.087120811Z,2026-04-23T19:06:20.078438685Z,1,1,42629927,T,A,0,23.000000000,4,0,15948,1117278716,23.000000000,23.500000000,30,211,2,6,ESM6 P6040
2026-04-23T19:06:20.685054083Z,2026-04-23T19:06:20.547044855Z,1,1,42987642,T,A,0,20.750000000,8,0,18930,1117284411,20.750000000,21.250000000,47,347,3,8,ESM6 P5975
2026-04-23T19:06:20.943185547Z,2026-04-23T19:06:20.573173885Z,1,1,2638085,T,B,0,39.750000000,39,0,14322,443315780,39.500000000,39.750000000,728,83,7,1,UD:1V: VT 2638085
2026-04-23T19:06:32.120244985Z,2026-04-23T19:06:32.016326179Z,1,1,2638541,T,B,0,6.400000000,1,0,13765,443391906,6.200000000,6.400000000,1919,1,6,1,UD:1V: VT 2638541
2026-04-23T19:06:37.327750855Z,2026-04-23T19:06:36.990933883Z,1,1,42372979,T,A,0,91.000000000,4,0,17969,1117477865,91.000000000,91.250000000,4,22,2,1,ESM6 C7300
2026-04-23T19:06:37.635878315Z,2026-04-23T19:06:37.521859459Z,1,1,42372979,T,A,0,91.000000000,1,0,13216,1117484667,91.000000000,91.250000000,11,22,1,1,ESM6 C7300
2026-04-23T19:06:37.659460619Z,2026-04-23T19:06:37.586425587Z,1,1,42372979,T,A,0,91.000000000,1,0,13521,1117485163,91.000000000,91.250000000,10,22,1,1,ESM6 C7300
2026-04-23T19:07:25.012686427Z,2026-04-23T19:07:25.012173625Z,1,1,42378592,T,A,0,50.750000000,2,0,16274,1117847391,50.750000000,51.500000000,394,59,9,6,ESM6 P6500
2026-04-23T19:07:30.050185614Z,2026-04-23T19:07:30.022517447Z,1,1,42384872,T,A,0,81.500000000,1,0,16300,1117891827,81.500000000,82.000000000,1,67,1,4,ESM6 P6750
2026-04-23T19:07:45.360395187Z,2026-04-23T19:07:45.147819785Z,1,1,42378346,T,A,0,31.000000000,2,0,13747,1118040027,31.000000000,31.250000000,2,150,1,8,ESM6 C7500
2026-04-23T19:08:25.485832630Z,2026-04-23T19:08:25.257549659Z,1,1,42760625,T,A,0,52.750000000,2,0,16102,1118363740,52.750000000,53.250000000,36,34,2,1,ESM6 P6525
2026-04-23T19:10:41.618520447Z,2026-04-23T19:10:41.457095927Z,1,1,42394753,T,B,0,20.250000000,4,0,13553,1119446049,19.900000000,20.250000000,233,33,6,2,ESM6 P5950
2026-04-23T19:10:41.867542551Z,2026-04-23T19:10:41.681085757Z,1,1,42987642,T,B,0,21.000000000,3,0,13076,1119450672,20.500000000,21.000000000,450,10,9,2,ESM6 P5975
2026-04-23T19:11:27.685609618Z,2026-04-23T19:11:27.472067909Z,1,1,42760624,T,A,0,103.500000000,4,0,11618,1119783549,103.500000000,104.000000000,4,32,1,2,ESM6 P6875
2026-04-23T19:11:35.368719053Z,2026-04-23T19:11:35.130712831Z,1,1,42413475,T,B,0,116.500000000,17,0,11447,1119874953,116.000000000,116.500000000,150,85,5,1,ESU6 P6350
2026-04-23T19:12:28.199283243Z,2026-04-23T19:12:28.198765069Z,1,1,42384725,T,A,0,55.000000000,2,0,13817,1120292121,55.000000000,55.250000000,2,127,1,6,ESM6 C7400
2026-04-23T19:14:27.710497406Z,2026-04-23T19:14:27.457704781Z,1,1,42377432,T,A,0,98.250000000,10,0,15058,1121085844,98.250000000,98.500000000,10,59,1,1,ESU6 P6200
2026-04-23T19:15:44.772019870Z,2026-04-23T19:15:44.771486907Z,1,1,42404367,T,B,0,24.750000000,1,0,14410,1121702910,24.500000000,24.750000000,476,1,10,1,ESM6 P6100
2026-04-23T19:17:43.680494840Z,2026-04-23T19:17:43.679955321Z,1,1,2667906,T,B,0,-75.500000000,50,0,15927,446073498,-77.500000000,-75.500000000,116,116,2,2,UD:1V:CRR 2667906
2026-04-23T19:17:55.734277351Z,2026-04-23T19:17:55.733600891Z,1,1,2666512,T,B,0,11.500000000,20,0,13890,446113413,11.400000000,11.500000000,572,20,6,1,UD:1V: VT 2666512
2026-04-23T19:18:05.896304238Z,2026-04-23T19:18:05.895762705Z,1,1,2667730,T,B,0,8.700000000,1,0,14374,446177336,8.600000000,8.700000000,519,1,6,1,UD:1V: BO 2667730
2026-04-23T19:18:33.795119459Z,2026-04-23T19:18:33.680325463Z,1,1,42366510,T,B,0,202.000000000,1,0,16557,1123113600,201.500000000,202.000000000,48,1,7,1,ESM6 C7100
2026-04-23T19:19:15.354430561Z,2026-04-23T19:19:15.352953327Z,1,1,42087841,T,B,0,345.500000000,1,0,15598,1123360476,344.500000000,345.500000000,38,1,3,1,ESZ6 P7100
2026-04-23T19:19:31.127537424Z,2026-04-23T19:19:31.124906811Z,1,1,2668009,T,A,0,1.250000000,1,0,11243,446424542,1.250000000,1.300000000,1,553,1,4,UD:1V: CO 2668009
2026-04-23T19:19:45.701431094Z,2026-04-23T19:19:45.693702355Z,1,1,42413475,T,A,0,115.000000000,8,0,15084,1123544795,115.000000000,115.500000000,9,101,1,4,ESU6 P6350
2026-04-23T19:20:04.891687359Z,2026-04-23T19:20:04.883588495Z,1,1,42413475,T,A,0,115.000000000,8,0,18083,1123676798,115.000000000,115.500000000,9,133,1,5,ESU6 P6350
2026-04-23T19:20:52.584801494Z,2026-04-23T19:20:52.438587557Z,1,1,42413476,T,A,0,121.500000000,7,0,19508,1124017285,121.500000000,122.000000000,8,26,1,2,ESU6 P6400
2026-04-23T19:21:03.535253031Z,2026-04-23T19:21:03.278039965Z,1,1,2658909,T,A,0,45.500000000,1,0,16726,446747081,45.500000000,45.750000000,1,149,1,4,UD:1V: VT 2658909
2026-04-23T19:21:06.083285748Z,2026-04-23T19:21:06.082323967Z,1,1,42409666,T,A,0,15.600000000,1,0,13435,1124139037,15.600000000,15.700000000,1,189,1,5,ESM6 P5800
2026-04-23T19:21:12.731305014Z,2026-04-23T19:21:12.589360683Z,1,1,42378374,T,B,0,199.000000000,2,0,11376,1124180360,198.500000000,199.000000000,40,2,8,1,ESM6 P7200
2026-04-23T19:21:12.766966328Z,2026-04-23T19:21:12.718081311Z,1,1,2639155,T,A,0,9.000000000,1,0,14478,446781319,9.000000000,9.100000000,1,1070,1,7,UD:1V: VT 2639155
2026-04-23T19:21:19.308633011Z,2026-04-23T19:21:19.255948731Z,1,1,42384724,T,B,0,142.000000000,1,0,13777,1124226139,141.500000000,142.000000000,67,1,7,1,ESM6 C7200
2026-04-23T19:21:34.718067577Z,2026-04-23T19:21:34.690586043Z,1,1,42413476,T,A,0,121.500000000,7,0,13747,1124347433,121.500000000,122.000000000,8,93,1,5,ESU6 P6400
2026-04-23T19:21:44.044236320Z,2026-04-23T19:21:44.040851551Z,1,1,2668814,T,A,0,-28.500000000,2,0,13887,446883925,-28.500000000,-28.250000000,2,140,1,6,UD:1V: 12 2668814
2026-04-23T19:22:01.759973695Z,2026-04-23T19:22:00.991670323Z,1,1,42471229,T,A,0,164.000000000,1,0,14090,1124550462,164.000000000,164.500000000,5,12,1,2,ESU6 C7450
2026-04-23T19:22:10.803422067Z,2026-04-23T19:22:10.771713451Z,1,1,42439350,T,A,0,109.000000000,5,0,13113,1124631017,109.000000000,109.500000000,83,32,2,2,ESU6 P6300
2026-04-23T19:22:15.058096315Z,2026-04-23T19:22:14.835747425Z,1,1,42413476,T,A,0,121.500000000,5,0,11269,1124679756,121.500000000,122.000000000,8,17,1,1,ESU6 P6400
2026-04-23T19:22:19.936510201Z,2026-04-23T19:22:19.931664797Z,1,1,42413476,T,B,0,121.500000000,25,0,16825,1124721997,121.000000000,121.500000000,201,25,7,1,ESU6 P6400
2026-04-23T19:23:23.881217966Z,2026-04-23T19:23:23.871763093Z,1,1,42902241,T,A,0,36.000000000,2,0,16736,1125167693,36.000000000,36.500000000,28,105,5,6,ESM6 C7475
2026-04-23T19:23:23.906782355Z,2026-04-23T19:23:23.893509609Z,1,1,42902241,T,A,0,36.000000000,2,0,15229,1125168136,36.000000000,36.500000000,26,105,4,6,ESM6 C7475
2026-04-23T19:23:23.933447499Z,2026-04-23T19:23:23.912886425Z,1,1,42902241,T,A,0,36.000000000,2,0,11696,1125168847,36.000000000,36.500000000,133,103,4,5,ESM6 C7475
2026-04-23T19:23:52.593262821Z,2026-04-23T19:23:52.503490073Z,1,1,42384725,T,A,0,55.250000000,3,0,13638,1125342259,55.250000000,55.750000000,10,76,3,6,ESM6 C7400
2026-04-23T19:24:39.717276588Z,2026-04-23T19:24:39.709096287Z,1,1,42404374,T,A,0,130.000000000,2,0,16185,1125671090,130.000000000,130.500000000,2,73,1,4,ESM6 P7000
2026-04-23T19:24:46.999981497Z,2026-04-23T19:24:46.970553177Z,1,1,42300184,T,A,0,96.250000000,3,0,13864,1125707494,96.250000000,96.750000000,3,126,2,6,ESM6 P6850
2026-04-23T19:27:46.468579214Z,2026-04-23T19:27:46.350804333Z,1,1,2670776,T,B,0,20.500000000,1,0,15090,448015364,20.250000000,20.500000000,1,409,1,7,UD:1V: GN 2670776
2026-04-23T19:27:47.880141168Z,2026-04-23T19:27:47.872839763Z,1,1,42572477,T,A,0,6.000000000,43,0,13910,1126895788,6.000000000,6.100000000,127,39,2,3,ESM6 C7750
2026-04-23T19:28:06.690248994Z,2026-04-23T19:28:06.674603551Z,1,1,42804682,T,B,0,83.500000000,1,0,15974,1127002849,83.250000000,83.500000000,4,1,1,1,ESM6 P6775
2026-04-23T19:28:07.344688385Z,2026-04-23T19:28:07.327371677Z,1,1,2653831,T,A,0,19.800000000,20,0,13391,448069908,19.800000000,19.900000000,66,252,1,3,UD:1V: VT 2653831
2026-04-23T19:28:10.301655568Z,2026-04-23T19:28:10.301191623Z,1,1,42300184,T,B,0,96.750000000,2,0,13049,1127031080,96.500000000,96.750000000,9,15,1,2,ESM6 P6850
2026-04-23T19:28:10.301904638Z,2026-04-23T19:28:10.301193579Z,1,1,42919949,T,B,0,92.250000000,2,0,16771,1127031082,92.000000000,92.250000000,10,71,1,5,ESM6 P6825
2026-04-23T19:28:10.303602174Z,2026-04-23T19:28:10.301194655Z,1,1,42378618,T,B,0,107.000000000,2,0,15524,1127031084,106.500000000,107.000000000,9,104,1,7,ESM6 P6900
2026-04-23T19:28:10.307310729Z,2026-04-23T19:28:10.301195691Z,1,1,42384872,T,B,0,79.750000000,2,0,13284,1127031150,79.500000000,79.750000000,10,68,1,4,ESM6 P6750
2026-04-23T19:28:11.014485041Z,2026-04-23T19:28:10.656075363Z,1,1,2694862,T,B,0,74.250000000,5,0,13875,448082131,74.000000000,74.250000000,457,5,5,1,UD:1V: VT 2694862
2026-04-23T19:28:11.947022628Z,2026-04-23T19:28:11.588341253Z,1,1,42404374,T,B,0,130.500000000,2,0,17692,1127057672,129.500000000,130.500000000,138,35,9,5,ESM6 P7000
2026-04-23T19:28:12.260559067Z,2026-04-23T19:28:12.042729369Z,1,1,42760607,T,B,0,124.000000000,2,0,13981,1127063868,123.500000000,124.000000000,19,34,2,2,ESM6 P6975
2026-04-23T19:28:12.383510050Z,2026-04-23T19:28:12.380836845Z,1,1,42760624,T,A,0,101.500000000,9,0,13686,1127066942,101.500000000,102.000000000,9,134,1,7,ESM6 P6875
2026-04-23T19:28:14.096291524Z,2026-04-23T19:28:14.086713555Z,1,1,42804682,T,B,0,83.500000000,2,0,16824,1127077620,83.250000000,83.500000000,10,36,1,4,ESM6 P6775
2026-04-23T19:28:15.532123519Z,2026-04-23T19:28:15.520883819Z,1,1,42378618,T,A,0,106.500000000,9,0,15451,1127084125,106.500000000,107.000000000,9,106,1,6,ESM6 P6900
2026-04-23T19:28:15.830678015Z,2026-04-23T19:28:15.830130005Z,1,1,42919949,T,B,0,92.000000000,2,0,16777,1127087985,91.500000000,92.000000000,157,55,7,3,ESM6 P6825
2026-04-23T19:28:39.401035647Z,2026-04-23T19:28:39.396808015Z,1,1,42372969,T,B,0,272.000000000,1,0,13648,1127294004,271.500000000,272.000000000,18,1,6,1,ESM6 C7000
2026-04-23T19:29:51.090752052Z,2026-04-23T19:29:51.090227711Z,1,1,42377432,T,A,0,97.250000000,1,0,13631,1127738822,97.250000000,97.500000000,10,4,1,1,ESU6 P6200
2026-04-23T19:29:54.741927039Z,2026-04-23T19:29:54.715933833Z,1,1,42883177,T,A,0,103.500000000,2,0,13990,1127771092,103.500000000,104.000000000,2,103,1,7,ESM6 C7275
2026-04-23T19:29:55.176663465Z,2026-04-23T19:29:55.089935731Z,1,1,42413476,T,A,0,121.500000000,1,0,14699,1127779065,121.500000000,122.000000000,8,9,1,2,ESU6 P6400
2026-04-23T19:29:55.815636169Z,2026-04-23T19:29:55.787304989Z,1,1,42413475,T,A,0,115.000000000,1,0,14087,1127789445,115.000000000,115.500000000,9,9,1,2,ESU6 P6350
2026-04-23T19:30:04.285359908Z,2026-04-23T19:30:04.213957393Z,1,1,42413476,T,A,0,121.500000000,5,0,12856,1127860616,121.500000000,122.500000000,8,142,1,7,ESU6 P6400
2026-04-23T19:30:06.333807475Z,2026-04-23T19:30:06.333322011Z,1,1,42413475,T,A,0,115.000000000,6,0,18420,1127875201,115.000000000,115.500000000,9,86,1,4,ESU6 P6350
2026-04-23T19:31:28.412926513Z,2026-04-23T19:31:27.239192897Z,1,1,2645587,T,A,0,35.000000000,1,0,17382,448780712,35.000000000,35.500000000,1,115,1,2,UD:1V: GN 2645587
2026-04-23T19:32:07.371903915Z,2026-04-23T19:32:07.351660253Z,1,1,42413476,T,A,0,120.500000000,4,0,14279,1128931822,120.500000000,121.000000000,13,18,2,1,ESU6 P6400
2026-04-23T19:32:07.379829875Z,2026-04-23T19:32:07.351661961Z,1,1,42413475,T,A,0,114.000000000,4,0,16009,1128931824,114.000000000,114.500000000,14,19,2,1,ESU6 P6350
2026-04-23T19:32:07.625258566Z,2026-04-23T19:32:07.498648813Z,1,1,42760624,T,A,0,100.000000000,3,0,14464,1128936620,100.000000000,100.500000000,5,116,1,6,ESM6 P6875
2026-04-23T19:32:08.287191047Z,2026-04-23T19:32:08.283426299Z,1,1,244701,T,A,0,16.800000000,2,0,14020,1128943879,16.800000000,17.000000000,2,268,1,3,ESZ6 P3500
2026-04-23T19:32:44.320196858Z,2026-04-23T19:32:44.285047565Z,1,1,42409666,T,A,0,15.300000000,1,0,14679,1129283036,15.300000000,15.400000000,1,225,1,7,ESM6 P5800
2026-04-23T19:32:45.297749953Z,2026-04-23T19:32:45.297321007Z,1,1,2503866,T,A,0,149.000000000,1,0,14203,449163834,149.000000000,152.000000000,1,45,1,2,UD:1V: VT 2503866
2026-04-23T19:33:06.562544318Z,2026-04-23T19:33:06.551482157Z,1,1,42409666,T,A,0,15.300000000,4,0,13420,1129434498,15.300000000,15.400000000,4,249,1,7,ESM6 P5800
2026-04-23T19:33:38.858919460Z,2026-04-23T19:33:38.828750099Z,1,1,42919949,T,A,0,91.000000000,27,0,13860,1129717916,91.000000000,91.500000000,28,86,2,5,ESM6 P6825
2026-04-23T19:33:52.406224697Z,2026-04-23T19:33:52.399055711Z,1,1,42919949,T,A,0,90.750000000,2,0,17237,1129810765,90.750000000,91.250000000,12,96,3,5,ESM6 P6825
2026-04-23T19:34:05.021120943Z,2026-04-23T19:34:05.020546687Z,1,1,42394812,T,A,0,87.000000000,1,0,13975,1129944329,87.000000000,87.500000000,1,137,1,9,ESM6 P6800
2026-04-23T19:34:10.245230826Z,2026-04-23T19:34:10.230740247Z,1,1,42572477,T,A,0,6.000000000,44,0,14095,1130019760,6.000000000,6.200000000,57,116,1,6,ESM6 C7750
2026-04-23T19:34:10.900747230Z,2026-04-23T19:34:10.900191701Z,1,1,42487843,T,A,0,179.500000000,2,0,14233,1130025015,179.500000000,180.000000000,2,54,1,7,ESM6 P7150
2026-04-23T19:34:14.911592545Z,2026-04-23T19:34:14.911311875Z,1,1,42487843,T,A,0,180.000000000,2,0,14527,1130073688,180.000000000,180.500000000,2,102,1,9,ESM6 P7150
2026-04-23T19:34:17.357339082Z,2026-04-23T19:34:17.357047537Z,1,1,42487843,T,A,0,180.000000000,2,0,14503,1130093497,180.000000000,180.500000000,2,80,1,9,ESM6 P7150
2026-04-23T19:34:20.696760279Z,2026-04-23T19:34:20.678141641Z,1,1,42572477,T,A,0,6.000000000,13,0,13541,1130142271,6.000000000,6.100000000,13,38,1,3,ESM6 C7750
2026-04-23T19:34:29.345887984Z,2026-04-23T19:34:29.343143235Z,1,1,42384730,T,B,0,16.700000000,6,0,14828,1130262912,16.500000000,16.700000000,10,27,2,1,ESM6 P5850
2026-04-23T19:34:33.688596355Z,2026-04-23T19:34:33.485860573Z,1,1,42399706,T,A,0,72.000000000,1,0,14496,1130313482,72.000000000,72.250000000,1,2,1,1,ESM6 P6700
2026-04-23T19:34:41.606518231Z,2026-04-23T19:34:41.596427437Z,1,1,42487843,T,A,0,180.500000000,1,0,11454,1130387719,180.500000000,181.000000000,1,77,1,9,ESM6 P7150
2026-04-23T19:34:51.744130625Z,2026-04-23T19:34:51.743771565Z,1,1,42487843,T,A,0,180.500000000,1,0,14158,1130473354,180.500000000,181.000000000,1,52,1,7,ESM6 P7150
2026-04-23T19:34:56.800500722Z,2026-04-23T19:34:56.700117373Z,1,1,42399706,T,B,0,72.500000000,12,0,13155,1130525438,72.000000000,72.500000000,166,12,10,2,ESM6 P6700
2026-04-23T19:34:57.906465280Z,2026-04-23T19:34:57.902052049Z,1,1,42487843,T,A,0,181.000000000,1,0,14452,1130538004,181.000000000,181.500000000,1,101,1,8,ESM6 P7150
2026-04-23T19:35:15.970654945Z,2026-04-23T19:35:14.052723109Z,1,1,42366512,T,B,0,13.800000000,16,0,11527,1130806388,13.500000000,13.800000000,84,25,1,1,ESM6 P5700
2026-04-23T19:35:18.138033479Z,2026-04-23T19:35:16.436306473Z,1,1,42384726,T,B,0,10.700000000,30,0,16968,1130837555,10.400000000,10.700000000,93,129,1,2,ESM6 P5500
2026-04-23T19:35:30.318994545Z,2026-04-23T19:35:30.051787549Z,1,1,42487843,T,A,0,182.500000000,1,0,11614,1131019536,182.500000000,183.500000000,1,28,1,3,ESM6 P7150
2026-04-23T19:35:43.831897988Z,2026-04-23T19:35:42.662549643Z,1,1,42853786,T,B,0,11.100000000,5,0,16651,1131208767,10.900000000,11.100000000,11,136,2,3,ESM6 P5525
2026-04-23T19:35:46.072400508Z,2026-04-23T19:35:45.838316015Z,1,1,2660292,T,A,0,8.200000000,50,0,15468,450115704,8.200000000,8.300000000,50,340,1,4,UD:1V: VT 2660292
2026-04-23T19:36:36.142385263Z,2026-04-23T19:36:36.025455935Z,1,1,42378618,T,B,0,109.000000000,1,0,11499,1131835516,108.500000000,109.000000000,85,1,7,1,ESM6 P6900
2026-04-23T19:36:42.873036103Z,2026-04-23T19:36:42.695792573Z,1,1,42378618,T,B,0,109.000000000,1,0,12835,1131912270,108.500000000,109.000000000,93,1,9,1,ESM6 P6900
2026-04-23T19:36:45.290814895Z,2026-04-23T19:36:45.222994139Z,1,1,42399646,T,A,0,8.000000000,2,0,14845,1131934363,8.000000000,8.100000000,2,50,1,5,ESM6 C7700
2026-04-23T19:37:02.367869180Z,2026-04-23T19:37:01.883484101Z,1,1,42300184,T,A,0,98.500000000,25,0,15550,1132136114,98.500000000,98.750000000,25,48,1,2,ESM6 P6850
2026-04-23T19:37:05.557556839Z,2026-04-23T19:37:05.427685705Z,1,1,42378618,T,B,0,109.000000000,1,0,13420,1132182329,108.500000000,109.000000000,37,1,7,1,ESM6 P6900
2026-04-23T19:37:08.255955782Z,2026-04-23T19:37:08.255403609Z,1,1,42300184,T,A,0,98.500000000,25,0,14256,1132206661,98.500000000,99.000000000,25,97,1,7,ESM6 P6850
2026-04-23T19:37:23.219947607Z,2026-04-23T19:37:23.202917023Z,1,1,42399646,T,A,0,8.000000000,2,0,13644,1132357694,8.000000000,8.100000000,2,5,1,1,ESM6 C7700
2026-04-23T19:37:58.732802884Z,2026-04-23T19:37:58.732125177Z,1,1,42384872,T,A,0,81.250000000,25,0,16152,1132642288,81.250000000,81.500000000,25,165,1,8,ESM6 P6750
2026-04-23T19:38:00.371322089Z,2026-04-23T19:38:00.047287195Z,1,1,42378618,T,B,0,109.000000000,1,0,13800,1132653274,108.500000000,109.000000000,52,1,8,1,ESM6 P6900
2026-04-23T19:38:04.017412539Z,2026-04-23T19:38:04.015683647Z,1,1,42399646,T,A,0,8.000000000,2,0,14308,1132704256,8.000000000,8.100000000,2,47,1,4,ESM6 C7700
2026-04-23T19:38:07.361603580Z,2026-04-23T19:38:05.518166735Z,1,1,42378618,T,B,0,110.000000000,1,0,11294,1132753462,,110.000000000,0,1,0,1,ESM6 P6900
2026-04-23T19:38:15.378524332Z,2026-04-23T19:38:14.759073929Z,1,1,42384872,T,A,0,81.250000000,9,0,11399,1132881160,81.250000000,81.750000000,25,41,1,4,ESM6 P6750
2026-04-23T19:38:16.168286585Z,2026-04-23T19:38:16.052673185Z,1,1,42384872,T,A,0,81.250000000,16,0,12744,1132896368,81.250000000,81.750000000,16,174,1,9,ESM6 P6750
2026-04-23T19:38:19.404605259Z,2026-04-23T19:38:19.402443829Z,1,1,42510079,T,A,0,69.000000000,1,0,14689,1132927098,69.000000000,69.500000000,1,131,1,8,ESM6 C7350
2026-04-23T19:38:20.960671766Z,2026-04-23T19:38:20.894949659Z,1,1,42487843,T,B,0,184.000000000,10,0,15198,1132943793,183.500000000,184.000000000,29,10,4,1,ESM6 P7150
2026-04-23T19:38:53.737596881Z,2026-04-23T19:38:52.407634805Z,1,1,2673594,T,A,0,25.000000000,1,0,13671,451085905,25.000000000,26.000000000,1,43,1,2,UD:1V: GN 2673594
2026-04-23T19:39:12.444720447Z,2026-04-23T19:39:12.435496593Z,1,1,42399646,T,A,0,8.100000000,2,0,13586,1133533409,8.100000000,8.300000000,2,68,1,5,ESM6 C7700
2026-04-23T19:39:16.050398580Z,2026-04-23T19:39:15.983833107Z,1,1,42399646,T,A,0,8.100000000,2,0,11394,1133566105,8.100000000,8.300000000,2,68,1,5,ESM6 C7700
2026-04-23T19:39:26.684320927Z,2026-04-23T19:39:26.602278419Z,1,1,42399646,T,A,0,8.100000000,2,0,12982,1133653855,8.100000000,8.300000000,2,284,1,8,ESM6 C7700
2026-04-23T19:39:27.497971912Z,2026-04-23T19:39:27.497461507Z,1,1,42399646,T,A,0,8.100000000,2,0,15789,1133664029,8.100000000,8.300000000,2,284,1,8,ESM6 C7700
2026-04-23T19:40:09.439958867Z,2026-04-23T19:40:09.411448709Z,1,1,42378618,T,B,0,108.000000000,1,0,13755,1134008973,107.500000000,108.000000000,90,1,6,1,ESM6 P6900
2026-04-23T19:40:25.819945612Z,2026-04-23T19:40:25.597417523Z,1,1,2668427,T,B,0,46.000000000,1,0,13583,451477747,45.750000000,46.000000000,247,1,3,1,UD:1V: VT 2668427
2026-04-23T19:40:52.977281063Z,2026-04-23T19:40:52.933287993Z,1,1,42446245,T,B,0,146.000000000,1,0,13480,1134468227,145.000000000,146.000000000,104,12,11,2,ESM6 P7050
2026-04-23T19:40:53.264451054Z,2026-04-23T19:40:53.140564305Z,1,1,42919950,T,B,0,154.000000000,1,0,14323,1134473094,153.500000000,154.000000000,16,10,1,2,ESM6 P7075
2026-04-23T19:40:59.122146028Z,2026-04-23T19:40:59.069297907Z,1,1,42446245,T,B,0,146.000000000,1,0,16829,1134511764,145.500000000,146.000000000,16,5,1,1,ESM6 P7050
2026-04-23T19:41:05.505447902Z,2026-04-23T19:41:05.269712995Z,1,1,42446245,T,B,0,145.500000000,1,0,14230,1134607240,144.500000000,145.500000000,49,11,6,3,ESM6 P7050
2026-04-23T19:41:05.628352883Z,2026-04-23T19:41:05.414858191Z,1,1,42487843,T,B,0,180.500000000,1,0,13163,1134609365,179.500000000,180.500000000,71,2,9,1,ESM6 P7150
2026-04-23T19:41:06.376857161Z,2026-04-23T19:41:06.376250989Z,1,1,2668550,T,B,0,18.600000000,2,0,15387,451664357,18.400000000,18.600000000,315,2,3,1,UD:1V: BO 2668550
2026-04-23T19:41:07.002184436Z,2026-04-23T19:41:06.960210009Z,1,1,42919950,T,B,0,153.500000000,1,0,14920,1134625385,153.000000000,153.500000000,32,7,2,2,ESM6 P7075
2026-04-23T19:41:07.007717569Z,2026-04-23T19:41:06.960543243Z,1,1,42366523,T,B,0,162.000000000,1,0,14035,1134625481,161.500000000,162.000000000,15,11,1,3,ESM6 P7100
2026-04-23T19:41:07.020299499Z,2026-04-23T19:41:06.960644843Z,1,1,42883306,T,B,0,171.000000000,1,0,14102,1134625684,170.500000000,171.000000000,15,7,1,2,ESM6 P7125
2026-04-23T19:41:13.261728175Z,2026-04-23T19:41:13.026639271Z,1,1,42446245,T,B,0,145.500000000,1,0,13257,1134668878,144.500000000,145.500000000,98,4,9,1,ESM6 P7050
2026-04-23T19:41:14.104151969Z,2026-04-23T19:41:14.073305533Z,1,1,42919950,T,B,0,153.500000000,1,0,13408,1134678825,152.500000000,153.500000000,95,9,8,2,ESM6 P7075
2026-04-23T19:41:15.427982789Z,2026-04-23T19:41:15.252255975Z,1,1,42378618,T,B,0,107.000000000,1,0,12954,1134690682,106.500000000,107.000000000,79,1,7,1,ESM6 P6900
2026-04-23T19:41:15.909216226Z,2026-04-23T19:41:15.452866017Z,1,1,42487843,T,B,0,181.000000000,1,0,11200,1134699401,180.000000000,181.000000000,33,5,6,1,ESM6 P7150
2026-04-23T19:41:16.195316220Z,2026-04-23T19:41:15.570167467Z,1,1,42366523,T,B,0,162.500000000,1,0,13783,1134704859,162.000000000,162.500000000,15,5,1,1,ESM6 P7100
2026-04-23T19:41:16.195542731Z,2026-04-23T19:41:15.570168619Z,1,1,42883306,T,B,0,171.500000000,1,0,11419,1134704861,171.000000000,171.500000000,15,5,1,1,ESM6 P7125
2026-04-23T19:41:19.460553155Z,2026-04-23T19:41:18.964752345Z,1,1,2673594,T,A,0,24.750000000,1,0,13400,451721540,24.750000000,25.250000000,1,143,1,3,UD:1V: GN 2673594
2026-04-23T19:41:29.549995019Z,2026-04-23T19:41:29.549157451Z,1,1,2675059,T,B,0,2.450000000,2,0,14988,451772750,2.300000000,2.450000000,404,404,2,2,UD:1V: VT 2675059
2026-04-23T19:41:51.353378049Z,2026-04-23T19:41:51.352716203Z,1,1,42399646,T,A,0,8.200000000,2,0,16466,1135032375,8.200000000,8.300000000,2,174,1,6,ESM6 C7700
2026-04-23T19:42:06.694637371Z,2026-04-23T19:42:06.510436161Z,1,1,42378618,T,B,0,107.500000000,1,0,11907,1135118794,107.000000000,107.500000000,76,1,8,1,ESM6 P6900
2026-04-23T19:42:40.595828430Z,2026-04-23T19:42:40.583570189Z,1,1,42867406,T,A,0,47.000000000,2,0,14464,1135397358,47.000000000,47.500000000,12,132,4,5,ESM6 C7425
2026-04-23T19:42:47.680505672Z,2026-04-23T19:42:47.539149771Z,1,1,42366510,T,A,0,197.500000000,2,0,17035,1135437769,197.500000000,198.500000000,6,69,2,5,ESM6 C7100
2026-04-23T19:42:48.431400474Z,2026-04-23T19:42:48.328778529Z,1,1,42394812,T,B,0,88.500000000,1,0,11120,1135452173,88.250000000,88.500000000,83,1,5,1,ESM6 P6800
2026-04-23T19:42:49.848419294Z,2026-04-23T19:42:49.847900391Z,1,1,42413476,T,A,0,122.000000000,2,0,14217,1135469322,122.000000000,122.500000000,8,41,1,3,ESU6 P6400
2026-04-23T19:43:06.285544353Z,2026-04-23T19:43:06.124408561Z,1,1,42378618,T,B,0,108.000000000,1,0,15015,1135585686,107.500000000,108.000000000,64,1,6,1,ESM6 P6900
2026-04-23T19:43:06.711414244Z,2026-04-23T19:43:06.611977921Z,1,1,42413476,T,A,0,122.000000000,2,0,11362,1135594234,122.000000000,123.000000000,8,158,1,6,ESU6 P6400
2026-04-23T19:43:08.709619099Z,2026-04-23T19:43:08.708691697Z,1,1,42399646,T,A,0,8.100000000,2,0,14378,1135614852,8.100000000,8.200000000,2,43,1,4,ESM6 C7700
2026-04-23T19:43:09.849831100Z,2026-04-23T19:43:09.793313623Z,1,1,42399646,T,A,0,8.100000000,2,0,15181,1135622097,8.100000000,8.200000000,2,43,1,4,ESM6 C7700
2026-04-23T19:43:12.865379310Z,2026-04-23T19:43:12.847779743Z,1,1,42399646,T,A,0,8.100000000,2,0,12583,1135644423,8.100000000,8.200000000,2,24,1,4,ESM6 C7700
2026-04-23T19:43:13.767021939Z,2026-04-23T19:43:13.766493437Z,1,1,42399646,T,A,0,8.100000000,2,0,13191,1135659501,8.100000000,8.200000000,2,24,1,4,ESM6 C7700
2026-04-23T19:43:14.770815383Z,2026-04-23T19:43:14.770303863Z,1,1,42399646,T,A,0,8.100000000,2,0,14417,1135664910,8.100000000,8.200000000,2,49,1,5,ESM6 C7700
2026-04-23T19:43:15.765930134Z,2026-04-23T19:43:15.765276221Z,1,1,42399646,T,A,0,8.100000000,2,0,13579,1135668950,8.100000000,8.200000000,2,49,1,5,ESM6 C7700
2026-04-23T19:43:16.785835382Z,2026-04-23T19:43:16.780470657Z,1,1,42399646,T,A,0,8.100000000,2,0,12076,1135679628,8.100000000,8.200000000,2,24,1,4,ESM6 C7700
2026-04-23T19:43:24.682082018Z,2026-04-23T19:43:24.681548873Z,1,1,42384725,T,A,0,53.500000000,1,0,17017,1135745801,53.500000000,54.000000000,4,115,2,8,ESM6 C7400
2026-04-23T19:43:28.844911499Z,2026-04-23T19:43:28.803883801Z,1,1,42378618,T,B,0,108.500000000,1,0,17673,1135798527,108.000000000,108.500000000,75,1,8,1,ESM6 P6900
2026-04-23T19:43:37.713411547Z,2026-04-23T19:43:37.630932035Z,1,1,42399646,T,A,0,8.000000000,47,0,17921,1135880545,8.000000000,8.200000000,49,180,3,7,ESM6 C7700
2026-04-23T19:43:46.790066843Z,2026-04-23T19:43:46.789585533Z,1,1,42567975,T,A,0,235.500000000,9,0,14219,1136009032,235.500000000,236.000000000,9,28,1,1,ESH7 P6400
2026-04-23T19:43:48.786681987Z,2026-04-23T19:43:48.700868089Z,1,1,42399646,T,A,0,8.000000000,2,0,11253,1136030862,8.000000000,8.100000000,2,22,1,3,ESM6 C7700
2026-04-23T19:43:52.540354934Z,2026-04-23T19:43:52.539844635Z,1,1,42511765,T,A,0,192.500000000,2,0,14010,1136059590,192.500000000,193.000000000,2,31,1,1,ESH7 P6150
2026-04-23T19:44:01.851742048Z,2026-04-23T19:44:01.595287597Z,1,1,42378618,T,B,0,109.000000000,1,0,11790,1136156957,108.500000000,109.000000000,54,1,5,1,ESM6 P6900
2026-04-23T19:44:06.699939443Z,2026-04-23T19:44:06.699435461Z,1,1,42522945,T,A,0,200.500000000,2,0,14309,1136209343,200.500000000,201.000000000,2,31,1,1,ESH7 P6200
2026-04-23T19:44:15.134308721Z,2026-04-23T19:44:15.060442111Z,1,1,42567969,T,A,0,184.500000000,1,0,11424,1136286269,184.500000000,185.000000000,2,32,1,1,ESH7 P6100
2026-04-23T19:44:15.134547174Z,2026-04-23T19:44:15.060469165Z,1,1,42567969,T,A,0,184.500000000,1,0,11335,1136286271,184.500000000,185.000000000,1,32,1,1,ESH7 P6100
2026-04-23T19:44:40.259047188Z,2026-04-23T19:44:39.772262519Z,1,1,42396832,T,B,0,162.000000000,1,0,11636,1136477390,161.500000000,162.000000000,53,1,1,1,ESU6 P6650
2026-04-23T19:44:40.347934140Z,2026-04-23T19:44:39.777048561Z,1,1,42712326,T,A,0,15.000000000,1,0,14204,1136478635,15.000000000,15.400000000,1,180,1,3,ESU6 C8150
2026-04-23T19:45:03.157617891Z,2026-04-23T19:45:02.847969327Z,1,1,42366511,T,B,0,15.600000000,1,0,14356,1136712357,15.400000000,15.600000000,113,1,5,1,ESM6 C7600
2026-04-23T19:45:19.908334868Z,2026-04-23T19:45:19.901125247Z,1,1,42439456,T,B,0,8.600000000,2,0,14872,1136928862,8.500000000,8.600000000,178,2,2,1,ESU6 P3500
2026-04-23T19:45:32.710104467Z,2026-04-23T19:45:32.597347135Z,1,1,2597884,T,B,0,35.250000000,5,0,13013,452797411,35.000000000,35.250000000,246,5,4,1,UD:1V: VT 2597884
2026-04-23T19:45:52.766884321Z,2026-04-23T19:45:52.670539829Z,1,1,42384725,T,B,0,54.000000000,2,0,14945,1137222622,53.250000000,54.000000000,93,167,7,8,ESM6 C7400
2026-04-23T19:46:07.542167330Z,2026-04-23T19:46:07.541661277Z,1,1,42378618,T,B,0,108.500000000,3,0,13632,1137326518,108.000000000,108.500000000,96,3,9,1,ESM6 P6900
2026-04-23T19:46:07.542915956Z,2026-04-23T19:46:07.542204063Z,1,1,42399646,T,A,0,8.100000000,8,0,14035,1137326521,8.100000000,8.200000000,8,178,1,6,ESM6 C7700
2026-04-23T19:46:08.148845014Z,2026-04-23T19:46:08.148303403Z,1,1,42378618,T,B,0,108.500000000,2,0,14542,1137330726,108.000000000,108.500000000,99,2,10,1,ESM6 P6900
2026-04-23T19:46:08.214567222Z,2026-04-23T19:46:08.214049469Z,1,1,42399646,T,A,0,8.100000000,7,0,13866,1137330855,8.100000000,8.200000000,7,178,1,6,ESM6 C7700
2026-04-23T19:46:09.209576111Z,2026-04-23T19:46:09.209067455Z,1,1,42399646,T,A,0,8.100000000,9,0,13916,1137335301,8.100000000,8.200000000,9,178,1,6,ESM6 C7700
2026-04-23T19:46:09.857280999Z,2026-04-23T19:46:09.856773873Z,1,1,42378618,T,B,0,108.500000000,1,0,13350,1137337717,108.000000000,108.500000000,99,1,10,1,ESM6 P6900
2026-04-23T19:46:18.597024805Z,2026-04-23T19:46:18.493562307Z,1,1,42378618,T,B,0,108.500000000,2,0,13532,1137391576,108.000000000,108.500000000,87,2,7,1,ESM6 P6900
2026-04-23T19:46:19.468269907Z,2026-04-23T19:46:19.391678313Z,1,1,2645178,T,B,0,31.750000000,5,0,10495,452937953,31.500000000,31.750000000,220,5,5,1,UD:1V: VT 2645178
2026-04-23T19:46:19.611910927Z,2026-04-23T19:46:19.392205895Z,1,1,2655176,T,A,0,47.250000000,5,0,15634,452939739,47.250000000,47.500000000,5,315,1,4,UD:1V: VT 2655176
2026-04-23T19:46:27.512658627Z,2026-04-23T19:46:27.512095473Z,1,1,42378618,T,B,0,108.500000000,2,0,14211,1137485690,108.000000000,108.500000000,122,2,6,1,ESM6 P6900
2026-04-23T19:46:28.237711393Z,2026-04-23T19:46:28.187619921Z,1,1,42378618,T,A,0,108.500000000,2,0,11384,1137493097,108.500000000,109.000000000,40,12,2,2,ESM6 P6900
2026-04-23T19:46:29.118105276Z,2026-04-23T19:46:29.117598825Z,1,1,42378618,T,A,0,108.500000000,3,0,14424,1137496654,108.500000000,109.000000000,38,11,2,3,ESM6 P6900
2026-04-23T19:46:30.176965059Z,2026-04-23T19:46:30.176458041Z,1,1,42378618,T,A,0,108.500000000,1,0,14445,1137501332,108.500000000,109.000000000,56,17,3,3,ESM6 P6900
2026-04-23T19:46:48.365992504Z,2026-04-23T19:46:48.280412877Z,1,1,42378618,T,B,0,108.000000000,2,0,13719,1137663726,107.500000000,108.000000000,119,2,7,1,ESM6 P6900
2026-04-23T19:46:49.288337468Z,2026-04-23T19:46:49.287664929Z,1,1,42378618,T,B,0,108.000000000,2,0,13211,1137671274,107.500000000,108.000000000,100,2,8,1,ESM6 P6900
2026-04-23T19:46:49.809578651Z,2026-04-23T19:46:49.722577667Z,1,1,42883175,T,A,0,749.000000000,1,0,13597,1137676218,749.000000000,753.500000000,1,11,1,1,ESM6 C6425
2026-04-23T19:46:50.470737508Z,2026-04-23T19:46:50.437865641Z,1,1,42378618,T,B,0,108.000000000,3,0,14733,1137690312,107.500000000,108.000000000,54,3,7,1,ESM6 P6900
2026-04-23T19:46:51.856431507Z,2026-04-23T19:46:51.848901675Z,1,1,42366510,T,A,0,197.000000000,1,0,13992,1137702642,197.000000000,197.500000000,1,101,1,7,ESM6 C7100
2026-04-23T19:46:52.280636980Z,2026-04-23T19:46:52.280117449Z,1,1,42399646,T,A,0,8.100000000,8,0,13272,1137704966,8.100000000,8.200000000,8,180,1,6,ESM6 C7700
2026-04-23T19:46:53.386910667Z,2026-04-23T19:46:53.384124623Z,1,1,42399646,T,A,0,8.100000000,8,0,16874,1137715476,8.100000000,8.200000000,8,68,1,4,ESM6 C7700
2026-04-23T19:47:01.083562051Z,2026-04-23T19:47:01.036227053Z,1,1,42399646,T,A,0,8.100000000,9,0,11873,1137763247,8.100000000,8.200000000,9,68,1,4,ESM6 C7700
2026-04-23T19:47:02.301647612Z,2026-04-23T19:47:02.299196511Z,1,1,42399646,T,A,0,8.100000000,8,0,14551,1137774106,8.100000000,8.200000000,8,95,1,5,ESM6 C7700
2026-04-23T19:47:04.191697537Z,2026-04-23T19:47:04.151377957Z,1,1,42399646,T,A,0,8.100000000,8,0,13853,1137783834,8.100000000,8.200000000,8,68,1,4,ESM6 C7700
2026-04-23T19:47:05.672221571Z,2026-04-23T19:47:05.671692727Z,1,1,42399646,T,A,0,8.100000000,7,0,13457,1137791761,8.100000000,8.200000000,7,39,1,3,ESM6 C7700
2026-04-23T19:47:08.189412487Z,2026-04-23T19:47:07.945163845Z,1,1,42378618,T,B,0,108.500000000,2,0,12878,1137814320,108.000000000,108.500000000,119,2,7,1,ESM6 P6900
2026-04-23T19:47:08.775648305Z,2026-04-23T19:47:08.775153215Z,1,1,42378618,T,B,0,108.500000000,2,0,12804,1137821810,108.000000000,108.500000000,150,2,9,1,ESM6 P6900
2026-04-23T19:47:23.258153561Z,2026-04-23T19:47:23.257602949Z,1,1,42378618,T,B,0,108.000000000,3,0,19100,1137927246,107.500000000,108.000000000,147,3,9,1,ESM6 P6900
2026-04-23T19:47:39.572495838Z,2026-04-23T19:47:39.571987785Z,1,1,42378618,T,B,0,108.000000000,2,0,13340,1138031798,107.500000000,108.000000000,144,2,8,1,ESM6 P6900
2026-04-23T19:47:42.954281929Z,2026-04-23T19:47:42.945482105Z,1,1,42616248,T,B,0,15.900000000,13,0,15326,1138056977,15.700000000,15.900000000,143,13,1,1,ESU7 C10000
2026-04-23T19:47:57.123903932Z,2026-04-23T19:47:56.973389473Z,1,1,42399646,T,A,0,8.100000000,7,0,11736,1138139306,8.100000000,8.200000000,7,163,1,6,ESM6 C7700
2026-04-23T19:48:34.784079115Z,2026-04-23T19:48:34.778116209Z,1,1,42378618,T,B,0,107.500000000,2,0,14300,1138429253,107.000000000,107.500000000,124,2,8,1,ESM6 P6900
2026-04-23T19:48:43.540781894Z,2026-04-23T19:48:43.516310789Z,1,1,42378618,T,B,0,107.500000000,2,0,14219,1138500364,107.000000000,107.500000000,189,2,10,1,ESM6 P6900
2026-04-23T19:48:44.202441878Z,2026-04-23T19:48:44.201911859Z,1,1,42378618,T,B,0,107.500000000,2,0,14141,1138503690,107.000000000,107.500000000,195,2,11,1,ESM6 P6900
2026-04-23T19:48:52.978419369Z,2026-04-23T19:48:52.784664347Z,1,1,42378618,T,B,0,107.500000000,3,0,11319,1138572744,107.000000000,107.500000000,197,3,9,1,ESM6 P6900
2026-04-23T19:49:15.273531759Z,2026-04-23T19:49:15.249257673Z,1,1,42399646,T,A,0,8.200000000,9,0,12851,1138762726,8.200000000,8.300000000,9,163,1,7,ESM6 C7700
2026-04-23T19:49:29.853709253Z,2026-04-23T19:49:29.798298845Z,1,1,42378618,T,B,0,107.000000000,2,0,11405,1138893500,106.500000000,107.000000000,201,2,11,1,ESM6 P6900
2026-04-23T19:49:31.149358217Z,2026-04-23T19:49:31.148876205Z,1,1,42712326,T,A,0,15.300000000,1,0,13336,1138903503,15.300000000,15.600000000,1,177,1,3,ESU6 C8150
2026-04-23T19:49:36.031491705Z,2026-04-23T19:49:35.936179441Z,1,1,42378618,T,B,0,107.000000000,2,0,14688,1138959385,106.500000000,107.000000000,195,2,9,1,ESM6 P6900
2026-04-23T19:49:50.128413925Z,2026-04-23T19:49:50.128072103Z,1,1,42399646,T,A,0,8.200000000,8,0,15106,1139058100,8.200000000,8.300000000,8,132,1,5,ESM6 C7700
2026-04-23T19:49:52.143539700Z,2026-04-23T19:49:52.010965287Z,1,1,42399646,T,A,0,8.200000000,8,0,12761,1139073330,8.200000000,8.300000000,8,20,1,3,ESM6 C7700
2026-04-23T19:49:53.399912017Z,2026-04-23T19:49:53.399381031Z,1,1,42399646,T,A,0,8.200000000,7,0,14061,1139086025,8.200000000,8.300000000,7,132,1,5,ESM6 C7700
2026-04-23T19:50:00.293099615Z,2026-04-23T19:50:00.006389675Z,1,1,42378618,T,B,0,107.000000000,3,0,13068,1139134850,106.000000000,107.000000000,5,3,1,1,ESM6 P6900
2026-04-23T19:50:00.487301947Z,2026-04-23T19:50:00.026927597Z,1,1,42712326,T,A,0,15.200000000,1,0,13120,1139138456,15.200000000,,1,0,1,0,ESU6 C8150
2026-04-23T19:50:02.434996958Z,2026-04-23T19:50:01.120009869Z,1,1,42883175,T,A,0,746.500000000,1,0,13511,1139170120,746.500000000,,1,0,1,0,ESM6 C6425
2026-04-23T19:50:03.431122652Z,2026-04-23T19:50:02.077071527Z,1,1,42712326,T,A,0,15.300000000,1,0,13359,1139184933,15.300000000,,1,0,1,0,ESU6 C8150
2026-04-23T19:51:20.028484444Z,2026-04-23T19:51:19.942703243Z,1,1,42378618,T,B,0,107.500000000,4,0,13925,1140145767,107.000000000,107.500000000,157,4,10,1,ESM6 P6900
2026-04-23T19:51:22.150747463Z,2026-04-23T19:51:21.315023243Z,1,1,42378618,T,B,0,108.000000000,4,0,13362,1140182679,107.500000000,108.000000000,23,4,3,1,ESM6 P6900
2026-04-23T19:51:31.532437815Z,2026-04-23T19:51:31.525094125Z,1,1,2611957,T,B,0,38.000000000,50,0,17257,454136936,37.500000000,38.000000000,169,66,5,1,UD:1V: VT 2611957
2026-04-23T19:51:36.190277390Z,2026-04-23T19:51:35.818168739Z,1,1,42378618,T,B,0,108.000000000,4,0,13195,1140335873,107.500000000,108.000000000,25,4,2,1,ESM6 P6900
2026-04-23T19:51:59.297488918Z,2026-04-23T19:51:59.275195619Z,1,1,42378618,T,B,0,107.500000000,4,0,14183,1140594803,107.000000000,107.500000000,107,4,7,1,ESM6 P6900
2026-04-23T19:52:01.411699466Z,2026-04-23T19:52:01.180897011Z,1,1,42378449,T,B,0,21.000000000,1,0,14490,1140622801,20.750000000,21.000000000,326,1,9,1,ESM6 P6000
2026-04-23T19:52:20.466756817Z,2026-04-23T19:52:20.031032037Z,1,1,42378618,T,B,0,107.500000000,4,0,13829,1140822292,107.000000000,107.500000000,52,4,4,1,ESM6 P6900
2026-04-23T19:52:41.517440881Z,2026-04-23T19:52:41.514890129Z,1,1,273847,T,B,0,169.000000000,1,0,13964,1141010012,168.500000000,169.000000000,30,4,1,1,ESZ6 P6300
2026-04-23T19:52:41.519042307Z,2026-04-23T19:52:41.514891549Z,1,1,273847,T,B,0,169.000000000,3,0,15199,1141010014,168.500000000,169.000000000,30,3,1,1,ESZ6 P6300
2026-04-23T19:52:41.754877519Z,2026-04-23T19:52:41.753566317Z,1,1,42479830,T,A,0,176.500000000,1,0,15485,1141013077,176.500000000,177.500000000,30,24,1,2,ESZ6 P6350
2026-04-23T19:52:42.533551501Z,2026-04-23T19:52:42.531077129Z,1,1,42377432,T,B,0,97.250000000,4,0,14609,1141017461,97.000000000,97.250000000,142,4,3,1,ESU6 P6200
2026-04-23T19:52:43.696461743Z,2026-04-23T19:52:43.694709693Z,1,1,300878,T,B,0,185.000000000,3,0,14220,1141028708,184.500000000,185.000000000,36,3,2,1,ESZ6 P6400
2026-04-23T19:52:45.013966502Z,2026-04-23T19:52:45.012099961Z,1,1,300878,T,B,0,185.000000000,3,0,15852,1141038650,184.500000000,185.000000000,7,3,1,1,ESZ6 P6400
2026-04-23T19:52:46.319663132Z,2026-04-23T19:52:45.973434355Z,1,1,42413475,T,A,0,114.500000000,1,0,17782,1141058657,114.500000000,115.500000000,87,56,1,5,ESU6 P6350
2026-04-23T19:52:46.490760777Z,2026-04-23T19:52:46.016157045Z,1,1,2673594,T,A,0,24.500000000,1,0,11533,454419852,24.500000000,25.500000000,1,153,1,6,UD:1V: GN 2673594
2026-04-23T19:52:47.213340207Z,2026-04-23T19:52:46.680485467Z,1,1,273847,T,B,0,168.500000000,1,0,13074,1141075892,168.000000000,168.500000000,39,4,2,1,ESZ6 P6300
2026-04-23T19:52:47.215000115Z,2026-04-23T19:52:46.680487079Z,1,1,273847,T,B,0,168.500000000,3,0,15809,1141075894,168.000000000,168.500000000,39,3,2,1,ESZ6 P6300
2026-04-23T19:52:48.531345793Z,2026-04-23T19:52:48.529132001Z,1,1,273847,T,B,0,168.500000000,4,0,14794,1141097398,168.000000000,168.500000000,125,4,3,1,ESZ6 P6300
2026-04-23T19:52:50.205549726Z,2026-04-23T19:52:50.203206433Z,1,1,42399646,T,A,0,8.200000000,5,0,13850,1141109837,8.200000000,8.300000000,5,5,1,1,ESM6 C7700
2026-04-23T19:52:51.978019736Z,2026-04-23T19:52:51.927408553Z,1,1,42377432,T,B,0,97.000000000,4,0,15438,1141133456,96.750000000,97.000000000,34,4,1,1,ESU6 P6200
2026-04-23T19:52:52.567516203Z,2026-04-23T19:52:52.564787855Z,1,1,42399646,T,A,0,8.200000000,5,0,13630,1141138105,8.200000000,8.300000000,5,110,1,3,ESM6 C7700
2026-04-23T19:53:00.480446454Z,2026-04-23T19:53:00.091645177Z,1,1,42377530,T,A,0,188.500000000,5,0,11216,1141215224,188.500000000,189.000000000,5,25,1,1,ESU6 P6800
2026-04-23T19:53:03.454411311Z,2026-04-23T19:53:02.823150087Z,1,1,2673594,T,A,0,24.250000000,1,0,13962,454499666,24.250000000,25.000000000,1,99,1,1,UD:1V: GN 2673594
2026-04-23T19:53:17.148731499Z,2026-04-23T19:53:17.148196025Z,1,1,547283,T,B,0,52.500000000,1,0,13263,1141421630,52.000000000,52.500000000,195,1,5,1,ESZ6 P5000
2026-04-23T19:53:21.029469327Z,2026-04-23T19:53:20.278389703Z,1,1,42378618,T,B,0,106.000000000,4,0,15157,1141463215,105.500000000,106.000000000,88,4,6,1,ESM6 P6900
2026-04-23T19:53:35.874703182Z,2026-04-23T19:53:35.872766617Z,1,1,42377432,T,B,0,96.500000000,8,0,20914,1141585953,96.000000000,96.500000000,228,8,6,1,ESU6 P6200
2026-04-23T19:53:39.577918647Z,2026-04-23T19:53:39.577296771Z,1,1,42399646,T,A,0,8.300000000,14,0,17938,1141612493,8.300000000,8.400000000,16,60,1,4,ESM6 C7700
2026-04-23T19:53:41.899666172Z,2026-04-23T19:53:41.887488981Z,1,1,42399646,T,A,0,8.300000000,2,0,13315,1141636880,8.300000000,8.400000000,2,36,1,3,ESM6 C7700
2026-04-23T19:53:44.793482819Z,2026-04-23T19:53:44.790388597Z,1,1,42399646,T,A,0,8.300000000,15,0,13959,1141657674,8.300000000,8.400000000,15,65,1,4,ESM6 C7700
2026-04-23T19:53:55.556178828Z,2026-04-23T19:53:55.521584553Z,1,1,42399646,T,A,0,8.300000000,14,0,13764,1141723077,8.300000000,8.400000000,14,60,1,4,ESM6 C7700
2026-04-23T19:53:58.249940359Z,2026-04-23T19:53:58.247583587Z,1,1,42399646,T,A,0,8.300000000,14,0,13701,1141739217,8.300000000,8.400000000,14,60,1,4,ESM6 C7700
2026-04-23T19:54:00.109442604Z,2026-04-23T19:54:00.005881667Z,1,1,42399646,T,A,0,8.300000000,16,0,13153,1141751218,8.300000000,8.400000000,16,65,1,4,ESM6 C7700
2026-04-23T19:54:00.124361954Z,2026-04-23T19:54:00.005886681Z,1,1,42378618,T,B,0,106.000000000,3,0,12833,1141751563,105.500000000,106.000000000,162,3,6,1,ESM6 P6900
2026-04-23T19:54:03.904961220Z,2026-04-23T19:54:03.152481107Z,1,1,2678972,T,B,0,16.500000000,1,0,14453,454704625,16.400000000,16.500000000,181,1,4,1,UD:1V: VT 2678972
2026-04-23T19:54:09.537735057Z,2026-04-23T19:54:08.941859633Z,1,1,42378618,T,B,0,106.500000000,4,0,13910,1141888801,106.000000000,106.500000000,41,4,5,1,ESM6 P6900
2026-04-23T19:54:12.919124872Z,2026-04-23T19:54:12.845391995Z,1,1,42399646,T,A,0,8.200000000,5,0,15024,1141954314,8.200000000,8.400000000,5,171,1,6,ESM6 C7700
2026-04-23T19:54:13.914282171Z,2026-04-23T19:54:13.913916503Z,1,1,42399646,T,A,0,8.200000000,14,0,13847,1141968202,8.200000000,8.400000000,14,283,1,7,ESM6 C7700
2026-04-23T19:54:14.904981271Z,2026-04-23T19:54:14.904404533Z,1,1,42399646,T,A,0,8.200000000,13,0,16497,1141984241,8.200000000,8.400000000,13,259,1,6,ESM6 C7700
2026-04-23T19:54:16.166638555Z,2026-04-23T19:54:16.158240093Z,1,1,42399646,T,A,0,8.200000000,12,0,12032,1141996280,8.200000000,8.400000000,12,259,1,6,ESM6 C7700
2026-04-23T19:54:30.427750051Z,2026-04-23T19:54:30.015989961Z,1,1,42378618,T,B,0,106.500000000,3,0,11579,1142129843,106.000000000,106.500000000,33,3,2,1,ESM6 P6900
2026-04-23T19:54:49.934910827Z,2026-04-23T19:54:49.926284121Z,1,1,42446245,T,A,0,144.500000000,1,0,13243,1142333431,144.500000000,145.500000000,1,61,1,8,ESM6 P7050
2026-04-23T19:54:55.587233127Z,2026-04-23T19:54:55.578010507Z,1,1,42384725,T,A,0,54.000000000,3,0,17020,1142405989,54.000000000,54.750000000,25,43,5,6,ESM6 C7400
2026-04-23T19:54:55.620364036Z,2026-04-23T19:54:55.619582121Z,1,1,42384725,T,A,0,54.000000000,3,0,13200,1142406893,54.000000000,54.750000000,22,41,4,5,ESM6 C7400
2026-04-23T19:54:55.692710918Z,2026-04-23T19:54:55.687955611Z,1,1,42384725,T,A,0,54.000000000,3,0,16953,1142407100,54.000000000,54.750000000,19,41,4,5,ESM6 C7400
2026-04-23T19:54:55.929596076Z,2026-04-23T19:54:55.851102725Z,1,1,42384725,T,A,0,54.000000000,3,0,16443,1142409602,54.000000000,54.750000000,68,38,4,5,ESM6 C7400
2026-04-23T19:54:56.038059780Z,2026-04-23T19:54:55.966703377Z,1,1,42384725,T,A,0,54.000000000,3,0,11134,1142411862,54.000000000,54.750000000,65,21,3,3,ESM6 C7400
2026-04-23T19:55:00.359927337Z,2026-04-23T19:55:00.013491775Z,1,1,42378618,T,B,0,106.000000000,2,0,11242,1142448060,104.000000000,106.000000000,32,2,1,1,ESM6 P6900
2026-04-23T19:55:06.253312829Z,2026-04-23T19:55:06.015004801Z,1,1,42378618,T,B,0,106.000000000,4,0,13835,1142538978,105.500000000,106.000000000,129,4,7,1,ESM6 P6900
2026-04-23T19:55:07.599433268Z,2026-04-23T19:55:07.435171923Z,1,1,42399646,T,A,0,8.200000000,5,0,12949,1142562002,8.200000000,8.400000000,5,274,1,6,ESM6 C7700
2026-04-23T19:55:14.191214850Z,2026-04-23T19:55:14.122525983Z,1,1,42919949,T,A,0,91.250000000,28,0,16323,1142639445,91.250000000,91.750000000,29,41,2,5,ESM6 P6825
2026-04-23T19:55:15.882943801Z,2026-04-23T19:55:15.840645577Z,1,1,42399646,T,A,0,8.200000000,5,0,14717,1142661911,8.200000000,8.300000000,13,54,1,3,ESM6 C7700
2026-04-23T19:55:20.585653726Z,2026-04-23T19:55:20.434940217Z,1,1,42399646,T,A,0,8.200000000,8,0,15546,1142722642,8.200000000,8.300000000,8,5,1,1,ESM6 C7700
2026-04-23T19:55:21.169991379Z,2026-04-23T19:55:21.105246269Z,1,1,42378618,T,B,0,106.000000000,4,0,14511,1142735342,105.500000000,106.000000000,56,4,5,1,ESM6 P6900
2026-04-23T19:55:29.649174228Z,2026-04-23T19:55:29.561663655Z,1,1,42378618,T,B,0,106.000000000,4,0,14053,1142826866,105.500000000,106.000000000,121,4,7,1,ESM6 P6900
2026-04-23T19:55:30.125160824Z,2026-04-23T19:55:30.110741999Z,1,1,2660292,T,A,0,7.800000000,100,0,17452,455092626,7.800000000,7.900000000,919,100,6,1,UD:1V: VT 2660292
2026-04-23T19:56:01.274708344Z,2026-04-23T19:56:01.238464203Z,1,1,42378618,T,B,0,105.500000000,4,0,12597,1143122292,105.000000000,105.500000000,65,4,7,1,ESM6 P6900
2026-04-23T19:56:06.031729463Z,2026-04-23T19:56:05.953435805Z,1,1,2673594,T,A,0,24.000000000,1,0,14651,455211926,24.000000000,24.750000000,1,143,1,5,UD:1V: GN 2673594
2026-04-23T19:56:17.554005890Z,2026-04-23T19:56:17.344275397Z,1,1,2612168,T,A,0,-67.000000000,1,0,11764,455260789,-67.000000000,-65.750000000,1,213,1,2,UD:1V: GN 2612168
2026-04-23T19:56:26.353362222Z,2026-04-23T19:56:26.234622011Z,1,1,42404370,T,A,0,40.000000000,1,0,13633,1143346362,40.000000000,40.500000000,1,137,1,7,ESM6 P6400
2026-04-23T19:56:30.285736985Z,2026-04-23T19:56:30.283635527Z,1,1,42378618,T,B,0,105.000000000,4,0,12935,1143391735,104.500000000,105.000000000,136,4,9,1,ESM6 P6900
2026-04-23T19:56:32.858166574Z,2026-04-23T19:56:32.857684563Z,1,1,42487843,T,A,0,178.000000000,10,0,13724,1143409502,178.000000000,178.500000000,10,11,1,3,ESM6 P7150
2026-04-23T19:56:42.330220375Z,2026-04-23T19:56:42.142256217Z,1,1,2673594,T,A,0,23.750000000,2,0,12995,455339103,23.750000000,24.750000000,2,183,2,5,UD:1V: GN 2673594
2026-04-23T19:56:55.570433643Z,2026-04-23T19:56:55.570119401Z,1,1,792621,T,B,0,22.250000000,1,0,14133,1143591735,22.000000000,22.250000000,181,1,3,1,ESZ6 C8500
2026-04-23T19:57:09.387800941Z,2026-04-23T19:57:09.387215739Z,1,1,42378618,T,B,0,104.500000000,3,0,16345,1143739552,104.000000000,104.500000000,163,3,8,1,ESM6 P6900
2026-04-23T19:57:10.459691924Z,2026-04-23T19:57:10.411181077Z,1,1,42378618,T,B,0,104.500000000,3,0,14402,1143749999,104.000000000,104.500000000,161,3,8,1,ESM6 P6900
2026-04-23T19:57:26.926108560Z,2026-04-23T19:57:26.924259871Z,1,1,42384724,T,B,0,140.000000000,9,0,15046,1143857559,139.000000000,140.000000000,51,104,6,8,ESM6 C7200
2026-04-23T19:57:33.870931414Z,2026-04-23T19:57:33.870434757Z,1,1,42378618,T,B,0,104.000000000,4,0,15160,1143954338,103.500000000,104.000000000,118,4,8,1,ESM6 P6900
2026-04-23T19:57:50.102526663Z,2026-04-23T19:57:50.102062993Z,1,1,42760624,T,B,0,99.250000000,1,0,14892,1144120574,98.500000000,99.250000000,25,75,2,6,ESM6 P6875
2026-04-23T19:58:43.773103947Z,2026-04-23T19:58:43.772469973Z,1,1,2667447,T,B,0,27.500000000,5,0,13664,455774268,27.000000000,27.500000000,227,74,4,2,UD:1V: BO 2667447
2026-04-23T19:58:48.341741052Z,2026-04-23T19:58:48.338234451Z,1,1,42439350,T,B,0,106.000000000,4,0,12361,1144663826,105.500000000,106.000000000,120,4,4,1,ESU6 P6300
2026-04-23T19:59:04.814776006Z,2026-04-23T19:59:04.717399009Z,1,1,42510079,T,B,0,72.000000000,1,0,14289,1144859806,71.500000000,72.000000000,39,1,5,1,ESM6 C7350
2026-04-23T19:59:10.333440260Z,2026-04-23T19:59:10.331462147Z,1,1,42439350,T,B,0,106.000000000,11,0,16566,1144947471,105.500000000,106.000000000,18,11,2,1,ESU6 P6300
2026-04-23T19:59:12.272093809Z,2026-04-23T19:59:12.196288573Z,1,1,42616248,T,B,0,16.100000000,13,0,16064,1144973135,15.800000000,16.100000000,142,13,1,1,ESU7 C10000
2026-04-23T19:59:19.702035647Z,2026-04-23T19:59:19.697667781Z,1,1,2590395,T,A,0,12.700000000,1,0,14898,455953552,12.700000000,12.900000000,239,568,1,5,UD:1V: VT 2590395
2026-04-23T19:59:31.420917944Z,2026-04-23T19:59:31.374540571Z,1,1,2645178,T,B,0,30.250000000,5,0,12507,456016764,30.000000000,30.250000000,407,5,6,1,UD:1V: VT 2645178
2026-04-23T19:59:32.504565998Z,2026-04-23T19:59:32.501931751Z,1,1,42399706,T,B,0,69.000000000,1,0,14259,1145247725,68.750000000,69.000000000,2,1,2,1,ESM6 P6700
2026-04-23T20:01:21.331940842Z,2026-04-23T20:01:21.331387437Z,1,1,2640042,T,A,0,3.700000000,5,0,17554,456624548,3.700000000,3.850000000,5,238,1,5,UD:1V: VT 2640042
2026-04-23T20:01:28.128541787Z,2026-04-23T20:01:28.037446731Z,1,1,42378592,T,A,0,47.250000000,1,0,13924,1146579915,47.250000000,47.500000000,1,2,1,1,ESM6 P6500
2026-04-23T20:01:39.743978967Z,2026-04-23T20:01:39.743696789Z,1,1,42449727,T,B,0,2.250000000,1,0,14428,1146651424,2.200000000,2.250000000,95,1,3,1,ESM6 P4050
2026-04-23T20:01:51.531072804Z,2026-04-23T20:01:51.255588279Z,1,1,42404374,T,A,0,126.500000000,1,0,11832,1146730276,126.500000000,127.000000000,1,24,1,2,ESM6 P7000
2026-04-23T20:01:59.645573070Z,2026-04-23T20:01:59.645004785Z,1,1,2681375,T,A,0,82.500000000,1,0,16521,456744839,82.500000000,83.250000000,150,150,2,2,UD:1V: VT 2681375
2026-04-23T20:02:23.562765985Z,2026-04-23T20:02:23.560938575Z,1,1,2681375,T,B,0,82.500000000,1,0,14201,456820972,82.250000000,82.500000000,125,1,5,1,UD:1V: VT 2681375
2026-04-23T20:03:23.376871854Z,2026-04-23T20:03:23.302810059Z,1,1,42409672,T,B,0,17.200000000,34,0,20007,1147305553,16.900000000,17.200000000,147,34,5,2,ESM6 P5900
2026-04-23T20:03:23.403773915Z,2026-04-23T20:03:23.302812727Z,1,1,42394753,T,B,0,18.500000000,5,0,11719,1147305979,18.200000000,18.500000000,153,5,6,1,ESM6 P5950
2026-04-23T20:03:25.946547059Z,2026-04-23T20:03:25.937374367Z,1,1,2681375,T,B,0,82.250000000,1,0,14340,456946086,82.000000000,82.250000000,57,1,3,1,UD:1V: VT 2681375
2026-04-23T20:03:31.634903545Z,2026-04-23T20:03:31.634374085Z,1,1,2681375,T,B,0,82.250000000,1,0,16292,456955481,82.000000000,82.250000000,40,1,4,1,UD:1V: VT 2681375
2026-04-23T20:03:56.826750999Z,2026-04-23T20:03:56.781182793Z,1,1,42366510,T,B,0,200.000000000,1,0,11248,1147473381,199.000000000,200.000000000,88,1,9,1,ESM6 C7100
2026-04-23T20:05:11.143427924Z,2026-04-23T20:05:11.020308745Z,1,1,42377530,T,B,0,186.000000000,22,0,15678,1147896727,185.500000000,186.000000000,17,22,3,1,ESU6 P6800
2026-04-23T20:05:57.988172318Z,2026-04-23T20:05:57.987378349Z,1,1,42378450,T,B,0,25.500000000,5,0,14962,1148217344,25.250000000,25.500000000,15,5,3,1,ESM6 P6150
2026-04-23T20:05:57.992757270Z,2026-04-23T20:05:57.992313735Z,1,1,42394754,T,B,0,27.750000000,5,0,12492,1148217370,27.500000000,27.750000000,8,5,2,1,ESM6 P6200
2026-04-23T20:05:57.997943918Z,2026-04-23T20:05:57.997502069Z,1,1,42404367,T,B,0,23.500000000,5,0,11576,1148217432,23.250000000,23.500000000,106,5,4,1,ESM6 P6100
2026-04-23T20:05:58.009039902Z,2026-04-23T20:05:58.001834831Z,1,1,42821844,T,B,0,24.500000000,5,0,13688,1148217450,24.250000000,24.500000000,15,5,3,1,ESM6 P6125
2026-04-23T20:06:26.582862593Z,2026-04-23T20:06:26.417200609Z,1,1,2680592,T,A,0,-16.500000000,1,0,13599,457358736,-16.500000000,-16.200000000,1,39,1,1,UD:1V: GN 2680592
2026-04-23T20:06:42.241004312Z,2026-04-23T20:06:42.148823543Z,1,1,42378541,T,B,0,33.250000000,2,0,12598,1148442752,32.750000000,33.250000000,281,2,8,1,ESM6 P6300
2026-04-23T20:07:25.788705387Z,2026-04-23T20:07:25.788083149Z,1,1,2682452,T,A,0,24.500000000,1,0,13948,457462844,24.500000000,24.750000000,1,180,1,6,UD:1V: GN 2682452
2026-04-23T20:08:13.429648923Z,2026-04-23T20:08:13.426337929Z,1,1,42212203,T,B,0,113.500000000,1,0,12931,1148843061,113.000000000,113.500000000,76,1,5,1,ESM6 C7250
2026-04-23T20:08:15.527456516Z,2026-04-23T20:08:15.420715867Z,1,1,42836582,T,B,0,27.000000000,2,0,12170,1148862234,26.500000000,27.000000000,172,2,5,1,ESM6 P6175
2026-04-23T20:08:15.558631279Z,2026-04-23T20:08:15.436929501Z,1,1,42853788,T,B,0,35.000000000,2,0,11238,1148862873,34.500000000,35.000000000,170,5,4,1,ESM6 P6325
2026-04-23T20:08:15.577208481Z,2026-04-23T20:08:15.499215057Z,1,1,42499829,T,B,0,168.000000000,1,0,13519,1148863594,167.000000000,168.000000000,10,1,3,1,ESM6 C7150
2026-04-23T20:08:15.592292964Z,2026-04-23T20:08:15.535170347Z,1,1,42836582,T,B,0,27.000000000,2,0,13983,1148863992,26.500000000,27.000000000,170,134,4,1,ESM6 P6175
2026-04-23T20:08:15.653512163Z,2026-04-23T20:08:15.594324979Z,1,1,42372979,T,B,0,90.750000000,1,0,11286,1148865218,90.000000000,90.750000000,26,1,2,1,ESM6 C7300
2026-04-23T20:08:18.158688971Z,2026-04-23T20:08:18.048150623Z,1,1,2655176,T,A,0,47.750000000,5,0,11260,457558856,47.750000000,48.000000000,5,513,1,6,UD:1V: VT 2655176
2026-04-23T20:08:20.386229098Z,2026-04-23T20:08:20.294325849Z,1,1,42572477,T,A,0,6.000000000,10,0,11585,1148897921,6.000000000,6.100000000,10,57,1,4,ESM6 C7750
2026-04-23T20:09:00.791714209Z,2026-04-23T20:09:00.336808897Z,1,1,2655176,T,A,0,47.500000000,5,0,14915,457668419,47.500000000,47.750000000,5,315,1,5,UD:1V: VT 2655176
2026-04-23T20:09:22.627969496Z,2026-04-23T20:09:22.594275429Z,1,1,42372979,T,B,0,89.750000000,1,0,15521,1149289198,89.250000000,89.750000000,44,1,9,1,ESM6 C7300
2026-04-23T20:09:38.024472586Z,2026-04-23T20:09:37.962467753Z,1,1,42372979,T,B,0,90.000000000,1,0,17138,1149364838,89.500000000,90.000000000,25,1,6,1,ESM6 C7300
2026-04-23T20:11:36.797257371Z,2026-04-23T20:11:36.796743399Z,1,1,42760606,T,B,0,61.000000000,2,0,12801,1149895325,60.500000000,61.000000000,67,2,7,1,ESM6 P6625
2026-04-23T20:11:59.064289457Z,2026-04-23T20:11:59.063629899Z,1,1,42384725,T,A,0,54.000000000,5,0,13814,1149987010,54.000000000,54.250000000,5,60,1,4,ESM6 C7400
2026-04-23T20:12:15.537694315Z,2026-04-23T20:12:15.536303917Z,1,1,42372979,T,B,0,90.000000000,1,0,16249,1150062456,89.750000000,90.000000000,37,1,4,1,ESM6 C7300
2026-04-23T20:13:23.256289003Z,2026-04-23T20:13:23.209554397Z,1,1,42630141,T,B,0,1.650000000,2,0,14266,1150389736,1.550000000,1.650000000,505,2,7,1,ESM6 P3750
2026-04-23T20:13:46.225219575Z,2026-04-23T20:13:46.224710127Z,1,1,42404374,T,B,0,131.000000000,1,0,13355,1150492184,130.500000000,131.000000000,37,1,8,1,ESM6 P7000
2026-04-23T20:13:53.160367457Z,2026-04-23T20:13:53.160034603Z,1,1,2694886,T,A,0,35.500000000,1,0,13936,458216476,35.500000000,35.750000000,1,252,1,6,UD:1V: VT 2694886
2026-04-23T20:14:06.511935786Z,2026-04-23T20:14:06.476447459Z,1,1,42378541,T,A,0,34.000000000,1,0,14982,1150567550,34.000000000,34.250000000,1,8,1,3,ESM6 P6300
2026-04-23T20:14:49.441576398Z,2026-04-23T20:14:49.134698633Z,1,1,2667447,T,A,0,26.500000000,2,0,11204,458315810,26.500000000,26.750000000,5,86,1,3,UD:1V: BO 2667447
2026-04-23T20:14:53.563053718Z,2026-04-23T20:14:53.464143213Z,1,1,2667447,T,A,0,26.500000000,3,0,11629,458324173,26.500000000,26.750000000,3,127,1,4,UD:1V: BO 2667447
2026-04-23T20:15:05.273064428Z,2026-04-23T20:15:05.144737913Z,1,1,42366510,T,A,0,195.500000000,1,0,14423,1150828919,195.500000000,196.000000000,1,1,1,1,ESM6 C7100
2026-04-23T20:15:16.661161846Z,2026-04-23T20:15:16.652540813Z,1,1,2641178,T,A,0,26.500000000,1,0,13064,458378963,26.500000000,27.250000000,1,50,1,2,UD:1V: DB 2641178
2026-04-23T20:16:04.301766763Z,2026-04-23T20:16:04.264933449Z,1,1,42487843,T,B,0,182.000000000,2,0,14004,1150983373,181.500000000,182.000000000,13,10,5,1,ESM6 P7150
2026-04-23T20:16:04.357546419Z,2026-04-23T20:16:04.301914815Z,1,1,42487843,T,B,0,182.000000000,8,0,11935,1150984381,181.500000000,182.000000000,13,8,5,1,ESM6 P7150
2026-04-23T20:16:38.198998004Z,2026-04-23T20:16:38.149613107Z,1,1,42404366,T,A,0,4.300000000,2,0,14048,1151103455,4.300000000,4.400000000,2,41,2,4,ESM6 C7800
2026-04-23T20:17:02.016815623Z,2026-04-23T20:17:02.005702909Z,1,1,2685068,T,B,0,81.750000000,1,0,14100,458499284,81.250000000,81.750000000,214,1,6,1,UD:1V: VT 2685068
2026-04-23T20:17:07.553692654Z,2026-04-23T20:17:07.553240783Z,1,1,2658572,T,B,0,28.000000000,3,0,11534,458509631,,28.000000000,0,3,0,1,UD:1V: RR 2658572
2026-04-23T20:17:19.404188107Z,2026-04-23T20:17:19.403638803Z,1,1,2655176,T,A,0,47.000000000,5,0,13022,458523772,47.000000000,47.250000000,5,423,1,5,UD:1V: VT 2655176
2026-04-23T20:17:31.314044839Z,2026-04-23T20:17:31.313676577Z,1,1,42510079,T,B,0,68.000000000,1,0,16900,1151260274,67.750000000,68.000000000,45,1,7,1,ESM6 C7350
2026-04-23T20:17:36.414019734Z,2026-04-23T20:17:36.369483589Z,1,1,2685068,T,B,0,81.500000000,1,0,15132,458536017,81.000000000,81.500000000,90,1,3,1,UD:1V: VT 2685068
2026-04-23T20:18:04.425709411Z,2026-04-23T20:18:04.425031621Z,1,1,42510079,T,B,0,68.500000000,1,0,13281,1151337764,68.000000000,68.500000000,40,1,6,1,ESM6 C7350
2026-04-23T20:18:08.351559647Z,2026-04-23T20:18:08.351001893Z,1,1,2685116,T,A,0,25.500000000,1,0,12791,458571123,25.500000000,26.000000000,125,250,1,3,UD:1V: VT 2685116
2026-04-23T20:18:10.910137847Z,2026-04-23T20:18:10.906530135Z,1,1,2685087,T,A,0,251.000000000,1,0,14529,458573945,251.000000000,252.500000000,1,5,1,1,UD:1V: GN 2685087
2026-04-23T20:22:17.458531492Z,2026-04-23T20:22:17.456916459Z,1,1,42366510,T,A,0,195.500000000,1,0,11683,1151923002,195.500000000,196.500000000,18,6,5,2,ESM6 C7100
2026-04-23T20:22:49.068712168Z,2026-04-23T20:22:49.066961019Z,1,1,42394812,T,B,0,87.500000000,1,0,13828,1151964012,86.750000000,87.500000000,9,11,3,3,ESM6 P6800
2026-04-23T20:24:10.102186007Z,2026-04-23T20:24:10.101579867Z,1,1,2685230,T,A,0,241.000000000,1,0,14672,458831336,241.000000000,241.500000000,1,18,1,2,UD:1V: GN 2685230
2026-04-23T20:27:10.659115775Z,2026-04-23T20:27:10.522960707Z,1,1,42510079,T,A,0,70.000000000,1,0,11455,1152369270,70.000000000,70.500000000,1,13,1,1,ESM6 C7350
2026-04-23T20:32:34.139744105Z,2026-04-23T20:32:34.139178275Z,1,1,2685363,T,A,0,1.550000000,8,0,12308,459063659,1.550000000,1.650000000,8,2353,1,3,UD:1V: VT 2685363
2026-04-23T20:34:00.722482422Z,2026-04-23T20:34:00.721937939Z,1,1,42903306,T,A,0,61.250000000,1,0,17344,1152814853,61.250000000,62.000000000,56,2,4,1,ESM6 C7375
2026-04-23T20:40:19.721256619Z,2026-04-23T20:40:19.718051117Z,1,1,42404374,T,A,0,129.500000000,5,0,14260,1153084173,129.500000000,130.000000000,5,17,1,4,ESM6 P7000
2026-04-23T20:42:45.191401291Z,2026-04-23T20:42:45.190870405Z,1,1,42378374,T,A,0,201.000000000,1,0,13583,1153196303,201.000000000,201.500000000,1,1,1,1,ESM6 P7200
2026-04-23T20:46:32.097620079Z,2026-04-23T20:46:32.097020211Z,1,1,2685516,T,A,0,198.000000000,1,0,19385,459244089,198.000000000,199.000000000,1,23,1,1,UD:1V: GN 2685516
2026-04-23T20:46:45.732054927Z,2026-04-23T20:46:45.710425285Z,1,1,42378374,T,B,0,200.000000000,2,0,13437,1153365577,199.500000000,200.000000000,33,2,4,1,ESM6 P7200
2026-04-23T20:46:53.391939779Z,2026-04-23T20:46:53.391408607Z,1,1,42439351,T,B,0,135.000000000,1,0,13643,1153368550,133.500000000,135.000000000,156,22,4,2,ESU6 P6500
2026-04-23T20:46:57.900866337Z,2026-04-23T20:46:57.900299407Z,1,1,42404374,T,B,0,129.500000000,2,0,13205,1153372209,129.000000000,129.500000000,62,2,5,1,ESM6 P7000
2026-04-23T20:47:45.847883647Z,2026-04-23T20:47:45.821743669Z,1,1,42378592,T,B,0,49.000000000,1,0,12464,1153404812,48.250000000,49.000000000,112,1,5,1,ESM6 P6500
2026-04-23T20:50:45.050315249Z,2026-04-23T20:50:45.049842795Z,1,1,42487843,T,A,0,180.500000000,1,0,13829,1153549428,180.500000000,181.500000000,1,17,1,4,ESM6 P7150
2026-04-23T20:51:15.732347489Z,2026-04-23T20:51:15.731818559Z,1,1,42499829,T,A,0,165.500000000,1,0,11731,1153583209,165.500000000,166.000000000,1,9,1,3,ESM6 C7150
2026-04-23T20:52:00.056035439Z,2026-04-23T20:52:00.054941635Z,1,1,2685610,T,A,0,33.000000000,1,0,13807,459328549,33.000000000,,1,0,1,0,UD:1V: GN 2685610
2026-04-23T20:52:38.117523540Z,2026-04-23T20:52:38.116926069Z,1,1,2667447,T,B,0,26.750000000,5,0,13694,459337692,26.500000000,26.750000000,5,159,1,3,UD:1V: BO 2667447
2026-04-23T20:52:48.456763180Z,2026-04-23T20:52:48.456437953Z,1,1,2639295,T,A,0,346.500000000,1,0,13263,459340230,346.500000000,349.500000000,1,41,1,1,UD:1V: ST 2639295
2026-04-23T20:53:25.143891531Z,2026-04-23T20:53:25.142549547Z,1,1,42510079,T,A,0,69.000000000,1,0,13038,1153753388,69.000000000,69.250000000,1,15,1,2,ESM6 C7350
2026-04-23T20:54:43.782619067Z,2026-04-23T20:54:43.782239485Z,1,1,42378374,T,B,0,203.500000000,1,0,13293,1153868991,203.000000000,203.500000000,39,1,3,1,ESM6 P7200
2026-04-23T20:54:55.249982684Z,2026-04-23T20:54:55.249393535Z,1,1,2685610,T,A,0,35.250000000,1,0,14627,459406163,35.250000000,,1,0,1,0,UD:1V: GN 2685610
2026-04-23T20:57:27.214298830Z,2026-04-23T20:57:27.167060061Z,1,1,42394761,T,B,0,31.750000000,1,0,13200,1154029624,31.250000000,31.750000000,220,1,6,1,ESM6 P6250
2026-04-23T20:58:09.729879918Z,2026-04-23T20:58:09.729557827Z,1,1,42394754,T,A,0,29.250000000,8,0,13150,1154088234,29.250000000,29.500000000,8,18,1,3,ESM6 P6200
2026-04-23T20:59:21.866635497Z,2026-04-23T20:59:21.864106311Z,1,1,2658572,T,A,0,32.000000000,3,0,13243,459499729,32.000000000,,3,0,1,0,UD:1V: RR 2658572
2026-04-23T22:01:36.333373062Z,2026-04-23T22:01:36.325168311Z,1,1,42384724,T,A,0,141.000000000,1,0,13878,1154452417,141.000000000,142.000000000,1,7,1,2,ESM6 C7200
2026-04-23T22:01:53.509829045Z,2026-04-23T22:01:53.327646045Z,1,1,42510079,T,A,0,72.000000000,1,0,10332,1154465528,72.000000000,72.750000000,1,2,1,1,ESM6 C7350
2026-04-23T22:03:42.623065273Z,2026-04-23T22:03:42.622538087Z,1,1,2696207,T,B,0,40.000000000,1,0,14001,459603489,39.750000000,40.000000000,223,1,1,1,UD:1V: VT 2696207
2026-04-23T22:05:01.061048310Z,2026-04-23T22:05:01.052222811Z,1,1,2560584,T,A,0,46.750000000,1,0,15266,459614105,46.750000000,47.250000000,1,68,1,1,UD:1V: VT 2560584
2026-04-23T22:07:58.990567374Z,2026-04-23T22:07:58.990066583Z,1,1,42378592,T,B,0,47.000000000,1,0,14224,1154800995,46.750000000,47.000000000,17,1,3,1,ESM6 P6500
2026-04-23T22:10:14.867723566Z,2026-04-23T22:10:14.867404875Z,1,1,42378346,T,B,0,30.750000000,5,0,13334,1154890773,30.000000000,30.750000000,59,5,4,1,ESM6 C7500
2026-04-23T22:14:00.985670709Z,2026-04-23T22:14:00.985373257Z,1,1,42378346,T,A,0,31.500000000,5,0,13953,1155037877,31.500000000,31.750000000,5,17,1,3,ESM6 C7500
2026-04-23T22:15:59.590791052Z,2026-04-23T22:15:59.590303953Z,1,1,42378592,T,A,0,47.000000000,1,0,14494,1155107360,47.000000000,47.250000000,1,1,1,1,ESM6 P6500
2026-04-23T22:18:23.041790214Z,2026-04-23T22:18:23.041287041Z,1,1,42611781,T,A,0,23.000000000,1,0,13150,1155185943,23.000000000,23.250000000,1,33,1,3,ESM6 C7550
2026-04-23T22:20:11.869660340Z,2026-04-23T22:20:11.869347439Z,1,1,42611781,T,A,0,23.000000000,1,0,13694,1155231553,23.000000000,23.250000000,1,31,1,3,ESM6 C7550
2026-04-23T22:20:25.197413654Z,2026-04-23T22:20:25.196884615Z,1,1,42366510,T,A,0,203.000000000,1,0,14040,1155244559,203.000000000,204.000000000,1,30,1,3,ESM6 C7100
2026-04-23T22:29:13.543879229Z,2026-04-23T22:29:13.543500715Z,1,1,42883306,T,B,0,165.500000000,10,0,13804,1155541395,165.000000000,165.500000000,31,10,3,1,ESM6 P7125
2026-04-23T22:29:13.544117950Z,2026-04-23T22:29:13.543501325Z,1,1,42883306,T,B,0,165.500000000,10,0,13561,1155541397,165.000000000,165.500000000,31,10,3,1,ESM6 P7125
2026-04-23T22:29:13.544369110Z,2026-04-23T22:29:13.543501503Z,1,1,42883306,T,B,0,165.500000000,8,0,13549,1155541399,165.000000000,165.500000000,31,10,3,1,ESM6 P7125
2026-04-23T22:29:13.544629967Z,2026-04-23T22:29:13.543501679Z,1,1,42883306,T,B,0,165.500000000,42,0,13318,1155541401,165.000000000,165.500000000,31,2,3,1,ESM6 P7125
2026-04-23T22:29:13.544916167Z,2026-04-23T22:29:13.543538039Z,1,1,42883306,T,B,0,165.500000000,30,0,13878,1155541403,165.000000000,165.500000000,31,10,3,1,ESM6 P7125
2026-04-23T22:36:28.130531687Z,2026-04-23T22:36:28.129981611Z,1,1,42384729,T,A,0,2.800000000,4,0,13122,1155784936,2.800000000,2.950000000,4,362,1,5,ESM6 C7900
2026-04-23T22:39:28.287899587Z,2026-04-23T22:39:28.287380935Z,1,1,81352,T,A,0,7.100000000,1,0,13052,1155880625,7.100000000,7.300000000,1,92,1,2,ESZ6 C9000
2026-04-23T23:02:15.833684579Z,2026-04-23T23:02:15.833132185Z,1,1,42499829,T,A,0,169.500000000,1,0,13586,1156643305,169.500000000,172.000000000,41,39,4,4,ESM6 C7150
2026-04-23T23:10:22.132966539Z,2026-04-23T23:10:22.132417793Z,1,1,42499829,T,A,0,170.000000000,2,0,13061,1156847191,170.000000000,171.500000000,2,40,1,4,ESM6 C7150
2026-04-23T23:13:55.111570343Z,2026-04-23T23:13:55.111059197Z,1,1,42378618,T,A,0,102.500000000,4,0,16285,1156910591,102.500000000,104.000000000,39,38,3,2,ESM6 P6900
2026-04-23T23:15:02.045480375Z,2026-04-23T23:15:02.044928751Z,1,1,42446245,T,B,0,141.500000000,1,0,14057,1156933259,140.000000000,141.500000000,39,32,4,3,ESM6 P7050
2026-04-23T23:18:41.001033030Z,2026-04-23T23:18:41.000640005Z,1,1,42760624,T,A,0,98.500000000,2,0,12566,1157023608,98.500000000,98.750000000,2,41,1,3,ESM6 P6875
2026-04-23T23:29:49.070220752Z,2026-04-23T23:29:49.069606479Z,1,1,2697201,T,B,0,446.000000000,3,0,17710,459961527,445.500000000,446.000000000,4,3,1,1,UD:1V: GT 2697201
2026-04-23T23:30:06.841814114Z,2026-04-23T23:30:06.603292023Z,1,1,2560584,T,A,0,46.000000000,1,0,14162,459964221,46.000000000,46.750000000,1,129,1,2,UD:1V: VT 2560584
2026-04-23T23:34:03.616854959Z,2026-04-23T23:34:03.615976877Z,1,1,2697091,T,B,0,270.500000000,1,0,13112,459984899,269.500000000,270.500000000,6,10,1,1,UD:1V: IB 2697091
2026-04-23T23:34:37.501288047Z,2026-04-23T23:34:37.396135167Z,1,1,2697201,T,A,0,446.000000000,1,0,10501,459987822,446.000000000,,1,0,1,0,UD:1V: GT 2697201
2026-04-23T23:35:39.517319444Z,2026-04-23T23:35:39.516948473Z,1,1,42378592,T,B,0,46.000000000,1,0,13463,1157551224,45.750000000,46.000000000,21,1,3,1,ESM6 P6500
2026-04-23T23:38:28.640366161Z,2026-04-23T23:38:28.629532975Z,1,1,42378592,T,B,0,46.750000000,5,0,16007,1157634765,45.750000000,46.750000000,20,52,3,3,ESM6 P6500
2026-04-23T23:39:30.524461576Z,2026-04-23T23:39:30.523809873Z,1,1,2697091,T,B,0,270.500000000,9,0,14289,460011820,269.500000000,270.500000000,6,9,1,1,UD:1V: IB 2697091
2026-04-23T23:46:43.481339973Z,2026-04-23T23:46:43.233860957Z,1,1,42372969,T,B,0,275.000000000,1,0,11306,1157850289,,275.000000000,0,1,0,1,ESM6 C7000
2026-04-23T23:47:30.842036707Z,2026-04-23T23:47:30.724013041Z,1,1,42404370,T,A,0,38.500000000,1,0,12821,1157888036,38.500000000,38.750000000,1,55,1,2,ESM6 P6400
2026-04-23T23:51:12.514760285Z,2026-04-23T23:51:12.505374213Z,1,1,42378541,T,B,0,32.500000000,5,0,16036,1158003016,31.500000000,32.500000000,14,63,2,2,ESM6 P6300
2026-04-23T23:52:49.505790646Z,2026-04-23T23:52:49.505259159Z,1,1,2697363,T,A,0,2.800000000,6,0,12997,460059881,2.800000000,2.950000000,6,101,1,1,UD:1V: VT 2697363
2026-04-23T23:54:08.695786710Z,2026-04-23T23:54:08.692432245Z,1,1,42366510,T,B,0,205.500000000,1,0,13333,1158066092,204.000000000,205.500000000,26,1,2,1,ESM6 C7100
2026-04-23T23:55:50.462041702Z,2026-04-23T23:55:50.461664841Z,1,1,42361394,T,A,0,447.500000000,1,0,13200,1158108773,447.500000000,449.000000000,1,12,1,2,ESZ6 P7400
2026-04-23T23:57:50.014202017Z,2026-04-23T23:57:50.013855351Z,1,1,42505875,T,A,0,354.000000000,1,0,13548,1158154106,354.000000000,354.500000000,1,33,1,2,ESZ6 P7150
